"date","portfolio","event_window","event_portfolio_return","active_events"
2022-09-21,"competitor_minus_unrelated","pre_21_1",-0.00924327553131539,1
2022-09-21,"deployer_minus_unrelated","pre_21_1",-0.0179538357770718,1
2022-09-21,"hardware_minus_unrelated","pre_21_1",-0.00110929738744291,1
2022-09-22,"competitor_minus_unrelated","pre_21_1",0.00892489472056129,1
2022-09-22,"deployer_minus_unrelated","pre_21_1",-0.0105026543590798,1
2022-09-22,"hardware_minus_unrelated","pre_21_1",-0.021875706692235,1
2022-09-23,"deployer_minus_unrelated","pre_21_1",-0.0362099734875494,1
2022-09-23,"hardware_minus_unrelated","pre_21_1",-0.0144580719989026,1
2022-09-23,"competitor_minus_unrelated","pre_21_1",-0.0145242761513526,1
2022-09-26,"deployer_minus_unrelated","pre_21_1",-0.0256334925402674,1
2022-09-26,"hardware_minus_unrelated","pre_21_1",-0.0395580254688487,1
2022-09-26,"competitor_minus_unrelated","pre_21_1",-0.0323359826628514,1
2022-09-27,"competitor_minus_unrelated","pre_21_1",-0.00525431670596623,1
2022-09-27,"hardware_minus_unrelated","pre_21_1",0.0110074711273963,1
2022-09-27,"deployer_minus_unrelated","pre_21_1",0.00553558640434826,1
2022-09-28,"competitor_minus_unrelated","pre_21_1",-0.0186073991692815,1
2022-09-28,"deployer_minus_unrelated","pre_21_1",-0.0231264639343993,1
2022-09-28,"hardware_minus_unrelated","pre_21_1",-0.0249771678245937,1
2022-09-29,"deployer_minus_unrelated","pre_21_1",-0.0214416196360981,1
2022-09-29,"hardware_minus_unrelated","pre_21_1",-0.00683918668267989,1
2022-09-29,"competitor_minus_unrelated","pre_21_1",-0.0026877633146523,1
2022-09-30,"deployer_minus_unrelated","pre_21_1",0.00596131743405844,1
2022-09-30,"hardware_minus_unrelated","pre_21_1",-0.00586877588644867,1
2022-09-30,"competitor_minus_unrelated","pre_21_1",-0.00862329424920316,1
2022-10-03,"hardware_minus_unrelated","pre_21_1",-0.00646352577468775,1
2022-10-03,"competitor_minus_unrelated","pre_21_1",-0.0153115644048812,1
2022-10-03,"deployer_minus_unrelated","pre_21_1",-0.0285608484826781,1
2022-10-04,"competitor_minus_unrelated","pre_21_1",-0.0364055295419209,1
2022-10-04,"deployer_minus_unrelated","pre_21_1",-0.0114110715530434,1
2022-10-04,"hardware_minus_unrelated","pre_21_1",-0.0194662355353528,1
2022-10-05,"deployer_minus_unrelated","pre_21_1",0.00366917512618314,1
2022-10-05,"hardware_minus_unrelated","pre_11_1",0.0210687130088084,1
2022-10-05,"competitor_minus_unrelated","pre_11_1",0.0114101836038628,1
2022-10-05,"hardware_minus_unrelated","pre_21_1",0.0210687130088084,1
2022-10-05,"competitor_minus_unrelated","pre_21_1",0.0114101836038628,1
2022-10-05,"deployer_minus_unrelated","pre_11_1",0.00366917512618314,1
2022-10-06,"hardware_minus_unrelated","pre_21_1",-0.00735505719468323,1
2022-10-06,"deployer_minus_unrelated","pre_21_1",-0.00556144466758755,1
2022-10-06,"deployer_minus_unrelated","pre_11_1",-0.00556144466758755,1
2022-10-06,"hardware_minus_unrelated","pre_11_1",-0.00735505719468323,1
2022-10-06,"competitor_minus_unrelated","pre_11_1",-0.000783445455558788,1
2022-10-06,"competitor_minus_unrelated","pre_21_1",-0.000783445455558788,1
2022-10-07,"hardware_minus_unrelated","pre_21_1",0.000499051575715399,1
2022-10-07,"deployer_minus_unrelated","pre_11_1",0.0150531531190434,1
2022-10-07,"competitor_minus_unrelated","pre_11_1",0.023051892037422,1
2022-10-07,"competitor_minus_unrelated","pre_21_1",0.023051892037422,1
2022-10-07,"deployer_minus_unrelated","pre_21_1",0.0150531531190434,1
2022-10-07,"hardware_minus_unrelated","pre_11_1",0.000499051575715399,1
2022-10-10,"deployer_minus_unrelated","pre_11_1",-0.0333897503413033,1
2022-10-10,"hardware_minus_unrelated","pre_21_1",-0.0309240149175671,1
2022-10-10,"competitor_minus_unrelated","pre_21_1",-0.00235941266195291,1
2022-10-10,"hardware_minus_unrelated","pre_11_1",-0.0309240149175671,1
2022-10-10,"competitor_minus_unrelated","pre_11_1",-0.00235941266195291,1
2022-10-10,"deployer_minus_unrelated","pre_21_1",-0.0333897503413033,1
2022-10-11,"deployer_minus_unrelated","pre_11_1",-0.0269356065025636,1
2022-10-11,"competitor_minus_unrelated","pre_21_1",-0.00277830171033131,1
2022-10-11,"hardware_minus_unrelated","pre_11_1",-0.0124479605619047,1
2022-10-11,"competitor_minus_unrelated","pre_11_1",-0.00277830171033131,1
2022-10-11,"deployer_minus_unrelated","pre_21_1",-0.0269356065025636,1
2022-10-11,"hardware_minus_unrelated","pre_21_1",-0.0124479605619047,1
2022-10-12,"deployer_minus_unrelated","pre_11_1",0.00659553325063896,1
2022-10-12,"competitor_minus_unrelated","pre_21_1",-0.00715939717430116,1
2022-10-12,"competitor_minus_unrelated","pre_11_1",-0.00715939717430116,1
2022-10-12,"hardware_minus_unrelated","pre_11_1",-0.0170914873621769,1
2022-10-12,"hardware_minus_unrelated","pre_21_1",-0.0170914873621769,1
2022-10-12,"deployer_minus_unrelated","pre_21_1",0.00659553325063896,1
2022-10-13,"competitor_minus_unrelated","pre_21_1",0.0143112826144066,1
2022-10-13,"deployer_minus_unrelated","pre_21_1",-0.00913359174245114,1
2022-10-13,"deployer_minus_unrelated","pre_11_1",-0.00913359174245114,1
2022-10-13,"competitor_minus_unrelated","pre_11_1",0.0143112826144066,1
2022-10-13,"hardware_minus_unrelated","pre_21_1",0.0181519949972732,1
2022-10-13,"hardware_minus_unrelated","pre_11_1",0.0181519949972732,1
2022-10-14,"hardware_minus_unrelated","pre_21_1",-0.00987314519627665,1
2022-10-14,"deployer_minus_unrelated","pre_11_1",-0.0108496736153851,1
2022-10-14,"competitor_minus_unrelated","pre_11_1",0.00912826018942653,1
2022-10-14,"hardware_minus_unrelated","pre_11_1",-0.00987314519627665,1
2022-10-14,"competitor_minus_unrelated","pre_21_1",0.00912826018942653,1
2022-10-14,"deployer_minus_unrelated","pre_21_1",-0.0108496736153851,1
2022-10-17,"hardware_minus_unrelated","pre_21_1",-0.0190195604484147,1
2022-10-17,"deployer_minus_unrelated","pre_11_1",0.00742736878963002,1
2022-10-17,"hardware_minus_unrelated","pre_11_1",-0.0190195604484147,1
2022-10-17,"competitor_minus_unrelated","pre_21_1",-0.00267437047661812,1
2022-10-17,"competitor_minus_unrelated","pre_11_1",-0.00267437047661812,1
2022-10-17,"deployer_minus_unrelated","pre_21_1",0.00742736878963002,1
2022-10-18,"competitor_minus_unrelated","pre_21_1",-0.0346054868051216,1
2022-10-18,"hardware_minus_unrelated","pre_11_1",-0.0351969520736535,1
2022-10-18,"hardware_minus_unrelated","pre_21_1",-0.0351969520736535,1
2022-10-18,"competitor_minus_unrelated","pre_11_1",-0.0346054868051216,1
2022-10-18,"deployer_minus_unrelated","pre_21_1",-0.00818178256976239,1
2022-10-18,"deployer_minus_unrelated","pre_11_1",-0.00818178256976239,1
2022-10-19,"hardware_minus_unrelated","pre_21_1",0.0332329446544324,1
2022-10-19,"deployer_minus_unrelated","pre_11_1",-0.0056096178871015,1
2022-10-19,"competitor_minus_unrelated","pre_11_1",0.0237116726967677,1
2022-10-19,"hardware_minus_unrelated","pre_11_1",0.0332329446544324,1
2022-10-19,"competitor_minus_unrelated","pre_21_1",0.0237116726967677,1
2022-10-19,"deployer_minus_unrelated","pre_21_1",-0.0056096178871015,1
2022-10-20,"hardware_minus_unrelated","pre_21_1",0,0
2022-10-20,"deployer_minus_unrelated","0_20",0.0222795139504646,1
2022-10-20,"competitor_minus_unrelated","0_20",0.016105962150491,1
2022-10-20,"competitor_minus_unrelated","pre_11_1",0,0
2022-10-20,"competitor_minus_unrelated","pre_21_1",0,0
2022-10-20,"deployer_minus_unrelated","pre_11_1",0,0
2022-10-20,"competitor_minus_unrelated","0_10",0.016105962150491,1
2022-10-20,"deployer_minus_unrelated","0_10",0.0222795139504646,1
2022-10-20,"hardware_minus_unrelated","pre_11_1",0,0
2022-10-20,"hardware_minus_unrelated","0_10",0.0262503698708339,1
2022-10-20,"deployer_minus_unrelated","pre_21_1",0,0
2022-10-20,"hardware_minus_unrelated","0_20",0.0262503698708339,1
2022-10-21,"hardware_minus_unrelated","pre_21_1",0,0
2022-10-21,"hardware_minus_unrelated","0_10",0.00961409638792529,1
2022-10-21,"deployer_minus_unrelated","pre_11_1",0,0
2022-10-21,"competitor_minus_unrelated","0_10",-0.0182787553939677,1
2022-10-21,"competitor_minus_unrelated","pre_11_1",0,0
2022-10-21,"deployer_minus_unrelated","0_20",-0.00559123250751525,1
2022-10-21,"competitor_minus_unrelated","pre_21_1",0,0
2022-10-21,"hardware_minus_unrelated","0_20",0.00961409638792529,1
2022-10-21,"competitor_minus_unrelated","0_20",-0.0182787553939677,1
2022-10-21,"deployer_minus_unrelated","0_10",-0.00559123250751525,1
2022-10-21,"hardware_minus_unrelated","pre_11_1",0,0
2022-10-21,"deployer_minus_unrelated","pre_21_1",0,0
2022-10-24,"deployer_minus_unrelated","pre_11_1",0,0
2022-10-24,"hardware_minus_unrelated","0_10",-0.00751618256981205,1
2022-10-24,"competitor_minus_unrelated","pre_11_1",0,0
2022-10-24,"deployer_minus_unrelated","0_10",-0.0964090794954968,1
2022-10-24,"competitor_minus_unrelated","pre_21_1",0,0
2022-10-24,"competitor_minus_unrelated","0_10",0.00229463861294948,1
2022-10-24,"competitor_minus_unrelated","0_20",0.00229463861294948,1
2022-10-24,"hardware_minus_unrelated","pre_11_1",0,0
2022-10-24,"hardware_minus_unrelated","0_20",-0.00751618256981205,1
2022-10-24,"deployer_minus_unrelated","0_20",-0.0964090794954968,1
2022-10-24,"hardware_minus_unrelated","pre_21_1",0,0
2022-10-24,"deployer_minus_unrelated","pre_21_1",0,0
2022-10-25,"competitor_minus_unrelated","pre_21_1",0,0
2022-10-25,"competitor_minus_unrelated","pre_11_1",0,0
2022-10-25,"hardware_minus_unrelated","pre_11_1",0,0
2022-10-25,"competitor_minus_unrelated","0_10",-0.046588343610521,1
2022-10-25,"deployer_minus_unrelated","pre_21_1",0,0
2022-10-25,"hardware_minus_unrelated","pre_21_1",0,0
2022-10-25,"deployer_minus_unrelated","0_10",-0.0202721251663849,1
2022-10-25,"hardware_minus_unrelated","0_20",-0.0476661345671139,1
2022-10-25,"competitor_minus_unrelated","0_20",-0.046588343610521,1
2022-10-25,"deployer_minus_unrelated","pre_11_1",0,0
2022-10-25,"deployer_minus_unrelated","0_20",-0.0202721251663849,1
2022-10-25,"hardware_minus_unrelated","0_10",-0.0476661345671139,1
2022-10-26,"competitor_minus_unrelated","pre_11_1",0,0
2022-10-26,"hardware_minus_unrelated","pre_11_1",0,0
2022-10-26,"competitor_minus_unrelated","pre_21_1",0,0
2022-10-26,"hardware_minus_unrelated","pre_21_1",0,0
2022-10-26,"deployer_minus_unrelated","pre_11_1",0,0
2022-10-26,"deployer_minus_unrelated","0_20",0.00924842869731083,1
2022-10-26,"deployer_minus_unrelated","pre_21_1",0,0
2022-10-26,"deployer_minus_unrelated","0_10",0.00924842869731083,1
2022-10-26,"competitor_minus_unrelated","0_20",-0.0800341025329599,1
2022-10-26,"hardware_minus_unrelated","0_20",-0.0385499172434059,1
2022-10-26,"hardware_minus_unrelated","0_10",-0.0385499172434059,1
2022-10-26,"competitor_minus_unrelated","0_10",-0.0800341025329599,1
2022-10-27,"deployer_minus_unrelated","pre_21_1",0,0
2022-10-27,"hardware_minus_unrelated","pre_11_1",0,0
2022-10-27,"competitor_minus_unrelated","pre_21_1",0,0
2022-10-27,"deployer_minus_unrelated","0_20",-0.0274287079412567,1
2022-10-27,"hardware_minus_unrelated","pre_21_1",0,0
2022-10-27,"deployer_minus_unrelated","0_10",-0.0274287079412567,1
2022-10-27,"competitor_minus_unrelated","pre_11_1",0,0
2022-10-27,"hardware_minus_unrelated","0_20",-0.0239798950499171,1
2022-10-27,"deployer_minus_unrelated","pre_11_1",0,0
2022-10-27,"competitor_minus_unrelated","0_20",-0.0700282376419569,1
2022-10-27,"competitor_minus_unrelated","0_10",-0.0700282376419569,1
2022-10-27,"hardware_minus_unrelated","0_10",-0.0239798950499171,1
2022-10-28,"deployer_minus_unrelated","0_10",-0.00472715014203991,1
2022-10-28,"deployer_minus_unrelated","pre_21_1",0,0
2022-10-28,"hardware_minus_unrelated","pre_21_1",0,0
2022-10-28,"hardware_minus_unrelated","0_20",0.00591148743822471,1
2022-10-28,"deployer_minus_unrelated","0_20",-0.00472715014203991,1
2022-10-28,"competitor_minus_unrelated","pre_21_1",0,0
2022-10-28,"deployer_minus_unrelated","pre_11_1",0,0
2022-10-28,"hardware_minus_unrelated","pre_11_1",0,0
2022-10-28,"hardware_minus_unrelated","0_10",0.00591148743822471,1
2022-10-28,"competitor_minus_unrelated","pre_11_1",0,0
2022-10-28,"competitor_minus_unrelated","0_10",0.00554931975910663,1
2022-10-28,"competitor_minus_unrelated","0_20",0.00554931975910663,1
2022-10-31,"deployer_minus_unrelated","0_10",0.00297813461859627,1
2022-10-31,"hardware_minus_unrelated","pre_21_1",0,0
2022-10-31,"hardware_minus_unrelated","pre_11_1",0,0
2022-10-31,"competitor_minus_unrelated","pre_11_1",0,0
2022-10-31,"competitor_minus_unrelated","pre_21_1",0,0
2022-10-31,"deployer_minus_unrelated","pre_21_1",0,0
2022-10-31,"deployer_minus_unrelated","0_20",0.00297813461859627,1
2022-10-31,"competitor_minus_unrelated","0_20",-0.00414415191692744,1
2022-10-31,"competitor_minus_unrelated","0_10",-0.00414415191692744,1
2022-10-31,"hardware_minus_unrelated","0_10",0.00124673976701218,1
2022-10-31,"deployer_minus_unrelated","pre_11_1",0,0
2022-10-31,"hardware_minus_unrelated","0_20",0.00124673976701218,1
2022-11-01,"competitor_minus_unrelated","pre_11_1",0,0
2022-11-01,"hardware_minus_unrelated","pre_21_1",0,0
2022-11-01,"deployer_minus_unrelated","0_20",0.0207314782230671,1
2022-11-01,"hardware_minus_unrelated","pre_11_1",0,0
2022-11-01,"deployer_minus_unrelated","pre_21_1",0,0
2022-11-01,"competitor_minus_unrelated","0_20",0.00240727620284518,1
2022-11-01,"hardware_minus_unrelated","0_20",0.0330671761309829,1
2022-11-01,"competitor_minus_unrelated","pre_21_1",0,0
2022-11-01,"deployer_minus_unrelated","0_10",0.0207314782230671,1
2022-11-01,"hardware_minus_unrelated","0_10",0.0330671761309829,1
2022-11-01,"competitor_minus_unrelated","0_10",0.00240727620284518,1
2022-11-01,"deployer_minus_unrelated","pre_11_1",0,0
2022-11-02,"deployer_minus_unrelated","0_20",0.0162175668074114,1
2022-11-02,"hardware_minus_unrelated","pre_11_1",0,0
2022-11-02,"competitor_minus_unrelated","pre_11_1",0,0
2022-11-02,"competitor_minus_unrelated","0_20",-0.0106038033531642,1
2022-11-02,"hardware_minus_unrelated","0_20",0.000398602869005386,1
2022-11-02,"competitor_minus_unrelated","0_10",-0.0106038033531642,1
2022-11-02,"hardware_minus_unrelated","0_10",0.000398602869005386,1
2022-11-02,"competitor_minus_unrelated","pre_21_1",0,0
2022-11-02,"hardware_minus_unrelated","pre_21_1",0,0
2022-11-02,"deployer_minus_unrelated","pre_21_1",0,0
2022-11-02,"deployer_minus_unrelated","0_10",0.0162175668074114,1
2022-11-02,"deployer_minus_unrelated","pre_11_1",0,0
2022-11-03,"hardware_minus_unrelated","0_10",-0.00832822626882428,1
2022-11-03,"hardware_minus_unrelated","pre_11_1",0,0
2022-11-03,"deployer_minus_unrelated","pre_11_1",0,0
2022-11-03,"deployer_minus_unrelated","0_20",0.0314267496350309,1
2022-11-03,"competitor_minus_unrelated","0_20",-0.0303198248488109,1
2022-11-03,"hardware_minus_unrelated","0_20",-0.00832822626882428,1
2022-11-03,"competitor_minus_unrelated","pre_11_1",0,0
2022-11-03,"competitor_minus_unrelated","0_10",-0.0303198248488109,1
2022-11-03,"competitor_minus_unrelated","pre_21_1",0,0
2022-11-03,"deployer_minus_unrelated","0_10",0.0314267496350309,1
2022-11-03,"deployer_minus_unrelated","pre_21_1",0,0
2022-11-03,"hardware_minus_unrelated","pre_21_1",0,0
2022-11-04,"hardware_minus_unrelated","0_10",0,0
2022-11-04,"hardware_minus_unrelated","pre_21_1",0,0
2022-11-04,"deployer_minus_unrelated","0_20",0.000307878269610463,1
2022-11-04,"competitor_minus_unrelated","0_20",-0.0342057088395852,1
2022-11-04,"deployer_minus_unrelated","pre_11_1",0,0
2022-11-04,"deployer_minus_unrelated","pre_21_1",0,0
2022-11-04,"competitor_minus_unrelated","0_10",0,0
2022-11-04,"hardware_minus_unrelated","pre_11_1",0,0
2022-11-04,"deployer_minus_unrelated","0_10",0,0
2022-11-04,"hardware_minus_unrelated","0_20",-0.00544619948902877,1
2022-11-04,"competitor_minus_unrelated","pre_21_1",0,0
2022-11-04,"competitor_minus_unrelated","pre_11_1",0,0
2022-11-07,"hardware_minus_unrelated","pre_21_1",0.0215870730809638,1
2022-11-07,"deployer_minus_unrelated","pre_11_1",0,0
2022-11-07,"hardware_minus_unrelated","0_10",0,0
2022-11-07,"hardware_minus_unrelated","pre_11_1",0,0
2022-11-07,"deployer_minus_unrelated","pre_21_1",0.0017396669104187,1
2022-11-07,"competitor_minus_unrelated","0_20",0.0298117457641202,1
2022-11-07,"hardware_minus_unrelated","0_20",0.0215870730809638,1
2022-11-07,"competitor_minus_unrelated","0_10",0,0
2022-11-07,"competitor_minus_unrelated","pre_21_1",0.0298117457641202,1
2022-11-07,"deployer_minus_unrelated","0_20",0.0017396669104187,1
2022-11-07,"deployer_minus_unrelated","0_10",0,0
2022-11-07,"competitor_minus_unrelated","pre_11_1",0,0
2022-11-08,"hardware_minus_unrelated","0_10",0,0
2022-11-08,"hardware_minus_unrelated","0_20",0.11542033409209,1
2022-11-08,"competitor_minus_unrelated","0_10",0,0
2022-11-08,"deployer_minus_unrelated","pre_11_1",0,0
2022-11-08,"hardware_minus_unrelated","pre_11_1",0,0
2022-11-08,"hardware_minus_unrelated","pre_21_1",0.11542033409209,1
2022-11-08,"deployer_minus_unrelated","0_10",0,0
2022-11-08,"competitor_minus_unrelated","pre_21_1",0.101864214819337,1
2022-11-08,"deployer_minus_unrelated","0_20",0.121562918235043,1
2022-11-08,"deployer_minus_unrelated","pre_21_1",0.121562918235043,1
2022-11-08,"competitor_minus_unrelated","pre_11_1",0,0
2022-11-08,"competitor_minus_unrelated","0_20",0.101864214819337,1
2022-11-09,"competitor_minus_unrelated","pre_21_1",0.0904990350177004,1
2022-11-09,"deployer_minus_unrelated","pre_11_1",0,0
2022-11-09,"deployer_minus_unrelated","0_20",0.0593731400249073,1
2022-11-09,"hardware_minus_unrelated","0_10",0,0
2022-11-09,"competitor_minus_unrelated","0_10",0,0
2022-11-09,"hardware_minus_unrelated","pre_11_1",0,0
2022-11-09,"competitor_minus_unrelated","0_20",0.0904990350177004,1
2022-11-09,"hardware_minus_unrelated","0_20",0.0621986097464353,1
2022-11-09,"competitor_minus_unrelated","pre_11_1",0,0
2022-11-09,"deployer_minus_unrelated","pre_21_1",0.0593731400249073,1
2022-11-09,"hardware_minus_unrelated","pre_21_1",0.0621986097464353,1
2022-11-09,"deployer_minus_unrelated","0_10",0,0
2022-11-10,"competitor_minus_unrelated","0_20",0.048175959902265,1
2022-11-10,"deployer_minus_unrelated","0_20",0.0557597062409672,1
2022-11-10,"hardware_minus_unrelated","0_10",0,0
2022-11-10,"competitor_minus_unrelated","pre_21_1",0.048175959902265,1
2022-11-10,"deployer_minus_unrelated","pre_11_1",0,0
2022-11-10,"hardware_minus_unrelated","0_20",0.062785694604033,1
2022-11-10,"hardware_minus_unrelated","pre_11_1",0,0
2022-11-10,"deployer_minus_unrelated","0_10",0,0
2022-11-10,"competitor_minus_unrelated","0_10",0,0
2022-11-10,"deployer_minus_unrelated","pre_21_1",0.0557597062409672,1
2022-11-10,"hardware_minus_unrelated","pre_21_1",0.062785694604033,1
2022-11-10,"competitor_minus_unrelated","pre_11_1",0,0
2022-11-11,"hardware_minus_unrelated","0_10",0,0
2022-11-11,"hardware_minus_unrelated","0_20",0.0318491186119733,1
2022-11-11,"competitor_minus_unrelated","0_10",0,0
2022-11-11,"deployer_minus_unrelated","pre_11_1",0,0
2022-11-11,"deployer_minus_unrelated","0_20",0.0316584720490021,1
2022-11-11,"competitor_minus_unrelated","pre_21_1",0.0218936117941603,1
2022-11-11,"deployer_minus_unrelated","0_10",0,0
2022-11-11,"hardware_minus_unrelated","pre_11_1",0,0
2022-11-11,"competitor_minus_unrelated","pre_11_1",0,0
2022-11-11,"competitor_minus_unrelated","0_20",0.0218936117941603,1
2022-11-11,"hardware_minus_unrelated","pre_21_1",0.0318491186119733,1
2022-11-11,"deployer_minus_unrelated","pre_21_1",0.0316584720490021,1
2022-11-14,"hardware_minus_unrelated","0_10",0,0
2022-11-14,"competitor_minus_unrelated","0_10",0,0
2022-11-14,"competitor_minus_unrelated","0_20",0.0266924746692557,1
2022-11-14,"hardware_minus_unrelated","pre_21_1",0.0239926836482109,1
2022-11-14,"deployer_minus_unrelated","pre_21_1",0.0258473390504314,1
2022-11-14,"hardware_minus_unrelated","0_20",0.0239926836482109,1
2022-11-14,"deployer_minus_unrelated","0_20",0.0258473390504314,1
2022-11-14,"deployer_minus_unrelated","0_10",0,0
2022-11-14,"competitor_minus_unrelated","pre_11_1",0,0
2022-11-14,"competitor_minus_unrelated","pre_21_1",0.0266924746692557,1
2022-11-14,"deployer_minus_unrelated","pre_11_1",0,0
2022-11-14,"hardware_minus_unrelated","pre_11_1",0,0
2022-11-15,"competitor_minus_unrelated","0_20",-0.00223253031781708,1
2022-11-15,"hardware_minus_unrelated","pre_21_1",0.00205578267209203,1
2022-11-15,"competitor_minus_unrelated","0_10",0,0
2022-11-15,"hardware_minus_unrelated","0_20",0.00205578267209203,1
2022-11-15,"competitor_minus_unrelated","pre_11_1",0,0
2022-11-15,"hardware_minus_unrelated","pre_11_1",0,0
2022-11-15,"deployer_minus_unrelated","0_10",0,0
2022-11-15,"deployer_minus_unrelated","pre_11_1",0,0
2022-11-15,"competitor_minus_unrelated","pre_21_1",-0.00223253031781708,1
2022-11-15,"deployer_minus_unrelated","0_20",0.0188590673841134,1
2022-11-15,"deployer_minus_unrelated","pre_21_1",0.0188590673841134,1
2022-11-15,"hardware_minus_unrelated","0_10",0,0
2022-11-16,"hardware_minus_unrelated","pre_21_1",-0.0353742761081376,1
2022-11-16,"competitor_minus_unrelated","0_20",0.00225815795268393,1
2022-11-16,"competitor_minus_unrelated","pre_11_1",0,0
2022-11-16,"hardware_minus_unrelated","0_20",-0.0353742761081376,1
2022-11-16,"competitor_minus_unrelated","0_10",0,0
2022-11-16,"hardware_minus_unrelated","0_10",0,0
2022-11-16,"deployer_minus_unrelated","0_10",0,0
2022-11-16,"deployer_minus_unrelated","0_20",-0.0211567571949185,1
2022-11-16,"deployer_minus_unrelated","pre_21_1",-0.0211567571949185,1
2022-11-16,"hardware_minus_unrelated","pre_11_1",0,0
2022-11-16,"competitor_minus_unrelated","pre_21_1",0.00225815795268393,1
2022-11-16,"deployer_minus_unrelated","pre_11_1",0,0
2022-11-17,"competitor_minus_unrelated","0_20",-0.0134683522825333,1
2022-11-17,"deployer_minus_unrelated","0_20",-0.00337001455171297,1
2022-11-17,"hardware_minus_unrelated","0_20",-0.00165952774911164,1
2022-11-17,"hardware_minus_unrelated","pre_11_1",0,0
2022-11-17,"deployer_minus_unrelated","0_10",0,0
2022-11-17,"competitor_minus_unrelated","0_10",0,0
2022-11-17,"competitor_minus_unrelated","pre_11_1",0,0
2022-11-17,"hardware_minus_unrelated","pre_21_1",-0.00165952774911164,1
2022-11-17,"hardware_minus_unrelated","0_10",0,0
2022-11-17,"deployer_minus_unrelated","pre_11_1",0,0
2022-11-17,"deployer_minus_unrelated","pre_21_1",-0.00337001455171297,1
2022-11-17,"competitor_minus_unrelated","pre_21_1",-0.0134683522825333,1
2022-11-18,"competitor_minus_unrelated","0_10",0,0
2022-11-18,"competitor_minus_unrelated","0_20",0,0
2022-11-18,"hardware_minus_unrelated","pre_11_1",0,0
2022-11-18,"hardware_minus_unrelated","0_10",0,0
2022-11-18,"deployer_minus_unrelated","0_10",0,0
2022-11-18,"deployer_minus_unrelated","pre_11_1",0,0
2022-11-18,"hardware_minus_unrelated","pre_21_1",0.00820142096858103,1
2022-11-18,"deployer_minus_unrelated","0_20",0,0
2022-11-18,"deployer_minus_unrelated","pre_21_1",0.00390933609567647,1
2022-11-18,"competitor_minus_unrelated","pre_11_1",0,0
2022-11-18,"hardware_minus_unrelated","0_20",0,0
2022-11-18,"competitor_minus_unrelated","pre_21_1",0.00187834592301848,1
2022-11-21,"competitor_minus_unrelated","pre_11_1",0.0186887814009298,1
2022-11-21,"hardware_minus_unrelated","pre_11_1",0.0179162111641013,1
2022-11-21,"deployer_minus_unrelated","pre_21_1",-0.000324773494289589,1
2022-11-21,"competitor_minus_unrelated","0_20",0,0
2022-11-21,"competitor_minus_unrelated","0_10",0,0
2022-11-21,"competitor_minus_unrelated","pre_21_1",0.0186887814009298,1
2022-11-21,"deployer_minus_unrelated","pre_11_1",-0.000324773494289589,1
2022-11-21,"hardware_minus_unrelated","pre_21_1",0.0179162111641013,1
2022-11-21,"deployer_minus_unrelated","0_20",0,0
2022-11-21,"hardware_minus_unrelated","0_10",0,0
2022-11-21,"hardware_minus_unrelated","0_20",0,0
2022-11-21,"deployer_minus_unrelated","0_10",0,0
2022-11-22,"competitor_minus_unrelated","pre_11_1",-0.0124349243225653,1
2022-11-22,"hardware_minus_unrelated","pre_11_1",-0.00216097193926835,1
2022-11-22,"hardware_minus_unrelated","0_10",0,0
2022-11-22,"deployer_minus_unrelated","pre_21_1",-0.0366452742559382,1
2022-11-22,"competitor_minus_unrelated","0_20",0,0
2022-11-22,"deployer_minus_unrelated","0_10",0,0
2022-11-22,"deployer_minus_unrelated","0_20",0,0
2022-11-22,"competitor_minus_unrelated","pre_21_1",-0.0124349243225653,1
2022-11-22,"deployer_minus_unrelated","pre_11_1",-0.0366452742559382,1
2022-11-22,"competitor_minus_unrelated","0_10",0,0
2022-11-22,"hardware_minus_unrelated","0_20",0,0
2022-11-22,"hardware_minus_unrelated","pre_21_1",-0.00216097193926835,1
2022-11-23,"deployer_minus_unrelated","0_20",0,0
2022-11-23,"hardware_minus_unrelated","0_10",0,0
2022-11-23,"deployer_minus_unrelated","0_10",0,0
2022-11-23,"competitor_minus_unrelated","pre_11_1",-0.0175180019521057,1
2022-11-23,"hardware_minus_unrelated","0_20",0,0
2022-11-23,"deployer_minus_unrelated","pre_21_1",-0.0109022535285855,1
2022-11-23,"hardware_minus_unrelated","pre_11_1",-0.0173421514870235,1
2022-11-23,"competitor_minus_unrelated","0_10",0,0
2022-11-23,"competitor_minus_unrelated","pre_21_1",-0.0175180019521057,1
2022-11-23,"competitor_minus_unrelated","0_20",0,0
2022-11-23,"hardware_minus_unrelated","pre_21_1",-0.0173421514870235,1
2022-11-23,"deployer_minus_unrelated","pre_11_1",-0.0109022535285855,1
2022-11-25,"competitor_minus_unrelated","pre_11_1",-0.030962989173753,1
2022-11-25,"competitor_minus_unrelated","0_10",0,0
2022-11-25,"deployer_minus_unrelated","0_20",0,0
2022-11-25,"competitor_minus_unrelated","0_20",0,0
2022-11-25,"hardware_minus_unrelated","pre_11_1",-0.03398274633294,1
2022-11-25,"deployer_minus_unrelated","0_10",0,0
2022-11-25,"hardware_minus_unrelated","0_10",0,0
2022-11-25,"deployer_minus_unrelated","pre_21_1",-0.0397868980598376,1
2022-11-25,"hardware_minus_unrelated","pre_21_1",-0.03398274633294,1
2022-11-25,"deployer_minus_unrelated","pre_11_1",-0.0397868980598376,1
2022-11-25,"hardware_minus_unrelated","0_20",0,0
2022-11-25,"competitor_minus_unrelated","pre_21_1",-0.030962989173753,1
2022-11-28,"hardware_minus_unrelated","0_20",0,0
2022-11-28,"hardware_minus_unrelated","pre_11_1",0.00546160107806304,1
2022-11-28,"competitor_minus_unrelated","0_10",0,0
2022-11-28,"deployer_minus_unrelated","0_20",0,0
2022-11-28,"hardware_minus_unrelated","0_10",0,0
2022-11-28,"competitor_minus_unrelated","0_20",0,0
2022-11-28,"deployer_minus_unrelated","pre_21_1",0.0598418315308442,1
2022-11-28,"competitor_minus_unrelated","pre_11_1",0.0119010825062942,1
2022-11-28,"competitor_minus_unrelated","pre_21_1",0.0119010825062942,1
2022-11-28,"deployer_minus_unrelated","0_10",0,0
2022-11-28,"deployer_minus_unrelated","pre_11_1",0.0598418315308442,1
2022-11-28,"hardware_minus_unrelated","pre_21_1",0.00546160107806304,1
2022-11-29,"deployer_minus_unrelated","0_20",0,0
2022-11-29,"competitor_minus_unrelated","pre_11_1",-0.0239961879693711,1
2022-11-29,"deployer_minus_unrelated","0_10",0,0
2022-11-29,"competitor_minus_unrelated","0_20",0,0
2022-11-29,"competitor_minus_unrelated","0_10",0,0
2022-11-29,"deployer_minus_unrelated","pre_11_1",-0.0118464829652129,1
2022-11-29,"competitor_minus_unrelated","pre_21_1",-0.0239961879693711,1
2022-11-29,"deployer_minus_unrelated","pre_21_1",-0.0118464829652129,1
2022-11-29,"hardware_minus_unrelated","0_10",0,0
2022-11-29,"hardware_minus_unrelated","0_20",0,0
2022-11-29,"hardware_minus_unrelated","pre_21_1",-0.0194874334132737,1
2022-11-29,"hardware_minus_unrelated","pre_11_1",-0.0194874334132737,1
2022-11-30,"deployer_minus_unrelated","0_20",0,0
2022-11-30,"deployer_minus_unrelated","pre_11_1",0.0019834282940222,1
2022-11-30,"hardware_minus_unrelated","pre_21_1",-0.00322368612644588,1
2022-11-30,"competitor_minus_unrelated","pre_21_1",0.00119141122152885,1
2022-11-30,"competitor_minus_unrelated","0_20",0,0
2022-11-30,"competitor_minus_unrelated","0_10",0,0
2022-11-30,"competitor_minus_unrelated","pre_11_1",0.00119141122152885,1
2022-11-30,"hardware_minus_unrelated","0_10",0,0
2022-11-30,"hardware_minus_unrelated","0_20",0,0
2022-11-30,"hardware_minus_unrelated","pre_11_1",-0.00322368612644588,1
2022-11-30,"deployer_minus_unrelated","0_10",0,0
2022-11-30,"deployer_minus_unrelated","pre_21_1",0.0019834282940222,1
2022-12-01,"competitor_minus_unrelated","0_10",0,0
2022-12-01,"hardware_minus_unrelated","pre_21_1",-0.0179481857681159,1
2022-12-01,"deployer_minus_unrelated","pre_11_1",-0.00782829231675134,1
2022-12-01,"hardware_minus_unrelated","pre_11_1",-0.0179481857681159,1
2022-12-01,"competitor_minus_unrelated","pre_21_1",-0.00625149851904685,1
2022-12-01,"hardware_minus_unrelated","0_20",0,0
2022-12-01,"deployer_minus_unrelated","pre_21_1",-0.00782829231675134,1
2022-12-01,"deployer_minus_unrelated","0_20",0,0
2022-12-01,"competitor_minus_unrelated","0_20",0,0
2022-12-01,"deployer_minus_unrelated","0_10",0,0
2022-12-01,"competitor_minus_unrelated","pre_11_1",-0.00625149851904685,1
2022-12-01,"hardware_minus_unrelated","0_10",0,0
2022-12-02,"competitor_minus_unrelated","pre_21_1",-0.0180581838961492,1
2022-12-02,"hardware_minus_unrelated","pre_21_1",-0.0299743644123782,1
2022-12-02,"deployer_minus_unrelated","pre_21_1",-0.0210722873758291,1
2022-12-02,"hardware_minus_unrelated","0_10",0,0
2022-12-02,"deployer_minus_unrelated","0_10",0,0
2022-12-02,"competitor_minus_unrelated","0_10",0,0
2022-12-02,"hardware_minus_unrelated","0_20",0,0
2022-12-02,"competitor_minus_unrelated","pre_11_1",-0.0180581838961492,1
2022-12-02,"competitor_minus_unrelated","0_20",0,0
2022-12-02,"deployer_minus_unrelated","0_20",0,0
2022-12-02,"hardware_minus_unrelated","pre_11_1",-0.0299743644123782,1
2022-12-02,"deployer_minus_unrelated","pre_11_1",-0.0210722873758291,1
2022-12-05,"hardware_minus_unrelated","pre_21_1",0.0218559589589291,1
2022-12-05,"deployer_minus_unrelated","0_10",0,0
2022-12-05,"hardware_minus_unrelated","0_10",0,0
2022-12-05,"competitor_minus_unrelated","pre_11_1",0.0224499058849457,1
2022-12-05,"hardware_minus_unrelated","0_20",0,0
2022-12-05,"deployer_minus_unrelated","0_20",0,0
2022-12-05,"deployer_minus_unrelated","pre_11_1",0.0263094315578805,1
2022-12-05,"competitor_minus_unrelated","0_20",0,0
2022-12-05,"hardware_minus_unrelated","pre_11_1",0.0218559589589291,1
2022-12-05,"deployer_minus_unrelated","pre_21_1",0.0263094315578805,1
2022-12-05,"competitor_minus_unrelated","pre_21_1",0.0224499058849457,1
2022-12-05,"competitor_minus_unrelated","0_10",0,0
2022-12-06,"hardware_minus_unrelated","0_20",0,0
2022-12-06,"hardware_minus_unrelated","pre_21_1",-0.0179241617805303,1
2022-12-06,"deployer_minus_unrelated","0_10",0,0
2022-12-06,"hardware_minus_unrelated","pre_11_1",-0.0179241617805303,1
2022-12-06,"competitor_minus_unrelated","0_20",0,0
2022-12-06,"hardware_minus_unrelated","0_10",0,0
2022-12-06,"competitor_minus_unrelated","pre_11_1",-0.0253097174835586,1
2022-12-06,"deployer_minus_unrelated","pre_21_1",-0.0115493621710137,1
2022-12-06,"deployer_minus_unrelated","0_20",0,0
2022-12-06,"competitor_minus_unrelated","pre_21_1",-0.0253097174835586,1
2022-12-06,"competitor_minus_unrelated","0_10",0,0
2022-12-06,"deployer_minus_unrelated","pre_11_1",-0.0115493621710137,1
2022-12-07,"hardware_minus_unrelated","0_20",0.00634709550760293,1
2022-12-07,"hardware_minus_unrelated","pre_21_1",0,0
2022-12-07,"hardware_minus_unrelated","pre_11_1",0,0
2022-12-07,"deployer_minus_unrelated","0_10",0.00198604677701284,1
2022-12-07,"deployer_minus_unrelated","pre_11_1",0,0
2022-12-07,"deployer_minus_unrelated","pre_21_1",0,0
2022-12-07,"competitor_minus_unrelated","0_20",-0.00753317199891301,1
2022-12-07,"hardware_minus_unrelated","0_10",0.00634709550760293,1
2022-12-07,"competitor_minus_unrelated","pre_11_1",0,0
2022-12-07,"deployer_minus_unrelated","0_20",0.00198604677701284,1
2022-12-07,"competitor_minus_unrelated","pre_21_1",0,0
2022-12-07,"competitor_minus_unrelated","0_10",-0.00753317199891301,1
2022-12-08,"hardware_minus_unrelated","0_20",0.00396977215094366,1
2022-12-08,"hardware_minus_unrelated","pre_21_1",0,0
2022-12-08,"competitor_minus_unrelated","0_20",-0.0178987422072798,1
2022-12-08,"deployer_minus_unrelated","0_10",0.00423132054628082,1
2022-12-08,"competitor_minus_unrelated","0_10",-0.0178987422072798,1
2022-12-08,"hardware_minus_unrelated","0_10",0.00396977215094366,1
2022-12-08,"deployer_minus_unrelated","pre_11_1",0,0
2022-12-08,"hardware_minus_unrelated","pre_11_1",0,0
2022-12-08,"competitor_minus_unrelated","pre_11_1",0,0
2022-12-08,"deployer_minus_unrelated","pre_21_1",0,0
2022-12-08,"deployer_minus_unrelated","0_20",0.00423132054628082,1
2022-12-08,"competitor_minus_unrelated","pre_21_1",0,0
2022-12-09,"hardware_minus_unrelated","0_20",-0.00593262131324291,1
2022-12-09,"deployer_minus_unrelated","0_10",0.00248297507943742,1
2022-12-09,"deployer_minus_unrelated","pre_11_1",0,0
2022-12-09,"hardware_minus_unrelated","0_10",-0.00593262131324291,1
2022-12-09,"competitor_minus_unrelated","pre_11_1",0,0
2022-12-09,"hardware_minus_unrelated","pre_11_1",0,0
2022-12-09,"competitor_minus_unrelated","0_20",-0.00420740709980984,1
2022-12-09,"hardware_minus_unrelated","pre_21_1",0,0
2022-12-09,"competitor_minus_unrelated","pre_21_1",0,0
2022-12-09,"deployer_minus_unrelated","0_20",0.00248297507943742,1
2022-12-09,"deployer_minus_unrelated","pre_21_1",0,0
2022-12-09,"competitor_minus_unrelated","0_10",-0.00420740709980984,1
2022-12-12,"deployer_minus_unrelated","0_10",0.0160538255102786,1
2022-12-12,"hardware_minus_unrelated","0_20",0.0286494999447293,1
2022-12-12,"hardware_minus_unrelated","0_10",0.0286494999447293,1
2022-12-12,"deployer_minus_unrelated","pre_11_1",0,0
2022-12-12,"competitor_minus_unrelated","0_20",0.0189005404557222,1
2022-12-12,"hardware_minus_unrelated","pre_21_1",0,0
2022-12-12,"hardware_minus_unrelated","pre_11_1",0,0
2022-12-12,"deployer_minus_unrelated","pre_21_1",0,0
2022-12-12,"competitor_minus_unrelated","pre_11_1",0,0
2022-12-12,"deployer_minus_unrelated","0_20",0.0160538255102786,1
2022-12-12,"competitor_minus_unrelated","pre_21_1",0,0
2022-12-12,"competitor_minus_unrelated","0_10",0.0189005404557222,1
2022-12-13,"hardware_minus_unrelated","0_10",-0.00372245378088365,1
2022-12-13,"competitor_minus_unrelated","0_20",0.00336881509122592,1
2022-12-13,"hardware_minus_unrelated","pre_21_1",0,0
2022-12-13,"deployer_minus_unrelated","0_20",-0.00504875496922811,1
2022-12-13,"deployer_minus_unrelated","pre_11_1",0,0
2022-12-13,"deployer_minus_unrelated","0_10",-0.00504875496922811,1
2022-12-13,"hardware_minus_unrelated","0_20",-0.00372245378088365,1
2022-12-13,"hardware_minus_unrelated","pre_11_1",0,0
2022-12-13,"competitor_minus_unrelated","pre_21_1",0,0
2022-12-13,"competitor_minus_unrelated","0_10",0.00336881509122592,1
2022-12-13,"deployer_minus_unrelated","pre_21_1",0,0
2022-12-13,"competitor_minus_unrelated","pre_11_1",0,0
2022-12-14,"hardware_minus_unrelated","0_10",-0.0127729750893897,1
2022-12-14,"deployer_minus_unrelated","pre_11_1",0,0
2022-12-14,"competitor_minus_unrelated","0_20",-0.000127708022462128,1
2022-12-14,"hardware_minus_unrelated","pre_21_1",0,0
2022-12-14,"hardware_minus_unrelated","0_20",-0.0127729750893897,1
2022-12-14,"deployer_minus_unrelated","0_20",0.0045005901623563,1
2022-12-14,"competitor_minus_unrelated","pre_21_1",0,0
2022-12-14,"deployer_minus_unrelated","0_10",0.0045005901623563,1
2022-12-14,"hardware_minus_unrelated","pre_11_1",0,0
2022-12-14,"deployer_minus_unrelated","pre_21_1",0,0
2022-12-14,"competitor_minus_unrelated","0_10",-0.000127708022462128,1
2022-12-14,"competitor_minus_unrelated","pre_11_1",0,0
2022-12-15,"deployer_minus_unrelated","pre_11_1",0,0
2022-12-15,"hardware_minus_unrelated","pre_21_1",0,0
2022-12-15,"competitor_minus_unrelated","pre_21_1",0,0
2022-12-15,"hardware_minus_unrelated","0_10",0.000352457115448471,1
2022-12-15,"deployer_minus_unrelated","0_20",0.0020730148572547,1
2022-12-15,"hardware_minus_unrelated","pre_11_1",0,0
2022-12-15,"competitor_minus_unrelated","0_20",0.00615155103028314,1
2022-12-15,"hardware_minus_unrelated","0_20",0.000352457115448471,1
2022-12-15,"deployer_minus_unrelated","pre_21_1",0,0
2022-12-15,"deployer_minus_unrelated","0_10",0.0020730148572547,1
2022-12-15,"competitor_minus_unrelated","0_10",0.00615155103028314,1
2022-12-15,"competitor_minus_unrelated","pre_11_1",0,0
2022-12-16,"deployer_minus_unrelated","pre_11_1",0,0
2022-12-16,"deployer_minus_unrelated","0_20",0.0222085945734596,1
2022-12-16,"deployer_minus_unrelated","0_10",0.0222085945734596,1
2022-12-16,"hardware_minus_unrelated","pre_21_1",0,0
2022-12-16,"competitor_minus_unrelated","0_20",0.0466452747974207,1
2022-12-16,"competitor_minus_unrelated","pre_21_1",0,0
2022-12-16,"deployer_minus_unrelated","pre_21_1",0,0
2022-12-16,"hardware_minus_unrelated","0_10",0.0354567957511894,1
2022-12-16,"competitor_minus_unrelated","0_10",0.0466452747974207,1
2022-12-16,"hardware_minus_unrelated","pre_11_1",0,0
2022-12-16,"hardware_minus_unrelated","0_20",0.0354567957511894,1
2022-12-16,"competitor_minus_unrelated","pre_11_1",0,0
2022-12-19,"deployer_minus_unrelated","0_20",-0.00108711298802431,1
2022-12-19,"deployer_minus_unrelated","0_10",-0.00108711298802431,1
2022-12-19,"deployer_minus_unrelated","pre_11_1",0,0
2022-12-19,"deployer_minus_unrelated","pre_21_1",0,0
2022-12-19,"hardware_minus_unrelated","0_10",-0.00120092662770799,1
2022-12-19,"competitor_minus_unrelated","0_10",-0.0123825404914844,1
2022-12-19,"competitor_minus_unrelated","pre_21_1",0,0
2022-12-19,"competitor_minus_unrelated","0_20",-0.0123825404914844,1
2022-12-19,"hardware_minus_unrelated","pre_21_1",0,0
2022-12-19,"hardware_minus_unrelated","pre_11_1",0,0
2022-12-19,"competitor_minus_unrelated","pre_11_1",0,0
2022-12-19,"hardware_minus_unrelated","0_20",-0.00120092662770799,1
2022-12-20,"competitor_minus_unrelated","0_10",0.0140586187581544,1
2022-12-20,"competitor_minus_unrelated","pre_21_1",0,0
2022-12-20,"deployer_minus_unrelated","pre_11_1",0,0
2022-12-20,"hardware_minus_unrelated","0_10",-0.00141650223941861,1
2022-12-20,"competitor_minus_unrelated","pre_11_1",0,0
2022-12-20,"hardware_minus_unrelated","pre_11_1",0,0
2022-12-20,"competitor_minus_unrelated","0_20",0.0140586187581544,1
2022-12-20,"deployer_minus_unrelated","0_10",-0.00324769887703778,1
2022-12-20,"deployer_minus_unrelated","pre_21_1",0,0
2022-12-20,"hardware_minus_unrelated","0_20",-0.00141650223941861,1
2022-12-20,"deployer_minus_unrelated","0_20",-0.00324769887703778,1
2022-12-20,"hardware_minus_unrelated","pre_21_1",0,0
2022-12-21,"competitor_minus_unrelated","pre_21_1",0,0
2022-12-21,"hardware_minus_unrelated","0_20",0.0122011001552316,1
2022-12-21,"competitor_minus_unrelated","0_10",0.00597325174016994,1
2022-12-21,"deployer_minus_unrelated","0_20",0.011984695100305,1
2022-12-21,"hardware_minus_unrelated","0_10",0.0122011001552316,1
2022-12-21,"hardware_minus_unrelated","pre_21_1",0,0
2022-12-21,"competitor_minus_unrelated","pre_11_1",0,0
2022-12-21,"competitor_minus_unrelated","0_20",0.00597325174016994,1
2022-12-21,"deployer_minus_unrelated","0_10",0.011984695100305,1
2022-12-21,"deployer_minus_unrelated","pre_21_1",0,0
2022-12-21,"deployer_minus_unrelated","pre_11_1",0,0
2022-12-21,"hardware_minus_unrelated","pre_11_1",0,0
2022-12-22,"hardware_minus_unrelated","0_20",-0.0315585615105383,1
2022-12-22,"competitor_minus_unrelated","0_20",-0.0109497942371457,1
2022-12-22,"hardware_minus_unrelated","pre_21_1",0,0
2022-12-22,"hardware_minus_unrelated","0_10",0,0
2022-12-22,"competitor_minus_unrelated","pre_11_1",0,0
2022-12-22,"competitor_minus_unrelated","pre_21_1",0,0
2022-12-22,"deployer_minus_unrelated","0_10",0,0
2022-12-22,"deployer_minus_unrelated","0_20",-0.00908217210844762,1
2022-12-22,"deployer_minus_unrelated","pre_21_1",0,0
2022-12-22,"hardware_minus_unrelated","pre_11_1",0,0
2022-12-22,"competitor_minus_unrelated","0_10",0,0
2022-12-22,"deployer_minus_unrelated","pre_11_1",0,0
2022-12-23,"hardware_minus_unrelated","0_20",0.0112277074986648,1
2022-12-23,"competitor_minus_unrelated","0_20",0.0167363007595987,1
2022-12-23,"hardware_minus_unrelated","pre_21_1",0,0
2022-12-23,"deployer_minus_unrelated","0_10",0,0
2022-12-23,"deployer_minus_unrelated","0_20",-0.00213266850331443,1
2022-12-23,"hardware_minus_unrelated","0_10",0,0
2022-12-23,"competitor_minus_unrelated","pre_11_1",0,0
2022-12-23,"hardware_minus_unrelated","pre_11_1",0,0
2022-12-23,"competitor_minus_unrelated","0_10",0,0
2022-12-23,"deployer_minus_unrelated","pre_11_1",0,0
2022-12-23,"deployer_minus_unrelated","pre_21_1",0,0
2022-12-23,"competitor_minus_unrelated","pre_21_1",0,0
2022-12-27,"deployer_minus_unrelated","0_20",0.0275098958180851,1
2022-12-27,"hardware_minus_unrelated","0_20",0.028780270021811,1
2022-12-27,"competitor_minus_unrelated","0_10",0,0
2022-12-27,"competitor_minus_unrelated","0_20",0.0285895015312562,1
2022-12-27,"hardware_minus_unrelated","pre_21_1",0,0
2022-12-27,"deployer_minus_unrelated","0_10",0,0
2022-12-27,"deployer_minus_unrelated","pre_11_1",0,0
2022-12-27,"hardware_minus_unrelated","pre_11_1",0,0
2022-12-27,"hardware_minus_unrelated","0_10",0,0
2022-12-27,"competitor_minus_unrelated","pre_21_1",0,0
2022-12-27,"competitor_minus_unrelated","pre_11_1",0,0
2022-12-27,"deployer_minus_unrelated","pre_21_1",0,0
2022-12-28,"hardware_minus_unrelated","0_20",0.0263157065631419,1
2022-12-28,"deployer_minus_unrelated","0_10",0,0
2022-12-28,"hardware_minus_unrelated","0_10",0,0
2022-12-28,"competitor_minus_unrelated","0_10",0,0
2022-12-28,"deployer_minus_unrelated","pre_11_1",0,0
2022-12-28,"hardware_minus_unrelated","pre_21_1",0,0
2022-12-28,"hardware_minus_unrelated","pre_11_1",0,0
2022-12-28,"competitor_minus_unrelated","pre_21_1",0,0
2022-12-28,"competitor_minus_unrelated","pre_11_1",0,0
2022-12-28,"deployer_minus_unrelated","0_20",0.00481249902099388,1
2022-12-28,"competitor_minus_unrelated","0_20",0.023322914818394,1
2022-12-28,"deployer_minus_unrelated","pre_21_1",0,0
2022-12-29,"hardware_minus_unrelated","pre_21_1",0,0
2022-12-29,"competitor_minus_unrelated","pre_11_1",0,0
2022-12-29,"hardware_minus_unrelated","0_10",0,0
2022-12-29,"deployer_minus_unrelated","0_20",0.0256629771982141,1
2022-12-29,"hardware_minus_unrelated","pre_11_1",0,0
2022-12-29,"competitor_minus_unrelated","pre_21_1",0,0
2022-12-29,"competitor_minus_unrelated","0_20",0.0229626463870221,1
2022-12-29,"deployer_minus_unrelated","pre_21_1",0,0
2022-12-29,"deployer_minus_unrelated","0_10",0,0
2022-12-29,"competitor_minus_unrelated","0_10",0,0
2022-12-29,"hardware_minus_unrelated","0_20",0.0272047204988902,1
2022-12-29,"deployer_minus_unrelated","pre_11_1",0,0
2022-12-30,"hardware_minus_unrelated","pre_21_1",0,0
2022-12-30,"competitor_minus_unrelated","pre_11_1",0,0
2022-12-30,"hardware_minus_unrelated","pre_11_1",0,0
2022-12-30,"hardware_minus_unrelated","0_10",0,0
2022-12-30,"deployer_minus_unrelated","pre_11_1",0,0
2022-12-30,"deployer_minus_unrelated","0_10",0,0
2022-12-30,"competitor_minus_unrelated","pre_21_1",0,0
2022-12-30,"deployer_minus_unrelated","pre_21_1",0,0
2022-12-30,"competitor_minus_unrelated","0_20",-0.0142529556859085,1
2022-12-30,"hardware_minus_unrelated","0_20",-0.0135151816773285,1
2022-12-30,"deployer_minus_unrelated","0_20",-0.0203724998324172,1
2022-12-30,"competitor_minus_unrelated","0_10",0,0
2023-01-03,"hardware_minus_unrelated","pre_11_1",0,0
2023-01-03,"competitor_minus_unrelated","0_20",-0.0115379456597874,1
2023-01-03,"deployer_minus_unrelated","0_20",-0.0183555765026242,1
2023-01-03,"deployer_minus_unrelated","pre_21_1",0,0
2023-01-03,"competitor_minus_unrelated","pre_21_1",0,0
2023-01-03,"hardware_minus_unrelated","0_20",-0.0259365344823241,1
2023-01-03,"competitor_minus_unrelated","0_10",0,0
2023-01-03,"competitor_minus_unrelated","pre_11_1",0,0
2023-01-03,"hardware_minus_unrelated","pre_21_1",0,0
2023-01-03,"hardware_minus_unrelated","0_10",0,0
2023-01-03,"deployer_minus_unrelated","0_10",0,0
2023-01-03,"deployer_minus_unrelated","pre_11_1",0,0
2023-01-04,"deployer_minus_unrelated","pre_11_1",0,0
2023-01-04,"deployer_minus_unrelated","pre_21_1",0,0
2023-01-04,"competitor_minus_unrelated","pre_21_1",0,0
2023-01-04,"deployer_minus_unrelated","0_20",-0.0455058826648067,1
2023-01-04,"competitor_minus_unrelated","0_10",0,0
2023-01-04,"hardware_minus_unrelated","pre_21_1",0,0
2023-01-04,"hardware_minus_unrelated","0_20",-0.049459107525408,1
2023-01-04,"competitor_minus_unrelated","pre_11_1",0,0
2023-01-04,"competitor_minus_unrelated","0_20",-0.0822439228223523,1
2023-01-04,"hardware_minus_unrelated","0_10",0,0
2023-01-04,"deployer_minus_unrelated","0_10",0,0
2023-01-04,"hardware_minus_unrelated","pre_11_1",0,0
2023-01-05,"deployer_minus_unrelated","pre_11_1",0,0
2023-01-05,"competitor_minus_unrelated","pre_21_1",0,0
2023-01-05,"deployer_minus_unrelated","0_20",0.0336497117184651,1
2023-01-05,"competitor_minus_unrelated","pre_11_1",0,0
2023-01-05,"hardware_minus_unrelated","0_20",0.0198154063951365,1
2023-01-05,"competitor_minus_unrelated","0_10",0,0
2023-01-05,"hardware_minus_unrelated","0_10",0,0
2023-01-05,"hardware_minus_unrelated","pre_11_1",0,0
2023-01-05,"hardware_minus_unrelated","pre_21_1",0,0
2023-01-05,"deployer_minus_unrelated","0_10",0,0
2023-01-05,"competitor_minus_unrelated","0_20",0.012646727665062,1
2023-01-05,"deployer_minus_unrelated","pre_21_1",0,0
2023-01-06,"deployer_minus_unrelated","pre_11_1",0,0
2023-01-06,"deployer_minus_unrelated","0_20",-0.00184200085042441,1
2023-01-06,"competitor_minus_unrelated","pre_21_1",0,0
2023-01-06,"deployer_minus_unrelated","pre_21_1",0,0
2023-01-06,"hardware_minus_unrelated","0_20",0.0274588677191039,1
2023-01-06,"deployer_minus_unrelated","0_10",0,0
2023-01-06,"hardware_minus_unrelated","0_10",0,0
2023-01-06,"competitor_minus_unrelated","0_10",0,0
2023-01-06,"competitor_minus_unrelated","0_20",-0.00290950376135283,1
2023-01-06,"hardware_minus_unrelated","pre_21_1",0,0
2023-01-06,"competitor_minus_unrelated","pre_11_1",0,0
2023-01-06,"hardware_minus_unrelated","pre_11_1",0,0
2023-01-09,"hardware_minus_unrelated","0_20",0,0
2023-01-09,"competitor_minus_unrelated","pre_21_1",0,0
2023-01-09,"deployer_minus_unrelated","0_20",0,0
2023-01-09,"competitor_minus_unrelated","0_10",0,0
2023-01-09,"deployer_minus_unrelated","pre_21_1",0,0
2023-01-09,"deployer_minus_unrelated","pre_11_1",0,0
2023-01-09,"hardware_minus_unrelated","0_10",0,0
2023-01-09,"deployer_minus_unrelated","0_10",0,0
2023-01-09,"hardware_minus_unrelated","pre_21_1",0,0
2023-01-09,"competitor_minus_unrelated","0_20",0,0
2023-01-09,"hardware_minus_unrelated","pre_11_1",0,0
2023-01-09,"competitor_minus_unrelated","pre_11_1",0,0
2023-01-10,"competitor_minus_unrelated","0_10",0,0
2023-01-10,"deployer_minus_unrelated","0_20",0,0
2023-01-10,"competitor_minus_unrelated","pre_21_1",0,0
2023-01-10,"hardware_minus_unrelated","0_10",0,0
2023-01-10,"deployer_minus_unrelated","0_10",0,0
2023-01-10,"competitor_minus_unrelated","0_20",0,0
2023-01-10,"deployer_minus_unrelated","pre_21_1",0,0
2023-01-10,"hardware_minus_unrelated","pre_11_1",0,0
2023-01-10,"deployer_minus_unrelated","pre_11_1",0,0
2023-01-10,"hardware_minus_unrelated","pre_21_1",0,0
2023-01-10,"hardware_minus_unrelated","0_20",0,0
2023-01-10,"competitor_minus_unrelated","pre_11_1",0,0
2023-01-11,"hardware_minus_unrelated","0_10",0,0
2023-01-11,"competitor_minus_unrelated","pre_11_1",0,0
2023-01-11,"competitor_minus_unrelated","0_10",0,0
2023-01-11,"competitor_minus_unrelated","0_20",0,0
2023-01-11,"deployer_minus_unrelated","pre_21_1",0,0
2023-01-11,"hardware_minus_unrelated","pre_11_1",0,0
2023-01-11,"deployer_minus_unrelated","pre_11_1",0,0
2023-01-11,"hardware_minus_unrelated","pre_21_1",0,0
2023-01-11,"deployer_minus_unrelated","0_20",0,0
2023-01-11,"hardware_minus_unrelated","0_20",0,0
2023-01-11,"competitor_minus_unrelated","pre_21_1",0,0
2023-01-11,"deployer_minus_unrelated","0_10",0,0
2023-01-12,"hardware_minus_unrelated","pre_11_1",0,0
2023-01-12,"hardware_minus_unrelated","0_10",0,0
2023-01-12,"deployer_minus_unrelated","0_20",0,0
2023-01-12,"deployer_minus_unrelated","pre_21_1",0,0
2023-01-12,"competitor_minus_unrelated","pre_11_1",0,0
2023-01-12,"competitor_minus_unrelated","pre_21_1",0,0
2023-01-12,"competitor_minus_unrelated","0_20",0,0
2023-01-12,"competitor_minus_unrelated","0_10",0,0
2023-01-12,"deployer_minus_unrelated","pre_11_1",0,0
2023-01-12,"hardware_minus_unrelated","pre_21_1",0,0
2023-01-12,"hardware_minus_unrelated","0_20",0,0
2023-01-12,"deployer_minus_unrelated","0_10",0,0
2023-01-13,"competitor_minus_unrelated","pre_21_1",0,0
2023-01-13,"hardware_minus_unrelated","pre_11_1",0,0
2023-01-13,"deployer_minus_unrelated","0_20",0,0
2023-01-13,"hardware_minus_unrelated","0_10",0,0
2023-01-13,"deployer_minus_unrelated","pre_21_1",0,0
2023-01-13,"competitor_minus_unrelated","pre_11_1",0,0
2023-01-13,"hardware_minus_unrelated","pre_21_1",0,0
2023-01-13,"deployer_minus_unrelated","pre_11_1",0,0
2023-01-13,"competitor_minus_unrelated","0_20",0,0
2023-01-13,"hardware_minus_unrelated","0_20",0,0
2023-01-13,"competitor_minus_unrelated","0_10",0,0
2023-01-13,"deployer_minus_unrelated","0_10",0,0
2023-01-17,"hardware_minus_unrelated","0_10",0,0
2023-01-17,"competitor_minus_unrelated","pre_21_1",0,0
2023-01-17,"competitor_minus_unrelated","pre_11_1",0,0
2023-01-17,"deployer_minus_unrelated","0_20",0,0
2023-01-17,"hardware_minus_unrelated","pre_21_1",0,0
2023-01-17,"hardware_minus_unrelated","pre_11_1",0,0
2023-01-17,"deployer_minus_unrelated","pre_21_1",0,0
2023-01-17,"competitor_minus_unrelated","0_10",0,0
2023-01-17,"deployer_minus_unrelated","pre_11_1",0,0
2023-01-17,"competitor_minus_unrelated","0_20",0,0
2023-01-17,"hardware_minus_unrelated","0_20",0,0
2023-01-17,"deployer_minus_unrelated","0_10",0,0
2023-01-18,"deployer_minus_unrelated","0_20",0,0
2023-01-18,"competitor_minus_unrelated","pre_11_1",0,0
2023-01-18,"hardware_minus_unrelated","0_10",0,0
2023-01-18,"competitor_minus_unrelated","0_20",0,0
2023-01-18,"deployer_minus_unrelated","pre_11_1",0,0
2023-01-18,"hardware_minus_unrelated","pre_21_1",0,0
2023-01-18,"competitor_minus_unrelated","pre_21_1",0,0
2023-01-18,"hardware_minus_unrelated","pre_11_1",0,0
2023-01-18,"hardware_minus_unrelated","0_20",0,0
2023-01-18,"competitor_minus_unrelated","0_10",0,0
2023-01-18,"deployer_minus_unrelated","pre_21_1",0,0
2023-01-18,"deployer_minus_unrelated","0_10",0,0
2023-01-19,"deployer_minus_unrelated","0_20",0,0
2023-01-19,"competitor_minus_unrelated","pre_11_1",0,0
2023-01-19,"competitor_minus_unrelated","0_10",0,0
2023-01-19,"hardware_minus_unrelated","0_10",0,0
2023-01-19,"hardware_minus_unrelated","pre_11_1",0,0
2023-01-19,"deployer_minus_unrelated","pre_21_1",0,0
2023-01-19,"competitor_minus_unrelated","pre_21_1",0,0
2023-01-19,"competitor_minus_unrelated","0_20",0,0
2023-01-19,"hardware_minus_unrelated","pre_21_1",0,0
2023-01-19,"deployer_minus_unrelated","0_10",0,0
2023-01-19,"hardware_minus_unrelated","0_20",0,0
2023-01-19,"deployer_minus_unrelated","pre_11_1",0,0
2023-01-20,"competitor_minus_unrelated","0_10",0,0
2023-01-20,"hardware_minus_unrelated","0_10",0,0
2023-01-20,"deployer_minus_unrelated","pre_21_1",0,0
2023-01-20,"deployer_minus_unrelated","0_10",0,0
2023-01-20,"competitor_minus_unrelated","0_20",0,0
2023-01-20,"deployer_minus_unrelated","0_20",0,0
2023-01-20,"hardware_minus_unrelated","pre_21_1",0,0
2023-01-20,"hardware_minus_unrelated","pre_11_1",0,0
2023-01-20,"deployer_minus_unrelated","pre_11_1",0,0
2023-01-20,"competitor_minus_unrelated","pre_11_1",0,0
2023-01-20,"hardware_minus_unrelated","0_20",0,0
2023-01-20,"competitor_minus_unrelated","pre_21_1",0,0
2023-01-23,"deployer_minus_unrelated","0_20",0,0
2023-01-23,"hardware_minus_unrelated","pre_11_1",0,0
2023-01-23,"hardware_minus_unrelated","pre_21_1",0,0
2023-01-23,"competitor_minus_unrelated","0_20",0,0
2023-01-23,"competitor_minus_unrelated","0_10",0,0
2023-01-23,"hardware_minus_unrelated","0_20",0,0
2023-01-23,"deployer_minus_unrelated","pre_11_1",0,0
2023-01-23,"competitor_minus_unrelated","pre_11_1",0,0
2023-01-23,"deployer_minus_unrelated","pre_21_1",0,0
2023-01-23,"deployer_minus_unrelated","0_10",0,0
2023-01-23,"competitor_minus_unrelated","pre_21_1",0,0
2023-01-23,"hardware_minus_unrelated","0_10",0,0
2023-01-24,"hardware_minus_unrelated","pre_11_1",0,0
2023-01-24,"competitor_minus_unrelated","0_20",0,0
2023-01-24,"deployer_minus_unrelated","pre_21_1",0,0
2023-01-24,"hardware_minus_unrelated","0_20",0,0
2023-01-24,"deployer_minus_unrelated","pre_11_1",0,0
2023-01-24,"competitor_minus_unrelated","pre_21_1",0,0
2023-01-24,"deployer_minus_unrelated","0_10",0,0
2023-01-24,"hardware_minus_unrelated","0_10",0,0
2023-01-24,"hardware_minus_unrelated","pre_21_1",0,0
2023-01-24,"competitor_minus_unrelated","pre_11_1",0,0
2023-01-24,"deployer_minus_unrelated","0_20",0,0
2023-01-24,"competitor_minus_unrelated","0_10",0,0
2023-01-25,"competitor_minus_unrelated","0_20",0,0
2023-01-25,"deployer_minus_unrelated","pre_11_1",0,0
2023-01-25,"competitor_minus_unrelated","pre_21_1",0,0
2023-01-25,"competitor_minus_unrelated","pre_11_1",0,0
2023-01-25,"hardware_minus_unrelated","0_10",0,0
2023-01-25,"deployer_minus_unrelated","0_20",0,0
2023-01-25,"deployer_minus_unrelated","pre_21_1",0,0
2023-01-25,"hardware_minus_unrelated","pre_11_1",0,0
2023-01-25,"competitor_minus_unrelated","0_10",0,0
2023-01-25,"hardware_minus_unrelated","pre_21_1",0,0
2023-01-25,"hardware_minus_unrelated","0_20",0,0
2023-01-25,"deployer_minus_unrelated","0_10",0,0
2023-01-26,"competitor_minus_unrelated","pre_11_1",0,0
2023-01-26,"competitor_minus_unrelated","0_20",0,0
2023-01-26,"hardware_minus_unrelated","0_10",0,0
2023-01-26,"competitor_minus_unrelated","pre_21_1",0,0
2023-01-26,"deployer_minus_unrelated","0_10",0,0
2023-01-26,"hardware_minus_unrelated","pre_11_1",0,0
2023-01-26,"competitor_minus_unrelated","0_10",0,0
2023-01-26,"deployer_minus_unrelated","pre_11_1",0,0
2023-01-26,"deployer_minus_unrelated","pre_21_1",0,0
2023-01-26,"deployer_minus_unrelated","0_20",0,0
2023-01-26,"hardware_minus_unrelated","0_20",0,0
2023-01-26,"hardware_minus_unrelated","pre_21_1",0,0
2023-01-27,"hardware_minus_unrelated","0_10",0,0
2023-01-27,"competitor_minus_unrelated","0_20",0,0
2023-01-27,"deployer_minus_unrelated","0_20",0,0
2023-01-27,"deployer_minus_unrelated","pre_11_1",0,0
2023-01-27,"hardware_minus_unrelated","pre_11_1",0,0
2023-01-27,"competitor_minus_unrelated","pre_21_1",0,0
2023-01-27,"hardware_minus_unrelated","0_20",0,0
2023-01-27,"competitor_minus_unrelated","pre_11_1",0,0
2023-01-27,"competitor_minus_unrelated","0_10",0,0
2023-01-27,"hardware_minus_unrelated","pre_21_1",0,0
2023-01-27,"deployer_minus_unrelated","0_10",0,0
2023-01-27,"deployer_minus_unrelated","pre_21_1",0,0
2023-01-30,"hardware_minus_unrelated","0_10",0,0
2023-01-30,"competitor_minus_unrelated","0_10",0,0
2023-01-30,"deployer_minus_unrelated","0_20",0,0
2023-01-30,"deployer_minus_unrelated","0_10",0,0
2023-01-30,"competitor_minus_unrelated","pre_21_1",0,0
2023-01-30,"deployer_minus_unrelated","pre_11_1",0,0
2023-01-30,"competitor_minus_unrelated","0_20",0,0
2023-01-30,"competitor_minus_unrelated","pre_11_1",0,0
2023-01-30,"hardware_minus_unrelated","pre_11_1",0,0
2023-01-30,"deployer_minus_unrelated","pre_21_1",0,0
2023-01-30,"hardware_minus_unrelated","pre_21_1",0,0
2023-01-30,"hardware_minus_unrelated","0_20",0,0
2023-01-31,"competitor_minus_unrelated","0_20",0,0
2023-01-31,"hardware_minus_unrelated","pre_11_1",0,0
2023-01-31,"competitor_minus_unrelated","pre_21_1",0,0
2023-01-31,"hardware_minus_unrelated","pre_21_1",0,0
2023-01-31,"competitor_minus_unrelated","0_10",0,0
2023-01-31,"hardware_minus_unrelated","0_10",0,0
2023-01-31,"deployer_minus_unrelated","0_10",0,0
2023-01-31,"deployer_minus_unrelated","pre_11_1",0,0
2023-01-31,"competitor_minus_unrelated","pre_11_1",0,0
2023-01-31,"deployer_minus_unrelated","pre_21_1",0,0
2023-01-31,"deployer_minus_unrelated","0_20",0,0
2023-01-31,"hardware_minus_unrelated","0_20",0,0
2023-02-01,"hardware_minus_unrelated","0_10",0,0
2023-02-01,"deployer_minus_unrelated","pre_11_1",0,0
2023-02-01,"deployer_minus_unrelated","0_10",0,0
2023-02-01,"hardware_minus_unrelated","pre_11_1",0,0
2023-02-01,"competitor_minus_unrelated","pre_21_1",0,0
2023-02-01,"competitor_minus_unrelated","0_20",0,0
2023-02-01,"competitor_minus_unrelated","pre_11_1",0,0
2023-02-01,"competitor_minus_unrelated","0_10",0,0
2023-02-01,"deployer_minus_unrelated","0_20",0,0
2023-02-01,"hardware_minus_unrelated","0_20",0,0
2023-02-01,"deployer_minus_unrelated","pre_21_1",0,0
2023-02-01,"hardware_minus_unrelated","pre_21_1",0,0
2023-02-02,"competitor_minus_unrelated","pre_21_1",0,0
2023-02-02,"deployer_minus_unrelated","0_20",0,0
2023-02-02,"deployer_minus_unrelated","pre_11_1",0,0
2023-02-02,"deployer_minus_unrelated","0_10",0,0
2023-02-02,"competitor_minus_unrelated","pre_11_1",0,0
2023-02-02,"hardware_minus_unrelated","pre_11_1",0,0
2023-02-02,"hardware_minus_unrelated","pre_21_1",0,0
2023-02-02,"hardware_minus_unrelated","0_10",0,0
2023-02-02,"competitor_minus_unrelated","0_20",0,0
2023-02-02,"competitor_minus_unrelated","0_10",0,0
2023-02-02,"hardware_minus_unrelated","0_20",0,0
2023-02-02,"deployer_minus_unrelated","pre_21_1",0,0
2023-02-03,"deployer_minus_unrelated","pre_21_1",0,0
2023-02-03,"competitor_minus_unrelated","pre_21_1",0,0
2023-02-03,"hardware_minus_unrelated","pre_11_1",0,0
2023-02-03,"deployer_minus_unrelated","0_20",0,0
2023-02-03,"deployer_minus_unrelated","0_10",0,0
2023-02-03,"hardware_minus_unrelated","0_20",0,0
2023-02-03,"competitor_minus_unrelated","0_10",0,0
2023-02-03,"hardware_minus_unrelated","0_10",0,0
2023-02-03,"deployer_minus_unrelated","pre_11_1",0,0
2023-02-03,"competitor_minus_unrelated","pre_11_1",0,0
2023-02-03,"competitor_minus_unrelated","0_20",0,0
2023-02-03,"hardware_minus_unrelated","pre_21_1",0,0
2023-02-06,"deployer_minus_unrelated","0_10",0,0
2023-02-06,"competitor_minus_unrelated","pre_21_1",0,0
2023-02-06,"deployer_minus_unrelated","pre_11_1",0,0
2023-02-06,"competitor_minus_unrelated","0_20",0,0
2023-02-06,"competitor_minus_unrelated","pre_11_1",0,0
2023-02-06,"hardware_minus_unrelated","0_20",0,0
2023-02-06,"hardware_minus_unrelated","pre_11_1",0,0
2023-02-06,"competitor_minus_unrelated","0_10",0,0
2023-02-06,"deployer_minus_unrelated","0_20",0,0
2023-02-06,"hardware_minus_unrelated","pre_21_1",0,0
2023-02-06,"hardware_minus_unrelated","0_10",0,0
2023-02-06,"deployer_minus_unrelated","pre_21_1",0,0
2023-02-07,"deployer_minus_unrelated","pre_21_1",0,0
2023-02-07,"hardware_minus_unrelated","pre_21_1",0,0
2023-02-07,"competitor_minus_unrelated","pre_21_1",0,0
2023-02-07,"hardware_minus_unrelated","0_20",0,0
2023-02-07,"competitor_minus_unrelated","pre_11_1",0,0
2023-02-07,"competitor_minus_unrelated","0_20",0,0
2023-02-07,"hardware_minus_unrelated","0_10",0,0
2023-02-07,"deployer_minus_unrelated","0_20",0,0
2023-02-07,"hardware_minus_unrelated","pre_11_1",0,0
2023-02-07,"competitor_minus_unrelated","0_10",0,0
2023-02-07,"deployer_minus_unrelated","0_10",0,0
2023-02-07,"deployer_minus_unrelated","pre_11_1",0,0
2023-02-08,"hardware_minus_unrelated","0_20",0,0
2023-02-08,"competitor_minus_unrelated","0_10",0,0
2023-02-08,"deployer_minus_unrelated","0_20",0,0
2023-02-08,"hardware_minus_unrelated","0_10",0,0
2023-02-08,"competitor_minus_unrelated","pre_11_1",0,0
2023-02-08,"competitor_minus_unrelated","0_20",0,0
2023-02-08,"deployer_minus_unrelated","pre_11_1",0,0
2023-02-08,"deployer_minus_unrelated","0_10",0,0
2023-02-08,"hardware_minus_unrelated","pre_21_1",0,0
2023-02-08,"hardware_minus_unrelated","pre_11_1",0,0
2023-02-08,"competitor_minus_unrelated","pre_21_1",0,0
2023-02-08,"deployer_minus_unrelated","pre_21_1",0,0
2023-02-09,"hardware_minus_unrelated","0_10",0,0
2023-02-09,"competitor_minus_unrelated","0_10",0,0
2023-02-09,"competitor_minus_unrelated","0_20",0,0
2023-02-09,"deployer_minus_unrelated","pre_11_1",0,0
2023-02-09,"deployer_minus_unrelated","0_10",0,0
2023-02-09,"competitor_minus_unrelated","pre_21_1",0,0
2023-02-09,"hardware_minus_unrelated","pre_11_1",0,0
2023-02-09,"hardware_minus_unrelated","pre_21_1",0,0
2023-02-09,"deployer_minus_unrelated","pre_21_1",0,0
2023-02-09,"competitor_minus_unrelated","pre_11_1",0,0
2023-02-09,"deployer_minus_unrelated","0_20",0,0
2023-02-09,"hardware_minus_unrelated","0_20",0,0
2023-02-10,"hardware_minus_unrelated","0_10",0,0
2023-02-10,"hardware_minus_unrelated","pre_21_1",0.00185065706493264,1
2023-02-10,"competitor_minus_unrelated","0_10",0,0
2023-02-10,"deployer_minus_unrelated","pre_11_1",0,0
2023-02-10,"competitor_minus_unrelated","pre_21_1",0.00544549195385755,1
2023-02-10,"competitor_minus_unrelated","0_20",0,0
2023-02-10,"hardware_minus_unrelated","pre_11_1",0,0
2023-02-10,"deployer_minus_unrelated","pre_21_1",-0.013663330525164,1
2023-02-10,"deployer_minus_unrelated","0_20",0,0
2023-02-10,"hardware_minus_unrelated","0_20",0,0
2023-02-10,"deployer_minus_unrelated","0_10",0,0
2023-02-10,"competitor_minus_unrelated","pre_11_1",0,0
2023-02-13,"deployer_minus_unrelated","0_20",0,0
2023-02-13,"competitor_minus_unrelated","0_10",0,0
2023-02-13,"deployer_minus_unrelated","pre_11_1",0,0
2023-02-13,"competitor_minus_unrelated","0_20",0,0
2023-02-13,"hardware_minus_unrelated","pre_11_1",0,0
2023-02-13,"deployer_minus_unrelated","0_10",0,0
2023-02-13,"hardware_minus_unrelated","0_10",0,0
2023-02-13,"hardware_minus_unrelated","0_20",0,0
2023-02-13,"competitor_minus_unrelated","pre_21_1",0.000765140400661186,1
2023-02-13,"hardware_minus_unrelated","pre_21_1",-0.000385439782536356,1
2023-02-13,"deployer_minus_unrelated","pre_21_1",0.0137482949104114,1
2023-02-13,"competitor_minus_unrelated","pre_11_1",0,0
2023-02-14,"deployer_minus_unrelated","0_10",0,0
2023-02-14,"hardware_minus_unrelated","0_10",0,0
2023-02-14,"competitor_minus_unrelated","0_10",0,0
2023-02-14,"deployer_minus_unrelated","pre_11_1",0,0
2023-02-14,"competitor_minus_unrelated","pre_21_1",-0.0393250440049033,1
2023-02-14,"hardware_minus_unrelated","0_20",0,0
2023-02-14,"hardware_minus_unrelated","pre_11_1",0,0
2023-02-14,"hardware_minus_unrelated","pre_21_1",-0.0236167421922441,1
2023-02-14,"deployer_minus_unrelated","0_20",0,0
2023-02-14,"competitor_minus_unrelated","0_20",0,0
2023-02-14,"deployer_minus_unrelated","pre_21_1",-0.0296073402977231,1
2023-02-14,"competitor_minus_unrelated","pre_11_1",0,0
2023-02-15,"deployer_minus_unrelated","pre_21_1",-0.00900231868083209,1
2023-02-15,"competitor_minus_unrelated","pre_21_1",-0.0384934428678478,1
2023-02-15,"competitor_minus_unrelated","0_20",0,0
2023-02-15,"competitor_minus_unrelated","0_10",0,0
2023-02-15,"deployer_minus_unrelated","0_10",0,0
2023-02-15,"deployer_minus_unrelated","0_20",0,0
2023-02-15,"deployer_minus_unrelated","pre_11_1",0,0
2023-02-15,"competitor_minus_unrelated","pre_11_1",0,0
2023-02-15,"hardware_minus_unrelated","pre_11_1",0,0
2023-02-15,"hardware_minus_unrelated","pre_21_1",-0.0363924129800506,1
2023-02-15,"hardware_minus_unrelated","0_20",0,0
2023-02-15,"hardware_minus_unrelated","0_10",0,0
2023-02-16,"deployer_minus_unrelated","0_10",0,0
2023-02-16,"competitor_minus_unrelated","0_20",0,0
2023-02-16,"hardware_minus_unrelated","pre_21_1",-0.00301577943682008,1
2023-02-16,"competitor_minus_unrelated","pre_21_1",0.00232264839835876,1
2023-02-16,"deployer_minus_unrelated","pre_11_1",0,0
2023-02-16,"deployer_minus_unrelated","pre_21_1",0.020880673483241,1
2023-02-16,"hardware_minus_unrelated","0_10",0,0
2023-02-16,"hardware_minus_unrelated","pre_11_1",0,0
2023-02-16,"deployer_minus_unrelated","0_20",0,0
2023-02-16,"hardware_minus_unrelated","0_20",0,0
2023-02-16,"competitor_minus_unrelated","pre_11_1",0,0
2023-02-16,"competitor_minus_unrelated","0_10",0,0
2023-02-17,"deployer_minus_unrelated","0_20",0,0
2023-02-17,"hardware_minus_unrelated","0_10",0,0
2023-02-17,"competitor_minus_unrelated","pre_21_1",-0.0345273617800528,1
2023-02-17,"competitor_minus_unrelated","0_20",0,0
2023-02-17,"hardware_minus_unrelated","pre_11_1",0,0
2023-02-17,"competitor_minus_unrelated","pre_11_1",0,0
2023-02-17,"hardware_minus_unrelated","0_20",0,0
2023-02-17,"competitor_minus_unrelated","0_10",0,0
2023-02-17,"deployer_minus_unrelated","pre_21_1",-0.0626433170933509,1
2023-02-17,"deployer_minus_unrelated","0_10",0,0
2023-02-17,"deployer_minus_unrelated","pre_11_1",0,0
2023-02-17,"hardware_minus_unrelated","pre_21_1",-0.0377866660932608,1
2023-02-21,"hardware_minus_unrelated","0_10",0,0
2023-02-21,"competitor_minus_unrelated","0_10",0,0
2023-02-21,"deployer_minus_unrelated","0_20",0,0
2023-02-21,"deployer_minus_unrelated","0_10",0,0
2023-02-21,"hardware_minus_unrelated","0_20",0,0
2023-02-21,"deployer_minus_unrelated","pre_11_1",0,0
2023-02-21,"deployer_minus_unrelated","pre_21_1",-0.0146521899105234,1
2023-02-21,"hardware_minus_unrelated","pre_11_1",0,0
2023-02-21,"competitor_minus_unrelated","pre_21_1",0.0238191094567898,1
2023-02-21,"competitor_minus_unrelated","0_20",0,0
2023-02-21,"hardware_minus_unrelated","pre_21_1",0.0124910255923224,1
2023-02-21,"competitor_minus_unrelated","pre_11_1",0,0
2023-02-22,"deployer_minus_unrelated","0_20",0,0
2023-02-22,"hardware_minus_unrelated","0_10",0,0
2023-02-22,"deployer_minus_unrelated","0_10",0,0
2023-02-22,"competitor_minus_unrelated","0_10",0,0
2023-02-22,"hardware_minus_unrelated","0_20",0,0
2023-02-22,"hardware_minus_unrelated","pre_11_1",0,0
2023-02-22,"competitor_minus_unrelated","pre_21_1",0.00343628155802087,1
2023-02-22,"deployer_minus_unrelated","pre_11_1",0,0
2023-02-22,"deployer_minus_unrelated","pre_21_1",7.43695590486593e-05,1
2023-02-22,"competitor_minus_unrelated","pre_11_1",0,0
2023-02-22,"hardware_minus_unrelated","pre_21_1",-0.00212209177208671,1
2023-02-22,"competitor_minus_unrelated","0_20",0,0
2023-02-23,"deployer_minus_unrelated","0_20",0,0
2023-02-23,"hardware_minus_unrelated","0_10",0,0
2023-02-23,"deployer_minus_unrelated","pre_21_1",-0.00168196089030529,1
2023-02-23,"competitor_minus_unrelated","0_10",0,0
2023-02-23,"deployer_minus_unrelated","pre_11_1",0,0
2023-02-23,"hardware_minus_unrelated","0_20",0,0
2023-02-23,"competitor_minus_unrelated","pre_11_1",0,0
2023-02-23,"deployer_minus_unrelated","0_10",0,0
2023-02-23,"hardware_minus_unrelated","pre_11_1",0,0
2023-02-23,"hardware_minus_unrelated","pre_21_1",0.0214076641990646,1
2023-02-23,"competitor_minus_unrelated","pre_21_1",-0.00584220122078821,1
2023-02-23,"competitor_minus_unrelated","0_20",0,0
2023-02-24,"deployer_minus_unrelated","0_20",0,0
2023-02-24,"competitor_minus_unrelated","pre_11_1",0,0
2023-02-24,"competitor_minus_unrelated","0_10",0,0
2023-02-24,"hardware_minus_unrelated","0_20",0,0
2023-02-24,"deployer_minus_unrelated","pre_11_1",0,0
2023-02-24,"deployer_minus_unrelated","0_10",0,0
2023-02-24,"hardware_minus_unrelated","pre_11_1",0,0
2023-02-24,"competitor_minus_unrelated","pre_21_1",-0.00558633702296698,1
2023-02-24,"competitor_minus_unrelated","0_20",0,0
2023-02-24,"hardware_minus_unrelated","pre_21_1",0.00369499549932035,1
2023-02-24,"hardware_minus_unrelated","0_10",0,0
2023-02-24,"deployer_minus_unrelated","pre_21_1",-0.00223757158139485,1
2023-02-27,"competitor_minus_unrelated","0_10",0,0
2023-02-27,"deployer_minus_unrelated","0_10",0,0
2023-02-27,"hardware_minus_unrelated","pre_11_1",-0.00363034040778546,1
2023-02-27,"deployer_minus_unrelated","pre_11_1",0.000168667238437855,1
2023-02-27,"hardware_minus_unrelated","pre_21_1",-0.00363034040778546,1
2023-02-27,"competitor_minus_unrelated","pre_21_1",-0.00133258934148974,1
2023-02-27,"competitor_minus_unrelated","0_20",0,0
2023-02-27,"deployer_minus_unrelated","pre_21_1",0.000168667238437855,1
2023-02-27,"hardware_minus_unrelated","0_10",0,0
2023-02-27,"competitor_minus_unrelated","pre_11_1",-0.00133258934148974,1
2023-02-27,"deployer_minus_unrelated","0_20",0,0
2023-02-27,"hardware_minus_unrelated","0_20",0,0
2023-02-28,"deployer_minus_unrelated","pre_11_1",3.89953694578029e-05,1
2023-02-28,"deployer_minus_unrelated","pre_21_1",3.89953694578029e-05,1
2023-02-28,"competitor_minus_unrelated","0_20",0,0
2023-02-28,"hardware_minus_unrelated","pre_21_1",-0.00526508687808336,1
2023-02-28,"competitor_minus_unrelated","pre_21_1",-0.00260225721815858,1
2023-02-28,"competitor_minus_unrelated","pre_11_1",-0.00260225721815858,1
2023-02-28,"hardware_minus_unrelated","0_10",0,0
2023-02-28,"hardware_minus_unrelated","0_20",0,0
2023-02-28,"hardware_minus_unrelated","pre_11_1",-0.00526508687808336,1
2023-02-28,"deployer_minus_unrelated","0_20",0,0
2023-02-28,"deployer_minus_unrelated","0_10",0,0
2023-02-28,"competitor_minus_unrelated","0_10",0,0
2023-03-01,"hardware_minus_unrelated","pre_21_1",0.0184789789075235,1
2023-03-01,"competitor_minus_unrelated","pre_11_1",0.0134945531838961,1
2023-03-01,"deployer_minus_unrelated","pre_11_1",0.022087378341634,1
2023-03-01,"hardware_minus_unrelated","pre_11_1",0.0184789789075235,1
2023-03-01,"hardware_minus_unrelated","0_10",0,0
2023-03-01,"competitor_minus_unrelated","pre_21_1",0.0134945531838961,1
2023-03-01,"deployer_minus_unrelated","pre_21_1",0.022087378341634,1
2023-03-01,"deployer_minus_unrelated","0_20",0,0
2023-03-01,"hardware_minus_unrelated","0_20",0,0
2023-03-01,"competitor_minus_unrelated","0_20",0,0
2023-03-01,"competitor_minus_unrelated","0_10",0,0
2023-03-01,"deployer_minus_unrelated","0_10",0,0
2023-03-02,"competitor_minus_unrelated","pre_21_1",0.0198482007597114,1
2023-03-02,"deployer_minus_unrelated","0_20",0,0
2023-03-02,"competitor_minus_unrelated","pre_11_1",0.0198482007597114,1
2023-03-02,"hardware_minus_unrelated","0_20",0,0
2023-03-02,"deployer_minus_unrelated","pre_21_1",0.0303282571768905,1
2023-03-02,"hardware_minus_unrelated","0_10",0,0
2023-03-02,"competitor_minus_unrelated","0_10",0,0
2023-03-02,"hardware_minus_unrelated","pre_11_1",0.0138352862687981,1
2023-03-02,"hardware_minus_unrelated","pre_21_1",0.0138352862687981,1
2023-03-02,"deployer_minus_unrelated","0_10",0,0
2023-03-02,"deployer_minus_unrelated","pre_11_1",0.0303282571768905,1
2023-03-02,"competitor_minus_unrelated","0_20",0,0
2023-03-03,"hardware_minus_unrelated","0_20",0,0
2023-03-03,"deployer_minus_unrelated","0_10",0,0
2023-03-03,"hardware_minus_unrelated","pre_11_1",0.0174134629143866,1
2023-03-03,"competitor_minus_unrelated","0_20",0,0
2023-03-03,"competitor_minus_unrelated","0_10",0,0
2023-03-03,"hardware_minus_unrelated","0_10",0,0
2023-03-03,"deployer_minus_unrelated","pre_11_1",0.0316430749124259,1
2023-03-03,"competitor_minus_unrelated","pre_11_1",0.0379721012713376,1
2023-03-03,"deployer_minus_unrelated","pre_21_1",0.0316430749124259,1
2023-03-03,"competitor_minus_unrelated","pre_21_1",0.0379721012713376,1
2023-03-03,"hardware_minus_unrelated","pre_21_1",0.0174134629143866,1
2023-03-03,"deployer_minus_unrelated","0_20",0,0
2023-03-06,"deployer_minus_unrelated","pre_11_1",0.0119628126814961,1
2023-03-06,"hardware_minus_unrelated","0_10",0,0
2023-03-06,"deployer_minus_unrelated","0_10",0,0
2023-03-06,"competitor_minus_unrelated","0_10",0,0
2023-03-06,"deployer_minus_unrelated","0_20",0,0
2023-03-06,"competitor_minus_unrelated","0_20",0,0
2023-03-06,"hardware_minus_unrelated","0_20",0,0
2023-03-06,"hardware_minus_unrelated","pre_11_1",0.00769856666682843,1
2023-03-06,"competitor_minus_unrelated","pre_21_1",0.0311663277518883,1
2023-03-06,"competitor_minus_unrelated","pre_11_1",0.0311663277518883,1
2023-03-06,"hardware_minus_unrelated","pre_21_1",0.00769856666682843,1
2023-03-06,"deployer_minus_unrelated","pre_21_1",0.0119628126814961,1
2023-03-07,"hardware_minus_unrelated","0_10",0,0
2023-03-07,"competitor_minus_unrelated","pre_11_1",0.010252840657306,1
2023-03-07,"competitor_minus_unrelated","0_10",0,0
2023-03-07,"competitor_minus_unrelated","pre_21_1",0.010252840657306,1
2023-03-07,"competitor_minus_unrelated","0_20",0,0
2023-03-07,"hardware_minus_unrelated","0_20",0,0
2023-03-07,"deployer_minus_unrelated","0_10",0,0
2023-03-07,"deployer_minus_unrelated","pre_21_1",0.0284785765479538,1
2023-03-07,"hardware_minus_unrelated","pre_11_1",0.00793519281453742,1
2023-03-07,"deployer_minus_unrelated","0_20",0,0
2023-03-07,"deployer_minus_unrelated","pre_11_1",0.0284785765479538,1
2023-03-07,"hardware_minus_unrelated","pre_21_1",0.00793519281453742,1
2023-03-08,"hardware_minus_unrelated","0_20",0,0
2023-03-08,"deployer_minus_unrelated","0_10",0,0
2023-03-08,"competitor_minus_unrelated","0_20",0,0
2023-03-08,"hardware_minus_unrelated","pre_11_1",0.0194773725609543,1
2023-03-08,"hardware_minus_unrelated","0_10",0,0
2023-03-08,"deployer_minus_unrelated","pre_11_1",-0.00476878028697758,1
2023-03-08,"competitor_minus_unrelated","pre_21_1",-0.00195153934843297,1
2023-03-08,"competitor_minus_unrelated","pre_11_1",-0.00195153934843297,1
2023-03-08,"deployer_minus_unrelated","pre_21_1",-0.00476878028697758,1
2023-03-08,"deployer_minus_unrelated","0_20",0,0
2023-03-08,"hardware_minus_unrelated","pre_21_1",0.0194773725609543,1
2023-03-08,"competitor_minus_unrelated","0_10",0,0
2023-03-09,"competitor_minus_unrelated","0_20",0,0
2023-03-09,"hardware_minus_unrelated","0_20",0,0
2023-03-09,"hardware_minus_unrelated","0_10",0,0
2023-03-09,"deployer_minus_unrelated","pre_11_1",0.000915986078945351,1
2023-03-09,"deployer_minus_unrelated","0_10",0,0
2023-03-09,"hardware_minus_unrelated","pre_11_1",0.0306170207034367,1
2023-03-09,"competitor_minus_unrelated","0_10",0,0
2023-03-09,"deployer_minus_unrelated","0_20",0,0
2023-03-09,"competitor_minus_unrelated","pre_21_1",0.0321897992722664,1
2023-03-09,"competitor_minus_unrelated","pre_11_1",0.0321897992722664,1
2023-03-09,"deployer_minus_unrelated","pre_21_1",0.000915986078945351,1
2023-03-09,"hardware_minus_unrelated","pre_21_1",0.0306170207034367,1
2023-03-10,"deployer_minus_unrelated","0_20",0,0
2023-03-10,"hardware_minus_unrelated","0_10",0,0
2023-03-10,"hardware_minus_unrelated","0_20",0,0
2023-03-10,"hardware_minus_unrelated","pre_11_1",0.0292306824653794,1
2023-03-10,"competitor_minus_unrelated","0_10",0,0
2023-03-10,"deployer_minus_unrelated","pre_11_1",0.0308563862919045,1
2023-03-10,"deployer_minus_unrelated","0_10",0,0
2023-03-10,"competitor_minus_unrelated","pre_11_1",0.030269604558855,1
2023-03-10,"deployer_minus_unrelated","pre_21_1",0.0308563862919045,1
2023-03-10,"competitor_minus_unrelated","pre_21_1",0.030269604558855,1
2023-03-10,"hardware_minus_unrelated","pre_21_1",0.0292306824653794,1
2023-03-10,"competitor_minus_unrelated","0_20",0,0
2023-03-13,"hardware_minus_unrelated","0_20",0,0
2023-03-13,"deployer_minus_unrelated","0_10",0,0
2023-03-13,"hardware_minus_unrelated","0_10",0,0
2023-03-13,"deployer_minus_unrelated","pre_11_1",-0.0533405821648689,1
2023-03-13,"hardware_minus_unrelated","pre_11_1",-0.086132560063076,1
2023-03-13,"deployer_minus_unrelated","pre_21_1",-0.0533405821648689,1
2023-03-13,"deployer_minus_unrelated","0_20",0,0
2023-03-13,"competitor_minus_unrelated","pre_21_1",-0.0758813678315431,1
2023-03-13,"competitor_minus_unrelated","pre_11_1",-0.0758813678315431,1
2023-03-13,"competitor_minus_unrelated","0_10",0,0
2023-03-13,"competitor_minus_unrelated","0_20",0,0
2023-03-13,"hardware_minus_unrelated","pre_21_1",-0.086132560063076,1
2023-03-14,"hardware_minus_unrelated","pre_11_1",0,0
2023-03-14,"hardware_minus_unrelated","0_10",0.00440656164487819,1
2023-03-14,"deployer_minus_unrelated","pre_21_1",0,0
2023-03-14,"deployer_minus_unrelated","0_20",0.00820911651257587,1
2023-03-14,"deployer_minus_unrelated","pre_11_1",0,0
2023-03-14,"competitor_minus_unrelated","pre_11_1",0,0
2023-03-14,"competitor_minus_unrelated","0_20",0.0115875260997529,1
2023-03-14,"deployer_minus_unrelated","0_10",0.00820911651257587,1
2023-03-14,"hardware_minus_unrelated","0_20",0.00440656164487819,1
2023-03-14,"competitor_minus_unrelated","pre_21_1",0,0
2023-03-14,"hardware_minus_unrelated","pre_21_1",0,0
2023-03-14,"competitor_minus_unrelated","0_10",0.0115875260997529,1
2023-03-15,"competitor_minus_unrelated","pre_11_1",0,0
2023-03-15,"competitor_minus_unrelated","0_10",0.0271388205205213,1
2023-03-15,"deployer_minus_unrelated","0_20",0.0165897950202177,1
2023-03-15,"hardware_minus_unrelated","0_10",-0.000707227009590528,1
2023-03-15,"hardware_minus_unrelated","pre_11_1",0,0
2023-03-15,"deployer_minus_unrelated","0_10",0.0165897950202177,1
2023-03-15,"hardware_minus_unrelated","0_20",-0.000707227009590528,1
2023-03-15,"deployer_minus_unrelated","pre_21_1",0,0
2023-03-15,"hardware_minus_unrelated","pre_21_1",0,0
2023-03-15,"competitor_minus_unrelated","pre_21_1",0,0
2023-03-15,"deployer_minus_unrelated","pre_11_1",0,0
2023-03-15,"competitor_minus_unrelated","0_20",0.0271388205205213,1
2023-03-16,"hardware_minus_unrelated","0_10",0.00243077492210254,1
2023-03-16,"deployer_minus_unrelated","0_20",-0.00741475524335984,1
2023-03-16,"deployer_minus_unrelated","pre_21_1",0,0
2023-03-16,"competitor_minus_unrelated","0_10",0.00223142912373005,1
2023-03-16,"deployer_minus_unrelated","0_10",-0.00741475524335984,1
2023-03-16,"hardware_minus_unrelated","0_20",0.00243077492210254,1
2023-03-16,"competitor_minus_unrelated","pre_11_1",0,0
2023-03-16,"hardware_minus_unrelated","pre_11_1",0,0
2023-03-16,"competitor_minus_unrelated","0_20",0.00223142912373005,1
2023-03-16,"competitor_minus_unrelated","pre_21_1",0,0
2023-03-16,"deployer_minus_unrelated","pre_11_1",0,0
2023-03-16,"hardware_minus_unrelated","pre_21_1",0,0
2023-03-17,"competitor_minus_unrelated","0_10",-0.0517056100758362,1
2023-03-17,"deployer_minus_unrelated","0_20",-0.0688051447551187,1
2023-03-17,"hardware_minus_unrelated","0_10",-0.0571956592785588,1
2023-03-17,"competitor_minus_unrelated","pre_11_1",0,0
2023-03-17,"hardware_minus_unrelated","pre_11_1",0,0
2023-03-17,"deployer_minus_unrelated","pre_21_1",0,0
2023-03-17,"deployer_minus_unrelated","0_10",-0.0688051447551187,1
2023-03-17,"deployer_minus_unrelated","pre_11_1",0,0
2023-03-17,"competitor_minus_unrelated","0_20",-0.0517056100758362,1
2023-03-17,"hardware_minus_unrelated","pre_21_1",0,0
2023-03-17,"competitor_minus_unrelated","pre_21_1",0,0
2023-03-17,"hardware_minus_unrelated","0_20",-0.0571956592785588,1
2023-03-20,"competitor_minus_unrelated","0_10",0.000101438803867796,1
2023-03-20,"competitor_minus_unrelated","0_20",0.000101438803867796,1
2023-03-20,"competitor_minus_unrelated","pre_11_1",0,0
2023-03-20,"deployer_minus_unrelated","0_20",-0.0446150682850159,1
2023-03-20,"deployer_minus_unrelated","pre_11_1",0,0
2023-03-20,"hardware_minus_unrelated","0_20",0.00891716582483999,1
2023-03-20,"deployer_minus_unrelated","0_10",-0.0446150682850159,1
2023-03-20,"deployer_minus_unrelated","pre_21_1",0,0
2023-03-20,"hardware_minus_unrelated","0_10",0.00891716582483999,1
2023-03-20,"competitor_minus_unrelated","pre_21_1",0,0
2023-03-20,"hardware_minus_unrelated","pre_21_1",0,0
2023-03-20,"hardware_minus_unrelated","pre_11_1",0,0
2023-03-21,"deployer_minus_unrelated","0_10",-0.00586454229883334,1
2023-03-21,"hardware_minus_unrelated","0_20",-0.0159356040271436,1
2023-03-21,"deployer_minus_unrelated","pre_11_1",0,0
2023-03-21,"competitor_minus_unrelated","0_20",0.00846812539084244,1
2023-03-21,"competitor_minus_unrelated","pre_11_1",0,0
2023-03-21,"deployer_minus_unrelated","0_20",-0.00586454229883334,1
2023-03-21,"hardware_minus_unrelated","pre_11_1",0,0
2023-03-21,"hardware_minus_unrelated","0_10",-0.0159356040271436,1
2023-03-21,"hardware_minus_unrelated","pre_21_1",0,0
2023-03-21,"competitor_minus_unrelated","0_10",0.00846812539084244,1
2023-03-21,"deployer_minus_unrelated","pre_21_1",0,0
2023-03-21,"competitor_minus_unrelated","pre_21_1",0,0
2023-03-22,"deployer_minus_unrelated","pre_11_1",0,0
2023-03-22,"deployer_minus_unrelated","0_10",0.0265805138076681,1
2023-03-22,"competitor_minus_unrelated","0_10",0.0357179221669785,1
2023-03-22,"competitor_minus_unrelated","pre_11_1",0,0
2023-03-22,"deployer_minus_unrelated","0_20",0.0265805138076681,1
2023-03-22,"competitor_minus_unrelated","0_20",0.0357179221669785,1
2023-03-22,"hardware_minus_unrelated","0_20",0.0399262479830483,1
2023-03-22,"deployer_minus_unrelated","pre_21_1",0,0
2023-03-22,"hardware_minus_unrelated","pre_11_1",0,0
2023-03-22,"hardware_minus_unrelated","0_10",0.0399262479830483,1
2023-03-22,"hardware_minus_unrelated","pre_21_1",0,0
2023-03-22,"competitor_minus_unrelated","pre_21_1",0,0
2023-03-23,"competitor_minus_unrelated","0_20",-0.0108467214208263,1
2023-03-23,"competitor_minus_unrelated","pre_11_1",0,0
2023-03-23,"deployer_minus_unrelated","pre_11_1",0,0
2023-03-23,"competitor_minus_unrelated","0_10",-0.0108467214208263,1
2023-03-23,"deployer_minus_unrelated","0_10",-0.0119606456299495,1
2023-03-23,"deployer_minus_unrelated","pre_21_1",0,0
2023-03-23,"hardware_minus_unrelated","pre_11_1",0,0
2023-03-23,"competitor_minus_unrelated","pre_21_1",0,0
2023-03-23,"hardware_minus_unrelated","pre_21_1",0,0
2023-03-23,"deployer_minus_unrelated","0_20",-0.0119606456299495,1
2023-03-23,"hardware_minus_unrelated","0_10",-0.000677421946436947,1
2023-03-23,"hardware_minus_unrelated","0_20",-0.000677421946436947,1
2023-03-24,"competitor_minus_unrelated","pre_21_1",0,0
2023-03-24,"deployer_minus_unrelated","pre_11_1",0,0
2023-03-24,"deployer_minus_unrelated","0_20",-0.00295699391617164,1
2023-03-24,"hardware_minus_unrelated","pre_11_1",0,0
2023-03-24,"competitor_minus_unrelated","0_20",0.0139734542166401,1
2023-03-24,"hardware_minus_unrelated","pre_21_1",0,0
2023-03-24,"competitor_minus_unrelated","pre_11_1",0,0
2023-03-24,"competitor_minus_unrelated","0_10",0.0139734542166401,1
2023-03-24,"hardware_minus_unrelated","0_10",-0.0101285493141379,1
2023-03-24,"deployer_minus_unrelated","0_10",-0.00295699391617164,1
2023-03-24,"deployer_minus_unrelated","pre_21_1",0,0
2023-03-24,"hardware_minus_unrelated","0_20",-0.0101285493141379,1
2023-03-27,"deployer_minus_unrelated","0_20",0.0151155369030584,1
2023-03-27,"competitor_minus_unrelated","0_20",0.016387841485533,1
2023-03-27,"hardware_minus_unrelated","pre_11_1",0,0
2023-03-27,"competitor_minus_unrelated","0_10",0.016387841485533,1
2023-03-27,"hardware_minus_unrelated","0_10",0.0245417451295022,1
2023-03-27,"deployer_minus_unrelated","pre_21_1",0,0
2023-03-27,"deployer_minus_unrelated","pre_11_1",0,0
2023-03-27,"hardware_minus_unrelated","pre_21_1",0,0
2023-03-27,"competitor_minus_unrelated","pre_11_1",0,0
2023-03-27,"hardware_minus_unrelated","0_20",0.0245417451295022,1
2023-03-27,"competitor_minus_unrelated","pre_21_1",0,0
2023-03-27,"deployer_minus_unrelated","0_10",0.0151155369030584,1
2023-03-28,"competitor_minus_unrelated","pre_11_1",0,0
2023-03-28,"competitor_minus_unrelated","0_20",-0.0295765348662539,1
2023-03-28,"hardware_minus_unrelated","pre_21_1",0,0
2023-03-28,"hardware_minus_unrelated","0_20",-0.0321476972590189,1
2023-03-28,"deployer_minus_unrelated","pre_11_1",0,0
2023-03-28,"competitor_minus_unrelated","0_10",-0.0295765348662539,1
2023-03-28,"deployer_minus_unrelated","0_10",-0.0221994533526079,1
2023-03-28,"deployer_minus_unrelated","pre_21_1",0,0
2023-03-28,"hardware_minus_unrelated","pre_11_1",0,0
2023-03-28,"deployer_minus_unrelated","0_20",-0.0221994533526079,1
2023-03-28,"hardware_minus_unrelated","0_10",-0.0321476972590189,1
2023-03-28,"competitor_minus_unrelated","pre_21_1",0,0
2023-03-29,"hardware_minus_unrelated","0_20",-0.0356400891177976,1
2023-03-29,"deployer_minus_unrelated","pre_11_1",0,0
2023-03-29,"deployer_minus_unrelated","0_20",-0.0634317446487919,1
2023-03-29,"deployer_minus_unrelated","0_10",0,0
2023-03-29,"competitor_minus_unrelated","pre_21_1",0,0
2023-03-29,"deployer_minus_unrelated","pre_21_1",0,0
2023-03-29,"hardware_minus_unrelated","pre_11_1",0,0
2023-03-29,"hardware_minus_unrelated","0_10",0,0
2023-03-29,"competitor_minus_unrelated","pre_11_1",0,0
2023-03-29,"hardware_minus_unrelated","pre_21_1",0,0
2023-03-29,"competitor_minus_unrelated","0_10",0,0
2023-03-29,"competitor_minus_unrelated","0_20",-0.0603227412190531,1
2023-03-30,"competitor_minus_unrelated","pre_11_1",0,0
2023-03-30,"hardware_minus_unrelated","0_20",0.0236576457086511,1
2023-03-30,"competitor_minus_unrelated","pre_21_1",0,0
2023-03-30,"hardware_minus_unrelated","pre_11_1",0,0
2023-03-30,"deployer_minus_unrelated","0_20",0.0357544115925704,1
2023-03-30,"deployer_minus_unrelated","0_10",0,0
2023-03-30,"deployer_minus_unrelated","pre_21_1",0,0
2023-03-30,"hardware_minus_unrelated","pre_21_1",0,0
2023-03-30,"competitor_minus_unrelated","0_10",0,0
2023-03-30,"hardware_minus_unrelated","0_10",0,0
2023-03-30,"competitor_minus_unrelated","0_20",0.0105941218756703,1
2023-03-30,"deployer_minus_unrelated","pre_11_1",0,0
2023-03-31,"competitor_minus_unrelated","pre_11_1",0,0
2023-03-31,"hardware_minus_unrelated","pre_11_1",0,0
2023-03-31,"hardware_minus_unrelated","0_20",-0.0209956094182657,1
2023-03-31,"deployer_minus_unrelated","0_20",-0.015197461684073,1
2023-03-31,"deployer_minus_unrelated","pre_21_1",0,0
2023-03-31,"deployer_minus_unrelated","pre_11_1",0,0
2023-03-31,"competitor_minus_unrelated","0_10",0,0
2023-03-31,"deployer_minus_unrelated","0_10",0,0
2023-03-31,"competitor_minus_unrelated","0_20",-0.00865814454864115,1
2023-03-31,"hardware_minus_unrelated","pre_21_1",0,0
2023-03-31,"competitor_minus_unrelated","pre_21_1",0,0
2023-03-31,"hardware_minus_unrelated","0_10",0,0
2023-04-03,"deployer_minus_unrelated","0_20",-0.00888062567762153,1
2023-04-03,"hardware_minus_unrelated","0_10",0,0
2023-04-03,"hardware_minus_unrelated","0_20",-0.0188357814521788,1
2023-04-03,"hardware_minus_unrelated","pre_11_1",0,0
2023-04-03,"competitor_minus_unrelated","0_10",0,0
2023-04-03,"deployer_minus_unrelated","0_10",0,0
2023-04-03,"competitor_minus_unrelated","0_20",-0.00704902032913945,1
2023-04-03,"competitor_minus_unrelated","pre_11_1",0,0
2023-04-03,"deployer_minus_unrelated","pre_21_1",0,0
2023-04-03,"competitor_minus_unrelated","pre_21_1",0,0
2023-04-03,"deployer_minus_unrelated","pre_11_1",0,0
2023-04-03,"hardware_minus_unrelated","pre_21_1",0,0
2023-04-04,"deployer_minus_unrelated","0_10",0,0
2023-04-04,"deployer_minus_unrelated","0_20",-0.00990112627752376,1
2023-04-04,"hardware_minus_unrelated","0_10",0,0
2023-04-04,"competitor_minus_unrelated","0_20",0.00546625970413955,1
2023-04-04,"hardware_minus_unrelated","pre_21_1",0,0
2023-04-04,"hardware_minus_unrelated","0_20",-0.0168033393835038,1
2023-04-04,"hardware_minus_unrelated","pre_11_1",0,0
2023-04-04,"deployer_minus_unrelated","pre_11_1",0,0
2023-04-04,"competitor_minus_unrelated","pre_21_1",0,0
2023-04-04,"competitor_minus_unrelated","pre_11_1",0,0
2023-04-04,"deployer_minus_unrelated","pre_21_1",0,0
2023-04-04,"competitor_minus_unrelated","0_10",0,0
2023-04-05,"competitor_minus_unrelated","0_20",0.00431666582850271,1
2023-04-05,"hardware_minus_unrelated","pre_21_1",0,0
2023-04-05,"hardware_minus_unrelated","0_20",-0.00409214632417364,1
2023-04-05,"deployer_minus_unrelated","0_20",-0.00843856976551237,1
2023-04-05,"hardware_minus_unrelated","0_10",0,0
2023-04-05,"deployer_minus_unrelated","pre_11_1",0,0
2023-04-05,"hardware_minus_unrelated","pre_11_1",0,0
2023-04-05,"competitor_minus_unrelated","0_10",0,0
2023-04-05,"competitor_minus_unrelated","pre_21_1",0,0
2023-04-05,"deployer_minus_unrelated","0_10",0,0
2023-04-05,"competitor_minus_unrelated","pre_11_1",0,0
2023-04-05,"deployer_minus_unrelated","pre_21_1",0,0
2023-04-06,"competitor_minus_unrelated","0_20",0.0239828444733932,1
2023-04-06,"deployer_minus_unrelated","pre_11_1",0,0
2023-04-06,"hardware_minus_unrelated","0_10",0,0
2023-04-06,"competitor_minus_unrelated","0_10",0,0
2023-04-06,"competitor_minus_unrelated","pre_21_1",0,0
2023-04-06,"competitor_minus_unrelated","pre_11_1",0,0
2023-04-06,"hardware_minus_unrelated","pre_21_1",0,0
2023-04-06,"deployer_minus_unrelated","0_20",0.00272483888324365,1
2023-04-06,"hardware_minus_unrelated","0_20",-0.0019417264561583,1
2023-04-06,"hardware_minus_unrelated","pre_11_1",0,0
2023-04-06,"deployer_minus_unrelated","0_10",0,0
2023-04-06,"deployer_minus_unrelated","pre_21_1",0,0
2023-04-10,"hardware_minus_unrelated","0_10",0,0
2023-04-10,"competitor_minus_unrelated","0_10",0,0
2023-04-10,"deployer_minus_unrelated","0_20",-0.0434217354770165,1
2023-04-10,"competitor_minus_unrelated","pre_11_1",0,0
2023-04-10,"deployer_minus_unrelated","pre_11_1",0,0
2023-04-10,"competitor_minus_unrelated","0_20",-0.05260900386855,1
2023-04-10,"deployer_minus_unrelated","0_10",0,0
2023-04-10,"deployer_minus_unrelated","pre_21_1",0,0
2023-04-10,"competitor_minus_unrelated","pre_21_1",0,0
2023-04-10,"hardware_minus_unrelated","0_20",-0.0145575992856141,1
2023-04-10,"hardware_minus_unrelated","pre_11_1",0,0
2023-04-10,"hardware_minus_unrelated","pre_21_1",0,0
2023-04-11,"deployer_minus_unrelated","0_20",-0.032196746857115,1
2023-04-11,"deployer_minus_unrelated","0_10",0,0
2023-04-11,"competitor_minus_unrelated","0_10",0,0
2023-04-11,"hardware_minus_unrelated","0_10",0,0
2023-04-11,"competitor_minus_unrelated","0_20",-0.0451339334988598,1
2023-04-11,"hardware_minus_unrelated","pre_11_1",0,0
2023-04-11,"hardware_minus_unrelated","0_20",-0.037915076321418,1
2023-04-11,"deployer_minus_unrelated","pre_11_1",0,0
2023-04-11,"competitor_minus_unrelated","pre_11_1",0,0
2023-04-11,"hardware_minus_unrelated","pre_21_1",-0.037915076321418,1
2023-04-11,"competitor_minus_unrelated","pre_21_1",-0.0461430487064839,1
2023-04-11,"deployer_minus_unrelated","pre_21_1",-0.032196746857115,1
2023-04-12,"hardware_minus_unrelated","0_10",0,0
2023-04-12,"deployer_minus_unrelated","pre_11_1",0,0
2023-04-12,"competitor_minus_unrelated","0_10",0,0
2023-04-12,"deployer_minus_unrelated","0_10",0,0
2023-04-12,"hardware_minus_unrelated","0_20",-0.00716390928093558,1
2023-04-12,"deployer_minus_unrelated","0_20",-0.0237599373342166,1
2023-04-12,"deployer_minus_unrelated","pre_21_1",-0.0237599373342166,1
2023-04-12,"hardware_minus_unrelated","pre_21_1",-0.00716390928093558,1
2023-04-12,"competitor_minus_unrelated","pre_21_1",0.00887434345289748,1
2023-04-12,"competitor_minus_unrelated","pre_11_1",0,0
2023-04-12,"competitor_minus_unrelated","0_20",0.0067213975940005,1
2023-04-12,"hardware_minus_unrelated","pre_11_1",0,0
2023-04-13,"competitor_minus_unrelated","0_10",0,0
2023-04-13,"hardware_minus_unrelated","0_20",0,0
2023-04-13,"deployer_minus_unrelated","pre_11_1",0,0
2023-04-13,"competitor_minus_unrelated","0_20",0,0
2023-04-13,"deployer_minus_unrelated","0_20",0,0
2023-04-13,"competitor_minus_unrelated","pre_21_1",-0.00017604141596983,1
2023-04-13,"competitor_minus_unrelated","pre_11_1",0,0
2023-04-13,"hardware_minus_unrelated","pre_11_1",0,0
2023-04-13,"hardware_minus_unrelated","0_10",0,0
2023-04-13,"hardware_minus_unrelated","pre_21_1",-0.021682339994731,1
2023-04-13,"deployer_minus_unrelated","0_10",0,0
2023-04-13,"deployer_minus_unrelated","pre_21_1",-0.00137639884328304,1
2023-04-14,"competitor_minus_unrelated","pre_21_1",0.0111224712298559,1
2023-04-14,"competitor_minus_unrelated","0_20",0,0
2023-04-14,"deployer_minus_unrelated","0_20",0,0
2023-04-14,"hardware_minus_unrelated","0_20",0,0
2023-04-14,"competitor_minus_unrelated","pre_11_1",0,0
2023-04-14,"competitor_minus_unrelated","0_10",0,0
2023-04-14,"hardware_minus_unrelated","pre_21_1",0.00823792878739086,1
2023-04-14,"hardware_minus_unrelated","0_10",0,0
2023-04-14,"deployer_minus_unrelated","pre_21_1",0.00979168430190321,1
2023-04-14,"deployer_minus_unrelated","pre_11_1",0,0
2023-04-14,"deployer_minus_unrelated","0_10",0,0
2023-04-14,"hardware_minus_unrelated","pre_11_1",0,0
2023-04-17,"deployer_minus_unrelated","pre_11_1",0,0
2023-04-17,"hardware_minus_unrelated","0_20",0,0
2023-04-17,"competitor_minus_unrelated","pre_21_1",0.0260437101402309,1
2023-04-17,"deployer_minus_unrelated","0_20",0,0
2023-04-17,"hardware_minus_unrelated","0_10",0,0
2023-04-17,"competitor_minus_unrelated","pre_11_1",0,0
2023-04-17,"hardware_minus_unrelated","pre_11_1",0,0
2023-04-17,"deployer_minus_unrelated","0_10",0,0
2023-04-17,"hardware_minus_unrelated","pre_21_1",0.0275345169189446,1
2023-04-17,"deployer_minus_unrelated","pre_21_1",0.0279743763753993,1
2023-04-17,"competitor_minus_unrelated","0_20",0,0
2023-04-17,"competitor_minus_unrelated","0_10",0,0
2023-04-18,"hardware_minus_unrelated","pre_21_1",-0.0231550280190165,1
2023-04-18,"competitor_minus_unrelated","0_10",0,0
2023-04-18,"competitor_minus_unrelated","pre_11_1",0,0
2023-04-18,"competitor_minus_unrelated","pre_21_1",-0.0253606620860533,1
2023-04-18,"competitor_minus_unrelated","0_20",0,0
2023-04-18,"deployer_minus_unrelated","pre_11_1",0,0
2023-04-18,"deployer_minus_unrelated","0_20",0,0
2023-04-18,"hardware_minus_unrelated","pre_11_1",0,0
2023-04-18,"hardware_minus_unrelated","0_20",0,0
2023-04-18,"deployer_minus_unrelated","0_10",0,0
2023-04-18,"hardware_minus_unrelated","0_10",0,0
2023-04-18,"deployer_minus_unrelated","pre_21_1",-0.00694428241164119,1
2023-04-19,"deployer_minus_unrelated","0_20",0,0
2023-04-19,"competitor_minus_unrelated","pre_11_1",0,0
2023-04-19,"hardware_minus_unrelated","pre_11_1",0,0
2023-04-19,"deployer_minus_unrelated","pre_11_1",0,0
2023-04-19,"hardware_minus_unrelated","0_10",0,0
2023-04-19,"hardware_minus_unrelated","0_20",0,0
2023-04-19,"competitor_minus_unrelated","pre_21_1",0.0224117263620869,1
2023-04-19,"hardware_minus_unrelated","pre_21_1",0.00670497110979909,1
2023-04-19,"deployer_minus_unrelated","pre_21_1",0.0194078481937123,1
2023-04-19,"deployer_minus_unrelated","0_10",0,0
2023-04-19,"competitor_minus_unrelated","0_10",0,0
2023-04-19,"competitor_minus_unrelated","0_20",0,0
2023-04-20,"hardware_minus_unrelated","pre_11_1",0,0
2023-04-20,"competitor_minus_unrelated","pre_11_1",0,0
2023-04-20,"deployer_minus_unrelated","pre_21_1",0.0160747351551127,1
2023-04-20,"hardware_minus_unrelated","0_20",0,0
2023-04-20,"deployer_minus_unrelated","pre_11_1",0,0
2023-04-20,"deployer_minus_unrelated","0_20",0,0
2023-04-20,"deployer_minus_unrelated","0_10",0,0
2023-04-20,"competitor_minus_unrelated","0_10",0,0
2023-04-20,"hardware_minus_unrelated","pre_21_1",0.0275129384628201,1
2023-04-20,"competitor_minus_unrelated","0_20",0,0
2023-04-20,"hardware_minus_unrelated","0_10",0,0
2023-04-20,"competitor_minus_unrelated","pre_21_1",0.0252042302269876,1
2023-04-21,"competitor_minus_unrelated","pre_11_1",0,0
2023-04-21,"deployer_minus_unrelated","pre_21_1",0.00797744192244215,1
2023-04-21,"hardware_minus_unrelated","pre_11_1",0,0
2023-04-21,"hardware_minus_unrelated","pre_21_1",-0.00287207226757004,1
2023-04-21,"deployer_minus_unrelated","0_20",0,0
2023-04-21,"competitor_minus_unrelated","pre_21_1",-0.000909146851380771,1
2023-04-21,"competitor_minus_unrelated","0_10",0,0
2023-04-21,"competitor_minus_unrelated","0_20",0,0
2023-04-21,"deployer_minus_unrelated","0_10",0,0
2023-04-21,"deployer_minus_unrelated","pre_11_1",0,0
2023-04-21,"hardware_minus_unrelated","0_20",0,0
2023-04-21,"hardware_minus_unrelated","0_10",0,0
2023-04-24,"hardware_minus_unrelated","pre_21_1",0.00364919114933159,1
2023-04-24,"deployer_minus_unrelated","pre_21_1",-0.0118452092391603,1
2023-04-24,"deployer_minus_unrelated","pre_11_1",0,0
2023-04-24,"competitor_minus_unrelated","pre_11_1",0,0
2023-04-24,"deployer_minus_unrelated","0_20",0,0
2023-04-24,"hardware_minus_unrelated","0_10",0,0
2023-04-24,"hardware_minus_unrelated","pre_11_1",0,0
2023-04-24,"hardware_minus_unrelated","0_20",0,0
2023-04-24,"competitor_minus_unrelated","0_20",0,0
2023-04-24,"competitor_minus_unrelated","0_10",0,0
2023-04-24,"competitor_minus_unrelated","pre_21_1",0.00378099230948334,1
2023-04-24,"deployer_minus_unrelated","0_10",0,0
2023-04-25,"competitor_minus_unrelated","pre_21_1",-0.017448597412544,1
2023-04-25,"hardware_minus_unrelated","pre_21_1",-0.029885806520539,1
2023-04-25,"deployer_minus_unrelated","0_20",0,0
2023-04-25,"deployer_minus_unrelated","pre_21_1",-0.0291805088046523,1
2023-04-25,"hardware_minus_unrelated","pre_11_1",-0.029885806520539,1
2023-04-25,"deployer_minus_unrelated","0_10",0,0
2023-04-25,"hardware_minus_unrelated","0_20",0,0
2023-04-25,"hardware_minus_unrelated","0_10",0,0
2023-04-25,"competitor_minus_unrelated","0_20",0,0
2023-04-25,"competitor_minus_unrelated","pre_11_1",-0.017448597412544,1
2023-04-25,"competitor_minus_unrelated","0_10",0,0
2023-04-25,"deployer_minus_unrelated","pre_11_1",-0.0291805088046523,1
2023-04-26,"hardware_minus_unrelated","pre_21_1",-0.000344447036685656,1
2023-04-26,"deployer_minus_unrelated","0_20",0,0
2023-04-26,"hardware_minus_unrelated","pre_11_1",-0.000344447036685656,1
2023-04-26,"deployer_minus_unrelated","0_10",0,0
2023-04-26,"deployer_minus_unrelated","pre_21_1",-0.000570669454088753,1
2023-04-26,"hardware_minus_unrelated","0_10",0,0
2023-04-26,"competitor_minus_unrelated","pre_11_1",0.00842309147470502,1
2023-04-26,"competitor_minus_unrelated","pre_21_1",0.00842309147470502,1
2023-04-26,"hardware_minus_unrelated","0_20",0,0
2023-04-26,"deployer_minus_unrelated","pre_11_1",-0.000570669454088753,1
2023-04-26,"competitor_minus_unrelated","0_20",0,0
2023-04-26,"competitor_minus_unrelated","0_10",0,0
2023-04-27,"hardware_minus_unrelated","0_10",0,0
2023-04-27,"deployer_minus_unrelated","0_20",0,0
2023-04-27,"hardware_minus_unrelated","0_20",0,0
2023-04-27,"hardware_minus_unrelated","pre_11_1",-0.0473973286370026,1
2023-04-27,"competitor_minus_unrelated","pre_21_1",-0.00178614829242962,1
2023-04-27,"hardware_minus_unrelated","pre_21_1",-0.0473973286370026,1
2023-04-27,"competitor_minus_unrelated","0_10",0,0
2023-04-27,"deployer_minus_unrelated","pre_21_1",-0.037700928431169,1
2023-04-27,"competitor_minus_unrelated","pre_11_1",-0.00178614829242962,1
2023-04-27,"deployer_minus_unrelated","0_10",0,0
2023-04-27,"deployer_minus_unrelated","pre_11_1",-0.037700928431169,1
2023-04-27,"competitor_minus_unrelated","0_20",0,0
2023-04-28,"deployer_minus_unrelated","0_20",0,0
2023-04-28,"competitor_minus_unrelated","pre_21_1",-0.00741518563482629,1
2023-04-28,"hardware_minus_unrelated","pre_11_1",0.00457715514972933,1
2023-04-28,"hardware_minus_unrelated","0_10",0,0
2023-04-28,"deployer_minus_unrelated","pre_11_1",0.0112821132434974,1
2023-04-28,"deployer_minus_unrelated","pre_21_1",0.0112821132434974,1
2023-04-28,"competitor_minus_unrelated","0_20",0,0
2023-04-28,"competitor_minus_unrelated","pre_11_1",-0.00741518563482629,1
2023-04-28,"deployer_minus_unrelated","0_10",0,0
2023-04-28,"hardware_minus_unrelated","pre_21_1",0.00457715514972933,1
2023-04-28,"hardware_minus_unrelated","0_20",0,0
2023-04-28,"competitor_minus_unrelated","0_10",0,0
2023-05-01,"competitor_minus_unrelated","0_20",0,0
2023-05-01,"deployer_minus_unrelated","0_20",0,0
2023-05-01,"competitor_minus_unrelated","pre_21_1",0.0268069089284674,1
2023-05-01,"deployer_minus_unrelated","pre_21_1",0.0350827225031007,1
2023-05-01,"deployer_minus_unrelated","pre_11_1",0.0350827225031007,1
2023-05-01,"competitor_minus_unrelated","0_10",0,0
2023-05-01,"hardware_minus_unrelated","0_10",0,0
2023-05-01,"hardware_minus_unrelated","0_20",0,0
2023-05-01,"hardware_minus_unrelated","pre_11_1",0.0315884790351706,1
2023-05-01,"hardware_minus_unrelated","pre_21_1",0.0315884790351706,1
2023-05-01,"competitor_minus_unrelated","pre_11_1",0.0268069089284674,1
2023-05-01,"deployer_minus_unrelated","0_10",0,0
2023-05-02,"competitor_minus_unrelated","pre_21_1",-0.0450695937971146,1
2023-05-02,"competitor_minus_unrelated","0_10",0,0
2023-05-02,"hardware_minus_unrelated","pre_11_1",-0.043840869072774,1
2023-05-02,"deployer_minus_unrelated","pre_11_1",-0.0622353658282793,1
2023-05-02,"hardware_minus_unrelated","pre_21_1",-0.043840869072774,1
2023-05-02,"competitor_minus_unrelated","0_20",0,0
2023-05-02,"competitor_minus_unrelated","pre_11_1",-0.0450695937971146,1
2023-05-02,"deployer_minus_unrelated","0_20",0,0
2023-05-02,"deployer_minus_unrelated","0_10",0,0
2023-05-02,"hardware_minus_unrelated","0_20",0,0
2023-05-02,"hardware_minus_unrelated","0_10",0,0
2023-05-02,"deployer_minus_unrelated","pre_21_1",-0.0622353658282793,1
2023-05-03,"competitor_minus_unrelated","0_20",0,0
2023-05-03,"competitor_minus_unrelated","0_10",0,0
2023-05-03,"deployer_minus_unrelated","0_20",0,0
2023-05-03,"competitor_minus_unrelated","pre_11_1",0.0202569423546405,1
2023-05-03,"deployer_minus_unrelated","pre_11_1",0.0392529773287541,1
2023-05-03,"hardware_minus_unrelated","pre_21_1",0.0304479032024733,1
2023-05-03,"competitor_minus_unrelated","pre_21_1",0.0202569423546405,1
2023-05-03,"hardware_minus_unrelated","0_10",0,0
2023-05-03,"hardware_minus_unrelated","pre_11_1",0.0304479032024733,1
2023-05-03,"deployer_minus_unrelated","0_10",0,0
2023-05-03,"hardware_minus_unrelated","0_20",0,0
2023-05-03,"deployer_minus_unrelated","pre_21_1",0.0392529773287541,1
2023-05-04,"deployer_minus_unrelated","pre_11_1",-0.00744860309783672,1
2023-05-04,"competitor_minus_unrelated","pre_11_1",-0.022082043531847,1
2023-05-04,"competitor_minus_unrelated","pre_21_1",-0.022082043531847,1
2023-05-04,"deployer_minus_unrelated","0_20",0,0
2023-05-04,"competitor_minus_unrelated","0_20",0,0
2023-05-04,"hardware_minus_unrelated","pre_21_1",-0.0147799175778471,1
2023-05-04,"hardware_minus_unrelated","pre_11_1",-0.0147799175778471,1
2023-05-04,"hardware_minus_unrelated","0_10",0,0
2023-05-04,"deployer_minus_unrelated","pre_21_1",-0.00744860309783672,1
2023-05-04,"hardware_minus_unrelated","0_20",0,0
2023-05-04,"deployer_minus_unrelated","0_10",0,0
2023-05-04,"competitor_minus_unrelated","0_10",0,0
2023-05-05,"competitor_minus_unrelated","pre_21_1",-0.00371688303758691,1
2023-05-05,"competitor_minus_unrelated","pre_11_1",-0.00371688303758691,1
2023-05-05,"hardware_minus_unrelated","pre_11_1",-0.0131995289869185,1
2023-05-05,"hardware_minus_unrelated","0_10",0,0
2023-05-05,"hardware_minus_unrelated","pre_21_1",-0.0131995289869185,1
2023-05-05,"competitor_minus_unrelated","0_20",0,0
2023-05-05,"competitor_minus_unrelated","0_10",0,0
2023-05-05,"hardware_minus_unrelated","0_20",0,0
2023-05-05,"deployer_minus_unrelated","pre_21_1",-0.0179021722666718,1
2023-05-05,"deployer_minus_unrelated","0_20",0,0
2023-05-05,"deployer_minus_unrelated","0_10",0,0
2023-05-05,"deployer_minus_unrelated","pre_11_1",-0.0179021722666718,1
2023-05-08,"competitor_minus_unrelated","pre_11_1",0.0446078324013461,1
2023-05-08,"hardware_minus_unrelated","pre_11_1",0.0537610449159835,1
2023-05-08,"deployer_minus_unrelated","pre_21_1",0.0634659303592807,1
2023-05-08,"hardware_minus_unrelated","0_10",0,0
2023-05-08,"hardware_minus_unrelated","pre_21_1",0.0537610449159835,1
2023-05-08,"deployer_minus_unrelated","0_10",0,0
2023-05-08,"competitor_minus_unrelated","0_20",0,0
2023-05-08,"deployer_minus_unrelated","pre_11_1",0.0634659303592807,1
2023-05-08,"hardware_minus_unrelated","0_20",0,0
2023-05-08,"deployer_minus_unrelated","0_20",0,0
2023-05-08,"competitor_minus_unrelated","pre_21_1",0.0446078324013461,1
2023-05-08,"competitor_minus_unrelated","0_10",0,0
2023-05-09,"hardware_minus_unrelated","pre_11_1",-0.0304399445885068,1
2023-05-09,"hardware_minus_unrelated","pre_21_1",-0.0304399445885068,1
2023-05-09,"deployer_minus_unrelated","pre_21_1",-0.0177370225438697,1
2023-05-09,"deployer_minus_unrelated","0_20",0,0
2023-05-09,"hardware_minus_unrelated","0_10",0,0
2023-05-09,"hardware_minus_unrelated","0_20",0,0
2023-05-09,"deployer_minus_unrelated","0_10",0,0
2023-05-09,"competitor_minus_unrelated","0_20",0,0
2023-05-09,"competitor_minus_unrelated","pre_11_1",-0.0188469593838572,1
2023-05-09,"competitor_minus_unrelated","0_10",0,0
2023-05-09,"deployer_minus_unrelated","pre_11_1",-0.0177370225438697,1
2023-05-09,"competitor_minus_unrelated","pre_21_1",-0.0188469593838572,1
2023-05-10,"hardware_minus_unrelated","pre_21_1",0,0
2023-05-10,"deployer_minus_unrelated","0_20",-0.0133308756365652,1
2023-05-10,"hardware_minus_unrelated","0_10",-0.0115111401813927,1
2023-05-10,"deployer_minus_unrelated","pre_21_1",0,0
2023-05-10,"competitor_minus_unrelated","pre_11_1",0,0
2023-05-10,"hardware_minus_unrelated","0_20",-0.0115111401813927,1
2023-05-10,"deployer_minus_unrelated","0_10",-0.0133308756365652,1
2023-05-10,"hardware_minus_unrelated","pre_11_1",0,0
2023-05-10,"competitor_minus_unrelated","0_10",-0.0135407076280422,1
2023-05-10,"deployer_minus_unrelated","pre_11_1",0,0
2023-05-10,"competitor_minus_unrelated","0_20",-0.0135407076280422,1
2023-05-10,"competitor_minus_unrelated","pre_21_1",0,0
2023-05-11,"deployer_minus_unrelated","0_20",0.0613189605925958,1
2023-05-11,"hardware_minus_unrelated","0_10",0.0355998533502371,1
2023-05-11,"deployer_minus_unrelated","0_10",0.0613189605925958,1
2023-05-11,"hardware_minus_unrelated","pre_21_1",0,0
2023-05-11,"deployer_minus_unrelated","pre_11_1",0,0
2023-05-11,"deployer_minus_unrelated","pre_21_1",0,0
2023-05-11,"competitor_minus_unrelated","0_10",0.0445770214903105,1
2023-05-11,"hardware_minus_unrelated","pre_11_1",0,0
2023-05-11,"hardware_minus_unrelated","0_20",0.0355998533502371,1
2023-05-11,"competitor_minus_unrelated","0_20",0.0445770214903105,1
2023-05-11,"competitor_minus_unrelated","pre_21_1",0,0
2023-05-11,"competitor_minus_unrelated","pre_11_1",0,0
2023-05-12,"deployer_minus_unrelated","0_10",0.00697524126195907,1
2023-05-12,"hardware_minus_unrelated","0_10",0.0266768526777684,1
2023-05-12,"deployer_minus_unrelated","pre_11_1",0,0
2023-05-12,"competitor_minus_unrelated","0_10",0.0160787051387812,1
2023-05-12,"competitor_minus_unrelated","0_20",0.0160787051387812,1
2023-05-12,"hardware_minus_unrelated","pre_11_1",0,0
2023-05-12,"hardware_minus_unrelated","pre_21_1",0,0
2023-05-12,"hardware_minus_unrelated","0_20",0.0266768526777684,1
2023-05-12,"competitor_minus_unrelated","pre_11_1",0,0
2023-05-12,"competitor_minus_unrelated","pre_21_1",0,0
2023-05-12,"deployer_minus_unrelated","0_20",0.00697524126195907,1
2023-05-12,"deployer_minus_unrelated","pre_21_1",0,0
2023-05-15,"deployer_minus_unrelated","0_10",-0.00622093821883977,1
2023-05-15,"deployer_minus_unrelated","pre_11_1",0,0
2023-05-15,"competitor_minus_unrelated","pre_11_1",0,0
2023-05-15,"hardware_minus_unrelated","pre_11_1",0,0
2023-05-15,"deployer_minus_unrelated","0_20",-0.00622093821883977,1
2023-05-15,"competitor_minus_unrelated","0_20",-0.00871337125012778,1
2023-05-15,"competitor_minus_unrelated","pre_21_1",0,0
2023-05-15,"deployer_minus_unrelated","pre_21_1",0,0
2023-05-15,"hardware_minus_unrelated","0_10",0.0153130963250202,1
2023-05-15,"hardware_minus_unrelated","0_20",0.0153130963250202,1
2023-05-15,"hardware_minus_unrelated","pre_21_1",0,0
2023-05-15,"competitor_minus_unrelated","0_10",-0.00871337125012778,1
2023-05-16,"deployer_minus_unrelated","0_10",0.00778069793188955,1
2023-05-16,"competitor_minus_unrelated","0_20",0.0196495433505048,1
2023-05-16,"deployer_minus_unrelated","pre_11_1",0,0
2023-05-16,"competitor_minus_unrelated","pre_11_1",0,0
2023-05-16,"hardware_minus_unrelated","pre_11_1",0,0
2023-05-16,"hardware_minus_unrelated","0_20",0.0138910885940917,1
2023-05-16,"hardware_minus_unrelated","pre_21_1",0,0
2023-05-16,"competitor_minus_unrelated","0_10",0.0196495433505048,1
2023-05-16,"competitor_minus_unrelated","pre_21_1",0,0
2023-05-16,"deployer_minus_unrelated","0_20",0.00778069793188955,1
2023-05-16,"deployer_minus_unrelated","pre_21_1",0,0
2023-05-16,"hardware_minus_unrelated","0_10",0.0138910885940917,1
2023-05-17,"competitor_minus_unrelated","pre_11_1",0,0
2023-05-17,"deployer_minus_unrelated","0_10",-0.0166269071028547,1
2023-05-17,"competitor_minus_unrelated","pre_21_1",0,0
2023-05-17,"deployer_minus_unrelated","pre_11_1",0,0
2023-05-17,"competitor_minus_unrelated","0_20",-0.0100006003363512,1
2023-05-17,"deployer_minus_unrelated","pre_21_1",0,0
2023-05-17,"hardware_minus_unrelated","pre_11_1",0,0
2023-05-17,"deployer_minus_unrelated","0_20",-0.0166269071028547,1
2023-05-17,"hardware_minus_unrelated","0_20",-0.00250484577873623,1
2023-05-17,"hardware_minus_unrelated","0_10",-0.00250484577873623,1
2023-05-17,"competitor_minus_unrelated","0_10",-0.0100006003363512,1
2023-05-17,"hardware_minus_unrelated","pre_21_1",0,0
2023-05-18,"competitor_minus_unrelated","pre_11_1",0,0
2023-05-18,"hardware_minus_unrelated","pre_21_1",0,0
2023-05-18,"hardware_minus_unrelated","0_20",0.0333771726909713,1
2023-05-18,"deployer_minus_unrelated","pre_21_1",0,0
2023-05-18,"hardware_minus_unrelated","0_10",0.0333771726909713,1
2023-05-18,"deployer_minus_unrelated","pre_11_1",0,0
2023-05-18,"deployer_minus_unrelated","0_20",-0.0101737783268578,1
2023-05-18,"competitor_minus_unrelated","0_20",0.0148299203380373,1
2023-05-18,"hardware_minus_unrelated","pre_11_1",0,0
2023-05-18,"deployer_minus_unrelated","0_10",-0.0101737783268578,1
2023-05-18,"competitor_minus_unrelated","pre_21_1",0,0
2023-05-18,"competitor_minus_unrelated","0_10",0.0148299203380373,1
2023-05-19,"deployer_minus_unrelated","pre_11_1",0,0
2023-05-19,"deployer_minus_unrelated","0_20",-0.00588631889439547,1
2023-05-19,"hardware_minus_unrelated","pre_21_1",0,0
2023-05-19,"competitor_minus_unrelated","0_10",0.00593982018916472,1
2023-05-19,"hardware_minus_unrelated","0_10",-0.0051228213036531,1
2023-05-19,"competitor_minus_unrelated","pre_21_1",0,0
2023-05-19,"competitor_minus_unrelated","0_20",0.00593982018916472,1
2023-05-19,"competitor_minus_unrelated","pre_11_1",0,0
2023-05-19,"hardware_minus_unrelated","pre_11_1",0,0
2023-05-19,"deployer_minus_unrelated","pre_21_1",0,0
2023-05-19,"deployer_minus_unrelated","0_10",-0.00588631889439547,1
2023-05-19,"hardware_minus_unrelated","0_20",-0.0051228213036531,1
2023-05-22,"deployer_minus_unrelated","pre_11_1",0,0
2023-05-22,"competitor_minus_unrelated","pre_11_1",0,0
2023-05-22,"hardware_minus_unrelated","pre_21_1",0,0
2023-05-22,"hardware_minus_unrelated","0_20",-0.0045726660193934,1
2023-05-22,"hardware_minus_unrelated","pre_11_1",0,0
2023-05-22,"hardware_minus_unrelated","0_10",-0.0045726660193934,1
2023-05-22,"deployer_minus_unrelated","0_20",-0.00437145455867444,1
2023-05-22,"deployer_minus_unrelated","0_10",-0.00437145455867444,1
2023-05-22,"competitor_minus_unrelated","0_20",-0.00552209308705681,1
2023-05-22,"competitor_minus_unrelated","pre_21_1",0,0
2023-05-22,"competitor_minus_unrelated","0_10",-0.00552209308705681,1
2023-05-22,"deployer_minus_unrelated","pre_21_1",0,0
2023-05-23,"deployer_minus_unrelated","pre_21_1",0,0
2023-05-23,"hardware_minus_unrelated","pre_11_1",0,0
2023-05-23,"hardware_minus_unrelated","0_10",0.00190747565355388,1
2023-05-23,"deployer_minus_unrelated","pre_11_1",0,0
2023-05-23,"competitor_minus_unrelated","pre_11_1",0,0
2023-05-23,"deployer_minus_unrelated","0_10",0.00723546208382845,1
2023-05-23,"hardware_minus_unrelated","pre_21_1",0,0
2023-05-23,"hardware_minus_unrelated","0_20",0.00190747565355388,1
2023-05-23,"deployer_minus_unrelated","0_20",0.00723546208382845,1
2023-05-23,"competitor_minus_unrelated","pre_21_1",0,0
2023-05-23,"competitor_minus_unrelated","0_10",0.0050421962417096,1
2023-05-23,"competitor_minus_unrelated","0_20",0.0050421962417096,1
2023-05-24,"competitor_minus_unrelated","pre_21_1",0,0
2023-05-24,"competitor_minus_unrelated","pre_11_1",0,0
2023-05-24,"competitor_minus_unrelated","0_10",0.0161045415662456,1
2023-05-24,"hardware_minus_unrelated","pre_21_1",0,0
2023-05-24,"hardware_minus_unrelated","0_20",-0.00225849359589974,1
2023-05-24,"deployer_minus_unrelated","0_20",0.0125211338178752,1
2023-05-24,"deployer_minus_unrelated","pre_21_1",0,0
2023-05-24,"hardware_minus_unrelated","pre_11_1",0,0
2023-05-24,"deployer_minus_unrelated","pre_11_1",0,0
2023-05-24,"competitor_minus_unrelated","0_20",0.0161045415662456,1
2023-05-24,"deployer_minus_unrelated","0_10",0.0125211338178752,1
2023-05-24,"hardware_minus_unrelated","0_10",-0.00225849359589974,1
2023-05-25,"competitor_minus_unrelated","pre_11_1",0,0
2023-05-25,"competitor_minus_unrelated","pre_21_1",0,0
2023-05-25,"hardware_minus_unrelated","pre_21_1",0,0
2023-05-25,"deployer_minus_unrelated","0_20",-0.0027718683931963,1
2023-05-25,"deployer_minus_unrelated","pre_21_1",0,0
2023-05-25,"hardware_minus_unrelated","0_10",0,0
2023-05-25,"deployer_minus_unrelated","0_10",0,0
2023-05-25,"competitor_minus_unrelated","0_20",0.0302592190249411,1
2023-05-25,"hardware_minus_unrelated","0_20",0.0521140306090932,1
2023-05-25,"deployer_minus_unrelated","pre_11_1",0,0
2023-05-25,"competitor_minus_unrelated","0_10",0,0
2023-05-25,"hardware_minus_unrelated","pre_11_1",0,0
2023-05-26,"hardware_minus_unrelated","0_10",0,0
2023-05-26,"competitor_minus_unrelated","0_20",0.0251077545183805,1
2023-05-26,"hardware_minus_unrelated","pre_11_1",0,0
2023-05-26,"competitor_minus_unrelated","pre_11_1",0,0
2023-05-26,"deployer_minus_unrelated","0_20",0.0648337391739535,1
2023-05-26,"hardware_minus_unrelated","pre_21_1",0,0
2023-05-26,"hardware_minus_unrelated","0_20",0.0597759493830594,1
2023-05-26,"competitor_minus_unrelated","pre_21_1",0,0
2023-05-26,"competitor_minus_unrelated","0_10",0,0
2023-05-26,"deployer_minus_unrelated","0_10",0,0
2023-05-26,"deployer_minus_unrelated","pre_21_1",0,0
2023-05-26,"deployer_minus_unrelated","pre_11_1",0,0
2023-05-30,"hardware_minus_unrelated","0_20",-0.0276690295982502,1
2023-05-30,"hardware_minus_unrelated","pre_11_1",0,0
2023-05-30,"hardware_minus_unrelated","pre_21_1",0,0
2023-05-30,"deployer_minus_unrelated","pre_21_1",0,0
2023-05-30,"deployer_minus_unrelated","0_10",0,0
2023-05-30,"hardware_minus_unrelated","0_10",0,0
2023-05-30,"competitor_minus_unrelated","pre_11_1",0,0
2023-05-30,"competitor_minus_unrelated","0_20",-0.0238612818919476,1
2023-05-30,"competitor_minus_unrelated","0_10",0,0
2023-05-30,"deployer_minus_unrelated","0_20",-0.0533100498642265,1
2023-05-30,"competitor_minus_unrelated","pre_21_1",0,0
2023-05-30,"deployer_minus_unrelated","pre_11_1",0,0
2023-05-31,"hardware_minus_unrelated","0_20",-0.0306949792739532,1
2023-05-31,"deployer_minus_unrelated","pre_21_1",0,0
2023-05-31,"competitor_minus_unrelated","0_20",-0.00645537263418158,1
2023-05-31,"deployer_minus_unrelated","0_10",0,0
2023-05-31,"deployer_minus_unrelated","0_20",-0.0163818871914816,1
2023-05-31,"competitor_minus_unrelated","pre_11_1",0,0
2023-05-31,"deployer_minus_unrelated","pre_11_1",0,0
2023-05-31,"hardware_minus_unrelated","pre_21_1",0,0
2023-05-31,"hardware_minus_unrelated","0_10",0,0
2023-05-31,"competitor_minus_unrelated","0_10",0,0
2023-05-31,"hardware_minus_unrelated","pre_11_1",0,0
2023-05-31,"competitor_minus_unrelated","pre_21_1",0,0
2023-06-01,"deployer_minus_unrelated","0_10",0,0
2023-06-01,"hardware_minus_unrelated","0_20",0.0184238353695661,1
2023-06-01,"deployer_minus_unrelated","0_20",0.0405843245540895,1
2023-06-01,"deployer_minus_unrelated","pre_21_1",0,0
2023-06-01,"hardware_minus_unrelated","pre_21_1",0,0
2023-06-01,"competitor_minus_unrelated","0_20",0.0243727635160762,1
2023-06-01,"competitor_minus_unrelated","pre_11_1",0,0
2023-06-01,"deployer_minus_unrelated","pre_11_1",0,0
2023-06-01,"competitor_minus_unrelated","pre_21_1",0,0
2023-06-01,"competitor_minus_unrelated","0_10",0,0
2023-06-01,"hardware_minus_unrelated","0_10",0,0
2023-06-01,"hardware_minus_unrelated","pre_11_1",0,0
2023-06-02,"hardware_minus_unrelated","pre_21_1",0,0
2023-06-02,"deployer_minus_unrelated","0_10",0,0
2023-06-02,"deployer_minus_unrelated","pre_11_1",0,0
2023-06-02,"deployer_minus_unrelated","0_20",-0.00505021427717286,1
2023-06-02,"hardware_minus_unrelated","pre_11_1",0,0
2023-06-02,"hardware_minus_unrelated","0_20",-0.00795342075294571,1
2023-06-02,"competitor_minus_unrelated","pre_11_1",0,0
2023-06-02,"deployer_minus_unrelated","pre_21_1",0,0
2023-06-02,"competitor_minus_unrelated","0_20",-0.00139312541304504,1
2023-06-02,"hardware_minus_unrelated","0_10",0,0
2023-06-02,"competitor_minus_unrelated","0_10",0,0
2023-06-02,"competitor_minus_unrelated","pre_21_1",0,0
2023-06-05,"hardware_minus_unrelated","0_20",0.0277195797889859,1
2023-06-05,"hardware_minus_unrelated","pre_11_1",0,0
2023-06-05,"competitor_minus_unrelated","pre_21_1",0,0
2023-06-05,"competitor_minus_unrelated","0_20",0.0431093449816955,1
2023-06-05,"deployer_minus_unrelated","0_10",0,0
2023-06-05,"competitor_minus_unrelated","pre_11_1",0,0
2023-06-05,"deployer_minus_unrelated","0_20",0.0445737992821549,1
2023-06-05,"deployer_minus_unrelated","pre_11_1",0,0
2023-06-05,"hardware_minus_unrelated","0_10",0,0
2023-06-05,"competitor_minus_unrelated","0_10",0,0
2023-06-05,"deployer_minus_unrelated","pre_21_1",0,0
2023-06-05,"hardware_minus_unrelated","pre_21_1",0,0
2023-06-06,"competitor_minus_unrelated","pre_21_1",0,0
2023-06-06,"deployer_minus_unrelated","pre_11_1",0,0
2023-06-06,"competitor_minus_unrelated","0_20",-0.0428125642067962,1
2023-06-06,"hardware_minus_unrelated","0_20",-0.0290221631987302,1
2023-06-06,"hardware_minus_unrelated","pre_11_1",0,0
2023-06-06,"competitor_minus_unrelated","pre_11_1",0,0
2023-06-06,"deployer_minus_unrelated","0_10",0,0
2023-06-06,"hardware_minus_unrelated","pre_21_1",0,0
2023-06-06,"deployer_minus_unrelated","pre_21_1",0,0
2023-06-06,"deployer_minus_unrelated","0_20",-0.00820315088354338,1
2023-06-06,"hardware_minus_unrelated","0_10",0,0
2023-06-06,"competitor_minus_unrelated","0_10",0,0
2023-06-07,"hardware_minus_unrelated","0_20",0.0192193081065507,1
2023-06-07,"competitor_minus_unrelated","pre_11_1",0,0
2023-06-07,"competitor_minus_unrelated","pre_21_1",0,0
2023-06-07,"competitor_minus_unrelated","0_20",-0.0078572022742891,1
2023-06-07,"hardware_minus_unrelated","pre_11_1",0,0
2023-06-07,"hardware_minus_unrelated","0_10",0,0
2023-06-07,"hardware_minus_unrelated","pre_21_1",0,0
2023-06-07,"deployer_minus_unrelated","pre_11_1",0,0
2023-06-07,"deployer_minus_unrelated","0_10",0,0
2023-06-07,"deployer_minus_unrelated","pre_21_1",0,0
2023-06-07,"deployer_minus_unrelated","0_20",0.00827323397361405,1
2023-06-07,"competitor_minus_unrelated","0_10",0,0
2023-06-08,"hardware_minus_unrelated","pre_11_1",0,0
2023-06-08,"deployer_minus_unrelated","pre_11_1",0,0
2023-06-08,"deployer_minus_unrelated","0_10",0,0
2023-06-08,"hardware_minus_unrelated","pre_21_1",0.00670354578441362,1
2023-06-08,"hardware_minus_unrelated","0_20",0.00670354578441362,1
2023-06-08,"competitor_minus_unrelated","pre_11_1",0,0
2023-06-08,"competitor_minus_unrelated","0_20",0.0165886466353538,1
2023-06-08,"hardware_minus_unrelated","0_10",0,0
2023-06-08,"competitor_minus_unrelated","pre_21_1",0.00193494126085234,1
2023-06-08,"deployer_minus_unrelated","pre_21_1",0.0134347529825202,1
2023-06-08,"competitor_minus_unrelated","0_10",0,0
2023-06-08,"deployer_minus_unrelated","0_20",0.0134347529825202,1
2023-06-09,"deployer_minus_unrelated","pre_11_1",0,0
2023-06-09,"hardware_minus_unrelated","0_20",0,0
2023-06-09,"deployer_minus_unrelated","0_10",0,0
2023-06-09,"hardware_minus_unrelated","pre_21_1",0.0157026439088119,1
2023-06-09,"hardware_minus_unrelated","pre_11_1",0,0
2023-06-09,"competitor_minus_unrelated","pre_21_1",0.0173705019119307,1
2023-06-09,"competitor_minus_unrelated","0_20",0,0
2023-06-09,"competitor_minus_unrelated","0_10",0,0
2023-06-09,"competitor_minus_unrelated","pre_11_1",0,0
2023-06-09,"deployer_minus_unrelated","pre_21_1",0.0297921419747512,1
2023-06-09,"deployer_minus_unrelated","0_20",0,0
2023-06-09,"hardware_minus_unrelated","0_10",0,0
2023-06-12,"deployer_minus_unrelated","pre_11_1",0,0
2023-06-12,"hardware_minus_unrelated","pre_21_1",0.0377684575210349,1
2023-06-12,"hardware_minus_unrelated","0_20",0,0
2023-06-12,"competitor_minus_unrelated","0_20",0,0
2023-06-12,"deployer_minus_unrelated","0_20",0,0
2023-06-12,"deployer_minus_unrelated","0_10",0,0
2023-06-12,"hardware_minus_unrelated","pre_11_1",0,0
2023-06-12,"competitor_minus_unrelated","pre_21_1",0.0212990925568509,1
2023-06-12,"competitor_minus_unrelated","0_10",0,0
2023-06-12,"competitor_minus_unrelated","pre_11_1",0,0
2023-06-12,"hardware_minus_unrelated","0_10",0,0
2023-06-12,"deployer_minus_unrelated","pre_21_1",0.0136627226721844,1
2023-06-13,"deployer_minus_unrelated","pre_11_1",0,0
2023-06-13,"hardware_minus_unrelated","0_10",0,0
2023-06-13,"competitor_minus_unrelated","0_20",0,0
2023-06-13,"competitor_minus_unrelated","pre_21_1",-0.0115390606501118,1
2023-06-13,"deployer_minus_unrelated","0_20",0,0
2023-06-13,"deployer_minus_unrelated","0_10",0,0
2023-06-13,"hardware_minus_unrelated","0_20",0,0
2023-06-13,"competitor_minus_unrelated","0_10",0,0
2023-06-13,"competitor_minus_unrelated","pre_11_1",0,0
2023-06-13,"hardware_minus_unrelated","pre_11_1",0,0
2023-06-13,"hardware_minus_unrelated","pre_21_1",0.00142656946370404,1
2023-06-13,"deployer_minus_unrelated","pre_21_1",-0.0043526859612314,1
2023-06-14,"deployer_minus_unrelated","pre_11_1",0,0
2023-06-14,"competitor_minus_unrelated","pre_21_1",0.00476636195717522,1
2023-06-14,"deployer_minus_unrelated","0_10",0,0
2023-06-14,"hardware_minus_unrelated","0_10",0,0
2023-06-14,"competitor_minus_unrelated","0_10",0,0
2023-06-14,"deployer_minus_unrelated","0_20",0,0
2023-06-14,"hardware_minus_unrelated","pre_11_1",0,0
2023-06-14,"deployer_minus_unrelated","pre_21_1",-0.000106863326319206,1
2023-06-14,"hardware_minus_unrelated","0_20",0,0
2023-06-14,"competitor_minus_unrelated","pre_11_1",0,0
2023-06-14,"competitor_minus_unrelated","0_20",0,0
2023-06-14,"hardware_minus_unrelated","pre_21_1",0.0116405981967546,1
2023-06-15,"deployer_minus_unrelated","pre_11_1",0,0
2023-06-15,"competitor_minus_unrelated","pre_21_1",0.0215512495495814,2
2023-06-15,"competitor_minus_unrelated","0_10",0,0
2023-06-15,"hardware_minus_unrelated","pre_11_1",0,0
2023-06-15,"deployer_minus_unrelated","pre_21_1",0.017673247648793,2
2023-06-15,"deployer_minus_unrelated","0_20",0,0
2023-06-15,"hardware_minus_unrelated","0_10",0,0
2023-06-15,"competitor_minus_unrelated","pre_11_1",0,0
2023-06-15,"deployer_minus_unrelated","0_10",0,0
2023-06-15,"competitor_minus_unrelated","0_20",0,0
2023-06-15,"hardware_minus_unrelated","pre_21_1",-0.0026052153909545,2
2023-06-15,"hardware_minus_unrelated","0_20",0,0
2023-06-16,"hardware_minus_unrelated","0_10",0,0
2023-06-16,"competitor_minus_unrelated","pre_11_1",0,0
2023-06-16,"deployer_minus_unrelated","0_20",0,0
2023-06-16,"competitor_minus_unrelated","pre_21_1",-0.0365157804947841,2
2023-06-16,"hardware_minus_unrelated","pre_21_1",-0.0354159961072837,2
2023-06-16,"deployer_minus_unrelated","pre_21_1",-0.0241766628131579,2
2023-06-16,"hardware_minus_unrelated","pre_11_1",0,0
2023-06-16,"competitor_minus_unrelated","0_20",0,0
2023-06-16,"competitor_minus_unrelated","0_10",0,0
2023-06-16,"hardware_minus_unrelated","0_20",0,0
2023-06-16,"deployer_minus_unrelated","pre_11_1",0,0
2023-06-16,"deployer_minus_unrelated","0_10",0,0
2023-06-20,"hardware_minus_unrelated","0_10",0,0
2023-06-20,"hardware_minus_unrelated","pre_21_1",-0.0401468570612646,2
2023-06-20,"hardware_minus_unrelated","0_20",0,0
2023-06-20,"deployer_minus_unrelated","pre_11_1",0,0
2023-06-20,"competitor_minus_unrelated","0_20",0,0
2023-06-20,"hardware_minus_unrelated","pre_11_1",0,0
2023-06-20,"competitor_minus_unrelated","pre_21_1",-0.0334816918473443,2
2023-06-20,"deployer_minus_unrelated","pre_21_1",-0.0549825422848213,2
2023-06-20,"competitor_minus_unrelated","pre_11_1",0,0
2023-06-20,"deployer_minus_unrelated","0_10",0,0
2023-06-20,"competitor_minus_unrelated","0_10",0,0
2023-06-20,"deployer_minus_unrelated","0_20",0,0
2023-06-21,"competitor_minus_unrelated","0_20",0,0
2023-06-21,"deployer_minus_unrelated","pre_11_1",0,0
2023-06-21,"hardware_minus_unrelated","pre_21_1",-0.0517774641900402,2
2023-06-21,"hardware_minus_unrelated","0_20",0,0
2023-06-21,"competitor_minus_unrelated","pre_21_1",-0.0437876305257305,2
2023-06-21,"competitor_minus_unrelated","pre_11_1",0,0
2023-06-21,"hardware_minus_unrelated","0_10",0,0
2023-06-21,"deployer_minus_unrelated","0_10",0,0
2023-06-21,"deployer_minus_unrelated","0_20",0,0
2023-06-21,"deployer_minus_unrelated","pre_21_1",-0.0372985291533426,2
2023-06-21,"hardware_minus_unrelated","pre_11_1",0,0
2023-06-21,"competitor_minus_unrelated","0_10",0,0
2023-06-22,"hardware_minus_unrelated","pre_21_1",0.00559036049117375,2
2023-06-22,"deployer_minus_unrelated","0_10",0,0
2023-06-22,"competitor_minus_unrelated","pre_21_1",0.0186354985141587,2
2023-06-22,"competitor_minus_unrelated","0_20",0,0
2023-06-22,"hardware_minus_unrelated","pre_11_1",0,0
2023-06-22,"hardware_minus_unrelated","0_20",0,0
2023-06-22,"competitor_minus_unrelated","0_10",0,0
2023-06-22,"deployer_minus_unrelated","pre_11_1",0,0
2023-06-22,"competitor_minus_unrelated","pre_11_1",0,0
2023-06-22,"deployer_minus_unrelated","pre_21_1",0.00415220269456854,2
2023-06-22,"hardware_minus_unrelated","0_10",0,0
2023-06-22,"deployer_minus_unrelated","0_20",0,0
2023-06-23,"deployer_minus_unrelated","pre_11_1",-0.0168598125023961,1
2023-06-23,"hardware_minus_unrelated","pre_21_1",-0.018473052806773,2
2023-06-23,"hardware_minus_unrelated","0_20",0,0
2023-06-23,"hardware_minus_unrelated","0_10",0,0
2023-06-23,"competitor_minus_unrelated","pre_21_1",-0.00672684655250703,2
2023-06-23,"hardware_minus_unrelated","pre_11_1",-0.018473052806773,1
2023-06-23,"deployer_minus_unrelated","0_10",0,0
2023-06-23,"competitor_minus_unrelated","0_10",0,0
2023-06-23,"competitor_minus_unrelated","pre_11_1",-0.00465148616708029,1
2023-06-23,"competitor_minus_unrelated","0_20",0,0
2023-06-23,"deployer_minus_unrelated","0_20",0,0
2023-06-23,"deployer_minus_unrelated","pre_21_1",-0.0168598125023961,2
2023-06-26,"deployer_minus_unrelated","0_10",0,0
2023-06-26,"hardware_minus_unrelated","pre_11_1",0.0403787433062635,1
2023-06-26,"hardware_minus_unrelated","pre_21_1",0.0403787433062635,3
2023-06-26,"competitor_minus_unrelated","0_20",0,0
2023-06-26,"deployer_minus_unrelated","0_20",0,0
2023-06-26,"competitor_minus_unrelated","pre_21_1",0.0124472721721919,3
2023-06-26,"competitor_minus_unrelated","pre_11_1",0.0107881259017108,1
2023-06-26,"deployer_minus_unrelated","pre_11_1",0.0369118638357835,1
2023-06-26,"hardware_minus_unrelated","0_20",0,0
2023-06-26,"competitor_minus_unrelated","0_10",0,0
2023-06-26,"deployer_minus_unrelated","pre_21_1",0.0369118638357835,3
2023-06-26,"hardware_minus_unrelated","0_10",0,0
2023-06-27,"competitor_minus_unrelated","pre_11_1",-0.0302374092725116,1
2023-06-27,"deployer_minus_unrelated","pre_11_1",-0.0224681191975978,1
2023-06-27,"hardware_minus_unrelated","pre_11_1",-0.00773833216064966,1
2023-06-27,"hardware_minus_unrelated","0_10",0,0
2023-06-27,"deployer_minus_unrelated","pre_21_1",-0.0224681191975978,3
2023-06-27,"competitor_minus_unrelated","0_20",0,0
2023-06-27,"hardware_minus_unrelated","pre_21_1",-0.00773833216064966,3
2023-06-27,"competitor_minus_unrelated","0_10",0,0
2023-06-27,"hardware_minus_unrelated","0_20",0,0
2023-06-27,"deployer_minus_unrelated","0_20",0,0
2023-06-27,"deployer_minus_unrelated","0_10",0,0
2023-06-27,"competitor_minus_unrelated","pre_21_1",-0.031322661468961,3
2023-06-28,"competitor_minus_unrelated","pre_11_1",0.00599964905185375,1
2023-06-28,"deployer_minus_unrelated","pre_11_1",0.00157657530035678,1
2023-06-28,"hardware_minus_unrelated","pre_11_1",-0.010643616570546,1
2023-06-28,"hardware_minus_unrelated","pre_21_1",-0.010643616570546,3
2023-06-28,"hardware_minus_unrelated","0_10",0,0
2023-06-28,"deployer_minus_unrelated","pre_21_1",0.00157657530035678,3
2023-06-28,"deployer_minus_unrelated","0_20",0,0
2023-06-28,"competitor_minus_unrelated","0_20",0,0
2023-06-28,"hardware_minus_unrelated","0_20",0,0
2023-06-28,"competitor_minus_unrelated","pre_21_1",0.00593976272795826,3
2023-06-28,"deployer_minus_unrelated","0_10",0,0
2023-06-28,"competitor_minus_unrelated","0_10",0,0
2023-06-29,"deployer_minus_unrelated","pre_11_1",-0.0379445948428329,1
2023-06-29,"deployer_minus_unrelated","pre_21_1",-0.0379445948428329,3
2023-06-29,"hardware_minus_unrelated","0_10",0,0
2023-06-29,"competitor_minus_unrelated","pre_21_1",-0.0330324644617048,3
2023-06-29,"deployer_minus_unrelated","0_20",0,0
2023-06-29,"hardware_minus_unrelated","pre_21_1",-0.0284814347692796,3
2023-06-29,"competitor_minus_unrelated","pre_11_1",-0.034109587584405,1
2023-06-29,"competitor_minus_unrelated","0_10",0,0
2023-06-29,"competitor_minus_unrelated","0_20",0,0
2023-06-29,"hardware_minus_unrelated","0_20",0,0
2023-06-29,"hardware_minus_unrelated","pre_11_1",-0.0284814347692796,1
2023-06-29,"deployer_minus_unrelated","0_10",0,0
2023-06-30,"competitor_minus_unrelated","pre_21_1",0.00568422918744728,3
2023-06-30,"deployer_minus_unrelated","pre_11_1",0.00506919296483706,2
2023-06-30,"competitor_minus_unrelated","pre_11_1",0.00567590607898616,2
2023-06-30,"hardware_minus_unrelated","0_10",0,0
2023-06-30,"deployer_minus_unrelated","0_10",0,0
2023-06-30,"deployer_minus_unrelated","0_20",0,0
2023-06-30,"hardware_minus_unrelated","pre_21_1",0.00507471208019938,3
2023-06-30,"hardware_minus_unrelated","0_20",0,0
2023-06-30,"competitor_minus_unrelated","0_10",0,0
2023-06-30,"deployer_minus_unrelated","pre_21_1",0.00506919296483706,3
2023-06-30,"competitor_minus_unrelated","0_20",0,0
2023-06-30,"hardware_minus_unrelated","pre_11_1",0.00507471208019938,2
2023-07-03,"deployer_minus_unrelated","pre_11_1",-0.0304148553464135,2
2023-07-03,"hardware_minus_unrelated","0_10",0,0
2023-07-03,"competitor_minus_unrelated","pre_21_1",-0.0525050616105872,3
2023-07-03,"deployer_minus_unrelated","0_20",0,0
2023-07-03,"hardware_minus_unrelated","pre_21_1",-0.0393406258244081,3
2023-07-03,"hardware_minus_unrelated","0_20",0,0
2023-07-03,"competitor_minus_unrelated","0_10",0,0
2023-07-03,"competitor_minus_unrelated","pre_11_1",-0.0523316481217746,2
2023-07-03,"competitor_minus_unrelated","0_20",0,0
2023-07-03,"deployer_minus_unrelated","0_10",0,0
2023-07-03,"deployer_minus_unrelated","pre_21_1",-0.0304148553464135,3
2023-07-03,"hardware_minus_unrelated","pre_11_1",-0.0393406258244081,2
2023-07-05,"competitor_minus_unrelated","pre_21_1",0.00947700917541969,3
2023-07-05,"deployer_minus_unrelated","pre_11_1",0.00222185012270789,2
2023-07-05,"hardware_minus_unrelated","0_20",0,0
2023-07-05,"deployer_minus_unrelated","0_20",0,0
2023-07-05,"competitor_minus_unrelated","0_20",0,0
2023-07-05,"hardware_minus_unrelated","0_10",0,0
2023-07-05,"deployer_minus_unrelated","0_10",0,0
2023-07-05,"competitor_minus_unrelated","0_10",0,0
2023-07-05,"competitor_minus_unrelated","pre_11_1",0.0091224516061972,2
2023-07-05,"hardware_minus_unrelated","pre_11_1",-0.0234838152802537,2
2023-07-05,"hardware_minus_unrelated","pre_21_1",-0.0234838152802537,3
2023-07-05,"deployer_minus_unrelated","pre_21_1",0.00222185012270789,3
2023-07-06,"hardware_minus_unrelated","0_10",0,0
2023-07-06,"competitor_minus_unrelated","0_10",0,0
2023-07-06,"competitor_minus_unrelated","pre_21_1",-0.00284359172308836,3
2023-07-06,"deployer_minus_unrelated","0_10",0,0
2023-07-06,"hardware_minus_unrelated","pre_21_1",-0.0100413389501244,3
2023-07-06,"deployer_minus_unrelated","0_20",0,0
2023-07-06,"competitor_minus_unrelated","0_20",0,0
2023-07-06,"deployer_minus_unrelated","pre_21_1",-0.02515664270616,3
2023-07-06,"deployer_minus_unrelated","pre_11_1",-0.02515664270616,2
2023-07-06,"hardware_minus_unrelated","0_20",0,0
2023-07-06,"competitor_minus_unrelated","pre_11_1",-0.0022865347304257,2
2023-07-06,"hardware_minus_unrelated","pre_11_1",-0.0100413389501244,2
2023-07-07,"deployer_minus_unrelated","0_20",0,0
2023-07-07,"hardware_minus_unrelated","pre_21_1",-0.0078029589163463,3
2023-07-07,"competitor_minus_unrelated","0_10",0,0
2023-07-07,"deployer_minus_unrelated","0_10",0,0
2023-07-07,"deployer_minus_unrelated","pre_21_1",0.0079066744998834,3
2023-07-07,"competitor_minus_unrelated","pre_11_1",-0.0128070465112696,2
2023-07-07,"hardware_minus_unrelated","pre_11_1",-0.0078029589163463,2
2023-07-07,"deployer_minus_unrelated","pre_11_1",0.0079066744998834,2
2023-07-07,"competitor_minus_unrelated","0_20",0,0
2023-07-07,"competitor_minus_unrelated","pre_21_1",-0.0118844244378692,3
2023-07-07,"hardware_minus_unrelated","0_10",0,0
2023-07-07,"hardware_minus_unrelated","0_20",0,0
2023-07-10,"competitor_minus_unrelated","0_10",0,0
2023-07-10,"competitor_minus_unrelated","pre_21_1",-0.0481746557942934,3
2023-07-10,"hardware_minus_unrelated","0_20",0,0
2023-07-10,"hardware_minus_unrelated","pre_21_1",-0.0148273665158422,3
2023-07-10,"deployer_minus_unrelated","pre_21_1",-0.0390261558353906,3
2023-07-10,"competitor_minus_unrelated","0_20",0,0
2023-07-10,"deployer_minus_unrelated","0_20",0,0
2023-07-10,"hardware_minus_unrelated","0_10",0,0
2023-07-10,"deployer_minus_unrelated","pre_11_1",-0.0390261558353906,2
2023-07-10,"competitor_minus_unrelated","pre_11_1",-0.0512604326625475,2
2023-07-10,"deployer_minus_unrelated","0_10",0,0
2023-07-10,"hardware_minus_unrelated","pre_11_1",-0.0148273665158422,2
2023-07-11,"hardware_minus_unrelated","pre_21_1",-0.00543641373982632,2
2023-07-11,"competitor_minus_unrelated","pre_21_1",-0.00181995529589042,2
2023-07-11,"competitor_minus_unrelated","0_20",-0.00166834809322958,1
2023-07-11,"hardware_minus_unrelated","0_20",-0.00543641373982632,1
2023-07-11,"hardware_minus_unrelated","pre_11_1",-0.00543641373982632,2
2023-07-11,"hardware_minus_unrelated","0_10",-0.00543641373982632,1
2023-07-11,"deployer_minus_unrelated","pre_11_1",0.00599721601928456,2
2023-07-11,"deployer_minus_unrelated","0_10",0.00599721601928456,1
2023-07-11,"deployer_minus_unrelated","pre_21_1",0.00599721601928456,2
2023-07-11,"deployer_minus_unrelated","0_20",0.00599721601928456,1
2023-07-11,"competitor_minus_unrelated","0_10",-0.00166834809322958,1
2023-07-11,"competitor_minus_unrelated","pre_11_1",-0.00181995529589042,2
2023-07-12,"deployer_minus_unrelated","pre_11_1",0.0244925927485881,2
2023-07-12,"hardware_minus_unrelated","pre_11_1",0.0149024700448251,2
2023-07-12,"hardware_minus_unrelated","0_10",0.0149024700448251,1
2023-07-12,"competitor_minus_unrelated","pre_21_1",0.0131513771202023,2
2023-07-12,"hardware_minus_unrelated","0_20",0.0149024700448251,1
2023-07-12,"deployer_minus_unrelated","0_10",0.0244925927485881,1
2023-07-12,"hardware_minus_unrelated","pre_21_1",0.0149024700448251,2
2023-07-12,"competitor_minus_unrelated","0_10",0.0165846552965503,1
2023-07-12,"competitor_minus_unrelated","0_20",0.0165846552965503,1
2023-07-12,"competitor_minus_unrelated","pre_11_1",0.0131513771202023,2
2023-07-12,"deployer_minus_unrelated","pre_21_1",0.0244925927485881,2
2023-07-12,"deployer_minus_unrelated","0_20",0.0244925927485881,1
2023-07-13,"hardware_minus_unrelated","pre_21_1",-0.039516512241286,2
2023-07-13,"hardware_minus_unrelated","0_20",-0.039516512241286,1
2023-07-13,"hardware_minus_unrelated","pre_11_1",-0.039516512241286,2
2023-07-13,"deployer_minus_unrelated","pre_21_1",-0.0228984275591803,2
2023-07-13,"competitor_minus_unrelated","pre_21_1",-0.0343053317662392,2
2023-07-13,"deployer_minus_unrelated","0_20",-0.0228984275591803,1
2023-07-13,"deployer_minus_unrelated","pre_11_1",-0.0228984275591803,2
2023-07-13,"competitor_minus_unrelated","0_20",-0.0353244885691609,1
2023-07-13,"hardware_minus_unrelated","0_10",-0.039516512241286,1
2023-07-13,"deployer_minus_unrelated","0_10",-0.0228984275591803,1
2023-07-13,"competitor_minus_unrelated","pre_11_1",-0.0343053317662392,2
2023-07-13,"competitor_minus_unrelated","0_10",-0.0353244885691609,1
2023-07-14,"hardware_minus_unrelated","pre_11_1",-0.00566009408986685,2
2023-07-14,"hardware_minus_unrelated","pre_21_1",-0.00566009408986685,2
2023-07-14,"deployer_minus_unrelated","pre_11_1",0.00150208291866422,2
2023-07-14,"hardware_minus_unrelated","0_20",-0.00566009408986685,1
2023-07-14,"deployer_minus_unrelated","pre_21_1",0.00150208291866422,2
2023-07-14,"hardware_minus_unrelated","0_10",-0.00566009408986685,1
2023-07-14,"deployer_minus_unrelated","0_10",0.00150208291866422,1
2023-07-14,"competitor_minus_unrelated","0_20",0.00606251557670215,1
2023-07-14,"competitor_minus_unrelated","pre_21_1",0.0075441045693009,2
2023-07-14,"deployer_minus_unrelated","0_20",0.00150208291866422,1
2023-07-14,"competitor_minus_unrelated","0_10",0.00606251557670215,1
2023-07-14,"competitor_minus_unrelated","pre_11_1",0.0075441045693009,2
2023-07-17,"hardware_minus_unrelated","pre_11_1",0.0302595035909242,2
2023-07-17,"deployer_minus_unrelated","pre_21_1",0.0205485995947275,2
2023-07-17,"competitor_minus_unrelated","pre_21_1",0.0141307350090153,2
2023-07-17,"competitor_minus_unrelated","0_20",0.0135687472497467,1
2023-07-17,"deployer_minus_unrelated","0_20",0.0205485995947275,1
2023-07-17,"competitor_minus_unrelated","pre_11_1",0.0141307350090153,2
2023-07-17,"deployer_minus_unrelated","0_10",0.0205485995947275,1
2023-07-17,"hardware_minus_unrelated","0_20",0.0302595035909242,1
2023-07-17,"hardware_minus_unrelated","pre_21_1",0.0302595035909242,2
2023-07-17,"competitor_minus_unrelated","0_10",0.0135687472497467,1
2023-07-17,"hardware_minus_unrelated","0_10",0.0302595035909242,1
2023-07-17,"deployer_minus_unrelated","pre_11_1",0.0205485995947275,2
2023-07-18,"deployer_minus_unrelated","pre_21_1",-0.0152719442776097,1
2023-07-18,"competitor_minus_unrelated","0_20",0.0064277802988237,2
2023-07-18,"competitor_minus_unrelated","pre_11_1",0.00863111878072825,1
2023-07-18,"competitor_minus_unrelated","0_10",0.0064277802988237,2
2023-07-18,"hardware_minus_unrelated","0_20",0.00209478535023627,2
2023-07-18,"deployer_minus_unrelated","0_20",-0.0152719442776097,2
2023-07-18,"deployer_minus_unrelated","0_10",-0.0152719442776097,2
2023-07-18,"hardware_minus_unrelated","0_10",0.00209478535023627,2
2023-07-18,"hardware_minus_unrelated","pre_21_1",0.00209478535023627,1
2023-07-18,"hardware_minus_unrelated","pre_11_1",0.00209478535023627,1
2023-07-18,"deployer_minus_unrelated","pre_11_1",-0.0152719442776097,1
2023-07-18,"competitor_minus_unrelated","pre_21_1",0.00863111878072825,1
2023-07-19,"competitor_minus_unrelated","pre_11_1",-0.0151291533868626,1
2023-07-19,"hardware_minus_unrelated","0_20",-0.0224459083387599,2
2023-07-19,"deployer_minus_unrelated","0_10",-0.0101811263008127,2
2023-07-19,"deployer_minus_unrelated","0_20",-0.0101811263008127,2
2023-07-19,"hardware_minus_unrelated","pre_21_1",-0.0224459083387599,1
2023-07-19,"competitor_minus_unrelated","0_10",-0.0161203150106584,2
2023-07-19,"competitor_minus_unrelated","0_20",-0.0161203150106584,2
2023-07-19,"deployer_minus_unrelated","pre_11_1",-0.0101811263008127,1
2023-07-19,"hardware_minus_unrelated","0_10",-0.0224459083387599,2
2023-07-19,"hardware_minus_unrelated","pre_11_1",-0.0224459083387599,1
2023-07-19,"deployer_minus_unrelated","pre_21_1",-0.0101811263008127,1
2023-07-19,"competitor_minus_unrelated","pre_21_1",-0.0151291533868626,1
2023-07-20,"hardware_minus_unrelated","pre_21_1",-0.0202501140126321,1
2023-07-20,"deployer_minus_unrelated","0_10",0.00398210700786356,2
2023-07-20,"deployer_minus_unrelated","pre_11_1",0.00398210700786356,1
2023-07-20,"deployer_minus_unrelated","0_20",0.00398210700786356,2
2023-07-20,"deployer_minus_unrelated","pre_21_1",0.00398210700786356,1
2023-07-20,"competitor_minus_unrelated","pre_21_1",-0.00956382432430399,1
2023-07-20,"hardware_minus_unrelated","0_20",-0.0202501140126321,2
2023-07-20,"hardware_minus_unrelated","0_10",-0.0202501140126321,2
2023-07-20,"competitor_minus_unrelated","0_20",-0.00829938470786069,2
2023-07-20,"hardware_minus_unrelated","pre_11_1",-0.0202501140126321,1
2023-07-20,"competitor_minus_unrelated","pre_11_1",-0.00956382432430399,1
2023-07-20,"competitor_minus_unrelated","0_10",-0.00829938470786069,2
2023-07-21,"deployer_minus_unrelated","pre_11_1",-0.00750327962366552,1
2023-07-21,"hardware_minus_unrelated","0_20",-0.00211828126350753,2
2023-07-21,"competitor_minus_unrelated","0_20",-0.0168405465801404,2
2023-07-21,"deployer_minus_unrelated","0_10",-0.00750327962366552,2
2023-07-21,"hardware_minus_unrelated","0_10",-0.00211828126350753,2
2023-07-21,"competitor_minus_unrelated","pre_11_1",-0.0174818251973208,1
2023-07-21,"deployer_minus_unrelated","0_20",-0.00750327962366552,2
2023-07-21,"deployer_minus_unrelated","pre_21_1",-0.00750327962366552,1
2023-07-21,"hardware_minus_unrelated","pre_11_1",-0.00211828126350753,1
2023-07-21,"hardware_minus_unrelated","pre_21_1",-0.00211828126350753,1
2023-07-21,"competitor_minus_unrelated","pre_21_1",-0.0174818251973208,1
2023-07-21,"competitor_minus_unrelated","0_10",-0.0168405465801404,2
2023-07-24,"deployer_minus_unrelated","0_10",0.0240573450835315,2
2023-07-24,"hardware_minus_unrelated","0_20",0.0110786042941389,2
2023-07-24,"hardware_minus_unrelated","pre_11_1",0.0110786042941389,1
2023-07-24,"deployer_minus_unrelated","pre_11_1",0.0240573450835315,1
2023-07-24,"deployer_minus_unrelated","0_20",0.0240573450835315,2
2023-07-24,"hardware_minus_unrelated","0_10",0.0110786042941389,2
2023-07-24,"competitor_minus_unrelated","0_20",0.017456638767956,2
2023-07-24,"competitor_minus_unrelated","pre_21_1",0.0160505295535463,1
2023-07-24,"competitor_minus_unrelated","0_10",0.017456638767956,2
2023-07-24,"competitor_minus_unrelated","pre_11_1",0.0160505295535463,1
2023-07-24,"hardware_minus_unrelated","pre_21_1",0.0110786042941389,1
2023-07-24,"deployer_minus_unrelated","pre_21_1",0.0240573450835315,1
2023-07-25,"deployer_minus_unrelated","0_10",0.0173011872681031,2
2023-07-25,"hardware_minus_unrelated","0_20",0.0078597043858614,2
2023-07-25,"hardware_minus_unrelated","0_10",0.0078597043858614,2
2023-07-25,"hardware_minus_unrelated","pre_11_1",0.0078597043858614,1
2023-07-25,"deployer_minus_unrelated","pre_11_1",0.0173011872681031,1
2023-07-25,"competitor_minus_unrelated","0_10",0.00274780002195093,2
2023-07-25,"competitor_minus_unrelated","pre_11_1",0.00185510058171947,1
2023-07-25,"competitor_minus_unrelated","pre_21_1",0.00185510058171947,1
2023-07-25,"hardware_minus_unrelated","pre_21_1",0.0078597043858614,1
2023-07-25,"deployer_minus_unrelated","0_20",0.0173011872681031,2
2023-07-25,"deployer_minus_unrelated","pre_21_1",0.0173011872681031,1
2023-07-25,"competitor_minus_unrelated","0_20",0.00274780002195093,2
2023-07-26,"deployer_minus_unrelated","0_10",0.00170019312912791,2
2023-07-26,"hardware_minus_unrelated","pre_21_1",0,0
2023-07-26,"deployer_minus_unrelated","pre_11_1",0,0
2023-07-26,"hardware_minus_unrelated","0_20",-0.019658623455036,3
2023-07-26,"competitor_minus_unrelated","pre_11_1",0,0
2023-07-26,"hardware_minus_unrelated","0_10",-0.019658623455036,2
2023-07-26,"hardware_minus_unrelated","pre_11_1",0,0
2023-07-26,"deployer_minus_unrelated","0_20",0.00170019312912791,3
2023-07-26,"competitor_minus_unrelated","0_10",0.00916109438978864,2
2023-07-26,"deployer_minus_unrelated","pre_21_1",0,0
2023-07-26,"competitor_minus_unrelated","pre_21_1",0,0
2023-07-26,"competitor_minus_unrelated","0_20",0.0100491273916403,3
2023-07-27,"deployer_minus_unrelated","pre_11_1",0,0
2023-07-27,"hardware_minus_unrelated","0_10",0.0532596103495885,2
2023-07-27,"hardware_minus_unrelated","pre_21_1",0,0
2023-07-27,"competitor_minus_unrelated","pre_21_1",0,0
2023-07-27,"competitor_minus_unrelated","pre_11_1",0,0
2023-07-27,"hardware_minus_unrelated","0_20",0.0532596103495885,3
2023-07-27,"competitor_minus_unrelated","0_20",0.0224230668817806,3
2023-07-27,"deployer_minus_unrelated","pre_21_1",0,0
2023-07-27,"deployer_minus_unrelated","0_20",0.0214100090162551,3
2023-07-27,"hardware_minus_unrelated","pre_11_1",0,0
2023-07-27,"deployer_minus_unrelated","0_10",0.0214100090162551,2
2023-07-27,"competitor_minus_unrelated","0_10",0.0206112957853838,2
2023-07-28,"hardware_minus_unrelated","pre_21_1",0,0
2023-07-28,"deployer_minus_unrelated","pre_11_1",0,0
2023-07-28,"hardware_minus_unrelated","0_10",0.0112353899426872,2
2023-07-28,"competitor_minus_unrelated","0_20",0.0134048480395339,3
2023-07-28,"competitor_minus_unrelated","pre_21_1",0,0
2023-07-28,"deployer_minus_unrelated","0_20",0.0263376369437978,3
2023-07-28,"deployer_minus_unrelated","pre_21_1",0,0
2023-07-28,"deployer_minus_unrelated","0_10",0.0263376369437978,2
2023-07-28,"hardware_minus_unrelated","0_20",0.0112353899426872,3
2023-07-28,"competitor_minus_unrelated","0_10",0.0127293873508222,2
2023-07-28,"competitor_minus_unrelated","pre_11_1",0,0
2023-07-28,"hardware_minus_unrelated","pre_11_1",0,0
2023-07-31,"competitor_minus_unrelated","pre_21_1",0,0
2023-07-31,"deployer_minus_unrelated","pre_21_1",0,0
2023-07-31,"hardware_minus_unrelated","0_20",-0.000685379697253667,3
2023-07-31,"deployer_minus_unrelated","pre_11_1",0,0
2023-07-31,"competitor_minus_unrelated","0_20",-0.00565407159515183,3
2023-07-31,"deployer_minus_unrelated","0_10",0.00262544494985191,2
2023-07-31,"competitor_minus_unrelated","0_10",-0.00392968927542372,2
2023-07-31,"deployer_minus_unrelated","0_20",0.00262544494985191,3
2023-07-31,"hardware_minus_unrelated","0_10",-0.000685379697253667,2
2023-07-31,"hardware_minus_unrelated","pre_11_1",0,0
2023-07-31,"competitor_minus_unrelated","pre_11_1",0,0
2023-07-31,"hardware_minus_unrelated","pre_21_1",0,0
2023-08-01,"deployer_minus_unrelated","pre_21_1",0,0
2023-08-01,"hardware_minus_unrelated","0_20",0.00661182764376813,3
2023-08-01,"competitor_minus_unrelated","0_20",0.00127364801018249,3
2023-08-01,"competitor_minus_unrelated","pre_11_1",0,0
2023-08-01,"hardware_minus_unrelated","0_10",0.00661182764376813,2
2023-08-01,"deployer_minus_unrelated","pre_11_1",0,0
2023-08-01,"deployer_minus_unrelated","0_20",-0.0121264361832763,3
2023-08-01,"deployer_minus_unrelated","0_10",-0.0121264361832763,2
2023-08-01,"competitor_minus_unrelated","pre_21_1",0,0
2023-08-01,"competitor_minus_unrelated","0_10",0.000862638785500696,2
2023-08-01,"hardware_minus_unrelated","pre_11_1",0,0
2023-08-01,"hardware_minus_unrelated","pre_21_1",0,0
2023-08-02,"deployer_minus_unrelated","0_10",0.00328770149684923,1
2023-08-02,"deployer_minus_unrelated","pre_11_1",0,0
2023-08-02,"hardware_minus_unrelated","0_20",-0.00167603660122363,3
2023-08-02,"competitor_minus_unrelated","pre_21_1",0,0
2023-08-02,"hardware_minus_unrelated","pre_11_1",0,0
2023-08-02,"hardware_minus_unrelated","0_10",-0.00167603660122363,1
2023-08-02,"deployer_minus_unrelated","pre_21_1",0,0
2023-08-02,"competitor_minus_unrelated","0_20",0.0096065321320323,3
2023-08-02,"hardware_minus_unrelated","pre_21_1",0,0
2023-08-02,"competitor_minus_unrelated","pre_11_1",0,0
2023-08-02,"deployer_minus_unrelated","0_20",0.00328770149684923,3
2023-08-02,"competitor_minus_unrelated","0_10",0.00816536703615343,1
2023-08-03,"hardware_minus_unrelated","0_10",0.0246246392912093,1
2023-08-03,"hardware_minus_unrelated","pre_11_1",0,0
2023-08-03,"deployer_minus_unrelated","0_10",0.0361653818807538,1
2023-08-03,"hardware_minus_unrelated","0_20",0.0246246392912093,3
2023-08-03,"competitor_minus_unrelated","0_20",0.018743488784698,3
2023-08-03,"competitor_minus_unrelated","pre_21_1",0,0
2023-08-03,"deployer_minus_unrelated","pre_11_1",0,0
2023-08-03,"hardware_minus_unrelated","pre_21_1",0,0
2023-08-03,"deployer_minus_unrelated","pre_21_1",0,0
2023-08-03,"competitor_minus_unrelated","0_10",0.0175387941893561,1
2023-08-03,"deployer_minus_unrelated","0_20",0.0361653818807538,3
2023-08-03,"competitor_minus_unrelated","pre_11_1",0,0
2023-08-04,"hardware_minus_unrelated","0_10",0.016289483230074,1
2023-08-04,"hardware_minus_unrelated","pre_21_1",0,0
2023-08-04,"deployer_minus_unrelated","pre_21_1",0,0
2023-08-04,"hardware_minus_unrelated","pre_11_1",0,0
2023-08-04,"deployer_minus_unrelated","0_10",-0.00717139305465644,1
2023-08-04,"hardware_minus_unrelated","0_20",0.016289483230074,3
2023-08-04,"competitor_minus_unrelated","pre_11_1",0,0
2023-08-04,"competitor_minus_unrelated","pre_21_1",0,0
2023-08-04,"competitor_minus_unrelated","0_10",0.0124448649087104,1
2023-08-04,"competitor_minus_unrelated","0_20",0.0102255643350772,3
2023-08-04,"deployer_minus_unrelated","0_20",-0.00717139305465644,3
2023-08-04,"deployer_minus_unrelated","pre_11_1",0,0
2023-08-07,"hardware_minus_unrelated","pre_21_1",0,0
2023-08-07,"deployer_minus_unrelated","0_10",-0.00802997404855267,1
2023-08-07,"hardware_minus_unrelated","0_10",0.014109112562377,1
2023-08-07,"deployer_minus_unrelated","0_20",-0.00802997404855267,3
2023-08-07,"deployer_minus_unrelated","pre_21_1",0,0
2023-08-07,"competitor_minus_unrelated","0_10",0.0131990936349679,1
2023-08-07,"competitor_minus_unrelated","0_20",0.0134364858696691,3
2023-08-07,"deployer_minus_unrelated","pre_11_1",0,0
2023-08-07,"hardware_minus_unrelated","0_20",0.014109112562377,3
2023-08-07,"competitor_minus_unrelated","pre_21_1",0,0
2023-08-07,"hardware_minus_unrelated","pre_11_1",0,0
2023-08-07,"competitor_minus_unrelated","pre_11_1",0,0
2023-08-08,"hardware_minus_unrelated","0_10",-0.039933261242792,1
2023-08-08,"competitor_minus_unrelated","0_20",-0.0279856695990099,3
2023-08-08,"hardware_minus_unrelated","pre_21_1",0,0
2023-08-08,"deployer_minus_unrelated","pre_11_1",0,0
2023-08-08,"competitor_minus_unrelated","pre_21_1",0,0
2023-08-08,"deployer_minus_unrelated","0_20",-0.0282028869123166,3
2023-08-08,"competitor_minus_unrelated","0_10",-0.0301114054335225,1
2023-08-08,"hardware_minus_unrelated","pre_11_1",0,0
2023-08-08,"competitor_minus_unrelated","pre_11_1",0,0
2023-08-08,"deployer_minus_unrelated","pre_21_1",0,0
2023-08-08,"hardware_minus_unrelated","0_20",-0.039933261242792,3
2023-08-08,"deployer_minus_unrelated","0_10",-0.0282028869123166,1
2023-08-09,"hardware_minus_unrelated","0_10",0.00138940452636811,1
2023-08-09,"hardware_minus_unrelated","pre_21_1",0,0
2023-08-09,"competitor_minus_unrelated","pre_21_1",0,0
2023-08-09,"deployer_minus_unrelated","0_20",0.00490890960360446,2
2023-08-09,"deployer_minus_unrelated","pre_11_1",0,0
2023-08-09,"deployer_minus_unrelated","0_10",0.00490890960360446,1
2023-08-09,"hardware_minus_unrelated","pre_11_1",0,0
2023-08-09,"competitor_minus_unrelated","0_10",0.00377865247944435,1
2023-08-09,"hardware_minus_unrelated","0_20",0.00138940452636811,2
2023-08-09,"competitor_minus_unrelated","pre_11_1",0,0
2023-08-09,"deployer_minus_unrelated","pre_21_1",0,0
2023-08-09,"competitor_minus_unrelated","0_20",0.00490368053213678,2
2023-08-10,"hardware_minus_unrelated","0_20",-0.00345466145892437,2
2023-08-10,"deployer_minus_unrelated","0_10",0,0
2023-08-10,"hardware_minus_unrelated","pre_11_1",0,0
2023-08-10,"deployer_minus_unrelated","0_20",0.00494876129364741,2
2023-08-10,"hardware_minus_unrelated","0_10",0,0
2023-08-10,"hardware_minus_unrelated","pre_21_1",0,0
2023-08-10,"competitor_minus_unrelated","pre_11_1",0,0
2023-08-10,"competitor_minus_unrelated","0_10",0,0
2023-08-10,"deployer_minus_unrelated","pre_11_1",0,0
2023-08-10,"competitor_minus_unrelated","pre_21_1",0,0
2023-08-10,"competitor_minus_unrelated","0_20",0.00118528189991846,2
2023-08-10,"deployer_minus_unrelated","pre_21_1",0,0
2023-08-11,"deployer_minus_unrelated","0_10",0,0
2023-08-11,"deployer_minus_unrelated","0_20",-0.0347973424879688,2
2023-08-11,"hardware_minus_unrelated","0_10",0,0
2023-08-11,"competitor_minus_unrelated","pre_11_1",0,0
2023-08-11,"hardware_minus_unrelated","pre_11_1",0,0
2023-08-11,"hardware_minus_unrelated","0_20",-0.0310717309295385,2
2023-08-11,"deployer_minus_unrelated","pre_11_1",0,0
2023-08-11,"competitor_minus_unrelated","0_10",0,0
2023-08-11,"hardware_minus_unrelated","pre_21_1",0,0
2023-08-11,"deployer_minus_unrelated","pre_21_1",0,0
2023-08-11,"competitor_minus_unrelated","pre_21_1",0,0
2023-08-11,"competitor_minus_unrelated","0_20",-0.0132417862874819,2
2023-08-14,"competitor_minus_unrelated","pre_21_1",0,0
2023-08-14,"competitor_minus_unrelated","pre_11_1",0,0
2023-08-14,"hardware_minus_unrelated","0_10",0,0
2023-08-14,"deployer_minus_unrelated","0_10",0,0
2023-08-14,"deployer_minus_unrelated","pre_11_1",0,0
2023-08-14,"competitor_minus_unrelated","0_20",-0.000193607426256524,2
2023-08-14,"deployer_minus_unrelated","pre_21_1",0,0
2023-08-14,"hardware_minus_unrelated","pre_11_1",0,0
2023-08-14,"competitor_minus_unrelated","0_10",0,0
2023-08-14,"hardware_minus_unrelated","pre_21_1",0,0
2023-08-14,"hardware_minus_unrelated","0_20",0.0139535879546603,2
2023-08-14,"deployer_minus_unrelated","0_20",-0.00747002570876998,2
2023-08-15,"competitor_minus_unrelated","pre_11_1",0,0
2023-08-15,"competitor_minus_unrelated","0_20",0.00733636114803615,2
2023-08-15,"competitor_minus_unrelated","pre_21_1",0,0
2023-08-15,"hardware_minus_unrelated","0_20",-0.00163139936291605,2
2023-08-15,"deployer_minus_unrelated","pre_21_1",0,0
2023-08-15,"deployer_minus_unrelated","pre_11_1",0,0
2023-08-15,"hardware_minus_unrelated","pre_21_1",0,0
2023-08-15,"hardware_minus_unrelated","0_10",0,0
2023-08-15,"hardware_minus_unrelated","pre_11_1",0,0
2023-08-15,"deployer_minus_unrelated","0_10",0,0
2023-08-15,"deployer_minus_unrelated","0_20",-0.00112161480138138,2
2023-08-15,"competitor_minus_unrelated","0_10",0,0
2023-08-16,"hardware_minus_unrelated","0_20",-0.012773200610853,1
2023-08-16,"hardware_minus_unrelated","pre_21_1",0,0
2023-08-16,"competitor_minus_unrelated","pre_11_1",0,0
2023-08-16,"deployer_minus_unrelated","pre_11_1",0,0
2023-08-16,"deployer_minus_unrelated","0_10",0,0
2023-08-16,"competitor_minus_unrelated","pre_21_1",0,0
2023-08-16,"deployer_minus_unrelated","pre_21_1",0,0
2023-08-16,"hardware_minus_unrelated","pre_11_1",0,0
2023-08-16,"competitor_minus_unrelated","0_20",-0.00190822295200136,1
2023-08-16,"hardware_minus_unrelated","0_10",0,0
2023-08-16,"deployer_minus_unrelated","0_20",0.0109422907901477,1
2023-08-16,"competitor_minus_unrelated","0_10",0,0
2023-08-17,"hardware_minus_unrelated","0_20",0.0334602941925816,1
2023-08-17,"hardware_minus_unrelated","pre_21_1",0,0
2023-08-17,"deployer_minus_unrelated","0_10",0,0
2023-08-17,"competitor_minus_unrelated","pre_21_1",0,0
2023-08-17,"deployer_minus_unrelated","0_20",0.0298036371653969,1
2023-08-17,"hardware_minus_unrelated","pre_11_1",0,0
2023-08-17,"competitor_minus_unrelated","0_20",0.0328767628939164,1
2023-08-17,"deployer_minus_unrelated","pre_11_1",0,0
2023-08-17,"competitor_minus_unrelated","pre_11_1",0,0
2023-08-17,"competitor_minus_unrelated","0_10",0,0
2023-08-17,"deployer_minus_unrelated","pre_21_1",0,0
2023-08-17,"hardware_minus_unrelated","0_10",0,0
2023-08-18,"hardware_minus_unrelated","0_20",0.0328835144205448,1
2023-08-18,"deployer_minus_unrelated","pre_11_1",0,0
2023-08-18,"hardware_minus_unrelated","pre_21_1",0,0
2023-08-18,"competitor_minus_unrelated","pre_21_1",0,0
2023-08-18,"competitor_minus_unrelated","0_20",0.0205249007740204,1
2023-08-18,"deployer_minus_unrelated","0_20",0.0181202189502661,1
2023-08-18,"competitor_minus_unrelated","pre_11_1",0,0
2023-08-18,"deployer_minus_unrelated","0_10",0,0
2023-08-18,"hardware_minus_unrelated","0_10",0,0
2023-08-18,"competitor_minus_unrelated","0_10",0,0
2023-08-18,"hardware_minus_unrelated","pre_11_1",0,0
2023-08-18,"deployer_minus_unrelated","pre_21_1",0,0
2023-08-21,"deployer_minus_unrelated","pre_11_1",0,0
2023-08-21,"hardware_minus_unrelated","pre_21_1",0,0
2023-08-21,"deployer_minus_unrelated","0_10",0,0
2023-08-21,"deployer_minus_unrelated","0_20",-0.00976138574242798,1
2023-08-21,"competitor_minus_unrelated","pre_11_1",0,0
2023-08-21,"hardware_minus_unrelated","0_20",0.0137831676875043,1
2023-08-21,"hardware_minus_unrelated","0_10",0,0
2023-08-21,"competitor_minus_unrelated","0_10",0,0
2023-08-21,"hardware_minus_unrelated","pre_11_1",0,0
2023-08-21,"competitor_minus_unrelated","pre_21_1",0,0
2023-08-21,"deployer_minus_unrelated","pre_21_1",0,0
2023-08-21,"competitor_minus_unrelated","0_20",0.00255926527885005,1
2023-08-22,"deployer_minus_unrelated","0_20",0.0125321523323154,1
2023-08-22,"hardware_minus_unrelated","0_10",0,0
2023-08-22,"competitor_minus_unrelated","pre_11_1",0,0
2023-08-22,"hardware_minus_unrelated","pre_21_1",0,0
2023-08-22,"competitor_minus_unrelated","0_10",0,0
2023-08-22,"deployer_minus_unrelated","0_10",0,0
2023-08-22,"hardware_minus_unrelated","0_20",0.000354293346401973,1
2023-08-22,"competitor_minus_unrelated","pre_21_1",0,0
2023-08-22,"deployer_minus_unrelated","pre_21_1",0,0
2023-08-22,"hardware_minus_unrelated","pre_11_1",0,0
2023-08-22,"deployer_minus_unrelated","pre_11_1",0,0
2023-08-22,"competitor_minus_unrelated","0_20",0.00881799426608237,1
2023-08-23,"deployer_minus_unrelated","0_20",-0.0242442514002909,1
2023-08-23,"hardware_minus_unrelated","pre_21_1",0,0
2023-08-23,"competitor_minus_unrelated","0_10",0,0
2023-08-23,"deployer_minus_unrelated","pre_21_1",0,0
2023-08-23,"hardware_minus_unrelated","0_20",-0.0123550942435155,1
2023-08-23,"hardware_minus_unrelated","0_10",0,0
2023-08-23,"competitor_minus_unrelated","pre_11_1",0,0
2023-08-23,"deployer_minus_unrelated","0_10",0,0
2023-08-23,"competitor_minus_unrelated","pre_21_1",0,0
2023-08-23,"hardware_minus_unrelated","pre_11_1",0,0
2023-08-23,"competitor_minus_unrelated","0_20",-0.00904184083676463,1
2023-08-23,"deployer_minus_unrelated","pre_11_1",0,0
2023-08-24,"hardware_minus_unrelated","0_10",0,0
2023-08-24,"competitor_minus_unrelated","pre_11_1",0,0
2023-08-24,"deployer_minus_unrelated","pre_21_1",0,0
2023-08-24,"hardware_minus_unrelated","pre_21_1",0,0
2023-08-24,"competitor_minus_unrelated","0_20",0,0
2023-08-24,"competitor_minus_unrelated","pre_21_1",0,0
2023-08-24,"deployer_minus_unrelated","0_20",0,0
2023-08-24,"deployer_minus_unrelated","pre_11_1",0,0
2023-08-24,"competitor_minus_unrelated","0_10",0,0
2023-08-24,"deployer_minus_unrelated","0_10",0,0
2023-08-24,"hardware_minus_unrelated","0_20",0,0
2023-08-24,"hardware_minus_unrelated","pre_11_1",0,0
2023-08-25,"competitor_minus_unrelated","0_20",0,0
2023-08-25,"deployer_minus_unrelated","pre_11_1",0,0
2023-08-25,"deployer_minus_unrelated","0_20",0,0
2023-08-25,"hardware_minus_unrelated","pre_21_1",0,0
2023-08-25,"competitor_minus_unrelated","pre_11_1",0,0
2023-08-25,"competitor_minus_unrelated","pre_21_1",0,0
2023-08-25,"hardware_minus_unrelated","0_10",0,0
2023-08-25,"competitor_minus_unrelated","0_10",0,0
2023-08-25,"hardware_minus_unrelated","0_20",0,0
2023-08-25,"deployer_minus_unrelated","0_10",0,0
2023-08-25,"deployer_minus_unrelated","pre_21_1",0,0
2023-08-25,"hardware_minus_unrelated","pre_11_1",0,0
2023-08-28,"hardware_minus_unrelated","pre_21_1",0,0
2023-08-28,"deployer_minus_unrelated","pre_11_1",0,0
2023-08-28,"competitor_minus_unrelated","0_20",0,0
2023-08-28,"hardware_minus_unrelated","0_10",0,0
2023-08-28,"deployer_minus_unrelated","0_20",0,0
2023-08-28,"competitor_minus_unrelated","pre_11_1",0,0
2023-08-28,"deployer_minus_unrelated","pre_21_1",0,0
2023-08-28,"competitor_minus_unrelated","0_10",0,0
2023-08-28,"hardware_minus_unrelated","0_20",0,0
2023-08-28,"competitor_minus_unrelated","pre_21_1",0,0
2023-08-28,"hardware_minus_unrelated","pre_11_1",0,0
2023-08-28,"deployer_minus_unrelated","0_10",0,0
2023-08-29,"deployer_minus_unrelated","pre_11_1",0,0
2023-08-29,"competitor_minus_unrelated","pre_11_1",0,0
2023-08-29,"hardware_minus_unrelated","pre_21_1",0,0
2023-08-29,"competitor_minus_unrelated","pre_21_1",0,0
2023-08-29,"competitor_minus_unrelated","0_20",0,0
2023-08-29,"deployer_minus_unrelated","0_20",0,0
2023-08-29,"competitor_minus_unrelated","0_10",0,0
2023-08-29,"deployer_minus_unrelated","0_10",0,0
2023-08-29,"deployer_minus_unrelated","pre_21_1",0,0
2023-08-29,"hardware_minus_unrelated","0_10",0,0
2023-08-29,"hardware_minus_unrelated","0_20",0,0
2023-08-29,"hardware_minus_unrelated","pre_11_1",0,0
2023-08-30,"deployer_minus_unrelated","0_20",0,0
2023-08-30,"competitor_minus_unrelated","pre_11_1",0,0
2023-08-30,"hardware_minus_unrelated","0_10",0,0
2023-08-30,"competitor_minus_unrelated","0_10",0,0
2023-08-30,"hardware_minus_unrelated","0_20",0,0
2023-08-30,"deployer_minus_unrelated","pre_11_1",0,0
2023-08-30,"hardware_minus_unrelated","pre_11_1",0,0
2023-08-30,"competitor_minus_unrelated","0_20",0,0
2023-08-30,"deployer_minus_unrelated","0_10",0,0
2023-08-30,"deployer_minus_unrelated","pre_21_1",0,0
2023-08-30,"hardware_minus_unrelated","pre_21_1",0,0
2023-08-30,"competitor_minus_unrelated","pre_21_1",0,0
2023-08-31,"deployer_minus_unrelated","0_20",0,0
2023-08-31,"hardware_minus_unrelated","pre_11_1",0,0
2023-08-31,"deployer_minus_unrelated","pre_11_1",0,0
2023-08-31,"competitor_minus_unrelated","pre_21_1",0,0
2023-08-31,"competitor_minus_unrelated","0_10",0,0
2023-08-31,"hardware_minus_unrelated","0_10",0,0
2023-08-31,"deployer_minus_unrelated","pre_21_1",0,0
2023-08-31,"competitor_minus_unrelated","0_20",0,0
2023-08-31,"competitor_minus_unrelated","pre_11_1",0,0
2023-08-31,"hardware_minus_unrelated","0_20",0,0
2023-08-31,"hardware_minus_unrelated","pre_21_1",0,0
2023-08-31,"deployer_minus_unrelated","0_10",0,0
2023-09-01,"deployer_minus_unrelated","pre_11_1",0,0
2023-09-01,"deployer_minus_unrelated","0_20",0,0
2023-09-01,"deployer_minus_unrelated","pre_21_1",0,0
2023-09-01,"competitor_minus_unrelated","pre_11_1",0,0
2023-09-01,"competitor_minus_unrelated","pre_21_1",0,0
2023-09-01,"hardware_minus_unrelated","pre_11_1",0,0
2023-09-01,"hardware_minus_unrelated","0_10",0,0
2023-09-01,"hardware_minus_unrelated","0_20",0,0
2023-09-01,"competitor_minus_unrelated","0_20",0,0
2023-09-01,"competitor_minus_unrelated","0_10",0,0
2023-09-01,"hardware_minus_unrelated","pre_21_1",0,0
2023-09-01,"deployer_minus_unrelated","0_10",0,0
2023-09-05,"deployer_minus_unrelated","0_20",0,0
2023-09-05,"deployer_minus_unrelated","pre_21_1",0,0
2023-09-05,"deployer_minus_unrelated","pre_11_1",0,0
2023-09-05,"competitor_minus_unrelated","pre_11_1",0,0
2023-09-05,"hardware_minus_unrelated","0_20",0,0
2023-09-05,"hardware_minus_unrelated","pre_11_1",0,0
2023-09-05,"hardware_minus_unrelated","0_10",0,0
2023-09-05,"deployer_minus_unrelated","0_10",0,0
2023-09-05,"competitor_minus_unrelated","pre_21_1",0,0
2023-09-05,"hardware_minus_unrelated","pre_21_1",0,0
2023-09-05,"competitor_minus_unrelated","0_20",0,0
2023-09-05,"competitor_minus_unrelated","0_10",0,0
2023-09-06,"deployer_minus_unrelated","0_20",0,0
2023-09-06,"competitor_minus_unrelated","pre_11_1",0,0
2023-09-06,"deployer_minus_unrelated","0_10",0,0
2023-09-06,"hardware_minus_unrelated","0_20",0,0
2023-09-06,"competitor_minus_unrelated","0_20",0,0
2023-09-06,"deployer_minus_unrelated","pre_21_1",0,0
2023-09-06,"hardware_minus_unrelated","0_10",0,0
2023-09-06,"hardware_minus_unrelated","pre_21_1",0,0
2023-09-06,"competitor_minus_unrelated","pre_21_1",0,0
2023-09-06,"deployer_minus_unrelated","pre_11_1",0,0
2023-09-06,"competitor_minus_unrelated","0_10",0,0
2023-09-06,"hardware_minus_unrelated","pre_11_1",0,0
2023-09-07,"deployer_minus_unrelated","0_20",0,0
2023-09-07,"competitor_minus_unrelated","pre_11_1",0,0
2023-09-07,"hardware_minus_unrelated","0_20",0,0
2023-09-07,"deployer_minus_unrelated","pre_11_1",0,0
2023-09-07,"hardware_minus_unrelated","pre_21_1",0,0
2023-09-07,"competitor_minus_unrelated","0_10",0,0
2023-09-07,"deployer_minus_unrelated","pre_21_1",0,0
2023-09-07,"competitor_minus_unrelated","pre_21_1",0,0
2023-09-07,"competitor_minus_unrelated","0_20",0,0
2023-09-07,"deployer_minus_unrelated","0_10",0,0
2023-09-07,"hardware_minus_unrelated","pre_11_1",0,0
2023-09-07,"hardware_minus_unrelated","0_10",0,0
2023-09-08,"competitor_minus_unrelated","pre_11_1",0,0
2023-09-08,"competitor_minus_unrelated","0_10",0,0
2023-09-08,"hardware_minus_unrelated","0_10",0,0
2023-09-08,"deployer_minus_unrelated","0_10",0,0
2023-09-08,"hardware_minus_unrelated","0_20",0,0
2023-09-08,"deployer_minus_unrelated","pre_11_1",0,0
2023-09-08,"deployer_minus_unrelated","0_20",0,0
2023-09-08,"hardware_minus_unrelated","pre_21_1",0,0
2023-09-08,"deployer_minus_unrelated","pre_21_1",0,0
2023-09-08,"competitor_minus_unrelated","0_20",0,0
2023-09-08,"competitor_minus_unrelated","pre_21_1",0,0
2023-09-08,"hardware_minus_unrelated","pre_11_1",0,0
2023-09-11,"deployer_minus_unrelated","pre_11_1",0,0
2023-09-11,"competitor_minus_unrelated","pre_11_1",0,0
2023-09-11,"deployer_minus_unrelated","0_10",0,0
2023-09-11,"hardware_minus_unrelated","0_20",0,0
2023-09-11,"competitor_minus_unrelated","0_10",0,0
2023-09-11,"hardware_minus_unrelated","0_10",0,0
2023-09-11,"hardware_minus_unrelated","pre_11_1",0,0
2023-09-11,"deployer_minus_unrelated","0_20",0,0
2023-09-11,"hardware_minus_unrelated","pre_21_1",0,0
2023-09-11,"deployer_minus_unrelated","pre_21_1",0,0
2023-09-11,"competitor_minus_unrelated","pre_21_1",0,0
2023-09-11,"competitor_minus_unrelated","0_20",0,0
2023-09-12,"deployer_minus_unrelated","pre_21_1",0,0
2023-09-12,"competitor_minus_unrelated","0_10",0,0
2023-09-12,"hardware_minus_unrelated","0_10",0,0
2023-09-12,"hardware_minus_unrelated","0_20",0,0
2023-09-12,"deployer_minus_unrelated","pre_11_1",0,0
2023-09-12,"hardware_minus_unrelated","pre_21_1",0,0
2023-09-12,"hardware_minus_unrelated","pre_11_1",0,0
2023-09-12,"competitor_minus_unrelated","pre_11_1",0,0
2023-09-12,"deployer_minus_unrelated","0_10",0,0
2023-09-12,"deployer_minus_unrelated","0_20",0,0
2023-09-12,"competitor_minus_unrelated","pre_21_1",0,0
2023-09-12,"competitor_minus_unrelated","0_20",0,0
2023-09-13,"deployer_minus_unrelated","pre_21_1",0,0
2023-09-13,"deployer_minus_unrelated","pre_11_1",0,0
2023-09-13,"competitor_minus_unrelated","pre_11_1",0,0
2023-09-13,"competitor_minus_unrelated","0_10",0,0
2023-09-13,"deployer_minus_unrelated","0_20",0,0
2023-09-13,"competitor_minus_unrelated","pre_21_1",0,0
2023-09-13,"deployer_minus_unrelated","0_10",0,0
2023-09-13,"hardware_minus_unrelated","0_10",0,0
2023-09-13,"hardware_minus_unrelated","0_20",0,0
2023-09-13,"competitor_minus_unrelated","0_20",0,0
2023-09-13,"hardware_minus_unrelated","pre_11_1",0,0
2023-09-13,"hardware_minus_unrelated","pre_21_1",0,0
2023-09-14,"deployer_minus_unrelated","pre_21_1",0,0
2023-09-14,"deployer_minus_unrelated","0_10",0,0
2023-09-14,"deployer_minus_unrelated","pre_11_1",0,0
2023-09-14,"competitor_minus_unrelated","0_10",0,0
2023-09-14,"competitor_minus_unrelated","pre_21_1",0,0
2023-09-14,"competitor_minus_unrelated","pre_11_1",0,0
2023-09-14,"hardware_minus_unrelated","0_20",0,0
2023-09-14,"hardware_minus_unrelated","pre_11_1",0,0
2023-09-14,"competitor_minus_unrelated","0_20",0,0
2023-09-14,"deployer_minus_unrelated","0_20",0,0
2023-09-14,"hardware_minus_unrelated","pre_21_1",0,0
2023-09-14,"hardware_minus_unrelated","0_10",0,0
2023-09-15,"deployer_minus_unrelated","pre_11_1",0,0
2023-09-15,"competitor_minus_unrelated","pre_21_1",0,0
2023-09-15,"hardware_minus_unrelated","0_20",0,0
2023-09-15,"competitor_minus_unrelated","pre_11_1",0,0
2023-09-15,"deployer_minus_unrelated","0_20",0,0
2023-09-15,"hardware_minus_unrelated","pre_21_1",0,0
2023-09-15,"competitor_minus_unrelated","0_20",0,0
2023-09-15,"deployer_minus_unrelated","pre_21_1",0,0
2023-09-15,"hardware_minus_unrelated","pre_11_1",0,0
2023-09-15,"competitor_minus_unrelated","0_10",0,0
2023-09-15,"hardware_minus_unrelated","0_10",0,0
2023-09-15,"deployer_minus_unrelated","0_10",0,0
2023-09-18,"competitor_minus_unrelated","pre_11_1",0,0
2023-09-18,"deployer_minus_unrelated","pre_21_1",0,0
2023-09-18,"competitor_minus_unrelated","pre_21_1",0,0
2023-09-18,"competitor_minus_unrelated","0_20",0,0
2023-09-18,"deployer_minus_unrelated","0_10",0,0
2023-09-18,"hardware_minus_unrelated","pre_11_1",0,0
2023-09-18,"deployer_minus_unrelated","0_20",0,0
2023-09-18,"hardware_minus_unrelated","0_10",0,0
2023-09-18,"deployer_minus_unrelated","pre_11_1",0,0
2023-09-18,"hardware_minus_unrelated","0_20",0,0
2023-09-18,"competitor_minus_unrelated","0_10",0,0
2023-09-18,"hardware_minus_unrelated","pre_21_1",0,0
2023-09-19,"hardware_minus_unrelated","pre_21_1",0,0
2023-09-19,"competitor_minus_unrelated","pre_11_1",0,0
2023-09-19,"deployer_minus_unrelated","pre_21_1",0,0
2023-09-19,"hardware_minus_unrelated","pre_11_1",0,0
2023-09-19,"competitor_minus_unrelated","pre_21_1",0,0
2023-09-19,"deployer_minus_unrelated","pre_11_1",0,0
2023-09-19,"deployer_minus_unrelated","0_10",0,0
2023-09-19,"competitor_minus_unrelated","0_10",0,0
2023-09-19,"deployer_minus_unrelated","0_20",0,0
2023-09-19,"competitor_minus_unrelated","0_20",0,0
2023-09-19,"hardware_minus_unrelated","0_20",0,0
2023-09-19,"hardware_minus_unrelated","0_10",0,0
2023-09-20,"competitor_minus_unrelated","0_20",0,0
2023-09-20,"competitor_minus_unrelated","pre_11_1",0,0
2023-09-20,"deployer_minus_unrelated","pre_21_1",-0.0136398319022896,1
2023-09-20,"hardware_minus_unrelated","pre_21_1",-0.0040769001844277,1
2023-09-20,"deployer_minus_unrelated","0_10",0,0
2023-09-20,"competitor_minus_unrelated","0_10",0,0
2023-09-20,"competitor_minus_unrelated","pre_21_1",-0.0152276176459568,1
2023-09-20,"deployer_minus_unrelated","0_20",0,0
2023-09-20,"hardware_minus_unrelated","0_10",0,0
2023-09-20,"hardware_minus_unrelated","0_20",0,0
2023-09-20,"hardware_minus_unrelated","pre_11_1",0,0
2023-09-20,"deployer_minus_unrelated","pre_11_1",0,0
2023-09-21,"competitor_minus_unrelated","0_20",0,0
2023-09-21,"deployer_minus_unrelated","0_10",0,0
2023-09-21,"competitor_minus_unrelated","pre_11_1",0,0
2023-09-21,"hardware_minus_unrelated","pre_21_1",0.00281237603168102,1
2023-09-21,"deployer_minus_unrelated","0_20",0,0
2023-09-21,"deployer_minus_unrelated","pre_11_1",0,0
2023-09-21,"hardware_minus_unrelated","0_20",0,0
2023-09-21,"deployer_minus_unrelated","pre_21_1",-0.00565448952096731,1
2023-09-21,"hardware_minus_unrelated","pre_11_1",0,0
2023-09-21,"competitor_minus_unrelated","pre_21_1",0.000318310901004742,1
2023-09-21,"hardware_minus_unrelated","0_10",0,0
2023-09-21,"competitor_minus_unrelated","0_10",0,0
2023-09-22,"deployer_minus_unrelated","0_10",0,0
2023-09-22,"hardware_minus_unrelated","pre_21_1",0.0150025594394818,1
2023-09-22,"deployer_minus_unrelated","0_20",0,0
2023-09-22,"deployer_minus_unrelated","pre_11_1",0,0
2023-09-22,"competitor_minus_unrelated","pre_11_1",0,0
2023-09-22,"competitor_minus_unrelated","0_20",0,0
2023-09-22,"competitor_minus_unrelated","pre_21_1",0.00634708976898872,1
2023-09-22,"competitor_minus_unrelated","0_10",0,0
2023-09-22,"hardware_minus_unrelated","0_20",0,0
2023-09-22,"deployer_minus_unrelated","pre_21_1",0.023408667030154,1
2023-09-22,"hardware_minus_unrelated","pre_11_1",0,0
2023-09-22,"hardware_minus_unrelated","0_10",0,0
2023-09-25,"hardware_minus_unrelated","pre_21_1",-0.000822016746108867,1
2023-09-25,"competitor_minus_unrelated","pre_11_1",0,0
2023-09-25,"hardware_minus_unrelated","0_20",0,0
2023-09-25,"deployer_minus_unrelated","pre_21_1",-0.00302067946522864,1
2023-09-25,"deployer_minus_unrelated","0_20",0,0
2023-09-25,"deployer_minus_unrelated","0_10",0,0
2023-09-25,"competitor_minus_unrelated","0_20",0,0
2023-09-25,"hardware_minus_unrelated","pre_11_1",0,0
2023-09-25,"competitor_minus_unrelated","pre_21_1",-0.000684853185057049,1
2023-09-25,"deployer_minus_unrelated","pre_11_1",0,0
2023-09-25,"hardware_minus_unrelated","0_10",0,0
2023-09-25,"competitor_minus_unrelated","0_10",0,0
2023-09-26,"deployer_minus_unrelated","pre_21_1",0.00374236247630305,1
2023-09-26,"hardware_minus_unrelated","pre_11_1",0,0
2023-09-26,"competitor_minus_unrelated","pre_11_1",0,0
2023-09-26,"hardware_minus_unrelated","0_20",0,0
2023-09-26,"hardware_minus_unrelated","pre_21_1",0.0089094085088964,1
2023-09-26,"competitor_minus_unrelated","0_10",0,0
2023-09-26,"deployer_minus_unrelated","0_10",0,0
2023-09-26,"competitor_minus_unrelated","0_20",0,0
2023-09-26,"deployer_minus_unrelated","pre_11_1",0,0
2023-09-26,"competitor_minus_unrelated","pre_21_1",0.00883232678864489,1
2023-09-26,"deployer_minus_unrelated","0_20",0,0
2023-09-26,"hardware_minus_unrelated","0_10",0,0
2023-09-27,"deployer_minus_unrelated","0_20",0,0
2023-09-27,"competitor_minus_unrelated","pre_11_1",0,0
2023-09-27,"deployer_minus_unrelated","pre_21_1",0.0161404024117838,1
2023-09-27,"competitor_minus_unrelated","0_10",0,0
2023-09-27,"deployer_minus_unrelated","0_10",0,0
2023-09-27,"hardware_minus_unrelated","0_20",0,0
2023-09-27,"competitor_minus_unrelated","0_20",0,0
2023-09-27,"hardware_minus_unrelated","0_10",0,0
2023-09-27,"hardware_minus_unrelated","pre_11_1",0,0
2023-09-27,"hardware_minus_unrelated","pre_21_1",0.00658645652212009,1
2023-09-27,"competitor_minus_unrelated","pre_21_1",0.00146072706780461,1
2023-09-27,"deployer_minus_unrelated","pre_11_1",0,0
2023-09-28,"deployer_minus_unrelated","pre_21_1",-0.020780651405161,1
2023-09-28,"deployer_minus_unrelated","0_20",0,0
2023-09-28,"deployer_minus_unrelated","0_10",0,0
2023-09-28,"competitor_minus_unrelated","0_20",0,0
2023-09-28,"competitor_minus_unrelated","0_10",0,0
2023-09-28,"deployer_minus_unrelated","pre_11_1",0,0
2023-09-28,"competitor_minus_unrelated","pre_11_1",0,0
2023-09-28,"hardware_minus_unrelated","0_20",0,0
2023-09-28,"hardware_minus_unrelated","pre_11_1",0,0
2023-09-28,"competitor_minus_unrelated","pre_21_1",-0.0126842435904364,1
2023-09-28,"hardware_minus_unrelated","0_10",0,0
2023-09-28,"hardware_minus_unrelated","pre_21_1",-0.00343891177858145,1
2023-09-29,"hardware_minus_unrelated","pre_21_1",0.00894689858595211,1
2023-09-29,"deployer_minus_unrelated","0_10",0,0
2023-09-29,"deployer_minus_unrelated","0_20",0,0
2023-09-29,"deployer_minus_unrelated","pre_11_1",0,0
2023-09-29,"competitor_minus_unrelated","pre_11_1",0,0
2023-09-29,"competitor_minus_unrelated","0_20",0,0
2023-09-29,"competitor_minus_unrelated","0_10",0,0
2023-09-29,"hardware_minus_unrelated","pre_11_1",0,0
2023-09-29,"hardware_minus_unrelated","0_20",0,0
2023-09-29,"deployer_minus_unrelated","pre_21_1",0.0210123399829717,1
2023-09-29,"hardware_minus_unrelated","0_10",0,0
2023-09-29,"competitor_minus_unrelated","pre_21_1",0.00213630619380217,1
2023-10-02,"deployer_minus_unrelated","0_20",0,0
2023-10-02,"deployer_minus_unrelated","pre_11_1",0,0
2023-10-02,"competitor_minus_unrelated","pre_11_1",0,0
2023-10-02,"competitor_minus_unrelated","0_10",0,0
2023-10-02,"hardware_minus_unrelated","0_20",0,0
2023-10-02,"deployer_minus_unrelated","pre_21_1",0.00882762783311937,1
2023-10-02,"deployer_minus_unrelated","0_10",0,0
2023-10-02,"hardware_minus_unrelated","pre_21_1",0.00188163339321607,1
2023-10-02,"hardware_minus_unrelated","pre_11_1",0,0
2023-10-02,"competitor_minus_unrelated","0_20",0,0
2023-10-02,"competitor_minus_unrelated","pre_21_1",0.0199886931353061,1
2023-10-02,"hardware_minus_unrelated","0_10",0,0
2023-10-03,"deployer_minus_unrelated","0_10",0,0
2023-10-03,"deployer_minus_unrelated","0_20",0,0
2023-10-03,"deployer_minus_unrelated","pre_21_1",0.0138475059952,1
2023-10-03,"competitor_minus_unrelated","pre_11_1",0,0
2023-10-03,"competitor_minus_unrelated","0_20",0,0
2023-10-03,"deployer_minus_unrelated","pre_11_1",0,0
2023-10-03,"hardware_minus_unrelated","0_20",0,0
2023-10-03,"hardware_minus_unrelated","pre_11_1",0,0
2023-10-03,"hardware_minus_unrelated","pre_21_1",0.0128426166939089,1
2023-10-03,"hardware_minus_unrelated","0_10",0,0
2023-10-03,"competitor_minus_unrelated","pre_21_1",0.0137249514762056,1
2023-10-03,"competitor_minus_unrelated","0_10",0,0
2023-10-04,"deployer_minus_unrelated","pre_21_1",-0.0167792521013399,1
2023-10-04,"deployer_minus_unrelated","pre_11_1",-0.0167792521013399,1
2023-10-04,"hardware_minus_unrelated","pre_21_1",-0.00822701516919882,1
2023-10-04,"hardware_minus_unrelated","0_10",0,0
2023-10-04,"hardware_minus_unrelated","0_20",0,0
2023-10-04,"deployer_minus_unrelated","0_10",0,0
2023-10-04,"competitor_minus_unrelated","pre_21_1",-0.00529092992289041,1
2023-10-04,"competitor_minus_unrelated","0_10",0,0
2023-10-04,"hardware_minus_unrelated","pre_11_1",-0.00822701516919882,1
2023-10-04,"competitor_minus_unrelated","pre_11_1",-0.00529092992289041,1
2023-10-04,"competitor_minus_unrelated","0_20",0,0
2023-10-04,"deployer_minus_unrelated","0_20",0,0
2023-10-05,"deployer_minus_unrelated","pre_11_1",-0.0210139548023747,1
2023-10-05,"competitor_minus_unrelated","pre_21_1",-0.00668057845726916,1
2023-10-05,"deployer_minus_unrelated","pre_21_1",-0.0210139548023747,1
2023-10-05,"competitor_minus_unrelated","pre_11_1",-0.00668057845726916,1
2023-10-05,"competitor_minus_unrelated","0_20",0,0
2023-10-05,"hardware_minus_unrelated","0_10",0,0
2023-10-05,"hardware_minus_unrelated","pre_21_1",-0.00890678098628651,1
2023-10-05,"deployer_minus_unrelated","0_10",0,0
2023-10-05,"hardware_minus_unrelated","0_20",0,0
2023-10-05,"deployer_minus_unrelated","0_20",0,0
2023-10-05,"hardware_minus_unrelated","pre_11_1",-0.00890678098628651,1
2023-10-05,"competitor_minus_unrelated","0_10",0,0
2023-10-06,"competitor_minus_unrelated","pre_21_1",-0.0102218268802275,1
2023-10-06,"deployer_minus_unrelated","0_10",0,0
2023-10-06,"competitor_minus_unrelated","pre_11_1",-0.0102218268802275,1
2023-10-06,"deployer_minus_unrelated","pre_11_1",0.000368075165969116,1
2023-10-06,"hardware_minus_unrelated","pre_21_1",-0.0145528108916892,1
2023-10-06,"hardware_minus_unrelated","0_20",0,0
2023-10-06,"hardware_minus_unrelated","0_10",0,0
2023-10-06,"competitor_minus_unrelated","0_20",0,0
2023-10-06,"deployer_minus_unrelated","0_20",0,0
2023-10-06,"hardware_minus_unrelated","pre_11_1",-0.0145528108916892,1
2023-10-06,"deployer_minus_unrelated","pre_21_1",0.000368075165969116,1
2023-10-06,"competitor_minus_unrelated","0_10",0,0
2023-10-09,"competitor_minus_unrelated","pre_21_1",0.00251375869697364,1
2023-10-09,"hardware_minus_unrelated","pre_21_1",-0.00714314570995269,1
2023-10-09,"deployer_minus_unrelated","0_10",0,0
2023-10-09,"competitor_minus_unrelated","pre_11_1",0.00251375869697364,1
2023-10-09,"competitor_minus_unrelated","0_20",0,0
2023-10-09,"hardware_minus_unrelated","pre_11_1",-0.00714314570995269,1
2023-10-09,"deployer_minus_unrelated","0_20",0,0
2023-10-09,"hardware_minus_unrelated","0_20",0,0
2023-10-09,"hardware_minus_unrelated","0_10",0,0
2023-10-09,"deployer_minus_unrelated","pre_11_1",0.00949058401115721,1
2023-10-09,"deployer_minus_unrelated","pre_21_1",0.00949058401115721,1
2023-10-09,"competitor_minus_unrelated","0_10",0,0
2023-10-10,"competitor_minus_unrelated","0_20",0,0
2023-10-10,"hardware_minus_unrelated","pre_21_1",0.0135057587117361,1
2023-10-10,"competitor_minus_unrelated","pre_11_1",0.00318612052845187,1
2023-10-10,"deployer_minus_unrelated","0_20",0,0
2023-10-10,"hardware_minus_unrelated","0_20",0,0
2023-10-10,"hardware_minus_unrelated","0_10",0,0
2023-10-10,"competitor_minus_unrelated","0_10",0,0
2023-10-10,"deployer_minus_unrelated","0_10",0,0
2023-10-10,"competitor_minus_unrelated","pre_21_1",0.00318612052845187,1
2023-10-10,"deployer_minus_unrelated","pre_21_1",0.032751817556591,1
2023-10-10,"hardware_minus_unrelated","pre_11_1",0.0135057587117361,1
2023-10-10,"deployer_minus_unrelated","pre_11_1",0.032751817556591,1
2023-10-11,"competitor_minus_unrelated","pre_11_1",0.0215606541646211,1
2023-10-11,"hardware_minus_unrelated","pre_21_1",0.0145164534611009,1
2023-10-11,"deployer_minus_unrelated","pre_11_1",0.005361896001776,1
2023-10-11,"hardware_minus_unrelated","0_20",0,0
2023-10-11,"deployer_minus_unrelated","0_20",0,0
2023-10-11,"deployer_minus_unrelated","0_10",0,0
2023-10-11,"competitor_minus_unrelated","pre_21_1",0.0215606541646211,1
2023-10-11,"hardware_minus_unrelated","0_10",0,0
2023-10-11,"competitor_minus_unrelated","0_10",0,0
2023-10-11,"hardware_minus_unrelated","pre_11_1",0.0145164534611009,1
2023-10-11,"deployer_minus_unrelated","pre_21_1",0.005361896001776,1
2023-10-11,"competitor_minus_unrelated","0_20",0,0
2023-10-12,"deployer_minus_unrelated","0_10",0,0
2023-10-12,"competitor_minus_unrelated","pre_11_1",0.0139480618059148,1
2023-10-12,"deployer_minus_unrelated","0_20",0,0
2023-10-12,"hardware_minus_unrelated","pre_21_1",0.0190104668292158,1
2023-10-12,"hardware_minus_unrelated","0_10",0,0
2023-10-12,"deployer_minus_unrelated","pre_21_1",0.00538246863172165,1
2023-10-12,"competitor_minus_unrelated","0_10",0,0
2023-10-12,"hardware_minus_unrelated","0_20",0,0
2023-10-12,"deployer_minus_unrelated","pre_11_1",0.00538246863172165,1
2023-10-12,"competitor_minus_unrelated","pre_21_1",0.0139480618059148,1
2023-10-12,"competitor_minus_unrelated","0_20",0,0
2023-10-12,"hardware_minus_unrelated","pre_11_1",0.0190104668292158,1
2023-10-13,"competitor_minus_unrelated","pre_11_1",-0.00275799541894149,1
2023-10-13,"deployer_minus_unrelated","0_20",0,0
2023-10-13,"deployer_minus_unrelated","0_10",0,0
2023-10-13,"competitor_minus_unrelated","pre_21_1",-0.00275799541894149,1
2023-10-13,"hardware_minus_unrelated","pre_21_1",-0.0113382784519356,1
2023-10-13,"deployer_minus_unrelated","pre_11_1",-0.0128568846734486,1
2023-10-13,"deployer_minus_unrelated","pre_21_1",-0.0128568846734486,1
2023-10-13,"hardware_minus_unrelated","0_10",0,0
2023-10-13,"hardware_minus_unrelated","pre_11_1",-0.0113382784519356,1
2023-10-13,"competitor_minus_unrelated","0_20",0,0
2023-10-13,"hardware_minus_unrelated","0_20",0,0
2023-10-13,"competitor_minus_unrelated","0_10",0,0
2023-10-16,"deployer_minus_unrelated","0_20",0,0
2023-10-16,"hardware_minus_unrelated","pre_21_1",-0.00409571918991861,1
2023-10-16,"competitor_minus_unrelated","0_20",0,0
2023-10-16,"competitor_minus_unrelated","pre_11_1",-0.00519079449025002,1
2023-10-16,"competitor_minus_unrelated","pre_21_1",-0.00519079449025002,1
2023-10-16,"hardware_minus_unrelated","pre_11_1",-0.00409571918991861,1
2023-10-16,"deployer_minus_unrelated","0_10",0,0
2023-10-16,"deployer_minus_unrelated","pre_21_1",-0.0140466887083339,1
2023-10-16,"competitor_minus_unrelated","0_10",0,0
2023-10-16,"hardware_minus_unrelated","0_10",0,0
2023-10-16,"deployer_minus_unrelated","pre_11_1",-0.0140466887083339,1
2023-10-16,"hardware_minus_unrelated","0_20",0,0
2023-10-17,"deployer_minus_unrelated","0_10",0,0
2023-10-17,"competitor_minus_unrelated","pre_11_1",-0.00888587562399843,1
2023-10-17,"deployer_minus_unrelated","0_20",0,0
2023-10-17,"hardware_minus_unrelated","pre_21_1",-0.0205340816200865,1
2023-10-17,"deployer_minus_unrelated","pre_11_1",-0.0195470143982471,1
2023-10-17,"deployer_minus_unrelated","pre_21_1",-0.0195470143982471,1
2023-10-17,"competitor_minus_unrelated","0_10",0,0
2023-10-17,"competitor_minus_unrelated","pre_21_1",-0.00888587562399843,1
2023-10-17,"competitor_minus_unrelated","0_20",0,0
2023-10-17,"hardware_minus_unrelated","0_20",0,0
2023-10-17,"hardware_minus_unrelated","pre_11_1",-0.0205340816200865,1
2023-10-17,"hardware_minus_unrelated","0_10",0,0
2023-10-18,"hardware_minus_unrelated","0_20",0,0
2023-10-18,"deployer_minus_unrelated","0_10",0,0
2023-10-18,"competitor_minus_unrelated","0_20",0,0
2023-10-18,"deployer_minus_unrelated","0_20",0,0
2023-10-18,"hardware_minus_unrelated","pre_21_1",0.000577058925413619,1
2023-10-18,"hardware_minus_unrelated","pre_11_1",0.000577058925413619,1
2023-10-18,"competitor_minus_unrelated","pre_21_1",0.00576870360909437,1
2023-10-18,"deployer_minus_unrelated","pre_21_1",0.00937653808498727,1
2023-10-18,"competitor_minus_unrelated","0_10",0,0
2023-10-18,"deployer_minus_unrelated","pre_11_1",0.00937653808498727,1
2023-10-18,"competitor_minus_unrelated","pre_11_1",0.00576870360909437,1
2023-10-18,"hardware_minus_unrelated","0_10",0,0
2023-10-19,"deployer_minus_unrelated","0_10",-0.0243838389998138,1
2023-10-19,"hardware_minus_unrelated","0_20",-0.0350933529954706,1
2023-10-19,"deployer_minus_unrelated","0_20",-0.0243838389998138,1
2023-10-19,"hardware_minus_unrelated","pre_21_1",0,0
2023-10-19,"competitor_minus_unrelated","0_20",-0.0178057757460316,1
2023-10-19,"competitor_minus_unrelated","0_10",-0.0178057757460316,1
2023-10-19,"hardware_minus_unrelated","pre_11_1",0,0
2023-10-19,"deployer_minus_unrelated","pre_21_1",0,0
2023-10-19,"competitor_minus_unrelated","pre_11_1",0,0
2023-10-19,"hardware_minus_unrelated","0_10",-0.0350933529954706,1
2023-10-19,"competitor_minus_unrelated","pre_21_1",0,0
2023-10-19,"deployer_minus_unrelated","pre_11_1",0,0
2023-10-20,"deployer_minus_unrelated","0_20",-0.0131580476148585,1
2023-10-20,"hardware_minus_unrelated","pre_21_1",0,0
2023-10-20,"competitor_minus_unrelated","0_10",-0.0194882105230687,1
2023-10-20,"hardware_minus_unrelated","pre_11_1",0,0
2023-10-20,"competitor_minus_unrelated","pre_21_1",0,0
2023-10-20,"hardware_minus_unrelated","0_20",-0.0160413226844787,1
2023-10-20,"deployer_minus_unrelated","pre_21_1",0,0
2023-10-20,"competitor_minus_unrelated","pre_11_1",0,0
2023-10-20,"deployer_minus_unrelated","pre_11_1",0,0
2023-10-20,"competitor_minus_unrelated","0_20",-0.0194882105230687,1
2023-10-20,"deployer_minus_unrelated","0_10",-0.0131580476148585,1
2023-10-20,"hardware_minus_unrelated","0_10",-0.0160413226844787,1
2023-10-23,"hardware_minus_unrelated","pre_11_1",0,0
2023-10-23,"competitor_minus_unrelated","0_10",-0.0311362027166349,1
2023-10-23,"deployer_minus_unrelated","pre_11_1",0,0
2023-10-23,"deployer_minus_unrelated","0_20",-0.0251070226056814,1
2023-10-23,"competitor_minus_unrelated","pre_11_1",0,0
2023-10-23,"competitor_minus_unrelated","pre_21_1",0,0
2023-10-23,"competitor_minus_unrelated","0_20",-0.0311362027166349,1
2023-10-23,"hardware_minus_unrelated","pre_21_1",0,0
2023-10-23,"deployer_minus_unrelated","pre_21_1",0,0
2023-10-23,"hardware_minus_unrelated","0_10",-0.0444945109276345,1
2023-10-23,"deployer_minus_unrelated","0_10",-0.0251070226056814,1
2023-10-23,"hardware_minus_unrelated","0_20",-0.0444945109276345,1
2023-10-24,"hardware_minus_unrelated","0_10",-0.0519736978614388,1
2023-10-24,"competitor_minus_unrelated","0_20",-0.0622033435076847,1
2023-10-24,"hardware_minus_unrelated","pre_11_1",0,0
2023-10-24,"competitor_minus_unrelated","pre_21_1",0,0
2023-10-24,"competitor_minus_unrelated","0_10",-0.0622033435076847,1
2023-10-24,"deployer_minus_unrelated","pre_21_1",0,0
2023-10-24,"deployer_minus_unrelated","0_10",-0.0466749382954746,1
2023-10-24,"competitor_minus_unrelated","pre_11_1",0,0
2023-10-24,"hardware_minus_unrelated","0_20",-0.0519736978614388,1
2023-10-24,"deployer_minus_unrelated","0_20",-0.0466749382954746,1
2023-10-24,"hardware_minus_unrelated","pre_21_1",0,0
2023-10-24,"deployer_minus_unrelated","pre_11_1",0,0
2023-10-25,"hardware_minus_unrelated","pre_11_1",0,0
2023-10-25,"hardware_minus_unrelated","0_10",-0.0454616096407836,1
2023-10-25,"deployer_minus_unrelated","pre_21_1",0,0
2023-10-25,"hardware_minus_unrelated","pre_21_1",0,0
2023-10-25,"deployer_minus_unrelated","0_10",-0.0333608871592102,1
2023-10-25,"competitor_minus_unrelated","0_20",-0.0500535209987393,1
2023-10-25,"competitor_minus_unrelated","0_10",-0.0500535209987393,1
2023-10-25,"deployer_minus_unrelated","0_20",-0.0333608871592102,1
2023-10-25,"competitor_minus_unrelated","pre_11_1",0,0
2023-10-25,"competitor_minus_unrelated","pre_21_1",0,0
2023-10-25,"deployer_minus_unrelated","pre_11_1",0,0
2023-10-25,"hardware_minus_unrelated","0_20",-0.0454616096407836,1
2023-10-26,"deployer_minus_unrelated","pre_21_1",0,0
2023-10-26,"hardware_minus_unrelated","pre_21_1",0,0
2023-10-26,"hardware_minus_unrelated","pre_11_1",0,0
2023-10-26,"hardware_minus_unrelated","0_20",0.0152843098673239,1
2023-10-26,"deployer_minus_unrelated","0_20",0.00999245875463889,1
2023-10-26,"deployer_minus_unrelated","0_10",0.00999245875463889,1
2023-10-26,"competitor_minus_unrelated","0_20",-0.00375664743296182,1
2023-10-26,"competitor_minus_unrelated","0_10",-0.00375664743296182,1
2023-10-26,"competitor_minus_unrelated","pre_21_1",0,0
2023-10-26,"competitor_minus_unrelated","pre_11_1",0,0
2023-10-26,"hardware_minus_unrelated","0_10",0.0152843098673239,1
2023-10-26,"deployer_minus_unrelated","pre_11_1",0,0
2023-10-27,"competitor_minus_unrelated","0_20",0.0180444918940743,1
2023-10-27,"hardware_minus_unrelated","pre_11_1",0,0
2023-10-27,"deployer_minus_unrelated","0_10",0.0161389929744795,1
2023-10-27,"competitor_minus_unrelated","pre_11_1",0,0
2023-10-27,"hardware_minus_unrelated","pre_21_1",0,0
2023-10-27,"deployer_minus_unrelated","0_20",0.0161389929744795,1
2023-10-27,"competitor_minus_unrelated","pre_21_1",0,0
2023-10-27,"deployer_minus_unrelated","pre_11_1",0,0
2023-10-27,"competitor_minus_unrelated","0_10",0.0180444918940743,1
2023-10-27,"hardware_minus_unrelated","0_20",0.0256131582462599,1
2023-10-27,"hardware_minus_unrelated","0_10",0.0256131582462599,1
2023-10-27,"deployer_minus_unrelated","pre_21_1",0,0
2023-10-30,"competitor_minus_unrelated","0_20",-0.004606745754552,1
2023-10-30,"deployer_minus_unrelated","0_20",-0.0224446779300487,1
2023-10-30,"deployer_minus_unrelated","0_10",-0.0224446779300487,1
2023-10-30,"hardware_minus_unrelated","0_20",-0.0267659838348007,1
2023-10-30,"hardware_minus_unrelated","pre_21_1",0,0
2023-10-30,"competitor_minus_unrelated","0_10",-0.004606745754552,1
2023-10-30,"competitor_minus_unrelated","pre_21_1",0,0
2023-10-30,"hardware_minus_unrelated","0_10",-0.0267659838348007,1
2023-10-30,"competitor_minus_unrelated","pre_11_1",0,0
2023-10-30,"deployer_minus_unrelated","pre_21_1",0,0
2023-10-30,"hardware_minus_unrelated","pre_11_1",0,0
2023-10-30,"deployer_minus_unrelated","pre_11_1",0,0
2023-10-31,"competitor_minus_unrelated","pre_11_1",0,0
2023-10-31,"deployer_minus_unrelated","0_10",-0.00787798602309235,1
2023-10-31,"deployer_minus_unrelated","pre_21_1",0,0
2023-10-31,"hardware_minus_unrelated","0_20",0.0045442182149979,1
2023-10-31,"hardware_minus_unrelated","0_10",0.0045442182149979,1
2023-10-31,"competitor_minus_unrelated","0_20",-0.00704621836599537,1
2023-10-31,"hardware_minus_unrelated","pre_21_1",0,0
2023-10-31,"competitor_minus_unrelated","0_10",-0.00704621836599537,1
2023-10-31,"deployer_minus_unrelated","pre_11_1",0,0
2023-10-31,"competitor_minus_unrelated","pre_21_1",0,0
2023-10-31,"hardware_minus_unrelated","pre_11_1",0,0
2023-10-31,"deployer_minus_unrelated","0_20",-0.00787798602309235,1
2023-11-01,"hardware_minus_unrelated","0_20",0.0229327235261287,1
2023-11-01,"competitor_minus_unrelated","0_20",0.0205791825939,1
2023-11-01,"deployer_minus_unrelated","0_10",0.0130138752542624,1
2023-11-01,"competitor_minus_unrelated","pre_11_1",0,0
2023-11-01,"deployer_minus_unrelated","pre_21_1",0,0
2023-11-01,"hardware_minus_unrelated","pre_11_1",0,0
2023-11-01,"hardware_minus_unrelated","0_10",0.0229327235261287,1
2023-11-01,"hardware_minus_unrelated","pre_21_1",0,0
2023-11-01,"competitor_minus_unrelated","0_10",0.0205791825939,1
2023-11-01,"deployer_minus_unrelated","pre_11_1",0,0
2023-11-01,"deployer_minus_unrelated","0_20",0.0130138752542624,1
2023-11-01,"competitor_minus_unrelated","pre_21_1",0,0
2023-11-02,"deployer_minus_unrelated","0_10",0.0151938458874443,1
2023-11-02,"competitor_minus_unrelated","pre_11_1",0,0
2023-11-02,"competitor_minus_unrelated","0_10",-0.0276267959198415,1
2023-11-02,"competitor_minus_unrelated","0_20",-0.0276267959198415,1
2023-11-02,"competitor_minus_unrelated","pre_21_1",0,0
2023-11-02,"deployer_minus_unrelated","pre_21_1",0,0
2023-11-02,"hardware_minus_unrelated","0_20",-0.0136370344685468,1
2023-11-02,"hardware_minus_unrelated","0_10",-0.0136370344685468,1
2023-11-02,"hardware_minus_unrelated","pre_21_1",0,0
2023-11-02,"hardware_minus_unrelated","pre_11_1",0,0
2023-11-02,"deployer_minus_unrelated","pre_11_1",0,0
2023-11-02,"deployer_minus_unrelated","0_20",0.0151938458874443,1
2023-11-03,"hardware_minus_unrelated","0_20",0.0153904213054745,1
2023-11-03,"competitor_minus_unrelated","0_20",0.000236480881387779,1
2023-11-03,"competitor_minus_unrelated","pre_11_1",0,0
2023-11-03,"deployer_minus_unrelated","pre_21_1",0,0
2023-11-03,"hardware_minus_unrelated","pre_11_1",0,0
2023-11-03,"hardware_minus_unrelated","0_10",0,0
2023-11-03,"hardware_minus_unrelated","pre_21_1",0,0
2023-11-03,"deployer_minus_unrelated","0_10",0,0
2023-11-03,"deployer_minus_unrelated","0_20",0.0239867165891471,1
2023-11-03,"competitor_minus_unrelated","pre_21_1",0,0
2023-11-03,"competitor_minus_unrelated","0_10",0,0
2023-11-03,"deployer_minus_unrelated","pre_11_1",0,0
2023-11-06,"competitor_minus_unrelated","0_20",0.00131357551190525,1
2023-11-06,"deployer_minus_unrelated","pre_21_1",-0.0122545052600208,1
2023-11-06,"hardware_minus_unrelated","0_20",-0.00826981678478502,1
2023-11-06,"competitor_minus_unrelated","pre_11_1",0,0
2023-11-06,"deployer_minus_unrelated","0_10",0,0
2023-11-06,"hardware_minus_unrelated","pre_21_1",-0.00826981678478502,1
2023-11-06,"deployer_minus_unrelated","0_20",-0.0122545052600208,1
2023-11-06,"hardware_minus_unrelated","0_10",0,0
2023-11-06,"deployer_minus_unrelated","pre_11_1",0,0
2023-11-06,"hardware_minus_unrelated","pre_11_1",0,0
2023-11-06,"competitor_minus_unrelated","0_10",0,0
2023-11-06,"competitor_minus_unrelated","pre_21_1",0.00112890318820857,1
2023-11-07,"deployer_minus_unrelated","pre_21_1",-0.00767797814771017,1
2023-11-07,"competitor_minus_unrelated","0_20",-0.00515865124610304,1
2023-11-07,"deployer_minus_unrelated","0_10",0,0
2023-11-07,"hardware_minus_unrelated","pre_11_1",0,0
2023-11-07,"competitor_minus_unrelated","pre_11_1",0,0
2023-11-07,"competitor_minus_unrelated","pre_21_1",-0.00143772685959564,1
2023-11-07,"deployer_minus_unrelated","pre_11_1",0,0
2023-11-07,"hardware_minus_unrelated","0_20",-0.0138406222015779,1
2023-11-07,"deployer_minus_unrelated","0_20",-0.00767797814771017,1
2023-11-07,"hardware_minus_unrelated","pre_21_1",-0.0138406222015779,1
2023-11-07,"competitor_minus_unrelated","0_10",0,0
2023-11-07,"hardware_minus_unrelated","0_10",0,0
2023-11-08,"competitor_minus_unrelated","pre_11_1",0,0
2023-11-08,"deployer_minus_unrelated","0_10",0,0
2023-11-08,"deployer_minus_unrelated","pre_21_1",-0.00813100540051629,1
2023-11-08,"deployer_minus_unrelated","pre_11_1",0,0
2023-11-08,"hardware_minus_unrelated","0_20",-0.00200836496098853,1
2023-11-08,"competitor_minus_unrelated","0_10",0,0
2023-11-08,"competitor_minus_unrelated","0_20",-9.38214297419027e-06,1
2023-11-08,"hardware_minus_unrelated","pre_21_1",-0.00200836496098853,1
2023-11-08,"hardware_minus_unrelated","0_10",0,0
2023-11-08,"hardware_minus_unrelated","pre_11_1",0,0
2023-11-08,"competitor_minus_unrelated","pre_21_1",-0.000824946754838352,1
2023-11-08,"deployer_minus_unrelated","0_20",-0.00813100540051629,1
2023-11-09,"competitor_minus_unrelated","0_20",-0.0266599554182213,1
2023-11-09,"competitor_minus_unrelated","pre_11_1",0,0
2023-11-09,"deployer_minus_unrelated","pre_11_1",0,0
2023-11-09,"deployer_minus_unrelated","pre_21_1",-0.0348313190640318,1
2023-11-09,"deployer_minus_unrelated","0_10",0,0
2023-11-09,"hardware_minus_unrelated","pre_21_1",-0.0216417195911515,1
2023-11-09,"hardware_minus_unrelated","pre_11_1",0,0
2023-11-09,"deployer_minus_unrelated","0_20",-0.0348313190640318,1
2023-11-09,"competitor_minus_unrelated","pre_21_1",-0.0243454628903457,1
2023-11-09,"hardware_minus_unrelated","0_20",-0.0216417195911515,1
2023-11-09,"competitor_minus_unrelated","0_10",0,0
2023-11-09,"hardware_minus_unrelated","0_10",0,0
2023-11-10,"deployer_minus_unrelated","pre_11_1",0,0
2023-11-10,"hardware_minus_unrelated","pre_21_1",0.0148542493724992,1
2023-11-10,"competitor_minus_unrelated","pre_21_1",0.00430971852991252,1
2023-11-10,"competitor_minus_unrelated","0_20",0.00135995178079954,1
2023-11-10,"hardware_minus_unrelated","0_20",0.0148542493724992,1
2023-11-10,"competitor_minus_unrelated","pre_11_1",0,0
2023-11-10,"hardware_minus_unrelated","pre_11_1",0,0
2023-11-10,"deployer_minus_unrelated","0_20",-0.00104155544587111,1
2023-11-10,"deployer_minus_unrelated","0_10",0,0
2023-11-10,"deployer_minus_unrelated","pre_21_1",-0.00104155544587111,1
2023-11-10,"hardware_minus_unrelated","0_10",0,0
2023-11-10,"competitor_minus_unrelated","0_10",0,0
2023-11-13,"competitor_minus_unrelated","pre_21_1",-0.00236122281887252,1
2023-11-13,"competitor_minus_unrelated","0_20",-0.00126898943105993,1
2023-11-13,"deployer_minus_unrelated","pre_21_1",0.0108519146102658,1
2023-11-13,"hardware_minus_unrelated","pre_11_1",0,0
2023-11-13,"deployer_minus_unrelated","0_20",0.0108519146102658,1
2023-11-13,"competitor_minus_unrelated","pre_11_1",0,0
2023-11-13,"hardware_minus_unrelated","0_20",-0.00365737616001838,1
2023-11-13,"competitor_minus_unrelated","0_10",0,0
2023-11-13,"deployer_minus_unrelated","0_10",0,0
2023-11-13,"deployer_minus_unrelated","pre_11_1",0,0
2023-11-13,"hardware_minus_unrelated","0_10",0,0
2023-11-13,"hardware_minus_unrelated","pre_21_1",-0.00365737616001838,1
2023-11-14,"competitor_minus_unrelated","0_10",0,0
2023-11-14,"deployer_minus_unrelated","0_10",0,0
2023-11-14,"competitor_minus_unrelated","pre_11_1",0,0
2023-11-14,"competitor_minus_unrelated","pre_21_1",0.0345435650029188,1
2023-11-14,"hardware_minus_unrelated","0_20",0.0530675713595877,1
2023-11-14,"deployer_minus_unrelated","pre_21_1",0.0419118038106952,1
2023-11-14,"competitor_minus_unrelated","0_20",0.032922785720711,1
2023-11-14,"hardware_minus_unrelated","pre_21_1",0.0530675713595877,1
2023-11-14,"hardware_minus_unrelated","0_10",0,0
2023-11-14,"deployer_minus_unrelated","0_20",0.0419118038106952,1
2023-11-14,"deployer_minus_unrelated","pre_11_1",0,0
2023-11-14,"hardware_minus_unrelated","pre_11_1",0,0
2023-11-15,"competitor_minus_unrelated","0_10",0,0
2023-11-15,"competitor_minus_unrelated","pre_11_1",0,0
2023-11-15,"deployer_minus_unrelated","0_10",0,0
2023-11-15,"competitor_minus_unrelated","0_20",-0.0246716913884131,1
2023-11-15,"hardware_minus_unrelated","0_10",0,0
2023-11-15,"hardware_minus_unrelated","0_20",-0.0159510855911739,1
2023-11-15,"deployer_minus_unrelated","pre_21_1",-0.00687707087691989,1
2023-11-15,"hardware_minus_unrelated","pre_11_1",0,0
2023-11-15,"competitor_minus_unrelated","pre_21_1",-0.0289367301497261,1
2023-11-15,"hardware_minus_unrelated","pre_21_1",-0.0159510855911739,1
2023-11-15,"deployer_minus_unrelated","pre_11_1",0,0
2023-11-15,"deployer_minus_unrelated","0_20",-0.00687707087691989,1
2023-11-16,"competitor_minus_unrelated","0_20",0.025384587018995,1
2023-11-16,"deployer_minus_unrelated","0_10",0,0
2023-11-16,"competitor_minus_unrelated","pre_11_1",0,0
2023-11-16,"deployer_minus_unrelated","pre_11_1",0,0
2023-11-16,"deployer_minus_unrelated","pre_21_1",0.0113984192265493,1
2023-11-16,"hardware_minus_unrelated","0_10",0,0
2023-11-16,"hardware_minus_unrelated","pre_21_1",0.0135411857730038,1
2023-11-16,"hardware_minus_unrelated","0_20",0.0135411857730038,1
2023-11-16,"competitor_minus_unrelated","0_10",0,0
2023-11-16,"hardware_minus_unrelated","pre_11_1",0,0
2023-11-16,"competitor_minus_unrelated","pre_21_1",0.023223776669984,1
2023-11-16,"deployer_minus_unrelated","0_20",0.0113984192265493,1
2023-11-17,"deployer_minus_unrelated","0_10",0,0
2023-11-17,"competitor_minus_unrelated","pre_11_1",0,0
2023-11-17,"hardware_minus_unrelated","pre_11_1",0,0
2023-11-17,"competitor_minus_unrelated","pre_21_1",-5.58710349410074e-05,1
2023-11-17,"hardware_minus_unrelated","0_20",0,0
2023-11-17,"deployer_minus_unrelated","pre_11_1",0,0
2023-11-17,"competitor_minus_unrelated","0_20",0,0
2023-11-17,"deployer_minus_unrelated","pre_21_1",0.00993328505298489,1
2023-11-17,"hardware_minus_unrelated","pre_21_1",0.00932077180633307,1
2023-11-17,"deployer_minus_unrelated","0_20",0,0
2023-11-17,"hardware_minus_unrelated","0_10",0,0
2023-11-17,"competitor_minus_unrelated","0_10",0,0
2023-11-20,"deployer_minus_unrelated","0_10",0,0
2023-11-20,"deployer_minus_unrelated","0_20",0,0
2023-11-20,"hardware_minus_unrelated","pre_21_1",-0.00760390450806571,2
2023-11-20,"competitor_minus_unrelated","0_20",0,0
2023-11-20,"deployer_minus_unrelated","pre_11_1",-0.00752132783320847,1
2023-11-20,"hardware_minus_unrelated","pre_11_1",-0.00760390450806571,1
2023-11-20,"hardware_minus_unrelated","0_20",0,0
2023-11-20,"competitor_minus_unrelated","pre_11_1",-0.00764872056243199,1
2023-11-20,"hardware_minus_unrelated","0_10",0,0
2023-11-20,"deployer_minus_unrelated","pre_21_1",-0.00752132783320847,2
2023-11-20,"competitor_minus_unrelated","0_10",0,0
2023-11-20,"competitor_minus_unrelated","pre_21_1",-0.00902233599748754,2
2023-11-21,"competitor_minus_unrelated","0_20",0,0
2023-11-21,"deployer_minus_unrelated","0_10",0,0
2023-11-21,"deployer_minus_unrelated","pre_21_1",0.00345970068582988,2
2023-11-21,"hardware_minus_unrelated","pre_21_1",-0.00539153061264954,2
2023-11-21,"hardware_minus_unrelated","0_20",0,0
2023-11-21,"competitor_minus_unrelated","pre_11_1",0.00606594392808416,1
2023-11-21,"deployer_minus_unrelated","pre_11_1",0.00345970068582988,1
2023-11-21,"competitor_minus_unrelated","pre_21_1",0.00807068956616728,2
2023-11-21,"hardware_minus_unrelated","pre_11_1",-0.00539153061264954,1
2023-11-21,"competitor_minus_unrelated","0_10",0,0
2023-11-21,"deployer_minus_unrelated","0_20",0,0
2023-11-21,"hardware_minus_unrelated","0_10",0,0
2023-11-22,"hardware_minus_unrelated","pre_21_1",-0.0115616639153422,2
2023-11-22,"deployer_minus_unrelated","0_20",0,0
2023-11-22,"competitor_minus_unrelated","0_20",0,0
2023-11-22,"deployer_minus_unrelated","0_10",0,0
2023-11-22,"hardware_minus_unrelated","0_20",0,0
2023-11-22,"hardware_minus_unrelated","pre_11_1",-0.0115616639153422,1
2023-11-22,"deployer_minus_unrelated","pre_11_1",-0.0122126173506403,1
2023-11-22,"deployer_minus_unrelated","pre_21_1",-0.0122126173506403,2
2023-11-22,"competitor_minus_unrelated","0_10",0,0
2023-11-22,"competitor_minus_unrelated","pre_21_1",-0.00537812576475231,2
2023-11-22,"competitor_minus_unrelated","pre_11_1",-0.00531126935661186,1
2023-11-22,"hardware_minus_unrelated","0_10",0,0
2023-11-24,"hardware_minus_unrelated","pre_11_1",-0.00805690842186703,1
2023-11-24,"hardware_minus_unrelated","pre_21_1",-0.00805690842186703,2
2023-11-24,"deployer_minus_unrelated","0_20",0,0
2023-11-24,"competitor_minus_unrelated","0_20",0,0
2023-11-24,"deployer_minus_unrelated","0_10",0,0
2023-11-24,"deployer_minus_unrelated","pre_21_1",-0.013576253808847,2
2023-11-24,"hardware_minus_unrelated","0_20",0,0
2023-11-24,"deployer_minus_unrelated","pre_11_1",-0.013576253808847,1
2023-11-24,"competitor_minus_unrelated","pre_11_1",-0.01396659395917,1
2023-11-24,"hardware_minus_unrelated","0_10",0,0
2023-11-24,"competitor_minus_unrelated","pre_21_1",-0.0153655546156386,2
2023-11-24,"competitor_minus_unrelated","0_10",0,0
2023-11-27,"competitor_minus_unrelated","0_20",0,0
2023-11-27,"competitor_minus_unrelated","pre_21_1",0.0224067742312507,2
2023-11-27,"competitor_minus_unrelated","pre_11_1",0.0223251217246498,1
2023-11-27,"hardware_minus_unrelated","pre_11_1",0.0249140127752883,1
2023-11-27,"deployer_minus_unrelated","0_20",0,0
2023-11-27,"hardware_minus_unrelated","pre_21_1",0.0249140127752883,2
2023-11-27,"deployer_minus_unrelated","0_10",0,0
2023-11-27,"hardware_minus_unrelated","0_20",0,0
2023-11-27,"hardware_minus_unrelated","0_10",0,0
2023-11-27,"deployer_minus_unrelated","pre_11_1",0.0218837337197257,1
2023-11-27,"deployer_minus_unrelated","pre_21_1",0.0218837337197257,2
2023-11-27,"competitor_minus_unrelated","0_10",0,0
2023-11-28,"hardware_minus_unrelated","pre_21_1",-0.0192064551417536,2
2023-11-28,"deployer_minus_unrelated","0_20",0,0
2023-11-28,"competitor_minus_unrelated","0_20",0,0
2023-11-28,"competitor_minus_unrelated","pre_11_1",-0.0030727990455654,1
2023-11-28,"hardware_minus_unrelated","pre_11_1",-0.0192064551417536,1
2023-11-28,"hardware_minus_unrelated","0_20",0,0
2023-11-28,"hardware_minus_unrelated","0_10",0,0
2023-11-28,"competitor_minus_unrelated","pre_21_1",-0.00363671894798578,2
2023-11-28,"deployer_minus_unrelated","0_10",0,0
2023-11-28,"competitor_minus_unrelated","0_10",0,0
2023-11-28,"deployer_minus_unrelated","pre_21_1",0.051649486995832,2
2023-11-28,"deployer_minus_unrelated","pre_11_1",0.051649486995832,1
2023-11-29,"hardware_minus_unrelated","pre_11_1",0.00836160903637412,1
2023-11-29,"hardware_minus_unrelated","pre_21_1",0.00836160903637412,2
2023-11-29,"competitor_minus_unrelated","0_20",0,0
2023-11-29,"deployer_minus_unrelated","0_20",0,0
2023-11-29,"hardware_minus_unrelated","0_10",0,0
2023-11-29,"deployer_minus_unrelated","0_10",0,0
2023-11-29,"hardware_minus_unrelated","0_20",0,0
2023-11-29,"deployer_minus_unrelated","pre_21_1",0.00540116852670258,2
2023-11-29,"competitor_minus_unrelated","pre_21_1",-0.0132324891786254,2
2023-11-29,"competitor_minus_unrelated","pre_11_1",-0.0124311332138984,1
2023-11-29,"competitor_minus_unrelated","0_10",0,0
2023-11-29,"deployer_minus_unrelated","pre_11_1",0.00540116852670258,1
2023-11-30,"competitor_minus_unrelated","0_20",0,0
2023-11-30,"deployer_minus_unrelated","0_10",0,0
2023-11-30,"deployer_minus_unrelated","0_20",0,0
2023-11-30,"hardware_minus_unrelated","pre_21_1",-0.00585071084067667,2
2023-11-30,"competitor_minus_unrelated","0_10",0,0
2023-11-30,"hardware_minus_unrelated","0_20",0,0
2023-11-30,"competitor_minus_unrelated","pre_11_1",-0.00871177264689549,1
2023-11-30,"deployer_minus_unrelated","pre_11_1",0.00787700462275611,1
2023-11-30,"hardware_minus_unrelated","0_10",0,0
2023-11-30,"deployer_minus_unrelated","pre_21_1",0.00787700462275611,2
2023-11-30,"competitor_minus_unrelated","pre_21_1",-0.0108157643403841,2
2023-11-30,"hardware_minus_unrelated","pre_11_1",-0.00585071084067667,1
2023-12-01,"hardware_minus_unrelated","0_20",0,0
2023-12-01,"deployer_minus_unrelated","0_10",0,0
2023-12-01,"hardware_minus_unrelated","0_10",0,0
2023-12-01,"competitor_minus_unrelated","0_10",0,0
2023-12-01,"competitor_minus_unrelated","pre_21_1",-0.0344294684260555,2
2023-12-01,"deployer_minus_unrelated","pre_11_1",-0.0250647990525524,1
2023-12-01,"competitor_minus_unrelated","0_20",0,0
2023-12-01,"hardware_minus_unrelated","pre_21_1",-0.0294170448880819,2
2023-12-01,"hardware_minus_unrelated","pre_11_1",-0.0294170448880819,1
2023-12-01,"deployer_minus_unrelated","0_20",0,0
2023-12-01,"deployer_minus_unrelated","pre_21_1",-0.0250647990525524,2
2023-12-01,"competitor_minus_unrelated","pre_11_1",-0.0340328720571597,1
2023-12-04,"hardware_minus_unrelated","0_20",0,0
2023-12-04,"deployer_minus_unrelated","pre_11_1",-0.0327435167444256,1
2023-12-04,"hardware_minus_unrelated","0_10",0,0
2023-12-04,"deployer_minus_unrelated","0_10",0,0
2023-12-04,"competitor_minus_unrelated","pre_21_1",-0.044179800427422,2
2023-12-04,"hardware_minus_unrelated","pre_11_1",-0.0407743175354796,1
2023-12-04,"hardware_minus_unrelated","pre_21_1",-0.0407743175354796,2
2023-12-04,"deployer_minus_unrelated","pre_21_1",-0.0327435167444256,2
2023-12-04,"deployer_minus_unrelated","0_20",0,0
2023-12-04,"competitor_minus_unrelated","pre_11_1",-0.0430071958399341,1
2023-12-04,"competitor_minus_unrelated","0_20",0,0
2023-12-04,"competitor_minus_unrelated","0_10",0,0
2023-12-05,"hardware_minus_unrelated","0_20",0,0
2023-12-05,"deployer_minus_unrelated","pre_11_1",-0.0102600423434546,2
2023-12-05,"hardware_minus_unrelated","pre_11_1",-0.0189553674386933,2
2023-12-05,"hardware_minus_unrelated","pre_21_1",-0.0189553674386933,2
2023-12-05,"competitor_minus_unrelated","pre_21_1",-0.00495528527906583,2
2023-12-05,"competitor_minus_unrelated","pre_11_1",-0.00495528527906583,2
2023-12-05,"deployer_minus_unrelated","0_10",0,0
2023-12-05,"deployer_minus_unrelated","0_20",0,0
2023-12-05,"competitor_minus_unrelated","0_20",0,0
2023-12-05,"deployer_minus_unrelated","pre_21_1",-0.0102600423434546,2
2023-12-05,"competitor_minus_unrelated","0_10",0,0
2023-12-05,"hardware_minus_unrelated","0_10",0,0
2023-12-06,"deployer_minus_unrelated","pre_11_1",0.00443228629377146,1
2023-12-06,"deployer_minus_unrelated","0_20",0.00443228629377146,1
2023-12-06,"competitor_minus_unrelated","pre_21_1",0.000314162899677006,1
2023-12-06,"hardware_minus_unrelated","0_20",0.00168838675577445,1
2023-12-06,"competitor_minus_unrelated","0_10",0.000328707069611661,1
2023-12-06,"deployer_minus_unrelated","pre_21_1",0.00443228629377146,1
2023-12-06,"hardware_minus_unrelated","pre_21_1",0.00168838675577445,1
2023-12-06,"competitor_minus_unrelated","0_20",0.000328707069611661,1
2023-12-06,"deployer_minus_unrelated","0_10",0.00443228629377146,1
2023-12-06,"competitor_minus_unrelated","pre_11_1",0.000314162899677006,1
2023-12-06,"hardware_minus_unrelated","pre_11_1",0.00168838675577445,1
2023-12-06,"hardware_minus_unrelated","0_10",0.00168838675577445,1
2023-12-07,"deployer_minus_unrelated","pre_11_1",0.00528403887130383,1
2023-12-07,"competitor_minus_unrelated","pre_21_1",0.0274781118760909,1
2023-12-07,"deployer_minus_unrelated","0_20",0.00528403887130383,1
2023-12-07,"hardware_minus_unrelated","pre_11_1",0.0232362663015559,1
2023-12-07,"competitor_minus_unrelated","0_20",0.0152782452431144,1
2023-12-07,"deployer_minus_unrelated","0_10",0.00528403887130383,1
2023-12-07,"competitor_minus_unrelated","0_10",0.0152782452431144,1
2023-12-07,"competitor_minus_unrelated","pre_11_1",0.0274781118760909,1
2023-12-07,"hardware_minus_unrelated","pre_21_1",0.0232362663015559,1
2023-12-07,"hardware_minus_unrelated","0_10",0.0232362663015559,1
2023-12-07,"deployer_minus_unrelated","pre_21_1",0.00528403887130383,1
2023-12-07,"hardware_minus_unrelated","0_20",0.0232362663015559,1
2023-12-08,"competitor_minus_unrelated","0_10",-0.0171758116381344,1
2023-12-08,"competitor_minus_unrelated","pre_21_1",-0.0248106910831727,1
2023-12-08,"deployer_minus_unrelated","pre_11_1",-0.0236802399865803,1
2023-12-08,"deployer_minus_unrelated","0_10",-0.0236802399865803,1
2023-12-08,"deployer_minus_unrelated","pre_21_1",-0.0236802399865803,1
2023-12-08,"hardware_minus_unrelated","pre_21_1",-0.0191994758922111,1
2023-12-08,"hardware_minus_unrelated","0_20",-0.0191994758922111,1
2023-12-08,"hardware_minus_unrelated","0_10",-0.0191994758922111,1
2023-12-08,"competitor_minus_unrelated","pre_11_1",-0.0248106910831727,1
2023-12-08,"deployer_minus_unrelated","0_20",-0.0236802399865803,1
2023-12-08,"competitor_minus_unrelated","0_20",-0.0171758116381344,1
2023-12-08,"hardware_minus_unrelated","pre_11_1",-0.0191994758922111,1
2023-12-11,"hardware_minus_unrelated","pre_21_1",0.0657512688508803,1
2023-12-11,"competitor_minus_unrelated","pre_21_1",0.0254819489798547,1
2023-12-11,"deployer_minus_unrelated","0_20",0.0434039546663847,1
2023-12-11,"competitor_minus_unrelated","0_20",0.0284218455818487,1
2023-12-11,"deployer_minus_unrelated","0_10",0.0434039546663847,1
2023-12-11,"competitor_minus_unrelated","0_10",0.0284218455818487,1
2023-12-11,"deployer_minus_unrelated","pre_21_1",0.0434039546663847,1
2023-12-11,"hardware_minus_unrelated","0_20",0.0657512688508803,1
2023-12-11,"hardware_minus_unrelated","pre_11_1",0.0657512688508803,1
2023-12-11,"deployer_minus_unrelated","pre_11_1",0.0434039546663847,1
2023-12-11,"hardware_minus_unrelated","0_10",0.0657512688508803,1
2023-12-11,"competitor_minus_unrelated","pre_11_1",0.0254819489798547,1
2023-12-12,"competitor_minus_unrelated","0_10",0.00903267216236459,1
2023-12-12,"deployer_minus_unrelated","0_10",0.00544256737858946,1
2023-12-12,"deployer_minus_unrelated","pre_21_1",0.00544256737858946,1
2023-12-12,"hardware_minus_unrelated","pre_21_1",0.00162184879970588,1
2023-12-12,"deployer_minus_unrelated","pre_11_1",0.00544256737858946,1
2023-12-12,"hardware_minus_unrelated","pre_11_1",0.00162184879970588,1
2023-12-12,"hardware_minus_unrelated","0_20",0.00162184879970588,1
2023-12-12,"competitor_minus_unrelated","0_20",0.00903267216236459,1
2023-12-12,"competitor_minus_unrelated","pre_11_1",0.00198909298762479,1
2023-12-12,"competitor_minus_unrelated","pre_21_1",0.00198909298762479,1
2023-12-12,"hardware_minus_unrelated","0_10",0.00162184879970588,1
2023-12-12,"deployer_minus_unrelated","0_20",0.00544256737858946,1
2023-12-13,"deployer_minus_unrelated","0_10",-0.0295753371815495,1
2023-12-13,"deployer_minus_unrelated","pre_21_1",-0.0295753371815495,1
2023-12-13,"hardware_minus_unrelated","0_10",-0.0152081732667505,1
2023-12-13,"deployer_minus_unrelated","pre_11_1",-0.0295753371815495,1
2023-12-13,"hardware_minus_unrelated","0_20",-0.0152081732667505,1
2023-12-13,"competitor_minus_unrelated","pre_21_1",-0.0304752769139645,1
2023-12-13,"deployer_minus_unrelated","0_20",-0.0295753371815495,1
2023-12-13,"competitor_minus_unrelated","pre_11_1",-0.0304752769139645,1
2023-12-13,"hardware_minus_unrelated","pre_21_1",-0.0152081732667505,1
2023-12-13,"competitor_minus_unrelated","0_10",-0.0306675345314491,1
2023-12-13,"competitor_minus_unrelated","0_20",-0.0306675345314491,1
2023-12-13,"hardware_minus_unrelated","pre_11_1",-0.0152081732667505,1
2023-12-14,"hardware_minus_unrelated","pre_21_1",0.0400132341802926,1
2023-12-14,"deployer_minus_unrelated","pre_21_1",0.0186036226875816,1
2023-12-14,"competitor_minus_unrelated","0_20",-0.00854933127116131,1
2023-12-14,"deployer_minus_unrelated","0_10",0.0186036226875816,1
2023-12-14,"deployer_minus_unrelated","pre_11_1",0.0186036226875816,1
2023-12-14,"hardware_minus_unrelated","0_10",0.0400132341802926,1
2023-12-14,"competitor_minus_unrelated","pre_21_1",-0.00280396719342099,1
2023-12-14,"hardware_minus_unrelated","0_20",0.0400132341802926,1
2023-12-14,"hardware_minus_unrelated","pre_11_1",0.0400132341802926,1
2023-12-14,"competitor_minus_unrelated","0_10",-0.00854933127116131,1
2023-12-14,"deployer_minus_unrelated","0_20",0.0186036226875816,1
2023-12-14,"competitor_minus_unrelated","pre_11_1",-0.00280396719342099,1
2023-12-15,"competitor_minus_unrelated","0_20",0.011672443410805,1
2023-12-15,"hardware_minus_unrelated","0_10",0.0105315763336321,1
2023-12-15,"hardware_minus_unrelated","pre_11_1",0.0105315763336321,1
2023-12-15,"deployer_minus_unrelated","0_10",0.0106302026133834,1
2023-12-15,"deployer_minus_unrelated","pre_21_1",0.0106302026133834,1
2023-12-15,"hardware_minus_unrelated","pre_21_1",0.0105315763336321,1
2023-12-15,"deployer_minus_unrelated","pre_11_1",0.0106302026133834,1
2023-12-15,"deployer_minus_unrelated","0_20",0.0106302026133834,1
2023-12-15,"competitor_minus_unrelated","pre_21_1",0.0119975989963857,1
2023-12-15,"hardware_minus_unrelated","0_20",0.0105315763336321,1
2023-12-15,"competitor_minus_unrelated","pre_11_1",0.0119975989963857,1
2023-12-15,"competitor_minus_unrelated","0_10",0.011672443410805,1
2023-12-18,"hardware_minus_unrelated","pre_21_1",-0.00711367955703155,1
2023-12-18,"competitor_minus_unrelated","0_10",0.00997099943065854,1
2023-12-18,"deployer_minus_unrelated","pre_21_1",-0.00157539126246982,1
2023-12-18,"hardware_minus_unrelated","0_20",-0.00711367955703155,1
2023-12-18,"hardware_minus_unrelated","pre_11_1",-0.00711367955703155,1
2023-12-18,"competitor_minus_unrelated","0_20",0.00997099943065854,1
2023-12-18,"deployer_minus_unrelated","0_10",-0.00157539126246982,1
2023-12-18,"deployer_minus_unrelated","pre_11_1",-0.00157539126246982,1
2023-12-18,"deployer_minus_unrelated","0_20",-0.00157539126246982,1
2023-12-18,"hardware_minus_unrelated","0_10",-0.00711367955703155,1
2023-12-18,"competitor_minus_unrelated","pre_11_1",0.0139687825666443,1
2023-12-18,"competitor_minus_unrelated","pre_21_1",0.0139687825666443,1
2023-12-19,"hardware_minus_unrelated","pre_11_1",0.00693283490621525,1
2023-12-19,"competitor_minus_unrelated","pre_11_1",0.00944668929303427,1
2023-12-19,"hardware_minus_unrelated","pre_21_1",0.00693283490621525,1
2023-12-19,"hardware_minus_unrelated","0_20",0.00693283490621525,1
2023-12-19,"deployer_minus_unrelated","0_10",0.00332628559851796,1
2023-12-19,"deployer_minus_unrelated","0_20",0.00332628559851796,1
2023-12-19,"deployer_minus_unrelated","pre_21_1",0.00332628559851796,1
2023-12-19,"deployer_minus_unrelated","pre_11_1",0.00332628559851796,1
2023-12-19,"competitor_minus_unrelated","0_20",0.0100354642961269,1
2023-12-19,"hardware_minus_unrelated","0_10",0.00693283490621525,1
2023-12-19,"competitor_minus_unrelated","pre_21_1",0.00944668929303427,1
2023-12-19,"competitor_minus_unrelated","0_10",0.0100354642961269,1
2023-12-20,"hardware_minus_unrelated","pre_21_1",0,0
2023-12-20,"deployer_minus_unrelated","0_10",-0.0164889300591199,2
2023-12-20,"hardware_minus_unrelated","0_10",-0.02413933266567,2
2023-12-20,"deployer_minus_unrelated","pre_11_1",0,0
2023-12-20,"hardware_minus_unrelated","pre_11_1",0,0
2023-12-20,"deployer_minus_unrelated","0_20",-0.0164889300591199,2
2023-12-20,"deployer_minus_unrelated","pre_21_1",0,0
2023-12-20,"competitor_minus_unrelated","0_20",-0.00111938613732786,2
2023-12-20,"hardware_minus_unrelated","0_20",-0.02413933266567,2
2023-12-20,"competitor_minus_unrelated","0_10",-0.00111938613732786,2
2023-12-20,"competitor_minus_unrelated","pre_21_1",0,0
2023-12-20,"competitor_minus_unrelated","pre_11_1",0,0
2023-12-21,"hardware_minus_unrelated","pre_21_1",0,0
2023-12-21,"hardware_minus_unrelated","0_20",0.0187301023295712,2
2023-12-21,"hardware_minus_unrelated","0_10",0.0187301023295712,1
2023-12-21,"deployer_minus_unrelated","0_10",-0.0057871304885948,1
2023-12-21,"competitor_minus_unrelated","0_20",-0.00409764448342954,2
2023-12-21,"hardware_minus_unrelated","pre_11_1",0,0
2023-12-21,"deployer_minus_unrelated","pre_11_1",0,0
2023-12-21,"deployer_minus_unrelated","pre_21_1",0,0
2023-12-21,"competitor_minus_unrelated","pre_11_1",0,0
2023-12-21,"deployer_minus_unrelated","0_20",-0.0057871304885948,2
2023-12-21,"competitor_minus_unrelated","pre_21_1",0,0
2023-12-21,"competitor_minus_unrelated","0_10",-0.00272297109601057,1
2023-12-22,"hardware_minus_unrelated","0_20",-0.0316899215091049,2
2023-12-22,"deployer_minus_unrelated","0_10",-0.0414362942334866,1
2023-12-22,"hardware_minus_unrelated","pre_21_1",0,0
2023-12-22,"deployer_minus_unrelated","pre_21_1",0,0
2023-12-22,"hardware_minus_unrelated","0_10",-0.0316899215091049,1
2023-12-22,"deployer_minus_unrelated","pre_11_1",0,0
2023-12-22,"competitor_minus_unrelated","0_20",-0.0346930155570495,2
2023-12-22,"deployer_minus_unrelated","0_20",-0.0414362942334866,2
2023-12-22,"competitor_minus_unrelated","pre_21_1",0,0
2023-12-22,"competitor_minus_unrelated","pre_11_1",0,0
2023-12-22,"hardware_minus_unrelated","pre_11_1",0,0
2023-12-22,"competitor_minus_unrelated","0_10",-0.0332233164062437,1
2023-12-26,"hardware_minus_unrelated","pre_21_1",0,0
2023-12-26,"competitor_minus_unrelated","pre_21_1",0,0
2023-12-26,"deployer_minus_unrelated","0_20",0.0102880842603266,2
2023-12-26,"deployer_minus_unrelated","pre_21_1",0,0
2023-12-26,"hardware_minus_unrelated","0_20",0.0276633796986627,2
2023-12-26,"hardware_minus_unrelated","0_10",0.0276633796986627,1
2023-12-26,"competitor_minus_unrelated","0_10",0.0120062670452443,1
2023-12-26,"deployer_minus_unrelated","0_10",0.0102880842603266,1
2023-12-26,"deployer_minus_unrelated","pre_11_1",0,0
2023-12-26,"hardware_minus_unrelated","pre_11_1",0,0
2023-12-26,"competitor_minus_unrelated","0_20",0.0119564401589259,2
2023-12-26,"competitor_minus_unrelated","pre_11_1",0,0
2023-12-27,"hardware_minus_unrelated","0_20",-0.0546753183908158,2
2023-12-27,"deployer_minus_unrelated","0_20",-0.0543326817229779,2
2023-12-27,"deployer_minus_unrelated","pre_11_1",0,0
2023-12-27,"competitor_minus_unrelated","0_10",-0.0578475566812592,1
2023-12-27,"deployer_minus_unrelated","pre_21_1",0,0
2023-12-27,"competitor_minus_unrelated","0_20",-0.0562087379598752,2
2023-12-27,"hardware_minus_unrelated","pre_11_1",0,0
2023-12-27,"deployer_minus_unrelated","0_10",-0.0543326817229779,1
2023-12-27,"hardware_minus_unrelated","pre_21_1",0,0
2023-12-27,"hardware_minus_unrelated","0_10",-0.0546753183908158,1
2023-12-27,"competitor_minus_unrelated","pre_21_1",0,0
2023-12-27,"competitor_minus_unrelated","pre_11_1",0,0
2023-12-28,"competitor_minus_unrelated","0_10",0.000529673218865194,1
2023-12-28,"hardware_minus_unrelated","0_20",-0.000596224011556826,2
2023-12-28,"deployer_minus_unrelated","pre_21_1",0,0
2023-12-28,"deployer_minus_unrelated","pre_11_1",0,0
2023-12-28,"competitor_minus_unrelated","0_20",0.000952510337978209,2
2023-12-28,"competitor_minus_unrelated","pre_11_1",0,0
2023-12-28,"hardware_minus_unrelated","pre_11_1",0,0
2023-12-28,"hardware_minus_unrelated","pre_21_1",0,0
2023-12-28,"competitor_minus_unrelated","pre_21_1",0,0
2023-12-28,"deployer_minus_unrelated","0_10",0.00113254201245797,1
2023-12-28,"hardware_minus_unrelated","0_10",-0.000596224011556826,1
2023-12-28,"deployer_minus_unrelated","0_20",0.00113254201245797,2
2023-12-29,"deployer_minus_unrelated","pre_21_1",0,0
2023-12-29,"deployer_minus_unrelated","0_10",0.024045658141712,1
2023-12-29,"deployer_minus_unrelated","0_20",0.024045658141712,2
2023-12-29,"hardware_minus_unrelated","0_20",0.020778617539799,2
2023-12-29,"hardware_minus_unrelated","pre_21_1",0,0
2023-12-29,"hardware_minus_unrelated","0_10",0.020778617539799,1
2023-12-29,"competitor_minus_unrelated","0_20",0.0246502888094791,2
2023-12-29,"competitor_minus_unrelated","pre_11_1",0,0
2023-12-29,"competitor_minus_unrelated","pre_21_1",0,0
2023-12-29,"competitor_minus_unrelated","0_10",0.0246959935540235,1
2023-12-29,"hardware_minus_unrelated","pre_11_1",0,0
2023-12-29,"deployer_minus_unrelated","pre_11_1",0,0
2024-01-02,"hardware_minus_unrelated","pre_21_1",0,0
2024-01-02,"deployer_minus_unrelated","0_10",-0.0542261409404294,1
2024-01-02,"competitor_minus_unrelated","0_20",-0.0549032578896786,2
2024-01-02,"competitor_minus_unrelated","pre_21_1",0,0
2024-01-02,"deployer_minus_unrelated","pre_21_1",0,0
2024-01-02,"competitor_minus_unrelated","0_10",-0.0524988005152115,1
2024-01-02,"hardware_minus_unrelated","pre_11_1",0,0
2024-01-02,"competitor_minus_unrelated","pre_11_1",0,0
2024-01-02,"hardware_minus_unrelated","0_20",-0.069043728468055,2
2024-01-02,"deployer_minus_unrelated","pre_11_1",0,0
2024-01-02,"hardware_minus_unrelated","0_10",-0.069043728468055,1
2024-01-02,"deployer_minus_unrelated","0_20",-0.0542261409404294,2
2024-01-03,"deployer_minus_unrelated","0_20",0.0385219639883769,2
2024-01-03,"deployer_minus_unrelated","pre_11_1",0,0
2024-01-03,"competitor_minus_unrelated","0_20",0.0378875357006942,2
2024-01-03,"deployer_minus_unrelated","0_10",0.0385219639883769,1
2024-01-03,"deployer_minus_unrelated","pre_21_1",0,0
2024-01-03,"competitor_minus_unrelated","0_10",0.0399736246912113,1
2024-01-03,"competitor_minus_unrelated","pre_21_1",0,0
2024-01-03,"hardware_minus_unrelated","pre_21_1",0,0
2024-01-03,"hardware_minus_unrelated","0_20",0.0231012032321921,2
2024-01-03,"hardware_minus_unrelated","pre_11_1",0,0
2024-01-03,"hardware_minus_unrelated","0_10",0.0231012032321921,1
2024-01-03,"competitor_minus_unrelated","pre_11_1",0,0
2024-01-04,"hardware_minus_unrelated","pre_11_1",0,0
2024-01-04,"deployer_minus_unrelated","0_20",-0.0196577923650655,2
2024-01-04,"competitor_minus_unrelated","0_20",-0.0203393273488629,2
2024-01-04,"deployer_minus_unrelated","0_10",-0.0196577923650655,1
2024-01-04,"deployer_minus_unrelated","pre_21_1",0,0
2024-01-04,"hardware_minus_unrelated","0_20",-0.0194555079091442,2
2024-01-04,"deployer_minus_unrelated","pre_11_1",0,0
2024-01-04,"hardware_minus_unrelated","0_10",-0.0194555079091442,1
2024-01-04,"competitor_minus_unrelated","0_10",-0.0223813137995079,1
2024-01-04,"hardware_minus_unrelated","pre_21_1",0,0
2024-01-04,"competitor_minus_unrelated","pre_11_1",0,0
2024-01-04,"competitor_minus_unrelated","pre_21_1",0,0
2024-01-05,"deployer_minus_unrelated","pre_11_1",0,0
2024-01-05,"competitor_minus_unrelated","0_10",0.0191567484758876,1
2024-01-05,"deployer_minus_unrelated","pre_21_1",0,0
2024-01-05,"hardware_minus_unrelated","0_20",0.0249545834687968,2
2024-01-05,"competitor_minus_unrelated","pre_11_1",0,0
2024-01-05,"hardware_minus_unrelated","pre_11_1",0,0
2024-01-05,"competitor_minus_unrelated","0_20",0.0201634115316862,2
2024-01-05,"hardware_minus_unrelated","pre_21_1",0,0
2024-01-05,"hardware_minus_unrelated","0_10",0.0249545834687968,1
2024-01-05,"deployer_minus_unrelated","0_10",0.0190665684619911,1
2024-01-05,"deployer_minus_unrelated","0_20",0.0190665684619911,2
2024-01-05,"competitor_minus_unrelated","pre_21_1",0,0
2024-01-08,"hardware_minus_unrelated","pre_11_1",0,0
2024-01-08,"deployer_minus_unrelated","pre_11_1",0,0
2024-01-08,"deployer_minus_unrelated","0_10",0,0
2024-01-08,"deployer_minus_unrelated","pre_21_1",0,0
2024-01-08,"hardware_minus_unrelated","0_20",0.0486849335548826,1
2024-01-08,"competitor_minus_unrelated","pre_11_1",0,0
2024-01-08,"competitor_minus_unrelated","0_20",0.0427054109701637,1
2024-01-08,"hardware_minus_unrelated","pre_21_1",0,0
2024-01-08,"hardware_minus_unrelated","0_10",0,0
2024-01-08,"deployer_minus_unrelated","0_20",0.0434394377436468,1
2024-01-08,"competitor_minus_unrelated","pre_21_1",0,0
2024-01-08,"competitor_minus_unrelated","0_10",0,0
2024-01-09,"deployer_minus_unrelated","0_10",0,0
2024-01-09,"hardware_minus_unrelated","0_20",0.0127613743863423,1
2024-01-09,"deployer_minus_unrelated","pre_21_1",0,0
2024-01-09,"competitor_minus_unrelated","pre_21_1",0,0
2024-01-09,"competitor_minus_unrelated","0_20",0.0208361255750282,1
2024-01-09,"hardware_minus_unrelated","pre_21_1",0,0
2024-01-09,"hardware_minus_unrelated","0_10",0,0
2024-01-09,"hardware_minus_unrelated","pre_11_1",0,0
2024-01-09,"competitor_minus_unrelated","0_10",0,0
2024-01-09,"deployer_minus_unrelated","0_20",0.0359248103029536,1
2024-01-09,"competitor_minus_unrelated","pre_11_1",0,0
2024-01-09,"deployer_minus_unrelated","pre_11_1",0,0
2024-01-10,"competitor_minus_unrelated","0_20",0.0257290126954817,1
2024-01-10,"deployer_minus_unrelated","0_10",0,0
2024-01-10,"deployer_minus_unrelated","0_20",0.0184609639386855,1
2024-01-10,"hardware_minus_unrelated","0_10",0,0
2024-01-10,"deployer_minus_unrelated","pre_21_1",0,0
2024-01-10,"hardware_minus_unrelated","0_20",0.011686883917588,1
2024-01-10,"hardware_minus_unrelated","pre_11_1",0,0
2024-01-10,"competitor_minus_unrelated","0_10",0,0
2024-01-10,"competitor_minus_unrelated","pre_11_1",0,0
2024-01-10,"hardware_minus_unrelated","pre_21_1",0,0
2024-01-10,"deployer_minus_unrelated","pre_11_1",0,0
2024-01-10,"competitor_minus_unrelated","pre_21_1",0,0
2024-01-11,"deployer_minus_unrelated","0_10",0,0
2024-01-11,"hardware_minus_unrelated","0_20",0.0297684393985023,1
2024-01-11,"deployer_minus_unrelated","pre_21_1",0,0
2024-01-11,"competitor_minus_unrelated","pre_11_1",0,0
2024-01-11,"deployer_minus_unrelated","0_20",0.0227109329667996,1
2024-01-11,"hardware_minus_unrelated","0_10",0,0
2024-01-11,"competitor_minus_unrelated","0_20",0.0254358218061672,1
2024-01-11,"hardware_minus_unrelated","pre_21_1",0,0
2024-01-11,"hardware_minus_unrelated","pre_11_1",0,0
2024-01-11,"deployer_minus_unrelated","pre_11_1",0,0
2024-01-11,"competitor_minus_unrelated","0_10",0,0
2024-01-11,"competitor_minus_unrelated","pre_21_1",0,0
2024-01-12,"hardware_minus_unrelated","0_10",0,0
2024-01-12,"deployer_minus_unrelated","0_10",0,0
2024-01-12,"deployer_minus_unrelated","pre_11_1",0,0
2024-01-12,"competitor_minus_unrelated","0_20",0.0507496828592304,1
2024-01-12,"hardware_minus_unrelated","0_20",0.04136857315512,1
2024-01-12,"competitor_minus_unrelated","0_10",0,0
2024-01-12,"competitor_minus_unrelated","pre_11_1",0,0
2024-01-12,"deployer_minus_unrelated","0_20",0.0406776646974455,1
2024-01-12,"hardware_minus_unrelated","pre_21_1",0,0
2024-01-12,"hardware_minus_unrelated","pre_11_1",0,0
2024-01-12,"competitor_minus_unrelated","pre_21_1",0,0
2024-01-12,"deployer_minus_unrelated","pre_21_1",0,0
2024-01-16,"hardware_minus_unrelated","0_20",0.0148905192116831,1
2024-01-16,"deployer_minus_unrelated","0_20",-0.0161173113131658,1
2024-01-16,"deployer_minus_unrelated","0_10",0,0
2024-01-16,"deployer_minus_unrelated","pre_11_1",0,0
2024-01-16,"competitor_minus_unrelated","0_10",0,0
2024-01-16,"competitor_minus_unrelated","0_20",-0.00385452347937187,1
2024-01-16,"deployer_minus_unrelated","pre_21_1",0,0
2024-01-16,"competitor_minus_unrelated","pre_11_1",0,0
2024-01-16,"hardware_minus_unrelated","pre_11_1",0,0
2024-01-16,"hardware_minus_unrelated","0_10",0,0
2024-01-16,"hardware_minus_unrelated","pre_21_1",0,0
2024-01-16,"competitor_minus_unrelated","pre_21_1",0,0
2024-01-17,"deployer_minus_unrelated","pre_21_1",-0.0251073949042559,1
2024-01-17,"deployer_minus_unrelated","0_10",0,0
2024-01-17,"competitor_minus_unrelated","0_20",-0.0212114731412733,1
2024-01-17,"hardware_minus_unrelated","pre_21_1",-0.026716181996517,1
2024-01-17,"competitor_minus_unrelated","pre_21_1",-0.01925767883448,1
2024-01-17,"hardware_minus_unrelated","0_20",-0.026716181996517,1
2024-01-17,"competitor_minus_unrelated","0_10",0,0
2024-01-17,"deployer_minus_unrelated","0_20",-0.0251073949042559,1
2024-01-17,"hardware_minus_unrelated","0_10",0,0
2024-01-17,"deployer_minus_unrelated","pre_11_1",0,0
2024-01-17,"hardware_minus_unrelated","pre_11_1",0,0
2024-01-17,"competitor_minus_unrelated","pre_11_1",0,0
2024-01-18,"deployer_minus_unrelated","0_10",0,0
2024-01-18,"deployer_minus_unrelated","0_20",0.0253557427540626,1
2024-01-18,"competitor_minus_unrelated","pre_11_1",0,0
2024-01-18,"hardware_minus_unrelated","pre_11_1",0,0
2024-01-18,"deployer_minus_unrelated","pre_21_1",0.0253557427540626,1
2024-01-18,"hardware_minus_unrelated","0_10",0,0
2024-01-18,"deployer_minus_unrelated","pre_11_1",0,0
2024-01-18,"competitor_minus_unrelated","0_20",0.0229724631333461,1
2024-01-18,"hardware_minus_unrelated","pre_21_1",0.0394554516194106,1
2024-01-18,"hardware_minus_unrelated","0_20",0.0394554516194106,1
2024-01-18,"competitor_minus_unrelated","pre_21_1",0.0232306226684521,1
2024-01-18,"competitor_minus_unrelated","0_10",0,0
2024-01-19,"deployer_minus_unrelated","pre_21_1",0.0129470854000241,1
2024-01-19,"deployer_minus_unrelated","0_10",0,0
2024-01-19,"deployer_minus_unrelated","0_20",0.0129470854000241,1
2024-01-19,"hardware_minus_unrelated","0_10",0,0
2024-01-19,"competitor_minus_unrelated","0_20",0.0193797638634007,1
2024-01-19,"competitor_minus_unrelated","pre_11_1",0,0
2024-01-19,"hardware_minus_unrelated","0_20",0.0378557890857594,1
2024-01-19,"hardware_minus_unrelated","pre_11_1",0,0
2024-01-19,"deployer_minus_unrelated","pre_11_1",0,0
2024-01-19,"hardware_minus_unrelated","pre_21_1",0.0378557890857594,1
2024-01-19,"competitor_minus_unrelated","0_10",0,0
2024-01-19,"competitor_minus_unrelated","pre_21_1",0.0190228819065591,1
2024-01-22,"deployer_minus_unrelated","0_20",0.00349381429716783,1
2024-01-22,"competitor_minus_unrelated","0_20",0.00743460955067097,1
2024-01-22,"hardware_minus_unrelated","pre_21_1",0.017467399482141,1
2024-01-22,"competitor_minus_unrelated","0_10",0,0
2024-01-22,"hardware_minus_unrelated","0_10",0,0
2024-01-22,"competitor_minus_unrelated","pre_11_1",0,0
2024-01-22,"deployer_minus_unrelated","pre_21_1",0.00349381429716783,1
2024-01-22,"deployer_minus_unrelated","0_10",0,0
2024-01-22,"hardware_minus_unrelated","0_20",0.017467399482141,1
2024-01-22,"deployer_minus_unrelated","pre_11_1",0,0
2024-01-22,"hardware_minus_unrelated","pre_11_1",0,0
2024-01-22,"competitor_minus_unrelated","pre_21_1",0.00728597771336756,1
2024-01-23,"hardware_minus_unrelated","pre_21_1",0.024877641305027,2
2024-01-23,"hardware_minus_unrelated","0_10",0,0
2024-01-23,"competitor_minus_unrelated","0_20",0,0
2024-01-23,"deployer_minus_unrelated","0_10",0,0
2024-01-23,"deployer_minus_unrelated","pre_21_1",0.0230211636751262,2
2024-01-23,"competitor_minus_unrelated","0_10",0,0
2024-01-23,"deployer_minus_unrelated","0_20",0,0
2024-01-23,"hardware_minus_unrelated","pre_11_1",0,0
2024-01-23,"competitor_minus_unrelated","pre_11_1",0,0
2024-01-23,"deployer_minus_unrelated","pre_11_1",0,0
2024-01-23,"hardware_minus_unrelated","0_20",0,0
2024-01-23,"competitor_minus_unrelated","pre_21_1",0.022073365663693,2
2024-01-24,"competitor_minus_unrelated","0_20",0,0
2024-01-24,"deployer_minus_unrelated","0_10",0,0
2024-01-24,"hardware_minus_unrelated","pre_21_1",0.0177090169402466,2
2024-01-24,"competitor_minus_unrelated","0_10",0,0
2024-01-24,"deployer_minus_unrelated","pre_11_1",0,0
2024-01-24,"hardware_minus_unrelated","0_10",0,0
2024-01-24,"hardware_minus_unrelated","pre_11_1",0,0
2024-01-24,"competitor_minus_unrelated","pre_21_1",0.0129516404741202,2
2024-01-24,"hardware_minus_unrelated","0_20",0,0
2024-01-24,"deployer_minus_unrelated","pre_21_1",0.0155354833174051,2
2024-01-24,"competitor_minus_unrelated","pre_11_1",0,0
2024-01-24,"deployer_minus_unrelated","0_20",0,0
2024-01-25,"deployer_minus_unrelated","pre_21_1",-0.0105975460522137,2
2024-01-25,"hardware_minus_unrelated","pre_11_1",0,0
2024-01-25,"deployer_minus_unrelated","0_20",0,0
2024-01-25,"deployer_minus_unrelated","0_10",0,0
2024-01-25,"hardware_minus_unrelated","0_10",0,0
2024-01-25,"competitor_minus_unrelated","pre_11_1",0,0
2024-01-25,"competitor_minus_unrelated","0_20",0,0
2024-01-25,"hardware_minus_unrelated","pre_21_1",-0.00979991571875605,2
2024-01-25,"hardware_minus_unrelated","0_20",0,0
2024-01-25,"competitor_minus_unrelated","0_10",0,0
2024-01-25,"deployer_minus_unrelated","pre_11_1",0,0
2024-01-25,"competitor_minus_unrelated","pre_21_1",0.000179791393637631,2
2024-01-26,"competitor_minus_unrelated","pre_11_1",0,0
2024-01-26,"deployer_minus_unrelated","pre_21_1",-0.0451870037431606,2
2024-01-26,"hardware_minus_unrelated","0_10",0,0
2024-01-26,"hardware_minus_unrelated","0_20",0,0
2024-01-26,"hardware_minus_unrelated","pre_21_1",-0.0668344757136026,2
2024-01-26,"deployer_minus_unrelated","0_10",0,0
2024-01-26,"deployer_minus_unrelated","pre_11_1",0,0
2024-01-26,"hardware_minus_unrelated","pre_11_1",0,0
2024-01-26,"competitor_minus_unrelated","0_20",0,0
2024-01-26,"deployer_minus_unrelated","0_20",0,0
2024-01-26,"competitor_minus_unrelated","0_10",0,0
2024-01-26,"competitor_minus_unrelated","pre_21_1",-0.042766126619922,2
2024-01-29,"competitor_minus_unrelated","0_10",0,0
2024-01-29,"hardware_minus_unrelated","0_10",0,0
2024-01-29,"deployer_minus_unrelated","0_10",0,0
2024-01-29,"hardware_minus_unrelated","0_20",0,0
2024-01-29,"deployer_minus_unrelated","pre_21_1",-0.0469206086837575,2
2024-01-29,"hardware_minus_unrelated","pre_21_1",-0.0144721198084586,2
2024-01-29,"deployer_minus_unrelated","0_20",0,0
2024-01-29,"deployer_minus_unrelated","pre_11_1",0,0
2024-01-29,"competitor_minus_unrelated","0_20",0,0
2024-01-29,"competitor_minus_unrelated","pre_21_1",-0.0125110589273038,2
2024-01-29,"hardware_minus_unrelated","pre_11_1",0,0
2024-01-29,"competitor_minus_unrelated","pre_11_1",0,0
2024-01-30,"hardware_minus_unrelated","0_10",0,0
2024-01-30,"competitor_minus_unrelated","0_20",0,0
2024-01-30,"hardware_minus_unrelated","pre_21_1",-0.0264493549204788,2
2024-01-30,"hardware_minus_unrelated","pre_11_1",0,0
2024-01-30,"competitor_minus_unrelated","0_10",0,0
2024-01-30,"deployer_minus_unrelated","pre_11_1",0,0
2024-01-30,"deployer_minus_unrelated","0_20",0,0
2024-01-30,"deployer_minus_unrelated","pre_21_1",-0.0445367850205493,2
2024-01-30,"competitor_minus_unrelated","pre_21_1",-0.0185287864993732,2
2024-01-30,"deployer_minus_unrelated","0_10",0,0
2024-01-30,"competitor_minus_unrelated","pre_11_1",0,0
2024-01-30,"hardware_minus_unrelated","0_20",0,0
2024-01-31,"deployer_minus_unrelated","pre_11_1",0.0332532025524108,1
2024-01-31,"hardware_minus_unrelated","pre_11_1",0.0282664852065347,1
2024-01-31,"competitor_minus_unrelated","pre_21_1",0.00892341632047288,2
2024-01-31,"deployer_minus_unrelated","0_20",0,0
2024-01-31,"hardware_minus_unrelated","0_10",0,0
2024-01-31,"hardware_minus_unrelated","pre_21_1",0.0282664852065347,2
2024-01-31,"competitor_minus_unrelated","0_20",0,0
2024-01-31,"deployer_minus_unrelated","0_10",0,0
2024-01-31,"deployer_minus_unrelated","pre_21_1",0.0332532025524108,2
2024-01-31,"hardware_minus_unrelated","0_20",0,0
2024-01-31,"competitor_minus_unrelated","pre_11_1",0.0176611583332694,1
2024-01-31,"competitor_minus_unrelated","0_10",0,0
2024-02-01,"deployer_minus_unrelated","0_20",0,0
2024-02-01,"hardware_minus_unrelated","pre_11_1",-0.0046288322583663,1
2024-02-01,"competitor_minus_unrelated","pre_21_1",0.00191133726528948,3
2024-02-01,"hardware_minus_unrelated","pre_21_1",-0.0046288322583663,3
2024-02-01,"deployer_minus_unrelated","0_10",0,0
2024-02-01,"hardware_minus_unrelated","0_10",0,0
2024-02-01,"competitor_minus_unrelated","0_20",0,0
2024-02-01,"competitor_minus_unrelated","pre_11_1",0.00383876458536864,1
2024-02-01,"deployer_minus_unrelated","pre_11_1",0.00316042438257398,1
2024-02-01,"deployer_minus_unrelated","pre_21_1",0.00316042438257398,3
2024-02-01,"hardware_minus_unrelated","0_20",0,0
2024-02-01,"competitor_minus_unrelated","0_10",0,0
2024-02-02,"hardware_minus_unrelated","pre_11_1",0.0104410180598167,1
2024-02-02,"deployer_minus_unrelated","pre_21_1",-0.000367286776516243,3
2024-02-02,"deployer_minus_unrelated","0_10",0,0
2024-02-02,"competitor_minus_unrelated","0_20",0,0
2024-02-02,"hardware_minus_unrelated","pre_21_1",0.0104410180598167,3
2024-02-02,"competitor_minus_unrelated","0_10",0,0
2024-02-02,"deployer_minus_unrelated","0_20",0,0
2024-02-02,"hardware_minus_unrelated","0_10",0,0
2024-02-02,"deployer_minus_unrelated","pre_11_1",-0.000367286776516243,1
2024-02-02,"hardware_minus_unrelated","0_20",0,0
2024-02-02,"competitor_minus_unrelated","pre_11_1",0.0566429846293107,1
2024-02-02,"competitor_minus_unrelated","pre_21_1",0.0475892538830699,3
2024-02-05,"hardware_minus_unrelated","pre_11_1",0.0220079361560974,1
2024-02-05,"hardware_minus_unrelated","pre_21_1",0.0220079361560974,3
2024-02-05,"hardware_minus_unrelated","0_10",0,0
2024-02-05,"deployer_minus_unrelated","0_10",0,0
2024-02-05,"hardware_minus_unrelated","0_20",0,0
2024-02-05,"competitor_minus_unrelated","pre_11_1",0.00208882187117834,1
2024-02-05,"deployer_minus_unrelated","pre_11_1",0.0027424609070434,1
2024-02-05,"deployer_minus_unrelated","pre_21_1",0.0027424609070434,3
2024-02-05,"competitor_minus_unrelated","0_10",0,0
2024-02-05,"competitor_minus_unrelated","pre_21_1",0.00675619772119954,3
2024-02-05,"competitor_minus_unrelated","0_20",0,0
2024-02-05,"deployer_minus_unrelated","0_20",0,0
2024-02-06,"hardware_minus_unrelated","0_20",0,0
2024-02-06,"deployer_minus_unrelated","pre_21_1",0.021653709039876,3
2024-02-06,"deployer_minus_unrelated","0_10",0,0
2024-02-06,"deployer_minus_unrelated","0_20",0,0
2024-02-06,"competitor_minus_unrelated","0_20",0,0
2024-02-06,"competitor_minus_unrelated","0_10",0,0
2024-02-06,"competitor_minus_unrelated","pre_21_1",-0.0117903029108853,3
2024-02-06,"competitor_minus_unrelated","pre_11_1",-0.0146111818830674,2
2024-02-06,"hardware_minus_unrelated","pre_11_1",-0.0174677884365097,2
2024-02-06,"hardware_minus_unrelated","pre_21_1",-0.0174677884365097,3
2024-02-06,"hardware_minus_unrelated","0_10",0,0
2024-02-06,"deployer_minus_unrelated","pre_11_1",0.021653709039876,2
2024-02-07,"deployer_minus_unrelated","0_10",0,0
2024-02-07,"deployer_minus_unrelated","pre_21_1",0.000890249349470722,3
2024-02-07,"deployer_minus_unrelated","0_20",0,0
2024-02-07,"hardware_minus_unrelated","0_10",0,0
2024-02-07,"hardware_minus_unrelated","0_20",0,0
2024-02-07,"hardware_minus_unrelated","pre_21_1",-0.00125054969797639,3
2024-02-07,"competitor_minus_unrelated","pre_21_1",0.00230352105595693,3
2024-02-07,"competitor_minus_unrelated","0_10",0,0
2024-02-07,"competitor_minus_unrelated","pre_11_1",0.00272260225219838,2
2024-02-07,"competitor_minus_unrelated","0_20",0,0
2024-02-07,"hardware_minus_unrelated","pre_11_1",-0.00125054969797639,2
2024-02-07,"deployer_minus_unrelated","pre_11_1",0.000890249349470722,2
2024-02-08,"hardware_minus_unrelated","pre_21_1",-0.0599041804134503,3
2024-02-08,"competitor_minus_unrelated","0_10",0,0
2024-02-08,"deployer_minus_unrelated","0_20",0,0
2024-02-08,"deployer_minus_unrelated","0_10",0,0
2024-02-08,"deployer_minus_unrelated","pre_21_1",-0.0713200282871616,3
2024-02-08,"hardware_minus_unrelated","0_20",0,0
2024-02-08,"competitor_minus_unrelated","pre_11_1",-0.0759539162996365,2
2024-02-08,"competitor_minus_unrelated","0_20",0,0
2024-02-08,"deployer_minus_unrelated","pre_11_1",-0.0713200282871616,2
2024-02-08,"hardware_minus_unrelated","0_10",0,0
2024-02-08,"competitor_minus_unrelated","pre_21_1",-0.0756998500857325,3
2024-02-08,"hardware_minus_unrelated","pre_11_1",-0.0599041804134503,2
2024-02-09,"competitor_minus_unrelated","0_10",0,0
2024-02-09,"deployer_minus_unrelated","0_10",0,0
2024-02-09,"hardware_minus_unrelated","0_10",0,0
2024-02-09,"deployer_minus_unrelated","pre_21_1",-0.0479119266587592,3
2024-02-09,"hardware_minus_unrelated","0_20",0,0
2024-02-09,"competitor_minus_unrelated","pre_21_1",-0.0434301804891282,3
2024-02-09,"hardware_minus_unrelated","pre_11_1",-0.0336692576745044,2
2024-02-09,"competitor_minus_unrelated","pre_11_1",-0.0437229924921727,2
2024-02-09,"deployer_minus_unrelated","0_20",0,0
2024-02-09,"hardware_minus_unrelated","pre_21_1",-0.0336692576745044,3
2024-02-09,"competitor_minus_unrelated","0_20",0,0
2024-02-09,"deployer_minus_unrelated","pre_11_1",-0.0479119266587592,2
2024-02-12,"deployer_minus_unrelated","0_10",0,0
2024-02-12,"hardware_minus_unrelated","0_10",0,0
2024-02-12,"competitor_minus_unrelated","pre_11_1",-0.0587555530062534,2
2024-02-12,"deployer_minus_unrelated","pre_11_1",-0.0425939839247165,2
2024-02-12,"hardware_minus_unrelated","pre_21_1",-0.0496433974952295,3
2024-02-12,"hardware_minus_unrelated","0_20",0,0
2024-02-12,"competitor_minus_unrelated","0_20",0,0
2024-02-12,"competitor_minus_unrelated","pre_21_1",-0.0577679489476879,3
2024-02-12,"deployer_minus_unrelated","pre_21_1",-0.0425939839247165,3
2024-02-12,"competitor_minus_unrelated","0_10",0,0
2024-02-12,"deployer_minus_unrelated","0_20",0,0
2024-02-12,"hardware_minus_unrelated","pre_11_1",-0.0496433974952295,2
2024-02-13,"deployer_minus_unrelated","pre_11_1",0.0123657107266198,2
2024-02-13,"competitor_minus_unrelated","pre_21_1",0.0115331783196201,3
2024-02-13,"deployer_minus_unrelated","0_10",0,0
2024-02-13,"hardware_minus_unrelated","0_20",0,0
2024-02-13,"deployer_minus_unrelated","0_20",0,0
2024-02-13,"hardware_minus_unrelated","0_10",0,0
2024-02-13,"deployer_minus_unrelated","pre_21_1",0.0123657107266198,3
2024-02-13,"competitor_minus_unrelated","pre_11_1",0.0115077912086583,2
2024-02-13,"hardware_minus_unrelated","pre_11_1",0.00426071732464853,2
2024-02-13,"hardware_minus_unrelated","pre_21_1",0.00426071732464853,3
2024-02-13,"competitor_minus_unrelated","0_20",0,0
2024-02-13,"competitor_minus_unrelated","0_10",0,0
2024-02-14,"competitor_minus_unrelated","pre_21_1",-0.0581614375896242,3
2024-02-14,"deployer_minus_unrelated","0_10",0,0
2024-02-14,"deployer_minus_unrelated","0_20",0,0
2024-02-14,"hardware_minus_unrelated","pre_11_1",-0.0491938559143759,2
2024-02-14,"deployer_minus_unrelated","pre_11_1",-0.0505582634469578,2
2024-02-14,"competitor_minus_unrelated","0_20",0,0
2024-02-14,"hardware_minus_unrelated","0_10",0,0
2024-02-14,"hardware_minus_unrelated","0_20",0,0
2024-02-14,"competitor_minus_unrelated","0_10",0,0
2024-02-14,"competitor_minus_unrelated","pre_11_1",-0.0581678495811832,2
2024-02-14,"deployer_minus_unrelated","pre_21_1",-0.0505582634469578,3
2024-02-14,"hardware_minus_unrelated","pre_21_1",-0.0491938559143759,3
2024-02-15,"deployer_minus_unrelated","0_10",0.0531267504434144,1
2024-02-15,"deployer_minus_unrelated","0_20",0.0531267504434144,1
2024-02-15,"deployer_minus_unrelated","pre_21_1",0.0531267504434144,2
2024-02-15,"competitor_minus_unrelated","0_20",0.0255229114853407,1
2024-02-15,"competitor_minus_unrelated","pre_21_1",0.0205408693567017,2
2024-02-15,"hardware_minus_unrelated","0_10",0.0291452624903286,1
2024-02-15,"competitor_minus_unrelated","0_10",0.0255229114853407,1
2024-02-15,"competitor_minus_unrelated","pre_11_1",0.0205408693567017,2
2024-02-15,"hardware_minus_unrelated","0_20",0.0291452624903286,1
2024-02-15,"hardware_minus_unrelated","pre_21_1",0.0291452624903286,2
2024-02-15,"deployer_minus_unrelated","pre_11_1",0.0531267504434144,2
2024-02-15,"hardware_minus_unrelated","pre_11_1",0.0291452624903286,2
2024-02-16,"deployer_minus_unrelated","0_20",-0.0150025179393855,1
2024-02-16,"competitor_minus_unrelated","0_10",-0.012673341350089,1
2024-02-16,"deployer_minus_unrelated","0_10",-0.0150025179393855,1
2024-02-16,"hardware_minus_unrelated","pre_21_1",0.0102173122875123,2
2024-02-16,"hardware_minus_unrelated","pre_11_1",0.0102173122875123,2
2024-02-16,"competitor_minus_unrelated","pre_21_1",-0.00353407731834064,2
2024-02-16,"competitor_minus_unrelated","0_20",-0.012673341350089,1
2024-02-16,"deployer_minus_unrelated","pre_11_1",-0.0150025179393855,2
2024-02-16,"hardware_minus_unrelated","0_10",0.0102173122875123,1
2024-02-16,"deployer_minus_unrelated","pre_21_1",-0.0150025179393855,2
2024-02-16,"hardware_minus_unrelated","0_20",0.0102173122875123,1
2024-02-16,"competitor_minus_unrelated","pre_11_1",-0.00353407731834064,2
2024-02-20,"hardware_minus_unrelated","pre_21_1",-0.014213336501947,2
2024-02-20,"deployer_minus_unrelated","pre_11_1",-0.0151888977222903,2
2024-02-20,"hardware_minus_unrelated","0_20",-0.014213336501947,1
2024-02-20,"competitor_minus_unrelated","0_10",-0.00735159174139513,1
2024-02-20,"deployer_minus_unrelated","pre_21_1",-0.0151888977222903,2
2024-02-20,"competitor_minus_unrelated","pre_21_1",-0.00384670469418155,2
2024-02-20,"hardware_minus_unrelated","pre_11_1",-0.014213336501947,2
2024-02-20,"deployer_minus_unrelated","0_10",-0.0151888977222903,1
2024-02-20,"competitor_minus_unrelated","0_20",-0.00735159174139513,1
2024-02-20,"competitor_minus_unrelated","pre_11_1",-0.00384670469418155,2
2024-02-20,"hardware_minus_unrelated","0_10",-0.014213336501947,1
2024-02-20,"deployer_minus_unrelated","0_20",-0.0151888977222903,1
2024-02-21,"deployer_minus_unrelated","0_20",0.0135166425630211,1
2024-02-21,"deployer_minus_unrelated","pre_21_1",0.0135166425630211,2
2024-02-21,"hardware_minus_unrelated","0_20",0.0179937939364508,1
2024-02-21,"hardware_minus_unrelated","pre_21_1",0.0179937939364508,2
2024-02-21,"deployer_minus_unrelated","0_10",0.0135166425630211,1
2024-02-21,"competitor_minus_unrelated","pre_11_1",0.0209992684699261,2
2024-02-21,"competitor_minus_unrelated","pre_21_1",0.0209992684699261,2
2024-02-21,"deployer_minus_unrelated","pre_11_1",0.0135166425630211,2
2024-02-21,"competitor_minus_unrelated","0_20",0.0157070589394032,1
2024-02-21,"hardware_minus_unrelated","0_10",0.0179937939364508,1
2024-02-21,"hardware_minus_unrelated","pre_11_1",0.0179937939364508,2
2024-02-21,"competitor_minus_unrelated","0_10",0.0157070589394032,1
2024-02-22,"deployer_minus_unrelated","pre_21_1",-0.00763239212586779,1
2024-02-22,"deployer_minus_unrelated","0_20",-0.00763239212586779,2
2024-02-22,"deployer_minus_unrelated","0_10",-0.00763239212586779,2
2024-02-22,"competitor_minus_unrelated","pre_11_1",-0.0168039043170975,1
2024-02-22,"hardware_minus_unrelated","0_20",0.00874427837821996,2
2024-02-22,"hardware_minus_unrelated","pre_11_1",0.00874427837821996,1
2024-02-22,"competitor_minus_unrelated","0_20",-0.0190200073204851,2
2024-02-22,"hardware_minus_unrelated","0_10",0.00874427837821996,2
2024-02-22,"competitor_minus_unrelated","0_10",-0.0190200073204851,2
2024-02-22,"competitor_minus_unrelated","pre_21_1",-0.0168039043170975,1
2024-02-22,"hardware_minus_unrelated","pre_21_1",0.00874427837821996,1
2024-02-22,"deployer_minus_unrelated","pre_11_1",-0.00763239212586779,1
2024-02-23,"hardware_minus_unrelated","pre_21_1",0.0060476809975819,1
2024-02-23,"competitor_minus_unrelated","0_20",0.0190256762403204,2
2024-02-23,"deployer_minus_unrelated","0_10",0.004259830178218,2
2024-02-23,"deployer_minus_unrelated","pre_21_1",0.004259830178218,1
2024-02-23,"deployer_minus_unrelated","pre_11_1",0.004259830178218,1
2024-02-23,"competitor_minus_unrelated","pre_21_1",0.0128921417712287,1
2024-02-23,"competitor_minus_unrelated","pre_11_1",0.0128921417712287,1
2024-02-23,"competitor_minus_unrelated","0_10",0.0190256762403204,2
2024-02-23,"hardware_minus_unrelated","0_10",0.0060476809975819,2
2024-02-23,"hardware_minus_unrelated","0_20",0.0060476809975819,2
2024-02-23,"hardware_minus_unrelated","pre_11_1",0.0060476809975819,1
2024-02-23,"deployer_minus_unrelated","0_20",0.004259830178218,2
2024-02-26,"deployer_minus_unrelated","0_20",-0.0820255137755871,2
2024-02-26,"deployer_minus_unrelated","pre_21_1",-0.0820255137755871,1
2024-02-26,"hardware_minus_unrelated","pre_11_1",-0.0595143761619439,1
2024-02-26,"hardware_minus_unrelated","pre_21_1",-0.0595143761619439,1
2024-02-26,"competitor_minus_unrelated","0_10",-0.0800232374366001,2
2024-02-26,"deployer_minus_unrelated","pre_11_1",-0.0820255137755871,1
2024-02-26,"hardware_minus_unrelated","0_20",-0.0595143761619439,2
2024-02-26,"deployer_minus_unrelated","0_10",-0.0820255137755871,2
2024-02-26,"competitor_minus_unrelated","pre_11_1",-0.0929450268809606,1
2024-02-26,"competitor_minus_unrelated","pre_21_1",-0.0929450268809606,1
2024-02-26,"competitor_minus_unrelated","0_20",-0.0800232374366001,2
2024-02-26,"hardware_minus_unrelated","0_10",-0.0595143761619439,2
2024-02-27,"deployer_minus_unrelated","0_20",-0.0283704283661526,2
2024-02-27,"deployer_minus_unrelated","pre_11_1",-0.0283704283661526,1
2024-02-27,"hardware_minus_unrelated","pre_11_1",-0.0450875759511549,1
2024-02-27,"competitor_minus_unrelated","pre_11_1",-0.0388955366449927,1
2024-02-27,"hardware_minus_unrelated","0_20",-0.0450875759511549,2
2024-02-27,"deployer_minus_unrelated","pre_21_1",-0.0283704283661526,1
2024-02-27,"competitor_minus_unrelated","0_10",-0.043953268662923,2
2024-02-27,"competitor_minus_unrelated","pre_21_1",-0.0388955366449927,1
2024-02-27,"competitor_minus_unrelated","0_20",-0.043953268662923,2
2024-02-27,"deployer_minus_unrelated","0_10",-0.0283704283661526,2
2024-02-27,"hardware_minus_unrelated","pre_21_1",-0.0450875759511549,1
2024-02-27,"hardware_minus_unrelated","0_10",-0.0450875759511549,2
2024-02-28,"deployer_minus_unrelated","0_20",-0.0631685205324214,2
2024-02-28,"hardware_minus_unrelated","pre_11_1",-0.0582529617616354,1
2024-02-28,"hardware_minus_unrelated","0_10",-0.0582529617616354,2
2024-02-28,"deployer_minus_unrelated","pre_21_1",-0.0631685205324214,1
2024-02-28,"competitor_minus_unrelated","0_10",-0.054835724707221,2
2024-02-28,"hardware_minus_unrelated","0_20",-0.0582529617616354,2
2024-02-28,"deployer_minus_unrelated","pre_11_1",-0.0631685205324214,1
2024-02-28,"deployer_minus_unrelated","0_10",-0.0631685205324214,2
2024-02-28,"competitor_minus_unrelated","pre_11_1",-0.0588044874848551,1
2024-02-28,"competitor_minus_unrelated","0_20",-0.054835724707221,2
2024-02-28,"competitor_minus_unrelated","pre_21_1",-0.0588044874848551,1
2024-02-28,"hardware_minus_unrelated","pre_21_1",-0.0582529617616354,1
2024-02-29,"deployer_minus_unrelated","pre_21_1",-0.0289603490419045,1
2024-02-29,"hardware_minus_unrelated","pre_11_1",-0.0072611431637533,1
2024-02-29,"competitor_minus_unrelated","0_10",-0.0214994237677757,2
2024-02-29,"hardware_minus_unrelated","0_10",-0.0072611431637533,2
2024-02-29,"deployer_minus_unrelated","0_20",-0.0289603490419045,2
2024-02-29,"deployer_minus_unrelated","0_10",-0.0289603490419045,2
2024-02-29,"competitor_minus_unrelated","pre_11_1",-0.021114509189977,1
2024-02-29,"deployer_minus_unrelated","pre_11_1",-0.0289603490419045,1
2024-02-29,"hardware_minus_unrelated","pre_21_1",-0.0072611431637533,1
2024-02-29,"hardware_minus_unrelated","0_20",-0.0072611431637533,2
2024-02-29,"competitor_minus_unrelated","0_20",-0.0214994237677757,2
2024-02-29,"competitor_minus_unrelated","pre_21_1",-0.021114509189977,1
2024-03-01,"deployer_minus_unrelated","0_10",-0.0187828976124939,2
2024-03-01,"deployer_minus_unrelated","pre_21_1",-0.0187828976124939,1
2024-03-01,"hardware_minus_unrelated","0_10",0.0140152998390769,2
2024-03-01,"competitor_minus_unrelated","0_10",-0.023602966745617,2
2024-03-01,"hardware_minus_unrelated","0_20",0.0140152998390769,2
2024-03-01,"deployer_minus_unrelated","0_20",-0.0187828976124939,2
2024-03-01,"competitor_minus_unrelated","0_20",-0.023602966745617,2
2024-03-01,"hardware_minus_unrelated","pre_11_1",0.0140152998390769,1
2024-03-01,"competitor_minus_unrelated","pre_21_1",-0.0302882727127168,1
2024-03-01,"deployer_minus_unrelated","pre_11_1",-0.0187828976124939,1
2024-03-01,"competitor_minus_unrelated","pre_11_1",-0.0302882727127168,1
2024-03-01,"hardware_minus_unrelated","pre_21_1",0.0140152998390769,1
2024-03-04,"deployer_minus_unrelated","0_10",-0.125160085114258,2
2024-03-04,"deployer_minus_unrelated","pre_21_1",-0.125160085114258,1
2024-03-04,"hardware_minus_unrelated","pre_11_1",0,0
2024-03-04,"deployer_minus_unrelated","pre_11_1",0,0
2024-03-04,"competitor_minus_unrelated","pre_11_1",0,0
2024-03-04,"hardware_minus_unrelated","0_20",-0.109702534589043,3
2024-03-04,"hardware_minus_unrelated","0_10",-0.109702534589043,2
2024-03-04,"competitor_minus_unrelated","pre_21_1",-0.133259652047678,1
2024-03-04,"competitor_minus_unrelated","0_10",-0.134334826056971,2
2024-03-04,"deployer_minus_unrelated","0_20",-0.125160085114258,3
2024-03-04,"competitor_minus_unrelated","0_20",-0.131996566399969,3
2024-03-04,"hardware_minus_unrelated","pre_21_1",-0.109702534589043,1
2024-03-05,"deployer_minus_unrelated","0_10",0.0999869554155947,2
2024-03-05,"deployer_minus_unrelated","pre_21_1",0.0999869554155947,1
2024-03-05,"deployer_minus_unrelated","pre_11_1",0,0
2024-03-05,"competitor_minus_unrelated","pre_11_1",0,0
2024-03-05,"hardware_minus_unrelated","pre_11_1",0,0
2024-03-05,"hardware_minus_unrelated","0_20",0.0976548560641791,3
2024-03-05,"competitor_minus_unrelated","0_20",0.0935318812569517,3
2024-03-05,"competitor_minus_unrelated","0_10",0.0969333087880039,2
2024-03-05,"hardware_minus_unrelated","0_10",0.0976548560641791,2
2024-03-05,"competitor_minus_unrelated","pre_21_1",0.0949145323097877,1
2024-03-05,"hardware_minus_unrelated","pre_21_1",0.0976548560641791,1
2024-03-05,"deployer_minus_unrelated","0_20",0.0999869554155947,3
2024-03-06,"hardware_minus_unrelated","0_20",-0.0781170076425728,3
2024-03-06,"hardware_minus_unrelated","0_10",-0.0781170076425728,2
2024-03-06,"deployer_minus_unrelated","pre_11_1",0,0
2024-03-06,"deployer_minus_unrelated","pre_21_1",-0.107554834893799,1
2024-03-06,"deployer_minus_unrelated","0_10",-0.107554834893799,2
2024-03-06,"competitor_minus_unrelated","0_10",-0.0986745256175938,2
2024-03-06,"competitor_minus_unrelated","pre_11_1",0,0
2024-03-06,"hardware_minus_unrelated","pre_11_1",0,0
2024-03-06,"hardware_minus_unrelated","pre_21_1",-0.0781170076425728,1
2024-03-06,"competitor_minus_unrelated","pre_21_1",-0.0987090727955844,1
2024-03-06,"competitor_minus_unrelated","0_20",-0.0976061184881838,3
2024-03-06,"deployer_minus_unrelated","0_20",-0.107554834893799,3
2024-03-07,"deployer_minus_unrelated","0_10",-0.0233528503143378,2
2024-03-07,"competitor_minus_unrelated","0_10",-0.00835892915932608,2
2024-03-07,"hardware_minus_unrelated","0_10",0.00120859424114061,2
2024-03-07,"competitor_minus_unrelated","pre_11_1",0,0
2024-03-07,"deployer_minus_unrelated","pre_11_1",0,0
2024-03-07,"hardware_minus_unrelated","pre_21_1",0.00120859424114061,1
2024-03-07,"hardware_minus_unrelated","0_20",0.00120859424114061,3
2024-03-07,"competitor_minus_unrelated","pre_21_1",-0.00790808694063736,1
2024-03-07,"hardware_minus_unrelated","pre_11_1",0,0
2024-03-07,"deployer_minus_unrelated","0_20",-0.0233528503143378,3
2024-03-07,"deployer_minus_unrelated","pre_21_1",-0.0233528503143378,1
2024-03-07,"competitor_minus_unrelated","0_20",-0.00856059694929132,3
2024-03-08,"hardware_minus_unrelated","pre_21_1",-0.0859825270229571,1
2024-03-08,"deployer_minus_unrelated","pre_11_1",0,0
2024-03-08,"hardware_minus_unrelated","pre_11_1",0,0
2024-03-08,"competitor_minus_unrelated","pre_11_1",0,0
2024-03-08,"deployer_minus_unrelated","pre_21_1",-0.0673981106160369,1
2024-03-08,"deployer_minus_unrelated","0_10",-0.0673981106160369,1
2024-03-08,"competitor_minus_unrelated","pre_21_1",-0.0482030830124933,1
2024-03-08,"competitor_minus_unrelated","0_20",-0.049024734491432,3
2024-03-08,"hardware_minus_unrelated","0_20",-0.0859825270229571,3
2024-03-08,"deployer_minus_unrelated","0_20",-0.0673981106160369,3
2024-03-08,"hardware_minus_unrelated","0_10",-0.0859825270229571,1
2024-03-08,"competitor_minus_unrelated","0_10",-0.0466877254491292,1
2024-03-11,"deployer_minus_unrelated","pre_11_1",0,0
2024-03-11,"hardware_minus_unrelated","0_20",-0.0400368683597951,3
2024-03-11,"deployer_minus_unrelated","0_10",-0.0268661299674052,1
2024-03-11,"deployer_minus_unrelated","pre_21_1",-0.0268661299674052,1
2024-03-11,"hardware_minus_unrelated","pre_21_1",-0.0400368683597951,1
2024-03-11,"competitor_minus_unrelated","pre_11_1",0,0
2024-03-11,"competitor_minus_unrelated","pre_21_1",-0.0252609734574036,1
2024-03-11,"competitor_minus_unrelated","0_20",-0.0287277717566705,3
2024-03-11,"deployer_minus_unrelated","0_20",-0.0268661299674052,3
2024-03-11,"hardware_minus_unrelated","0_10",-0.0400368683597951,1
2024-03-11,"competitor_minus_unrelated","0_10",-0.027912097525805,1
2024-03-11,"hardware_minus_unrelated","pre_11_1",0,0
2024-03-12,"deployer_minus_unrelated","0_10",-0.0139974217083589,1
2024-03-12,"deployer_minus_unrelated","pre_11_1",0,0
2024-03-12,"deployer_minus_unrelated","pre_21_1",-0.0139974217083589,1
2024-03-12,"hardware_minus_unrelated","0_20",-0.0218288544648039,3
2024-03-12,"competitor_minus_unrelated","pre_11_1",0,0
2024-03-12,"competitor_minus_unrelated","pre_21_1",-0.0200978975369866,1
2024-03-12,"hardware_minus_unrelated","pre_21_1",-0.0218288544648039,1
2024-03-12,"competitor_minus_unrelated","0_10",-0.0232079018892232,1
2024-03-12,"deployer_minus_unrelated","0_20",-0.0139974217083589,3
2024-03-12,"hardware_minus_unrelated","0_10",-0.0218288544648039,1
2024-03-12,"hardware_minus_unrelated","pre_11_1",0,0
2024-03-12,"competitor_minus_unrelated","0_20",-0.0190692156893014,3
2024-03-13,"deployer_minus_unrelated","pre_11_1",0,0
2024-03-13,"deployer_minus_unrelated","0_10",-0.0362688266376401,1
2024-03-13,"deployer_minus_unrelated","0_20",-0.0362688266376401,3
2024-03-13,"hardware_minus_unrelated","pre_11_1",0,0
2024-03-13,"hardware_minus_unrelated","pre_21_1",-0.0735435613010327,1
2024-03-13,"competitor_minus_unrelated","0_10",-0.0497840928518472,1
2024-03-13,"deployer_minus_unrelated","pre_21_1",-0.0362688266376401,1
2024-03-13,"competitor_minus_unrelated","0_20",-0.0526059568070374,3
2024-03-13,"hardware_minus_unrelated","0_10",-0.0735435613010327,1
2024-03-13,"hardware_minus_unrelated","0_20",-0.0735435613010327,3
2024-03-13,"competitor_minus_unrelated","pre_21_1",-0.0512804976913456,1
2024-03-13,"competitor_minus_unrelated","pre_11_1",0,0
2024-03-14,"competitor_minus_unrelated","0_10",0.0428610148024605,1
2024-03-14,"deployer_minus_unrelated","pre_11_1",0,0
2024-03-14,"deployer_minus_unrelated","0_10",0.0337591802680797,1
2024-03-14,"hardware_minus_unrelated","0_20",0.01096279973429,3
2024-03-14,"competitor_minus_unrelated","pre_11_1",0,0
2024-03-14,"hardware_minus_unrelated","pre_21_1",0.01096279973429,1
2024-03-14,"hardware_minus_unrelated","0_10",0.01096279973429,1
2024-03-14,"hardware_minus_unrelated","pre_11_1",0,0
2024-03-14,"deployer_minus_unrelated","0_20",0.0337591802680797,3
2024-03-14,"competitor_minus_unrelated","0_20",0.0384503979137635,3
2024-03-14,"deployer_minus_unrelated","pre_21_1",0.0337591802680797,1
2024-03-14,"competitor_minus_unrelated","pre_21_1",0.0394002287345712,1
2024-03-15,"deployer_minus_unrelated","0_10",-0.036008203271723,1
2024-03-15,"hardware_minus_unrelated","0_20",-0.0360744060722289,3
2024-03-15,"hardware_minus_unrelated","pre_21_1",-0.0360744060722289,1
2024-03-15,"deployer_minus_unrelated","pre_11_1",0,0
2024-03-15,"hardware_minus_unrelated","0_10",-0.0360744060722289,1
2024-03-15,"deployer_minus_unrelated","0_20",-0.036008203271723,3
2024-03-15,"competitor_minus_unrelated","0_20",-0.0621094720637782,3
2024-03-15,"deployer_minus_unrelated","pre_21_1",-0.036008203271723,1
2024-03-15,"hardware_minus_unrelated","pre_11_1",0,0
2024-03-15,"competitor_minus_unrelated","0_10",-0.0451194253670093,1
2024-03-15,"competitor_minus_unrelated","pre_11_1",0,0
2024-03-15,"competitor_minus_unrelated","pre_21_1",-0.0656702047043316,1
2024-03-18,"hardware_minus_unrelated","pre_21_1",0.0785684960112577,2
2024-03-18,"deployer_minus_unrelated","0_10",0.092558223747658,1
2024-03-18,"hardware_minus_unrelated","0_20",0.0779509603033777,2
2024-03-18,"competitor_minus_unrelated","0_10",0.104635150458579,1
2024-03-18,"deployer_minus_unrelated","pre_21_1",0.092558223747658,2
2024-03-18,"hardware_minus_unrelated","pre_11_1",0.0779509603033777,1
2024-03-18,"deployer_minus_unrelated","pre_11_1",0.092558223747658,1
2024-03-18,"competitor_minus_unrelated","0_20",0.106163695052915,2
2024-03-18,"competitor_minus_unrelated","pre_11_1",0.10769223964725,1
2024-03-18,"competitor_minus_unrelated","pre_21_1",0.106163695052915,2
2024-03-18,"hardware_minus_unrelated","0_10",0.0779509603033777,1
2024-03-18,"deployer_minus_unrelated","0_20",0.092558223747658,2
2024-03-19,"deployer_minus_unrelated","0_10",0,0
2024-03-19,"competitor_minus_unrelated","0_20",0.0268452325890502,2
2024-03-19,"hardware_minus_unrelated","pre_11_1",0.0156996600869031,1
2024-03-19,"hardware_minus_unrelated","0_20",0.0156996600869031,2
2024-03-19,"hardware_minus_unrelated","pre_21_1",0.0145653431932217,3
2024-03-19,"competitor_minus_unrelated","0_10",0,0
2024-03-19,"competitor_minus_unrelated","pre_11_1",0.0278052171098398,1
2024-03-19,"deployer_minus_unrelated","pre_21_1",0.0282168371016491,3
2024-03-19,"hardware_minus_unrelated","0_10",0,0
2024-03-19,"deployer_minus_unrelated","0_20",0.0282168371016491,2
2024-03-19,"deployer_minus_unrelated","pre_11_1",0.0282168371016491,1
2024-03-19,"competitor_minus_unrelated","pre_21_1",0.0268780607987513,3
2024-03-20,"hardware_minus_unrelated","pre_11_1",-0.030364202697369,1
2024-03-20,"deployer_minus_unrelated","0_10",0,0
2024-03-20,"hardware_minus_unrelated","0_20",-0.030364202697369,2
2024-03-20,"deployer_minus_unrelated","pre_11_1",-0.012830228560256,1
2024-03-20,"competitor_minus_unrelated","0_20",-0.0357211173786316,2
2024-03-20,"deployer_minus_unrelated","pre_21_1",-0.012830228560256,3
2024-03-20,"deployer_minus_unrelated","0_20",-0.012830228560256,2
2024-03-20,"competitor_minus_unrelated","pre_21_1",-0.0357035122918901,3
2024-03-20,"hardware_minus_unrelated","0_10",0,0
2024-03-20,"hardware_minus_unrelated","pre_21_1",-0.0290670888839784,3
2024-03-20,"competitor_minus_unrelated","pre_11_1",-0.0371489455559835,1
2024-03-20,"competitor_minus_unrelated","0_10",0,0
2024-03-21,"deployer_minus_unrelated","0_10",0,0
2024-03-21,"competitor_minus_unrelated","0_20",-0.0277806037990725,2
2024-03-21,"hardware_minus_unrelated","0_20",0.00714777946849488,2
2024-03-21,"deployer_minus_unrelated","pre_11_1",-0.0603552524237707,1
2024-03-21,"deployer_minus_unrelated","pre_21_1",-0.0603552524237707,3
2024-03-21,"competitor_minus_unrelated","pre_21_1",-0.0286306836471635,3
2024-03-21,"competitor_minus_unrelated","pre_11_1",-0.0283698743374595,1
2024-03-21,"hardware_minus_unrelated","0_10",0,0
2024-03-21,"deployer_minus_unrelated","0_20",-0.0603552524237707,2
2024-03-21,"hardware_minus_unrelated","pre_21_1",0.00683453792375831,3
2024-03-21,"hardware_minus_unrelated","pre_11_1",0.00714777946849488,1
2024-03-21,"competitor_minus_unrelated","0_10",0,0
2024-03-22,"hardware_minus_unrelated","pre_21_1",0.0239235490347285,4
2024-03-22,"deployer_minus_unrelated","0_10",0,0
2024-03-22,"competitor_minus_unrelated","0_10",0,0
2024-03-22,"deployer_minus_unrelated","0_20",0.0285820153836878,1
2024-03-22,"hardware_minus_unrelated","0_20",0.0237610324416604,1
2024-03-22,"hardware_minus_unrelated","0_10",0,0
2024-03-22,"competitor_minus_unrelated","pre_11_1",0.0281499890667384,1
2024-03-22,"deployer_minus_unrelated","pre_11_1",0.0285820153836878,1
2024-03-22,"hardware_minus_unrelated","pre_11_1",0.0237610324416604,1
2024-03-22,"competitor_minus_unrelated","0_20",0.0336164553227409,1
2024-03-22,"competitor_minus_unrelated","pre_21_1",0.0333493935578954,4
2024-03-22,"deployer_minus_unrelated","pre_21_1",0.0285820153836878,4
2024-03-25,"deployer_minus_unrelated","0_10",0,0
2024-03-25,"deployer_minus_unrelated","pre_11_1",-0.11424905698722,1
2024-03-25,"hardware_minus_unrelated","pre_21_1",-0.105834589279295,4
2024-03-25,"hardware_minus_unrelated","0_20",-0.107166492493287,1
2024-03-25,"hardware_minus_unrelated","0_10",0,0
2024-03-25,"deployer_minus_unrelated","0_20",-0.11424905698722,1
2024-03-25,"competitor_minus_unrelated","pre_21_1",-0.111580371711853,4
2024-03-25,"competitor_minus_unrelated","pre_11_1",-0.109131948577207,1
2024-03-25,"competitor_minus_unrelated","0_10",0,0
2024-03-25,"hardware_minus_unrelated","pre_11_1",-0.107166492493287,1
2024-03-25,"competitor_minus_unrelated","0_20",-0.113158303347615,1
2024-03-25,"deployer_minus_unrelated","pre_21_1",-0.11424905698722,4
2024-03-26,"hardware_minus_unrelated","0_20",-0.00676903564441363,1
2024-03-26,"deployer_minus_unrelated","pre_11_1",-0.0045051082641544,1
2024-03-26,"deployer_minus_unrelated","0_10",0,0
2024-03-26,"hardware_minus_unrelated","pre_21_1",-0.00980396108038016,4
2024-03-26,"competitor_minus_unrelated","0_20",-0.0120361505041804,1
2024-03-26,"deployer_minus_unrelated","0_20",-0.0045051082641544,1
2024-03-26,"competitor_minus_unrelated","pre_21_1",-0.0112088690417351,4
2024-03-26,"competitor_minus_unrelated","pre_11_1",-0.0113788722918775,1
2024-03-26,"competitor_minus_unrelated","0_10",0,0
2024-03-26,"deployer_minus_unrelated","pre_21_1",-0.0045051082641544,4
2024-03-26,"hardware_minus_unrelated","pre_11_1",-0.00676903564441363,1
2024-03-26,"hardware_minus_unrelated","0_10",0,0
2024-03-27,"deployer_minus_unrelated","pre_11_1",-0.0212734578935793,1
2024-03-27,"hardware_minus_unrelated","pre_21_1",-0.00400167139376342,4
2024-03-27,"hardware_minus_unrelated","0_20",-0.00277691749932957,1
2024-03-27,"deployer_minus_unrelated","0_20",-0.0212734578935793,1
2024-03-27,"competitor_minus_unrelated","pre_11_1",-0.0133167452533861,1
2024-03-27,"competitor_minus_unrelated","0_10",0,0
2024-03-27,"competitor_minus_unrelated","pre_21_1",-0.0112649370414592,4
2024-03-27,"deployer_minus_unrelated","0_10",0,0
2024-03-27,"deployer_minus_unrelated","pre_21_1",-0.0212734578935793,4
2024-03-27,"hardware_minus_unrelated","pre_11_1",-0.00277691749932957,1
2024-03-27,"competitor_minus_unrelated","0_20",-0.0116158382120919,1
2024-03-27,"hardware_minus_unrelated","0_10",0,0
2024-03-28,"deployer_minus_unrelated","pre_11_1",0.0469502376207943,1
2024-03-28,"deployer_minus_unrelated","0_20",0.0469502376207943,1
2024-03-28,"competitor_minus_unrelated","pre_21_1",0.049852364721724,4
2024-03-28,"competitor_minus_unrelated","pre_11_1",0.0500740677346232,1
2024-03-28,"competitor_minus_unrelated","0_20",0.0491244522873957,1
2024-03-28,"hardware_minus_unrelated","0_20",0.0562461694019313,1
2024-03-28,"competitor_minus_unrelated","0_10",0,0
2024-03-28,"deployer_minus_unrelated","pre_21_1",0.0469502376207943,4
2024-03-28,"hardware_minus_unrelated","pre_11_1",0.0562461694019313,1
2024-03-28,"hardware_minus_unrelated","0_10",0,0
2024-03-28,"deployer_minus_unrelated","0_10",0,0
2024-03-28,"hardware_minus_unrelated","pre_21_1",0.0559763382276023,4
2024-04-01,"deployer_minus_unrelated","0_20",0.033138717457933,1
2024-04-01,"deployer_minus_unrelated","pre_11_1",0.033138717457933,1
2024-04-01,"hardware_minus_unrelated","0_20",0.0374975641229557,1
2024-04-01,"competitor_minus_unrelated","pre_21_1",0.0401133654099339,4
2024-04-01,"hardware_minus_unrelated","pre_11_1",0.0374975641229557,1
2024-04-01,"deployer_minus_unrelated","pre_21_1",0.033138717457933,4
2024-04-01,"competitor_minus_unrelated","0_20",0.0404579356596993,1
2024-04-01,"deployer_minus_unrelated","0_10",0,0
2024-04-01,"competitor_minus_unrelated","0_10",0,0
2024-04-01,"hardware_minus_unrelated","0_10",0,0
2024-04-01,"hardware_minus_unrelated","pre_21_1",0.0376631216315176,4
2024-04-01,"competitor_minus_unrelated","pre_11_1",0.0372743056846582,1
2024-04-02,"competitor_minus_unrelated","pre_21_1",0.0214555597380731,4
2024-04-02,"hardware_minus_unrelated","0_10",0,0
2024-04-02,"hardware_minus_unrelated","0_20",0.00867995207837889,1
2024-04-02,"competitor_minus_unrelated","0_10",0,0
2024-04-02,"hardware_minus_unrelated","pre_21_1",0.00849140423416512,4
2024-04-02,"competitor_minus_unrelated","0_20",0.0222016415558317,1
2024-04-02,"deployer_minus_unrelated","pre_11_1",0.0179119153467725,2
2024-04-02,"deployer_minus_unrelated","0_10",0,0
2024-04-02,"competitor_minus_unrelated","pre_11_1",0.0219257346456204,2
2024-04-02,"hardware_minus_unrelated","pre_11_1",0.00855425351556971,2
2024-04-02,"deployer_minus_unrelated","0_20",0.0179119153467725,1
2024-04-02,"deployer_minus_unrelated","pre_21_1",0.0179119153467725,4
2024-04-03,"hardware_minus_unrelated","0_10",-0.00162321806385944,1
2024-04-03,"deployer_minus_unrelated","0_10",0.000825437191351511,1
2024-04-03,"competitor_minus_unrelated","0_20",-0.00374895816235012,1
2024-04-03,"hardware_minus_unrelated","pre_21_1",-0.00149554960298937,3
2024-04-03,"deployer_minus_unrelated","pre_11_1",0.000825437191351511,2
2024-04-03,"competitor_minus_unrelated","pre_11_1",-0.00380459161024123,2
2024-04-03,"competitor_minus_unrelated","pre_21_1",-0.002600330659087,3
2024-04-03,"hardware_minus_unrelated","0_20",-0.00162321806385944,1
2024-04-03,"deployer_minus_unrelated","0_20",0.000825437191351511,1
2024-04-03,"hardware_minus_unrelated","pre_11_1",-0.00149554960298937,2
2024-04-03,"competitor_minus_unrelated","0_10",-0.00374895816235012,1
2024-04-03,"deployer_minus_unrelated","pre_21_1",0.000825437191351511,3
2024-04-04,"hardware_minus_unrelated","pre_21_1",-0.0225121170324008,3
2024-04-04,"deployer_minus_unrelated","0_20",-0.0141495308566095,1
2024-04-04,"competitor_minus_unrelated","pre_11_1",-0.0111869442233428,2
2024-04-04,"hardware_minus_unrelated","0_10",-0.0224783353524243,1
2024-04-04,"competitor_minus_unrelated","0_20",-0.0100093273427755,1
2024-04-04,"deployer_minus_unrelated","pre_21_1",-0.0141495308566095,3
2024-04-04,"hardware_minus_unrelated","pre_11_1",-0.0225121170324008,2
2024-04-04,"deployer_minus_unrelated","0_10",-0.0141495308566095,1
2024-04-04,"deployer_minus_unrelated","pre_11_1",-0.0141495308566095,2
2024-04-04,"hardware_minus_unrelated","0_20",-0.0224783353524243,1
2024-04-04,"competitor_minus_unrelated","0_10",-0.0100093273427755,1
2024-04-04,"competitor_minus_unrelated","pre_21_1",-0.0108290685640032,3
2024-04-05,"hardware_minus_unrelated","pre_21_1",0.0627638615212038,3
2024-04-05,"deployer_minus_unrelated","0_10",0.0641660958253903,1
2024-04-05,"hardware_minus_unrelated","0_10",0.0622338748524941,1
2024-04-05,"deployer_minus_unrelated","pre_21_1",0.0641660958253903,3
2024-04-05,"competitor_minus_unrelated","pre_11_1",0.0635193749160319,2
2024-04-05,"deployer_minus_unrelated","pre_11_1",0.0641660958253903,2
2024-04-05,"competitor_minus_unrelated","0_10",0.062120683799112,1
2024-04-05,"competitor_minus_unrelated","0_20",0.062120683799112,1
2024-04-05,"competitor_minus_unrelated","pre_21_1",0.0640113477194447,3
2024-04-05,"hardware_minus_unrelated","0_20",0.0622338748524941,1
2024-04-05,"hardware_minus_unrelated","pre_11_1",0.0627638615212038,2
2024-04-05,"deployer_minus_unrelated","0_20",0.0641660958253903,1
2024-04-08,"deployer_minus_unrelated","0_10",-0.0339270103550945,1
2024-04-08,"deployer_minus_unrelated","pre_11_1",-0.0339270103550945,3
2024-04-08,"hardware_minus_unrelated","pre_21_1",-0.0204850422132986,3
2024-04-08,"hardware_minus_unrelated","0_10",-0.022155303367522,1
2024-04-08,"hardware_minus_unrelated","0_20",-0.022155303367522,1
2024-04-08,"competitor_minus_unrelated","pre_11_1",-0.0231649712068072,3
2024-04-08,"competitor_minus_unrelated","0_20",-0.0252815330758751,1
2024-04-08,"competitor_minus_unrelated","pre_21_1",-0.0231649712068072,3
2024-04-08,"deployer_minus_unrelated","pre_21_1",-0.0339270103550945,3
2024-04-08,"hardware_minus_unrelated","pre_11_1",-0.0204850422132986,3
2024-04-08,"deployer_minus_unrelated","0_20",-0.0339270103550945,1
2024-04-08,"competitor_minus_unrelated","0_10",-0.0252815330758751,1
2024-04-09,"deployer_minus_unrelated","pre_11_1",0.0342295429402247,3
2024-04-09,"competitor_minus_unrelated","pre_21_1",0.0307878059895722,3
2024-04-09,"hardware_minus_unrelated","0_20",0.0329345885699346,1
2024-04-09,"hardware_minus_unrelated","pre_21_1",0.0314472840068357,3
2024-04-09,"competitor_minus_unrelated","0_20",0.0315346878603791,1
2024-04-09,"hardware_minus_unrelated","0_10",0.0329345885699346,1
2024-04-09,"deployer_minus_unrelated","pre_21_1",0.0342295429402247,3
2024-04-09,"competitor_minus_unrelated","pre_11_1",0.0307878059895722,3
2024-04-09,"deployer_minus_unrelated","0_20",0.0342295429402247,1
2024-04-09,"deployer_minus_unrelated","0_10",0.0342295429402247,1
2024-04-09,"hardware_minus_unrelated","pre_11_1",0.0314472840068357,3
2024-04-09,"competitor_minus_unrelated","0_10",0.0315346878603791,1
2024-04-10,"deployer_minus_unrelated","pre_11_1",-0.0430419055176366,3
2024-04-10,"hardware_minus_unrelated","pre_11_1",-0.0547717234106084,3
2024-04-10,"deployer_minus_unrelated","0_10",-0.0430419055176366,1
2024-04-10,"hardware_minus_unrelated","0_20",-0.0550741349270886,1
2024-04-10,"competitor_minus_unrelated","pre_11_1",-0.0406797118679662,3
2024-04-10,"hardware_minus_unrelated","pre_21_1",-0.0547717234106084,3
2024-04-10,"competitor_minus_unrelated","0_20",-0.041366053798732,1
2024-04-10,"hardware_minus_unrelated","0_10",-0.0550741349270886,1
2024-04-10,"deployer_minus_unrelated","pre_21_1",-0.0430419055176366,3
2024-04-10,"competitor_minus_unrelated","0_10",-0.041366053798732,1
2024-04-10,"deployer_minus_unrelated","0_20",-0.0430419055176366,1
2024-04-10,"competitor_minus_unrelated","pre_21_1",-0.0406797118679662,3
2024-04-11,"competitor_minus_unrelated","0_20",0.0170376499794936,1
2024-04-11,"deployer_minus_unrelated","pre_21_1",0.0286922370608992,3
2024-04-11,"competitor_minus_unrelated","pre_11_1",0.0233571359447639,3
2024-04-11,"deployer_minus_unrelated","pre_11_1",0.0286922370608992,3
2024-04-11,"deployer_minus_unrelated","0_10",0.0286922370608992,1
2024-04-11,"competitor_minus_unrelated","pre_21_1",0.0233571359447639,3
2024-04-11,"hardware_minus_unrelated","pre_11_1",0.0235186896097225,3
2024-04-11,"deployer_minus_unrelated","0_20",0.0286922370608992,1
2024-04-11,"hardware_minus_unrelated","0_20",0.0221220993151064,1
2024-04-11,"hardware_minus_unrelated","pre_21_1",0.0235186896097225,3
2024-04-11,"hardware_minus_unrelated","0_10",0.0221220993151064,1
2024-04-11,"competitor_minus_unrelated","0_10",0.0170376499794936,1
2024-04-12,"hardware_minus_unrelated","pre_11_1",-0.00602641001533565,3
2024-04-12,"deployer_minus_unrelated","0_10",0.00810790299507706,1
2024-04-12,"hardware_minus_unrelated","pre_21_1",-0.00602641001533565,4
2024-04-12,"deployer_minus_unrelated","pre_11_1",0.00810790299507706,3
2024-04-12,"competitor_minus_unrelated","pre_21_1",0.0178655038192703,4
2024-04-12,"deployer_minus_unrelated","0_20",0.00810790299507706,1
2024-04-12,"hardware_minus_unrelated","0_20",-0.00581666538087689,1
2024-04-12,"deployer_minus_unrelated","pre_21_1",0.00810790299507706,4
2024-04-12,"competitor_minus_unrelated","0_10",0.0153832935282308,1
2024-04-12,"competitor_minus_unrelated","pre_11_1",0.0186929072496168,3
2024-04-12,"hardware_minus_unrelated","0_10",-0.00581666538087689,1
2024-04-12,"competitor_minus_unrelated","0_20",0.0153832935282308,1
2024-04-15,"deployer_minus_unrelated","0_10",0.0316444459600394,1
2024-04-15,"hardware_minus_unrelated","0_20",0.0437744825780721,1
2024-04-15,"deployer_minus_unrelated","0_20",0.0316444459600394,1
2024-04-15,"competitor_minus_unrelated","pre_21_1",0.0364274819529506,5
2024-04-15,"deployer_minus_unrelated","pre_21_1",0.0316444459600394,5
2024-04-15,"hardware_minus_unrelated","pre_11_1",0.0427275339864839,3
2024-04-15,"competitor_minus_unrelated","pre_11_1",0.0357292575621602,3
2024-04-15,"hardware_minus_unrelated","pre_21_1",0.0427275339864839,5
2024-04-15,"competitor_minus_unrelated","0_20",0.0374886520036345,1
2024-04-15,"hardware_minus_unrelated","0_10",0.0437744825780721,1
2024-04-15,"competitor_minus_unrelated","0_10",0.0374886520036345,1
2024-04-15,"deployer_minus_unrelated","pre_11_1",0.0316444459600394,3
2024-04-16,"hardware_minus_unrelated","pre_11_1",0.0407411332257944,3
2024-04-16,"deployer_minus_unrelated","0_20",0.0255697106942059,1
2024-04-16,"hardware_minus_unrelated","pre_21_1",0.0407411332257944,5
2024-04-16,"competitor_minus_unrelated","pre_11_1",0.0263888063713504,3
2024-04-16,"competitor_minus_unrelated","0_10",0.0301973454647081,1
2024-04-16,"competitor_minus_unrelated","0_20",0.0301973454647081,1
2024-04-16,"hardware_minus_unrelated","0_20",0.0412806761984491,1
2024-04-16,"deployer_minus_unrelated","pre_21_1",0.0255697106942059,5
2024-04-16,"deployer_minus_unrelated","pre_11_1",0.0255697106942059,3
2024-04-16,"competitor_minus_unrelated","pre_21_1",0.028001338915416,5
2024-04-16,"deployer_minus_unrelated","0_10",0.0255697106942059,1
2024-04-16,"hardware_minus_unrelated","0_10",0.0412806761984491,1
2024-04-17,"competitor_minus_unrelated","0_10",0.0240299739646315,2
2024-04-17,"hardware_minus_unrelated","pre_11_1",-0.00811620365701127,2
2024-04-17,"competitor_minus_unrelated","pre_11_1",0.0256726336233659,2
2024-04-17,"deployer_minus_unrelated","0_20",0.0164887980018686,2
2024-04-17,"hardware_minus_unrelated","pre_21_1",-0.00811620365701127,4
2024-04-17,"competitor_minus_unrelated","pre_21_1",0.0236661750300809,4
2024-04-17,"competitor_minus_unrelated","0_20",0.0240299739646315,2
2024-04-17,"hardware_minus_unrelated","0_10",-0.00575397062421812,2
2024-04-17,"deployer_minus_unrelated","pre_21_1",0.0164887980018686,4
2024-04-17,"hardware_minus_unrelated","0_20",-0.00575397062421812,2
2024-04-17,"deployer_minus_unrelated","0_10",0.0164887980018686,2
2024-04-17,"deployer_minus_unrelated","pre_11_1",0.0164887980018686,2
2024-04-18,"competitor_minus_unrelated","0_10",-0.0114873596389138,2
2024-04-18,"competitor_minus_unrelated","0_20",-0.0109638673875242,3
2024-04-18,"deployer_minus_unrelated","0_20",-0.0123717879799401,3
2024-04-18,"competitor_minus_unrelated","pre_21_1",-0.00899080574667212,3
2024-04-18,"hardware_minus_unrelated","pre_11_1",-0.027379164131706,1
2024-04-18,"hardware_minus_unrelated","pre_21_1",-0.027379164131706,3
2024-04-18,"deployer_minus_unrelated","pre_21_1",-0.0123717879799401,3
2024-04-18,"deployer_minus_unrelated","0_10",-0.0123717879799401,2
2024-04-18,"deployer_minus_unrelated","pre_11_1",-0.0123717879799401,1
2024-04-18,"hardware_minus_unrelated","0_20",-0.0272608572219197,3
2024-04-18,"hardware_minus_unrelated","0_10",-0.027379164131706,2
2024-04-18,"competitor_minus_unrelated","pre_11_1",-0.00499925483872612,1
2024-04-19,"deployer_minus_unrelated","pre_21_1",-0.00481852107325638,3
2024-04-19,"competitor_minus_unrelated","0_10",-0.00765119204492279,2
2024-04-19,"deployer_minus_unrelated","0_20",-0.00481852107325638,3
2024-04-19,"hardware_minus_unrelated","0_10",-0.0346515560907501,2
2024-04-19,"hardware_minus_unrelated","pre_11_1",-0.0346515560907501,1
2024-04-19,"competitor_minus_unrelated","0_20",-0.00858794062685834,3
2024-04-19,"deployer_minus_unrelated","pre_11_1",-0.00481852107325638,1
2024-04-19,"hardware_minus_unrelated","pre_21_1",-0.0346515560907501,3
2024-04-19,"deployer_minus_unrelated","0_10",-0.00481852107325638,2
2024-04-19,"competitor_minus_unrelated","pre_21_1",-0.0119532667046917,3
2024-04-19,"hardware_minus_unrelated","0_20",-0.0322999832725011,3
2024-04-19,"competitor_minus_unrelated","pre_11_1",-0.0118708489843245,1
2024-04-22,"competitor_minus_unrelated","0_10",-0.0595213966152633,2
2024-04-22,"deployer_minus_unrelated","0_20",-0.0350480927840383,3
2024-04-22,"competitor_minus_unrelated","0_20",-0.0600109353494924,3
2024-04-22,"competitor_minus_unrelated","pre_21_1",-0.0616633232470128,3
2024-04-22,"deployer_minus_unrelated","pre_11_1",-0.0350480927840383,1
2024-04-22,"deployer_minus_unrelated","pre_21_1",-0.0350480927840383,3
2024-04-22,"hardware_minus_unrelated","pre_11_1",-0.0493550141547009,1
2024-04-22,"competitor_minus_unrelated","pre_11_1",-0.0595123023083051,1
2024-04-22,"hardware_minus_unrelated","0_10",-0.0493550141547009,2
2024-04-22,"deployer_minus_unrelated","0_10",-0.0350480927840383,2
2024-04-22,"hardware_minus_unrelated","pre_21_1",-0.0493550141547009,3
2024-04-22,"hardware_minus_unrelated","0_20",-0.0502622641735467,3
2024-04-23,"deployer_minus_unrelated","0_20",0.0120248622239223,4
2024-04-23,"competitor_minus_unrelated","0_10",0.008307231159772,3
2024-04-23,"competitor_minus_unrelated","pre_21_1",0.00975960162904598,2
2024-04-23,"competitor_minus_unrelated","0_20",0.0085110004204672,4
2024-04-23,"hardware_minus_unrelated","pre_21_1",0.01681799122798,2
2024-04-23,"hardware_minus_unrelated","0_10",0.01681799122798,3
2024-04-23,"deployer_minus_unrelated","pre_11_1",0,0
2024-04-23,"deployer_minus_unrelated","0_10",0.0120248622239223,3
2024-04-23,"hardware_minus_unrelated","pre_11_1",0,0
2024-04-23,"hardware_minus_unrelated","0_20",0.0166978212625002,4
2024-04-23,"competitor_minus_unrelated","pre_11_1",0,0
2024-04-23,"deployer_minus_unrelated","pre_21_1",0.0120248622239223,2
2024-04-24,"competitor_minus_unrelated","pre_11_1",0,0
2024-04-24,"deployer_minus_unrelated","0_20",0.0250579156524367,4
2024-04-24,"deployer_minus_unrelated","pre_21_1",0.0250579156524367,2
2024-04-24,"competitor_minus_unrelated","0_10",0.0344776776892136,3
2024-04-24,"competitor_minus_unrelated","0_20",0.0344165850229478,4
2024-04-24,"hardware_minus_unrelated","pre_21_1",0.0440322221148071,2
2024-04-24,"hardware_minus_unrelated","0_10",0.0440322221148071,3
2024-04-24,"competitor_minus_unrelated","pre_21_1",0.0339953590728075,2
2024-04-24,"deployer_minus_unrelated","0_10",0.0250579156524367,3
2024-04-24,"hardware_minus_unrelated","0_20",0.043689191116809,4
2024-04-24,"hardware_minus_unrelated","pre_11_1",0,0
2024-04-24,"deployer_minus_unrelated","pre_11_1",0,0
2024-04-25,"competitor_minus_unrelated","0_20",-0.0200141923814378,4
2024-04-25,"deployer_minus_unrelated","0_10",0.008414761863154,3
2024-04-25,"deployer_minus_unrelated","0_20",0.008414761863154,4
2024-04-25,"competitor_minus_unrelated","pre_11_1",0,0
2024-04-25,"hardware_minus_unrelated","0_10",0.0206823479847094,3
2024-04-25,"hardware_minus_unrelated","pre_21_1",0.0206823479847094,2
2024-04-25,"competitor_minus_unrelated","0_10",-0.0197186299836442,3
2024-04-25,"competitor_minus_unrelated","pre_21_1",-0.0231603968114171,2
2024-04-25,"hardware_minus_unrelated","0_20",0.0211331423793765,4
2024-04-25,"deployer_minus_unrelated","pre_11_1",0,0
2024-04-25,"deployer_minus_unrelated","pre_21_1",0.008414761863154,2
2024-04-25,"hardware_minus_unrelated","pre_11_1",0,0
2024-04-26,"competitor_minus_unrelated","0_20",0.0425266510701119,4
2024-04-26,"deployer_minus_unrelated","0_10",0.0142706458633998,3
2024-04-26,"deployer_minus_unrelated","pre_11_1",0.0142706458633998,1
2024-04-26,"hardware_minus_unrelated","pre_21_1",0.0157543071604115,2
2024-04-26,"competitor_minus_unrelated","pre_11_1",0.033975433501825,1
2024-04-26,"hardware_minus_unrelated","0_10",0.0157543071604115,3
2024-04-26,"deployer_minus_unrelated","0_20",0.0142706458633998,4
2024-04-26,"competitor_minus_unrelated","pre_21_1",0.0183091795456449,2
2024-04-26,"competitor_minus_unrelated","0_10",0.0453770569262076,3
2024-04-26,"hardware_minus_unrelated","0_20",0.0154628050968658,4
2024-04-26,"hardware_minus_unrelated","pre_11_1",0.0157543071604115,1
2024-04-26,"deployer_minus_unrelated","pre_21_1",0.0142706458633998,2
2024-04-29,"hardware_minus_unrelated","0_10",0.0107916642932179,3
2024-04-29,"hardware_minus_unrelated","pre_21_1",0.0107916642932179,2
2024-04-29,"deployer_minus_unrelated","0_10",0.0102758337515154,3
2024-04-29,"competitor_minus_unrelated","0_10",-0.00657324425944677,3
2024-04-29,"competitor_minus_unrelated","pre_11_1",-0.00108069899467281,2
2024-04-29,"competitor_minus_unrelated","0_20",-0.0064027203044923,4
2024-04-29,"deployer_minus_unrelated","pre_21_1",0.0102758337515154,2
2024-04-29,"hardware_minus_unrelated","0_20",0.0106491419436233,4
2024-04-29,"deployer_minus_unrelated","pre_11_1",0.0102758337515154,2
2024-04-29,"deployer_minus_unrelated","0_20",0.0102758337515154,4
2024-04-29,"competitor_minus_unrelated","pre_21_1",-0.00108069899467281,2
2024-04-29,"hardware_minus_unrelated","pre_11_1",0.0107916642932179,2
2024-04-30,"competitor_minus_unrelated","pre_11_1",0.0707142790028955,2
2024-04-30,"competitor_minus_unrelated","0_20",0.0709229930190016,4
2024-04-30,"hardware_minus_unrelated","0_20",0.0726970717340494,4
2024-04-30,"hardware_minus_unrelated","pre_21_1",0.0726676178474282,2
2024-04-30,"deployer_minus_unrelated","pre_21_1",0.0725933447388323,2
2024-04-30,"competitor_minus_unrelated","pre_21_1",0.0707142790028955,2
2024-04-30,"deployer_minus_unrelated","pre_11_1",0.0725933447388323,2
2024-04-30,"deployer_minus_unrelated","0_10",0.0725933447388323,3
2024-04-30,"deployer_minus_unrelated","0_20",0.0725933447388323,4
2024-04-30,"hardware_minus_unrelated","pre_11_1",0.0726676178474282,2
2024-04-30,"competitor_minus_unrelated","0_10",0.0710161653416664,3
2024-04-30,"hardware_minus_unrelated","0_10",0.0726676178474282,3
2024-05-01,"hardware_minus_unrelated","0_20",-0.014305489043561,4
2024-05-01,"competitor_minus_unrelated","0_20",0.0214275360878593,4
2024-05-01,"hardware_minus_unrelated","pre_11_1",-0.0147185726755023,2
2024-05-01,"competitor_minus_unrelated","pre_11_1",0.0241187113392046,2
2024-05-01,"hardware_minus_unrelated","pre_21_1",-0.0147185726755023,2
2024-05-01,"deployer_minus_unrelated","0_10",0.00553680264735751,3
2024-05-01,"hardware_minus_unrelated","0_10",-0.0147185726755023,3
2024-05-01,"deployer_minus_unrelated","pre_21_1",0.00553680264735751,2
2024-05-01,"deployer_minus_unrelated","pre_11_1",0.00553680264735751,2
2024-05-01,"competitor_minus_unrelated","0_10",0.0207934982458288,3
2024-05-01,"deployer_minus_unrelated","0_20",0.00553680264735751,4
2024-05-01,"competitor_minus_unrelated","pre_21_1",0.0241187113392046,2
2024-05-02,"deployer_minus_unrelated","pre_21_1",-0.037460937199813,2
2024-05-02,"competitor_minus_unrelated","0_20",-0.0302619297615202,3
2024-05-02,"deployer_minus_unrelated","0_10",-0.037460937199813,2
2024-05-02,"hardware_minus_unrelated","pre_21_1",-0.0213907035257794,2
2024-05-02,"deployer_minus_unrelated","0_20",-0.037460937199813,3
2024-05-02,"competitor_minus_unrelated","pre_11_1",-0.0320116939505361,2
2024-05-02,"deployer_minus_unrelated","pre_11_1",-0.037460937199813,2
2024-05-02,"competitor_minus_unrelated","0_10",-0.0296484013894537,2
2024-05-02,"hardware_minus_unrelated","0_20",-0.0213907035257794,3
2024-05-02,"hardware_minus_unrelated","pre_11_1",-0.0213907035257794,2
2024-05-02,"hardware_minus_unrelated","0_10",-0.0213907035257794,2
2024-05-02,"competitor_minus_unrelated","pre_21_1",-0.0320116939505361,2
2024-05-03,"competitor_minus_unrelated","pre_11_1",-0.0209847377734921,2
2024-05-03,"deployer_minus_unrelated","pre_11_1",-0.0228084718979609,2
2024-05-03,"deployer_minus_unrelated","pre_21_1",-0.0228084718979609,2
2024-05-03,"hardware_minus_unrelated","pre_11_1",-0.0264746440681942,2
2024-05-03,"deployer_minus_unrelated","0_10",-0.0228084718979609,1
2024-05-03,"hardware_minus_unrelated","0_20",-0.0264746440681942,3
2024-05-03,"competitor_minus_unrelated","0_20",-0.0253112445184788,3
2024-05-03,"hardware_minus_unrelated","pre_21_1",-0.0264746440681942,2
2024-05-03,"hardware_minus_unrelated","0_10",-0.0264746440681942,1
2024-05-03,"competitor_minus_unrelated","0_10",-0.025197843880106,1
2024-05-03,"deployer_minus_unrelated","0_20",-0.0228084718979609,3
2024-05-03,"competitor_minus_unrelated","pre_21_1",-0.0209847377734921,2
2024-05-06,"deployer_minus_unrelated","pre_11_1",-0.0127363543169345,2
2024-05-06,"competitor_minus_unrelated","pre_11_1",-0.00514018948526022,2
2024-05-06,"deployer_minus_unrelated","pre_21_1",-0.0127363543169345,2
2024-05-06,"hardware_minus_unrelated","pre_11_1",0.00801129678851128,2
2024-05-06,"deployer_minus_unrelated","0_10",-0.0127363543169345,1
2024-05-06,"competitor_minus_unrelated","0_20",-0.00978385360044184,3
2024-05-06,"hardware_minus_unrelated","pre_21_1",0.00801129678851128,2
2024-05-06,"hardware_minus_unrelated","0_10",0.00801129678851128,1
2024-05-06,"competitor_minus_unrelated","0_10",-0.00926915796660552,1
2024-05-06,"deployer_minus_unrelated","0_20",-0.0127363543169345,3
2024-05-06,"competitor_minus_unrelated","pre_21_1",-0.00514018948526022,2
2024-05-06,"hardware_minus_unrelated","0_20",0.00801129678851128,3
2024-05-07,"competitor_minus_unrelated","pre_11_1",0.00226932503088096,2
2024-05-07,"competitor_minus_unrelated","0_20",0.00878617147403699,3
2024-05-07,"deployer_minus_unrelated","pre_11_1",-0.00697024835795512,2
2024-05-07,"deployer_minus_unrelated","pre_21_1",-0.00697024835795512,2
2024-05-07,"hardware_minus_unrelated","pre_11_1",-0.008959541154503,2
2024-05-07,"deployer_minus_unrelated","0_20",-0.00697024835795512,3
2024-05-07,"hardware_minus_unrelated","pre_21_1",-0.008959541154503,2
2024-05-07,"deployer_minus_unrelated","0_10",-0.00697024835795512,1
2024-05-07,"hardware_minus_unrelated","0_20",-0.008959541154503,3
2024-05-07,"competitor_minus_unrelated","pre_21_1",0.00226932503088096,2
2024-05-07,"competitor_minus_unrelated","0_10",0.0115441000214416,1
2024-05-07,"hardware_minus_unrelated","0_10",-0.008959541154503,1
2024-05-08,"deployer_minus_unrelated","pre_21_1",0.00586666168102399,2
2024-05-08,"hardware_minus_unrelated","pre_21_1",0.0100198338257973,2
2024-05-08,"deployer_minus_unrelated","pre_11_1",0.00586666168102399,2
2024-05-08,"competitor_minus_unrelated","pre_21_1",0.00830275008218402,2
2024-05-08,"hardware_minus_unrelated","pre_11_1",0.0100198338257973,2
2024-05-08,"competitor_minus_unrelated","0_20",0.00618376649262146,3
2024-05-08,"competitor_minus_unrelated","0_10",0,0
2024-05-08,"hardware_minus_unrelated","0_10",0,0
2024-05-08,"deployer_minus_unrelated","0_20",0.00586666168102399,3
2024-05-08,"competitor_minus_unrelated","pre_11_1",0.00830275008218402,2
2024-05-08,"hardware_minus_unrelated","0_20",0.0100198338257973,3
2024-05-08,"deployer_minus_unrelated","0_10",0,0
2024-05-09,"deployer_minus_unrelated","pre_21_1",-0.00859367515620805,2
2024-05-09,"hardware_minus_unrelated","0_20",-0.0189681196688109,3
2024-05-09,"competitor_minus_unrelated","pre_21_1",-0.0121668322716327,2
2024-05-09,"competitor_minus_unrelated","pre_11_1",-0.0121668322716327,2
2024-05-09,"competitor_minus_unrelated","0_20",-0.00930953775419424,3
2024-05-09,"competitor_minus_unrelated","0_10",0,0
2024-05-09,"hardware_minus_unrelated","pre_11_1",-0.0189681196688109,2
2024-05-09,"deployer_minus_unrelated","0_10",0,0
2024-05-09,"hardware_minus_unrelated","0_10",0,0
2024-05-09,"hardware_minus_unrelated","pre_21_1",-0.0189681196688109,2
2024-05-09,"deployer_minus_unrelated","pre_11_1",-0.00859367515620805,2
2024-05-09,"deployer_minus_unrelated","0_20",-0.00859367515620805,3
2024-05-10,"competitor_minus_unrelated","pre_11_1",0.0314475715634949,2
2024-05-10,"deployer_minus_unrelated","0_10",0,0
2024-05-10,"deployer_minus_unrelated","pre_21_1",0.0263608050210338,2
2024-05-10,"hardware_minus_unrelated","0_10",0,0
2024-05-10,"competitor_minus_unrelated","0_10",0,0
2024-05-10,"hardware_minus_unrelated","0_20",0.043925779671242,3
2024-05-10,"deployer_minus_unrelated","pre_11_1",0.0263608050210338,2
2024-05-10,"hardware_minus_unrelated","pre_11_1",0.043925779671242,2
2024-05-10,"competitor_minus_unrelated","pre_21_1",0.0314475715634949,2
2024-05-10,"competitor_minus_unrelated","0_20",0.0287087225966337,3
2024-05-10,"deployer_minus_unrelated","0_20",0.0263608050210338,3
2024-05-10,"hardware_minus_unrelated","pre_21_1",0.043925779671242,2
2024-05-13,"deployer_minus_unrelated","0_10",-0.00494747214588528,1
2024-05-13,"deployer_minus_unrelated","pre_21_1",-0.00494747214588528,2
2024-05-13,"competitor_minus_unrelated","0_10",-0.0250434907068037,1
2024-05-13,"hardware_minus_unrelated","0_20",-0.0208629047136873,4
2024-05-13,"competitor_minus_unrelated","pre_21_1",-0.0255971257242921,2
2024-05-13,"hardware_minus_unrelated","pre_11_1",-0.0208629047136873,1
2024-05-13,"competitor_minus_unrelated","0_20",-0.0238036594837839,4
2024-05-13,"deployer_minus_unrelated","pre_11_1",-0.00494747214588528,1
2024-05-13,"deployer_minus_unrelated","0_20",-0.00494747214588528,4
2024-05-13,"hardware_minus_unrelated","0_10",-0.0208629047136873,1
2024-05-13,"competitor_minus_unrelated","pre_11_1",-0.0261507607417805,1
2024-05-13,"hardware_minus_unrelated","pre_21_1",-0.0208629047136873,2
2024-05-14,"competitor_minus_unrelated","0_20",-0.0148137176826073,5
2024-05-14,"deployer_minus_unrelated","0_10",-0.0273626742460023,2
2024-05-14,"competitor_minus_unrelated","pre_21_1",-0.0165865383662404,1
2024-05-14,"hardware_minus_unrelated","0_10",-0.00443483443630438,2
2024-05-14,"competitor_minus_unrelated","pre_11_1",0,0
2024-05-14,"hardware_minus_unrelated","0_20",-0.00443483443630438,5
2024-05-14,"hardware_minus_unrelated","pre_11_1",0,0
2024-05-14,"deployer_minus_unrelated","pre_11_1",0,0
2024-05-14,"hardware_minus_unrelated","pre_21_1",-0.00443483443630438,1
2024-05-14,"competitor_minus_unrelated","0_10",-0.0174124184529436,2
2024-05-14,"deployer_minus_unrelated","pre_21_1",-0.0273626742460023,1
2024-05-14,"deployer_minus_unrelated","0_20",-0.0273626742460023,5
2024-05-15,"hardware_minus_unrelated","0_20",-0.0635353120974458,5
2024-05-15,"deployer_minus_unrelated","pre_11_1",0,0
2024-05-15,"hardware_minus_unrelated","pre_21_1",-0.0635353120974458,1
2024-05-15,"deployer_minus_unrelated","pre_21_1",-0.0745032006421393,1
2024-05-15,"deployer_minus_unrelated","0_10",-0.0745032006421393,2
2024-05-15,"hardware_minus_unrelated","pre_11_1",0,0
2024-05-15,"competitor_minus_unrelated","0_20",-0.0743607586280326,5
2024-05-15,"competitor_minus_unrelated","pre_21_1",-0.0738212901883887,1
2024-05-15,"hardware_minus_unrelated","0_10",-0.0635353120974458,2
2024-05-15,"competitor_minus_unrelated","pre_11_1",0,0
2024-05-15,"deployer_minus_unrelated","0_20",-0.0745032006421393,5
2024-05-15,"competitor_minus_unrelated","0_10",-0.0729118706977172,2
2024-05-16,"hardware_minus_unrelated","pre_21_1",0.0108060021247695,3
2024-05-16,"deployer_minus_unrelated","pre_11_1",0,0
2024-05-16,"deployer_minus_unrelated","0_10",0.018963627779451,2
2024-05-16,"hardware_minus_unrelated","0_20",0.0108060021247695,4
2024-05-16,"deployer_minus_unrelated","pre_21_1",0.018963627779451,3
2024-05-16,"competitor_minus_unrelated","pre_21_1",0.0130965917390738,3
2024-05-16,"deployer_minus_unrelated","0_20",0.018963627779451,4
2024-05-16,"competitor_minus_unrelated","0_20",0.0132044594464158,4
2024-05-16,"competitor_minus_unrelated","pre_11_1",0,0
2024-05-16,"hardware_minus_unrelated","0_10",0.0108060021247695,2
2024-05-16,"hardware_minus_unrelated","pre_11_1",0,0
2024-05-16,"competitor_minus_unrelated","0_10",0.010186704055473,2
2024-05-17,"hardware_minus_unrelated","0_20",-0.0632068232667596,3
2024-05-17,"deployer_minus_unrelated","0_20",-0.0428188716849966,3
2024-05-17,"deployer_minus_unrelated","0_10",-0.0428188716849966,2
2024-05-17,"competitor_minus_unrelated","pre_11_1",0,0
2024-05-17,"hardware_minus_unrelated","pre_21_1",-0.0632068232667596,3
2024-05-17,"competitor_minus_unrelated","0_20",-0.0507609195471695,3
2024-05-17,"competitor_minus_unrelated","0_10",-0.0519625907448782,2
2024-05-17,"deployer_minus_unrelated","pre_21_1",-0.0428188716849966,3
2024-05-17,"hardware_minus_unrelated","pre_11_1",0,0
2024-05-17,"deployer_minus_unrelated","pre_11_1",0,0
2024-05-17,"competitor_minus_unrelated","pre_21_1",-0.0499155995609244,3
2024-05-17,"hardware_minus_unrelated","0_10",-0.0632068232667596,2
2024-05-20,"competitor_minus_unrelated","0_20",-0.0456000015425145,3
2024-05-20,"hardware_minus_unrelated","pre_11_1",0,0
2024-05-20,"deployer_minus_unrelated","pre_11_1",0,0
2024-05-20,"deployer_minus_unrelated","0_10",-0.0556496194063375,2
2024-05-20,"hardware_minus_unrelated","0_20",-0.0275992952853348,3
2024-05-20,"deployer_minus_unrelated","0_20",-0.0556496194063375,3
2024-05-20,"deployer_minus_unrelated","pre_21_1",-0.0556496194063375,4
2024-05-20,"hardware_minus_unrelated","pre_21_1",-0.0275992952853348,4
2024-05-20,"competitor_minus_unrelated","pre_11_1",0,0
2024-05-20,"hardware_minus_unrelated","0_10",-0.0275992952853348,2
2024-05-20,"competitor_minus_unrelated","0_10",-0.0452044522099619,2
2024-05-20,"competitor_minus_unrelated","pre_21_1",-0.0446784482677293,4
2024-05-21,"hardware_minus_unrelated","0_20",0.0241084144062205,3
2024-05-21,"deployer_minus_unrelated","pre_11_1",0,0
2024-05-21,"deployer_minus_unrelated","0_10",0.0212919059475225,2
2024-05-21,"deployer_minus_unrelated","pre_21_1",0.0212919059475225,4
2024-05-21,"hardware_minus_unrelated","pre_11_1",0,0
2024-05-21,"competitor_minus_unrelated","0_20",0.0268319043346494,3
2024-05-21,"deployer_minus_unrelated","0_20",0.0212919059475225,3
2024-05-21,"competitor_minus_unrelated","0_10",0.0264303280788537,2
2024-05-21,"competitor_minus_unrelated","pre_21_1",0.0281291708930677,4
2024-05-21,"hardware_minus_unrelated","pre_21_1",0.0241084144062205,4
2024-05-21,"competitor_minus_unrelated","pre_11_1",0,0
2024-05-21,"hardware_minus_unrelated","0_10",0.0241084144062205,2
2024-05-22,"deployer_minus_unrelated","0_10",-0.00531449412421362,2
2024-05-22,"hardware_minus_unrelated","pre_21_1",0.00558969538262086,4
2024-05-22,"competitor_minus_unrelated","0_20",-0.00298789053646931,2
2024-05-22,"deployer_minus_unrelated","0_20",-0.00531449412421362,2
2024-05-22,"deployer_minus_unrelated","pre_11_1",0,0
2024-05-22,"hardware_minus_unrelated","0_20",0.00558969538262086,2
2024-05-22,"competitor_minus_unrelated","pre_11_1",0,0
2024-05-22,"deployer_minus_unrelated","pre_21_1",-0.00531449412421362,4
2024-05-22,"hardware_minus_unrelated","pre_11_1",0,0
2024-05-22,"hardware_minus_unrelated","0_10",0.00558969538262086,2
2024-05-22,"competitor_minus_unrelated","0_10",-0.00298789053646931,2
2024-05-22,"competitor_minus_unrelated","pre_21_1",-0.00527901275165454,4
2024-05-23,"competitor_minus_unrelated","0_20",0.0238708450147635,2
2024-05-23,"competitor_minus_unrelated","pre_11_1",0,0
2024-05-23,"deployer_minus_unrelated","pre_21_1",0.0379312690757957,4
2024-05-23,"hardware_minus_unrelated","pre_11_1",0,0
2024-05-23,"deployer_minus_unrelated","0_10",0.0379312690757957,2
2024-05-23,"hardware_minus_unrelated","pre_21_1",0.0297026827130484,4
2024-05-23,"hardware_minus_unrelated","0_20",0.0297026827130484,2
2024-05-23,"hardware_minus_unrelated","0_10",0.0297026827130484,2
2024-05-23,"deployer_minus_unrelated","0_20",0.0379312690757957,2
2024-05-23,"deployer_minus_unrelated","pre_11_1",0,0
2024-05-23,"competitor_minus_unrelated","0_10",0.0238708450147635,2
2024-05-23,"competitor_minus_unrelated","pre_21_1",0.021612560585276,4
2024-05-24,"competitor_minus_unrelated","0_20",-0.0371597007127762,2
2024-05-24,"deployer_minus_unrelated","0_10",-0.0241748722814167,2
2024-05-24,"hardware_minus_unrelated","pre_21_1",-0.0290071699872908,4
2024-05-24,"deployer_minus_unrelated","0_20",-0.0241748722814167,2
2024-05-24,"competitor_minus_unrelated","pre_21_1",-0.0348338981848493,4
2024-05-24,"deployer_minus_unrelated","pre_21_1",-0.0241748722814167,4
2024-05-24,"competitor_minus_unrelated","pre_11_1",0,0
2024-05-24,"competitor_minus_unrelated","0_10",-0.0371597007127762,2
2024-05-24,"hardware_minus_unrelated","pre_11_1",0,0
2024-05-24,"deployer_minus_unrelated","pre_11_1",0,0
2024-05-24,"hardware_minus_unrelated","0_10",-0.0290071699872908,2
2024-05-24,"hardware_minus_unrelated","0_20",-0.0290071699872908,2
2024-05-28,"deployer_minus_unrelated","0_20",-0.00423915297741603,2
2024-05-28,"hardware_minus_unrelated","pre_21_1",0.0339595640507427,4
2024-05-28,"hardware_minus_unrelated","0_20",0.0339595640507427,2
2024-05-28,"deployer_minus_unrelated","0_10",-0.00423915297741603,2
2024-05-28,"competitor_minus_unrelated","pre_11_1",0.0181571011031245,1
2024-05-28,"hardware_minus_unrelated","0_10",0.0339595640507427,2
2024-05-28,"competitor_minus_unrelated","0_10",0.0171156749102963,2
2024-05-28,"deployer_minus_unrelated","pre_11_1",-0.00423915297741603,1
2024-05-28,"hardware_minus_unrelated","pre_11_1",0.0339595640507427,1
2024-05-28,"deployer_minus_unrelated","pre_21_1",-0.00423915297741603,4
2024-05-28,"competitor_minus_unrelated","0_20",0.0171156749102963,2
2024-05-28,"competitor_minus_unrelated","pre_21_1",0.0179916205616114,4
2024-05-29,"competitor_minus_unrelated","pre_11_1",0.0154028790103716,1
2024-05-29,"deployer_minus_unrelated","0_20",0.0207600064396241,2
2024-05-29,"deployer_minus_unrelated","pre_11_1",0.0207600064396241,1
2024-05-29,"deployer_minus_unrelated","0_10",0.0207600064396241,1
2024-05-29,"competitor_minus_unrelated","0_20",0.0153287382417934,2
2024-05-29,"competitor_minus_unrelated","pre_21_1",0.0152308437881229,4
2024-05-29,"deployer_minus_unrelated","pre_21_1",0.0207600064396241,4
2024-05-29,"competitor_minus_unrelated","0_10",0.0152545974732152,1
2024-05-29,"hardware_minus_unrelated","0_20",-0.0011528294526103,2
2024-05-29,"hardware_minus_unrelated","pre_21_1",-0.0011528294526103,4
2024-05-29,"hardware_minus_unrelated","0_10",-0.0011528294526103,1
2024-05-29,"hardware_minus_unrelated","pre_11_1",-0.0011528294526103,1
2024-05-30,"deployer_minus_unrelated","0_20",0.0279533972120444,2
2024-05-30,"competitor_minus_unrelated","0_10",0,0
2024-05-30,"deployer_minus_unrelated","pre_11_1",0.0279533972120444,1
2024-05-30,"competitor_minus_unrelated","0_20",0.00151195614974778,2
2024-05-30,"deployer_minus_unrelated","0_10",0,0
2024-05-30,"hardware_minus_unrelated","0_10",0,0
2024-05-30,"hardware_minus_unrelated","pre_21_1",0.0221021037362477,4
2024-05-30,"competitor_minus_unrelated","pre_21_1",0.0065957752742458,4
2024-05-30,"hardware_minus_unrelated","pre_11_1",0.0221021037362477,1
2024-05-30,"competitor_minus_unrelated","pre_11_1",0.00251164089061976,1
2024-05-30,"deployer_minus_unrelated","pre_21_1",0.0279533972120444,4
2024-05-30,"hardware_minus_unrelated","0_20",0.0221021037362477,2
2024-05-31,"deployer_minus_unrelated","0_20",-0.00506809391425308,2
2024-05-31,"deployer_minus_unrelated","pre_11_1",-0.00506809391425308,3
2024-05-31,"competitor_minus_unrelated","0_20",0.000529743223233741,2
2024-05-31,"competitor_minus_unrelated","0_10",0,0
2024-05-31,"hardware_minus_unrelated","0_10",0,0
2024-05-31,"hardware_minus_unrelated","pre_11_1",-0.00936315767190627,3
2024-05-31,"competitor_minus_unrelated","pre_11_1",0.00103061723421182,3
2024-05-31,"deployer_minus_unrelated","0_10",0,0
2024-05-31,"deployer_minus_unrelated","pre_21_1",-0.00506809391425308,4
2024-05-31,"competitor_minus_unrelated","pre_21_1",0.00115659109023819,4
2024-05-31,"hardware_minus_unrelated","pre_21_1",-0.00936315767190627,4
2024-05-31,"hardware_minus_unrelated","0_20",-0.00936315767190627,2
2024-06-03,"deployer_minus_unrelated","0_20",-0.038075745417354,2
2024-06-03,"hardware_minus_unrelated","0_10",0,0
2024-06-03,"competitor_minus_unrelated","0_10",0,0
2024-06-03,"deployer_minus_unrelated","pre_11_1",-0.038075745417354,3
2024-06-03,"competitor_minus_unrelated","0_20",-0.033212984006894,2
2024-06-03,"hardware_minus_unrelated","pre_21_1",-0.0362506477135967,4
2024-06-03,"deployer_minus_unrelated","0_10",0,0
2024-06-03,"hardware_minus_unrelated","0_20",-0.0362506477135967,2
2024-06-03,"competitor_minus_unrelated","pre_11_1",-0.0322038114944675,3
2024-06-03,"competitor_minus_unrelated","pre_21_1",-0.0316522954457742,4
2024-06-03,"hardware_minus_unrelated","pre_11_1",-0.0362506477135967,3
2024-06-03,"deployer_minus_unrelated","pre_21_1",-0.038075745417354,4
2024-06-04,"competitor_minus_unrelated","0_10",0,0
2024-06-04,"deployer_minus_unrelated","0_20",-0.0106080425435108,2
2024-06-04,"competitor_minus_unrelated","pre_21_1",-0.00582364923699591,4
2024-06-04,"hardware_minus_unrelated","pre_21_1",-0.0187193333791001,4
2024-06-04,"competitor_minus_unrelated","0_20",-0.00375734087059316,2
2024-06-04,"competitor_minus_unrelated","pre_11_1",-0.00582364923699591,4
2024-06-04,"deployer_minus_unrelated","pre_21_1",-0.0106080425435108,4
2024-06-04,"hardware_minus_unrelated","pre_11_1",-0.0187193333791001,4
2024-06-04,"deployer_minus_unrelated","pre_11_1",-0.0106080425435108,4
2024-06-04,"hardware_minus_unrelated","0_10",0,0
2024-06-04,"hardware_minus_unrelated","0_20",-0.0187193333791001,2
2024-06-04,"deployer_minus_unrelated","0_10",0,0
2024-06-05,"competitor_minus_unrelated","0_10",0,0
2024-06-05,"competitor_minus_unrelated","pre_11_1",-0.00330181068336163,4
2024-06-05,"deployer_minus_unrelated","0_10",0,0
2024-06-05,"hardware_minus_unrelated","0_10",0,0
2024-06-05,"deployer_minus_unrelated","0_20",-0.0268874298481622,2
2024-06-05,"competitor_minus_unrelated","0_20",-0.00165063769026185,2
2024-06-05,"deployer_minus_unrelated","pre_11_1",-0.0268874298481622,4
2024-06-05,"hardware_minus_unrelated","0_20",0.0251209285611333,2
2024-06-05,"deployer_minus_unrelated","pre_21_1",-0.0268874298481622,4
2024-06-05,"competitor_minus_unrelated","pre_21_1",-0.00330181068336163,4
2024-06-05,"hardware_minus_unrelated","pre_21_1",0.0251209285611333,4
2024-06-05,"hardware_minus_unrelated","pre_11_1",0.0251209285611333,4
2024-06-06,"deployer_minus_unrelated","0_10",0,0
2024-06-06,"hardware_minus_unrelated","0_20",0.000553640504438589,2
2024-06-06,"competitor_minus_unrelated","0_20",0.00860371247855877,2
2024-06-06,"deployer_minus_unrelated","0_20",0.0186432345170399,2
2024-06-06,"competitor_minus_unrelated","pre_21_1",0.00965310596649213,4
2024-06-06,"competitor_minus_unrelated","pre_11_1",0.00965310596649213,4
2024-06-06,"competitor_minus_unrelated","0_10",0,0
2024-06-06,"hardware_minus_unrelated","0_10",0,0
2024-06-06,"hardware_minus_unrelated","pre_21_1",0.000553640504438589,4
2024-06-06,"deployer_minus_unrelated","pre_11_1",0.0186432345170399,4
2024-06-06,"deployer_minus_unrelated","pre_21_1",0.0186432345170399,4
2024-06-06,"hardware_minus_unrelated","pre_11_1",0.000553640504438589,4
2024-06-07,"deployer_minus_unrelated","0_10",0,0
2024-06-07,"hardware_minus_unrelated","0_20",0.011744222682172,2
2024-06-07,"competitor_minus_unrelated","pre_21_1",0.0130962205438902,4
2024-06-07,"competitor_minus_unrelated","0_20",0.0179479421173189,2
2024-06-07,"deployer_minus_unrelated","0_20",0.0168598411249721,2
2024-06-07,"hardware_minus_unrelated","pre_21_1",0.011744222682172,4
2024-06-07,"hardware_minus_unrelated","0_10",0,0
2024-06-07,"deployer_minus_unrelated","pre_21_1",0.0168598411249721,4
2024-06-07,"competitor_minus_unrelated","0_10",0,0
2024-06-07,"competitor_minus_unrelated","pre_11_1",0.0130962205438902,4
2024-06-07,"hardware_minus_unrelated","pre_11_1",0.011744222682172,4
2024-06-07,"deployer_minus_unrelated","pre_11_1",0.0168598411249721,4
2024-06-10,"deployer_minus_unrelated","0_10",0,0
2024-06-10,"competitor_minus_unrelated","0_20",-0.00301518790105061,2
2024-06-10,"competitor_minus_unrelated","0_10",0,0
2024-06-10,"hardware_minus_unrelated","pre_21_1",0.0148028405473895,4
2024-06-10,"hardware_minus_unrelated","0_20",0.0148028405473895,2
2024-06-10,"competitor_minus_unrelated","pre_21_1",-0.000856949740783502,4
2024-06-10,"competitor_minus_unrelated","pre_11_1",-0.000856949740783502,4
2024-06-10,"deployer_minus_unrelated","0_20",-0.00216958653952119,2
2024-06-10,"hardware_minus_unrelated","0_10",0,0
2024-06-10,"deployer_minus_unrelated","pre_11_1",-0.00216958653952119,4
2024-06-10,"deployer_minus_unrelated","pre_21_1",-0.00216958653952119,4
2024-06-10,"hardware_minus_unrelated","pre_11_1",0.0148028405473895,4
2024-06-11,"deployer_minus_unrelated","0_10",0,0
2024-06-11,"hardware_minus_unrelated","0_20",0.0177909055041237,2
2024-06-11,"hardware_minus_unrelated","0_10",0,0
2024-06-11,"competitor_minus_unrelated","pre_11_1",0.0355464447306663,4
2024-06-11,"hardware_minus_unrelated","pre_21_1",0.0177909055041237,4
2024-06-11,"deployer_minus_unrelated","0_20",0.0375498891147051,2
2024-06-11,"competitor_minus_unrelated","0_20",0.0368302059568756,2
2024-06-11,"deployer_minus_unrelated","pre_21_1",0.0375498891147051,4
2024-06-11,"hardware_minus_unrelated","pre_11_1",0.0177909055041237,4
2024-06-11,"competitor_minus_unrelated","pre_21_1",0.0355464447306663,4
2024-06-11,"competitor_minus_unrelated","0_10",0,0
2024-06-11,"deployer_minus_unrelated","pre_11_1",0.0375498891147051,4
2024-06-12,"competitor_minus_unrelated","pre_11_1",-0.00577817451581043,3
2024-06-12,"deployer_minus_unrelated","0_10",0.00709726655916676,1
2024-06-12,"deployer_minus_unrelated","0_20",0.00709726655916676,2
2024-06-12,"competitor_minus_unrelated","0_10",-0.00789889711486114,1
2024-06-12,"hardware_minus_unrelated","0_20",0.0103455184445329,2
2024-06-12,"hardware_minus_unrelated","pre_21_1",0.0103455184445329,3
2024-06-12,"hardware_minus_unrelated","pre_11_1",0.0103455184445329,3
2024-06-12,"hardware_minus_unrelated","0_10",0.0103455184445329,1
2024-06-12,"deployer_minus_unrelated","pre_21_1",0.00709726655916676,3
2024-06-12,"deployer_minus_unrelated","pre_11_1",0.00709726655916676,3
2024-06-12,"competitor_minus_unrelated","0_20",-0.00723535366605499,2
2024-06-12,"competitor_minus_unrelated","pre_21_1",-0.00577817451581043,3
2024-06-13,"competitor_minus_unrelated","pre_11_1",0.0408230328529559,3
2024-06-13,"hardware_minus_unrelated","pre_11_1",0.0537104542299011,3
2024-06-13,"competitor_minus_unrelated","0_10",0.0412865222037856,1
2024-06-13,"competitor_minus_unrelated","0_20",0.0412865222037856,1
2024-06-13,"deployer_minus_unrelated","0_10",0.0454962310544961,1
2024-06-13,"hardware_minus_unrelated","0_10",0.0537104542299011,1
2024-06-13,"hardware_minus_unrelated","pre_21_1",0.0537104542299011,3
2024-06-13,"deployer_minus_unrelated","pre_11_1",0.0454962310544961,3
2024-06-13,"deployer_minus_unrelated","pre_21_1",0.0454962310544961,3
2024-06-13,"hardware_minus_unrelated","0_20",0.0537104542299011,1
2024-06-13,"competitor_minus_unrelated","pre_21_1",0.0408230328529559,3
2024-06-13,"deployer_minus_unrelated","0_20",0.0454962310544961,1
2024-06-14,"competitor_minus_unrelated","pre_11_1",0.00464004242942345,3
2024-06-14,"hardware_minus_unrelated","pre_11_1",-0.0117295215923491,3
2024-06-14,"competitor_minus_unrelated","0_20",0.0204591668085431,1
2024-06-14,"deployer_minus_unrelated","0_10",-0.0183860399355398,1
2024-06-14,"competitor_minus_unrelated","pre_21_1",0.00464004242942345,3
2024-06-14,"hardware_minus_unrelated","0_10",-0.0117295215923491,1
2024-06-14,"deployer_minus_unrelated","pre_11_1",-0.0183860399355398,3
2024-06-14,"hardware_minus_unrelated","pre_21_1",-0.0117295215923491,3
2024-06-14,"deployer_minus_unrelated","0_20",-0.0183860399355398,1
2024-06-14,"deployer_minus_unrelated","pre_21_1",-0.0183860399355398,3
2024-06-14,"hardware_minus_unrelated","0_20",-0.0117295215923491,1
2024-06-14,"competitor_minus_unrelated","0_10",0.0204591668085431,1
2024-06-17,"competitor_minus_unrelated","pre_21_1",-0.0009326306252234,2
2024-06-17,"deployer_minus_unrelated","0_20",-0.000746114302383805,3
2024-06-17,"hardware_minus_unrelated","pre_11_1",0.00949605840637592,1
2024-06-17,"deployer_minus_unrelated","pre_11_1",-0.000746114302383805,1
2024-06-17,"hardware_minus_unrelated","pre_21_1",0.00949605840637592,2
2024-06-17,"hardware_minus_unrelated","0_20",0.00949605840637592,3
2024-06-17,"hardware_minus_unrelated","0_10",0.00949605840637592,3
2024-06-17,"deployer_minus_unrelated","pre_21_1",-0.000746114302383805,2
2024-06-17,"deployer_minus_unrelated","0_10",-0.000746114302383805,3
2024-06-17,"competitor_minus_unrelated","0_10",-0.00151626828100975,3
2024-06-17,"competitor_minus_unrelated","pre_11_1",0.000818282342135657,1
2024-06-17,"competitor_minus_unrelated","0_20",-0.00151626828100975,3
2024-06-18,"hardware_minus_unrelated","pre_21_1",0.0222978859187244,2
2024-06-18,"deployer_minus_unrelated","pre_11_1",-0.00560162903872413,1
2024-06-18,"deployer_minus_unrelated","0_20",-0.00560162903872413,3
2024-06-18,"hardware_minus_unrelated","pre_11_1",0.0222978859187244,1
2024-06-18,"competitor_minus_unrelated","pre_21_1",-0.0028073410952555,2
2024-06-18,"deployer_minus_unrelated","0_10",-0.00560162903872413,3
2024-06-18,"hardware_minus_unrelated","0_20",0.0222978859187244,3
2024-06-18,"hardware_minus_unrelated","0_10",0.0222978859187244,3
2024-06-18,"deployer_minus_unrelated","pre_21_1",-0.00560162903872413,2
2024-06-18,"competitor_minus_unrelated","0_20",-0.00231511746318369,3
2024-06-18,"competitor_minus_unrelated","0_10",-0.00231511746318369,3
2024-06-18,"competitor_minus_unrelated","pre_11_1",-0.00428401199147094,1
2024-06-20,"deployer_minus_unrelated","0_20",-0.0130776894915235,4
2024-06-20,"competitor_minus_unrelated","0_10",0.00144878202799922,4
2024-06-20,"deployer_minus_unrelated","0_10",-0.0130776894915235,4
2024-06-20,"hardware_minus_unrelated","0_20",-0.0263707356219024,4
2024-06-20,"deployer_minus_unrelated","pre_11_1",0,0
2024-06-20,"hardware_minus_unrelated","0_10",-0.0263707356219024,4
2024-06-20,"competitor_minus_unrelated","pre_21_1",0.00163499466409878,1
2024-06-20,"competitor_minus_unrelated","0_20",0.00144878202799922,4
2024-06-20,"deployer_minus_unrelated","pre_21_1",-0.0130776894915235,1
2024-06-20,"hardware_minus_unrelated","pre_21_1",-0.0263707356219024,1
2024-06-20,"competitor_minus_unrelated","pre_11_1",0,0
2024-06-20,"hardware_minus_unrelated","pre_11_1",0,0
2024-06-21,"hardware_minus_unrelated","0_10",-0.0144699283189093,4
2024-06-21,"deployer_minus_unrelated","0_20",-0.00132309411843009,4
2024-06-21,"competitor_minus_unrelated","0_10",-0.0032942171950738,4
2024-06-21,"hardware_minus_unrelated","pre_21_1",-0.0144699283189093,3
2024-06-21,"deployer_minus_unrelated","0_10",-0.00132309411843009,4
2024-06-21,"hardware_minus_unrelated","0_20",-0.0144699283189093,4
2024-06-21,"deployer_minus_unrelated","pre_11_1",0,0
2024-06-21,"competitor_minus_unrelated","0_20",-0.0032942171950738,4
2024-06-21,"competitor_minus_unrelated","pre_21_1",-0.00229856828595703,3
2024-06-21,"deployer_minus_unrelated","pre_21_1",-0.00132309411843009,3
2024-06-21,"hardware_minus_unrelated","pre_11_1",0,0
2024-06-21,"competitor_minus_unrelated","pre_11_1",0,0
2024-06-24,"deployer_minus_unrelated","0_20",0.0230039400128989,4
2024-06-24,"hardware_minus_unrelated","0_20",0.0100533948592386,4
2024-06-24,"hardware_minus_unrelated","0_10",0.0100533948592386,4
2024-06-24,"deployer_minus_unrelated","pre_21_1",0.0230039400128989,4
2024-06-24,"competitor_minus_unrelated","0_10",0.0365835253994191,4
2024-06-24,"hardware_minus_unrelated","pre_21_1",0.0100533948592386,4
2024-06-24,"deployer_minus_unrelated","0_10",0.0230039400128989,4
2024-06-24,"competitor_minus_unrelated","pre_11_1",0,0
2024-06-24,"deployer_minus_unrelated","pre_11_1",0,0
2024-06-24,"hardware_minus_unrelated","pre_11_1",0,0
2024-06-24,"competitor_minus_unrelated","0_20",0.0365835253994191,4
2024-06-24,"competitor_minus_unrelated","pre_21_1",0.0369410415579502,4
2024-06-25,"deployer_minus_unrelated","0_10",-0.0433847892850208,4
2024-06-25,"competitor_minus_unrelated","0_20",-0.0287593625975162,4
2024-06-25,"deployer_minus_unrelated","0_20",-0.0433847892850208,4
2024-06-25,"hardware_minus_unrelated","0_10",-0.0281602477160719,4
2024-06-25,"hardware_minus_unrelated","0_20",-0.0281602477160719,4
2024-06-25,"competitor_minus_unrelated","0_10",-0.0287593625975162,4
2024-06-25,"hardware_minus_unrelated","pre_11_1",0,0
2024-06-25,"hardware_minus_unrelated","pre_21_1",-0.0281602477160719,4
2024-06-25,"deployer_minus_unrelated","pre_11_1",0,0
2024-06-25,"competitor_minus_unrelated","pre_21_1",-0.0285942437657224,4
2024-06-25,"deployer_minus_unrelated","pre_21_1",-0.0433847892850208,4
2024-06-25,"competitor_minus_unrelated","pre_11_1",0,0
2024-06-26,"deployer_minus_unrelated","0_20",0.017022263524971,4
2024-06-26,"hardware_minus_unrelated","0_10",0.013967377863699,4
2024-06-26,"hardware_minus_unrelated","0_20",0.013967377863699,4
2024-06-26,"competitor_minus_unrelated","0_20",0.0225329575352492,4
2024-06-26,"hardware_minus_unrelated","pre_21_1",0.013967377863699,4
2024-06-26,"deployer_minus_unrelated","pre_11_1",0,0
2024-06-26,"competitor_minus_unrelated","0_10",0.0225329575352492,4
2024-06-26,"competitor_minus_unrelated","pre_21_1",0.0226184288904987,4
2024-06-26,"deployer_minus_unrelated","0_10",0.017022263524971,4
2024-06-26,"competitor_minus_unrelated","pre_11_1",0,0
2024-06-26,"deployer_minus_unrelated","pre_21_1",0.017022263524971,4
2024-06-26,"hardware_minus_unrelated","pre_11_1",0,0
2024-06-27,"hardware_minus_unrelated","0_10",-0.0302377346124904,4
2024-06-27,"deployer_minus_unrelated","0_10",-0.0426038289183537,4
2024-06-27,"deployer_minus_unrelated","pre_11_1",0,0
2024-06-27,"hardware_minus_unrelated","pre_21_1",-0.0302377346124904,4
2024-06-27,"competitor_minus_unrelated","0_20",-0.0181004037230595,4
2024-06-27,"hardware_minus_unrelated","pre_11_1",0,0
2024-06-27,"hardware_minus_unrelated","0_20",-0.0302377346124904,4
2024-06-27,"competitor_minus_unrelated","pre_21_1",-0.0195942730353394,4
2024-06-27,"deployer_minus_unrelated","0_20",-0.0426038289183537,4
2024-06-27,"deployer_minus_unrelated","pre_21_1",-0.0426038289183537,4
2024-06-27,"competitor_minus_unrelated","pre_11_1",0,0
2024-06-27,"competitor_minus_unrelated","0_10",-0.0181004037230595,4
2024-06-28,"competitor_minus_unrelated","0_20",0.0310204030513896,4
2024-06-28,"hardware_minus_unrelated","pre_21_1",0.0537857143870621,5
2024-06-28,"deployer_minus_unrelated","0_20",0.038769845428773,4
2024-06-28,"deployer_minus_unrelated","0_10",0.038769845428773,3
2024-06-28,"deployer_minus_unrelated","pre_11_1",0,0
2024-06-28,"hardware_minus_unrelated","pre_11_1",0,0
2024-06-28,"competitor_minus_unrelated","pre_11_1",0,0
2024-06-28,"hardware_minus_unrelated","0_20",0.0537857143870621,4
2024-06-28,"deployer_minus_unrelated","pre_21_1",0.038769845428773,5
2024-06-28,"competitor_minus_unrelated","0_10",0.0300476780147728,3
2024-06-28,"hardware_minus_unrelated","0_10",0.0537857143870621,3
2024-06-28,"competitor_minus_unrelated","pre_21_1",0.0309650112270282,5
2024-07-01,"competitor_minus_unrelated","0_20",0.0171917383609173,4
2024-07-01,"deployer_minus_unrelated","0_20",0.0140409234044348,4
2024-07-01,"competitor_minus_unrelated","pre_11_1",0,0
2024-07-01,"deployer_minus_unrelated","0_10",0.0140409234044348,3
2024-07-01,"hardware_minus_unrelated","pre_11_1",0,0
2024-07-01,"competitor_minus_unrelated","0_10",0.0173145838443242,3
2024-07-01,"hardware_minus_unrelated","0_10",0.00380961956679753,3
2024-07-01,"deployer_minus_unrelated","pre_21_1",0.0140409234044348,5
2024-07-01,"deployer_minus_unrelated","pre_11_1",0,0
2024-07-01,"hardware_minus_unrelated","pre_21_1",0.00380961956679753,5
2024-07-01,"competitor_minus_unrelated","pre_21_1",0.0178432720443703,5
2024-07-01,"hardware_minus_unrelated","0_20",0.00380961956679753,4
2024-07-02,"deployer_minus_unrelated","0_20",0.020743974369964,4
2024-07-02,"deployer_minus_unrelated","pre_21_1",0.020743974369964,6
2024-07-02,"competitor_minus_unrelated","pre_11_1",0.0278159820290364,1
2024-07-02,"deployer_minus_unrelated","0_10",0.020743974369964,3
2024-07-02,"hardware_minus_unrelated","0_20",0.0294282518438589,4
2024-07-02,"competitor_minus_unrelated","0_10",0.0275140254618507,3
2024-07-02,"hardware_minus_unrelated","0_10",0.0294282518438589,3
2024-07-02,"hardware_minus_unrelated","pre_11_1",0.0294282518438589,1
2024-07-02,"competitor_minus_unrelated","0_20",0.0275895146036471,4
2024-07-02,"deployer_minus_unrelated","pre_11_1",0.020743974369964,1
2024-07-02,"hardware_minus_unrelated","pre_21_1",0.0294282518438589,6
2024-07-02,"competitor_minus_unrelated","pre_21_1",0.0276512427028018,6
2024-07-03,"deployer_minus_unrelated","0_10",0.0202959232628618,1
2024-07-03,"deployer_minus_unrelated","pre_21_1",0.0202959232628618,6
2024-07-03,"competitor_minus_unrelated","0_10",0.0126705896730235,1
2024-07-03,"deployer_minus_unrelated","0_20",0.0202959232628618,4
2024-07-03,"competitor_minus_unrelated","pre_11_1",0.0128112906085743,1
2024-07-03,"hardware_minus_unrelated","0_20",0.0228129304824034,4
2024-07-03,"competitor_minus_unrelated","0_20",0.0127409401407989,4
2024-07-03,"hardware_minus_unrelated","0_10",0.0228129304824034,1
2024-07-03,"hardware_minus_unrelated","pre_11_1",0.0228129304824034,1
2024-07-03,"deployer_minus_unrelated","pre_11_1",0.0202959232628618,1
2024-07-03,"competitor_minus_unrelated","pre_21_1",0.0128472304782199,6
2024-07-03,"hardware_minus_unrelated","pre_21_1",0.0228129304824034,6
2024-07-05,"competitor_minus_unrelated","0_10",0.0349793437075731,1
2024-07-05,"competitor_minus_unrelated","0_20",0.0337564293051743,4
2024-07-05,"hardware_minus_unrelated","0_10",0.0105318542997158,1
2024-07-05,"hardware_minus_unrelated","pre_11_1",0.0105318542997158,1
2024-07-05,"hardware_minus_unrelated","0_20",0.0105318542997158,4
2024-07-05,"deployer_minus_unrelated","0_10",0.0207004091162018,1
2024-07-05,"deployer_minus_unrelated","0_20",0.0207004091162018,4
2024-07-05,"competitor_minus_unrelated","pre_11_1",0.0325335149027755,1
2024-07-05,"deployer_minus_unrelated","pre_21_1",0.0207004091162018,6
2024-07-05,"deployer_minus_unrelated","pre_11_1",0.0207004091162018,1
2024-07-05,"competitor_minus_unrelated","pre_21_1",0.0325193273243121,6
2024-07-05,"hardware_minus_unrelated","pre_21_1",0.0105318542997158,6
2024-07-08,"hardware_minus_unrelated","0_10",0,0
2024-07-08,"hardware_minus_unrelated","pre_11_1",0.0191280075098082,3
2024-07-08,"deployer_minus_unrelated","0_10",0,0
2024-07-08,"deployer_minus_unrelated","pre_21_1",-0.00628160534557583,7
2024-07-08,"hardware_minus_unrelated","0_20",0.0191280075098082,4
2024-07-08,"competitor_minus_unrelated","0_10",0,0
2024-07-08,"competitor_minus_unrelated","0_20",-0.00525956806852079,4
2024-07-08,"competitor_minus_unrelated","pre_21_1",-0.00477122609909518,7
2024-07-08,"deployer_minus_unrelated","pre_11_1",-0.00628160534557583,3
2024-07-08,"competitor_minus_unrelated","pre_11_1",-0.00419152883921886,3
2024-07-08,"hardware_minus_unrelated","pre_21_1",0.0191280075098082,7
2024-07-08,"deployer_minus_unrelated","0_20",-0.00628160534557583,4
2024-07-09,"hardware_minus_unrelated","pre_11_1",0.00104167337137106,4
2024-07-09,"deployer_minus_unrelated","pre_21_1",0.00985626492703597,7
2024-07-09,"hardware_minus_unrelated","0_20",0.00104167337137106,4
2024-07-09,"hardware_minus_unrelated","0_10",0,0
2024-07-09,"deployer_minus_unrelated","pre_11_1",0.00985626492703597,4
2024-07-09,"competitor_minus_unrelated","0_20",-0.00180334460912379,4
2024-07-09,"hardware_minus_unrelated","pre_21_1",0.00104167337137106,7
2024-07-09,"deployer_minus_unrelated","0_10",0,0
2024-07-09,"competitor_minus_unrelated","pre_11_1",-0.00140824188710372,4
2024-07-09,"competitor_minus_unrelated","pre_21_1",-0.00208988181797161,7
2024-07-09,"deployer_minus_unrelated","0_20",0.00985626492703597,4
2024-07-09,"competitor_minus_unrelated","0_10",0,0
2024-07-10,"deployer_minus_unrelated","pre_21_1",-0.00578028829883888,7
2024-07-10,"competitor_minus_unrelated","0_20",0.00793185918698723,4
2024-07-10,"hardware_minus_unrelated","0_10",0,0
2024-07-10,"deployer_minus_unrelated","0_10",0,0
2024-07-10,"hardware_minus_unrelated","0_20",0.0184226283059039,4
2024-07-10,"hardware_minus_unrelated","pre_21_1",0.0184226283059039,7
2024-07-10,"hardware_minus_unrelated","pre_11_1",0.0184226283059039,4
2024-07-10,"competitor_minus_unrelated","pre_21_1",0.00789705784245791,7
2024-07-10,"deployer_minus_unrelated","0_20",-0.00578028829883888,4
2024-07-10,"deployer_minus_unrelated","pre_11_1",-0.00578028829883888,4
2024-07-10,"competitor_minus_unrelated","0_10",0,0
2024-07-10,"competitor_minus_unrelated","pre_11_1",0.00885268862876975,4
2024-07-11,"competitor_minus_unrelated","0_20",-0.0506690485262094,4
2024-07-11,"hardware_minus_unrelated","0_20",-0.059136765190707,4
2024-07-11,"deployer_minus_unrelated","0_10",0,0
2024-07-11,"deployer_minus_unrelated","0_20",-0.0295682831769178,4
2024-07-11,"hardware_minus_unrelated","0_10",0,0
2024-07-11,"deployer_minus_unrelated","pre_21_1",-0.0295682831769178,7
2024-07-11,"deployer_minus_unrelated","pre_11_1",-0.0295682831769178,4
2024-07-11,"competitor_minus_unrelated","pre_21_1",-0.0500427510001686,7
2024-07-11,"competitor_minus_unrelated","0_10",0,0
2024-07-11,"competitor_minus_unrelated","pre_11_1",-0.0506354897492908,4
2024-07-11,"hardware_minus_unrelated","pre_21_1",-0.059136765190707,7
2024-07-11,"hardware_minus_unrelated","pre_11_1",-0.059136765190707,4
2024-07-12,"competitor_minus_unrelated","0_20",-0.0200697109580665,4
2024-07-12,"hardware_minus_unrelated","0_20",-0.00066580557777933,4
2024-07-12,"deployer_minus_unrelated","0_10",0,0
2024-07-12,"competitor_minus_unrelated","0_10",0,0
2024-07-12,"competitor_minus_unrelated","pre_11_1",-0.0189466420317156,4
2024-07-12,"hardware_minus_unrelated","pre_21_1",-0.00066580557777933,7
2024-07-12,"competitor_minus_unrelated","pre_21_1",-0.0191804121508044,7
2024-07-12,"hardware_minus_unrelated","0_10",0,0
2024-07-12,"deployer_minus_unrelated","pre_21_1",-0.0056274890945263,7
2024-07-12,"hardware_minus_unrelated","pre_11_1",-0.00066580557777933,4
2024-07-12,"deployer_minus_unrelated","0_20",-0.0056274890945263,4
2024-07-12,"deployer_minus_unrelated","pre_11_1",-0.0056274890945263,4
2024-07-15,"hardware_minus_unrelated","0_20",-0.0773088861366377,3
2024-07-15,"competitor_minus_unrelated","0_20",-0.071596323094186,3
2024-07-15,"deployer_minus_unrelated","0_10",0,0
2024-07-15,"hardware_minus_unrelated","pre_21_1",-0.0773088861366377,9
2024-07-15,"competitor_minus_unrelated","0_10",0,0
2024-07-15,"competitor_minus_unrelated","pre_11_1",-0.0709772655141177,5
2024-07-15,"hardware_minus_unrelated","pre_11_1",-0.0773088861366377,5
2024-07-15,"competitor_minus_unrelated","pre_21_1",-0.0711178905823418,9
2024-07-15,"deployer_minus_unrelated","pre_11_1",-0.0802053047618542,5
2024-07-15,"hardware_minus_unrelated","0_10",0,0
2024-07-15,"deployer_minus_unrelated","0_20",-0.0802053047618542,3
2024-07-15,"deployer_minus_unrelated","pre_21_1",-0.0802053047618542,9
2024-07-16,"competitor_minus_unrelated","pre_21_1",-0.031883949427541,9
2024-07-16,"hardware_minus_unrelated","0_20",-0.0184831967452894,3
2024-07-16,"competitor_minus_unrelated","0_20",-0.0327304285147061,3
2024-07-16,"deployer_minus_unrelated","0_10",0,0
2024-07-16,"deployer_minus_unrelated","0_20",-0.018382054929841,3
2024-07-16,"competitor_minus_unrelated","pre_11_1",-0.0324542000544668,5
2024-07-16,"hardware_minus_unrelated","pre_11_1",-0.0184831967452894,5
2024-07-16,"competitor_minus_unrelated","0_10",0,0
2024-07-16,"deployer_minus_unrelated","pre_11_1",-0.018382054929841,5
2024-07-16,"hardware_minus_unrelated","0_10",0,0
2024-07-16,"deployer_minus_unrelated","pre_21_1",-0.018382054929841,9
2024-07-16,"hardware_minus_unrelated","pre_21_1",-0.0184831967452894,9
2024-07-17,"hardware_minus_unrelated","0_20",-0.0515447607263927,3
2024-07-17,"competitor_minus_unrelated","pre_11_1",-0.00380751164573611,6
2024-07-17,"hardware_minus_unrelated","pre_11_1",-0.0515447607263927,6
2024-07-17,"deployer_minus_unrelated","0_20",-0.0167831308085575,3
2024-07-17,"competitor_minus_unrelated","pre_21_1",-0.00442589903592492,9
2024-07-17,"hardware_minus_unrelated","0_10",0,0
2024-07-17,"competitor_minus_unrelated","0_10",0,0
2024-07-17,"deployer_minus_unrelated","0_10",0,0
2024-07-17,"deployer_minus_unrelated","pre_11_1",-0.0167831308085575,6
2024-07-17,"deployer_minus_unrelated","pre_21_1",-0.0167831308085575,9
2024-07-17,"competitor_minus_unrelated","0_20",-0.00565138857729141,3
2024-07-17,"hardware_minus_unrelated","pre_21_1",-0.0515447607263927,9
2024-07-18,"hardware_minus_unrelated","pre_11_1",0.0116079782798926,5
2024-07-18,"hardware_minus_unrelated","0_10",0.0116079782798926,1
2024-07-18,"deployer_minus_unrelated","0_20",-0.00446749354019192,2
2024-07-18,"deployer_minus_unrelated","pre_21_1",-0.00446749354019192,8
2024-07-18,"hardware_minus_unrelated","0_20",0.0116079782798926,2
2024-07-18,"competitor_minus_unrelated","pre_21_1",0.00327622558686535,8
2024-07-18,"competitor_minus_unrelated","0_10",0.00340402258979403,1
2024-07-18,"hardware_minus_unrelated","pre_21_1",0.0116079782798926,8
2024-07-18,"competitor_minus_unrelated","0_20",0.00375000699716282,2
2024-07-18,"deployer_minus_unrelated","0_10",-0.00446749354019192,1
2024-07-18,"deployer_minus_unrelated","pre_11_1",-0.00446749354019192,5
2024-07-18,"competitor_minus_unrelated","pre_11_1",0.00197267231831046,5
2024-07-19,"competitor_minus_unrelated","0_10",-0.070838505546863,1
2024-07-19,"deployer_minus_unrelated","0_20",-0.04644768259866,2
2024-07-19,"hardware_minus_unrelated","0_10",-0.0944236809810455,1
2024-07-19,"deployer_minus_unrelated","pre_11_1",-0.04644768259866,5
2024-07-19,"hardware_minus_unrelated","0_20",-0.0944236809810455,2
2024-07-19,"hardware_minus_unrelated","pre_11_1",-0.0944236809810455,5
2024-07-19,"deployer_minus_unrelated","0_10",-0.04644768259866,1
2024-07-19,"competitor_minus_unrelated","0_20",-0.070030843940626,2
2024-07-19,"hardware_minus_unrelated","pre_21_1",-0.0944236809810455,8
2024-07-19,"competitor_minus_unrelated","pre_21_1",-0.0702941684293011,8
2024-07-19,"competitor_minus_unrelated","pre_11_1",-0.0700087639568647,5
2024-07-19,"deployer_minus_unrelated","pre_21_1",-0.04644768259866,8
2024-07-22,"hardware_minus_unrelated","0_10",0.0259418332087859,1
2024-07-22,"deployer_minus_unrelated","0_20",-0.0167536133256835,1
2024-07-22,"hardware_minus_unrelated","0_20",0.0259418332087859,1
2024-07-22,"deployer_minus_unrelated","0_10",-0.0167536133256835,1
2024-07-22,"competitor_minus_unrelated","0_20",5.47683057108284e-05,1
2024-07-22,"competitor_minus_unrelated","0_10",5.47683057108284e-05,1
2024-07-22,"hardware_minus_unrelated","pre_11_1",0.0259418332087859,6
2024-07-22,"competitor_minus_unrelated","pre_21_1",8.11932828486183e-05,8
2024-07-22,"competitor_minus_unrelated","pre_11_1",0.000516731163238837,6
2024-07-22,"deployer_minus_unrelated","pre_21_1",-0.0167536133256835,8
2024-07-22,"hardware_minus_unrelated","pre_21_1",0.0259418332087859,8
2024-07-22,"deployer_minus_unrelated","pre_11_1",-0.0167536133256835,6
2024-07-23,"hardware_minus_unrelated","0_20",0.0105621353973662,3
2024-07-23,"hardware_minus_unrelated","pre_21_1",0.0105621353973662,6
2024-07-23,"competitor_minus_unrelated","0_10",0.0254391291755374,3
2024-07-23,"deployer_minus_unrelated","0_10",0.0264331536805931,3
2024-07-23,"hardware_minus_unrelated","0_10",0.0105621353973662,3
2024-07-23,"deployer_minus_unrelated","pre_11_1",0.0264331536805931,4
2024-07-23,"competitor_minus_unrelated","0_20",0.0254391291755374,3
2024-07-23,"hardware_minus_unrelated","pre_11_1",0.0105621353973662,4
2024-07-23,"deployer_minus_unrelated","0_20",0.0264331536805931,3
2024-07-23,"competitor_minus_unrelated","pre_11_1",0.0241392446485271,4
2024-07-23,"competitor_minus_unrelated","pre_21_1",0.024282761965611,6
2024-07-23,"deployer_minus_unrelated","pre_21_1",0.0264331536805931,6
2024-07-24,"hardware_minus_unrelated","0_10",0.00614036535673909,4
2024-07-24,"competitor_minus_unrelated","0_10",0.00824847805249387,4
2024-07-24,"deployer_minus_unrelated","0_20",0.0280657312799062,4
2024-07-24,"hardware_minus_unrelated","0_20",0.00614036535673909,4
2024-07-24,"hardware_minus_unrelated","pre_21_1",0.00614036535673909,5
2024-07-24,"deployer_minus_unrelated","0_10",0.0280657312799062,4
2024-07-24,"competitor_minus_unrelated","pre_21_1",0.00994068752250998,5
2024-07-24,"deployer_minus_unrelated","pre_11_1",0.0280657312799062,3
2024-07-24,"competitor_minus_unrelated","0_20",0.00824847805249387,4
2024-07-24,"hardware_minus_unrelated","pre_11_1",0.00614036535673909,3
2024-07-24,"deployer_minus_unrelated","pre_21_1",0.0280657312799062,5
2024-07-24,"competitor_minus_unrelated","pre_11_1",0.00961621978881128,3
2024-07-25,"competitor_minus_unrelated","0_10",-0.00932305445532146,4
2024-07-25,"hardware_minus_unrelated","0_10",-0.0124464747828885,4
2024-07-25,"competitor_minus_unrelated","0_20",-0.00932305445532146,4
2024-07-25,"deployer_minus_unrelated","0_20",-0.00104052023858331,4
2024-07-25,"hardware_minus_unrelated","pre_21_1",-0.0124464747828885,5
2024-07-25,"hardware_minus_unrelated","0_20",-0.0124464747828885,4
2024-07-25,"competitor_minus_unrelated","pre_11_1",-0.00610692940604074,3
2024-07-25,"deployer_minus_unrelated","0_10",-0.00104052023858331,4
2024-07-25,"competitor_minus_unrelated","pre_21_1",-0.00559950295119883,5
2024-07-25,"deployer_minus_unrelated","pre_11_1",-0.00104052023858331,3
2024-07-25,"hardware_minus_unrelated","pre_11_1",-0.0124464747828885,3
2024-07-25,"deployer_minus_unrelated","pre_21_1",-0.00104052023858331,5
2024-07-26,"hardware_minus_unrelated","0_10",-0.0332114178922367,4
2024-07-26,"hardware_minus_unrelated","pre_11_1",-0.0332114178922367,3
2024-07-26,"hardware_minus_unrelated","pre_21_1",-0.0332114178922367,5
2024-07-26,"deployer_minus_unrelated","0_20",-0.0360368759272875,4
2024-07-26,"competitor_minus_unrelated","pre_11_1",-0.042493183623427,3
2024-07-26,"competitor_minus_unrelated","pre_21_1",-0.0416291418931862,5
2024-07-26,"deployer_minus_unrelated","pre_11_1",-0.0360368759272875,3
2024-07-26,"hardware_minus_unrelated","0_20",-0.0332114178922367,4
2024-07-26,"competitor_minus_unrelated","0_10",-0.0450603036120471,4
2024-07-26,"deployer_minus_unrelated","pre_21_1",-0.0360368759272875,5
2024-07-26,"deployer_minus_unrelated","0_10",-0.0360368759272875,4
2024-07-26,"competitor_minus_unrelated","0_20",-0.0450603036120471,4
2024-07-29,"hardware_minus_unrelated","pre_21_1",0.0131905393951097,6
2024-07-29,"hardware_minus_unrelated","0_10",0.0131905393951097,4
2024-07-29,"hardware_minus_unrelated","pre_11_1",0.0131905393951097,5
2024-07-29,"deployer_minus_unrelated","pre_11_1",0.0181731420124006,5
2024-07-29,"deployer_minus_unrelated","0_20",0.0181731420124006,4
2024-07-29,"competitor_minus_unrelated","pre_11_1",0.0253899681507668,5
2024-07-29,"competitor_minus_unrelated","pre_21_1",0.0245658322292337,6
2024-07-29,"competitor_minus_unrelated","0_20",0.0285242020251357,4
2024-07-29,"deployer_minus_unrelated","0_10",0.0181731420124006,4
2024-07-29,"competitor_minus_unrelated","0_10",0.0285242020251357,4
2024-07-29,"deployer_minus_unrelated","pre_21_1",0.0181731420124006,6
2024-07-29,"hardware_minus_unrelated","0_20",0.0131905393951097,4
2024-07-30,"hardware_minus_unrelated","pre_11_1",-0.0101697245158416,4
2024-07-30,"competitor_minus_unrelated","pre_21_1",0.0239311881320963,5
2024-07-30,"deployer_minus_unrelated","0_20",0.0178976093923954,5
2024-07-30,"deployer_minus_unrelated","pre_21_1",0.0178976093923954,5
2024-07-30,"competitor_minus_unrelated","0_20",0.0247154970701611,5
2024-07-30,"deployer_minus_unrelated","0_10",0.0178976093923954,5
2024-07-30,"competitor_minus_unrelated","pre_11_1",0.0242104973017832,4
2024-07-30,"hardware_minus_unrelated","0_20",-0.0101697245158416,5
2024-07-30,"deployer_minus_unrelated","pre_11_1",0.0178976093923954,4
2024-07-30,"hardware_minus_unrelated","pre_21_1",-0.0101697245158416,5
2024-07-30,"competitor_minus_unrelated","0_10",0.0247154970701611,5
2024-07-30,"hardware_minus_unrelated","0_10",-0.0101697245158416,5
2024-07-31,"deployer_minus_unrelated","pre_21_1",0.0282409543944192,5
2024-07-31,"hardware_minus_unrelated","0_20",0.0634212722370522,5
2024-07-31,"competitor_minus_unrelated","pre_21_1",0.00846804790203359,5
2024-07-31,"deployer_minus_unrelated","0_20",0.0282409543944192,5
2024-07-31,"deployer_minus_unrelated","0_10",0.0282409543944192,5
2024-07-31,"competitor_minus_unrelated","0_20",0.00585256669940092,5
2024-07-31,"competitor_minus_unrelated","pre_11_1",0.00804595743383078,4
2024-07-31,"deployer_minus_unrelated","pre_11_1",0.0282409543944192,4
2024-07-31,"hardware_minus_unrelated","pre_21_1",0.0634212722370522,5
2024-07-31,"hardware_minus_unrelated","pre_11_1",0.0634212722370522,4
2024-07-31,"competitor_minus_unrelated","0_10",0.00585256669940092,5
2024-07-31,"hardware_minus_unrelated","0_10",0.0634212722370522,5
2024-08-01,"hardware_minus_unrelated","0_20",-0.0433577546300067,6
2024-08-01,"hardware_minus_unrelated","pre_21_1",-0.0433577546300067,4
2024-08-01,"deployer_minus_unrelated","0_10",0.0161687487189583,6
2024-08-01,"deployer_minus_unrelated","0_20",0.0161687487189583,6
2024-08-01,"competitor_minus_unrelated","pre_11_1",0.0356024474195943,3
2024-08-01,"competitor_minus_unrelated","0_10",0.0331269544471806,6
2024-08-01,"competitor_minus_unrelated","0_20",0.0331269544471806,6
2024-08-01,"competitor_minus_unrelated","pre_21_1",0.0359181079440179,4
2024-08-01,"hardware_minus_unrelated","pre_11_1",-0.0433577546300067,3
2024-08-01,"deployer_minus_unrelated","pre_21_1",0.0161687487189583,4
2024-08-01,"deployer_minus_unrelated","pre_11_1",0.0161687487189583,3
2024-08-01,"hardware_minus_unrelated","0_10",-0.0433577546300067,6
2024-08-02,"deployer_minus_unrelated","0_10",0.0578339093074405,5
2024-08-02,"hardware_minus_unrelated","pre_11_1",-0.0320996178527611,3
2024-08-02,"hardware_minus_unrelated","0_20",-0.0320996178527611,6
2024-08-02,"competitor_minus_unrelated","0_10",0.0114421796884937,5
2024-08-02,"deployer_minus_unrelated","0_20",0.0578339093074405,6
2024-08-02,"hardware_minus_unrelated","pre_21_1",-0.0320996178527611,4
2024-08-02,"deployer_minus_unrelated","pre_21_1",0.0578339093074405,4
2024-08-02,"competitor_minus_unrelated","0_20",0.0110669856857983,6
2024-08-02,"hardware_minus_unrelated","0_10",-0.0320996178527611,5
2024-08-02,"competitor_minus_unrelated","pre_11_1",0.0110442497107263,3
2024-08-02,"competitor_minus_unrelated","pre_21_1",0.0110989517102123,4
2024-08-02,"deployer_minus_unrelated","pre_11_1",0.0578339093074405,3
2024-08-05,"competitor_minus_unrelated","0_10",0.0256849284383336,5
2024-08-05,"deployer_minus_unrelated","0_20",0.05757590509093,6
2024-08-05,"deployer_minus_unrelated","0_10",0.05757590509093,5
2024-08-05,"competitor_minus_unrelated","pre_11_1",0.0278969239316027,3
2024-08-05,"deployer_minus_unrelated","pre_21_1",0.05757590509093,4
2024-08-05,"hardware_minus_unrelated","0_10",0.0478223275953605,5
2024-08-05,"hardware_minus_unrelated","0_20",0.0478223275953605,6
2024-08-05,"competitor_minus_unrelated","pre_21_1",0.0285934356917494,4
2024-08-05,"competitor_minus_unrelated","0_20",0.0259232857898606,6
2024-08-05,"hardware_minus_unrelated","pre_11_1",0.0478223275953605,3
2024-08-05,"hardware_minus_unrelated","pre_21_1",0.0478223275953605,4
2024-08-05,"deployer_minus_unrelated","pre_11_1",0.05757590509093,3
2024-08-06,"deployer_minus_unrelated","0_10",-0.00616998195760506,6
2024-08-06,"competitor_minus_unrelated","0_10",-0.017980219015665,6
2024-08-06,"hardware_minus_unrelated","0_10",-0.0132821039405664,6
2024-08-06,"hardware_minus_unrelated","pre_11_1",-0.0132821039405664,2
2024-08-06,"deployer_minus_unrelated","0_20",-0.00616998195760506,7
2024-08-06,"competitor_minus_unrelated","pre_11_1",-0.0140255627006723,2
2024-08-06,"competitor_minus_unrelated","0_20",-0.0177560080690758,7
2024-08-06,"deployer_minus_unrelated","pre_21_1",-0.00616998195760506,3
2024-08-06,"hardware_minus_unrelated","pre_21_1",-0.0132821039405664,3
2024-08-06,"hardware_minus_unrelated","0_20",-0.0132821039405664,7
2024-08-06,"competitor_minus_unrelated","pre_21_1",-0.0130702154306144,3
2024-08-06,"deployer_minus_unrelated","pre_11_1",-0.00616998195760506,2
2024-08-07,"competitor_minus_unrelated","0_10",0.0481173713649098,4
2024-08-07,"deployer_minus_unrelated","0_20",0.0498440352983053,7
2024-08-07,"deployer_minus_unrelated","0_10",0.0498440352983053,4
2024-08-07,"competitor_minus_unrelated","0_20",0.0485835218107624,7
2024-08-07,"competitor_minus_unrelated","pre_11_1",0.0476653850939161,2
2024-08-07,"hardware_minus_unrelated","pre_11_1",0.0184332827092617,2
2024-08-07,"hardware_minus_unrelated","0_10",0.0184332827092617,4
2024-08-07,"hardware_minus_unrelated","0_20",0.0184332827092617,7
2024-08-07,"deployer_minus_unrelated","pre_21_1",0.0498440352983053,3
2024-08-07,"hardware_minus_unrelated","pre_21_1",0.0184332827092617,3
2024-08-07,"competitor_minus_unrelated","pre_21_1",0.0474302551090955,3
2024-08-07,"deployer_minus_unrelated","pre_11_1",0.0498440352983053,2
2024-08-08,"competitor_minus_unrelated","0_10",-0.029423320722806,3
2024-08-08,"competitor_minus_unrelated","0_20",-0.030925721291487,7
2024-08-08,"hardware_minus_unrelated","0_20",0.0153969670080069,7
2024-08-08,"deployer_minus_unrelated","0_20",-0.0261661519837673,7
2024-08-08,"competitor_minus_unrelated","pre_21_1",-0.028644090849531,3
2024-08-08,"deployer_minus_unrelated","0_10",-0.0261661519837673,3
2024-08-08,"hardware_minus_unrelated","pre_21_1",0.0153969670080069,3
2024-08-08,"deployer_minus_unrelated","pre_21_1",-0.0261661519837673,3
2024-08-08,"competitor_minus_unrelated","pre_11_1",-0.0292842747343903,2
2024-08-08,"deployer_minus_unrelated","pre_11_1",-0.0261661519837673,2
2024-08-08,"hardware_minus_unrelated","0_10",0.0153969670080069,3
2024-08-08,"hardware_minus_unrelated","pre_11_1",0.0153969670080069,2
2024-08-09,"deployer_minus_unrelated","pre_11_1",0.000773787337086551,2
2024-08-09,"competitor_minus_unrelated","pre_21_1",0.0107568174621469,3
2024-08-09,"competitor_minus_unrelated","pre_11_1",0.0106168811748108,2
2024-08-09,"deployer_minus_unrelated","0_10",0.000773787337086551,3
2024-08-09,"competitor_minus_unrelated","0_10",0.0101832057611523,3
2024-08-09,"deployer_minus_unrelated","0_20",0.000773787337086551,7
2024-08-09,"hardware_minus_unrelated","0_10",-0.0072054670727351,3
2024-08-09,"hardware_minus_unrelated","pre_21_1",-0.0072054670727351,3
2024-08-09,"competitor_minus_unrelated","0_20",0.0100298509309521,7
2024-08-09,"hardware_minus_unrelated","0_20",-0.0072054670727351,7
2024-08-09,"deployer_minus_unrelated","pre_21_1",0.000773787337086551,3
2024-08-09,"hardware_minus_unrelated","pre_11_1",-0.0072054670727351,2
2024-08-12,"deployer_minus_unrelated","0_20",0.0345040537990549,7
2024-08-12,"competitor_minus_unrelated","0_10",0.0172123423079647,3
2024-08-12,"hardware_minus_unrelated","0_20",0.0249241401701251,7
2024-08-12,"hardware_minus_unrelated","0_10",0.0249241401701251,3
2024-08-12,"competitor_minus_unrelated","pre_21_1",0.0192969012031235,3
2024-08-12,"deployer_minus_unrelated","pre_11_1",0.0345040537990549,3
2024-08-12,"competitor_minus_unrelated","0_20",0.0178050034757316,7
2024-08-12,"hardware_minus_unrelated","pre_21_1",0.0249241401701251,3
2024-08-12,"deployer_minus_unrelated","0_10",0.0345040537990549,3
2024-08-12,"hardware_minus_unrelated","pre_11_1",0.0249241401701251,3
2024-08-12,"competitor_minus_unrelated","pre_11_1",0.0192969012031235,3
2024-08-12,"deployer_minus_unrelated","pre_21_1",0.0345040537990549,3
2024-08-13,"competitor_minus_unrelated","pre_21_1",-0.00366575755602574,2
2024-08-13,"competitor_minus_unrelated","0_20",-0.00390734544259493,9
2024-08-13,"hardware_minus_unrelated","0_20",0.0201230842815181,9
2024-08-13,"deployer_minus_unrelated","0_20",0.000169589070145748,9
2024-08-13,"deployer_minus_unrelated","pre_11_1",0.000169589070145748,1
2024-08-13,"hardware_minus_unrelated","0_10",0.0201230842815181,5
2024-08-13,"competitor_minus_unrelated","0_10",-0.00388683373814249,5
2024-08-13,"competitor_minus_unrelated","pre_11_1",-0.00282516721567316,1
2024-08-13,"hardware_minus_unrelated","pre_11_1",0.0201230842815181,1
2024-08-13,"hardware_minus_unrelated","pre_21_1",0.0201230842815181,2
2024-08-13,"deployer_minus_unrelated","0_10",0.000169589070145748,5
2024-08-13,"deployer_minus_unrelated","pre_21_1",0.000169589070145748,2
2024-08-14,"competitor_minus_unrelated","pre_21_1",0.0147180670653647,2
2024-08-14,"deployer_minus_unrelated","0_20",0.00899041620197096,9
2024-08-14,"hardware_minus_unrelated","0_10",0.0145069161715779,4
2024-08-14,"competitor_minus_unrelated","0_10",0.0117854803032342,4
2024-08-14,"hardware_minus_unrelated","0_20",0.0145069161715779,9
2024-08-14,"competitor_minus_unrelated","0_20",0.00986674263776567,9
2024-08-14,"competitor_minus_unrelated","pre_11_1",0.0191876764981729,1
2024-08-14,"deployer_minus_unrelated","pre_11_1",0.00899041620197096,1
2024-08-14,"hardware_minus_unrelated","pre_21_1",0.0145069161715779,2
2024-08-14,"deployer_minus_unrelated","0_10",0.00899041620197096,4
2024-08-14,"hardware_minus_unrelated","pre_11_1",0.0145069161715779,1
2024-08-14,"deployer_minus_unrelated","pre_21_1",0.00899041620197096,2
2024-08-15,"competitor_minus_unrelated","0_10",-0.00907986146392125,4
2024-08-15,"competitor_minus_unrelated","pre_11_1",-0.00555779672954093,1
2024-08-15,"competitor_minus_unrelated","0_20",-0.0103354908573168,9
2024-08-15,"competitor_minus_unrelated","pre_21_1",-0.00748999409953629,2
2024-08-15,"hardware_minus_unrelated","pre_11_1",0.0235933037969027,1
2024-08-15,"deployer_minus_unrelated","0_20",-0.00295632959089424,9
2024-08-15,"hardware_minus_unrelated","0_20",0.0235933037969027,9
2024-08-15,"hardware_minus_unrelated","pre_21_1",0.0235933037969027,2
2024-08-15,"deployer_minus_unrelated","pre_11_1",-0.00295632959089424,1
2024-08-15,"deployer_minus_unrelated","0_10",-0.00295632959089424,4
2024-08-15,"deployer_minus_unrelated","pre_21_1",-0.00295632959089424,2
2024-08-15,"hardware_minus_unrelated","0_10",0.0235933037969027,4
2024-08-16,"hardware_minus_unrelated","0_20",-0.00736129609835441,8
2024-08-16,"hardware_minus_unrelated","pre_21_1",-0.00736129609835441,3
2024-08-16,"deployer_minus_unrelated","0_20",0.00244988538084342,8
2024-08-16,"competitor_minus_unrelated","0_10",-0.00753810762671787,3
2024-08-16,"deployer_minus_unrelated","0_10",0.00244988538084342,3
2024-08-16,"hardware_minus_unrelated","pre_11_1",-0.00736129609835441,1
2024-08-16,"competitor_minus_unrelated","pre_11_1",-0.0109391960442082,1
2024-08-16,"hardware_minus_unrelated","0_10",-0.00736129609835441,3
2024-08-16,"deployer_minus_unrelated","pre_11_1",0.00244988538084342,1
2024-08-16,"competitor_minus_unrelated","pre_21_1",-0.00753810762671787,3
2024-08-16,"competitor_minus_unrelated","0_20",-0.00587485839367929,8
2024-08-16,"deployer_minus_unrelated","pre_21_1",0.00244988538084342,3
2024-08-19,"competitor_minus_unrelated","pre_21_1",0.000319501104421541,4
2024-08-19,"competitor_minus_unrelated","pre_11_1",-0.00304341364163499,1
2024-08-19,"deployer_minus_unrelated","0_10",-0.00474271907597064,3
2024-08-19,"competitor_minus_unrelated","0_10",6.49360450122951e-05,3
2024-08-19,"hardware_minus_unrelated","pre_11_1",0.00673907564312417,1
2024-08-19,"hardware_minus_unrelated","0_10",0.00673907564312417,3
2024-08-19,"deployer_minus_unrelated","0_20",-0.00474271907597064,8
2024-08-19,"hardware_minus_unrelated","0_20",0.00673907564312417,8
2024-08-19,"deployer_minus_unrelated","pre_21_1",-0.00474271907597064,4
2024-08-19,"competitor_minus_unrelated","0_20",0.0012035626969269,8
2024-08-19,"deployer_minus_unrelated","pre_11_1",-0.00474271907597064,1
2024-08-19,"hardware_minus_unrelated","pre_21_1",0.00673907564312417,4
2024-08-20,"hardware_minus_unrelated","0_20",-0.00414044394921936,8
2024-08-20,"hardware_minus_unrelated","pre_11_1",-0.00414044394921936,1
2024-08-20,"deployer_minus_unrelated","0_10",-0.0111389970007781,3
2024-08-20,"deployer_minus_unrelated","pre_21_1",-0.0111389970007781,5
2024-08-20,"competitor_minus_unrelated","pre_11_1",0.00937664633258456,1
2024-08-20,"competitor_minus_unrelated","pre_21_1",0.0103479492193094,5
2024-08-20,"competitor_minus_unrelated","0_20",0.0105619043398501,8
2024-08-20,"deployer_minus_unrelated","pre_11_1",-0.0111389970007781,1
2024-08-20,"competitor_minus_unrelated","0_10",0.0100760961018811,3
2024-08-20,"deployer_minus_unrelated","0_20",-0.0111389970007781,8
2024-08-20,"hardware_minus_unrelated","0_10",-0.00414044394921936,3
2024-08-20,"hardware_minus_unrelated","pre_21_1",-0.00414044394921936,5
2024-08-21,"hardware_minus_unrelated","0_20",-0.0168253068434719,6
2024-08-21,"hardware_minus_unrelated","pre_11_1",-0.0168253068434719,1
2024-08-21,"competitor_minus_unrelated","pre_11_1",-0.0275255468402038,1
2024-08-21,"competitor_minus_unrelated","0_10",-0.0302443956634965,2
2024-08-21,"deployer_minus_unrelated","0_20",-0.0238085226879326,6
2024-08-21,"hardware_minus_unrelated","0_10",-0.0168253068434719,2
2024-08-21,"competitor_minus_unrelated","pre_21_1",-0.0316534201781788,5
2024-08-21,"deployer_minus_unrelated","0_10",-0.0238085226879326,2
2024-08-21,"deployer_minus_unrelated","pre_21_1",-0.0238085226879326,5
2024-08-21,"hardware_minus_unrelated","pre_21_1",-0.0168253068434719,5
2024-08-21,"competitor_minus_unrelated","0_20",-0.0315012495974583,6
2024-08-21,"deployer_minus_unrelated","pre_11_1",-0.0238085226879326,1
2024-08-22,"competitor_minus_unrelated","pre_11_1",0.0195748011571719,1
2024-08-22,"hardware_minus_unrelated","0_10",-0.000273513451415748,2
2024-08-22,"competitor_minus_unrelated","0_20",0.0196057346491234,5
2024-08-22,"hardware_minus_unrelated","0_20",-0.000273513451415748,5
2024-08-22,"hardware_minus_unrelated","pre_11_1",-0.000273513451415748,1
2024-08-22,"deployer_minus_unrelated","pre_21_1",0.0303524870451207,5
2024-08-22,"hardware_minus_unrelated","pre_21_1",-0.000273513451415748,5
2024-08-22,"competitor_minus_unrelated","0_10",0.0197705787443525,2
2024-08-22,"deployer_minus_unrelated","0_20",0.0303524870451207,5
2024-08-22,"deployer_minus_unrelated","pre_11_1",0.0303524870451207,1
2024-08-22,"deployer_minus_unrelated","0_10",0.0303524870451207,2
2024-08-22,"competitor_minus_unrelated","pre_21_1",0.0197939417474817,5
2024-08-23,"hardware_minus_unrelated","0_20",-0.0396191487437904,5
2024-08-23,"hardware_minus_unrelated","pre_11_1",-0.0396191487437904,1
2024-08-23,"competitor_minus_unrelated","pre_11_1",-0.0603711383911336,1
2024-08-23,"hardware_minus_unrelated","0_10",-0.0396191487437904,2
2024-08-23,"competitor_minus_unrelated","0_20",-0.0576816975242429,5
2024-08-23,"deployer_minus_unrelated","0_20",-0.0753498238444759,5
2024-08-23,"deployer_minus_unrelated","pre_21_1",-0.0753498238444759,6
2024-08-23,"competitor_minus_unrelated","pre_21_1",-0.057896556676541,6
2024-08-23,"deployer_minus_unrelated","pre_11_1",-0.0753498238444759,1
2024-08-23,"deployer_minus_unrelated","0_10",-0.0753498238444759,2
2024-08-23,"competitor_minus_unrelated","0_10",-0.0584276842331202,2
2024-08-23,"hardware_minus_unrelated","pre_21_1",-0.0396191487437904,6
2024-08-26,"competitor_minus_unrelated","pre_11_1",0.00700909023647944,1
2024-08-26,"hardware_minus_unrelated","0_20",-0.0139232623493899,5
2024-08-26,"deployer_minus_unrelated","0_10",-0.0836479693837039,2
2024-08-26,"competitor_minus_unrelated","0_10",0.0078647437129693,2
2024-08-26,"deployer_minus_unrelated","0_20",-0.0836479693837039,5
2024-08-26,"hardware_minus_unrelated","pre_11_1",-0.0139232623493899,1
2024-08-26,"hardware_minus_unrelated","pre_21_1",-0.0139232623493899,7
2024-08-26,"competitor_minus_unrelated","0_20",0.00884637798238546,5
2024-08-26,"hardware_minus_unrelated","0_10",-0.0139232623493899,2
2024-08-26,"deployer_minus_unrelated","pre_11_1",-0.0836479693837039,1
2024-08-26,"deployer_minus_unrelated","pre_21_1",-0.0836479693837039,7
2024-08-26,"competitor_minus_unrelated","pre_21_1",0.00871400243145561,7
2024-08-27,"hardware_minus_unrelated","pre_11_1",0.0275653877774029,1
2024-08-27,"competitor_minus_unrelated","0_10",0.0208168025599207,3
2024-08-27,"competitor_minus_unrelated","pre_11_1",0.0189556611709225,1
2024-08-27,"hardware_minus_unrelated","0_10",0.0275653877774029,3
2024-08-27,"hardware_minus_unrelated","pre_21_1",0.0275653877774029,6
2024-08-27,"deployer_minus_unrelated","pre_21_1",0.00661435514450852,6
2024-08-27,"hardware_minus_unrelated","0_20",0.0275653877774029,6
2024-08-27,"deployer_minus_unrelated","0_20",0.00661435514450852,6
2024-08-27,"competitor_minus_unrelated","pre_21_1",0.0176421089009849,6
2024-08-27,"deployer_minus_unrelated","pre_11_1",0.00661435514450852,1
2024-08-27,"deployer_minus_unrelated","0_10",0.00661435514450852,3
2024-08-27,"competitor_minus_unrelated","0_20",0.0198862318654216,6
2024-08-28,"hardware_minus_unrelated","pre_11_1",0.0102701841766048,1
2024-08-28,"deployer_minus_unrelated","pre_21_1",-2.77018796018824e-05,6
2024-08-28,"hardware_minus_unrelated","0_10",0.0102701841766048,1
2024-08-28,"competitor_minus_unrelated","pre_11_1",0.0200253919120638,1
2024-08-28,"hardware_minus_unrelated","0_20",0.0102701841766048,5
2024-08-28,"hardware_minus_unrelated","pre_21_1",0.0102701841766048,6
2024-08-28,"competitor_minus_unrelated","0_10",0.0211046482610916,1
2024-08-28,"deployer_minus_unrelated","pre_11_1",-2.77018796018824e-05,1
2024-08-28,"deployer_minus_unrelated","0_20",-2.77018796018824e-05,5
2024-08-28,"competitor_minus_unrelated","0_20",0.0206080360103475,5
2024-08-28,"deployer_minus_unrelated","0_10",-2.77018796018824e-05,1
2024-08-28,"competitor_minus_unrelated","pre_21_1",0.0205490921388115,6
2024-08-29,"deployer_minus_unrelated","pre_21_1",0.0141425610450739,6
2024-08-29,"deployer_minus_unrelated","0_20",0.0141425610450739,5
2024-08-29,"hardware_minus_unrelated","pre_11_1",-0.0023571046509909,1
2024-08-29,"competitor_minus_unrelated","0_20",0.00119410237370928,5
2024-08-29,"deployer_minus_unrelated","0_10",0.0141425610450739,1
2024-08-29,"competitor_minus_unrelated","0_10",0.00497770209945042,1
2024-08-29,"competitor_minus_unrelated","pre_21_1",-0.0012264767694316,6
2024-08-29,"hardware_minus_unrelated","0_10",-0.0023571046509909,1
2024-08-29,"competitor_minus_unrelated","pre_11_1",-0.000541116408595646,1
2024-08-29,"hardware_minus_unrelated","0_20",-0.0023571046509909,5
2024-08-29,"deployer_minus_unrelated","pre_11_1",0.0141425610450739,1
2024-08-29,"hardware_minus_unrelated","pre_21_1",-0.0023571046509909,6
2024-08-30,"competitor_minus_unrelated","0_20",0.00591536570895038,4
2024-08-30,"hardware_minus_unrelated","0_10",0.0290363703505514,1
2024-08-30,"competitor_minus_unrelated","pre_11_1",0.00667347559782392,2
2024-08-30,"deployer_minus_unrelated","pre_21_1",0.0141908347420423,6
2024-08-30,"deployer_minus_unrelated","0_10",0.0141908347420423,1
2024-08-30,"hardware_minus_unrelated","pre_21_1",0.0290363703505514,6
2024-08-30,"competitor_minus_unrelated","0_10",0.00515725582007684,1
2024-08-30,"hardware_minus_unrelated","0_20",0.0290363703505514,4
2024-08-30,"competitor_minus_unrelated","pre_21_1",0.00636620309276726,6
2024-08-30,"hardware_minus_unrelated","pre_11_1",0.0290363703505514,2
2024-08-30,"deployer_minus_unrelated","0_20",0.0141908347420423,4
2024-08-30,"deployer_minus_unrelated","pre_11_1",0.0141908347420423,2
2024-09-03,"competitor_minus_unrelated","0_20",0.0181577651396347,4
2024-09-03,"deployer_minus_unrelated","pre_21_1",0.0271257998193719,7
2024-09-03,"hardware_minus_unrelated","pre_21_1",-0.0316478379252988,7
2024-09-03,"hardware_minus_unrelated","0_20",-0.0316478379252988,4
2024-09-03,"competitor_minus_unrelated","0_10",0.0225223913163453,1
2024-09-03,"deployer_minus_unrelated","0_10",0.0271257998193719,1
2024-09-03,"competitor_minus_unrelated","pre_21_1",0.0141650954536102,7
2024-09-03,"hardware_minus_unrelated","pre_11_1",-0.0316478379252988,3
2024-09-03,"competitor_minus_unrelated","pre_11_1",0.013177230982815,3
2024-09-03,"deployer_minus_unrelated","0_20",0.0271257998193719,4
2024-09-03,"deployer_minus_unrelated","pre_11_1",0.0271257998193719,3
2024-09-03,"hardware_minus_unrelated","0_10",-0.0316478379252988,1
2024-09-04,"deployer_minus_unrelated","pre_21_1",-0.0348456769583755,7
2024-09-04,"deployer_minus_unrelated","0_10",-0.0348456769583755,1
2024-09-04,"competitor_minus_unrelated","0_20",-0.0174106894117081,4
2024-09-04,"competitor_minus_unrelated","pre_11_1",-0.0192143620928042,4
2024-09-04,"deployer_minus_unrelated","pre_11_1",-0.0348456769583755,4
2024-09-04,"competitor_minus_unrelated","0_10",-0.0160712851820043,1
2024-09-04,"hardware_minus_unrelated","pre_11_1",-0.0131858102965925,4
2024-09-04,"hardware_minus_unrelated","pre_21_1",-0.0131858102965925,7
2024-09-04,"hardware_minus_unrelated","0_10",-0.0131858102965925,1
2024-09-04,"hardware_minus_unrelated","0_20",-0.0131858102965925,4
2024-09-04,"competitor_minus_unrelated","pre_21_1",-0.018835727976622,7
2024-09-04,"deployer_minus_unrelated","0_20",-0.0348456769583755,4
2024-09-05,"deployer_minus_unrelated","pre_11_1",0.0288975435000201,4
2024-09-05,"competitor_minus_unrelated","pre_21_1",0.027529160561995,7
2024-09-05,"hardware_minus_unrelated","0_10",0.0177238918085036,1
2024-09-05,"deployer_minus_unrelated","pre_21_1",0.0288975435000201,7
2024-09-05,"competitor_minus_unrelated","pre_11_1",0.0283941810018602,4
2024-09-05,"hardware_minus_unrelated","pre_11_1",0.0177238918085036,4
2024-09-05,"hardware_minus_unrelated","pre_21_1",0.0177238918085036,7
2024-09-05,"competitor_minus_unrelated","0_10",0.0246158807392403,1
2024-09-05,"hardware_minus_unrelated","0_20",0.0177238918085036,3
2024-09-05,"deployer_minus_unrelated","0_10",0.0288975435000201,1
2024-09-05,"competitor_minus_unrelated","0_20",0.0261180810167258,3
2024-09-05,"deployer_minus_unrelated","0_20",0.0288975435000201,3
2024-09-06,"competitor_minus_unrelated","pre_11_1",0.00198906381847274,4
2024-09-06,"hardware_minus_unrelated","pre_11_1",-0.0106706806179517,4
2024-09-06,"hardware_minus_unrelated","0_20",-0.0106706806179517,3
2024-09-06,"competitor_minus_unrelated","pre_21_1",0.00390896296515249,7
2024-09-06,"deployer_minus_unrelated","pre_11_1",0.0210108484524798,4
2024-09-06,"competitor_minus_unrelated","0_20",0.00880550005325645,3
2024-09-06,"deployer_minus_unrelated","pre_21_1",0.0210108484524798,7
2024-09-06,"competitor_minus_unrelated","0_10",0.0126165872807413,1
2024-09-06,"deployer_minus_unrelated","0_20",0.0210108484524798,3
2024-09-06,"deployer_minus_unrelated","0_10",0.0210108484524798,1
2024-09-06,"hardware_minus_unrelated","pre_21_1",-0.0106706806179517,7
2024-09-06,"hardware_minus_unrelated","0_10",-0.0106706806179517,1
2024-09-09,"competitor_minus_unrelated","pre_21_1",-0.0514551036362133,7
2024-09-09,"hardware_minus_unrelated","0_20",-0.02858885129074,3
2024-09-09,"deployer_minus_unrelated","pre_21_1",-0.051190997679578,7
2024-09-09,"hardware_minus_unrelated","pre_11_1",-0.02858885129074,5
2024-09-09,"competitor_minus_unrelated","pre_11_1",-0.0507034421419756,5
2024-09-09,"competitor_minus_unrelated","0_20",-0.0466438414767869,3
2024-09-09,"hardware_minus_unrelated","pre_21_1",-0.02858885129074,7
2024-09-09,"deployer_minus_unrelated","pre_11_1",-0.051190997679578,5
2024-09-09,"competitor_minus_unrelated","0_10",-0.0434249135996619,1
2024-09-09,"deployer_minus_unrelated","0_20",-0.051190997679578,3
2024-09-09,"hardware_minus_unrelated","0_10",-0.02858885129074,1
2024-09-09,"deployer_minus_unrelated","0_10",-0.051190997679578,1
2024-09-10,"hardware_minus_unrelated","0_20",-0.00986693530768202,3
2024-09-10,"deployer_minus_unrelated","pre_21_1",-0.0141840460927,7
2024-09-10,"hardware_minus_unrelated","pre_11_1",-0.00986693530768202,6
2024-09-10,"competitor_minus_unrelated","pre_11_1",-0.0136659311551106,6
2024-09-10,"competitor_minus_unrelated","0_20",-0.0127856531106687,3
2024-09-10,"hardware_minus_unrelated","pre_21_1",-0.00986693530768202,7
2024-09-10,"competitor_minus_unrelated","pre_21_1",-0.0136646480154401,7
2024-09-10,"deployer_minus_unrelated","pre_11_1",-0.0141840460927,6
2024-09-10,"competitor_minus_unrelated","0_10",-0.0120121256838965,1
2024-09-10,"deployer_minus_unrelated","0_20",-0.0141840460927,3
2024-09-10,"deployer_minus_unrelated","0_10",-0.0141840460927,1
2024-09-10,"hardware_minus_unrelated","0_10",-0.00986693530768202,1
2024-09-11,"hardware_minus_unrelated","0_20",0.047192243662173,3
2024-09-11,"competitor_minus_unrelated","pre_11_1",0.0189369834219925,6
2024-09-11,"competitor_minus_unrelated","0_10",0.0179285220419418,1
2024-09-11,"competitor_minus_unrelated","pre_21_1",0.0188526929828574,7
2024-09-11,"hardware_minus_unrelated","pre_11_1",0.047192243662173,6
2024-09-11,"deployer_minus_unrelated","0_10",0.0266104813388381,1
2024-09-11,"hardware_minus_unrelated","0_10",0.047192243662173,1
2024-09-11,"deployer_minus_unrelated","pre_21_1",0.0266104813388381,7
2024-09-11,"competitor_minus_unrelated","0_20",0.018363615283838,3
2024-09-11,"deployer_minus_unrelated","pre_11_1",0.0266104813388381,6
2024-09-11,"hardware_minus_unrelated","pre_21_1",0.047192243662173,7
2024-09-11,"deployer_minus_unrelated","0_20",0.0266104813388381,3
2024-09-12,"hardware_minus_unrelated","0_20",-0.0164374024957851,2
2024-09-12,"deployer_minus_unrelated","pre_21_1",0.000672998595397158,6
2024-09-12,"hardware_minus_unrelated","pre_11_1",-0.0164374024957851,5
2024-09-12,"deployer_minus_unrelated","0_10",0.000672998595397158,1
2024-09-12,"deployer_minus_unrelated","0_20",0.000672998595397158,2
2024-09-12,"competitor_minus_unrelated","pre_11_1",0.0079315019822863,5
2024-09-12,"deployer_minus_unrelated","pre_11_1",0.000672998595397158,5
2024-09-12,"competitor_minus_unrelated","0_20",0.00657615086338934,2
2024-09-12,"hardware_minus_unrelated","0_10",-0.0164374024957851,1
2024-09-12,"competitor_minus_unrelated","0_10",0.00840440118091912,1
2024-09-12,"hardware_minus_unrelated","pre_21_1",-0.0164374024957851,6
2024-09-12,"competitor_minus_unrelated","pre_21_1",0.00801031851539177,6
2024-09-13,"competitor_minus_unrelated","pre_11_1",-0.0382238957598156,5
2024-09-13,"hardware_minus_unrelated","pre_11_1",-0.0196043829207161,5
2024-09-13,"competitor_minus_unrelated","0_10",-0.048603295443292,1
2024-09-13,"deployer_minus_unrelated","pre_21_1",-0.0468401922216392,6
2024-09-13,"deployer_minus_unrelated","pre_11_1",-0.0468401922216392,5
2024-09-13,"deployer_minus_unrelated","0_10",-0.0468401922216392,1
2024-09-13,"hardware_minus_unrelated","0_20",-0.0196043829207161,2
2024-09-13,"deployer_minus_unrelated","0_20",-0.0468401922216392,2
2024-09-13,"competitor_minus_unrelated","0_20",-0.0549186984636499,2
2024-09-13,"competitor_minus_unrelated","pre_21_1",-0.0399537957070617,6
2024-09-13,"hardware_minus_unrelated","pre_21_1",-0.0196043829207161,6
2024-09-13,"hardware_minus_unrelated","0_10",-0.0196043829207161,1
2024-09-16,"competitor_minus_unrelated","0_10",0.0153416357878121,1
2024-09-16,"hardware_minus_unrelated","0_20",0.00770139616678119,2
2024-09-16,"deployer_minus_unrelated","pre_21_1",0.0175302097473871,6
2024-09-16,"deployer_minus_unrelated","0_10",0.0175302097473871,1
2024-09-16,"competitor_minus_unrelated","pre_21_1",0.0170379600162744,6
2024-09-16,"deployer_minus_unrelated","0_20",0.0175302097473871,2
2024-09-16,"hardware_minus_unrelated","pre_21_1",0.00770139616678119,6
2024-09-16,"hardware_minus_unrelated","0_10",0.00770139616678119,1
2024-09-16,"hardware_minus_unrelated","pre_11_1",0.00770139616678119,5
2024-09-16,"deployer_minus_unrelated","pre_11_1",0.0175302097473871,5
2024-09-16,"competitor_minus_unrelated","0_20",0.0131484421599432,2
2024-09-16,"competitor_minus_unrelated","pre_11_1",0.0173772248619668,5
2024-09-17,"deployer_minus_unrelated","0_20",0.0186147704700344,3
2024-09-17,"competitor_minus_unrelated","0_10",0.0213433458363549,2
2024-09-17,"competitor_minus_unrelated","pre_21_1",0.0212377991046573,5
2024-09-17,"hardware_minus_unrelated","pre_11_1",0.0208167103347639,5
2024-09-17,"hardware_minus_unrelated","0_20",0.0208167103347639,3
2024-09-17,"deployer_minus_unrelated","pre_21_1",0.0186147704700344,5
2024-09-17,"competitor_minus_unrelated","pre_11_1",0.0212377991046573,5
2024-09-17,"hardware_minus_unrelated","0_10",0.0208167103347639,2
2024-09-17,"competitor_minus_unrelated","0_20",0.020042359482208,3
2024-09-17,"deployer_minus_unrelated","0_10",0.0186147704700344,2
2024-09-17,"deployer_minus_unrelated","pre_11_1",0.0186147704700344,5
2024-09-17,"hardware_minus_unrelated","pre_21_1",0.0208167103347639,5
2024-09-18,"competitor_minus_unrelated","0_10",-0.00106132735974613,3
2024-09-18,"deployer_minus_unrelated","0_20",0.00855036318217164,4
2024-09-18,"deployer_minus_unrelated","0_10",0.00855036318217164,3
2024-09-18,"competitor_minus_unrelated","pre_21_1",-0.00181704855848281,4
2024-09-18,"hardware_minus_unrelated","0_20",-0.0155320385596182,4
2024-09-18,"hardware_minus_unrelated","pre_11_1",-0.0155320385596182,4
2024-09-18,"competitor_minus_unrelated","0_20",-0.0018450778520525,4
2024-09-18,"competitor_minus_unrelated","pre_11_1",-0.00181704855848281,4
2024-09-18,"hardware_minus_unrelated","0_10",-0.0155320385596182,3
2024-09-18,"deployer_minus_unrelated","pre_21_1",0.00855036318217164,4
2024-09-18,"deployer_minus_unrelated","pre_11_1",0.00855036318217164,4
2024-09-18,"hardware_minus_unrelated","pre_21_1",-0.0155320385596182,4
2024-09-19,"deployer_minus_unrelated","0_10",-0.0247289017356541,4
2024-09-19,"competitor_minus_unrelated","0_10",-0.0297872333310767,4
2024-09-19,"competitor_minus_unrelated","pre_21_1",-0.0282344881869471,3
2024-09-19,"deployer_minus_unrelated","pre_11_1",-0.0247289017356541,3
2024-09-19,"hardware_minus_unrelated","0_20",-0.0161546008375416,5
2024-09-19,"competitor_minus_unrelated","pre_11_1",-0.0282344881869471,3
2024-09-19,"competitor_minus_unrelated","0_20",-0.028319443569845,5
2024-09-19,"hardware_minus_unrelated","pre_21_1",-0.0161546008375416,3
2024-09-19,"hardware_minus_unrelated","pre_11_1",-0.0161546008375416,3
2024-09-19,"deployer_minus_unrelated","0_20",-0.0247289017356541,5
2024-09-19,"deployer_minus_unrelated","pre_21_1",-0.0247289017356541,3
2024-09-19,"hardware_minus_unrelated","0_10",-0.0161546008375416,4
2024-09-20,"deployer_minus_unrelated","0_20",0.00675663334043528,5
2024-09-20,"hardware_minus_unrelated","0_10",-0.00880071312394171,4
2024-09-20,"competitor_minus_unrelated","pre_21_1",0.00161612610550602,3
2024-09-20,"competitor_minus_unrelated","0_10",0.00384537248335216,4
2024-09-20,"deployer_minus_unrelated","pre_11_1",0.00675663334043528,3
2024-09-20,"deployer_minus_unrelated","0_10",0.00675663334043528,4
2024-09-20,"competitor_minus_unrelated","pre_11_1",0.00161612610550602,3
2024-09-20,"competitor_minus_unrelated","0_20",0.00276797115097461,5
2024-09-20,"hardware_minus_unrelated","pre_21_1",-0.00880071312394171,3
2024-09-20,"hardware_minus_unrelated","0_20",-0.00880071312394171,5
2024-09-20,"hardware_minus_unrelated","pre_11_1",-0.00880071312394171,3
2024-09-20,"deployer_minus_unrelated","pre_21_1",0.00675663334043528,3
2024-09-23,"competitor_minus_unrelated","pre_21_1",-0.0211284430747996,5
2024-09-23,"competitor_minus_unrelated","0_20",-0.0211235479663294,5
2024-09-23,"deployer_minus_unrelated","pre_11_1",-0.0126839767087704,3
2024-09-23,"competitor_minus_unrelated","pre_11_1",-0.0208105741203891,3
2024-09-23,"hardware_minus_unrelated","0_10",-0.0121045849228511,4
2024-09-23,"competitor_minus_unrelated","0_10",-0.0222691424441513,4
2024-09-23,"deployer_minus_unrelated","0_20",-0.0126839767087704,5
2024-09-23,"deployer_minus_unrelated","0_10",-0.0126839767087704,4
2024-09-23,"hardware_minus_unrelated","0_20",-0.0121045849228511,5
2024-09-23,"hardware_minus_unrelated","pre_21_1",-0.0121045849228511,5
2024-09-23,"deployer_minus_unrelated","pre_21_1",-0.0126839767087704,5
2024-09-23,"hardware_minus_unrelated","pre_11_1",-0.0121045849228511,3
2024-09-24,"hardware_minus_unrelated","0_10",0.00200397578900724,5
2024-09-24,"competitor_minus_unrelated","pre_21_1",-0.00868376742505595,4
2024-09-24,"hardware_minus_unrelated","0_20",0.00200397578900724,6
2024-09-24,"deployer_minus_unrelated","pre_11_1",0.0361176663229512,2
2024-09-24,"competitor_minus_unrelated","0_20",-0.00954768079453985,6
2024-09-24,"deployer_minus_unrelated","0_10",0.0361176663229512,5
2024-09-24,"hardware_minus_unrelated","pre_21_1",0.00200397578900724,4
2024-09-24,"competitor_minus_unrelated","0_10",-0.00912707835615715,5
2024-09-24,"competitor_minus_unrelated","pre_11_1",-0.00858588679302024,2
2024-09-24,"deployer_minus_unrelated","pre_21_1",0.0361176663229512,4
2024-09-24,"hardware_minus_unrelated","pre_11_1",0.00200397578900724,2
2024-09-24,"deployer_minus_unrelated","0_20",0.0361176663229512,6
2024-09-25,"hardware_minus_unrelated","0_10",0.0171534493701429,6
2024-09-25,"competitor_minus_unrelated","pre_11_1",0.0080190381037891,1
2024-09-25,"competitor_minus_unrelated","pre_21_1",0.0086996710075704,3
2024-09-25,"deployer_minus_unrelated","0_10",0.0138203890371581,6
2024-09-25,"deployer_minus_unrelated","pre_11_1",0.0138203890371581,1
2024-09-25,"deployer_minus_unrelated","0_20",0.0138203890371581,7
2024-09-25,"competitor_minus_unrelated","0_20",0.00929963000955385,7
2024-09-25,"competitor_minus_unrelated","0_10",0.00927247382917824,6
2024-09-25,"hardware_minus_unrelated","0_20",0.0171534493701429,7
2024-09-25,"deployer_minus_unrelated","pre_21_1",0.0138203890371581,3
2024-09-25,"hardware_minus_unrelated","pre_21_1",0.0171534493701429,3
2024-09-25,"hardware_minus_unrelated","pre_11_1",0.0171534493701429,1
2024-09-26,"deployer_minus_unrelated","0_10",-0.00516300156080222,6
2024-09-26,"deployer_minus_unrelated","pre_11_1",-0.00516300156080222,1
2024-09-26,"competitor_minus_unrelated","pre_21_1",-0.0478097930980909,3
2024-09-26,"deployer_minus_unrelated","0_20",-0.00516300156080222,6
2024-09-26,"competitor_minus_unrelated","pre_11_1",-0.0482493838211249,1
2024-09-26,"hardware_minus_unrelated","pre_21_1",-0.0100806013293905,3
2024-09-26,"hardware_minus_unrelated","0_20",-0.0100806013293905,6
2024-09-26,"competitor_minus_unrelated","0_20",-0.0475994612800824,6
2024-09-26,"deployer_minus_unrelated","pre_21_1",-0.00516300156080222,3
2024-09-26,"hardware_minus_unrelated","0_10",-0.0100806013293905,6
2024-09-26,"competitor_minus_unrelated","0_10",-0.0475994612800824,6
2024-09-26,"hardware_minus_unrelated","pre_11_1",-0.0100806013293905,1
2024-09-27,"competitor_minus_unrelated","pre_11_1",-0.0304708495341584,1
2024-09-27,"deployer_minus_unrelated","pre_11_1",-0.0180648347743892,1
2024-09-27,"hardware_minus_unrelated","0_20",-0.0474237183659066,6
2024-09-27,"deployer_minus_unrelated","0_10",-0.0180648347743892,5
2024-09-27,"deployer_minus_unrelated","0_20",-0.0180648347743892,6
2024-09-27,"competitor_minus_unrelated","pre_21_1",-0.0303802675528044,3
2024-09-27,"hardware_minus_unrelated","pre_21_1",-0.0474237183659066,3
2024-09-27,"hardware_minus_unrelated","pre_11_1",-0.0474237183659066,1
2024-09-27,"hardware_minus_unrelated","0_10",-0.0474237183659066,5
2024-09-27,"competitor_minus_unrelated","0_20",-0.0307327562549756,6
2024-09-27,"deployer_minus_unrelated","pre_21_1",-0.0180648347743892,3
2024-09-27,"competitor_minus_unrelated","0_10",-0.030785137599139,5
2024-09-30,"deployer_minus_unrelated","0_10",0.0266294928845,5
2024-09-30,"hardware_minus_unrelated","pre_11_1",0.0108949507444809,1
2024-09-30,"competitor_minus_unrelated","pre_11_1",0.0300201718238495,1
2024-09-30,"hardware_minus_unrelated","pre_21_1",0.0108949507444809,3
2024-09-30,"competitor_minus_unrelated","0_20",0.0309286378744926,6
2024-09-30,"hardware_minus_unrelated","0_10",0.0108949507444809,5
2024-09-30,"competitor_minus_unrelated","0_10",0.0311103310846212,5
2024-09-30,"deployer_minus_unrelated","0_20",0.0266294928845,6
2024-09-30,"hardware_minus_unrelated","0_20",0.0108949507444809,6
2024-09-30,"deployer_minus_unrelated","pre_21_1",0.0266294928845,3
2024-09-30,"competitor_minus_unrelated","pre_21_1",0.0304415759807881,3
2024-09-30,"deployer_minus_unrelated","pre_11_1",0.0266294928845,1
2024-10-01,"hardware_minus_unrelated","pre_21_1",-0.00334996045606072,4
2024-10-01,"competitor_minus_unrelated","pre_11_1",0.0150122447867125,1
2024-10-01,"hardware_minus_unrelated","0_10",-0.00334996045606072,5
2024-10-01,"hardware_minus_unrelated","pre_11_1",-0.00334996045606072,1
2024-10-01,"deployer_minus_unrelated","0_20",0.0400643494409544,6
2024-10-01,"competitor_minus_unrelated","pre_21_1",0.0159660164417286,4
2024-10-01,"deployer_minus_unrelated","pre_21_1",0.0400643494409544,4
2024-10-01,"hardware_minus_unrelated","0_20",-0.00334996045606072,6
2024-10-01,"deployer_minus_unrelated","0_10",0.0400643494409544,5
2024-10-01,"competitor_minus_unrelated","0_20",0.0155963349377606,6
2024-10-01,"deployer_minus_unrelated","pre_11_1",0.0400643494409544,1
2024-10-01,"competitor_minus_unrelated","0_10",0.0157131529679703,5
2024-10-02,"hardware_minus_unrelated","pre_11_1",0,0
2024-10-02,"competitor_minus_unrelated","pre_11_1",0,0
2024-10-02,"competitor_minus_unrelated","0_20",-0.0128694146567676,7
2024-10-02,"competitor_minus_unrelated","pre_21_1",-0.0127148024598773,3
2024-10-02,"deployer_minus_unrelated","pre_21_1",0.0120764229046157,3
2024-10-02,"competitor_minus_unrelated","0_10",-0.0128077449599339,5
2024-10-02,"hardware_minus_unrelated","0_20",0.00340733513704149,7
2024-10-02,"deployer_minus_unrelated","pre_11_1",0,0
2024-10-02,"deployer_minus_unrelated","0_10",0.0120764229046157,5
2024-10-02,"hardware_minus_unrelated","0_10",0.00340733513704149,5
2024-10-02,"deployer_minus_unrelated","0_20",0.0120764229046157,7
2024-10-02,"hardware_minus_unrelated","pre_21_1",0.00340733513704149,3
2024-10-03,"hardware_minus_unrelated","0_20",0.00844993239177291,7
2024-10-03,"deployer_minus_unrelated","pre_21_1",0.000730579088336292,3
2024-10-03,"hardware_minus_unrelated","pre_11_1",0,0
2024-10-03,"deployer_minus_unrelated","0_20",0.000730579088336292,7
2024-10-03,"competitor_minus_unrelated","pre_11_1",0,0
2024-10-03,"hardware_minus_unrelated","pre_21_1",0.00844993239177291,3
2024-10-03,"competitor_minus_unrelated","0_20",0.00716352531551845,7
2024-10-03,"hardware_minus_unrelated","0_10",0.00844993239177291,4
2024-10-03,"competitor_minus_unrelated","pre_21_1",0.00736996721755011,3
2024-10-03,"deployer_minus_unrelated","pre_11_1",0,0
2024-10-03,"competitor_minus_unrelated","0_10",0.00675577242963931,4
2024-10-03,"deployer_minus_unrelated","0_10",0.000730579088336292,4
2024-10-04,"hardware_minus_unrelated","pre_11_1",0,0
2024-10-04,"competitor_minus_unrelated","0_10",-0.0293115994475429,3
2024-10-04,"deployer_minus_unrelated","pre_11_1",0,0
2024-10-04,"deployer_minus_unrelated","pre_21_1",-0.0246766269937469,4
2024-10-04,"hardware_minus_unrelated","0_10",-0.0259688869212391,3
2024-10-04,"deployer_minus_unrelated","0_20",-0.0246766269937469,7
2024-10-04,"competitor_minus_unrelated","pre_11_1",0,0
2024-10-04,"hardware_minus_unrelated","pre_21_1",-0.0259688869212391,4
2024-10-04,"competitor_minus_unrelated","0_20",-0.0286128119054571,7
2024-10-04,"competitor_minus_unrelated","pre_21_1",-0.0281538888106858,4
2024-10-04,"hardware_minus_unrelated","0_20",-0.0259688869212391,7
2024-10-04,"deployer_minus_unrelated","0_10",-0.0246766269937469,3
2024-10-07,"hardware_minus_unrelated","pre_11_1",-0.0250550039930686,2
2024-10-07,"deployer_minus_unrelated","pre_21_1",-0.0371797408840892,4
2024-10-07,"competitor_minus_unrelated","0_10",-0.0440955588450818,3
2024-10-07,"deployer_minus_unrelated","0_20",-0.0371797408840892,7
2024-10-07,"hardware_minus_unrelated","0_20",-0.0250550039930686,7
2024-10-07,"hardware_minus_unrelated","pre_21_1",-0.0250550039930686,4
2024-10-07,"hardware_minus_unrelated","0_10",-0.0250550039930686,3
2024-10-07,"competitor_minus_unrelated","pre_21_1",-0.0434453577808621,4
2024-10-07,"competitor_minus_unrelated","pre_11_1",-0.0434453577808621,2
2024-10-07,"competitor_minus_unrelated","0_20",-0.043294135163189,7
2024-10-07,"deployer_minus_unrelated","0_10",-0.0371797408840892,3
2024-10-07,"deployer_minus_unrelated","pre_11_1",-0.0371797408840892,2
2024-10-08,"deployer_minus_unrelated","pre_21_1",-0.0307294314158819,4
2024-10-08,"competitor_minus_unrelated","0_10",-0.00813741559528882,3
2024-10-08,"competitor_minus_unrelated","pre_21_1",-0.00901093751281048,4
2024-10-08,"hardware_minus_unrelated","0_20",-0.0117611044539641,7
2024-10-08,"hardware_minus_unrelated","pre_21_1",-0.0117611044539641,4
2024-10-08,"hardware_minus_unrelated","pre_11_1",-0.0117611044539641,2
2024-10-08,"deployer_minus_unrelated","0_10",-0.0307294314158819,3
2024-10-08,"hardware_minus_unrelated","0_10",-0.0117611044539641,3
2024-10-08,"deployer_minus_unrelated","0_20",-0.0307294314158819,7
2024-10-08,"competitor_minus_unrelated","pre_11_1",-0.00901093751281048,2
2024-10-08,"deployer_minus_unrelated","pre_11_1",-0.0307294314158819,2
2024-10-08,"competitor_minus_unrelated","0_20",-0.00878073546367452,7
2024-10-09,"hardware_minus_unrelated","0_20",0.0170679286416316,7
2024-10-09,"hardware_minus_unrelated","pre_11_1",0.0170679286416316,2
2024-10-09,"competitor_minus_unrelated","pre_21_1",0.003224313196648,4
2024-10-09,"deployer_minus_unrelated","0_10",0.00203090613999644,2
2024-10-09,"deployer_minus_unrelated","pre_11_1",0.00203090613999644,2
2024-10-09,"competitor_minus_unrelated","0_10",0.00342739460197774,2
2024-10-09,"deployer_minus_unrelated","0_20",0.00203090613999644,7
2024-10-09,"hardware_minus_unrelated","pre_21_1",0.0170679286416316,4
2024-10-09,"competitor_minus_unrelated","pre_11_1",0.003224313196648,2
2024-10-09,"hardware_minus_unrelated","0_10",0.0170679286416316,2
2024-10-09,"deployer_minus_unrelated","pre_21_1",0.00203090613999644,4
2024-10-09,"competitor_minus_unrelated","0_20",0.0042281923879522,7
2024-10-10,"deployer_minus_unrelated","0_20",0.0245100653925593,7
2024-10-10,"hardware_minus_unrelated","pre_11_1",0.0149829189351532,2
2024-10-10,"competitor_minus_unrelated","0_10",0.0213326279259154,1
2024-10-10,"deployer_minus_unrelated","pre_21_1",0.0245100653925593,4
2024-10-10,"competitor_minus_unrelated","pre_21_1",0.0194774077552734,4
2024-10-10,"hardware_minus_unrelated","0_20",0.0149829189351532,7
2024-10-10,"hardware_minus_unrelated","0_10",0.0149829189351532,1
2024-10-10,"deployer_minus_unrelated","0_10",0.0245100653925593,1
2024-10-10,"competitor_minus_unrelated","0_20",0.0194792470352959,7
2024-10-10,"hardware_minus_unrelated","pre_21_1",0.0149829189351532,4
2024-10-10,"deployer_minus_unrelated","pre_11_1",0.0245100653925593,2
2024-10-10,"competitor_minus_unrelated","pre_11_1",0.0194774077552734,2
2024-10-11,"deployer_minus_unrelated","0_20",-0.0742470571673777,6
2024-10-11,"deployer_minus_unrelated","pre_21_1",-0.0742470571673777,4
2024-10-11,"competitor_minus_unrelated","0_10",-0.0902656943238273,1
2024-10-11,"hardware_minus_unrelated","0_10",-0.0816476720753464,1
2024-10-11,"deployer_minus_unrelated","pre_11_1",-0.0742470571673777,2
2024-10-11,"deployer_minus_unrelated","0_10",-0.0742470571673777,1
2024-10-11,"hardware_minus_unrelated","pre_21_1",-0.0816476720753464,4
2024-10-11,"competitor_minus_unrelated","0_20",-0.0888582208811893,6
2024-10-11,"hardware_minus_unrelated","pre_11_1",-0.0816476720753464,2
2024-10-11,"competitor_minus_unrelated","pre_21_1",-0.0885753213048172,4
2024-10-11,"competitor_minus_unrelated","pre_11_1",-0.0885753213048172,2
2024-10-11,"hardware_minus_unrelated","0_20",-0.0816476720753464,6
2024-10-14,"hardware_minus_unrelated","0_10",0.047200612951802,1
2024-10-14,"competitor_minus_unrelated","0_20",0.0343250858749211,6
2024-10-14,"competitor_minus_unrelated","pre_11_1",0.0343899843787397,2
2024-10-14,"hardware_minus_unrelated","pre_11_1",0.047200612951802,2
2024-10-14,"deployer_minus_unrelated","pre_11_1",0.0103010273161752,2
2024-10-14,"hardware_minus_unrelated","pre_21_1",0.047200612951802,5
2024-10-14,"deployer_minus_unrelated","0_20",0.0103010273161752,6
2024-10-14,"competitor_minus_unrelated","0_10",0.0360217411137015,1
2024-10-14,"hardware_minus_unrelated","0_20",0.047200612951802,6
2024-10-14,"competitor_minus_unrelated","pre_21_1",0.0340636330317473,5
2024-10-14,"deployer_minus_unrelated","0_10",0.0103010273161752,1
2024-10-14,"deployer_minus_unrelated","pre_21_1",0.0103010273161752,5
2024-10-15,"competitor_minus_unrelated","0_20",0.0179142719862451,6
2024-10-15,"deployer_minus_unrelated","pre_11_1",-0.00191660209902465,3
2024-10-15,"competitor_minus_unrelated","pre_11_1",0.017440388571938,3
2024-10-15,"competitor_minus_unrelated","0_10",0.0171595840228043,1
2024-10-15,"deployer_minus_unrelated","0_20",-0.00191660209902465,6
2024-10-15,"hardware_minus_unrelated","pre_11_1",-0.0375366618314918,3
2024-10-15,"competitor_minus_unrelated","pre_21_1",0.017665032211245,5
2024-10-15,"hardware_minus_unrelated","pre_21_1",-0.0375366618314918,5
2024-10-15,"hardware_minus_unrelated","0_10",-0.0375366618314918,1
2024-10-15,"hardware_minus_unrelated","0_20",-0.0375366618314918,6
2024-10-15,"deployer_minus_unrelated","pre_21_1",-0.00191660209902465,5
2024-10-15,"deployer_minus_unrelated","0_10",-0.00191660209902465,1
2024-10-16,"competitor_minus_unrelated","pre_11_1",-0.0108953563941032,3
2024-10-16,"hardware_minus_unrelated","pre_21_1",-0.00516932056648204,5
2024-10-16,"competitor_minus_unrelated","0_10",-0.0111173714432906,1
2024-10-16,"deployer_minus_unrelated","0_20",-0.00648099587387879,5
2024-10-16,"deployer_minus_unrelated","pre_11_1",-0.00648099587387879,3
2024-10-16,"hardware_minus_unrelated","0_20",-0.00516932056648204,5
2024-10-16,"hardware_minus_unrelated","pre_11_1",-0.00516932056648204,3
2024-10-16,"hardware_minus_unrelated","0_10",-0.00516932056648204,1
2024-10-16,"deployer_minus_unrelated","pre_21_1",-0.00648099587387879,5
2024-10-16,"competitor_minus_unrelated","pre_21_1",-0.0107177443547533,5
2024-10-16,"competitor_minus_unrelated","0_20",-0.0108587703605363,5
2024-10-16,"deployer_minus_unrelated","0_10",-0.00648099587387879,1
2024-10-17,"competitor_minus_unrelated","pre_11_1",-0.0062987965736123,3
2024-10-17,"competitor_minus_unrelated","0_10",0,0
2024-10-17,"deployer_minus_unrelated","0_20",-0.0067480344398617,4
2024-10-17,"hardware_minus_unrelated","pre_11_1",0.00194707081291022,3
2024-10-17,"hardware_minus_unrelated","0_10",0,0
2024-10-17,"hardware_minus_unrelated","0_20",0.00194707081291022,4
2024-10-17,"deployer_minus_unrelated","pre_21_1",-0.0067480344398617,5
2024-10-17,"hardware_minus_unrelated","pre_21_1",0.00194707081291022,5
2024-10-17,"competitor_minus_unrelated","0_20",-0.00547288594806963,4
2024-10-17,"deployer_minus_unrelated","pre_11_1",-0.0067480344398617,3
2024-10-17,"deployer_minus_unrelated","0_10",0,0
2024-10-17,"competitor_minus_unrelated","pre_21_1",-0.00600354255068153,5
2024-10-18,"deployer_minus_unrelated","0_20",-0.0445419347288383,3
2024-10-18,"hardware_minus_unrelated","pre_21_1",-0.0494332966916304,6
2024-10-18,"competitor_minus_unrelated","0_10",0,0
2024-10-18,"hardware_minus_unrelated","pre_11_1",-0.0494332966916304,4
2024-10-18,"hardware_minus_unrelated","0_10",0,0
2024-10-18,"hardware_minus_unrelated","0_20",-0.0494332966916304,3
2024-10-18,"deployer_minus_unrelated","pre_21_1",-0.0445419347288383,6
2024-10-18,"competitor_minus_unrelated","pre_11_1",-0.049012852955106,4
2024-10-18,"competitor_minus_unrelated","pre_21_1",-0.0487870303191444,6
2024-10-18,"competitor_minus_unrelated","0_20",-0.048860987063138,3
2024-10-18,"deployer_minus_unrelated","0_10",0,0
2024-10-18,"deployer_minus_unrelated","pre_11_1",-0.0445419347288383,4
2024-10-21,"deployer_minus_unrelated","0_20",-0.00191669697700527,3
2024-10-21,"hardware_minus_unrelated","0_20",-0.0108384943525272,3
2024-10-21,"hardware_minus_unrelated","pre_21_1",-0.0108384943525272,6
2024-10-21,"competitor_minus_unrelated","0_10",0,0
2024-10-21,"deployer_minus_unrelated","0_10",0,0
2024-10-21,"hardware_minus_unrelated","0_10",0,0
2024-10-21,"competitor_minus_unrelated","pre_11_1",-0.00360851388039604,4
2024-10-21,"competitor_minus_unrelated","pre_21_1",-0.00368829019985086,6
2024-10-21,"deployer_minus_unrelated","pre_21_1",-0.00191669697700527,6
2024-10-21,"hardware_minus_unrelated","pre_11_1",-0.0108384943525272,4
2024-10-21,"deployer_minus_unrelated","pre_11_1",-0.00191669697700527,4
2024-10-21,"competitor_minus_unrelated","0_20",-0.00326825040129338,3
2024-10-22,"hardware_minus_unrelated","pre_11_1",0.00177764448710238,2
2024-10-22,"competitor_minus_unrelated","0_10",0.00981477252989361,2
2024-10-22,"competitor_minus_unrelated","0_20",0.00927638076681363,5
2024-10-22,"deployer_minus_unrelated","pre_21_1",0.0108441102147285,4
2024-10-22,"competitor_minus_unrelated","pre_11_1",0.00981477252989361,2
2024-10-22,"hardware_minus_unrelated","0_10",0.00177764448710238,2
2024-10-22,"hardware_minus_unrelated","0_20",0.00177764448710238,5
2024-10-22,"deployer_minus_unrelated","0_20",0.0108441102147285,5
2024-10-22,"deployer_minus_unrelated","0_10",0.0108441102147285,2
2024-10-22,"competitor_minus_unrelated","pre_21_1",0.0105566015656352,4
2024-10-22,"hardware_minus_unrelated","pre_21_1",0.00177764448710238,4
2024-10-22,"deployer_minus_unrelated","pre_11_1",0.0108441102147285,2
2024-10-23,"hardware_minus_unrelated","pre_11_1",0.00632574755347938,2
2024-10-23,"hardware_minus_unrelated","0_10",0.00632574755347938,2
2024-10-23,"competitor_minus_unrelated","0_20",0.00470611122710925,4
2024-10-23,"competitor_minus_unrelated","pre_11_1",0.00384160359848892,2
2024-10-23,"hardware_minus_unrelated","0_20",0.00632574755347938,4
2024-10-23,"deployer_minus_unrelated","pre_21_1",-0.00536999554923414,4
2024-10-23,"deployer_minus_unrelated","0_20",-0.00536999554923414,4
2024-10-23,"hardware_minus_unrelated","pre_21_1",0.00632574755347938,4
2024-10-23,"deployer_minus_unrelated","0_10",-0.00536999554923414,2
2024-10-23,"competitor_minus_unrelated","pre_21_1",0.00378913508143213,4
2024-10-23,"deployer_minus_unrelated","pre_11_1",-0.00536999554923414,2
2024-10-23,"competitor_minus_unrelated","0_10",0.00384160359848892,2
2024-10-24,"hardware_minus_unrelated","0_20",-0.0416595141151793,3
2024-10-24,"deployer_minus_unrelated","0_10",-0.0483765163966621,2
2024-10-24,"deployer_minus_unrelated","pre_21_1",-0.0483765163966621,4
2024-10-24,"competitor_minus_unrelated","pre_11_1",-0.049647659253875,2
2024-10-24,"deployer_minus_unrelated","0_20",-0.0483765163966621,3
2024-10-24,"hardware_minus_unrelated","0_10",-0.0416595141151793,2
2024-10-24,"hardware_minus_unrelated","pre_11_1",-0.0416595141151793,2
2024-10-24,"competitor_minus_unrelated","0_20",-0.0498084414644601,3
2024-10-24,"competitor_minus_unrelated","pre_21_1",-0.0494064859379975,4
2024-10-24,"competitor_minus_unrelated","0_10",-0.049647659253875,2
2024-10-24,"hardware_minus_unrelated","pre_21_1",-0.0416595141151793,4
2024-10-24,"deployer_minus_unrelated","pre_11_1",-0.0483765163966621,2
2024-10-25,"deployer_minus_unrelated","pre_21_1",0.00908683970170911,4
2024-10-25,"competitor_minus_unrelated","pre_11_1",0.0130488638501595,2
2024-10-25,"hardware_minus_unrelated","0_20",0.013703020317771,3
2024-10-25,"hardware_minus_unrelated","0_10",0.013703020317771,2
2024-10-25,"hardware_minus_unrelated","pre_21_1",0.013703020317771,4
2024-10-25,"deployer_minus_unrelated","0_10",0.00908683970170911,2
2024-10-25,"competitor_minus_unrelated","0_10",0.0130488638501595,2
2024-10-25,"deployer_minus_unrelated","0_20",0.00908683970170911,3
2024-10-25,"hardware_minus_unrelated","pre_11_1",0.013703020317771,2
2024-10-25,"competitor_minus_unrelated","pre_21_1",0.0134084487156563,4
2024-10-25,"deployer_minus_unrelated","pre_11_1",0.00908683970170911,2
2024-10-25,"competitor_minus_unrelated","0_20",0.012809140606495,3
2024-10-28,"hardware_minus_unrelated","0_20",-0.0447457493091562,3
2024-10-28,"hardware_minus_unrelated","0_10",-0.0447457493091562,2
2024-10-28,"hardware_minus_unrelated","pre_11_1",-0.0447457493091562,3
2024-10-28,"competitor_minus_unrelated","0_10",-0.0425863744509689,2
2024-10-28,"deployer_minus_unrelated","0_20",-0.0368962401748083,3
2024-10-28,"hardware_minus_unrelated","pre_21_1",-0.0447457493091562,4
2024-10-28,"deployer_minus_unrelated","pre_21_1",-0.0368962401748083,4
2024-10-28,"competitor_minus_unrelated","pre_11_1",-0.0422637032315441,3
2024-10-28,"deployer_minus_unrelated","0_10",-0.0368962401748083,2
2024-10-28,"competitor_minus_unrelated","0_20",-0.0429090456703936,3
2024-10-28,"competitor_minus_unrelated","pre_21_1",-0.0421023676218317,4
2024-10-28,"deployer_minus_unrelated","pre_11_1",-0.0368962401748083,3
2024-10-29,"hardware_minus_unrelated","0_20",0.0131271370469037,3
2024-10-29,"deployer_minus_unrelated","0_20",-0.00612209998932456,3
2024-10-29,"hardware_minus_unrelated","pre_21_1",0.0131271370469037,4
2024-10-29,"deployer_minus_unrelated","pre_21_1",-0.00612209998932456,4
2024-10-29,"competitor_minus_unrelated","0_10",0.0053139926830974,2
2024-10-29,"competitor_minus_unrelated","pre_11_1",0.00547535962323592,3
2024-10-29,"competitor_minus_unrelated","0_20",0.00515262574295887,3
2024-10-29,"hardware_minus_unrelated","0_10",0.0131271370469037,2
2024-10-29,"competitor_minus_unrelated","pre_21_1",0.00555604309330518,4
2024-10-29,"deployer_minus_unrelated","pre_11_1",-0.00612209998932456,3
2024-10-29,"deployer_minus_unrelated","0_10",-0.00612209998932456,2
2024-10-29,"hardware_minus_unrelated","pre_11_1",0.0131271370469037,3
2024-10-30,"hardware_minus_unrelated","0_10",-0.0067367779407165,3
2024-10-30,"hardware_minus_unrelated","0_20",-0.0067367779407165,4
2024-10-30,"competitor_minus_unrelated","pre_21_1",0.0307933524356118,4
2024-10-30,"competitor_minus_unrelated","pre_11_1",0.0307933524356118,2
2024-10-30,"hardware_minus_unrelated","pre_21_1",-0.0067367779407165,4
2024-10-30,"deployer_minus_unrelated","0_20",0.00596006360718989,4
2024-10-30,"hardware_minus_unrelated","pre_11_1",-0.0067367779407165,2
2024-10-30,"competitor_minus_unrelated","0_20",0.0301016274490839,4
2024-10-30,"competitor_minus_unrelated","0_10",0.0301784857809203,3
2024-10-30,"deployer_minus_unrelated","pre_21_1",0.00596006360718989,4
2024-10-30,"deployer_minus_unrelated","pre_11_1",0.00596006360718989,2
2024-10-30,"deployer_minus_unrelated","0_10",0.00596006360718989,3
2024-10-31,"hardware_minus_unrelated","pre_21_1",-0.0254245739443996,4
2024-10-31,"competitor_minus_unrelated","0_10",-0.0157713511950876,3
2024-10-31,"competitor_minus_unrelated","pre_11_1",-0.0173290820800363,2
2024-10-31,"deployer_minus_unrelated","pre_21_1",0.0106324811244669,4
2024-10-31,"hardware_minus_unrelated","pre_11_1",-0.0254245739443996,2
2024-10-31,"competitor_minus_unrelated","0_20",-0.0157713511950876,3
2024-10-31,"hardware_minus_unrelated","0_20",-0.0254245739443996,3
2024-10-31,"hardware_minus_unrelated","0_10",-0.0254245739443996,3
2024-10-31,"competitor_minus_unrelated","pre_21_1",-0.0173290820800363,4
2024-10-31,"deployer_minus_unrelated","0_20",0.0106324811244669,3
2024-10-31,"deployer_minus_unrelated","0_10",0.0106324811244669,3
2024-10-31,"deployer_minus_unrelated","pre_11_1",0.0106324811244669,2
2024-11-01,"competitor_minus_unrelated","0_10",0.0277975781471928,3
2024-11-01,"hardware_minus_unrelated","pre_11_1",0.0393814275224764,3
2024-11-01,"competitor_minus_unrelated","pre_11_1",0.0266271119874262,3
2024-11-01,"deployer_minus_unrelated","pre_21_1",0.0205667157932931,5
2024-11-01,"hardware_minus_unrelated","pre_21_1",0.0393814275224764,5
2024-11-01,"hardware_minus_unrelated","0_20",0.0393814275224764,3
2024-11-01,"hardware_minus_unrelated","0_10",0.0393814275224764,3
2024-11-01,"competitor_minus_unrelated","0_20",0.0277975781471928,3
2024-11-01,"deployer_minus_unrelated","0_20",0.0205667157932931,3
2024-11-01,"deployer_minus_unrelated","pre_11_1",0.0205667157932931,3
2024-11-01,"competitor_minus_unrelated","pre_21_1",0.0269782518353562,5
2024-11-01,"deployer_minus_unrelated","0_10",0.0205667157932931,3
2024-11-04,"hardware_minus_unrelated","pre_11_1",0.00853601334330477,2
2024-11-04,"competitor_minus_unrelated","pre_11_1",0.00484640965851991,2
2024-11-04,"deployer_minus_unrelated","pre_21_1",0.0204492731521828,4
2024-11-04,"competitor_minus_unrelated","pre_21_1",0.00508373466299477,4
2024-11-04,"hardware_minus_unrelated","pre_21_1",0.00853601334330477,4
2024-11-04,"hardware_minus_unrelated","0_20",0.00853601334330477,4
2024-11-04,"deployer_minus_unrelated","pre_11_1",0.0204492731521828,2
2024-11-04,"deployer_minus_unrelated","0_20",0.0204492731521828,4
2024-11-04,"hardware_minus_unrelated","0_10",0.00853601334330477,4
2024-11-04,"competitor_minus_unrelated","0_10",0.00532105966746962,4
2024-11-04,"deployer_minus_unrelated","0_10",0.0204492731521828,4
2024-11-04,"competitor_minus_unrelated","0_20",0.00532105966746962,4
2024-11-05,"hardware_minus_unrelated","pre_21_1",0.000894447158004231,5
2024-11-05,"deployer_minus_unrelated","0_20",-0.0049520521597934,4
2024-11-05,"deployer_minus_unrelated","pre_21_1",-0.0049520521597934,5
2024-11-05,"competitor_minus_unrelated","0_10",-0.00277579715429165,4
2024-11-05,"hardware_minus_unrelated","0_20",0.000894447158004231,4
2024-11-05,"competitor_minus_unrelated","pre_21_1",-0.00281128110713954,5
2024-11-05,"competitor_minus_unrelated","0_20",-0.00277579715429165,4
2024-11-05,"deployer_minus_unrelated","0_10",-0.0049520521597934,4
2024-11-05,"hardware_minus_unrelated","0_10",0.000894447158004231,4
2024-11-05,"competitor_minus_unrelated","pre_11_1",-0.0029532169185311,2
2024-11-05,"hardware_minus_unrelated","pre_11_1",0.000894447158004231,2
2024-11-05,"deployer_minus_unrelated","pre_11_1",-0.0049520521597934,2
2024-11-06,"deployer_minus_unrelated","pre_21_1",-0.070230961937674,6
2024-11-06,"hardware_minus_unrelated","pre_21_1",-0.0581108887971004,6
2024-11-06,"hardware_minus_unrelated","0_20",-0.0581108887971004,4
2024-11-06,"competitor_minus_unrelated","0_20",-0.0650782905674456,4
2024-11-06,"competitor_minus_unrelated","0_10",-0.0650782905674456,2
2024-11-06,"hardware_minus_unrelated","0_10",-0.0581108887971004,2
2024-11-06,"hardware_minus_unrelated","pre_11_1",-0.0581108887971004,2
2024-11-06,"deployer_minus_unrelated","pre_11_1",-0.070230961937674,2
2024-11-06,"deployer_minus_unrelated","0_20",-0.070230961937674,4
2024-11-06,"deployer_minus_unrelated","0_10",-0.070230961937674,2
2024-11-06,"competitor_minus_unrelated","pre_11_1",-0.0666069930840086,2
2024-11-06,"competitor_minus_unrelated","pre_21_1",-0.0647475507802737,6
2024-11-07,"deployer_minus_unrelated","pre_21_1",-0.0082898045704588,6
2024-11-07,"competitor_minus_unrelated","0_20",-0.0116074024702223,4
2024-11-07,"hardware_minus_unrelated","0_20",-0.011142352020269,4
2024-11-07,"competitor_minus_unrelated","pre_11_1",-0.0090555034604024,2
2024-11-07,"hardware_minus_unrelated","pre_11_1",-0.011142352020269,2
2024-11-07,"hardware_minus_unrelated","pre_21_1",-0.011142352020269,6
2024-11-07,"competitor_minus_unrelated","pre_21_1",-0.0112347945339027,6
2024-11-07,"competitor_minus_unrelated","0_10",-0.0116074024702223,2
2024-11-07,"hardware_minus_unrelated","0_10",-0.011142352020269,2
2024-11-07,"deployer_minus_unrelated","0_10",-0.0082898045704588,2
2024-11-07,"deployer_minus_unrelated","0_20",-0.0082898045704588,4
2024-11-07,"deployer_minus_unrelated","pre_11_1",-0.0082898045704588,2
2024-11-08,"competitor_minus_unrelated","0_20",-0.0033266890001666,4
2024-11-08,"hardware_minus_unrelated","pre_21_1",-0.00372111062720505,6
2024-11-08,"deployer_minus_unrelated","pre_21_1",-0.015383934257277,6
2024-11-08,"hardware_minus_unrelated","pre_11_1",-0.00372111062720505,2
2024-11-08,"hardware_minus_unrelated","0_20",-0.00372111062720505,4
2024-11-08,"competitor_minus_unrelated","pre_11_1",-0.00293066421897055,2
2024-11-08,"competitor_minus_unrelated","pre_21_1",-0.00334952310947364,6
2024-11-08,"hardware_minus_unrelated","0_10",-0.00372111062720505,2
2024-11-08,"deployer_minus_unrelated","0_10",-0.015383934257277,2
2024-11-08,"competitor_minus_unrelated","0_10",-0.0033266890001666,2
2024-11-08,"deployer_minus_unrelated","0_20",-0.015383934257277,4
2024-11-08,"deployer_minus_unrelated","pre_11_1",-0.015383934257277,2
2024-11-11,"competitor_minus_unrelated","0_20",-0.126699709107581,4
2024-11-11,"hardware_minus_unrelated","0_10",-0.157217080742422,2
2024-11-11,"deployer_minus_unrelated","0_10",-0.125440166255013,2
2024-11-11,"hardware_minus_unrelated","0_20",-0.157217080742422,4
2024-11-11,"competitor_minus_unrelated","0_10",-0.126699709107581,2
2024-11-11,"hardware_minus_unrelated","pre_21_1",-0.157217080742422,7
2024-11-11,"deployer_minus_unrelated","pre_21_1",-0.125440166255013,7
2024-11-11,"competitor_minus_unrelated","pre_21_1",-0.127365427133448,7
2024-11-11,"hardware_minus_unrelated","pre_11_1",-0.157217080742422,2
2024-11-11,"competitor_minus_unrelated","pre_11_1",-0.128521835150617,2
2024-11-11,"deployer_minus_unrelated","0_20",-0.125440166255013,4
2024-11-11,"deployer_minus_unrelated","pre_11_1",-0.125440166255013,2
2024-11-12,"hardware_minus_unrelated","0_20",-0.0397072254627935,5
2024-11-12,"hardware_minus_unrelated","pre_21_1",-0.0397072254627935,7
2024-11-12,"competitor_minus_unrelated","pre_21_1",-0.0152832820719013,7
2024-11-12,"competitor_minus_unrelated","0_20",-0.0157011755049026,5
2024-11-12,"deployer_minus_unrelated","0_10",-0.0306674646412957,3
2024-11-12,"hardware_minus_unrelated","0_10",-0.0397072254627935,3
2024-11-12,"deployer_minus_unrelated","pre_11_1",-0.0306674646412957,1
2024-11-12,"deployer_minus_unrelated","pre_21_1",-0.0306674646412957,7
2024-11-12,"competitor_minus_unrelated","pre_11_1",-0.0182098703320048,1
2024-11-12,"hardware_minus_unrelated","pre_11_1",-0.0397072254627935,1
2024-11-12,"competitor_minus_unrelated","0_10",-0.0161192913094196,3
2024-11-12,"deployer_minus_unrelated","0_20",-0.0306674646412957,5
2024-11-13,"competitor_minus_unrelated","0_20",0.0290947124970714,5
2024-11-13,"hardware_minus_unrelated","0_20",0.01272198945905,5
2024-11-13,"hardware_minus_unrelated","pre_21_1",0.01272198945905,7
2024-11-13,"hardware_minus_unrelated","0_10",0.01272198945905,3
2024-11-13,"deployer_minus_unrelated","pre_11_1",0.032664554736163,2
2024-11-13,"deployer_minus_unrelated","0_10",0.032664554736163,3
2024-11-13,"competitor_minus_unrelated","pre_21_1",0.0297397634706939,7
2024-11-13,"hardware_minus_unrelated","pre_11_1",0.01272198945905,2
2024-11-13,"deployer_minus_unrelated","0_20",0.032664554736163,5
2024-11-13,"competitor_minus_unrelated","pre_11_1",0.0279291662559396,2
2024-11-13,"competitor_minus_unrelated","0_10",0.0289004547902161,3
2024-11-13,"deployer_minus_unrelated","pre_21_1",0.032664554736163,7
2024-11-14,"competitor_minus_unrelated","pre_11_1",0.0021102417668041,2
2024-11-14,"competitor_minus_unrelated","0_20",0.00208759894190067,5
2024-11-14,"deployer_minus_unrelated","pre_11_1",0.00440819880971617,2
2024-11-14,"hardware_minus_unrelated","pre_21_1",0.00796150613706199,8
2024-11-14,"hardware_minus_unrelated","0_20",0.00796150613706199,5
2024-11-14,"hardware_minus_unrelated","pre_11_1",0.00796150613706199,2
2024-11-14,"deployer_minus_unrelated","0_20",0.00440819880971617,5
2024-11-14,"competitor_minus_unrelated","pre_21_1",0.00348161942725653,8
2024-11-14,"hardware_minus_unrelated","0_10",0.00796150613706199,2
2024-11-14,"competitor_minus_unrelated","0_10",0.0021102417668041,2
2024-11-14,"deployer_minus_unrelated","0_10",0.00440819880971617,2
2024-11-14,"deployer_minus_unrelated","pre_21_1",0.00440819880971617,8
2024-11-15,"competitor_minus_unrelated","pre_11_1",-0.030430609177415,3
2024-11-15,"hardware_minus_unrelated","pre_21_1",-0.0395741051735209,8
2024-11-15,"hardware_minus_unrelated","0_20",-0.0395741051735209,5
2024-11-15,"hardware_minus_unrelated","0_10",-0.0395741051735209,2
2024-11-15,"deployer_minus_unrelated","pre_11_1",-0.013292010751978,3
2024-11-15,"competitor_minus_unrelated","pre_21_1",-0.0317296457223773,8
2024-11-15,"deployer_minus_unrelated","0_10",-0.013292010751978,2
2024-11-15,"hardware_minus_unrelated","pre_11_1",-0.0395741051735209,3
2024-11-15,"competitor_minus_unrelated","0_20",-0.030721726380863,5
2024-11-15,"competitor_minus_unrelated","0_10",-0.0289750231601751,2
2024-11-15,"deployer_minus_unrelated","0_20",-0.013292010751978,5
2024-11-15,"deployer_minus_unrelated","pre_21_1",-0.013292010751978,8
2024-11-18,"deployer_minus_unrelated","pre_21_1",-0.0451828953520483,7
2024-11-18,"competitor_minus_unrelated","0_10",-0.0560564668075879,3
2024-11-18,"competitor_minus_unrelated","pre_21_1",-0.0584837352154082,7
2024-11-18,"competitor_minus_unrelated","pre_11_1",-0.0575097586537723,2
2024-11-18,"hardware_minus_unrelated","pre_11_1",-0.050884454106106,2
2024-11-18,"hardware_minus_unrelated","0_10",-0.050884454106106,3
2024-11-18,"hardware_minus_unrelated","0_20",-0.050884454106106,6
2024-11-18,"deployer_minus_unrelated","0_10",-0.0451828953520483,3
2024-11-18,"deployer_minus_unrelated","0_20",-0.0451828953520483,6
2024-11-18,"deployer_minus_unrelated","pre_11_1",-0.0451828953520483,2
2024-11-18,"hardware_minus_unrelated","pre_21_1",-0.050884454106106,7
2024-11-18,"competitor_minus_unrelated","0_20",-0.0570253280383775,6
2024-11-19,"deployer_minus_unrelated","0_10",-0.0500756182453548,2
2024-11-19,"competitor_minus_unrelated","0_20",-0.048727985306401,6
2024-11-19,"hardware_minus_unrelated","0_20",-0.0567780567594612,6
2024-11-19,"hardware_minus_unrelated","pre_11_1",-0.0567780567594612,3
2024-11-19,"competitor_minus_unrelated","pre_11_1",-0.0492713194109567,3
2024-11-19,"hardware_minus_unrelated","pre_21_1",-0.0567780567594612,8
2024-11-19,"competitor_minus_unrelated","0_10",-0.0481846512018453,2
2024-11-19,"competitor_minus_unrelated","pre_21_1",-0.0505259199350304,8
2024-11-19,"hardware_minus_unrelated","0_10",-0.0567780567594612,2
2024-11-19,"deployer_minus_unrelated","pre_11_1",-0.0500756182453548,3
2024-11-19,"deployer_minus_unrelated","pre_21_1",-0.0500756182453548,8
2024-11-19,"deployer_minus_unrelated","0_20",-0.0500756182453548,6
2024-11-20,"hardware_minus_unrelated","pre_11_1",-0.0598238881436997,4
2024-11-20,"competitor_minus_unrelated","0_10",-0.0554334349733385,2
2024-11-20,"competitor_minus_unrelated","pre_11_1",-0.0558660689168368,4
2024-11-20,"hardware_minus_unrelated","pre_21_1",-0.0598238881436997,8
2024-11-20,"deployer_minus_unrelated","0_10",-0.0614831050329964,2
2024-11-20,"hardware_minus_unrelated","0_20",-0.0598238881436997,4
2024-11-20,"hardware_minus_unrelated","0_10",-0.0598238881436997,2
2024-11-20,"deployer_minus_unrelated","pre_11_1",-0.0614831050329964,4
2024-11-20,"competitor_minus_unrelated","0_20",-0.0552842794685339,4
2024-11-20,"competitor_minus_unrelated","pre_21_1",-0.0536723875443823,8
2024-11-20,"deployer_minus_unrelated","0_20",-0.0614831050329964,4
2024-11-20,"deployer_minus_unrelated","pre_21_1",-0.0614831050329964,8
2024-11-21,"deployer_minus_unrelated","pre_21_1",0.0420975413605169,8
2024-11-21,"competitor_minus_unrelated","pre_11_1",0.0571701545160125,4
2024-11-21,"hardware_minus_unrelated","0_10",0.0954405704472117,2
2024-11-21,"hardware_minus_unrelated","pre_21_1",0.0954405704472117,8
2024-11-21,"deployer_minus_unrelated","pre_11_1",0.0420975413605169,4
2024-11-21,"competitor_minus_unrelated","0_10",0.0556450347261185,2
2024-11-21,"hardware_minus_unrelated","0_20",0.0954405704472117,4
2024-11-21,"deployer_minus_unrelated","0_20",0.0420975413605169,4
2024-11-21,"hardware_minus_unrelated","pre_11_1",0.0954405704472117,4
2024-11-21,"competitor_minus_unrelated","pre_21_1",0.0636004623509235,8
2024-11-21,"deployer_minus_unrelated","0_10",0.0420975413605169,2
2024-11-21,"competitor_minus_unrelated","0_20",0.0569219397812861,4
2024-11-22,"hardware_minus_unrelated","0_10",-0.0340806635008956,2
2024-11-22,"competitor_minus_unrelated","pre_21_1",-0.0365547980428272,8
2024-11-22,"deployer_minus_unrelated","0_20",-0.039334846217933,4
2024-11-22,"competitor_minus_unrelated","pre_11_1",-0.0392531403519464,4
2024-11-22,"deployer_minus_unrelated","0_10",-0.039334846217933,2
2024-11-22,"hardware_minus_unrelated","pre_21_1",-0.0340806635008956,8
2024-11-22,"hardware_minus_unrelated","0_20",-0.0340806635008956,4
2024-11-22,"competitor_minus_unrelated","0_10",-0.0410652806536214,2
2024-11-22,"competitor_minus_unrelated","0_20",-0.040228417060333,4
2024-11-22,"deployer_minus_unrelated","pre_11_1",-0.039334846217933,4
2024-11-22,"hardware_minus_unrelated","pre_11_1",-0.0340806635008956,4
2024-11-22,"deployer_minus_unrelated","pre_21_1",-0.039334846217933,8
2024-11-25,"competitor_minus_unrelated","0_10",0.0363526969589489,2
2024-11-25,"deployer_minus_unrelated","0_10",0.0337200535002954,2
2024-11-25,"competitor_minus_unrelated","0_20",0.0363652580788748,4
2024-11-25,"competitor_minus_unrelated","pre_21_1",0.0358686681873521,9
2024-11-25,"hardware_minus_unrelated","0_10",0.0414115992178929,2
2024-11-25,"hardware_minus_unrelated","pre_11_1",0.0414115992178929,5
2024-11-25,"competitor_minus_unrelated","pre_11_1",0.0360004186799736,5
2024-11-25,"hardware_minus_unrelated","0_20",0.0414115992178929,4
2024-11-25,"hardware_minus_unrelated","pre_21_1",0.0414115992178929,9
2024-11-25,"deployer_minus_unrelated","0_20",0.0337200535002954,4
2024-11-25,"deployer_minus_unrelated","pre_21_1",0.0337200535002954,9
2024-11-25,"deployer_minus_unrelated","pre_11_1",0.0337200535002954,5
2024-11-26,"competitor_minus_unrelated","0_20",0.0705549130995609,4
2024-11-26,"deployer_minus_unrelated","0_20",0.056527009175101,4
2024-11-26,"hardware_minus_unrelated","0_10",0.046214694704071,2
2024-11-26,"hardware_minus_unrelated","pre_11_1",0.046214694704071,6
2024-11-26,"competitor_minus_unrelated","pre_21_1",0.0709931317552296,9
2024-11-26,"competitor_minus_unrelated","pre_11_1",0.0704432654374443,6
2024-11-26,"hardware_minus_unrelated","pre_21_1",0.046214694704071,9
2024-11-26,"deployer_minus_unrelated","0_10",0.056527009175101,2
2024-11-26,"competitor_minus_unrelated","0_10",0.0705445272237878,2
2024-11-26,"deployer_minus_unrelated","pre_21_1",0.056527009175101,9
2024-11-26,"deployer_minus_unrelated","pre_11_1",0.056527009175101,6
2024-11-26,"hardware_minus_unrelated","0_20",0.046214694704071,4
2024-11-27,"hardware_minus_unrelated","pre_11_1",-0.066899667981683,6
2024-11-27,"hardware_minus_unrelated","pre_21_1",-0.066899667981683,9
2024-11-27,"competitor_minus_unrelated","0_20",-0.0562471524238578,4
2024-11-27,"competitor_minus_unrelated","0_10",-0.0554752890020543,1
2024-11-27,"hardware_minus_unrelated","0_10",-0.066899667981683,1
2024-11-27,"deployer_minus_unrelated","0_20",-0.0548368575133263,4
2024-11-27,"competitor_minus_unrelated","pre_11_1",-0.0571495167721285,6
2024-11-27,"deployer_minus_unrelated","pre_21_1",-0.0548368575133263,9
2024-11-27,"competitor_minus_unrelated","pre_21_1",-0.0581214059496861,9
2024-11-27,"deployer_minus_unrelated","pre_11_1",-0.0548368575133263,6
2024-11-27,"hardware_minus_unrelated","0_20",-0.066899667981683,4
2024-11-27,"deployer_minus_unrelated","0_10",-0.0548368575133263,1
2024-11-29,"competitor_minus_unrelated","0_10",0.00325701345397984,2
2024-11-29,"deployer_minus_unrelated","pre_21_1",-0.000431422934218273,8
2024-11-29,"hardware_minus_unrelated","pre_11_1",0.0148780956589358,6
2024-11-29,"deployer_minus_unrelated","0_20",-0.000431422934218273,4
2024-11-29,"hardware_minus_unrelated","0_20",0.0148780956589358,4
2024-11-29,"hardware_minus_unrelated","pre_21_1",0.0148780956589358,8
2024-11-29,"competitor_minus_unrelated","pre_21_1",0.00425408929782862,8
2024-11-29,"competitor_minus_unrelated","0_20",0.00325701345397984,4
2024-11-29,"deployer_minus_unrelated","0_10",-0.000431422934218273,2
2024-11-29,"hardware_minus_unrelated","0_10",0.0148780956589358,2
2024-11-29,"competitor_minus_unrelated","pre_11_1",0.00411504517292513,6
2024-11-29,"deployer_minus_unrelated","pre_11_1",-0.000431422934218273,6
2024-12-02,"deployer_minus_unrelated","0_10",0.0112566714210852,2
2024-12-02,"hardware_minus_unrelated","pre_21_1",0.0328872483896683,8
2024-12-02,"competitor_minus_unrelated","0_20",0.0251491164134662,4
2024-12-02,"deployer_minus_unrelated","pre_21_1",0.0112566714210852,8
2024-12-02,"hardware_minus_unrelated","0_10",0.0328872483896683,2
2024-12-02,"competitor_minus_unrelated","0_10",0.0251491164134662,2
2024-12-02,"hardware_minus_unrelated","0_20",0.0328872483896683,4
2024-12-02,"competitor_minus_unrelated","pre_21_1",0.0229222387118847,8
2024-12-02,"deployer_minus_unrelated","0_20",0.0112566714210852,4
2024-12-02,"competitor_minus_unrelated","pre_11_1",0.0226501765648141,6
2024-12-02,"deployer_minus_unrelated","pre_11_1",0.0112566714210852,6
2024-12-02,"hardware_minus_unrelated","pre_11_1",0.0328872483896683,6
2024-12-03,"competitor_minus_unrelated","0_10",0.0196161815944056,3
2024-12-03,"hardware_minus_unrelated","0_20",-0.000825124974149669,5
2024-12-03,"competitor_minus_unrelated","pre_11_1",0.020030646420352,5
2024-12-03,"deployer_minus_unrelated","0_10",0.0125318317180727,3
2024-12-03,"hardware_minus_unrelated","pre_21_1",-0.000825124974149669,7
2024-12-03,"hardware_minus_unrelated","0_10",-0.000825124974149669,3
2024-12-03,"competitor_minus_unrelated","pre_21_1",0.020430254291761,7
2024-12-03,"deployer_minus_unrelated","0_20",0.0125318317180727,5
2024-12-03,"deployer_minus_unrelated","pre_11_1",0.0125318317180727,5
2024-12-03,"deployer_minus_unrelated","pre_21_1",0.0125318317180727,7
2024-12-03,"hardware_minus_unrelated","pre_11_1",-0.000825124974149669,5
2024-12-03,"competitor_minus_unrelated","0_20",0.0198258589865297,5
2024-12-04,"deployer_minus_unrelated","0_10",-0.0487567677683135,2
2024-12-04,"competitor_minus_unrelated","0_10",-0.0389111205632865,2
2024-12-04,"hardware_minus_unrelated","pre_21_1",-0.0406592750340973,7
2024-12-04,"hardware_minus_unrelated","0_10",-0.0406592750340973,2
2024-12-04,"hardware_minus_unrelated","pre_11_1",-0.0406592750340973,6
2024-12-04,"hardware_minus_unrelated","0_20",-0.0406592750340973,4
2024-12-04,"competitor_minus_unrelated","0_20",-0.0401142877364862,4
2024-12-04,"competitor_minus_unrelated","pre_21_1",-0.0389090362903164,7
2024-12-04,"competitor_minus_unrelated","pre_11_1",-0.0385076331870881,6
2024-12-04,"deployer_minus_unrelated","pre_21_1",-0.0487567677683135,7
2024-12-04,"deployer_minus_unrelated","0_20",-0.0487567677683135,4
2024-12-04,"deployer_minus_unrelated","pre_11_1",-0.0487567677683135,6
2024-12-05,"deployer_minus_unrelated","0_10",0.0389624482783945,3
2024-12-05,"competitor_minus_unrelated","pre_11_1",0.039116443158374,5
2024-12-05,"competitor_minus_unrelated","0_20",0.0370508294163689,5
2024-12-05,"competitor_minus_unrelated","0_10",0.0373356611645636,3
2024-12-05,"hardware_minus_unrelated","0_10",0.0167543514177679,3
2024-12-05,"hardware_minus_unrelated","0_20",0.0167543514177679,5
2024-12-05,"hardware_minus_unrelated","pre_11_1",0.0167543514177679,5
2024-12-05,"hardware_minus_unrelated","pre_21_1",0.0167543514177679,6
2024-12-05,"deployer_minus_unrelated","pre_21_1",0.0389624482783945,6
2024-12-05,"deployer_minus_unrelated","pre_11_1",0.0389624482783945,5
2024-12-05,"deployer_minus_unrelated","0_20",0.0389624482783945,5
2024-12-05,"competitor_minus_unrelated","pre_21_1",0.0387009662643245,6
2024-12-06,"deployer_minus_unrelated","pre_21_1",0.00249406085602501,5
2024-12-06,"hardware_minus_unrelated","pre_21_1",0.00187268450529348,5
2024-12-06,"hardware_minus_unrelated","0_20",0.00187268450529348,6
2024-12-06,"hardware_minus_unrelated","pre_11_1",0.00187268450529348,4
2024-12-06,"deployer_minus_unrelated","0_20",0.00249406085602501,6
2024-12-06,"deployer_minus_unrelated","0_10",0.00249406085602501,4
2024-12-06,"hardware_minus_unrelated","0_10",0.00187268450529348,4
2024-12-06,"competitor_minus_unrelated","pre_21_1",0.00723535091808992,5
2024-12-06,"deployer_minus_unrelated","pre_11_1",0.00249406085602501,4
2024-12-06,"competitor_minus_unrelated","pre_11_1",0.0078187990083894,4
2024-12-06,"competitor_minus_unrelated","0_20",0.00526817743302747,6
2024-12-06,"competitor_minus_unrelated","0_10",0.00545148687109521,4
2024-12-09,"hardware_minus_unrelated","0_20",0.0393192806997412,6
2024-12-09,"hardware_minus_unrelated","0_10",0.0393192806997412,4
2024-12-09,"competitor_minus_unrelated","pre_21_1",0.0405595236859057,5
2024-12-09,"deployer_minus_unrelated","0_10",0.074979124891798,4
2024-12-09,"competitor_minus_unrelated","pre_11_1",0.0399402096897256,4
2024-12-09,"deployer_minus_unrelated","pre_21_1",0.074979124891798,5
2024-12-09,"hardware_minus_unrelated","pre_11_1",0.0393192806997412,4
2024-12-09,"competitor_minus_unrelated","0_20",0.0431716596414495,6
2024-12-09,"hardware_minus_unrelated","pre_21_1",0.0393192806997412,5
2024-12-09,"deployer_minus_unrelated","pre_11_1",0.074979124891798,4
2024-12-09,"deployer_minus_unrelated","0_20",0.074979124891798,6
2024-12-09,"competitor_minus_unrelated","0_10",0.0432390996268613,4
2024-12-10,"hardware_minus_unrelated","pre_11_1",-0.0387001534158664,5
2024-12-10,"competitor_minus_unrelated","pre_21_1",-0.00567699151107602,5
2024-12-10,"deployer_minus_unrelated","0_20",-0.0369213581095084,6
2024-12-10,"deployer_minus_unrelated","0_10",-0.0369213581095084,4
2024-12-10,"hardware_minus_unrelated","0_10",-0.0387001534158664,4
2024-12-10,"hardware_minus_unrelated","pre_21_1",-0.0387001534158664,5
2024-12-10,"competitor_minus_unrelated","pre_11_1",-0.00567699151107602,5
2024-12-10,"deployer_minus_unrelated","pre_11_1",-0.0369213581095084,5
2024-12-10,"competitor_minus_unrelated","0_20",0.00516393703463067,6
2024-12-10,"hardware_minus_unrelated","0_20",-0.0387001534158664,6
2024-12-10,"competitor_minus_unrelated","0_10",0.00476213738712588,4
2024-12-10,"deployer_minus_unrelated","pre_21_1",-0.0369213581095084,5
2024-12-11,"hardware_minus_unrelated","pre_11_1",-0.0229438053646253,4
2024-12-11,"hardware_minus_unrelated","0_10",-0.0229438053646253,5
2024-12-11,"competitor_minus_unrelated","pre_21_1",-0.0268540298949514,4
2024-12-11,"deployer_minus_unrelated","0_20",-0.0463219311861984,7
2024-12-11,"deployer_minus_unrelated","pre_11_1",-0.0463219311861984,4
2024-12-11,"hardware_minus_unrelated","pre_21_1",-0.0229438053646253,4
2024-12-11,"competitor_minus_unrelated","0_20",-0.021790761559945,7
2024-12-11,"competitor_minus_unrelated","pre_11_1",-0.0268540298949514,4
2024-12-11,"deployer_minus_unrelated","pre_21_1",-0.0463219311861984,4
2024-12-11,"hardware_minus_unrelated","0_20",-0.0229438053646253,7
2024-12-11,"competitor_minus_unrelated","0_10",-0.0232275803018236,5
2024-12-11,"deployer_minus_unrelated","0_10",-0.0463219311861984,5
2024-12-12,"competitor_minus_unrelated","pre_21_1",0.00144310392692463,3
2024-12-12,"hardware_minus_unrelated","0_10",0.0161384215291041,6
2024-12-12,"deployer_minus_unrelated","pre_11_1",0.0307386398803726,3
2024-12-12,"hardware_minus_unrelated","0_20",0.0161384215291041,7
2024-12-12,"deployer_minus_unrelated","0_20",0.0307386398803726,7
2024-12-12,"deployer_minus_unrelated","pre_21_1",0.0307386398803726,3
2024-12-12,"deployer_minus_unrelated","0_10",0.0307386398803726,6
2024-12-12,"hardware_minus_unrelated","pre_11_1",0.0161384215291041,3
2024-12-12,"competitor_minus_unrelated","0_10",0.0074298765516704,6
2024-12-12,"competitor_minus_unrelated","0_20",0.00918099002231073,7
2024-12-12,"hardware_minus_unrelated","pre_21_1",0.0161384215291041,3
2024-12-12,"competitor_minus_unrelated","pre_11_1",0.00144310392692463,3
2024-12-13,"hardware_minus_unrelated","0_10",0.000113117185055682,6
2024-12-13,"competitor_minus_unrelated","0_10",-0.0263565797717213,6
2024-12-13,"hardware_minus_unrelated","0_20",0.000113117185055682,7
2024-12-13,"hardware_minus_unrelated","pre_21_1",0.000113117185055682,3
2024-12-13,"deployer_minus_unrelated","0_10",-0.0261677732343786,6
2024-12-13,"deployer_minus_unrelated","pre_21_1",-0.0261677732343786,3
2024-12-13,"competitor_minus_unrelated","0_20",-0.0262725727650321,7
2024-12-13,"deployer_minus_unrelated","0_20",-0.0261677732343786,7
2024-12-13,"competitor_minus_unrelated","pre_21_1",-0.0265707140571083,3
2024-12-13,"deployer_minus_unrelated","pre_11_1",-0.0261677732343786,3
2024-12-13,"competitor_minus_unrelated","pre_11_1",-0.0265707140571083,3
2024-12-13,"hardware_minus_unrelated","pre_11_1",0.000113117185055682,3
2024-12-16,"hardware_minus_unrelated","0_20",0.0122807368375378,8
2024-12-16,"hardware_minus_unrelated","pre_11_1",0.0122807368375378,2
2024-12-16,"deployer_minus_unrelated","pre_21_1",0.00533292681939287,2
2024-12-16,"hardware_minus_unrelated","pre_21_1",0.0122807368375378,2
2024-12-16,"competitor_minus_unrelated","0_10",0.016011126223017,6
2024-12-16,"deployer_minus_unrelated","0_10",0.00533292681939287,6
2024-12-16,"deployer_minus_unrelated","pre_11_1",0.00533292681939287,2
2024-12-16,"competitor_minus_unrelated","0_20",0.0174292912089889,8
2024-12-16,"competitor_minus_unrelated","pre_21_1",0.0141327725505975,2
2024-12-16,"competitor_minus_unrelated","pre_11_1",0.0141327725505975,2
2024-12-16,"deployer_minus_unrelated","0_20",0.00533292681939287,8
2024-12-16,"hardware_minus_unrelated","0_10",0.0122807368375378,6
2024-12-17,"hardware_minus_unrelated","0_20",0.0200825905904395,8
2024-12-17,"deployer_minus_unrelated","0_10",0.03990600714688,6
2024-12-17,"hardware_minus_unrelated","pre_11_1",0.0200825905904395,2
2024-12-17,"competitor_minus_unrelated","pre_21_1",0.030930427101918,4
2024-12-17,"competitor_minus_unrelated","0_20",0.030560787268048,8
2024-12-17,"hardware_minus_unrelated","pre_21_1",0.0200825905904395,4
2024-12-17,"hardware_minus_unrelated","0_10",0.0200825905904395,6
2024-12-17,"competitor_minus_unrelated","pre_11_1",0.030930427101918,2
2024-12-17,"deployer_minus_unrelated","pre_11_1",0.03990600714688,2
2024-12-17,"deployer_minus_unrelated","pre_21_1",0.03990600714688,4
2024-12-17,"competitor_minus_unrelated","0_10",0.0303238201026734,6
2024-12-17,"deployer_minus_unrelated","0_20",0.03990600714688,8
2024-12-18,"deployer_minus_unrelated","pre_21_1",0.0244466788270861,4
2024-12-18,"hardware_minus_unrelated","0_10",0.0210030866567754,5
2024-12-18,"deployer_minus_unrelated","0_20",0.0244466788270861,7
2024-12-18,"competitor_minus_unrelated","pre_21_1",0.0246306087331886,4
2024-12-18,"hardware_minus_unrelated","0_20",0.0210030866567754,7
2024-12-18,"competitor_minus_unrelated","0_10",0.0248829014703205,5
2024-12-18,"competitor_minus_unrelated","pre_11_1",0.0246306087331886,2
2024-12-18,"deployer_minus_unrelated","0_10",0.0244466788270861,5
2024-12-18,"hardware_minus_unrelated","pre_11_1",0.0210030866567754,2
2024-12-18,"competitor_minus_unrelated","0_20",0.0246074424077224,7
2024-12-18,"deployer_minus_unrelated","pre_11_1",0.0244466788270861,2
2024-12-18,"hardware_minus_unrelated","pre_21_1",0.0210030866567754,4
2024-12-19,"hardware_minus_unrelated","0_20",0.0134897337031679,8
2024-12-19,"competitor_minus_unrelated","pre_21_1",0.0376420677618104,3
2024-12-19,"deployer_minus_unrelated","0_10",0.0436082049102844,6
2024-12-19,"hardware_minus_unrelated","0_10",0.0134897337031679,6
2024-12-19,"competitor_minus_unrelated","0_10",0.037279804414627,6
2024-12-19,"deployer_minus_unrelated","pre_21_1",0.0436082049102844,3
2024-12-19,"hardware_minus_unrelated","pre_11_1",0.0134897337031679,1
2024-12-19,"deployer_minus_unrelated","0_20",0.0436082049102844,8
2024-12-19,"deployer_minus_unrelated","pre_11_1",0.0436082049102844,1
2024-12-19,"hardware_minus_unrelated","pre_21_1",0.0134897337031679,3
2024-12-19,"competitor_minus_unrelated","pre_11_1",0.038205468795787,1
2024-12-19,"competitor_minus_unrelated","0_20",0.037319098164761,8
2024-12-20,"hardware_minus_unrelated","0_20",-0.0494286894083483,8
2024-12-20,"competitor_minus_unrelated","0_10",-0.0536472355605031,5
2024-12-20,"deployer_minus_unrelated","0_10",-0.0532845591167226,5
2024-12-20,"competitor_minus_unrelated","pre_21_1",-0.05498465559456,3
2024-12-20,"deployer_minus_unrelated","pre_11_1",-0.0532845591167226,1
2024-12-20,"deployer_minus_unrelated","0_20",-0.0532845591167226,8
2024-12-20,"hardware_minus_unrelated","0_10",-0.0494286894083483,5
2024-12-20,"competitor_minus_unrelated","pre_11_1",-0.0546851190819196,1
2024-12-20,"hardware_minus_unrelated","pre_11_1",-0.0494286894083483,1
2024-12-20,"competitor_minus_unrelated","0_20",-0.0533803896836119,8
2024-12-20,"hardware_minus_unrelated","pre_21_1",-0.0494286894083483,3
2024-12-20,"deployer_minus_unrelated","pre_21_1",-0.0532845591167226,3
2024-12-23,"hardware_minus_unrelated","0_20",0.0681078742990668,8
2024-12-23,"hardware_minus_unrelated","pre_11_1",0.0681078742990668,1
2024-12-23,"competitor_minus_unrelated","0_20",0.0532714290341493,8
2024-12-23,"deployer_minus_unrelated","0_10",0.0468681492277727,4
2024-12-23,"competitor_minus_unrelated","0_10",0.052604111882745,4
2024-12-23,"competitor_minus_unrelated","pre_21_1",0.0544425252602148,4
2024-12-23,"hardware_minus_unrelated","0_10",0.0681078742990668,4
2024-12-23,"hardware_minus_unrelated","pre_21_1",0.0681078742990668,4
2024-12-23,"competitor_minus_unrelated","pre_11_1",0.0558173923870391,1
2024-12-23,"deployer_minus_unrelated","pre_21_1",0.0468681492277727,4
2024-12-23,"deployer_minus_unrelated","pre_11_1",0.0468681492277727,1
2024-12-23,"deployer_minus_unrelated","0_20",0.0468681492277727,8
2024-12-24,"hardware_minus_unrelated","pre_11_1",-0.0327523226611992,1
2024-12-24,"hardware_minus_unrelated","0_20",-0.0327523226611992,8
2024-12-24,"competitor_minus_unrelated","pre_21_1",-0.0323167316433749,5
2024-12-24,"competitor_minus_unrelated","0_20",-0.0328353700555049,8
2024-12-24,"hardware_minus_unrelated","pre_21_1",-0.0327523226611992,5
2024-12-24,"deployer_minus_unrelated","0_10",-0.0374583897633394,4
2024-12-24,"competitor_minus_unrelated","pre_11_1",-0.0321646252203898,1
2024-12-24,"deployer_minus_unrelated","0_20",-0.0374583897633394,8
2024-12-24,"competitor_minus_unrelated","0_10",-0.0326997985969963,4
2024-12-24,"hardware_minus_unrelated","0_10",-0.0327523226611992,4
2024-12-24,"deployer_minus_unrelated","pre_21_1",-0.0374583897633394,5
2024-12-24,"deployer_minus_unrelated","pre_11_1",-0.0374583897633394,1
2024-12-26,"hardware_minus_unrelated","0_10",0.0236122553759941,5
2024-12-26,"competitor_minus_unrelated","0_10",0.0235568084463637,5
2024-12-26,"deployer_minus_unrelated","0_10",0.020576128603004,5
2024-12-26,"competitor_minus_unrelated","pre_11_1",0,0
2024-12-26,"deployer_minus_unrelated","pre_21_1",0.020576128603004,4
2024-12-26,"hardware_minus_unrelated","pre_11_1",0,0
2024-12-26,"competitor_minus_unrelated","pre_21_1",0.0228736732450702,4
2024-12-26,"hardware_minus_unrelated","0_20",0.0236122553759941,9
2024-12-26,"competitor_minus_unrelated","0_20",0.0234494329148823,9
2024-12-26,"hardware_minus_unrelated","pre_21_1",0.0236122553759941,4
2024-12-26,"deployer_minus_unrelated","pre_11_1",0,0
2024-12-26,"deployer_minus_unrelated","0_20",0.020576128603004,9
2024-12-27,"hardware_minus_unrelated","0_20",0.0108803827684527,9
2024-12-27,"competitor_minus_unrelated","0_20",0.00687644718968719,9
2024-12-27,"competitor_minus_unrelated","pre_11_1",0,0
2024-12-27,"competitor_minus_unrelated","0_10",0.00738988309432069,4
2024-12-27,"hardware_minus_unrelated","0_10",0.0108803827684527,4
2024-12-27,"deployer_minus_unrelated","0_20",0.00775275426424563,9
2024-12-27,"hardware_minus_unrelated","pre_21_1",0.0108803827684527,4
2024-12-27,"hardware_minus_unrelated","pre_11_1",0,0
2024-12-27,"deployer_minus_unrelated","0_10",0.00775275426424563,4
2024-12-27,"deployer_minus_unrelated","pre_11_1",0,0
2024-12-27,"deployer_minus_unrelated","pre_21_1",0.00775275426424563,4
2024-12-27,"competitor_minus_unrelated","pre_21_1",0.00660305427621706,4
2024-12-30,"deployer_minus_unrelated","0_20",0.0304490064262983,9
2024-12-30,"hardware_minus_unrelated","0_20",0.0252787153390068,9
2024-12-30,"competitor_minus_unrelated","0_10",0.0340640258276767,3
2024-12-30,"competitor_minus_unrelated","0_20",0.0343834836906433,9
2024-12-30,"deployer_minus_unrelated","pre_21_1",0.0304490064262983,5
2024-12-30,"hardware_minus_unrelated","0_10",0.0252787153390068,3
2024-12-30,"hardware_minus_unrelated","pre_11_1",0,0
2024-12-30,"competitor_minus_unrelated","pre_21_1",0.0341283208082811,5
2024-12-30,"hardware_minus_unrelated","pre_21_1",0.0252787153390068,5
2024-12-30,"deployer_minus_unrelated","0_10",0.0304490064262983,3
2024-12-30,"deployer_minus_unrelated","pre_11_1",0,0
2024-12-30,"competitor_minus_unrelated","pre_11_1",0,0
2024-12-31,"hardware_minus_unrelated","0_20",0.0155105524162907,8
2024-12-31,"hardware_minus_unrelated","pre_11_1",0,0
2024-12-31,"deployer_minus_unrelated","0_10",0.0252285861978189,3
2024-12-31,"competitor_minus_unrelated","0_10",0.0144248616679285,3
2024-12-31,"competitor_minus_unrelated","0_20",0.013943486773015,8
2024-12-31,"hardware_minus_unrelated","pre_21_1",0.0155105524162907,5
2024-12-31,"competitor_minus_unrelated","pre_11_1",0,0
2024-12-31,"deployer_minus_unrelated","pre_21_1",0.0252285861978189,5
2024-12-31,"hardware_minus_unrelated","0_10",0.0155105524162907,3
2024-12-31,"deployer_minus_unrelated","0_20",0.0252285861978189,8
2024-12-31,"competitor_minus_unrelated","pre_21_1",0.0134806949480417,5
2024-12-31,"deployer_minus_unrelated","pre_11_1",0,0
2025-01-02,"hardware_minus_unrelated","0_20",-0.0019627888967457,8
2025-01-02,"deployer_minus_unrelated","0_10",-0.015435231103725,2
2025-01-02,"competitor_minus_unrelated","0_20",-0.015693614342788,8
2025-01-02,"hardware_minus_unrelated","0_10",-0.0019627888967457,2
2025-01-02,"hardware_minus_unrelated","pre_11_1",-0.0019627888967457,2
2025-01-02,"competitor_minus_unrelated","0_10",-0.0151604613653364,2
2025-01-02,"competitor_minus_unrelated","pre_21_1",-0.0145153486008823,5
2025-01-02,"deployer_minus_unrelated","0_20",-0.015435231103725,8
2025-01-02,"competitor_minus_unrelated","pre_11_1",-0.0151604613653364,2
2025-01-02,"deployer_minus_unrelated","pre_21_1",-0.015435231103725,5
2025-01-02,"deployer_minus_unrelated","pre_11_1",-0.015435231103725,2
2025-01-02,"hardware_minus_unrelated","pre_21_1",-0.0019627888967457,5
2025-01-03,"deployer_minus_unrelated","0_10",-0.0602056458133607,2
2025-01-03,"hardware_minus_unrelated","0_10",-0.0359954003885635,2
2025-01-03,"deployer_minus_unrelated","pre_21_1",-0.0602056458133607,6
2025-01-03,"hardware_minus_unrelated","pre_11_1",-0.0359954003885635,2
2025-01-03,"competitor_minus_unrelated","0_10",-0.063977151031063,2
2025-01-03,"competitor_minus_unrelated","pre_11_1",-0.063977151031063,2
2025-01-03,"competitor_minus_unrelated","0_20",-0.0641278727648174,7
2025-01-03,"hardware_minus_unrelated","pre_21_1",-0.0359954003885635,6
2025-01-03,"hardware_minus_unrelated","0_20",-0.0359954003885635,7
2025-01-03,"deployer_minus_unrelated","0_20",-0.0602056458133607,7
2025-01-03,"competitor_minus_unrelated","pre_21_1",-0.0631936023521774,6
2025-01-03,"deployer_minus_unrelated","pre_11_1",-0.0602056458133607,2
2025-01-06,"hardware_minus_unrelated","pre_11_1",-0.0231366604079466,2
2025-01-06,"hardware_minus_unrelated","0_20",-0.0231366604079466,7
2025-01-06,"deployer_minus_unrelated","pre_21_1",-0.0407829537394311,6
2025-01-06,"competitor_minus_unrelated","pre_11_1",-0.0319678335250846,2
2025-01-06,"competitor_minus_unrelated","0_20",-0.0322681741681069,7
2025-01-06,"hardware_minus_unrelated","pre_21_1",-0.0231366604079466,6
2025-01-06,"hardware_minus_unrelated","0_10",-0.0231366604079466,2
2025-01-06,"competitor_minus_unrelated","pre_21_1",-0.0313856486108948,6
2025-01-06,"deployer_minus_unrelated","0_20",-0.0407829537394311,7
2025-01-06,"deployer_minus_unrelated","pre_11_1",-0.0407829537394311,2
2025-01-06,"deployer_minus_unrelated","0_10",-0.0407829537394311,2
2025-01-06,"competitor_minus_unrelated","0_10",-0.0319678335250846,2
2025-01-07,"hardware_minus_unrelated","0_20",0.0401120136048924,6
2025-01-07,"deployer_minus_unrelated","pre_21_1",0.0417010005205252,6
2025-01-07,"deployer_minus_unrelated","pre_11_1",0.0417010005205252,2
2025-01-07,"competitor_minus_unrelated","pre_11_1",0.0360214225299995,2
2025-01-07,"competitor_minus_unrelated","0_20",0.0364180977304026,6
2025-01-07,"hardware_minus_unrelated","pre_21_1",0.0401120136048924,6
2025-01-07,"competitor_minus_unrelated","0_10",0.0382609004046395,1
2025-01-07,"hardware_minus_unrelated","0_10",0.0401120136048924,1
2025-01-07,"competitor_minus_unrelated","pre_21_1",0.0365340654104095,6
2025-01-07,"deployer_minus_unrelated","0_20",0.0417010005205252,6
2025-01-07,"hardware_minus_unrelated","pre_11_1",0.0401120136048924,2
2025-01-07,"deployer_minus_unrelated","0_10",0.0417010005205252,1
2025-01-08,"hardware_minus_unrelated","0_20",0.00404987434783351,5
2025-01-08,"hardware_minus_unrelated","0_10",0.00404987434783351,1
2025-01-08,"competitor_minus_unrelated","0_20",0.00738392444485807,5
2025-01-08,"hardware_minus_unrelated","pre_11_1",0.00404987434783351,3
2025-01-08,"competitor_minus_unrelated","pre_11_1",0.00759472041781083,3
2025-01-08,"deployer_minus_unrelated","0_10",0.0180682542507535,1
2025-01-08,"competitor_minus_unrelated","pre_21_1",0.00749972232761315,6
2025-01-08,"deployer_minus_unrelated","0_20",0.0180682542507535,5
2025-01-08,"deployer_minus_unrelated","pre_11_1",0.0180682542507535,3
2025-01-08,"hardware_minus_unrelated","pre_21_1",0.00404987434783351,6
2025-01-08,"deployer_minus_unrelated","pre_21_1",0.0180682542507535,6
2025-01-08,"competitor_minus_unrelated","0_10",0.00729684768309881,1
2025-01-10,"hardware_minus_unrelated","0_10",-0.00961018177126926,1
2025-01-10,"competitor_minus_unrelated","pre_11_1",0.0017920618816925,4
2025-01-10,"competitor_minus_unrelated","0_10",0.00312760963823554,1
2025-01-10,"competitor_minus_unrelated","pre_21_1",0.000720931427547053,6
2025-01-10,"competitor_minus_unrelated","0_20",8.18725349094641e-05,5
2025-01-10,"hardware_minus_unrelated","0_20",-0.00961018177126926,5
2025-01-10,"hardware_minus_unrelated","pre_11_1",-0.00961018177126926,4
2025-01-10,"deployer_minus_unrelated","0_20",-0.020532516463925,5
2025-01-10,"deployer_minus_unrelated","pre_11_1",-0.020532516463925,4
2025-01-10,"hardware_minus_unrelated","pre_21_1",-0.00961018177126926,6
2025-01-10,"deployer_minus_unrelated","0_10",-0.020532516463925,1
2025-01-10,"deployer_minus_unrelated","pre_21_1",-0.020532516463925,6
2025-01-13,"deployer_minus_unrelated","pre_21_1",-0.00830876515374709,6
2025-01-13,"competitor_minus_unrelated","pre_11_1",-0.0127882420308657,4
2025-01-13,"deployer_minus_unrelated","0_10",-0.00830876515374709,1
2025-01-13,"competitor_minus_unrelated","pre_21_1",-0.0122216657845787,6
2025-01-13,"hardware_minus_unrelated","0_10",-0.00968247973322208,1
2025-01-13,"competitor_minus_unrelated","0_10",-0.0133467967724651,1
2025-01-13,"hardware_minus_unrelated","pre_11_1",-0.00968247973322208,4
2025-01-13,"deployer_minus_unrelated","0_20",-0.00830876515374709,5
2025-01-13,"hardware_minus_unrelated","0_20",-0.00968247973322208,5
2025-01-13,"hardware_minus_unrelated","pre_21_1",-0.00968247973322208,6
2025-01-13,"deployer_minus_unrelated","pre_11_1",-0.00830876515374709,4
2025-01-13,"competitor_minus_unrelated","0_20",-0.0121631279285098,5
2025-01-14,"deployer_minus_unrelated","0_10",0,0
2025-01-14,"competitor_minus_unrelated","0_10",0,0
2025-01-14,"hardware_minus_unrelated","pre_11_1",-0.01375843783508,4
2025-01-14,"hardware_minus_unrelated","0_20",-0.01375843783508,4
2025-01-14,"hardware_minus_unrelated","0_10",0,0
2025-01-14,"hardware_minus_unrelated","pre_21_1",-0.01375843783508,6
2025-01-14,"competitor_minus_unrelated","pre_11_1",-0.0317042468742358,4
2025-01-14,"competitor_minus_unrelated","0_20",-0.0311147295053589,4
2025-01-14,"competitor_minus_unrelated","pre_21_1",-0.0308590600864207,6
2025-01-14,"deployer_minus_unrelated","pre_21_1",-0.0158382820971165,6
2025-01-14,"deployer_minus_unrelated","pre_11_1",-0.0158382820971165,4
2025-01-14,"deployer_minus_unrelated","0_20",-0.0158382820971165,4
2025-01-15,"deployer_minus_unrelated","pre_21_1",-0.0151280336166031,6
2025-01-15,"competitor_minus_unrelated","pre_11_1",-0.0066032254825232,5
2025-01-15,"deployer_minus_unrelated","pre_11_1",-0.0151280336166031,5
2025-01-15,"hardware_minus_unrelated","0_20",-0.0105326779835302,3
2025-01-15,"competitor_minus_unrelated","0_20",-0.00854922840785515,3
2025-01-15,"competitor_minus_unrelated","0_10",0,0
2025-01-15,"hardware_minus_unrelated","0_10",0,0
2025-01-15,"hardware_minus_unrelated","pre_21_1",-0.0105326779835302,6
2025-01-15,"deployer_minus_unrelated","0_10",0,0
2025-01-15,"deployer_minus_unrelated","0_20",-0.0151280336166031,3
2025-01-15,"competitor_minus_unrelated","pre_21_1",-0.00723104163708781,6
2025-01-15,"hardware_minus_unrelated","pre_11_1",-0.0105326779835302,5
2025-01-16,"hardware_minus_unrelated","0_10",0,0
2025-01-16,"hardware_minus_unrelated","0_20",-0.00873598982634939,3
2025-01-16,"competitor_minus_unrelated","pre_11_1",-0.0230472492071751,5
2025-01-16,"competitor_minus_unrelated","0_20",-0.0204359904723322,3
2025-01-16,"deployer_minus_unrelated","pre_11_1",-0.0255315044091082,5
2025-01-16,"competitor_minus_unrelated","0_10",0,0
2025-01-16,"hardware_minus_unrelated","pre_21_1",-0.00873598982634939,6
2025-01-16,"deployer_minus_unrelated","0_20",-0.0255315044091082,3
2025-01-16,"hardware_minus_unrelated","pre_11_1",-0.00873598982634939,5
2025-01-16,"deployer_minus_unrelated","0_10",0,0
2025-01-16,"deployer_minus_unrelated","pre_21_1",-0.0255315044091082,6
2025-01-16,"competitor_minus_unrelated","pre_21_1",-0.0221455669303758,6
2025-01-17,"hardware_minus_unrelated","0_10",0,0
2025-01-17,"hardware_minus_unrelated","pre_21_1",-0.0137960544043058,7
2025-01-17,"competitor_minus_unrelated","0_10",0,0
2025-01-17,"deployer_minus_unrelated","0_10",0,0
2025-01-17,"deployer_minus_unrelated","pre_11_1",-0.0160442165709843,5
2025-01-17,"hardware_minus_unrelated","pre_11_1",-0.0137960544043058,5
2025-01-17,"competitor_minus_unrelated","pre_11_1",-0.0336100409759739,5
2025-01-17,"competitor_minus_unrelated","pre_21_1",-0.0338884975913017,7
2025-01-17,"deployer_minus_unrelated","0_20",-0.0160442165709843,2
2025-01-17,"deployer_minus_unrelated","pre_21_1",-0.0160442165709843,7
2025-01-17,"hardware_minus_unrelated","0_20",-0.0137960544043058,2
2025-01-17,"competitor_minus_unrelated","0_20",-0.0345846391296214,2
2025-01-21,"hardware_minus_unrelated","pre_11_1",0.0172222656953409,4
2025-01-21,"competitor_minus_unrelated","0_10",-0.000929946817665125,2
2025-01-21,"hardware_minus_unrelated","0_10",0.0172222656953409,2
2025-01-21,"hardware_minus_unrelated","0_20",0.0172222656953409,4
2025-01-21,"deployer_minus_unrelated","pre_21_1",-0.00698283722303544,5
2025-01-21,"hardware_minus_unrelated","pre_21_1",0.0172222656953409,5
2025-01-21,"deployer_minus_unrelated","0_10",-0.00698283722303544,2
2025-01-21,"competitor_minus_unrelated","pre_11_1",0.000201129763476118,4
2025-01-21,"deployer_minus_unrelated","0_20",-0.00698283722303544,4
2025-01-21,"competitor_minus_unrelated","0_20",-0.000929946817665125,4
2025-01-21,"deployer_minus_unrelated","pre_11_1",-0.00698283722303544,4
2025-01-21,"competitor_minus_unrelated","pre_21_1",0.000159969689998927,5
2025-01-22,"hardware_minus_unrelated","pre_11_1",0.0374224220423423,4
2025-01-22,"hardware_minus_unrelated","0_20",0.0374224220423423,4
2025-01-22,"deployer_minus_unrelated","pre_21_1",0.00927370927864868,5
2025-01-22,"hardware_minus_unrelated","0_10",0.0374224220423423,2
2025-01-22,"deployer_minus_unrelated","0_20",0.00927370927864868,4
2025-01-22,"deployer_minus_unrelated","0_10",0.00927370927864868,2
2025-01-22,"competitor_minus_unrelated","0_10",0.0254057944478921,2
2025-01-22,"hardware_minus_unrelated","pre_21_1",0.0374224220423423,5
2025-01-22,"deployer_minus_unrelated","pre_11_1",0.00927370927864868,4
2025-01-22,"competitor_minus_unrelated","pre_11_1",0.0243009279630401,4
2025-01-22,"competitor_minus_unrelated","pre_21_1",0.0242489240452207,5
2025-01-22,"competitor_minus_unrelated","0_20",0.0254057944478921,4
2025-01-23,"hardware_minus_unrelated","0_10",0.0012090857676977,2
2025-01-23,"hardware_minus_unrelated","0_20",0.0012090857676977,3
2025-01-23,"hardware_minus_unrelated","pre_11_1",0.0012090857676977,4
2025-01-23,"competitor_minus_unrelated","pre_21_1",0.0102883270217383,6
2025-01-23,"hardware_minus_unrelated","pre_21_1",0.0012090857676977,6
2025-01-23,"deployer_minus_unrelated","0_20",0.0196630383164411,3
2025-01-23,"deployer_minus_unrelated","pre_21_1",0.0196630383164411,6
2025-01-23,"competitor_minus_unrelated","0_10",0.0110109391716685,2
2025-01-23,"deployer_minus_unrelated","0_10",0.0196630383164411,2
2025-01-23,"competitor_minus_unrelated","pre_11_1",0.0103965005658163,4
2025-01-23,"deployer_minus_unrelated","pre_11_1",0.0196630383164411,4
2025-01-23,"competitor_minus_unrelated","0_20",0.0106979527589731,3
2025-01-24,"hardware_minus_unrelated","pre_11_1",0.00430143245734929,4
2025-01-24,"hardware_minus_unrelated","0_20",0.00430143245734929,3
2025-01-24,"competitor_minus_unrelated","pre_11_1",0.0321342944122643,4
2025-01-24,"hardware_minus_unrelated","pre_21_1",0.00430143245734929,6
2025-01-24,"deployer_minus_unrelated","0_10",0.0503430098610462,2
2025-01-24,"deployer_minus_unrelated","0_20",0.0503430098610462,3
2025-01-24,"deployer_minus_unrelated","pre_21_1",0.0503430098610462,6
2025-01-24,"deployer_minus_unrelated","pre_11_1",0.0503430098610462,4
2025-01-24,"competitor_minus_unrelated","pre_21_1",0.0327198246975054,6
2025-01-24,"competitor_minus_unrelated","0_20",0.0321275715285682,3
2025-01-24,"hardware_minus_unrelated","0_10",0.00430143245734929,2
2025-01-24,"competitor_minus_unrelated","0_10",0.0312459146588585,2
2025-01-27,"hardware_minus_unrelated","0_20",-0.0678692318859699,4
2025-01-27,"hardware_minus_unrelated","0_10",-0.0678692318859699,3
2025-01-27,"competitor_minus_unrelated","pre_11_1",-0.00419675697665887,3
2025-01-27,"deployer_minus_unrelated","pre_21_1",0.00644595747893073,6
2025-01-27,"deployer_minus_unrelated","0_10",0.00644595747893073,3
2025-01-27,"deployer_minus_unrelated","pre_11_1",0.00644595747893073,3
2025-01-27,"hardware_minus_unrelated","pre_21_1",-0.0678692318859699,6
2025-01-27,"competitor_minus_unrelated","0_10",-0.00519320507368606,3
2025-01-27,"competitor_minus_unrelated","pre_21_1",-0.0075377280972207,6
2025-01-27,"deployer_minus_unrelated","0_20",0.00644595747893073,4
2025-01-27,"hardware_minus_unrelated","pre_11_1",-0.0678692318859699,3
2025-01-27,"competitor_minus_unrelated","0_20",-0.00684068659915323,4
2025-01-28,"hardware_minus_unrelated","pre_11_1",0.0078169075640802,2
2025-01-28,"hardware_minus_unrelated","0_10",0.0078169075640802,4
2025-01-28,"competitor_minus_unrelated","pre_21_1",0.0330668861780284,6
2025-01-28,"hardware_minus_unrelated","0_20",0.0078169075640802,5
2025-01-28,"deployer_minus_unrelated","pre_21_1",0.0293349810653653,6
2025-01-28,"deployer_minus_unrelated","0_10",0.0293349810653653,4
2025-01-28,"competitor_minus_unrelated","0_20",0.034074367071894,5
2025-01-28,"deployer_minus_unrelated","0_20",0.0293349810653653,5
2025-01-28,"deployer_minus_unrelated","pre_11_1",0.0293349810653653,2
2025-01-28,"competitor_minus_unrelated","0_10",0.0340617717520344,4
2025-01-28,"competitor_minus_unrelated","pre_11_1",0.0327584825252694,2
2025-01-28,"hardware_minus_unrelated","pre_21_1",0.0078169075640802,6
2025-01-29,"hardware_minus_unrelated","0_10",0.00177232102385463,4
2025-01-29,"deployer_minus_unrelated","pre_21_1",0.00153954630477228,6
2025-01-29,"hardware_minus_unrelated","pre_11_1",0.00177232102385463,2
2025-01-29,"competitor_minus_unrelated","0_10",-0.00256201710446741,4
2025-01-29,"competitor_minus_unrelated","pre_21_1",-0.00216232327587725,6
2025-01-29,"hardware_minus_unrelated","0_20",0.00177232102385463,4
2025-01-29,"competitor_minus_unrelated","pre_11_1",-0.00300599581257486,2
2025-01-29,"deployer_minus_unrelated","0_10",0.00153954630477228,4
2025-01-29,"deployer_minus_unrelated","pre_11_1",0.00153954630477228,2
2025-01-29,"hardware_minus_unrelated","pre_21_1",0.00177232102385463,6
2025-01-29,"deployer_minus_unrelated","0_20",0.00153954630477228,4
2025-01-29,"competitor_minus_unrelated","0_20",-0.00256201710446741,4
2025-01-30,"competitor_minus_unrelated","0_10",-0.0261513292014558,4
2025-01-30,"hardware_minus_unrelated","pre_21_1",0.000465258436480157,6
2025-01-30,"hardware_minus_unrelated","pre_11_1",0.000465258436480157,2
2025-01-30,"competitor_minus_unrelated","0_20",-0.0261513292014558,4
2025-01-30,"hardware_minus_unrelated","0_10",0.000465258436480157,4
2025-01-30,"deployer_minus_unrelated","pre_21_1",-0.0111578919563417,6
2025-01-30,"hardware_minus_unrelated","0_20",0.000465258436480157,4
2025-01-30,"competitor_minus_unrelated","pre_21_1",-0.0220916825083204,6
2025-01-30,"deployer_minus_unrelated","0_10",-0.0111578919563417,4
2025-01-30,"competitor_minus_unrelated","pre_11_1",-0.0282067368690128,2
2025-01-30,"deployer_minus_unrelated","0_20",-0.0111578919563417,4
2025-01-30,"deployer_minus_unrelated","pre_11_1",-0.0111578919563417,2
2025-01-31,"deployer_minus_unrelated","pre_21_1",-0.00848523444901546,5
2025-01-31,"competitor_minus_unrelated","pre_11_1",-0.00226337482340028,1
2025-01-31,"hardware_minus_unrelated","0_20",-0.000317901590367133,5
2025-01-31,"hardware_minus_unrelated","0_10",-0.000317901590367133,5
2025-01-31,"hardware_minus_unrelated","pre_21_1",-0.000317901590367133,5
2025-01-31,"competitor_minus_unrelated","pre_21_1",0.00600147166927574,5
2025-01-31,"competitor_minus_unrelated","0_10",0.0057400265672964,5
2025-01-31,"deployer_minus_unrelated","0_10",-0.00848523444901546,5
2025-01-31,"competitor_minus_unrelated","0_20",0.0057400265672964,5
2025-01-31,"deployer_minus_unrelated","0_20",-0.00848523444901546,5
2025-01-31,"deployer_minus_unrelated","pre_11_1",-0.00848523444901546,1
2025-01-31,"hardware_minus_unrelated","pre_11_1",-0.000317901590367133,1
2025-02-03,"hardware_minus_unrelated","0_10",-0.0353051933041566,5
2025-02-03,"competitor_minus_unrelated","pre_11_1",-0.0292141136162061,2
2025-02-03,"deployer_minus_unrelated","0_10",-0.0472518650109754,5
2025-02-03,"competitor_minus_unrelated","0_10",-0.0301314820625475,5
2025-02-03,"competitor_minus_unrelated","pre_21_1",-0.0302316421482949,5
2025-02-03,"deployer_minus_unrelated","0_20",-0.0472518650109754,5
2025-02-03,"hardware_minus_unrelated","pre_11_1",-0.0353051933041566,2
2025-02-03,"deployer_minus_unrelated","pre_11_1",-0.0472518650109754,2
2025-02-03,"hardware_minus_unrelated","pre_21_1",-0.0353051933041566,5
2025-02-03,"deployer_minus_unrelated","pre_21_1",-0.0472518650109754,5
2025-02-03,"hardware_minus_unrelated","0_20",-0.0353051933041566,5
2025-02-03,"competitor_minus_unrelated","0_20",-0.0301314820625475,5
2025-02-04,"competitor_minus_unrelated","0_10",0.0127179476862248,5
2025-02-04,"hardware_minus_unrelated","pre_21_1",0.00624802410154003,6
2025-02-04,"deployer_minus_unrelated","pre_21_1",0.0391899946540638,6
2025-02-04,"hardware_minus_unrelated","0_10",0.00624802410154003,5
2025-02-04,"competitor_minus_unrelated","pre_11_1",0.0109141560477349,2
2025-02-04,"competitor_minus_unrelated","pre_21_1",0.0136006195502877,6
2025-02-04,"competitor_minus_unrelated","0_20",0.0127179476862248,5
2025-02-04,"deployer_minus_unrelated","0_20",0.0391899946540638,5
2025-02-04,"deployer_minus_unrelated","pre_11_1",0.0391899946540638,2
2025-02-04,"deployer_minus_unrelated","0_10",0.0391899946540638,5
2025-02-04,"hardware_minus_unrelated","0_20",0.00624802410154003,5
2025-02-04,"hardware_minus_unrelated","pre_11_1",0.00624802410154003,2
2025-02-05,"competitor_minus_unrelated","pre_21_1",-0.0154604099457147,5
2025-02-05,"deployer_minus_unrelated","0_20",0.00395293149588059,6
2025-02-05,"competitor_minus_unrelated","pre_11_1",-0.0146835849517545,1
2025-02-05,"competitor_minus_unrelated","0_20",-0.00504285449115724,6
2025-02-05,"hardware_minus_unrelated","0_10",0.0350220307151326,4
2025-02-05,"hardware_minus_unrelated","pre_11_1",0.0350220307151326,1
2025-02-05,"deployer_minus_unrelated","pre_11_1",0.00395293149588059,1
2025-02-05,"hardware_minus_unrelated","pre_21_1",0.0350220307151326,5
2025-02-05,"competitor_minus_unrelated","0_10",-0.00699057860586834,4
2025-02-05,"deployer_minus_unrelated","pre_21_1",0.00395293149588059,5
2025-02-05,"hardware_minus_unrelated","0_20",0.0350220307151326,6
2025-02-05,"deployer_minus_unrelated","0_10",0.00395293149588059,4
2025-02-06,"competitor_minus_unrelated","pre_11_1",0.0191538251564082,2
2025-02-06,"competitor_minus_unrelated","0_10",0.0186187133725911,4
2025-02-06,"hardware_minus_unrelated","0_10",0.0155362928102202,4
2025-02-06,"deployer_minus_unrelated","pre_11_1",0.0246374123319992,2
2025-02-06,"hardware_minus_unrelated","pre_21_1",0.0155362928102202,5
2025-02-06,"competitor_minus_unrelated","0_20",0.0186980667497545,6
2025-02-06,"deployer_minus_unrelated","0_20",0.0246374123319992,6
2025-02-06,"hardware_minus_unrelated","pre_11_1",0.0155362928102202,2
2025-02-06,"competitor_minus_unrelated","pre_21_1",0.018747600512536,5
2025-02-06,"hardware_minus_unrelated","0_20",0.0155362928102202,6
2025-02-06,"deployer_minus_unrelated","pre_21_1",0.0246374123319992,5
2025-02-06,"deployer_minus_unrelated","0_10",0.0246374123319992,4
2025-02-07,"competitor_minus_unrelated","pre_11_1",-0.0140110404041814,2
2025-02-07,"hardware_minus_unrelated","pre_11_1",-0.00630290519278048,2
2025-02-07,"deployer_minus_unrelated","0_20",0.000959484447392319,6
2025-02-07,"hardware_minus_unrelated","pre_21_1",-0.00630290519278048,5
2025-02-07,"deployer_minus_unrelated","pre_21_1",0.000959484447392319,5
2025-02-07,"deployer_minus_unrelated","pre_11_1",0.000959484447392319,2
2025-02-07,"hardware_minus_unrelated","0_10",-0.00630290519278048,4
2025-02-07,"hardware_minus_unrelated","0_20",-0.00630290519278048,6
2025-02-07,"competitor_minus_unrelated","0_20",-0.0103298275285943,6
2025-02-07,"competitor_minus_unrelated","0_10",-0.0109466052221194,4
2025-02-07,"deployer_minus_unrelated","0_10",0.000959484447392319,4
2025-02-07,"competitor_minus_unrelated","pre_21_1",-0.0137915457483076,5
2025-02-10,"hardware_minus_unrelated","pre_11_1",0.00490652302175393,3
2025-02-10,"hardware_minus_unrelated","pre_21_1",0.00490652302175393,5
2025-02-10,"hardware_minus_unrelated","0_10",0.00490652302175393,4
2025-02-10,"deployer_minus_unrelated","pre_21_1",-0.0108395092730163,5
2025-02-10,"deployer_minus_unrelated","0_20",-0.0108395092730163,6
2025-02-10,"competitor_minus_unrelated","0_20",-0.00381018623490907,6
2025-02-10,"competitor_minus_unrelated","0_10",-0.00401405004027065,4
2025-02-10,"hardware_minus_unrelated","0_20",0.00490652302175393,6
2025-02-10,"deployer_minus_unrelated","pre_11_1",-0.0108395092730163,3
2025-02-10,"competitor_minus_unrelated","pre_11_1",-0.00783048449090254,3
2025-02-10,"deployer_minus_unrelated","0_10",-0.0108395092730163,4
2025-02-10,"competitor_minus_unrelated","pre_21_1",-0.00654854727708369,5
2025-02-11,"hardware_minus_unrelated","0_10",0.0167082049792721,3
2025-02-11,"deployer_minus_unrelated","0_20",0.0280480325753096,6
2025-02-11,"deployer_minus_unrelated","pre_21_1",0.0280480325753096,5
2025-02-11,"competitor_minus_unrelated","0_10",0.0223841010683893,3
2025-02-11,"competitor_minus_unrelated","0_20",0.0219704607628776,6
2025-02-11,"hardware_minus_unrelated","pre_21_1",0.0167082049792721,5
2025-02-11,"deployer_minus_unrelated","0_10",0.0280480325753096,3
2025-02-11,"hardware_minus_unrelated","0_20",0.0167082049792721,6
2025-02-11,"hardware_minus_unrelated","pre_11_1",0.0167082049792721,4
2025-02-11,"competitor_minus_unrelated","pre_11_1",0.0198087966085798,4
2025-02-11,"deployer_minus_unrelated","pre_11_1",0.0280480325753096,4
2025-02-11,"competitor_minus_unrelated","pre_21_1",0.0196332690435157,5
2025-02-12,"competitor_minus_unrelated","0_10",0.00552448746424008,2
2025-02-12,"hardware_minus_unrelated","0_20",0.0018973886020112,6
2025-02-12,"deployer_minus_unrelated","0_20",0.0244145946877735,6
2025-02-12,"competitor_minus_unrelated","pre_11_1",0.00219942020203952,4
2025-02-12,"deployer_minus_unrelated","0_10",0.0244145946877735,2
2025-02-12,"hardware_minus_unrelated","0_10",0.0018973886020112,2
2025-02-12,"competitor_minus_unrelated","pre_21_1",0.00205311692576069,5
2025-02-12,"hardware_minus_unrelated","pre_11_1",0.0018973886020112,4
2025-02-12,"competitor_minus_unrelated","0_20",0.00394595374707157,6
2025-02-12,"deployer_minus_unrelated","pre_21_1",0.0244145946877735,5
2025-02-12,"deployer_minus_unrelated","pre_11_1",0.0244145946877735,4
2025-02-12,"hardware_minus_unrelated","pre_21_1",0.0018973886020112,5
2025-02-13,"deployer_minus_unrelated","0_10",0.0190637180431213,2
2025-02-13,"hardware_minus_unrelated","pre_11_1",0.0152070670446946,4
2025-02-13,"hardware_minus_unrelated","0_10",0.0152070670446946,2
2025-02-13,"hardware_minus_unrelated","0_20",0.0152070670446946,6
2025-02-13,"deployer_minus_unrelated","0_20",0.0190637180431213,6
2025-02-13,"competitor_minus_unrelated","pre_21_1",0.00770972256269827,5
2025-02-13,"deployer_minus_unrelated","pre_11_1",0.0190637180431213,4
2025-02-13,"competitor_minus_unrelated","pre_11_1",0.00764573366544788,4
2025-02-13,"deployer_minus_unrelated","pre_21_1",0.0190637180431213,5
2025-02-13,"hardware_minus_unrelated","pre_21_1",0.0152070670446946,5
2025-02-13,"competitor_minus_unrelated","0_20",0.00547432786651906,6
2025-02-13,"competitor_minus_unrelated","0_10",0.00345394636671256,2
2025-02-14,"deployer_minus_unrelated","0_10",0.0041252827604336,2
2025-02-14,"deployer_minus_unrelated","0_20",0.0041252827604336,6
2025-02-14,"hardware_minus_unrelated","pre_11_1",-0.0209123305761342,4
2025-02-14,"deployer_minus_unrelated","pre_11_1",0.0041252827604336,4
2025-02-14,"hardware_minus_unrelated","0_20",-0.0209123305761342,6
2025-02-14,"competitor_minus_unrelated","pre_11_1",-0.0177140619874058,4
2025-02-14,"competitor_minus_unrelated","pre_21_1",-0.0178023965267321,5
2025-02-14,"competitor_minus_unrelated","0_10",-0.016375902179826,2
2025-02-14,"hardware_minus_unrelated","0_10",-0.0209123305761342,2
2025-02-14,"hardware_minus_unrelated","pre_21_1",-0.0209123305761342,5
2025-02-14,"deployer_minus_unrelated","pre_21_1",0.0041252827604336,5
2025-02-14,"competitor_minus_unrelated","0_20",-0.0169791607121936,6
2025-02-18,"hardware_minus_unrelated","pre_11_1",0.0324599425246737,4
2025-02-18,"deployer_minus_unrelated","0_20",0.015646380800106,6
2025-02-18,"deployer_minus_unrelated","0_10",0.015646380800106,1
2025-02-18,"competitor_minus_unrelated","pre_11_1",-0.00125361685806482,4
2025-02-18,"competitor_minus_unrelated","pre_21_1",-0.00125583916106406,5
2025-02-18,"deployer_minus_unrelated","pre_11_1",0.015646380800106,4
2025-02-18,"competitor_minus_unrelated","0_20",0.000392671259111543,6
2025-02-18,"deployer_minus_unrelated","pre_21_1",0.015646380800106,5
2025-02-18,"competitor_minus_unrelated","0_10",0.00234658551635825,1
2025-02-18,"hardware_minus_unrelated","0_10",0.0324599425246737,1
2025-02-18,"hardware_minus_unrelated","0_20",0.0324599425246737,6
2025-02-18,"hardware_minus_unrelated","pre_21_1",0.0324599425246737,5
2025-02-19,"hardware_minus_unrelated","pre_11_1",0.0342256141890269,4
2025-02-19,"hardware_minus_unrelated","0_20",0.0342256141890269,7
2025-02-19,"competitor_minus_unrelated","pre_11_1",0.019973586515995,4
2025-02-19,"hardware_minus_unrelated","0_10",0.0342256141890269,2
2025-02-19,"deployer_minus_unrelated","0_10",0.0110529674871363,2
2025-02-19,"competitor_minus_unrelated","pre_21_1",0.019973586515995,4
2025-02-19,"deployer_minus_unrelated","0_20",0.0110529674871363,7
2025-02-19,"deployer_minus_unrelated","pre_11_1",0.0110529674871363,4
2025-02-19,"hardware_minus_unrelated","pre_21_1",0.0342256141890269,4
2025-02-19,"deployer_minus_unrelated","pre_21_1",0.0110529674871363,4
2025-02-19,"competitor_minus_unrelated","0_20",0.0189038160340204,7
2025-02-19,"competitor_minus_unrelated","0_10",0.0178105229572147,2
2025-02-20,"competitor_minus_unrelated","pre_11_1",-0.0146000389752202,4
2025-02-20,"hardware_minus_unrelated","0_10",-0.0107660349772489,2
2025-02-20,"hardware_minus_unrelated","0_20",-0.0107660349772489,5
2025-02-20,"hardware_minus_unrelated","pre_11_1",-0.0107660349772489,4
2025-02-20,"deployer_minus_unrelated","0_20",-0.0279586998589019,5
2025-02-20,"deployer_minus_unrelated","0_10",-0.0279586998589019,2
2025-02-20,"competitor_minus_unrelated","0_10",-0.0140892830370265,2
2025-02-20,"competitor_minus_unrelated","pre_21_1",-0.0146000389752202,4
2025-02-20,"deployer_minus_unrelated","pre_11_1",-0.0279586998589019,4
2025-02-20,"hardware_minus_unrelated","pre_21_1",-0.0107660349772489,4
2025-02-20,"deployer_minus_unrelated","pre_21_1",-0.0279586998589019,4
2025-02-20,"competitor_minus_unrelated","0_20",-0.0141482686130814,5
2025-02-21,"competitor_minus_unrelated","pre_11_1",0.0255868891525545,4
2025-02-21,"deployer_minus_unrelated","pre_21_1",0.0581198581178583,4
2025-02-21,"hardware_minus_unrelated","pre_11_1",0.0103469152640797,4
2025-02-21,"competitor_minus_unrelated","0_10",0.025722974698201,1
2025-02-21,"hardware_minus_unrelated","0_20",0.0103469152640797,5
2025-02-21,"deployer_minus_unrelated","0_10",0.0581198581178583,1
2025-02-21,"hardware_minus_unrelated","0_10",0.0103469152640797,1
2025-02-21,"competitor_minus_unrelated","pre_21_1",0.0255868891525545,4
2025-02-21,"competitor_minus_unrelated","0_20",0.0262051774675593,5
2025-02-21,"deployer_minus_unrelated","0_20",0.0581198581178583,5
2025-02-21,"deployer_minus_unrelated","pre_11_1",0.0581198581178583,4
2025-02-21,"hardware_minus_unrelated","pre_21_1",0.0103469152640797,4
2025-02-24,"hardware_minus_unrelated","0_20",0.00234903013106446,6
2025-02-24,"hardware_minus_unrelated","pre_11_1",0.00234903013106446,3
2025-02-24,"deployer_minus_unrelated","0_20",-0.00800307092658018,6
2025-02-24,"competitor_minus_unrelated","pre_11_1",0.0205440819095835,3
2025-02-24,"hardware_minus_unrelated","0_10",0.00234903013106446,2
2025-02-24,"competitor_minus_unrelated","pre_21_1",0.0203083157006024,6
2025-02-24,"competitor_minus_unrelated","0_10",0.0198442996489343,2
2025-02-24,"deployer_minus_unrelated","0_10",-0.00800307092658018,2
2025-02-24,"hardware_minus_unrelated","pre_21_1",0.00234903013106446,6
2025-02-24,"competitor_minus_unrelated","0_20",0.0199584245702778,6
2025-02-24,"deployer_minus_unrelated","pre_21_1",-0.00800307092658018,6
2025-02-24,"deployer_minus_unrelated","pre_11_1",-0.00800307092658018,3
2025-02-25,"hardware_minus_unrelated","pre_11_1",0.0282027390278461,3
2025-02-25,"competitor_minus_unrelated","pre_11_1",0.0336785660446559,3
2025-02-25,"deployer_minus_unrelated","pre_21_1",0.0381172505997561,6
2025-02-25,"competitor_minus_unrelated","0_20",0.0343622133302957,6
2025-02-25,"deployer_minus_unrelated","0_20",0.0381172505997561,6
2025-02-25,"hardware_minus_unrelated","pre_21_1",0.0282027390278461,6
2025-02-25,"deployer_minus_unrelated","0_10",0.0381172505997561,2
2025-02-25,"competitor_minus_unrelated","pre_21_1",0.0347234845779142,6
2025-02-25,"hardware_minus_unrelated","0_20",0.0282027390278461,6
2025-02-25,"competitor_minus_unrelated","0_10",0.0329560235494189,2
2025-02-25,"hardware_minus_unrelated","0_10",0.0282027390278461,2
2025-02-25,"deployer_minus_unrelated","pre_11_1",0.0381172505997561,3
2025-02-26,"deployer_minus_unrelated","pre_21_1",-0.00965164636123617,5
2025-02-26,"hardware_minus_unrelated","0_20",0.00184732232105862,6
2025-02-26,"competitor_minus_unrelated","0_10",-0.0215819183771596,3
2025-02-26,"hardware_minus_unrelated","pre_11_1",0.00184732232105862,2
2025-02-26,"competitor_minus_unrelated","pre_21_1",-0.0196179941610124,5
2025-02-26,"competitor_minus_unrelated","0_20",-0.0202666405875819,6
2025-02-26,"competitor_minus_unrelated","pre_11_1",-0.0206179412055249,2
2025-02-26,"deployer_minus_unrelated","0_20",-0.00965164636123617,6
2025-02-26,"deployer_minus_unrelated","0_10",-0.00965164636123617,3
2025-02-26,"hardware_minus_unrelated","0_10",0.00184732232105862,3
2025-02-26,"deployer_minus_unrelated","pre_11_1",-0.00965164636123617,2
2025-02-26,"hardware_minus_unrelated","pre_21_1",0.00184732232105862,5
2025-02-27,"deployer_minus_unrelated","pre_21_1",0.034493256400225,4
2025-02-27,"deployer_minus_unrelated","0_10",0.034493256400225,4
2025-02-27,"competitor_minus_unrelated","0_20",0.0269422013416317,6
2025-02-27,"hardware_minus_unrelated","0_20",-0.00763557425599525,6
2025-02-27,"competitor_minus_unrelated","0_10",0.0259128227646094,4
2025-02-27,"deployer_minus_unrelated","0_20",0.034493256400225,6
2025-02-27,"competitor_minus_unrelated","pre_21_1",0.0273138062563943,4
2025-02-27,"competitor_minus_unrelated","pre_11_1",0.0256266540171123,1
2025-02-27,"hardware_minus_unrelated","pre_21_1",-0.00763557425599525,4
2025-02-27,"deployer_minus_unrelated","pre_11_1",0.034493256400225,1
2025-02-27,"hardware_minus_unrelated","0_10",-0.00763557425599525,4
2025-02-27,"hardware_minus_unrelated","pre_11_1",-0.00763557425599525,1
2025-02-28,"competitor_minus_unrelated","0_10",-0.029211919249103,4
2025-02-28,"deployer_minus_unrelated","0_10",-0.0457278994311957,4
2025-02-28,"deployer_minus_unrelated","pre_21_1",-0.0457278994311957,5
2025-02-28,"competitor_minus_unrelated","pre_11_1",-0.0289156738530193,1
2025-02-28,"competitor_minus_unrelated","0_20",-0.0296388736842005,6
2025-02-28,"hardware_minus_unrelated","pre_21_1",-0.0252404362456441,5
2025-02-28,"deployer_minus_unrelated","0_20",-0.0457278994311957,6
2025-02-28,"competitor_minus_unrelated","pre_21_1",-0.0298953837722587,5
2025-02-28,"hardware_minus_unrelated","0_20",-0.0252404362456441,6
2025-02-28,"hardware_minus_unrelated","0_10",-0.0252404362456441,4
2025-02-28,"deployer_minus_unrelated","pre_11_1",-0.0457278994311957,1
2025-02-28,"hardware_minus_unrelated","pre_11_1",-0.0252404362456441,1
2025-03-03,"competitor_minus_unrelated","0_20",-0.009141223790743,6
2025-03-03,"competitor_minus_unrelated","pre_11_1",-0.011636309166079,1
2025-03-03,"deployer_minus_unrelated","0_10",-0.00131071297731955,4
2025-03-03,"deployer_minus_unrelated","pre_11_1",-0.00131071297731955,1
2025-03-03,"hardware_minus_unrelated","pre_11_1",-0.0254800290942664,1
2025-03-03,"competitor_minus_unrelated","pre_21_1",-0.00874556165671703,5
2025-03-03,"hardware_minus_unrelated","0_10",-0.0254800290942664,4
2025-03-03,"deployer_minus_unrelated","pre_21_1",-0.00131071297731955,5
2025-03-03,"competitor_minus_unrelated","0_10",-0.0104958989192334,4
2025-03-03,"deployer_minus_unrelated","0_20",-0.00131071297731955,6
2025-03-03,"hardware_minus_unrelated","pre_21_1",-0.0254800290942664,5
2025-03-03,"hardware_minus_unrelated","0_20",-0.0254800290942664,6
2025-03-04,"hardware_minus_unrelated","pre_11_1",-0.0499845697702867,1
2025-03-04,"competitor_minus_unrelated","pre_11_1",-0.0443773511656121,1
2025-03-04,"deployer_minus_unrelated","0_20",-0.0558804175605234,5
2025-03-04,"deployer_minus_unrelated","pre_11_1",-0.0558804175605234,1
2025-03-04,"deployer_minus_unrelated","pre_21_1",-0.0558804175605234,5
2025-03-04,"competitor_minus_unrelated","0_10",-0.0438307055590935,4
2025-03-04,"hardware_minus_unrelated","0_10",-0.0499845697702867,4
2025-03-04,"competitor_minus_unrelated","pre_21_1",-0.0453644132566995,5
2025-03-04,"hardware_minus_unrelated","pre_21_1",-0.0499845697702867,5
2025-03-04,"hardware_minus_unrelated","0_20",-0.0499845697702867,5
2025-03-04,"competitor_minus_unrelated","0_20",-0.0455257588138346,5
2025-03-04,"deployer_minus_unrelated","0_10",-0.0558804175605234,4
2025-03-05,"competitor_minus_unrelated","pre_11_1",-0.0517839568087367,1
2025-03-05,"hardware_minus_unrelated","pre_11_1",-0.0513270818355244,1
2025-03-05,"competitor_minus_unrelated","pre_21_1",-0.0521014601183507,6
2025-03-05,"hardware_minus_unrelated","0_20",-0.0513270818355244,5
2025-03-05,"deployer_minus_unrelated","pre_21_1",-0.0457753984561648,6
2025-03-05,"competitor_minus_unrelated","0_10",-0.0529475757208369,4
2025-03-05,"competitor_minus_unrelated","0_20",-0.0526051749895223,5
2025-03-05,"deployer_minus_unrelated","pre_11_1",-0.0457753984561648,1
2025-03-05,"deployer_minus_unrelated","0_20",-0.0457753984561648,5
2025-03-05,"deployer_minus_unrelated","0_10",-0.0457753984561648,4
2025-03-05,"hardware_minus_unrelated","0_10",-0.0513270818355244,4
2025-03-05,"hardware_minus_unrelated","pre_21_1",-0.0513270818355244,6
2025-03-06,"deployer_minus_unrelated","pre_21_1",-0.0153975823456147,5
2025-03-06,"hardware_minus_unrelated","0_20",-0.0348754024764388,6
2025-03-06,"competitor_minus_unrelated","0_10",-0.00114457405034425,4
2025-03-06,"competitor_minus_unrelated","pre_11_1",0,0
2025-03-06,"competitor_minus_unrelated","0_20",-0.00185306839399549,6
2025-03-06,"hardware_minus_unrelated","pre_21_1",-0.0348754024764388,5
2025-03-06,"hardware_minus_unrelated","pre_11_1",0,0
2025-03-06,"competitor_minus_unrelated","pre_21_1",-0.00201821247366585,5
2025-03-06,"deployer_minus_unrelated","0_10",-0.0153975823456147,4
2025-03-06,"deployer_minus_unrelated","0_20",-0.0153975823456147,6
2025-03-06,"deployer_minus_unrelated","pre_11_1",0,0
2025-03-06,"hardware_minus_unrelated","0_10",-0.0348754024764388,4
2025-03-07,"competitor_minus_unrelated","pre_11_1",0,0
2025-03-07,"hardware_minus_unrelated","pre_11_1",0,0
2025-03-07,"competitor_minus_unrelated","0_20",0.032797325002791,5
2025-03-07,"deployer_minus_unrelated","pre_21_1",0.0295775959491312,6
2025-03-07,"competitor_minus_unrelated","pre_21_1",0.0326461865386658,6
2025-03-07,"deployer_minus_unrelated","0_10",0.0295775959491312,4
2025-03-07,"hardware_minus_unrelated","0_20",0.0544613436595782,5
2025-03-07,"hardware_minus_unrelated","0_10",0.0544613436595782,4
2025-03-07,"competitor_minus_unrelated","0_10",0.0330140187843352,4
2025-03-07,"deployer_minus_unrelated","pre_11_1",0,0
2025-03-07,"hardware_minus_unrelated","pre_21_1",0.0544613436595782,6
2025-03-07,"deployer_minus_unrelated","0_20",0.0295775959491312,5
2025-03-10,"hardware_minus_unrelated","0_20",0.0439857514048291,5
2025-03-10,"hardware_minus_unrelated","pre_11_1",0.0439857514048291,3
2025-03-10,"competitor_minus_unrelated","0_10",0.0504009430067057,4
2025-03-10,"deployer_minus_unrelated","0_10",0.0650562963246331,4
2025-03-10,"competitor_minus_unrelated","pre_11_1",0.0523269332483067,3
2025-03-10,"deployer_minus_unrelated","pre_21_1",0.0650562963246331,6
2025-03-10,"competitor_minus_unrelated","0_20",0.0504277943954849,5
2025-03-10,"deployer_minus_unrelated","pre_11_1",0.0650562963246331,3
2025-03-10,"hardware_minus_unrelated","0_10",0.0439857514048291,4
2025-03-10,"competitor_minus_unrelated","pre_21_1",0.052100990458375,6
2025-03-10,"deployer_minus_unrelated","0_20",0.0650562963246331,5
2025-03-10,"hardware_minus_unrelated","pre_21_1",0.0439857514048291,6
2025-03-11,"deployer_minus_unrelated","0_10",-0.0272253492354644,3
2025-03-11,"hardware_minus_unrelated","pre_11_1",-0.0408277380824826,3
2025-03-11,"hardware_minus_unrelated","0_20",-0.0408277380824826,5
2025-03-11,"deployer_minus_unrelated","pre_21_1",-0.0272253492354644,6
2025-03-11,"deployer_minus_unrelated","pre_11_1",-0.0272253492354644,3
2025-03-11,"competitor_minus_unrelated","0_20",-0.0430338747073317,5
2025-03-11,"competitor_minus_unrelated","pre_11_1",-0.0415952972573063,3
2025-03-11,"competitor_minus_unrelated","0_10",-0.0432150642738152,3
2025-03-11,"deployer_minus_unrelated","0_20",-0.0272253492354644,5
2025-03-11,"hardware_minus_unrelated","0_10",-0.0408277380824826,3
2025-03-11,"hardware_minus_unrelated","pre_21_1",-0.0408277380824826,6
2025-03-11,"competitor_minus_unrelated","pre_21_1",-0.0427938920965552,6
2025-03-12,"deployer_minus_unrelated","pre_21_1",-0.00331546853239295,6
2025-03-12,"deployer_minus_unrelated","0_10",-0.00331546853239295,3
2025-03-12,"competitor_minus_unrelated","0_10",0.00588039297817907,3
2025-03-12,"competitor_minus_unrelated","0_20",0.00576385976528151,5
2025-03-12,"competitor_minus_unrelated","pre_11_1",0.0043715208703029,3
2025-03-12,"competitor_minus_unrelated","pre_21_1",0.00452233269065791,6
2025-03-12,"deployer_minus_unrelated","0_20",-0.00331546853239295,5
2025-03-12,"hardware_minus_unrelated","0_20",0.0172656210925081,5
2025-03-12,"hardware_minus_unrelated","pre_21_1",0.0172656210925081,6
2025-03-12,"hardware_minus_unrelated","pre_11_1",0.0172656210925081,3
2025-03-12,"hardware_minus_unrelated","0_10",0.0172656210925081,3
2025-03-12,"deployer_minus_unrelated","pre_11_1",-0.00331546853239295,3
2025-03-13,"hardware_minus_unrelated","0_20",-0.000918260638534313,5
2025-03-13,"deployer_minus_unrelated","pre_21_1",-0.0236075163960327,6
2025-03-13,"deployer_minus_unrelated","0_10",-0.0236075163960327,2
2025-03-13,"hardware_minus_unrelated","pre_11_1",-0.000918260638534313,3
2025-03-13,"competitor_minus_unrelated","0_20",-0.0314078111866621,5
2025-03-13,"competitor_minus_unrelated","pre_11_1",-0.0426614709376847,3
2025-03-13,"competitor_minus_unrelated","0_10",-0.0360542486741991,2
2025-03-13,"deployer_minus_unrelated","0_20",-0.0236075163960327,5
2025-03-13,"hardware_minus_unrelated","0_10",-0.000918260638534313,2
2025-03-13,"deployer_minus_unrelated","pre_11_1",-0.0236075163960327,3
2025-03-13,"hardware_minus_unrelated","pre_21_1",-0.000918260638534313,6
2025-03-13,"competitor_minus_unrelated","pre_21_1",-0.0401334344021178,6
2025-03-14,"deployer_minus_unrelated","pre_21_1",-0.0442984349203621,7
2025-03-14,"competitor_minus_unrelated","0_10",-0.0491127987811861,1
2025-03-14,"hardware_minus_unrelated","0_20",-0.0356726133791135,5
2025-03-14,"deployer_minus_unrelated","0_10",-0.0442984349203621,1
2025-03-14,"hardware_minus_unrelated","pre_11_1",-0.0356726133791135,4
2025-03-14,"competitor_minus_unrelated","0_20",-0.0485543228366844,5
2025-03-14,"hardware_minus_unrelated","pre_21_1",-0.0356726133791135,7
2025-03-14,"competitor_minus_unrelated","pre_11_1",-0.0451846571533421,4
2025-03-14,"competitor_minus_unrelated","pre_21_1",-0.046053504326501,7
2025-03-14,"deployer_minus_unrelated","0_20",-0.0442984349203621,5
2025-03-14,"deployer_minus_unrelated","pre_11_1",-0.0442984349203621,4
2025-03-14,"hardware_minus_unrelated","0_10",-0.0356726133791135,1
2025-03-17,"deployer_minus_unrelated","0_10",0.0295285833240343,1
2025-03-17,"competitor_minus_unrelated","0_10",-0.00316325646884226,1
2025-03-17,"deployer_minus_unrelated","0_20",0.0295285833240343,5
2025-03-17,"hardware_minus_unrelated","0_10",0.0191930976419705,1
2025-03-17,"competitor_minus_unrelated","pre_11_1",-0.000555728034264292,4
2025-03-17,"hardware_minus_unrelated","0_20",0.0191930976419705,5
2025-03-17,"hardware_minus_unrelated","pre_11_1",0.0191930976419705,4
2025-03-17,"competitor_minus_unrelated","0_20",-0.00284353411634975,5
2025-03-17,"competitor_minus_unrelated","pre_21_1",-0.000923410206706272,7
2025-03-17,"deployer_minus_unrelated","pre_11_1",0.0295285833240343,4
2025-03-17,"deployer_minus_unrelated","pre_21_1",0.0295285833240343,7
2025-03-17,"hardware_minus_unrelated","pre_21_1",0.0191930976419705,7
2025-03-18,"deployer_minus_unrelated","0_20",0.0020621739533969,5
2025-03-18,"competitor_minus_unrelated","pre_11_1",-0.00235305400804062,4
2025-03-18,"competitor_minus_unrelated","pre_21_1",-0.00197529073004209,8
2025-03-18,"hardware_minus_unrelated","pre_11_1",0.00329883993963349,4
2025-03-18,"deployer_minus_unrelated","0_10",0.0020621739533969,1
2025-03-18,"hardware_minus_unrelated","0_20",0.00329883993963349,5
2025-03-18,"deployer_minus_unrelated","pre_21_1",0.0020621739533969,8
2025-03-18,"competitor_minus_unrelated","0_20",-0.00304813455057697,5
2025-03-18,"hardware_minus_unrelated","0_10",0.00329883993963349,1
2025-03-18,"deployer_minus_unrelated","pre_11_1",0.0020621739533969,4
2025-03-18,"competitor_minus_unrelated","0_10",-0.00270866775503246,1
2025-03-18,"hardware_minus_unrelated","pre_21_1",0.00329883993963349,8
2025-03-19,"deployer_minus_unrelated","0_10",-0.0264711422494007,1
2025-03-19,"competitor_minus_unrelated","pre_11_1",-0.0284472435913848,5
2025-03-19,"hardware_minus_unrelated","0_10",-0.0309876490029695,1
2025-03-19,"hardware_minus_unrelated","0_20",-0.0309876490029695,5
2025-03-19,"hardware_minus_unrelated","pre_11_1",-0.0309876490029695,5
2025-03-19,"hardware_minus_unrelated","pre_21_1",-0.0309876490029695,9
2025-03-19,"deployer_minus_unrelated","pre_11_1",-0.0264711422494007,5
2025-03-19,"deployer_minus_unrelated","pre_21_1",-0.0264711422494007,9
2025-03-19,"competitor_minus_unrelated","pre_21_1",-0.028189538810752,9
2025-03-19,"competitor_minus_unrelated","0_10",-0.024318275934555,1
2025-03-19,"competitor_minus_unrelated","0_20",-0.0249474208430539,5
2025-03-19,"deployer_minus_unrelated","0_20",-0.0264711422494007,5
2025-03-20,"competitor_minus_unrelated","pre_21_1",0.00327889755102626,9
2025-03-20,"deployer_minus_unrelated","0_10",0.0210484971048045,1
2025-03-20,"hardware_minus_unrelated","0_20",-0.00269388748958549,4
2025-03-20,"hardware_minus_unrelated","0_10",-0.00269388748958549,1
2025-03-20,"deployer_minus_unrelated","pre_21_1",0.0210484971048045,9
2025-03-20,"hardware_minus_unrelated","pre_11_1",-0.00269388748958549,5
2025-03-20,"hardware_minus_unrelated","pre_21_1",-0.00269388748958549,9
2025-03-20,"deployer_minus_unrelated","pre_11_1",0.0210484971048045,5
2025-03-20,"competitor_minus_unrelated","0_20",0.00216486076529018,4
2025-03-20,"deployer_minus_unrelated","0_20",0.0210484971048045,4
2025-03-20,"competitor_minus_unrelated","pre_11_1",0.00345247547108119,5
2025-03-20,"competitor_minus_unrelated","0_10",0.00189945925713362,1
2025-03-21,"deployer_minus_unrelated","0_10",0,0
2025-03-21,"competitor_minus_unrelated","0_20",0.0115384785209708,4
2025-03-21,"deployer_minus_unrelated","pre_21_1",-0.00874937387304825,9
2025-03-21,"competitor_minus_unrelated","pre_21_1",0.00993545836388446,9
2025-03-21,"hardware_minus_unrelated","0_10",0,0
2025-03-21,"deployer_minus_unrelated","pre_11_1",-0.00874937387304825,6
2025-03-21,"deployer_minus_unrelated","0_20",-0.00874937387304825,4
2025-03-21,"hardware_minus_unrelated","pre_11_1",-0.012000916646211,6
2025-03-21,"hardware_minus_unrelated","0_20",-0.012000916646211,4
2025-03-21,"competitor_minus_unrelated","0_10",0,0
2025-03-21,"hardware_minus_unrelated","pre_21_1",-0.012000916646211,9
2025-03-21,"competitor_minus_unrelated","pre_11_1",0.0101512605487145,6
2025-03-24,"competitor_minus_unrelated","pre_21_1",-0.0373415463384897,9
2025-03-24,"deployer_minus_unrelated","pre_11_1",-0.0338058486888872,6
2025-03-24,"competitor_minus_unrelated","pre_11_1",-0.0374966618997591,6
2025-03-24,"deployer_minus_unrelated","0_20",-0.0338058486888872,4
2025-03-24,"competitor_minus_unrelated","0_20",-0.0354894464653167,4
2025-03-24,"hardware_minus_unrelated","pre_21_1",-0.0260911806599206,9
2025-03-24,"hardware_minus_unrelated","0_20",-0.0260911806599206,4
2025-03-24,"hardware_minus_unrelated","0_10",0,0
2025-03-24,"deployer_minus_unrelated","pre_21_1",-0.0338058486888872,9
2025-03-24,"deployer_minus_unrelated","0_10",0,0
2025-03-24,"hardware_minus_unrelated","pre_11_1",-0.0260911806599206,6
2025-03-24,"competitor_minus_unrelated","0_10",0,0
2025-03-25,"competitor_minus_unrelated","pre_11_1",0.00305554020494235,3
2025-03-25,"deployer_minus_unrelated","pre_11_1",-0.0128350062007814,3
2025-03-25,"hardware_minus_unrelated","pre_21_1",-0.0183067336298717,6
2025-03-25,"deployer_minus_unrelated","0_10",-0.0128350062007814,3
2025-03-25,"hardware_minus_unrelated","0_10",-0.0183067336298717,3
2025-03-25,"deployer_minus_unrelated","0_20",-0.0128350062007814,6
2025-03-25,"competitor_minus_unrelated","pre_21_1",0.00310950809394316,6
2025-03-25,"hardware_minus_unrelated","0_20",-0.0183067336298717,6
2025-03-25,"competitor_minus_unrelated","0_10",0.00259460885322774,3
2025-03-25,"hardware_minus_unrelated","pre_11_1",-0.0183067336298717,3
2025-03-25,"competitor_minus_unrelated","0_20",0.00282244259202751,6
2025-03-25,"deployer_minus_unrelated","pre_21_1",-0.0128350062007814,6
2025-03-26,"deployer_minus_unrelated","0_10",-0.00699642863310103,3
2025-03-26,"hardware_minus_unrelated","0_20",-0.0142737609173583,6
2025-03-26,"competitor_minus_unrelated","pre_11_1",-0.00629374874505383,3
2025-03-26,"hardware_minus_unrelated","0_10",-0.0142737609173583,3
2025-03-26,"deployer_minus_unrelated","0_20",-0.00699642863310103,6
2025-03-26,"competitor_minus_unrelated","0_10",-0.00457231824077078,3
2025-03-26,"hardware_minus_unrelated","pre_11_1",-0.0142737609173583,3
2025-03-26,"hardware_minus_unrelated","pre_21_1",-0.0142737609173583,6
2025-03-26,"competitor_minus_unrelated","0_20",-0.00612931965468181,6
2025-03-26,"deployer_minus_unrelated","pre_21_1",-0.00699642863310103,6
2025-03-26,"competitor_minus_unrelated","pre_21_1",-0.00520936767406342,6
2025-03-26,"deployer_minus_unrelated","pre_11_1",-0.00699642863310103,3
2025-03-27,"competitor_minus_unrelated","pre_11_1",-0.0078093745582491,3
2025-03-27,"hardware_minus_unrelated","0_10",-0.0177396116000776,3
2025-03-27,"deployer_minus_unrelated","0_10",0.00934576697139346,3
2025-03-27,"hardware_minus_unrelated","pre_11_1",-0.0177396116000776,3
2025-03-27,"deployer_minus_unrelated","0_20",0.00934576697139346,5
2025-03-27,"hardware_minus_unrelated","0_20",-0.0177396116000776,5
2025-03-27,"competitor_minus_unrelated","0_10",-0.00653387087799007,3
2025-03-27,"competitor_minus_unrelated","0_20",-0.00729107631919291,5
2025-03-27,"deployer_minus_unrelated","pre_21_1",0.00934576697139346,6
2025-03-27,"hardware_minus_unrelated","pre_21_1",-0.0177396116000776,6
2025-03-27,"deployer_minus_unrelated","pre_11_1",0.00934576697139346,3
2025-03-27,"competitor_minus_unrelated","pre_21_1",-0.0070814028858099,6
2025-03-28,"competitor_minus_unrelated","pre_11_1",0.0249538922949777,4
2025-03-28,"competitor_minus_unrelated","0_10",0.0264822811811091,3
2025-03-28,"competitor_minus_unrelated","pre_21_1",0.0256089161033197,7
2025-03-28,"hardware_minus_unrelated","pre_21_1",0.0306190653676241,7
2025-03-28,"hardware_minus_unrelated","0_20",0.0306190653676241,4
2025-03-28,"hardware_minus_unrelated","pre_11_1",0.0306190653676241,4
2025-03-28,"deployer_minus_unrelated","0_20",0.0236103241711554,4
2025-03-28,"deployer_minus_unrelated","0_10",0.0236103241711554,3
2025-03-28,"competitor_minus_unrelated","0_20",0.0256372724891167,4
2025-03-28,"deployer_minus_unrelated","pre_21_1",0.0236103241711554,7
2025-03-28,"hardware_minus_unrelated","0_10",0.0306190653676241,3
2025-03-28,"deployer_minus_unrelated","pre_11_1",0.0236103241711554,4
2025-03-31,"competitor_minus_unrelated","pre_21_1",-0.0022243485403182,6
2025-03-31,"deployer_minus_unrelated","0_10",-0.00303478971489757,4
2025-03-31,"competitor_minus_unrelated","pre_11_1",-0.00206069469010534,3
2025-03-31,"hardware_minus_unrelated","pre_11_1",-0.00651387968635336,3
2025-03-31,"deployer_minus_unrelated","0_20",-0.00303478971489757,5
2025-03-31,"deployer_minus_unrelated","pre_11_1",-0.00303478971489757,3
2025-03-31,"competitor_minus_unrelated","0_10",-0.0024876344666421,4
2025-03-31,"hardware_minus_unrelated","0_20",-0.00651387968635336,5
2025-03-31,"hardware_minus_unrelated","0_10",-0.00651387968635336,4
2025-03-31,"hardware_minus_unrelated","pre_21_1",-0.00651387968635336,6
2025-03-31,"competitor_minus_unrelated","0_20",-0.00227335307387161,5
2025-03-31,"deployer_minus_unrelated","pre_21_1",-0.00303478971489757,6
2025-04-01,"hardware_minus_unrelated","pre_11_1",-0.0298856757440741,4
2025-04-01,"competitor_minus_unrelated","pre_21_1",-0.019203640290375,7
2025-04-01,"hardware_minus_unrelated","pre_21_1",-0.0298856757440741,7
2025-04-01,"competitor_minus_unrelated","0_10",-0.0198160453418875,4
2025-04-01,"competitor_minus_unrelated","pre_11_1",-0.0194036072611977,4
2025-04-01,"deployer_minus_unrelated","0_20",-0.0200370469720974,5
2025-04-01,"deployer_minus_unrelated","0_10",-0.0200370469720974,4
2025-04-01,"competitor_minus_unrelated","0_20",-0.0193222572132081,5
2025-04-01,"hardware_minus_unrelated","0_20",-0.0298856757440741,5
2025-04-01,"deployer_minus_unrelated","pre_11_1",-0.0200370469720974,4
2025-04-01,"deployer_minus_unrelated","pre_21_1",-0.0200370469720974,7
2025-04-01,"hardware_minus_unrelated","0_10",-0.0298856757440741,4
2025-04-02,"competitor_minus_unrelated","0_10",-0.00946113687510683,4
2025-04-02,"hardware_minus_unrelated","pre_21_1",-0.00170103440428365,7
2025-04-02,"hardware_minus_unrelated","0_20",-0.00170103440428365,5
2025-04-02,"deployer_minus_unrelated","0_10",-0.00528304229249523,4
2025-04-02,"competitor_minus_unrelated","pre_21_1",-0.0096074864330896,7
2025-04-02,"hardware_minus_unrelated","pre_11_1",-0.00170103440428365,5
2025-04-02,"deployer_minus_unrelated","0_20",-0.00528304229249523,5
2025-04-02,"competitor_minus_unrelated","pre_11_1",-0.0092639456683055,5
2025-04-02,"competitor_minus_unrelated","0_20",-0.00966217716909543,5
2025-04-02,"deployer_minus_unrelated","pre_21_1",-0.00528304229249523,7
2025-04-02,"hardware_minus_unrelated","0_10",-0.00170103440428365,4
2025-04-02,"deployer_minus_unrelated","pre_11_1",-0.00528304229249523,5
2025-04-03,"hardware_minus_unrelated","pre_21_1",-0.0500018578497515,6
2025-04-03,"deployer_minus_unrelated","0_20",-0.0153756681177549,6
2025-04-03,"competitor_minus_unrelated","0_10",3.16887955695276e-05,5
2025-04-03,"hardware_minus_unrelated","pre_11_1",-0.0500018578497515,4
2025-04-03,"competitor_minus_unrelated","pre_11_1",0.00159661142582598,4
2025-04-03,"hardware_minus_unrelated","0_20",-0.0500018578497515,6
2025-04-03,"deployer_minus_unrelated","pre_11_1",-0.0153756681177549,4
2025-04-03,"deployer_minus_unrelated","pre_21_1",-0.0153756681177549,6
2025-04-03,"competitor_minus_unrelated","pre_21_1",0.00120180821143943,6
2025-04-03,"deployer_minus_unrelated","0_10",-0.0153756681177549,5
2025-04-03,"competitor_minus_unrelated","0_20",9.51076267523263e-05,6
2025-04-03,"hardware_minus_unrelated","0_10",-0.0500018578497515,5
2025-04-04,"deployer_minus_unrelated","0_10",-0.0608305309145368,5
2025-04-04,"competitor_minus_unrelated","0_10",-0.0349285037403976,5
2025-04-04,"deployer_minus_unrelated","0_20",-0.0608305309145368,5
2025-04-04,"hardware_minus_unrelated","0_20",-0.0706112048243828,5
2025-04-04,"deployer_minus_unrelated","pre_11_1",-0.0608305309145368,4
2025-04-04,"hardware_minus_unrelated","pre_11_1",-0.0706112048243828,4
2025-04-04,"competitor_minus_unrelated","pre_11_1",-0.0348615929966469,4
2025-04-04,"competitor_minus_unrelated","pre_21_1",-0.0342590282826368,6
2025-04-04,"deployer_minus_unrelated","pre_21_1",-0.0608305309145368,6
2025-04-04,"hardware_minus_unrelated","0_10",-0.0706112048243828,5
2025-04-04,"competitor_minus_unrelated","0_20",-0.0349285037403976,5
2025-04-04,"hardware_minus_unrelated","pre_21_1",-0.0706112048243828,6
2025-04-07,"hardware_minus_unrelated","pre_11_1",0.0797788916205711,3
2025-04-07,"deployer_minus_unrelated","0_20",0.0326552010536232,6
2025-04-07,"deployer_minus_unrelated","0_10",0.0326552010536232,6
2025-04-07,"competitor_minus_unrelated","pre_11_1",0.0454879849505648,3
2025-04-07,"competitor_minus_unrelated","pre_21_1",0.0479516225896277,5
2025-04-07,"deployer_minus_unrelated","pre_21_1",0.0326552010536232,5
2025-04-07,"competitor_minus_unrelated","0_10",0.0469466963411538,6
2025-04-07,"hardware_minus_unrelated","pre_21_1",0.0797788916205711,5
2025-04-07,"hardware_minus_unrelated","0_10",0.0797788916205711,6
2025-04-07,"deployer_minus_unrelated","pre_11_1",0.0326552010536232,3
2025-04-07,"competitor_minus_unrelated","0_20",0.0469466963411538,6
2025-04-07,"hardware_minus_unrelated","0_20",0.0797788916205711,6
2025-04-08,"hardware_minus_unrelated","pre_11_1",0.0333103235077154,3
2025-04-08,"deployer_minus_unrelated","0_20",0.0310230756588282,6
2025-04-08,"competitor_minus_unrelated","0_10",0.0499520882986101,6
2025-04-08,"deployer_minus_unrelated","pre_21_1",0.0310230756588282,5
2025-04-08,"hardware_minus_unrelated","pre_21_1",0.0333103235077154,5
2025-04-08,"competitor_minus_unrelated","pre_11_1",0.0512330372058248,3
2025-04-08,"competitor_minus_unrelated","pre_21_1",0.0501062608155803,5
2025-04-08,"competitor_minus_unrelated","0_20",0.0499520882986101,6
2025-04-08,"deployer_minus_unrelated","0_10",0.0310230756588282,6
2025-04-08,"hardware_minus_unrelated","0_10",0.0333103235077154,6
2025-04-08,"deployer_minus_unrelated","pre_11_1",0.0310230756588282,3
2025-04-08,"hardware_minus_unrelated","0_20",0.0333103235077154,6
2025-04-09,"hardware_minus_unrelated","pre_11_1",0.032201739786,3
2025-04-09,"competitor_minus_unrelated","0_10",-0.0450862969455633,3
2025-04-09,"deployer_minus_unrelated","pre_21_1",-0.0594671324528583,5
2025-04-09,"competitor_minus_unrelated","pre_21_1",-0.0408392474674284,5
2025-04-09,"deployer_minus_unrelated","pre_11_1",-0.0594671324528583,3
2025-04-09,"competitor_minus_unrelated","0_20",-0.0427608163639473,6
2025-04-09,"competitor_minus_unrelated","pre_11_1",-0.0430512759568454,3
2025-04-09,"hardware_minus_unrelated","pre_21_1",0.032201739786,5
2025-04-09,"hardware_minus_unrelated","0_10",0.032201739786,3
2025-04-09,"deployer_minus_unrelated","0_20",-0.0594671324528583,6
2025-04-09,"hardware_minus_unrelated","0_20",0.032201739786,6
2025-04-09,"deployer_minus_unrelated","0_10",-0.0594671324528583,3
2025-04-10,"deployer_minus_unrelated","pre_21_1",-0.00739281529437062,5
2025-04-10,"hardware_minus_unrelated","pre_21_1",-0.0370062251865951,5
2025-04-10,"hardware_minus_unrelated","0_10",-0.0370062251865951,3
2025-04-10,"competitor_minus_unrelated","0_10",0.00624050468891038,3
2025-04-10,"hardware_minus_unrelated","pre_11_1",-0.0370062251865951,3
2025-04-10,"hardware_minus_unrelated","0_20",-0.0370062251865951,6
2025-04-10,"deployer_minus_unrelated","pre_11_1",-0.00739281529437062,3
2025-04-10,"competitor_minus_unrelated","pre_21_1",0.00356669094245732,5
2025-04-10,"competitor_minus_unrelated","pre_11_1",0.00332627896152256,3
2025-04-10,"competitor_minus_unrelated","0_20",0.0047524027191196,6
2025-04-10,"deployer_minus_unrelated","0_10",-0.00739281529437062,3
2025-04-10,"deployer_minus_unrelated","0_20",-0.00739281529437062,6
2025-04-11,"hardware_minus_unrelated","pre_11_1",-0.0404221712937233,4
2025-04-11,"hardware_minus_unrelated","0_20",-0.0404221712937233,6
2025-04-11,"competitor_minus_unrelated","pre_11_1",-0.0414959869661704,4
2025-04-11,"competitor_minus_unrelated","0_20",-0.039851421147067,6
2025-04-11,"competitor_minus_unrelated","0_10",-0.0380838211345511,3
2025-04-11,"competitor_minus_unrelated","pre_21_1",-0.0409296771526736,5
2025-04-11,"deployer_minus_unrelated","0_10",-0.0350309011550442,3
2025-04-11,"hardware_minus_unrelated","pre_21_1",-0.0404221712937233,5
2025-04-11,"hardware_minus_unrelated","0_10",-0.0404221712937233,3
2025-04-11,"deployer_minus_unrelated","0_20",-0.0350309011550442,6
2025-04-11,"deployer_minus_unrelated","pre_21_1",-0.0350309011550442,5
2025-04-11,"deployer_minus_unrelated","pre_11_1",-0.0350309011550442,4
2025-04-14,"competitor_minus_unrelated","pre_11_1",-0.0221272525926711,3
2025-04-14,"hardware_minus_unrelated","0_20",-0.0158155856807129,7
2025-04-14,"hardware_minus_unrelated","pre_21_1",-0.0158155856807129,4
2025-04-14,"competitor_minus_unrelated","0_10",-0.0189930757701929,4
2025-04-14,"competitor_minus_unrelated","0_20",-0.0203362944083978,7
2025-04-14,"deployer_minus_unrelated","pre_11_1",0.00140366717366314,3
2025-04-14,"deployer_minus_unrelated","0_20",0.00140366717366314,7
2025-04-14,"competitor_minus_unrelated","pre_21_1",-0.0214796992936124,4
2025-04-14,"hardware_minus_unrelated","pre_11_1",-0.0158155856807129,3
2025-04-14,"hardware_minus_unrelated","0_10",-0.0158155856807129,4
2025-04-14,"deployer_minus_unrelated","0_10",0.00140366717366314,4
2025-04-14,"deployer_minus_unrelated","pre_21_1",0.00140366717366314,4
2025-04-15,"hardware_minus_unrelated","0_20",0.00323577578579044,7
2025-04-15,"competitor_minus_unrelated","pre_11_1",-0.0102556964241389,4
2025-04-15,"deployer_minus_unrelated","0_20",-0.00356064680484225,7
2025-04-15,"competitor_minus_unrelated","pre_21_1",-0.0102556964241389,4
2025-04-15,"competitor_minus_unrelated","0_10",-0.0102796071940701,3
2025-04-15,"hardware_minus_unrelated","pre_11_1",0.00323577578579044,4
2025-04-15,"hardware_minus_unrelated","pre_21_1",0.00323577578579044,4
2025-04-15,"hardware_minus_unrelated","0_10",0.00323577578579044,3
2025-04-15,"deployer_minus_unrelated","0_10",-0.00356064680484225,3
2025-04-15,"deployer_minus_unrelated","pre_21_1",-0.00356064680484225,4
2025-04-15,"deployer_minus_unrelated","pre_11_1",-0.00356064680484225,4
2025-04-15,"competitor_minus_unrelated","0_20",-0.0100132884569362,7
2025-04-16,"competitor_minus_unrelated","0_20",-0.0210341385009322,8
2025-04-16,"competitor_minus_unrelated","pre_11_1",-0.0230153538576066,3
2025-04-16,"hardware_minus_unrelated","0_20",-0.0254500141453591,8
2025-04-16,"competitor_minus_unrelated","0_10",-0.0202898916281721,4
2025-04-16,"competitor_minus_unrelated","pre_21_1",-0.0230153538576066,3
2025-04-16,"hardware_minus_unrelated","0_10",-0.0254500141453591,4
2025-04-16,"deployer_minus_unrelated","0_10",-0.015019834220067,4
2025-04-16,"hardware_minus_unrelated","pre_11_1",-0.0254500141453591,3
2025-04-16,"hardware_minus_unrelated","pre_21_1",-0.0254500141453591,3
2025-04-16,"deployer_minus_unrelated","pre_11_1",-0.015019834220067,3
2025-04-16,"deployer_minus_unrelated","pre_21_1",-0.015019834220067,3
2025-04-16,"deployer_minus_unrelated","0_20",-0.015019834220067,8
2025-04-17,"deployer_minus_unrelated","0_10",0.00316445234860396,5
2025-04-17,"hardware_minus_unrelated","0_20",-0.0100451298317454,9
2025-04-17,"competitor_minus_unrelated","0_20",-0.0113154870194711,9
2025-04-17,"competitor_minus_unrelated","0_10",-0.0114570527693632,5
2025-04-17,"competitor_minus_unrelated","pre_11_1",-0.014944449631173,2
2025-04-17,"hardware_minus_unrelated","pre_21_1",-0.0100451298317454,2
2025-04-17,"competitor_minus_unrelated","pre_21_1",-0.014944449631173,2
2025-04-17,"deployer_minus_unrelated","pre_11_1",0.00316445234860396,2
2025-04-17,"hardware_minus_unrelated","pre_11_1",-0.0100451298317454,2
2025-04-17,"deployer_minus_unrelated","0_20",0.00316445234860396,9
2025-04-17,"hardware_minus_unrelated","0_10",-0.0100451298317454,5
2025-04-17,"deployer_minus_unrelated","pre_21_1",0.00316445234860396,2
2025-04-21,"competitor_minus_unrelated","pre_11_1",-0.00923685783475058,2
2025-04-21,"deployer_minus_unrelated","pre_21_1",-0.00616433214294515,4
2025-04-21,"hardware_minus_unrelated","0_20",-0.00404765467731869,9
2025-04-21,"deployer_minus_unrelated","0_10",-0.00616433214294515,4
2025-04-21,"hardware_minus_unrelated","pre_21_1",-0.00404765467731869,4
2025-04-21,"deployer_minus_unrelated","pre_11_1",-0.00616433214294515,2
2025-04-21,"hardware_minus_unrelated","pre_11_1",-0.00404765467731869,2
2025-04-21,"competitor_minus_unrelated","0_20",-0.00789795848488469,9
2025-04-21,"competitor_minus_unrelated","pre_21_1",-0.0085575100194256,4
2025-04-21,"hardware_minus_unrelated","0_10",-0.00404765467731869,4
2025-04-21,"competitor_minus_unrelated","0_10",-0.00762406635154532,4
2025-04-21,"deployer_minus_unrelated","0_20",-0.00616433214294515,9
2025-04-22,"hardware_minus_unrelated","pre_11_1",-0.0288676427969391,2
2025-04-22,"competitor_minus_unrelated","pre_11_1",-0.0228311907024347,2
2025-04-22,"deployer_minus_unrelated","0_10",-0.0162092967017193,4
2025-04-22,"hardware_minus_unrelated","0_20",-0.0288676427969391,9
2025-04-22,"competitor_minus_unrelated","0_10",-0.0241259349860894,4
2025-04-22,"hardware_minus_unrelated","pre_21_1",-0.0288676427969391,4
2025-04-22,"deployer_minus_unrelated","pre_11_1",-0.0162092967017193,2
2025-04-22,"deployer_minus_unrelated","pre_21_1",-0.0162092967017193,4
2025-04-22,"deployer_minus_unrelated","0_20",-0.0162092967017193,9
2025-04-22,"competitor_minus_unrelated","pre_21_1",-0.0234704951456387,4
2025-04-22,"hardware_minus_unrelated","0_10",-0.0288676427969391,4
2025-04-22,"competitor_minus_unrelated","0_20",-0.0240261168022262,9
2025-04-23,"competitor_minus_unrelated","pre_11_1",0.0233366507566791,2
2025-04-23,"competitor_minus_unrelated","0_10",0.0195207265537579,3
2025-04-23,"deployer_minus_unrelated","0_20",0.0201031170811779,9
2025-04-23,"competitor_minus_unrelated","pre_21_1",0.0215860790681997,5
2025-04-23,"hardware_minus_unrelated","pre_11_1",0.0356573005347591,2
2025-04-23,"hardware_minus_unrelated","0_20",0.0356573005347591,9
2025-04-23,"hardware_minus_unrelated","pre_21_1",0.0356573005347591,5
2025-04-23,"hardware_minus_unrelated","0_10",0.0356573005347591,3
2025-04-23,"deployer_minus_unrelated","0_10",0.0201031170811779,3
2025-04-23,"deployer_minus_unrelated","pre_21_1",0.0201031170811779,5
2025-04-23,"competitor_minus_unrelated","0_20",0.0200419302723959,9
2025-04-23,"deployer_minus_unrelated","pre_11_1",0.0201031170811779,2
2025-04-24,"hardware_minus_unrelated","pre_11_1",0.046032998383021,2
2025-04-24,"competitor_minus_unrelated","pre_11_1",0.0108960569110966,2
2025-04-24,"hardware_minus_unrelated","0_20",0.046032998383021,6
2025-04-24,"competitor_minus_unrelated","0_10",0.0110469909949424,3
2025-04-24,"deployer_minus_unrelated","0_20",0.0122097653380906,6
2025-04-24,"competitor_minus_unrelated","pre_21_1",0.01106634316605,5
2025-04-24,"deployer_minus_unrelated","0_10",0.0122097653380906,3
2025-04-24,"deployer_minus_unrelated","pre_21_1",0.0122097653380906,5
2025-04-24,"competitor_minus_unrelated","0_20",0.0110006852839618,6
2025-04-24,"hardware_minus_unrelated","0_10",0.046032998383021,3
2025-04-24,"deployer_minus_unrelated","pre_11_1",0.0122097653380906,2
2025-04-24,"hardware_minus_unrelated","pre_21_1",0.046032998383021,5
2025-04-25,"deployer_minus_unrelated","0_10",-0.0196606347928405,3
2025-04-25,"competitor_minus_unrelated","0_10",-0.00900688815078767,3
2025-04-25,"competitor_minus_unrelated","pre_21_1",-0.0094197193790693,5
2025-04-25,"competitor_minus_unrelated","pre_11_1",-0.0096333754778318,2
2025-04-25,"deployer_minus_unrelated","pre_21_1",-0.0196606347928405,5
2025-04-25,"hardware_minus_unrelated","0_20",-0.017080461368956,6
2025-04-25,"hardware_minus_unrelated","pre_11_1",-0.017080461368956,2
2025-04-25,"deployer_minus_unrelated","pre_11_1",-0.0196606347928405,2
2025-04-25,"competitor_minus_unrelated","0_20",-0.00958137879683815,6
2025-04-25,"deployer_minus_unrelated","0_20",-0.0196606347928405,6
2025-04-25,"hardware_minus_unrelated","0_10",-0.017080461368956,3
2025-04-25,"hardware_minus_unrelated","pre_21_1",-0.017080461368956,5
2025-04-28,"competitor_minus_unrelated","pre_11_1",0.00238253985888307,2
2025-04-28,"competitor_minus_unrelated","pre_21_1",0.00383838268356081,6
2025-04-28,"hardware_minus_unrelated","pre_21_1",0.00257629535428102,6
2025-04-28,"deployer_minus_unrelated","pre_21_1",0.00305722457003242,6
2025-04-28,"hardware_minus_unrelated","pre_11_1",0.00257629535428102,2
2025-04-28,"deployer_minus_unrelated","pre_11_1",0.00305722457003242,2
2025-04-28,"deployer_minus_unrelated","0_10",0.00305722457003242,3
2025-04-28,"hardware_minus_unrelated","0_20",0.00257629535428102,6
2025-04-28,"competitor_minus_unrelated","0_10",0.00433702676315302,3
2025-04-28,"deployer_minus_unrelated","0_20",0.00305722457003242,6
2025-04-28,"hardware_minus_unrelated","0_10",0.00257629535428102,3
2025-04-28,"competitor_minus_unrelated","0_20",0.00333604884551906,6
2025-04-29,"competitor_minus_unrelated","0_20",-0.0165094892607865,7
2025-04-29,"hardware_minus_unrelated","pre_11_1",-0.0309609147810885,1
2025-04-29,"competitor_minus_unrelated","pre_21_1",-0.0156838581941891,5
2025-04-29,"deployer_minus_unrelated","0_10",-0.00927461236460059,4
2025-04-29,"competitor_minus_unrelated","pre_11_1",-0.0171456431582665,1
2025-04-29,"deployer_minus_unrelated","pre_21_1",-0.00927461236460059,5
2025-04-29,"competitor_minus_unrelated","0_10",-0.0159649348698756,4
2025-04-29,"deployer_minus_unrelated","pre_11_1",-0.00927461236460059,1
2025-04-29,"hardware_minus_unrelated","pre_21_1",-0.0309609147810885,5
2025-04-29,"hardware_minus_unrelated","0_20",-0.0309609147810885,7
2025-04-29,"deployer_minus_unrelated","0_20",-0.00927461236460059,7
2025-04-29,"hardware_minus_unrelated","0_10",-0.0309609147810885,4
2025-04-30,"deployer_minus_unrelated","pre_11_1",0.00771550837158811,1
2025-04-30,"competitor_minus_unrelated","pre_11_1",-0.00502244863152057,1
2025-04-30,"hardware_minus_unrelated","pre_11_1",0.0147145802014856,1
2025-04-30,"competitor_minus_unrelated","0_10",-0.00230632735413992,3
2025-04-30,"deployer_minus_unrelated","0_20",0.00771550837158811,6
2025-04-30,"hardware_minus_unrelated","pre_21_1",0.0147145802014856,5
2025-04-30,"competitor_minus_unrelated","0_20",-0.00261122029083199,6
2025-04-30,"deployer_minus_unrelated","pre_21_1",0.00771550837158811,5
2025-04-30,"hardware_minus_unrelated","0_10",0.0147145802014856,3
2025-04-30,"competitor_minus_unrelated","pre_21_1",-0.00269950619239919,5
2025-04-30,"hardware_minus_unrelated","0_20",0.0147145802014856,6
2025-04-30,"deployer_minus_unrelated","0_10",0.00771550837158811,3
2025-05-01,"competitor_minus_unrelated","pre_11_1",0,0
2025-05-01,"competitor_minus_unrelated","0_20",0.0276574023872276,7
2025-05-01,"deployer_minus_unrelated","pre_21_1",0.00853224684428209,4
2025-05-01,"hardware_minus_unrelated","pre_21_1",-0.00308970556685122,4
2025-05-01,"competitor_minus_unrelated","0_10",0.029056818260551,4
2025-05-01,"competitor_minus_unrelated","pre_21_1",0.030439140062895,4
2025-05-01,"hardware_minus_unrelated","0_10",-0.00308970556685122,4
2025-05-01,"hardware_minus_unrelated","0_20",-0.00308970556685122,7
2025-05-01,"hardware_minus_unrelated","pre_11_1",0,0
2025-05-01,"deployer_minus_unrelated","0_10",0.00853224684428209,4
2025-05-01,"deployer_minus_unrelated","pre_11_1",0,0
2025-05-01,"deployer_minus_unrelated","0_20",0.00853224684428209,7
2025-05-02,"competitor_minus_unrelated","0_20",-0.0124007146682965,7
2025-05-02,"competitor_minus_unrelated","0_10",-0.0118598407593926,3
2025-05-02,"hardware_minus_unrelated","pre_21_1",0.0111307159696695,5
2025-05-02,"competitor_minus_unrelated","pre_21_1",-0.0119578483375277,5
2025-05-02,"competitor_minus_unrelated","pre_11_1",0,0
2025-05-02,"deployer_minus_unrelated","pre_11_1",0,0
2025-05-02,"hardware_minus_unrelated","0_20",0.0111307159696695,7
2025-05-02,"deployer_minus_unrelated","pre_21_1",-0.00608926769106103,5
2025-05-02,"hardware_minus_unrelated","pre_11_1",0,0
2025-05-02,"hardware_minus_unrelated","0_10",0.0111307159696695,3
2025-05-02,"deployer_minus_unrelated","0_10",-0.00608926769106103,3
2025-05-02,"deployer_minus_unrelated","0_20",-0.00608926769106103,7
2025-05-05,"hardware_minus_unrelated","pre_21_1",-0.000282874548500405,5
2025-05-05,"hardware_minus_unrelated","0_20",-0.000282874548500405,6
2025-05-05,"deployer_minus_unrelated","pre_21_1",-0.00474897465958786,5
2025-05-05,"deployer_minus_unrelated","pre_11_1",-0.00474897465958786,2
2025-05-05,"hardware_minus_unrelated","0_10",-0.000282874548500405,2
2025-05-05,"competitor_minus_unrelated","0_10",0.000823668669227118,2
2025-05-05,"competitor_minus_unrelated","0_20",0.000480768371583457,6
2025-05-05,"deployer_minus_unrelated","0_10",-0.00474897465958786,2
2025-05-05,"competitor_minus_unrelated","pre_21_1",0.000157060177524393,5
2025-05-05,"competitor_minus_unrelated","pre_11_1",-0.000842852560029694,2
2025-05-05,"hardware_minus_unrelated","pre_11_1",-0.000282874548500405,2
2025-05-05,"deployer_minus_unrelated","0_20",-0.00474897465958786,6
2025-05-06,"hardware_minus_unrelated","pre_21_1",-0.00568091404787843,5
2025-05-06,"hardware_minus_unrelated","0_20",-0.00568091404787843,6
2025-05-06,"deployer_minus_unrelated","0_20",-0.0215819574203254,6
2025-05-06,"competitor_minus_unrelated","0_20",-0.00388360850512617,6
2025-05-06,"deployer_minus_unrelated","pre_21_1",-0.0215819574203254,5
2025-05-06,"competitor_minus_unrelated","0_10",-0.0054474828923597,2
2025-05-06,"competitor_minus_unrelated","pre_11_1",-0.00339173500264786,2
2025-05-06,"hardware_minus_unrelated","pre_11_1",-0.00568091404787843,2
2025-05-06,"competitor_minus_unrelated","pre_21_1",-0.00462518373647496,5
2025-05-06,"deployer_minus_unrelated","pre_11_1",-0.0215819574203254,2
2025-05-06,"hardware_minus_unrelated","0_10",-0.00568091404787843,2
2025-05-06,"deployer_minus_unrelated","0_10",-0.0215819574203254,2
2025-05-07,"competitor_minus_unrelated","0_10",-0.0415044274332532,2
2025-05-07,"hardware_minus_unrelated","0_20",0.00307081035085738,5
2025-05-07,"hardware_minus_unrelated","pre_21_1",0.00307081035085738,5
2025-05-07,"deployer_minus_unrelated","0_20",-0.0455277966900124,5
2025-05-07,"competitor_minus_unrelated","0_20",-0.0330394295873663,5
2025-05-07,"deployer_minus_unrelated","pre_21_1",-0.0455277966900124,5
2025-05-07,"deployer_minus_unrelated","0_10",-0.0455277966900124,2
2025-05-07,"competitor_minus_unrelated","pre_21_1",-0.0290745574394514,5
2025-05-07,"deployer_minus_unrelated","pre_11_1",-0.0455277966900124,3
2025-05-07,"competitor_minus_unrelated","pre_11_1",-0.0207879774435835,3
2025-05-07,"hardware_minus_unrelated","pre_11_1",0.00307081035085738,3
2025-05-07,"hardware_minus_unrelated","0_10",0.00307081035085738,2
2025-05-08,"competitor_minus_unrelated","pre_11_1",-0.0218215859679206,3
2025-05-08,"competitor_minus_unrelated","0_10",-0.0169172632592006,2
2025-05-08,"deployer_minus_unrelated","pre_11_1",-0.0135964668943827,3
2025-05-08,"hardware_minus_unrelated","pre_21_1",-0.0206015187830231,5
2025-05-08,"hardware_minus_unrelated","0_20",-0.0206015187830231,5
2025-05-08,"deployer_minus_unrelated","0_20",-0.0135964668943827,5
2025-05-08,"hardware_minus_unrelated","pre_11_1",-0.0206015187830231,3
2025-05-08,"competitor_minus_unrelated","0_20",-0.0193304739977285,5
2025-05-08,"deployer_minus_unrelated","0_10",-0.0135964668943827,2
2025-05-08,"competitor_minus_unrelated","pre_21_1",-0.0198598568844326,5
2025-05-08,"hardware_minus_unrelated","0_10",-0.0206015187830231,2
2025-05-08,"deployer_minus_unrelated","pre_21_1",-0.0135964668943827,5
2025-05-09,"competitor_minus_unrelated","0_10",-0.00235765064662273,2
2025-05-09,"hardware_minus_unrelated","pre_11_1",0.0153856768308099,3
2025-05-09,"deployer_minus_unrelated","0_10",0.00393959776344383,2
2025-05-09,"hardware_minus_unrelated","0_20",0.0153856768308099,5
2025-05-09,"competitor_minus_unrelated","0_20",-0.00156637490576959,5
2025-05-09,"competitor_minus_unrelated","pre_11_1",-0.000260274281235369,3
2025-05-09,"deployer_minus_unrelated","0_20",0.00393959776344383,5
2025-05-09,"hardware_minus_unrelated","pre_21_1",0.0153856768308099,6
2025-05-09,"competitor_minus_unrelated","pre_21_1",-0.00124143628424699,6
2025-05-09,"deployer_minus_unrelated","pre_11_1",0.00393959776344383,3
2025-05-09,"hardware_minus_unrelated","0_10",0.0153856768308099,2
2025-05-09,"deployer_minus_unrelated","pre_21_1",0.00393959776344383,6
2025-05-12,"hardware_minus_unrelated","pre_11_1",0.0813941324304955,4
2025-05-12,"hardware_minus_unrelated","pre_21_1",0.0813941324304955,6
2025-05-12,"competitor_minus_unrelated","0_20",0.0556748794732493,5
2025-05-12,"hardware_minus_unrelated","0_20",0.0813941324304955,5
2025-05-12,"deployer_minus_unrelated","pre_11_1",0.0657705177104285,4
2025-05-12,"competitor_minus_unrelated","pre_11_1",0.0573476726170547,4
2025-05-12,"competitor_minus_unrelated","0_10",0.0561659790195829,2
2025-05-12,"competitor_minus_unrelated","pre_21_1",0.0565522010073465,6
2025-05-12,"hardware_minus_unrelated","0_10",0.0813941324304955,2
2025-05-12,"deployer_minus_unrelated","0_10",0.0657705177104285,2
2025-05-12,"deployer_minus_unrelated","0_20",0.0657705177104285,5
2025-05-12,"deployer_minus_unrelated","pre_21_1",0.0657705177104285,6
2025-05-13,"deployer_minus_unrelated","pre_11_1",0.000365088545707382,4
2025-05-13,"competitor_minus_unrelated","0_20",-0.0120285287033063,5
2025-05-13,"hardware_minus_unrelated","pre_11_1",0.00803122117027597,4
2025-05-13,"hardware_minus_unrelated","pre_21_1",0.00803122117027597,6
2025-05-13,"competitor_minus_unrelated","pre_21_1",-0.0118138455711695,6
2025-05-13,"competitor_minus_unrelated","pre_11_1",-0.0116803674901419,4
2025-05-13,"competitor_minus_unrelated","0_10",-0.0115412983966518,2
2025-05-13,"hardware_minus_unrelated","0_20",0.00803122117027597,5
2025-05-13,"hardware_minus_unrelated","0_10",0.00803122117027597,2
2025-05-13,"deployer_minus_unrelated","0_20",0.000365088545707382,5
2025-05-13,"deployer_minus_unrelated","pre_21_1",0.000365088545707382,6
2025-05-13,"deployer_minus_unrelated","0_10",0.000365088545707382,2
2025-05-14,"deployer_minus_unrelated","pre_11_1",0.0112873711581119,4
2025-05-14,"competitor_minus_unrelated","0_20",0.0285369072324381,4
2025-05-14,"competitor_minus_unrelated","pre_21_1",0.0276280308271192,6
2025-05-14,"hardware_minus_unrelated","0_10",0.0194754029733979,1
2025-05-14,"hardware_minus_unrelated","pre_21_1",0.0194754029733979,6
2025-05-14,"deployer_minus_unrelated","0_20",0.0112873711581119,4
2025-05-14,"competitor_minus_unrelated","pre_11_1",0.0258102780164813,4
2025-05-14,"hardware_minus_unrelated","pre_11_1",0.0194754029733979,4
2025-05-14,"hardware_minus_unrelated","0_20",0.0194754029733979,4
2025-05-14,"deployer_minus_unrelated","0_10",0.0112873711581119,1
2025-05-14,"competitor_minus_unrelated","0_10",0.0322314888500889,1
2025-05-14,"deployer_minus_unrelated","pre_21_1",0.0112873711581119,6
2025-05-15,"hardware_minus_unrelated","0_20",0.0137887263492661,4
2025-05-15,"competitor_minus_unrelated","0_20",0.00996190278892666,4
2025-05-15,"deployer_minus_unrelated","0_20",0.0122998233631136,4
2025-05-15,"deployer_minus_unrelated","pre_11_1",0.0122998233631136,4
2025-05-15,"hardware_minus_unrelated","pre_21_1",0.0137887263492661,6
2025-05-15,"competitor_minus_unrelated","0_10",0.00771597169173666,1
2025-05-15,"deployer_minus_unrelated","0_10",0.0122998233631136,1
2025-05-15,"competitor_minus_unrelated","pre_21_1",0.0101123167329678,6
2025-05-15,"hardware_minus_unrelated","pre_11_1",0.0137887263492661,4
2025-05-15,"competitor_minus_unrelated","pre_11_1",0.0104131446210502,4
2025-05-15,"hardware_minus_unrelated","0_10",0.0137887263492661,1
2025-05-15,"deployer_minus_unrelated","pre_21_1",0.0122998233631136,6
2025-05-16,"competitor_minus_unrelated","0_10",0,0
2025-05-16,"competitor_minus_unrelated","pre_21_1",-0.0049675805016576,6
2025-05-16,"competitor_minus_unrelated","pre_11_1",-0.00554486875035589,5
2025-05-16,"deployer_minus_unrelated","0_20",-0.00353326909872605,3
2025-05-16,"deployer_minus_unrelated","pre_11_1",-0.00353326909872605,5
2025-05-16,"hardware_minus_unrelated","pre_11_1",-0.011808696212918,5
2025-05-16,"deployer_minus_unrelated","pre_21_1",-0.00353326909872605,6
2025-05-16,"hardware_minus_unrelated","pre_21_1",-0.011808696212918,6
2025-05-16,"hardware_minus_unrelated","0_20",-0.011808696212918,3
2025-05-16,"competitor_minus_unrelated","0_20",-0.00569927152994592,3
2025-05-16,"hardware_minus_unrelated","0_10",0,0
2025-05-16,"deployer_minus_unrelated","0_10",0,0
2025-05-19,"deployer_minus_unrelated","pre_11_1",-0.0162014317699726,5
2025-05-19,"competitor_minus_unrelated","0_10",0,0
2025-05-19,"hardware_minus_unrelated","0_20",-0.0196022748292728,2
2025-05-19,"competitor_minus_unrelated","pre_21_1",-0.0137265234009586,6
2025-05-19,"hardware_minus_unrelated","pre_11_1",-0.0196022748292728,5
2025-05-19,"deployer_minus_unrelated","0_20",-0.0162014317699726,2
2025-05-19,"hardware_minus_unrelated","0_10",0,0
2025-05-19,"deployer_minus_unrelated","pre_21_1",-0.0162014317699726,6
2025-05-19,"competitor_minus_unrelated","pre_11_1",-0.013870994203571,5
2025-05-19,"hardware_minus_unrelated","pre_21_1",-0.0196022748292728,6
2025-05-19,"deployer_minus_unrelated","0_10",0,0
2025-05-19,"competitor_minus_unrelated","0_20",-0.0143138677777115,2
2025-05-20,"competitor_minus_unrelated","0_10",-0.0080911159816012,2
2025-05-20,"deployer_minus_unrelated","0_20",-0.00341684255224528,4
2025-05-20,"deployer_minus_unrelated","pre_11_1",-0.00341684255224528,3
2025-05-20,"competitor_minus_unrelated","pre_21_1",-0.0114997414000362,4
2025-05-20,"hardware_minus_unrelated","pre_11_1",-0.00557324095567654,3
2025-05-20,"competitor_minus_unrelated","pre_11_1",-0.0115830307193158,3
2025-05-20,"hardware_minus_unrelated","0_20",-0.00557324095567654,4
2025-05-20,"hardware_minus_unrelated","0_10",-0.00557324095567654,2
2025-05-20,"competitor_minus_unrelated","0_20",-0.00983707335045848,4
2025-05-20,"deployer_minus_unrelated","pre_21_1",-0.00341684255224528,4
2025-05-20,"deployer_minus_unrelated","0_10",-0.00341684255224528,2
2025-05-20,"hardware_minus_unrelated","pre_21_1",-0.00557324095567654,4
2025-05-21,"competitor_minus_unrelated","0_10",0.0101438060749147,2
2025-05-21,"competitor_minus_unrelated","pre_21_1",0.0249830443070304,4
2025-05-21,"deployer_minus_unrelated","pre_11_1",0.0100318413845704,3
2025-05-21,"hardware_minus_unrelated","pre_11_1",0.0030933944066332,3
2025-05-21,"deployer_minus_unrelated","0_10",0.0100318413845704,2
2025-05-21,"deployer_minus_unrelated","pre_21_1",0.0100318413845704,4
2025-05-21,"hardware_minus_unrelated","0_20",0.0030933944066332,4
2025-05-21,"hardware_minus_unrelated","pre_21_1",0.0030933944066332,4
2025-05-21,"competitor_minus_unrelated","0_20",0.017820390130558,4
2025-05-21,"deployer_minus_unrelated","0_20",0.0100318413845704,4
2025-05-21,"hardware_minus_unrelated","0_10",0.0030933944066332,2
2025-05-21,"competitor_minus_unrelated","pre_11_1",0.0254969741862013,3
2025-05-22,"deployer_minus_unrelated","0_10",0.0100495373824916,3
2025-05-22,"hardware_minus_unrelated","pre_21_1",0.000191108270285512,3
2025-05-22,"competitor_minus_unrelated","0_10",0.0097929089438199,3
2025-05-22,"hardware_minus_unrelated","0_20",0.000191108270285512,5
2025-05-22,"deployer_minus_unrelated","pre_11_1",0.0100495373824916,2
2025-05-22,"hardware_minus_unrelated","0_10",0.000191108270285512,3
2025-05-22,"competitor_minus_unrelated","pre_11_1",0.0129003587623907,2
2025-05-22,"competitor_minus_unrelated","pre_21_1",0.0126281017222179,3
2025-05-22,"deployer_minus_unrelated","0_20",0.0100495373824916,5
2025-05-22,"hardware_minus_unrelated","pre_11_1",0.000191108270285512,2
2025-05-22,"competitor_minus_unrelated","0_20",0.0110358888712482,5
2025-05-22,"deployer_minus_unrelated","pre_21_1",0.0100495373824916,3
2025-05-23,"hardware_minus_unrelated","pre_21_1",0.0272793963720254,3
2025-05-23,"deployer_minus_unrelated","0_10",0.036402778071704,3
2025-05-23,"competitor_minus_unrelated","0_10",0.0218030733793843,3
2025-05-23,"deployer_minus_unrelated","0_20",0.036402778071704,5
2025-05-23,"hardware_minus_unrelated","0_20",0.0272793963720254,5
2025-05-23,"competitor_minus_unrelated","pre_21_1",0.0226339467753348,3
2025-05-23,"deployer_minus_unrelated","pre_11_1",0.036402778071704,3
2025-05-23,"hardware_minus_unrelated","pre_11_1",0.0272793963720254,3
2025-05-23,"competitor_minus_unrelated","0_20",0.0221208175143837,5
2025-05-23,"hardware_minus_unrelated","0_10",0.0272793963720254,3
2025-05-23,"competitor_minus_unrelated","pre_11_1",0.0226339467753348,3
2025-05-23,"deployer_minus_unrelated","pre_21_1",0.036402778071704,3
2025-05-27,"hardware_minus_unrelated","pre_21_1",0.0261108065917241,3
2025-05-27,"deployer_minus_unrelated","0_20",-0.048686449095287,5
2025-05-27,"hardware_minus_unrelated","0_20",0.0261108065917241,5
2025-05-27,"competitor_minus_unrelated","0_10",0.0130918114208685,3
2025-05-27,"hardware_minus_unrelated","pre_11_1",0.0261108065917241,3
2025-05-27,"competitor_minus_unrelated","pre_11_1",0.0147515634518773,3
2025-05-27,"competitor_minus_unrelated","pre_21_1",0.0147515634518773,3
2025-05-27,"hardware_minus_unrelated","0_10",0.0261108065917241,3
2025-05-27,"deployer_minus_unrelated","pre_21_1",-0.048686449095287,3
2025-05-27,"deployer_minus_unrelated","pre_11_1",-0.048686449095287,3
2025-05-27,"competitor_minus_unrelated","0_20",0.0140171010352812,5
2025-05-27,"deployer_minus_unrelated","0_10",-0.048686449095287,3
2025-05-28,"deployer_minus_unrelated","0_20",0.00137372718510625,6
2025-05-28,"competitor_minus_unrelated","0_10",0.0128970294451364,4
2025-05-28,"hardware_minus_unrelated","pre_11_1",0.0115546086391444,2
2025-05-28,"competitor_minus_unrelated","pre_11_1",0.0126128539931171,2
2025-05-28,"deployer_minus_unrelated","pre_11_1",0.00137372718510625,2
2025-05-28,"hardware_minus_unrelated","0_10",0.0115546086391444,4
2025-05-28,"deployer_minus_unrelated","pre_21_1",0.00137372718510625,2
2025-05-28,"hardware_minus_unrelated","pre_21_1",0.0115546086391444,2
2025-05-28,"hardware_minus_unrelated","0_20",0.0115546086391444,6
2025-05-28,"competitor_minus_unrelated","0_20",0.0128008618281133,6
2025-05-28,"deployer_minus_unrelated","0_10",0.00137372718510625,4
2025-05-28,"competitor_minus_unrelated","pre_21_1",0.0126128539931171,2
2025-05-29,"competitor_minus_unrelated","pre_11_1",-0.00471759297074273,2
2025-05-29,"deployer_minus_unrelated","0_20",-0.00711659625095986,5
2025-05-29,"hardware_minus_unrelated","pre_11_1",-0.00463058341129338,2
2025-05-29,"hardware_minus_unrelated","0_10",-0.00463058341129338,4
2025-05-29,"deployer_minus_unrelated","0_10",-0.00711659625095986,4
2025-05-29,"hardware_minus_unrelated","pre_21_1",-0.00463058341129338,2
2025-05-29,"competitor_minus_unrelated","0_10",-0.00404205152073423,4
2025-05-29,"deployer_minus_unrelated","pre_21_1",-0.00711659625095986,2
2025-05-29,"hardware_minus_unrelated","0_20",-0.00463058341129338,5
2025-05-29,"deployer_minus_unrelated","pre_11_1",-0.00711659625095986,2
2025-05-29,"competitor_minus_unrelated","0_20",-0.00423117225404575,5
2025-05-29,"competitor_minus_unrelated","pre_21_1",-0.00471759297074273,2
2025-05-30,"hardware_minus_unrelated","pre_11_1",-0.0241999193133386,2
2025-05-30,"deployer_minus_unrelated","pre_21_1",-0.0011032837221347,2
2025-05-30,"competitor_minus_unrelated","pre_11_1",-0.0009042299903926,2
2025-05-30,"hardware_minus_unrelated","pre_21_1",-0.0241999193133386,2
2025-05-30,"competitor_minus_unrelated","0_10",-0.000120903055727328,4
2025-05-30,"deployer_minus_unrelated","0_20",-0.0011032837221347,5
2025-05-30,"hardware_minus_unrelated","0_20",-0.0241999193133386,5
2025-05-30,"deployer_minus_unrelated","pre_11_1",-0.0011032837221347,2
2025-05-30,"deployer_minus_unrelated","0_10",-0.0011032837221347,4
2025-05-30,"hardware_minus_unrelated","0_10",-0.0241999193133386,4
2025-05-30,"competitor_minus_unrelated","0_20",-0.000311948246622886,5
2025-05-30,"competitor_minus_unrelated","pre_21_1",-0.0009042299903926,2
2025-06-02,"hardware_minus_unrelated","pre_11_1",0.0149091725308843,2
2025-06-02,"deployer_minus_unrelated","pre_21_1",0.00657283858896949,2
2025-06-02,"deployer_minus_unrelated","pre_11_1",0.00657283858896949,2
2025-06-02,"competitor_minus_unrelated","0_10",0.00213087112170078,4
2025-06-02,"competitor_minus_unrelated","pre_11_1",-0.00103482872879314,2
2025-06-02,"competitor_minus_unrelated","0_20",0.00213087112170078,4
2025-06-02,"deployer_minus_unrelated","0_10",0.00657283858896949,4
2025-06-02,"deployer_minus_unrelated","0_20",0.00657283858896949,4
2025-06-02,"competitor_minus_unrelated","pre_21_1",-0.00103482872879314,2
2025-06-02,"hardware_minus_unrelated","0_20",0.0149091725308843,4
2025-06-02,"hardware_minus_unrelated","pre_21_1",0.0149091725308843,2
2025-06-02,"hardware_minus_unrelated","0_10",0.0149091725308843,4
2025-06-03,"deployer_minus_unrelated","pre_21_1",-0.0108499885621052,1
2025-06-03,"competitor_minus_unrelated","pre_21_1",-0.0224074402526445,1
2025-06-03,"competitor_minus_unrelated","0_20",-0.0221855891415391,5
2025-06-03,"hardware_minus_unrelated","pre_11_1",0.00424241819452491,1
2025-06-03,"competitor_minus_unrelated","0_10",-0.0221855891415391,5
2025-06-03,"deployer_minus_unrelated","0_20",-0.0108499885621052,5
2025-06-03,"hardware_minus_unrelated","pre_21_1",0.00424241819452491,1
2025-06-03,"deployer_minus_unrelated","0_10",-0.0108499885621052,5
2025-06-03,"deployer_minus_unrelated","pre_11_1",-0.0108499885621052,1
2025-06-03,"competitor_minus_unrelated","pre_11_1",-0.0224074402526445,1
2025-06-03,"hardware_minus_unrelated","0_10",0.00424241819452491,5
2025-06-03,"hardware_minus_unrelated","0_20",0.00424241819452491,5
2025-06-04,"hardware_minus_unrelated","pre_21_1",0.0268327810055522,1
2025-06-04,"hardware_minus_unrelated","0_20",0.0268327810055522,5
2025-06-04,"deployer_minus_unrelated","0_20",0.0258399539825209,5
2025-06-04,"competitor_minus_unrelated","0_20",0.0217159419834419,5
2025-06-04,"hardware_minus_unrelated","pre_11_1",0.0268327810055522,1
2025-06-04,"deployer_minus_unrelated","0_10",0.0258399539825209,5
2025-06-04,"competitor_minus_unrelated","pre_21_1",0.0212649145878161,1
2025-06-04,"competitor_minus_unrelated","0_10",0.0217159419834419,5
2025-06-04,"hardware_minus_unrelated","0_10",0.0268327810055522,5
2025-06-04,"competitor_minus_unrelated","pre_11_1",0.0212649145878161,1
2025-06-04,"deployer_minus_unrelated","pre_21_1",0.0258399539825209,1
2025-06-04,"deployer_minus_unrelated","pre_11_1",0.0258399539825209,1
2025-06-05,"deployer_minus_unrelated","0_20",-0.000305473365329953,5
2025-06-05,"hardware_minus_unrelated","pre_21_1",0.00842789678645742,1
2025-06-05,"hardware_minus_unrelated","0_20",0.00842789678645742,5
2025-06-05,"deployer_minus_unrelated","0_10",-0.000305473365329953,3
2025-06-05,"hardware_minus_unrelated","pre_11_1",0.00842789678645742,1
2025-06-05,"hardware_minus_unrelated","0_10",0.00842789678645742,3
2025-06-05,"competitor_minus_unrelated","0_20",0.0100987732089685,5
2025-06-05,"competitor_minus_unrelated","pre_11_1",0.0108626758934231,1
2025-06-05,"deployer_minus_unrelated","pre_21_1",-0.000305473365329953,1
2025-06-05,"competitor_minus_unrelated","0_10",0.0102101301397772,3
2025-06-05,"deployer_minus_unrelated","pre_11_1",-0.000305473365329953,1
2025-06-05,"competitor_minus_unrelated","pre_21_1",0.0108626758934231,1
2025-06-06,"hardware_minus_unrelated","pre_21_1",-0.000324780778173651,2
2025-06-06,"deployer_minus_unrelated","0_20",0.00309030539920474,5
2025-06-06,"hardware_minus_unrelated","0_10",-0.000324780778173651,3
2025-06-06,"competitor_minus_unrelated","pre_21_1",0.00872563281685768,2
2025-06-06,"hardware_minus_unrelated","pre_11_1",-0.000324780778173651,1
2025-06-06,"competitor_minus_unrelated","0_10",0.0101121317125522,3
2025-06-06,"deployer_minus_unrelated","pre_11_1",0.00309030539920474,1
2025-06-06,"deployer_minus_unrelated","0_10",0.00309030539920474,3
2025-06-06,"deployer_minus_unrelated","pre_21_1",0.00309030539920474,2
2025-06-06,"hardware_minus_unrelated","0_20",-0.000324780778173651,5
2025-06-06,"competitor_minus_unrelated","0_20",0.00634332714135466,5
2025-06-06,"competitor_minus_unrelated","pre_11_1",0.00733913392116314,1
2025-06-09,"deployer_minus_unrelated","pre_11_1",-0.0258725504560632,1
2025-06-09,"competitor_minus_unrelated","pre_21_1",-0.0203047161860842,2
2025-06-09,"deployer_minus_unrelated","0_20",-0.0258725504560632,5
2025-06-09,"hardware_minus_unrelated","0_10",0.00154161932589467,2
2025-06-09,"competitor_minus_unrelated","0_10",-0.0198476035607862,2
2025-06-09,"hardware_minus_unrelated","pre_11_1",0.00154161932589467,1
2025-06-09,"deployer_minus_unrelated","pre_21_1",-0.0258725504560632,2
2025-06-09,"hardware_minus_unrelated","0_20",0.00154161932589467,5
2025-06-09,"deployer_minus_unrelated","0_10",-0.0258725504560632,2
2025-06-09,"competitor_minus_unrelated","0_20",-0.0227973832403131,5
2025-06-09,"hardware_minus_unrelated","pre_21_1",0.00154161932589467,2
2025-06-09,"competitor_minus_unrelated","pre_11_1",-0.0207618288113822,1
2025-06-10,"hardware_minus_unrelated","0_10",0.0209580969220129,3
2025-06-10,"competitor_minus_unrelated","0_10",0.00986287223659092,3
2025-06-10,"hardware_minus_unrelated","0_20",0.0209580969220129,6
2025-06-10,"competitor_minus_unrelated","pre_21_1",0.0103546100271764,2
2025-06-10,"deployer_minus_unrelated","0_10",0.0026659864747409,3
2025-06-10,"hardware_minus_unrelated","pre_21_1",0.0209580969220129,2
2025-06-10,"hardware_minus_unrelated","pre_11_1",0,0
2025-06-10,"deployer_minus_unrelated","0_20",0.0026659864747409,6
2025-06-10,"deployer_minus_unrelated","pre_21_1",0.0026659864747409,2
2025-06-10,"competitor_minus_unrelated","pre_11_1",0,0
2025-06-10,"deployer_minus_unrelated","pre_11_1",0,0
2025-06-10,"competitor_minus_unrelated","0_20",0.00846188629226174,6
2025-06-11,"deployer_minus_unrelated","0_10",0.00798884208875243,3
2025-06-11,"deployer_minus_unrelated","pre_21_1",0.00798884208875243,2
2025-06-11,"hardware_minus_unrelated","pre_21_1",0.00279014086077536,2
2025-06-11,"hardware_minus_unrelated","pre_11_1",0,0
2025-06-11,"hardware_minus_unrelated","0_20",0.00279014086077536,6
2025-06-11,"hardware_minus_unrelated","0_10",0.00279014086077536,3
2025-06-11,"competitor_minus_unrelated","pre_21_1",-0.000732182835284978,2
2025-06-11,"deployer_minus_unrelated","pre_11_1",0,0
2025-06-11,"competitor_minus_unrelated","0_10",-0.000705257705953872,3
2025-06-11,"deployer_minus_unrelated","0_20",0.00798884208875243,6
2025-06-11,"competitor_minus_unrelated","0_20",-0.000900971657682329,6
2025-06-11,"competitor_minus_unrelated","pre_11_1",0,0
2025-06-12,"hardware_minus_unrelated","0_10",0.00789824807931369,2
2025-06-12,"deployer_minus_unrelated","pre_21_1",0.00706520003102007,2
2025-06-12,"hardware_minus_unrelated","pre_11_1",0,0
2025-06-12,"deployer_minus_unrelated","0_20",0.00706520003102007,6
2025-06-12,"competitor_minus_unrelated","0_20",0.00806218958418311,6
2025-06-12,"deployer_minus_unrelated","0_10",0.00706520003102007,2
2025-06-12,"hardware_minus_unrelated","0_20",0.00789824807931369,6
2025-06-12,"hardware_minus_unrelated","pre_21_1",0.00789824807931369,2
2025-06-12,"competitor_minus_unrelated","pre_21_1",0.00627107442713857,2
2025-06-12,"deployer_minus_unrelated","pre_11_1",0,0
2025-06-12,"competitor_minus_unrelated","0_10",0.00652846097003213,2
2025-06-12,"competitor_minus_unrelated","pre_11_1",0,0
2025-06-13,"hardware_minus_unrelated","pre_11_1",0,0
2025-06-13,"deployer_minus_unrelated","pre_21_1",-0.00438985923344657,2
2025-06-13,"hardware_minus_unrelated","0_10",-0.0177947241234935,2
2025-06-13,"competitor_minus_unrelated","0_20",-0.00951227002832381,6
2025-06-13,"hardware_minus_unrelated","pre_21_1",-0.0177947241234935,2
2025-06-13,"deployer_minus_unrelated","0_20",-0.00438985923344657,6
2025-06-13,"competitor_minus_unrelated","pre_11_1",0,0
2025-06-13,"competitor_minus_unrelated","0_10",-0.00767232843833839,2
2025-06-13,"hardware_minus_unrelated","0_20",-0.0177947241234935,6
2025-06-13,"competitor_minus_unrelated","pre_21_1",-0.00405924418939095,2
2025-06-13,"deployer_minus_unrelated","0_10",-0.00438985923344657,2
2025-06-13,"deployer_minus_unrelated","pre_11_1",0,0
2025-06-16,"competitor_minus_unrelated","0_20",0.012408557469927,6
2025-06-16,"competitor_minus_unrelated","0_10",0.011686382039617,2
2025-06-16,"hardware_minus_unrelated","pre_11_1",0,0
2025-06-16,"hardware_minus_unrelated","0_20",0.030831093495585,6
2025-06-16,"deployer_minus_unrelated","pre_11_1",0,0
2025-06-16,"deployer_minus_unrelated","pre_21_1",0.0113153214826043,2
2025-06-16,"deployer_minus_unrelated","0_10",0.0113153214826043,2
2025-06-16,"competitor_minus_unrelated","pre_11_1",0,0
2025-06-16,"hardware_minus_unrelated","0_10",0.030831093495585,2
2025-06-16,"hardware_minus_unrelated","pre_21_1",0.030831093495585,2
2025-06-16,"competitor_minus_unrelated","pre_21_1",0.0107405688501855,2
2025-06-16,"deployer_minus_unrelated","0_20",0.0113153214826043,6
2025-06-17,"competitor_minus_unrelated","0_20",0.000686154983709766,6
2025-06-17,"hardware_minus_unrelated","0_10",0.00646782668016747,2
2025-06-17,"competitor_minus_unrelated","0_10",0.00217040445961385,2
2025-06-17,"competitor_minus_unrelated","pre_11_1",0,0
2025-06-17,"deployer_minus_unrelated","pre_21_1",0.00293925400406679,2
2025-06-17,"hardware_minus_unrelated","pre_11_1",0,0
2025-06-17,"deployer_minus_unrelated","pre_11_1",0,0
2025-06-17,"hardware_minus_unrelated","pre_21_1",0.00646782668016747,2
2025-06-17,"deployer_minus_unrelated","0_10",0.00293925400406679,2
2025-06-17,"competitor_minus_unrelated","pre_21_1",0.00559039928441917,2
2025-06-17,"deployer_minus_unrelated","0_20",0.00293925400406679,6
2025-06-17,"hardware_minus_unrelated","0_20",0.00646782668016747,6
2025-06-18,"competitor_minus_unrelated","0_10",0.00791673165064769,1
2025-06-18,"hardware_minus_unrelated","0_10",0.0212205231282396,1
2025-06-18,"hardware_minus_unrelated","pre_11_1",0,0
2025-06-18,"competitor_minus_unrelated","pre_21_1",0.00907181366498731,3
2025-06-18,"deployer_minus_unrelated","pre_11_1",0,0
2025-06-18,"deployer_minus_unrelated","0_20",0.0167656122936666,6
2025-06-18,"deployer_minus_unrelated","pre_21_1",0.0167656122936666,3
2025-06-18,"hardware_minus_unrelated","0_20",0.0212205231282396,6
2025-06-18,"hardware_minus_unrelated","pre_21_1",0.0212205231282396,3
2025-06-18,"competitor_minus_unrelated","pre_11_1",0,0
2025-06-18,"deployer_minus_unrelated","0_10",0.0167656122936666,1
2025-06-18,"competitor_minus_unrelated","0_20",0.0102097709930507,6
2025-06-20,"hardware_minus_unrelated","pre_11_1",0,0
2025-06-20,"deployer_minus_unrelated","pre_11_1",0,0
2025-06-20,"competitor_minus_unrelated","0_10",-0.0198792774237079,1
2025-06-20,"deployer_minus_unrelated","pre_21_1",-0.00259866508292198,3
2025-06-20,"deployer_minus_unrelated","0_20",-0.00259866508292198,4
2025-06-20,"hardware_minus_unrelated","pre_21_1",-0.0135303908945339,3
2025-06-20,"competitor_minus_unrelated","pre_21_1",-0.0219582480144593,3
2025-06-20,"hardware_minus_unrelated","0_10",-0.0135303908945339,1
2025-06-20,"hardware_minus_unrelated","0_20",-0.0135303908945339,4
2025-06-20,"competitor_minus_unrelated","0_20",-0.0214385053667715,4
2025-06-20,"competitor_minus_unrelated","pre_11_1",0,0
2025-06-20,"deployer_minus_unrelated","0_10",-0.00259866508292198,1
2025-06-23,"hardware_minus_unrelated","pre_21_1",0.008395052264326,3
2025-06-23,"hardware_minus_unrelated","0_20",0.008395052264326,4
2025-06-23,"deployer_minus_unrelated","0_20",0.0178548652738671,4
2025-06-23,"hardware_minus_unrelated","pre_11_1",0.008395052264326,1
2025-06-23,"deployer_minus_unrelated","pre_21_1",0.0178548652738671,3
2025-06-23,"competitor_minus_unrelated","0_10",0.00530494327988958,1
2025-06-23,"competitor_minus_unrelated","pre_11_1",0.00473190895993476,1
2025-06-23,"hardware_minus_unrelated","0_10",0.008395052264326,1
2025-06-23,"competitor_minus_unrelated","pre_21_1",0.00473190895993476,3
2025-06-23,"deployer_minus_unrelated","0_10",0.0178548652738671,1
2025-06-23,"competitor_minus_unrelated","0_20",0.00487516753992347,4
2025-06-23,"deployer_minus_unrelated","pre_11_1",0.0178548652738671,1
2025-06-24,"hardware_minus_unrelated","pre_21_1",0.0209970110841921,3
2025-06-24,"deployer_minus_unrelated","0_20",0.00584220837038185,3
2025-06-24,"deployer_minus_unrelated","pre_21_1",0.00584220837038185,3
2025-06-24,"competitor_minus_unrelated","0_20",-0.00940510429141856,3
2025-06-24,"hardware_minus_unrelated","0_20",0.0209970110841921,3
2025-06-24,"hardware_minus_unrelated","0_10",0.0209970110841921,1
2025-06-24,"hardware_minus_unrelated","pre_11_1",0.0209970110841921,1
2025-06-24,"deployer_minus_unrelated","0_10",0.00584220837038185,1
2025-06-24,"competitor_minus_unrelated","0_10",-0.00969078447813008,1
2025-06-24,"competitor_minus_unrelated","pre_11_1",-0.0092622641980628,1
2025-06-24,"competitor_minus_unrelated","pre_21_1",-0.0092622641980628,3
2025-06-24,"deployer_minus_unrelated","pre_11_1",0.00584220837038185,1
2025-06-25,"deployer_minus_unrelated","0_20",-0.0147687592586765,3
2025-06-25,"competitor_minus_unrelated","0_20",-0.00138203013199947,3
2025-06-25,"hardware_minus_unrelated","0_10",-0.00388260473821081,1
2025-06-25,"hardware_minus_unrelated","pre_11_1",-0.00388260473821081,2
2025-06-25,"hardware_minus_unrelated","0_20",-0.00388260473821081,3
2025-06-25,"hardware_minus_unrelated","pre_21_1",-0.00388260473821081,3
2025-06-25,"competitor_minus_unrelated","pre_11_1",-0.00156621095897405,2
2025-06-25,"deployer_minus_unrelated","pre_21_1",-0.0147687592586765,3
2025-06-25,"deployer_minus_unrelated","0_10",-0.0147687592586765,1
2025-06-25,"competitor_minus_unrelated","0_10",-0.00101366847805033,1
2025-06-25,"competitor_minus_unrelated","pre_21_1",-0.00156621095897405,3
2025-06-25,"deployer_minus_unrelated","pre_11_1",-0.0147687592586765,2
2025-06-26,"hardware_minus_unrelated","pre_11_1",0.0130561164512011,2
2025-06-26,"hardware_minus_unrelated","0_20",0.0130561164512011,3
2025-06-26,"competitor_minus_unrelated","0_20",0.0164403063672868,3
2025-06-26,"competitor_minus_unrelated","0_10",0,0
2025-06-26,"deployer_minus_unrelated","0_20",0.00902647094584449,3
2025-06-26,"deployer_minus_unrelated","pre_21_1",0.00902647094584449,4
2025-06-26,"hardware_minus_unrelated","0_10",0,0
2025-06-26,"competitor_minus_unrelated","pre_11_1",0.0175487023006909,2
2025-06-26,"deployer_minus_unrelated","pre_11_1",0.00902647094584449,2
2025-06-26,"hardware_minus_unrelated","pre_21_1",0.0130561164512011,4
2025-06-26,"competitor_minus_unrelated","pre_21_1",0.0175487023006909,4
2025-06-26,"deployer_minus_unrelated","0_10",0,0
2025-06-27,"hardware_minus_unrelated","pre_11_1",0.0053105553900597,2
2025-06-27,"hardware_minus_unrelated","0_10",0,0
2025-06-27,"competitor_minus_unrelated","0_10",0,0
2025-06-27,"hardware_minus_unrelated","pre_21_1",0.0053105553900597,4
2025-06-27,"competitor_minus_unrelated","pre_11_1",0.0166073846096319,2
2025-06-27,"competitor_minus_unrelated","pre_21_1",0.0166073846096319,4
2025-06-27,"hardware_minus_unrelated","0_20",0.0053105553900597,2
2025-06-27,"deployer_minus_unrelated","0_20",0.0068350464009076,2
2025-06-27,"deployer_minus_unrelated","pre_21_1",0.0068350464009076,4
2025-06-27,"deployer_minus_unrelated","0_10",0,0
2025-06-27,"deployer_minus_unrelated","pre_11_1",0.0068350464009076,2
2025-06-27,"competitor_minus_unrelated","0_20",0.0158226223504304,2
2025-06-30,"hardware_minus_unrelated","0_20",-0.0281253176503735,2
2025-06-30,"deployer_minus_unrelated","0_20",-0.0184313991174636,2
2025-06-30,"competitor_minus_unrelated","0_10",0,0
2025-06-30,"competitor_minus_unrelated","pre_11_1",-0.0271475403365908,2
2025-06-30,"deployer_minus_unrelated","0_10",0,0
2025-06-30,"hardware_minus_unrelated","pre_21_1",-0.0281253176503735,4
2025-06-30,"hardware_minus_unrelated","pre_11_1",-0.0281253176503735,2
2025-06-30,"competitor_minus_unrelated","0_20",-0.0271134907998461,2
2025-06-30,"deployer_minus_unrelated","pre_21_1",-0.0184313991174636,4
2025-06-30,"deployer_minus_unrelated","pre_11_1",-0.0184313991174636,2
2025-06-30,"competitor_minus_unrelated","pre_21_1",-0.0271475403365908,4
2025-06-30,"hardware_minus_unrelated","0_10",0,0
2025-07-01,"hardware_minus_unrelated","0_20",0.028400113870642,2
2025-07-01,"deployer_minus_unrelated","0_10",0,0
2025-07-01,"competitor_minus_unrelated","0_10",0,0
2025-07-01,"competitor_minus_unrelated","0_20",0.0290079280500464,2
2025-07-01,"competitor_minus_unrelated","pre_11_1",0.0274111353139578,2
2025-07-01,"deployer_minus_unrelated","pre_11_1",0.0285351337117391,2
2025-07-01,"deployer_minus_unrelated","pre_21_1",0.0285351337117391,4
2025-07-01,"competitor_minus_unrelated","pre_21_1",0.0274111353139578,4
2025-07-01,"hardware_minus_unrelated","pre_11_1",0.028400113870642,2
2025-07-01,"hardware_minus_unrelated","0_10",0,0
2025-07-01,"hardware_minus_unrelated","pre_21_1",0.028400113870642,4
2025-07-01,"deployer_minus_unrelated","0_20",0.0285351337117391,2
2025-07-02,"deployer_minus_unrelated","0_10",0,0
2025-07-02,"competitor_minus_unrelated","pre_11_1",-0.0241361928335604,2
2025-07-02,"hardware_minus_unrelated","pre_11_1",-0.0167067092169704,2
2025-07-02,"competitor_minus_unrelated","0_20",-0.0277739470062042,2
2025-07-02,"competitor_minus_unrelated","pre_21_1",-0.0241361928335604,4
2025-07-02,"deployer_minus_unrelated","pre_11_1",-0.0293139933633177,2
2025-07-02,"hardware_minus_unrelated","0_10",0,0
2025-07-02,"deployer_minus_unrelated","pre_21_1",-0.0293139933633177,4
2025-07-02,"hardware_minus_unrelated","pre_21_1",-0.0167067092169704,4
2025-07-02,"hardware_minus_unrelated","0_20",-0.0167067092169704,2
2025-07-02,"deployer_minus_unrelated","0_20",-0.0293139933633177,2
2025-07-02,"competitor_minus_unrelated","0_10",0,0
2025-07-03,"hardware_minus_unrelated","0_10",0,0
2025-07-03,"hardware_minus_unrelated","pre_11_1",-0.00477312127409502,3
2025-07-03,"deployer_minus_unrelated","pre_21_1",-0.00772816776076868,4
2025-07-03,"hardware_minus_unrelated","0_20",-0.00477312127409502,1
2025-07-03,"hardware_minus_unrelated","pre_21_1",-0.00477312127409502,4
2025-07-03,"deployer_minus_unrelated","pre_11_1",-0.00772816776076868,3
2025-07-03,"competitor_minus_unrelated","pre_11_1",-0.000636189404521837,3
2025-07-03,"deployer_minus_unrelated","0_20",-0.00772816776076868,1
2025-07-03,"competitor_minus_unrelated","pre_21_1",-0.000636189404521837,4
2025-07-03,"deployer_minus_unrelated","0_10",0,0
2025-07-03,"competitor_minus_unrelated","0_20",-0.00153317564503682,1
2025-07-03,"competitor_minus_unrelated","0_10",0,0
2025-07-07,"hardware_minus_unrelated","pre_11_1",-0.00210707666049759,3
2025-07-07,"hardware_minus_unrelated","0_10",0,0
2025-07-07,"deployer_minus_unrelated","pre_11_1",0.0274347415303029,3
2025-07-07,"competitor_minus_unrelated","pre_11_1",0.00603670839893336,3
2025-07-07,"hardware_minus_unrelated","pre_21_1",-0.00210707666049759,6
2025-07-07,"deployer_minus_unrelated","0_10",0,0
2025-07-07,"deployer_minus_unrelated","pre_21_1",0.0274347415303029,6
2025-07-07,"hardware_minus_unrelated","0_20",-0.00210707666049759,1
2025-07-07,"deployer_minus_unrelated","0_20",0.0274347415303029,1
2025-07-07,"competitor_minus_unrelated","0_10",0,0
2025-07-07,"competitor_minus_unrelated","pre_21_1",0.006150435624141,6
2025-07-07,"competitor_minus_unrelated","0_20",0.00671907175017924,1
2025-07-08,"deployer_minus_unrelated","pre_21_1",-0.0049526627585715,6
2025-07-08,"deployer_minus_unrelated","0_20",-0.0049526627585715,1
2025-07-08,"hardware_minus_unrelated","0_10",0,0
2025-07-08,"hardware_minus_unrelated","pre_21_1",0.0144615189271988,6
2025-07-08,"hardware_minus_unrelated","pre_11_1",0.0144615189271988,3
2025-07-08,"competitor_minus_unrelated","0_20",-0.0030654438798519,1
2025-07-08,"deployer_minus_unrelated","pre_11_1",-0.0049526627585715,3
2025-07-08,"competitor_minus_unrelated","pre_21_1",-0.00574304706562795,6
2025-07-08,"hardware_minus_unrelated","0_20",0.0144615189271988,1
2025-07-08,"competitor_minus_unrelated","pre_11_1",-0.00627856770278317,3
2025-07-08,"competitor_minus_unrelated","0_10",0,0
2025-07-08,"deployer_minus_unrelated","0_10",0,0
2025-07-09,"hardware_minus_unrelated","0_10",-0.0179393379083494,1
2025-07-09,"hardware_minus_unrelated","pre_11_1",-0.0179393379083494,2
2025-07-09,"deployer_minus_unrelated","pre_21_1",-0.0139739611494608,6
2025-07-09,"deployer_minus_unrelated","0_20",-0.0139739611494608,2
2025-07-09,"deployer_minus_unrelated","pre_11_1",-0.0139739611494608,2
2025-07-09,"deployer_minus_unrelated","0_10",-0.0139739611494608,1
2025-07-09,"competitor_minus_unrelated","pre_11_1",-0.00533766028410383,2
2025-07-09,"competitor_minus_unrelated","0_10",-0.00533766028410383,1
2025-07-09,"competitor_minus_unrelated","pre_21_1",-0.00732864039869443,6
2025-07-09,"hardware_minus_unrelated","pre_21_1",-0.0179393379083494,6
2025-07-09,"hardware_minus_unrelated","0_20",-0.0179393379083494,2
2025-07-09,"competitor_minus_unrelated","0_20",-0.00832413045598974,2
2025-07-10,"competitor_minus_unrelated","0_10",0.00148088843329446,1
2025-07-10,"deployer_minus_unrelated","pre_11_1",-0.00839063547691861,2
2025-07-10,"hardware_minus_unrelated","0_10",0.00910944457528254,1
2025-07-10,"deployer_minus_unrelated","0_10",-0.00839063547691861,1
2025-07-10,"competitor_minus_unrelated","pre_11_1",0.00148088843329446,2
2025-07-10,"deployer_minus_unrelated","pre_21_1",-0.00839063547691861,6
2025-07-10,"hardware_minus_unrelated","pre_21_1",0.00910944457528254,6
2025-07-10,"deployer_minus_unrelated","0_20",-0.00839063547691861,2
2025-07-10,"competitor_minus_unrelated","0_20",0.000946695620508988,2
2025-07-10,"competitor_minus_unrelated","pre_21_1",0.00112475989143748,6
2025-07-10,"hardware_minus_unrelated","0_20",0.00910944457528254,2
2025-07-10,"hardware_minus_unrelated","pre_11_1",0.00910944457528254,2
2025-07-11,"competitor_minus_unrelated","pre_21_1",-0.0120287274836482,5
2025-07-11,"competitor_minus_unrelated","pre_11_1",-0.010398749744057,2
2025-07-11,"hardware_minus_unrelated","0_20",-0.0137670218548541,2
2025-07-11,"hardware_minus_unrelated","pre_21_1",-0.0137670218548541,5
2025-07-11,"deployer_minus_unrelated","0_10",-0.01216871988536,2
2025-07-11,"competitor_minus_unrelated","0_10",-0.010398749744057,2
2025-07-11,"hardware_minus_unrelated","0_10",-0.0137670218548541,2
2025-07-11,"deployer_minus_unrelated","0_20",-0.01216871988536,2
2025-07-11,"deployer_minus_unrelated","pre_11_1",-0.01216871988536,2
2025-07-11,"hardware_minus_unrelated","pre_11_1",-0.0137670218548541,2
2025-07-11,"competitor_minus_unrelated","0_20",-0.010398749744057,2
2025-07-11,"deployer_minus_unrelated","pre_21_1",-0.01216871988536,5
2025-07-14,"competitor_minus_unrelated","0_10",-0.0181085860638647,2
2025-07-14,"hardware_minus_unrelated","0_10",-0.027125436436966,2
2025-07-14,"competitor_minus_unrelated","pre_21_1",-0.0175474457342998,5
2025-07-14,"deployer_minus_unrelated","0_10",-0.028321146651476,2
2025-07-14,"deployer_minus_unrelated","0_20",-0.028321146651476,2
2025-07-14,"hardware_minus_unrelated","pre_21_1",-0.027125436436966,5
2025-07-14,"deployer_minus_unrelated","pre_21_1",-0.028321146651476,5
2025-07-14,"competitor_minus_unrelated","0_20",-0.0181085860638647,2
2025-07-14,"deployer_minus_unrelated","pre_11_1",-0.028321146651476,2
2025-07-14,"hardware_minus_unrelated","0_20",-0.027125436436966,2
2025-07-14,"hardware_minus_unrelated","pre_11_1",-0.027125436436966,2
2025-07-14,"competitor_minus_unrelated","pre_11_1",-0.0181085860638647,2
2025-07-15,"deployer_minus_unrelated","0_20",0.013919532029902,2
2025-07-15,"competitor_minus_unrelated","0_20",0.012320277823545,2
2025-07-15,"competitor_minus_unrelated","0_10",0.012320277823545,2
2025-07-15,"hardware_minus_unrelated","0_10",0.0209444997686812,2
2025-07-15,"hardware_minus_unrelated","pre_11_1",0.0209444997686812,2
2025-07-15,"deployer_minus_unrelated","pre_11_1",0.013919532029902,2
2025-07-15,"competitor_minus_unrelated","pre_11_1",0.012320277823545,2
2025-07-15,"hardware_minus_unrelated","pre_21_1",0.0209444997686812,5
2025-07-15,"deployer_minus_unrelated","pre_21_1",0.013919532029902,5
2025-07-15,"competitor_minus_unrelated","pre_21_1",0.0118455664276957,5
2025-07-15,"deployer_minus_unrelated","0_10",0.013919532029902,2
2025-07-15,"hardware_minus_unrelated","0_20",0.0209444997686812,2
2025-07-16,"competitor_minus_unrelated","0_10",-0.0151218111465946,2
2025-07-16,"deployer_minus_unrelated","0_20",-0.0170388047245887,2
2025-07-16,"deployer_minus_unrelated","pre_11_1",-0.0170388047245887,2
2025-07-16,"hardware_minus_unrelated","pre_21_1",-0.022333210433856,5
2025-07-16,"hardware_minus_unrelated","0_10",-0.022333210433856,2
2025-07-16,"hardware_minus_unrelated","pre_11_1",-0.022333210433856,2
2025-07-16,"competitor_minus_unrelated","pre_21_1",-0.0156041194934133,5
2025-07-16,"competitor_minus_unrelated","0_20",-0.0151218111465946,2
2025-07-16,"deployer_minus_unrelated","pre_21_1",-0.0170388047245887,5
2025-07-16,"hardware_minus_unrelated","0_20",-0.022333210433856,2
2025-07-16,"competitor_minus_unrelated","pre_11_1",-0.0151218111465946,2
2025-07-16,"deployer_minus_unrelated","0_10",-0.0170388047245887,2
2025-07-17,"competitor_minus_unrelated","0_10",0.00749792190958333,2
2025-07-17,"hardware_minus_unrelated","pre_21_1",0.00620617967824997,5
2025-07-17,"deployer_minus_unrelated","0_20",0.0134325128739032,2
2025-07-17,"hardware_minus_unrelated","pre_11_1",0.00620617967824997,2
2025-07-17,"competitor_minus_unrelated","pre_21_1",0.00812542749518892,5
2025-07-17,"competitor_minus_unrelated","0_20",0.00749792190958333,2
2025-07-17,"deployer_minus_unrelated","pre_21_1",0.0134325128739032,5
2025-07-17,"deployer_minus_unrelated","pre_11_1",0.0134325128739032,2
2025-07-17,"competitor_minus_unrelated","pre_11_1",0.00749792190958333,2
2025-07-17,"hardware_minus_unrelated","0_10",0.00620617967824997,2
2025-07-17,"deployer_minus_unrelated","0_10",0.0134325128739032,2
2025-07-17,"hardware_minus_unrelated","0_20",0.00620617967824997,2
2025-07-18,"deployer_minus_unrelated","pre_11_1",0.0435486746616497,2
2025-07-18,"competitor_minus_unrelated","0_10",0.036812504289312,2
2025-07-18,"competitor_minus_unrelated","pre_21_1",0.036410222179758,5
2025-07-18,"hardware_minus_unrelated","pre_21_1",0.0361014056088616,5
2025-07-18,"hardware_minus_unrelated","pre_11_1",0.0361014056088616,2
2025-07-18,"hardware_minus_unrelated","0_10",0.0361014056088616,2
2025-07-18,"competitor_minus_unrelated","0_20",0.036812504289312,2
2025-07-18,"deployer_minus_unrelated","pre_21_1",0.0435486746616497,5
2025-07-18,"hardware_minus_unrelated","0_20",0.0361014056088616,2
2025-07-18,"competitor_minus_unrelated","pre_11_1",0.036812504289312,2
2025-07-18,"deployer_minus_unrelated","0_20",0.0435486746616497,2
2025-07-18,"deployer_minus_unrelated","0_10",0.0435486746616497,2
2025-07-21,"hardware_minus_unrelated","pre_11_1",-0.00737931016547564,3
2025-07-21,"deployer_minus_unrelated","pre_11_1",0.00193220838598533,3
2025-07-21,"hardware_minus_unrelated","0_20",-0.00737931016547564,3
2025-07-21,"competitor_minus_unrelated","pre_21_1",0.00380504863573731,4
2025-07-21,"hardware_minus_unrelated","pre_21_1",-0.00737931016547564,4
2025-07-21,"deployer_minus_unrelated","pre_21_1",0.00193220838598533,4
2025-07-21,"deployer_minus_unrelated","0_20",0.00193220838598533,3
2025-07-21,"competitor_minus_unrelated","pre_11_1",0.00407135033203118,3
2025-07-21,"competitor_minus_unrelated","0_20",0.00460395372461892,3
2025-07-21,"competitor_minus_unrelated","0_10",0.00460395372461892,3
2025-07-21,"deployer_minus_unrelated","0_10",0.00193220838598533,3
2025-07-21,"hardware_minus_unrelated","0_10",-0.00737931016547564,3
2025-07-22,"hardware_minus_unrelated","0_20",-0.0295210563306736,3
2025-07-22,"deployer_minus_unrelated","pre_11_1",0.00116954356706126,3
2025-07-22,"deployer_minus_unrelated","pre_21_1",0.00116954356706126,4
2025-07-22,"competitor_minus_unrelated","pre_21_1",-0.00981915602130146,4
2025-07-22,"hardware_minus_unrelated","pre_11_1",-0.0295210563306736,3
2025-07-22,"competitor_minus_unrelated","0_20",-0.0109996988700324,3
2025-07-22,"hardware_minus_unrelated","pre_21_1",-0.0295210563306736,4
2025-07-22,"deployer_minus_unrelated","0_20",0.00116954356706126,3
2025-07-22,"competitor_minus_unrelated","pre_11_1",-0.0102126703042118,3
2025-07-22,"competitor_minus_unrelated","0_10",-0.0109996988700324,3
2025-07-22,"deployer_minus_unrelated","0_10",0.00116954356706126,3
2025-07-22,"hardware_minus_unrelated","0_10",-0.0295210563306736,3
2025-07-23,"competitor_minus_unrelated","pre_11_1",0.0227050917458834,4
2025-07-23,"deployer_minus_unrelated","0_20",0.0326971769340336,3
2025-07-23,"hardware_minus_unrelated","pre_11_1",0.0208260961740026,4
2025-07-23,"competitor_minus_unrelated","pre_21_1",0.0227352182001777,5
2025-07-23,"deployer_minus_unrelated","0_10",0.0326971769340336,3
2025-07-23,"hardware_minus_unrelated","0_10",0.0208260961740026,3
2025-07-23,"hardware_minus_unrelated","0_20",0.0208260961740026,3
2025-07-23,"deployer_minus_unrelated","pre_21_1",0.0326971769340336,5
2025-07-23,"hardware_minus_unrelated","pre_21_1",0.0208260961740026,5
2025-07-23,"competitor_minus_unrelated","0_20",0.0228557240173549,3
2025-07-23,"competitor_minus_unrelated","0_10",0.0228557240173549,3
2025-07-23,"deployer_minus_unrelated","pre_11_1",0.0326971769340336,4
2025-07-24,"deployer_minus_unrelated","0_20",-0.00270667248972086,3
2025-07-24,"deployer_minus_unrelated","pre_21_1",-0.00270667248972086,5
2025-07-24,"hardware_minus_unrelated","pre_21_1",-0.00481135578025167,5
2025-07-24,"hardware_minus_unrelated","0_10",-0.00481135578025167,2
2025-07-24,"hardware_minus_unrelated","pre_11_1",-0.00481135578025167,4
2025-07-24,"deployer_minus_unrelated","pre_11_1",-0.00270667248972086,4
2025-07-24,"competitor_minus_unrelated","0_10",2.97686363428086e-05,2
2025-07-24,"hardware_minus_unrelated","0_20",-0.00481135578025167,3
2025-07-24,"competitor_minus_unrelated","pre_11_1",-0.000622759231282145,4
2025-07-24,"competitor_minus_unrelated","pre_21_1",-0.000492253657757155,5
2025-07-24,"competitor_minus_unrelated","0_20",2.97686363428086e-05,3
2025-07-24,"deployer_minus_unrelated","0_10",-0.00270667248972086,2
2025-07-25,"deployer_minus_unrelated","pre_21_1",0.0178938461854594,5
2025-07-25,"competitor_minus_unrelated","pre_11_1",0.0106685991768117,4
2025-07-25,"deployer_minus_unrelated","0_20",0.0178938461854594,3
2025-07-25,"hardware_minus_unrelated","0_10",0.00447541355440858,2
2025-07-25,"deployer_minus_unrelated","0_10",0.0178938461854594,2
2025-07-25,"hardware_minus_unrelated","pre_11_1",0.00447541355440858,4
2025-07-25,"competitor_minus_unrelated","pre_21_1",0.0107543510387026,5
2025-07-25,"competitor_minus_unrelated","0_10",0.0110973584862663,2
2025-07-25,"hardware_minus_unrelated","pre_21_1",0.00447541355440858,5
2025-07-25,"hardware_minus_unrelated","0_20",0.00447541355440858,3
2025-07-25,"deployer_minus_unrelated","pre_11_1",0.0178938461854594,4
2025-07-25,"competitor_minus_unrelated","0_20",0.0110973584862663,3
2025-07-28,"hardware_minus_unrelated","pre_11_1",0.0232265253881743,3
2025-07-28,"competitor_minus_unrelated","0_10",0.00590248509615765,2
2025-07-28,"deployer_minus_unrelated","0_20",-0.00300558942654642,4
2025-07-28,"deployer_minus_unrelated","pre_21_1",-0.00300558942654642,5
2025-07-28,"deployer_minus_unrelated","pre_11_1",-0.00300558942654642,3
2025-07-28,"competitor_minus_unrelated","pre_11_1",0.00554679813552831,3
2025-07-28,"hardware_minus_unrelated","0_10",0.0232265253881743,2
2025-07-28,"hardware_minus_unrelated","0_20",0.0232265253881743,4
2025-07-28,"competitor_minus_unrelated","pre_21_1",0.00583190407707485,5
2025-07-28,"competitor_minus_unrelated","0_20",0.00590248509615765,4
2025-07-28,"deployer_minus_unrelated","0_10",-0.00300558942654642,2
2025-07-28,"hardware_minus_unrelated","pre_21_1",0.0232265253881743,5
2025-07-29,"deployer_minus_unrelated","pre_21_1",-0.0048241062941129,5
2025-07-29,"hardware_minus_unrelated","pre_11_1",0.00889726036108477,3
2025-07-29,"deployer_minus_unrelated","pre_11_1",-0.0048241062941129,3
2025-07-29,"hardware_minus_unrelated","0_10",0.00889726036108477,2
2025-07-29,"deployer_minus_unrelated","0_20",-0.0048241062941129,4
2025-07-29,"hardware_minus_unrelated","0_20",0.00889726036108477,4
2025-07-29,"competitor_minus_unrelated","0_10",0.00663395569229008,2
2025-07-29,"hardware_minus_unrelated","pre_21_1",0.00889726036108477,5
2025-07-29,"deployer_minus_unrelated","0_10",-0.0048241062941129,2
2025-07-29,"competitor_minus_unrelated","pre_21_1",0.00543920672138527,5
2025-07-29,"competitor_minus_unrelated","0_20",0.00663395569229008,4
2025-07-29,"competitor_minus_unrelated","pre_11_1",0.00712375294314376,3
2025-07-30,"deployer_minus_unrelated","pre_11_1",0.00489433230186511,3
2025-07-30,"deployer_minus_unrelated","0_10",0.00489433230186511,2
2025-07-30,"competitor_minus_unrelated","pre_21_1",0.00511272525841797,5
2025-07-30,"hardware_minus_unrelated","pre_11_1",0.0137835569014751,3
2025-07-30,"hardware_minus_unrelated","pre_21_1",0.0137835569014751,5
2025-07-30,"competitor_minus_unrelated","0_10",0.00765462384349255,2
2025-07-30,"deployer_minus_unrelated","0_20",0.00489433230186511,4
2025-07-30,"competitor_minus_unrelated","0_20",0.00765462384349255,4
2025-07-30,"hardware_minus_unrelated","0_20",0.0137835569014751,4
2025-07-30,"deployer_minus_unrelated","pre_21_1",0.00489433230186511,5
2025-07-30,"hardware_minus_unrelated","0_10",0.0137835569014751,2
2025-07-30,"competitor_minus_unrelated","pre_11_1",0.00580012042506853,3
2025-07-31,"competitor_minus_unrelated","pre_21_1",0.0127455278285301,5
2025-07-31,"competitor_minus_unrelated","0_20",0.0127573963066461,4
2025-07-31,"hardware_minus_unrelated","pre_21_1",-0.0349927788639073,5
2025-07-31,"deployer_minus_unrelated","pre_11_1",-0.00464705368441992,3
2025-07-31,"hardware_minus_unrelated","0_10",-0.0349927788639073,2
2025-07-31,"competitor_minus_unrelated","pre_11_1",0.00864979123660897,3
2025-07-31,"deployer_minus_unrelated","pre_21_1",-0.00464705368441992,5
2025-07-31,"deployer_minus_unrelated","0_20",-0.00464705368441992,4
2025-07-31,"competitor_minus_unrelated","0_10",0.0127573963066461,2
2025-07-31,"hardware_minus_unrelated","pre_11_1",-0.0349927788639073,3
2025-07-31,"hardware_minus_unrelated","0_20",-0.0349927788639073,4
2025-07-31,"deployer_minus_unrelated","0_10",-0.00464705368441992,2
2025-08-01,"competitor_minus_unrelated","0_20",0.0308803192660334,4
2025-08-01,"hardware_minus_unrelated","pre_21_1",0.0413210540395043,5
2025-08-01,"hardware_minus_unrelated","0_10",0.0413210540395043,2
2025-08-01,"competitor_minus_unrelated","pre_21_1",0.0294720890929929,5
2025-08-01,"deployer_minus_unrelated","0_20",0.0305388665702692,4
2025-08-01,"competitor_minus_unrelated","0_10",0.0308803192660334,2
2025-08-01,"deployer_minus_unrelated","pre_21_1",0.0305388665702692,5
2025-08-01,"hardware_minus_unrelated","pre_11_1",0.0413210540395043,3
2025-08-01,"competitor_minus_unrelated","pre_11_1",0.0300841512107865,3
2025-08-01,"deployer_minus_unrelated","pre_11_1",0.0305388665702692,3
2025-08-01,"hardware_minus_unrelated","0_20",0.0413210540395043,4
2025-08-01,"deployer_minus_unrelated","0_10",0.0305388665702692,2
2025-08-04,"deployer_minus_unrelated","0_20",-0.0142366879297576,4
2025-08-04,"competitor_minus_unrelated","0_20",-0.0100658433867467,4
2025-08-04,"competitor_minus_unrelated","0_10",-0.0100658433867467,2
2025-08-04,"hardware_minus_unrelated","0_10",-0.0162292075706124,2
2025-08-04,"hardware_minus_unrelated","pre_11_1",-0.0162292075706124,3
2025-08-04,"competitor_minus_unrelated","pre_21_1",-0.0165695780613598,5
2025-08-04,"deployer_minus_unrelated","pre_11_1",-0.0142366879297576,3
2025-08-04,"deployer_minus_unrelated","pre_21_1",-0.0142366879297576,5
2025-08-04,"hardware_minus_unrelated","0_20",-0.0162292075706124,4
2025-08-04,"hardware_minus_unrelated","pre_21_1",-0.0162292075706124,5
2025-08-04,"competitor_minus_unrelated","pre_11_1",-0.0156744344775724,3
2025-08-04,"deployer_minus_unrelated","0_10",-0.0142366879297576,2
2025-08-05,"deployer_minus_unrelated","0_20",0.022950827602459,6
2025-08-05,"competitor_minus_unrelated","pre_11_1",0.0191546417403995,1
2025-08-05,"hardware_minus_unrelated","0_10",0.0161484299683016,3
2025-08-05,"hardware_minus_unrelated","pre_11_1",0.0161484299683016,1
2025-08-05,"hardware_minus_unrelated","0_20",0.0161484299683016,6
2025-08-05,"competitor_minus_unrelated","0_10",0.0183558978695652,3
2025-08-05,"deployer_minus_unrelated","pre_11_1",0.022950827602459,1
2025-08-05,"deployer_minus_unrelated","pre_21_1",0.022950827602459,3
2025-08-05,"hardware_minus_unrelated","pre_21_1",0.0161484299683016,3
2025-08-05,"competitor_minus_unrelated","pre_21_1",0.0180438676425021,3
2025-08-05,"competitor_minus_unrelated","0_20",0.0181562119018566,6
2025-08-05,"deployer_minus_unrelated","0_10",0.022950827602459,3
2025-08-06,"competitor_minus_unrelated","pre_11_1",0.000715388078611124,2
2025-08-06,"deployer_minus_unrelated","pre_21_1",0.0103105928389208,3
2025-08-06,"deployer_minus_unrelated","0_20",0.0103105928389208,6
2025-08-06,"hardware_minus_unrelated","0_10",-0.0212224428010066,3
2025-08-06,"hardware_minus_unrelated","pre_11_1",-0.0212224428010066,2
2025-08-06,"hardware_minus_unrelated","pre_21_1",-0.0212224428010066,3
2025-08-06,"hardware_minus_unrelated","0_20",-0.0212224428010066,6
2025-08-06,"competitor_minus_unrelated","0_10",0.000552545287534462,3
2025-08-06,"competitor_minus_unrelated","0_20",0.000389702496457801,6
2025-08-06,"deployer_minus_unrelated","pre_11_1",0.0103105928389208,2
2025-08-06,"competitor_minus_unrelated","pre_21_1",0.00215860916148547,3
2025-08-06,"deployer_minus_unrelated","0_10",0.0103105928389208,3
2025-08-07,"deployer_minus_unrelated","pre_21_1",0.00848154538237158,2
2025-08-07,"hardware_minus_unrelated","pre_11_1",-0.0085375775497192,1
2025-08-07,"deployer_minus_unrelated","0_20",0.00848154538237158,6
2025-08-07,"hardware_minus_unrelated","0_20",-0.0085375775497192,6
2025-08-07,"competitor_minus_unrelated","pre_11_1",-0.0165534834549417,1
2025-08-07,"hardware_minus_unrelated","pre_21_1",-0.0085375775497192,2
2025-08-07,"hardware_minus_unrelated","0_10",-0.0085375775497192,4
2025-08-07,"competitor_minus_unrelated","pre_21_1",-0.0193432942287167,2
2025-08-07,"competitor_minus_unrelated","0_20",-0.0178998627659279,6
2025-08-07,"deployer_minus_unrelated","pre_11_1",0.00848154538237158,1
2025-08-07,"deployer_minus_unrelated","0_10",0.00848154538237158,4
2025-08-07,"competitor_minus_unrelated","0_10",-0.018573052421421,4
2025-08-08,"hardware_minus_unrelated","pre_11_1",0.0199302982588576,1
2025-08-08,"deployer_minus_unrelated","pre_21_1",0.0105366081171789,2
2025-08-08,"deployer_minus_unrelated","0_20",0.0105366081171789,6
2025-08-08,"deployer_minus_unrelated","pre_11_1",0.0105366081171789,1
2025-08-08,"deployer_minus_unrelated","0_10",0.0105366081171789,4
2025-08-08,"competitor_minus_unrelated","0_20",0.0307876387953567,6
2025-08-08,"competitor_minus_unrelated","pre_11_1",0.0314842096818401,1
2025-08-08,"competitor_minus_unrelated","0_10",0.0304393533521151,4
2025-08-08,"hardware_minus_unrelated","pre_21_1",0.0199302982588576,2
2025-08-08,"hardware_minus_unrelated","0_20",0.0199302982588576,6
2025-08-08,"hardware_minus_unrelated","0_10",0.0199302982588576,4
2025-08-08,"competitor_minus_unrelated","pre_21_1",0.0289416397581512,2
2025-08-11,"hardware_minus_unrelated","pre_11_1",0.00168093429148944,2
2025-08-11,"competitor_minus_unrelated","pre_11_1",-0.00616659153290585,2
2025-08-11,"deployer_minus_unrelated","pre_21_1",-0.0103478069003059,2
2025-08-11,"deployer_minus_unrelated","0_20",-0.0103478069003059,5
2025-08-11,"competitor_minus_unrelated","0_20",-0.00476852563443119,5
2025-08-11,"deployer_minus_unrelated","pre_11_1",-0.0103478069003059,2
2025-08-11,"hardware_minus_unrelated","0_10",0.00168093429148944,4
2025-08-11,"competitor_minus_unrelated","0_10",-0.00507123805925659,4
2025-08-11,"competitor_minus_unrelated","pre_21_1",-0.00616659153290585,2
2025-08-11,"hardware_minus_unrelated","pre_21_1",0.00168093429148944,2
2025-08-11,"deployer_minus_unrelated","0_10",-0.0103478069003059,4
2025-08-11,"hardware_minus_unrelated","0_20",0.00168093429148944,5
2025-08-12,"competitor_minus_unrelated","0_20",0.030938301101503,5
2025-08-12,"deployer_minus_unrelated","0_20",0.0392176166193811,5
2025-08-12,"hardware_minus_unrelated","pre_11_1",0.0474601973162114,2
2025-08-12,"competitor_minus_unrelated","pre_11_1",0.0318509135134083,2
2025-08-12,"deployer_minus_unrelated","0_10",0.0392176166193811,3
2025-08-12,"deployer_minus_unrelated","pre_21_1",0.0392176166193811,2
2025-08-12,"hardware_minus_unrelated","0_10",0.0474601973162114,3
2025-08-12,"deployer_minus_unrelated","pre_11_1",0.0392176166193811,2
2025-08-12,"hardware_minus_unrelated","pre_21_1",0.0474601973162114,2
2025-08-12,"hardware_minus_unrelated","0_20",0.0474601973162114,5
2025-08-12,"competitor_minus_unrelated","0_10",0.0308560501991158,3
2025-08-12,"competitor_minus_unrelated","pre_21_1",0.0318509135134083,2
2025-08-13,"hardware_minus_unrelated","0_20",0.0155127417421847,5
2025-08-13,"hardware_minus_unrelated","pre_11_1",0.0155127417421847,2
2025-08-13,"competitor_minus_unrelated","pre_11_1",0.00331107897800676,2
2025-08-13,"hardware_minus_unrelated","pre_21_1",0.0155127417421847,2
2025-08-13,"deployer_minus_unrelated","0_20",-0.00407213200302516,5
2025-08-13,"hardware_minus_unrelated","0_10",0.0155127417421847,3
2025-08-13,"competitor_minus_unrelated","pre_21_1",0.00331107897800676,2
2025-08-13,"competitor_minus_unrelated","0_10",0.00244295094758169,3
2025-08-13,"deployer_minus_unrelated","pre_21_1",-0.00407213200302516,2
2025-08-13,"deployer_minus_unrelated","0_10",-0.00407213200302516,3
2025-08-13,"deployer_minus_unrelated","pre_11_1",-0.00407213200302516,2
2025-08-13,"competitor_minus_unrelated","0_20",0.000558844384008365,5
2025-08-14,"competitor_minus_unrelated","0_10",0.02088722020525,3
2025-08-14,"competitor_minus_unrelated","pre_11_1",0.0202937791594412,2
2025-08-14,"hardware_minus_unrelated","pre_11_1",0.0224408303886875,2
2025-08-14,"hardware_minus_unrelated","0_20",0.0224408303886875,5
2025-08-14,"deployer_minus_unrelated","0_10",0.00437210713443018,3
2025-08-14,"hardware_minus_unrelated","0_10",0.0224408303886875,3
2025-08-14,"hardware_minus_unrelated","pre_21_1",0.0224408303886875,2
2025-08-14,"competitor_minus_unrelated","0_20",0.0213150177774395,5
2025-08-14,"deployer_minus_unrelated","0_20",0.00437210713443018,5
2025-08-14,"deployer_minus_unrelated","pre_21_1",0.00437210713443018,2
2025-08-14,"competitor_minus_unrelated","pre_21_1",0.0202937791594412,2
2025-08-14,"deployer_minus_unrelated","pre_11_1",0.00437210713443018,2
2025-08-15,"hardware_minus_unrelated","0_20",-0.0216482961046612,5
2025-08-15,"competitor_minus_unrelated","0_10",0.0072180482061247,3
2025-08-15,"hardware_minus_unrelated","pre_11_1",-0.0216482961046612,2
2025-08-15,"competitor_minus_unrelated","pre_11_1",0.00642100599260682,2
2025-08-15,"competitor_minus_unrelated","0_20",0.00645868724387132,5
2025-08-15,"deployer_minus_unrelated","0_10",0.0156988395021558,3
2025-08-15,"hardware_minus_unrelated","0_10",-0.0216482961046612,3
2025-08-15,"deployer_minus_unrelated","pre_21_1",0.0156988395021558,2
2025-08-15,"deployer_minus_unrelated","pre_11_1",0.0156988395021558,2
2025-08-15,"hardware_minus_unrelated","pre_21_1",-0.0216482961046612,2
2025-08-15,"deployer_minus_unrelated","0_20",0.0156988395021558,5
2025-08-15,"competitor_minus_unrelated","pre_21_1",0.00642100599260682,2
2025-08-18,"deployer_minus_unrelated","0_10",0.00568077542362575,3
2025-08-18,"hardware_minus_unrelated","0_20",0.00757704064507278,5
2025-08-18,"deployer_minus_unrelated","pre_21_1",0.00568077542362575,2
2025-08-18,"hardware_minus_unrelated","pre_11_1",0.00757704064507278,2
2025-08-18,"hardware_minus_unrelated","pre_21_1",0.00757704064507278,2
2025-08-18,"hardware_minus_unrelated","0_10",0.00757704064507278,3
2025-08-18,"competitor_minus_unrelated","pre_11_1",-0.0055621653975209,2
2025-08-18,"deployer_minus_unrelated","pre_11_1",0.00568077542362575,2
2025-08-18,"deployer_minus_unrelated","0_20",0.00568077542362575,5
2025-08-18,"competitor_minus_unrelated","0_20",-0.00517330929000368,5
2025-08-18,"competitor_minus_unrelated","0_10",-0.00454812825965189,3
2025-08-18,"competitor_minus_unrelated","pre_21_1",-0.0055621653975209,2
2025-08-19,"deployer_minus_unrelated","0_10",0.0319193748246576,3
2025-08-19,"deployer_minus_unrelated","0_20",0.0319193748246576,4
2025-08-19,"deployer_minus_unrelated","pre_11_1",0.0319193748246576,2
2025-08-19,"hardware_minus_unrelated","pre_11_1",0.0242479624608464,2
2025-08-19,"hardware_minus_unrelated","0_20",0.0242479624608464,4
2025-08-19,"competitor_minus_unrelated","pre_21_1",0.0282054042306207,2
2025-08-19,"competitor_minus_unrelated","0_20",0.027751775530378,4
2025-08-19,"deployer_minus_unrelated","pre_21_1",0.0319193748246576,2
2025-08-19,"hardware_minus_unrelated","0_10",0.0242479624608464,3
2025-08-19,"competitor_minus_unrelated","0_10",0.0283498424268694,3
2025-08-19,"hardware_minus_unrelated","pre_21_1",0.0242479624608464,2
2025-08-19,"competitor_minus_unrelated","pre_11_1",0.0282054042306207,2
2025-08-20,"competitor_minus_unrelated","0_10",-0.0317414416452133,1
2025-08-20,"hardware_minus_unrelated","pre_11_1",-0.0234535965726452,2
2025-08-20,"deployer_minus_unrelated","0_10",-0.0347124293146861,1
2025-08-20,"competitor_minus_unrelated","pre_21_1",-0.0312694193098939,2
2025-08-20,"hardware_minus_unrelated","pre_21_1",-0.0234535965726452,2
2025-08-20,"deployer_minus_unrelated","pre_11_1",-0.0347124293146861,2
2025-08-20,"competitor_minus_unrelated","pre_11_1",-0.0312694193098939,2
2025-08-20,"deployer_minus_unrelated","0_20",-0.0347124293146861,4
2025-08-20,"deployer_minus_unrelated","pre_21_1",-0.0347124293146861,2
2025-08-20,"competitor_minus_unrelated","0_20",-0.0309072647882497,4
2025-08-20,"hardware_minus_unrelated","0_20",-0.0234535965726452,4
2025-08-20,"hardware_minus_unrelated","0_10",-0.0234535965726452,1
2025-08-21,"competitor_minus_unrelated","pre_11_1",0.0179887736341957,1
2025-08-21,"deployer_minus_unrelated","pre_11_1",0.0366540360803677,1
2025-08-21,"hardware_minus_unrelated","pre_21_1",0.0157483048964835,1
2025-08-21,"deployer_minus_unrelated","0_10",0.0366540360803677,2
2025-08-21,"competitor_minus_unrelated","0_10",0.0199598670503578,2
2025-08-21,"deployer_minus_unrelated","0_20",0.0366540360803677,5
2025-08-21,"deployer_minus_unrelated","pre_21_1",0.0366540360803677,1
2025-08-21,"competitor_minus_unrelated","pre_21_1",0.0179887736341957,1
2025-08-21,"competitor_minus_unrelated","0_20",0.0199151270715393,5
2025-08-21,"hardware_minus_unrelated","pre_11_1",0.0157483048964835,1
2025-08-21,"hardware_minus_unrelated","0_10",0.0157483048964835,2
2025-08-21,"hardware_minus_unrelated","0_20",0.0157483048964835,5
2025-08-22,"hardware_minus_unrelated","pre_21_1",-0.0131581167598139,2
2025-08-22,"hardware_minus_unrelated","pre_11_1",-0.0129644746386143,1
2025-08-22,"hardware_minus_unrelated","0_20",-0.0129644746386143,5
2025-08-22,"deployer_minus_unrelated","pre_21_1",-0.021432375793606,2
2025-08-22,"competitor_minus_unrelated","pre_21_1",-0.0215817268884995,2
2025-08-22,"competitor_minus_unrelated","0_20",-0.019153660352857,5
2025-08-22,"deployer_minus_unrelated","pre_11_1",-0.021432375793606,1
2025-08-22,"hardware_minus_unrelated","0_10",-0.0129644746386143,1
2025-08-22,"deployer_minus_unrelated","0_10",-0.021432375793606,1
2025-08-22,"competitor_minus_unrelated","pre_11_1",-0.0237365515330757,1
2025-08-22,"competitor_minus_unrelated","0_10",-0.0194269022439232,1
2025-08-22,"deployer_minus_unrelated","0_20",-0.021432375793606,5
2025-08-25,"deployer_minus_unrelated","0_20",0.0262019586935743,5
2025-08-25,"hardware_minus_unrelated","pre_11_1",0.028587677271431,1
2025-08-25,"hardware_minus_unrelated","0_20",0.028587677271431,5
2025-08-25,"hardware_minus_unrelated","pre_21_1",0.0288576439413101,4
2025-08-25,"deployer_minus_unrelated","pre_11_1",0.0262019586935743,1
2025-08-25,"deployer_minus_unrelated","pre_21_1",0.0262019586935743,4
2025-08-25,"competitor_minus_unrelated","pre_11_1",0.025102225495894,1
2025-08-25,"competitor_minus_unrelated","0_10",0.029541879445898,1
2025-08-25,"competitor_minus_unrelated","pre_21_1",0.0284526379848054,4
2025-08-25,"competitor_minus_unrelated","0_20",0.0295749546881515,5
2025-08-25,"hardware_minus_unrelated","0_10",0.028587677271431,1
2025-08-25,"deployer_minus_unrelated","0_10",0.0262019586935743,1
2025-08-26,"competitor_minus_unrelated","pre_21_1",-0.00881021658291565,3
2025-08-26,"deployer_minus_unrelated","pre_11_1",0,0
2025-08-26,"deployer_minus_unrelated","0_20",-0.00963631883090454,5
2025-08-26,"competitor_minus_unrelated","0_10",-0.00908620392503388,2
2025-08-26,"hardware_minus_unrelated","0_10",0.00281132244848407,2
2025-08-26,"hardware_minus_unrelated","pre_21_1",0.00296090745963666,3
2025-08-26,"hardware_minus_unrelated","0_20",0.00281132244848407,5
2025-08-26,"competitor_minus_unrelated","pre_11_1",0,0
2025-08-26,"hardware_minus_unrelated","pre_11_1",0,0
2025-08-26,"competitor_minus_unrelated","0_20",-0.00964143067896381,5
2025-08-26,"deployer_minus_unrelated","pre_21_1",-0.00963631883090454,3
2025-08-26,"deployer_minus_unrelated","0_10",-0.00963631883090454,2
2025-08-27,"hardware_minus_unrelated","pre_11_1",0,0
2025-08-27,"hardware_minus_unrelated","0_20",0.0138911308767081,5
2025-08-27,"deployer_minus_unrelated","pre_11_1",0,0
2025-08-27,"competitor_minus_unrelated","0_10",0.0112761014667456,2
2025-08-27,"hardware_minus_unrelated","pre_21_1",0.0148086071400441,3
2025-08-27,"deployer_minus_unrelated","pre_21_1",0.00218254995412163,3
2025-08-27,"deployer_minus_unrelated","0_10",0.00218254995412163,2
2025-08-27,"competitor_minus_unrelated","pre_11_1",0,0
2025-08-27,"deployer_minus_unrelated","0_20",0.00218254995412163,5
2025-08-27,"competitor_minus_unrelated","pre_21_1",0.0110492851135542,3
2025-08-27,"competitor_minus_unrelated","0_20",0.0112186708501576,5
2025-08-27,"hardware_minus_unrelated","0_10",0.0138911308767081,2
2025-08-28,"competitor_minus_unrelated","0_20",0.0156263606201322,5
2025-08-28,"hardware_minus_unrelated","pre_11_1",0,0
2025-08-28,"competitor_minus_unrelated","pre_11_1",0,0
2025-08-28,"competitor_minus_unrelated","pre_21_1",0.0179876852923402,5
2025-08-28,"deployer_minus_unrelated","pre_21_1",0.0119378100046351,5
2025-08-28,"competitor_minus_unrelated","0_10",0.0142604185813189,2
2025-08-28,"deployer_minus_unrelated","0_20",0.0119378100046351,5
2025-08-28,"hardware_minus_unrelated","pre_21_1",0.0161317597761788,5
2025-08-28,"deployer_minus_unrelated","0_10",0.0119378100046351,2
2025-08-28,"hardware_minus_unrelated","0_20",0.0139897634919231,5
2025-08-28,"deployer_minus_unrelated","pre_11_1",0,0
2025-08-28,"hardware_minus_unrelated","0_10",0.0139897634919231,2
2025-08-29,"competitor_minus_unrelated","pre_11_1",0,0
2025-08-29,"deployer_minus_unrelated","0_20",-0.00205709906682997,5
2025-08-29,"deployer_minus_unrelated","pre_21_1",-0.00205709906682997,6
2025-08-29,"hardware_minus_unrelated","0_20",-0.0249313378378029,5
2025-08-29,"hardware_minus_unrelated","pre_11_1",0,0
2025-08-29,"competitor_minus_unrelated","0_20",0.00464426613040492,5
2025-08-29,"competitor_minus_unrelated","pre_21_1",0.00484277365336413,6
2025-08-29,"competitor_minus_unrelated","0_10",0.00349052737488019,2
2025-08-29,"hardware_minus_unrelated","0_10",-0.0249313378378029,2
2025-08-29,"deployer_minus_unrelated","0_10",-0.00205709906682997,2
2025-08-29,"hardware_minus_unrelated","pre_21_1",-0.0217719922738058,6
2025-08-29,"deployer_minus_unrelated","pre_11_1",0,0
2025-09-02,"hardware_minus_unrelated","pre_11_1",0,0
2025-09-02,"competitor_minus_unrelated","0_20",-0.013194520677635,5
2025-09-02,"competitor_minus_unrelated","pre_21_1",-0.0117688607822351,6
2025-09-02,"competitor_minus_unrelated","pre_11_1",0,0
2025-09-02,"deployer_minus_unrelated","0_20",-0.00478813836252482,5
2025-09-02,"hardware_minus_unrelated","0_20",-0.0137214688443907,5
2025-09-02,"hardware_minus_unrelated","pre_21_1",-0.0145607954412845,6
2025-09-02,"deployer_minus_unrelated","pre_21_1",-0.00478813836252482,6
2025-09-02,"competitor_minus_unrelated","0_10",-0.0132955075535054,2
2025-09-02,"hardware_minus_unrelated","0_10",-0.0137214688443907,2
2025-09-02,"deployer_minus_unrelated","0_10",-0.00478813836252482,2
2025-09-02,"deployer_minus_unrelated","pre_11_1",0,0
2025-09-03,"deployer_minus_unrelated","0_20",0.0382262712758924,5
2025-09-03,"deployer_minus_unrelated","pre_21_1",0.0382262712758924,6
2025-09-03,"hardware_minus_unrelated","0_20",0.0113343393084545,5
2025-09-03,"hardware_minus_unrelated","0_10",0.0113343393084545,2
2025-09-03,"competitor_minus_unrelated","pre_21_1",0.0542006272446116,6
2025-09-03,"competitor_minus_unrelated","0_20",0.047364609903072,5
2025-09-03,"competitor_minus_unrelated","0_10",0.0401301945839176,2
2025-09-03,"hardware_minus_unrelated","pre_21_1",0.0132507103191402,6
2025-09-03,"hardware_minus_unrelated","pre_11_1",0,0
2025-09-03,"deployer_minus_unrelated","0_10",0.0382262712758924,2
2025-09-03,"competitor_minus_unrelated","pre_11_1",0,0
2025-09-03,"deployer_minus_unrelated","pre_11_1",0,0
2025-09-04,"hardware_minus_unrelated","0_10",0.0199836311846361,2
2025-09-04,"hardware_minus_unrelated","0_20",0.0199836311846361,3
2025-09-04,"hardware_minus_unrelated","pre_21_1",0.0279950895737095,6
2025-09-04,"competitor_minus_unrelated","pre_21_1",0.00812981074382804,6
2025-09-04,"competitor_minus_unrelated","0_10",0.00701677677855727,2
2025-09-04,"hardware_minus_unrelated","pre_11_1",0,0
2025-09-04,"deployer_minus_unrelated","0_20",0.00156061232652488,3
2025-09-04,"deployer_minus_unrelated","0_10",0.00156061232652488,2
2025-09-04,"competitor_minus_unrelated","0_20",0.00664414741323868,3
2025-09-04,"deployer_minus_unrelated","pre_11_1",0,0
2025-09-04,"competitor_minus_unrelated","pre_11_1",0,0
2025-09-04,"deployer_minus_unrelated","pre_21_1",0.00156061232652488,6
2025-09-05,"hardware_minus_unrelated","0_20",0.0107254467448975,3
2025-09-05,"hardware_minus_unrelated","pre_21_1",0.0148089609942628,6
2025-09-05,"deployer_minus_unrelated","0_10",-0.00493570662417899,2
2025-09-05,"hardware_minus_unrelated","pre_11_1",0,0
2025-09-05,"competitor_minus_unrelated","0_10",-0.00515874298022977,2
2025-09-05,"deployer_minus_unrelated","pre_11_1",0,0
2025-09-05,"competitor_minus_unrelated","pre_21_1",-0.00335423269524442,6
2025-09-05,"hardware_minus_unrelated","0_10",0.0107254467448975,2
2025-09-05,"deployer_minus_unrelated","0_20",-0.00493570662417899,3
2025-09-05,"competitor_minus_unrelated","pre_11_1",0,0
2025-09-05,"deployer_minus_unrelated","pre_21_1",-0.00493570662417899,6
2025-09-05,"competitor_minus_unrelated","0_20",-0.00406766146020733,3
2025-09-08,"hardware_minus_unrelated","0_20",0.0110207955312688,2
2025-09-08,"deployer_minus_unrelated","0_10",0.00755723253731647,1
2025-09-08,"hardware_minus_unrelated","pre_11_1",0.0120921696360554,1
2025-09-08,"hardware_minus_unrelated","0_10",0.0110207955312688,1
2025-09-08,"hardware_minus_unrelated","pre_21_1",0.0120921696360554,6
2025-09-08,"deployer_minus_unrelated","pre_11_1",0.00755723253731647,1
2025-09-08,"competitor_minus_unrelated","pre_21_1",0.00412800509964322,6
2025-09-08,"competitor_minus_unrelated","pre_11_1",0.00249775421906422,1
2025-09-08,"deployer_minus_unrelated","pre_21_1",0.00755723253731647,6
2025-09-08,"deployer_minus_unrelated","0_20",0.00755723253731647,2
2025-09-08,"competitor_minus_unrelated","0_20",0.00659645233097569,2
2025-09-08,"competitor_minus_unrelated","0_10",0.0106951504428872,1
2025-09-09,"hardware_minus_unrelated","pre_11_1",0.0101137266662796,3
2025-09-09,"hardware_minus_unrelated","0_20",0.0103365065611985,2
2025-09-09,"deployer_minus_unrelated","pre_21_1",0.0113554045059869,6
2025-09-09,"competitor_minus_unrelated","pre_21_1",0.0147708667395386,6
2025-09-09,"deployer_minus_unrelated","0_10",0.0113554045059869,1
2025-09-09,"hardware_minus_unrelated","pre_21_1",0.0101137266662796,6
2025-09-09,"deployer_minus_unrelated","pre_11_1",0.0113554045059869,3
2025-09-09,"competitor_minus_unrelated","0_20",0.00968554464767295,2
2025-09-09,"competitor_minus_unrelated","pre_11_1",0.0147708667395386,3
2025-09-09,"deployer_minus_unrelated","0_20",0.0113554045059869,2
2025-09-09,"competitor_minus_unrelated","0_10",0.00331032464120931,1
2025-09-09,"hardware_minus_unrelated","0_10",0.0103365065611985,1
2025-09-10,"deployer_minus_unrelated","0_10",-0.00387092648096156,1
2025-09-10,"deployer_minus_unrelated","pre_11_1",-0.00387092648096156,3
2025-09-10,"deployer_minus_unrelated","pre_21_1",-0.00387092648096156,6
2025-09-10,"deployer_minus_unrelated","0_20",-0.00387092648096156,2
2025-09-10,"competitor_minus_unrelated","pre_21_1",-0.000647101191586045,6
2025-09-10,"hardware_minus_unrelated","pre_11_1",0.027135244347771,3
2025-09-10,"hardware_minus_unrelated","pre_21_1",0.027135244347771,6
2025-09-10,"competitor_minus_unrelated","0_20",-0.00277058510756761,2
2025-09-10,"competitor_minus_unrelated","pre_11_1",-0.000647101191586045,3
2025-09-10,"competitor_minus_unrelated","0_10",-0.00495325431334964,1
2025-09-10,"hardware_minus_unrelated","0_10",0.0255253261210658,1
2025-09-10,"hardware_minus_unrelated","0_20",0.0255253261210658,2
2025-09-11,"hardware_minus_unrelated","pre_11_1",0.0152253006744653,3
2025-09-11,"deployer_minus_unrelated","pre_11_1",0.00773189930972612,3
2025-09-11,"competitor_minus_unrelated","pre_21_1",0.001255915703475,6
2025-09-11,"deployer_minus_unrelated","0_20",0.00773189930972612,2
2025-09-11,"competitor_minus_unrelated","pre_11_1",0.001255915703475,3
2025-09-11,"competitor_minus_unrelated","0_10",0,0
2025-09-11,"competitor_minus_unrelated","0_20",0.000944807379125273,2
2025-09-11,"hardware_minus_unrelated","pre_21_1",0.0152253006744653,6
2025-09-11,"deployer_minus_unrelated","pre_21_1",0.00773189930972612,6
2025-09-11,"hardware_minus_unrelated","0_20",0.00881412215792915,2
2025-09-11,"hardware_minus_unrelated","0_10",0,0
2025-09-11,"deployer_minus_unrelated","0_10",0,0
2025-09-12,"deployer_minus_unrelated","0_20",-0.00134461910656382,2
2025-09-12,"competitor_minus_unrelated","pre_21_1",0.0048436340947024,6
2025-09-12,"deployer_minus_unrelated","pre_11_1",-0.00134461910656382,5
2025-09-12,"competitor_minus_unrelated","0_10",0,0
2025-09-12,"competitor_minus_unrelated","pre_11_1",0.00512277774255706,5
2025-09-12,"hardware_minus_unrelated","0_20",-0.00332105860997326,2
2025-09-12,"competitor_minus_unrelated","0_20",0.0057278919416373,2
2025-09-12,"deployer_minus_unrelated","0_10",0,0
2025-09-12,"hardware_minus_unrelated","0_10",0,0
2025-09-12,"deployer_minus_unrelated","pre_21_1",-0.00134461910656382,6
2025-09-12,"hardware_minus_unrelated","pre_11_1",-0.00225086482174896,5
2025-09-12,"hardware_minus_unrelated","pre_21_1",-0.00225086482174896,6
2025-09-15,"deployer_minus_unrelated","0_20",0.0216969834440168,2
2025-09-15,"competitor_minus_unrelated","pre_11_1",0.0352930941875721,6
2025-09-15,"competitor_minus_unrelated","pre_21_1",0.0352930941875721,6
2025-09-15,"deployer_minus_unrelated","pre_11_1",0.0216969834440168,6
2025-09-15,"deployer_minus_unrelated","pre_21_1",0.0216969834440168,6
2025-09-15,"hardware_minus_unrelated","0_10",0,0
2025-09-15,"hardware_minus_unrelated","pre_21_1",0.0301913664769946,6
2025-09-15,"competitor_minus_unrelated","0_20",0.0282588070320475,2
2025-09-15,"deployer_minus_unrelated","0_10",0,0
2025-09-15,"competitor_minus_unrelated","0_10",0,0
2025-09-15,"hardware_minus_unrelated","pre_11_1",0.0301913664769946,6
2025-09-15,"hardware_minus_unrelated","0_20",0.0286959218689305,2
2025-09-16,"deployer_minus_unrelated","pre_11_1",0.00449539825772795,6
2025-09-16,"hardware_minus_unrelated","0_10",0,0
2025-09-16,"competitor_minus_unrelated","0_20",-0.00383377089338235,2
2025-09-16,"competitor_minus_unrelated","0_10",0,0
2025-09-16,"competitor_minus_unrelated","pre_21_1",-0.00580661911798983,7
2025-09-16,"competitor_minus_unrelated","pre_11_1",-0.00569284659128603,6
2025-09-16,"hardware_minus_unrelated","pre_11_1",-0.00197379080800805,6
2025-09-16,"deployer_minus_unrelated","0_10",0,0
2025-09-16,"deployer_minus_unrelated","0_20",0.00449539825772795,2
2025-09-16,"hardware_minus_unrelated","0_20",-0.00248988780919183,2
2025-09-16,"deployer_minus_unrelated","pre_21_1",0.00449539825772795,7
2025-09-16,"hardware_minus_unrelated","pre_21_1",-0.00197379080800805,7
2025-09-17,"hardware_minus_unrelated","pre_11_1",0.00479018530218665,6
2025-09-17,"competitor_minus_unrelated","pre_21_1",-7.5409534486157e-05,7
2025-09-17,"competitor_minus_unrelated","0_20",0.00316860538364009,2
2025-09-17,"deployer_minus_unrelated","pre_11_1",0.0121433649637196,6
2025-09-17,"hardware_minus_unrelated","0_10",0,0
2025-09-17,"hardware_minus_unrelated","pre_21_1",0.00479018530218665,7
2025-09-17,"deployer_minus_unrelated","0_20",0.0121433649637196,2
2025-09-17,"deployer_minus_unrelated","0_10",0,0
2025-09-17,"competitor_minus_unrelated","pre_11_1",0.00015298477824015,6
2025-09-17,"competitor_minus_unrelated","0_10",0,0
2025-09-17,"hardware_minus_unrelated","0_20",0.00360617587448145,2
2025-09-17,"deployer_minus_unrelated","pre_21_1",0.0121433649637196,7
2025-09-18,"hardware_minus_unrelated","pre_21_1",0.00873356634474703,7
2025-09-18,"deployer_minus_unrelated","0_10",0,0
2025-09-18,"deployer_minus_unrelated","pre_11_1",-0.0237110844612377,6
2025-09-18,"hardware_minus_unrelated","0_10",0,0
2025-09-18,"deployer_minus_unrelated","0_20",-0.0237110844612377,2
2025-09-18,"hardware_minus_unrelated","pre_11_1",0.00873356634474703,6
2025-09-18,"competitor_minus_unrelated","0_20",-0.0253754856546704,2
2025-09-18,"hardware_minus_unrelated","0_20",0.00796495194748495,2
2025-09-18,"competitor_minus_unrelated","0_10",0,0
2025-09-18,"competitor_minus_unrelated","pre_21_1",-0.024657883496219,7
2025-09-18,"deployer_minus_unrelated","pre_21_1",-0.0237110844612377,7
2025-09-18,"competitor_minus_unrelated","pre_11_1",-0.0245684052757274,6
2025-09-19,"hardware_minus_unrelated","pre_11_1",0.00652342262451492,6
2025-09-19,"hardware_minus_unrelated","pre_21_1",0.00652342262451492,7
2025-09-19,"deployer_minus_unrelated","0_10",0,0
2025-09-19,"competitor_minus_unrelated","pre_21_1",0.0237948082701854,7
2025-09-19,"hardware_minus_unrelated","0_20",0.00453241465448934,2
2025-09-19,"hardware_minus_unrelated","0_10",0,0
2025-09-19,"competitor_minus_unrelated","pre_11_1",0.0236492309091807,6
2025-09-19,"deployer_minus_unrelated","0_20",0.0090422017035612,2
2025-09-19,"deployer_minus_unrelated","pre_11_1",0.0090422017035612,6
2025-09-19,"competitor_minus_unrelated","0_10",0,0
2025-09-19,"deployer_minus_unrelated","pre_21_1",0.0090422017035612,7
2025-09-19,"competitor_minus_unrelated","0_20",0.0231240407563748,2
2025-09-22,"deployer_minus_unrelated","0_10",0,0
2025-09-22,"hardware_minus_unrelated","pre_11_1",0.0249543471605259,6
2025-09-22,"hardware_minus_unrelated","0_10",0,0
2025-09-22,"hardware_minus_unrelated","pre_21_1",0.0249543471605259,7
2025-09-22,"competitor_minus_unrelated","pre_11_1",0.00796929960771433,6
2025-09-22,"competitor_minus_unrelated","pre_21_1",0.00801228769336512,7
2025-09-22,"deployer_minus_unrelated","pre_11_1",0.0166844100235273,6
2025-09-22,"competitor_minus_unrelated","0_10",0,0
2025-09-22,"deployer_minus_unrelated","0_20",0.0166844100235273,1
2025-09-22,"deployer_minus_unrelated","pre_21_1",0.0166844100235273,7
2025-09-22,"competitor_minus_unrelated","0_20",0.011598281796504,1
2025-09-22,"hardware_minus_unrelated","0_20",0.025490141854564,1
2025-09-23,"deployer_minus_unrelated","pre_11_1",0.0191924295089825,5
2025-09-23,"hardware_minus_unrelated","0_20",0.0156859034053498,2
2025-09-23,"hardware_minus_unrelated","pre_11_1",0.0166036144005241,5
2025-09-23,"hardware_minus_unrelated","pre_21_1",0.0166036144005241,6
2025-09-23,"competitor_minus_unrelated","pre_21_1",0.0107158565367825,6
2025-09-23,"competitor_minus_unrelated","0_10",0.0106787499003303,1
2025-09-23,"competitor_minus_unrelated","pre_11_1",0.0107232778640729,5
2025-09-23,"deployer_minus_unrelated","pre_21_1",0.0191924295089825,6
2025-09-23,"hardware_minus_unrelated","0_10",0.0166036144005241,1
2025-09-23,"deployer_minus_unrelated","0_10",0.0191924295089825,1
2025-09-23,"deployer_minus_unrelated","0_20",0.0191924295089825,2
2025-09-23,"competitor_minus_unrelated","0_20",0.00971351810933466,2
2025-09-24,"competitor_minus_unrelated","pre_11_1",-0.00285081133908099,3
2025-09-24,"competitor_minus_unrelated","pre_21_1",-0.00262243110048284,4
2025-09-24,"deployer_minus_unrelated","0_10",0.00240884888950978,3
2025-09-24,"deployer_minus_unrelated","pre_11_1",0.00240884888950978,3
2025-09-24,"hardware_minus_unrelated","pre_21_1",0.0082216526328788,4
2025-09-24,"hardware_minus_unrelated","pre_11_1",0.0082216526328788,3
2025-09-24,"hardware_minus_unrelated","0_20",0.00907465035506181,4
2025-09-24,"deployer_minus_unrelated","pre_21_1",0.00240884888950978,4
2025-09-24,"competitor_minus_unrelated","0_20",-0.00229544949557323,4
2025-09-24,"competitor_minus_unrelated","0_10",-0.00285081133908099,3
2025-09-24,"deployer_minus_unrelated","0_20",0.00240884888950978,4
2025-09-24,"hardware_minus_unrelated","0_10",0.0082216526328788,3
2025-09-25,"hardware_minus_unrelated","0_20",0.0398517748912585,3
2025-09-25,"competitor_minus_unrelated","pre_11_1",0.042985473493511,3
2025-09-25,"hardware_minus_unrelated","pre_21_1",0.0398517748912585,4
2025-09-25,"competitor_minus_unrelated","0_20",0.042985473493511,3
2025-09-25,"hardware_minus_unrelated","pre_11_1",0.0398517748912585,3
2025-09-25,"deployer_minus_unrelated","pre_11_1",0.0533614711481853,3
2025-09-25,"deployer_minus_unrelated","pre_21_1",0.0533614711481853,4
2025-09-25,"deployer_minus_unrelated","0_10",0.0533614711481853,3
2025-09-25,"competitor_minus_unrelated","pre_21_1",0.0429114925753753,4
2025-09-25,"deployer_minus_unrelated","0_20",0.0533614711481853,3
2025-09-25,"hardware_minus_unrelated","0_10",0.0398517748912585,3
2025-09-25,"competitor_minus_unrelated","0_10",0.042985473493511,3
2025-09-26,"hardware_minus_unrelated","pre_21_1",-0.0150957295197733,4
2025-09-26,"hardware_minus_unrelated","pre_11_1",-0.0150957295197733,3
2025-09-26,"deployer_minus_unrelated","pre_11_1",-0.0221526938074948,3
2025-09-26,"deployer_minus_unrelated","0_20",-0.0221526938074948,3
2025-09-26,"competitor_minus_unrelated","0_20",-0.0168939664971993,3
2025-09-26,"hardware_minus_unrelated","0_20",-0.0150957295197733,3
2025-09-26,"competitor_minus_unrelated","pre_21_1",-0.0171322691030721,4
2025-09-26,"competitor_minus_unrelated","pre_11_1",-0.0168939664971993,3
2025-09-26,"deployer_minus_unrelated","0_10",-0.0221526938074948,3
2025-09-26,"competitor_minus_unrelated","0_10",-0.0168939664971993,3
2025-09-26,"hardware_minus_unrelated","0_10",-0.0150957295197733,3
2025-09-26,"deployer_minus_unrelated","pre_21_1",-0.0221526938074948,4
2025-09-29,"deployer_minus_unrelated","0_20",-0.0165998116452245,5
2025-09-29,"competitor_minus_unrelated","pre_11_1",-0.0334888081131363,1
2025-09-29,"deployer_minus_unrelated","pre_11_1",-0.0165998116452245,1
2025-09-29,"competitor_minus_unrelated","pre_21_1",-0.0336003269575485,2
2025-09-29,"competitor_minus_unrelated","0_10",-0.0336672382641959,5
2025-09-29,"deployer_minus_unrelated","pre_21_1",-0.0165998116452245,2
2025-09-29,"deployer_minus_unrelated","0_10",-0.0165998116452245,5
2025-09-29,"hardware_minus_unrelated","pre_21_1",-0.0135966406813712,2
2025-09-29,"hardware_minus_unrelated","0_20",-0.0135966406813712,5
2025-09-29,"hardware_minus_unrelated","0_10",-0.0135966406813712,5
2025-09-29,"hardware_minus_unrelated","pre_11_1",-0.0135966406813712,1
2025-09-29,"competitor_minus_unrelated","0_20",-0.0336672382641959,5
2025-09-30,"hardware_minus_unrelated","pre_11_1",0.0194100929705332,1
2025-09-30,"hardware_minus_unrelated","pre_21_1",0.0194100929705332,1
2025-09-30,"deployer_minus_unrelated","0_20",0.0121790134084754,6
2025-09-30,"competitor_minus_unrelated","0_20",0.00540832507459581,6
2025-09-30,"deployer_minus_unrelated","pre_11_1",0.0121790134084754,1
2025-09-30,"competitor_minus_unrelated","0_10",0.00540832507459581,6
2025-09-30,"hardware_minus_unrelated","0_10",0.0194100929705332,6
2025-09-30,"competitor_minus_unrelated","pre_11_1",0.00630547987886797,1
2025-09-30,"deployer_minus_unrelated","pre_21_1",0.0121790134084754,1
2025-09-30,"hardware_minus_unrelated","0_20",0.0194100929705332,6
2025-09-30,"competitor_minus_unrelated","pre_21_1",0.00630547987886797,1
2025-09-30,"deployer_minus_unrelated","0_10",0.0121790134084754,6
2025-10-01,"competitor_minus_unrelated","0_10",-0.0260298981952976,6
2025-10-01,"deployer_minus_unrelated","pre_11_1",-0.0230505451305585,1
2025-10-01,"deployer_minus_unrelated","0_10",-0.0230505451305585,6
2025-10-01,"deployer_minus_unrelated","0_20",-0.0230505451305585,6
2025-10-01,"competitor_minus_unrelated","pre_11_1",-0.0246189584962353,1
2025-10-01,"competitor_minus_unrelated","0_20",-0.0260298981952976,6
2025-10-01,"hardware_minus_unrelated","pre_11_1",0.00826464560049124,1
2025-10-01,"hardware_minus_unrelated","0_10",0.00826464560049124,6
2025-10-01,"competitor_minus_unrelated","pre_21_1",-0.0246189584962353,1
2025-10-01,"deployer_minus_unrelated","pre_21_1",-0.0230505451305585,1
2025-10-01,"hardware_minus_unrelated","pre_21_1",0.00826464560049124,1
2025-10-01,"hardware_minus_unrelated","0_20",0.00826464560049124,6
2025-10-02,"deployer_minus_unrelated","0_20",-0.0128583068369995,6
2025-10-02,"deployer_minus_unrelated","pre_11_1",-0.0128583068369995,1
2025-10-02,"competitor_minus_unrelated","0_20",-0.0152808262651511,6
2025-10-02,"competitor_minus_unrelated","pre_11_1",-0.0163203656464388,1
2025-10-02,"competitor_minus_unrelated","0_10",-0.0152808262651511,6
2025-10-02,"hardware_minus_unrelated","0_10",-0.00253803657024873,6
2025-10-02,"hardware_minus_unrelated","0_20",-0.00253803657024873,6
2025-10-02,"deployer_minus_unrelated","pre_21_1",-0.0128583068369995,1
2025-10-02,"hardware_minus_unrelated","pre_21_1",-0.00253803657024873,1
2025-10-02,"deployer_minus_unrelated","0_10",-0.0128583068369995,6
2025-10-02,"competitor_minus_unrelated","pre_21_1",-0.0163203656464388,1
2025-10-02,"hardware_minus_unrelated","pre_11_1",-0.00253803657024873,1
2025-10-03,"competitor_minus_unrelated","0_10",-0.0062483332104346,6
2025-10-03,"hardware_minus_unrelated","pre_21_1",-0.00572358230388387,1
2025-10-03,"hardware_minus_unrelated","0_10",-0.00572358230388387,6
2025-10-03,"hardware_minus_unrelated","0_20",-0.00572358230388387,6
2025-10-03,"competitor_minus_unrelated","0_20",-0.0062483332104346,6
2025-10-03,"deployer_minus_unrelated","0_20",-0.00210411794869453,6
2025-10-03,"deployer_minus_unrelated","pre_21_1",-0.00210411794869453,1
2025-10-03,"competitor_minus_unrelated","pre_21_1",-0.00569245619106894,1
2025-10-03,"deployer_minus_unrelated","pre_11_1",-0.00210411794869453,1
2025-10-03,"hardware_minus_unrelated","pre_11_1",-0.00572358230388387,1
2025-10-03,"deployer_minus_unrelated","0_10",-0.00210411794869453,6
2025-10-03,"competitor_minus_unrelated","pre_11_1",-0.00569245619106894,1
2025-10-06,"deployer_minus_unrelated","0_20",-0.00709192313535737,6
2025-10-06,"hardware_minus_unrelated","0_20",-0.00296183437114895,6
2025-10-06,"competitor_minus_unrelated","0_20",-0.00568903176393263,6
2025-10-06,"hardware_minus_unrelated","0_10",-0.00296183437114895,6
2025-10-06,"deployer_minus_unrelated","0_10",-0.00709192313535737,6
2025-10-06,"competitor_minus_unrelated","pre_21_1",-0.0055121571956871,1
2025-10-06,"competitor_minus_unrelated","0_10",-0.00568903176393263,6
2025-10-06,"hardware_minus_unrelated","pre_21_1",-0.00296183437114895,1
2025-10-06,"competitor_minus_unrelated","pre_11_1",-0.0055121571956871,1
2025-10-06,"hardware_minus_unrelated","pre_11_1",-0.00296183437114895,1
2025-10-06,"deployer_minus_unrelated","pre_11_1",-0.00709192313535737,1
2025-10-06,"deployer_minus_unrelated","pre_21_1",-0.00709192313535737,1
2025-10-07,"competitor_minus_unrelated","0_20",0.0303871275576534,6
2025-10-07,"competitor_minus_unrelated","0_10",0.0303871275576534,6
2025-10-07,"competitor_minus_unrelated","pre_21_1",0.030131158795483,1
2025-10-07,"hardware_minus_unrelated","0_20",0.0162188194284489,6
2025-10-07,"deployer_minus_unrelated","0_20",0.0317148848457461,6
2025-10-07,"deployer_minus_unrelated","pre_11_1",0.0317148848457461,1
2025-10-07,"hardware_minus_unrelated","pre_21_1",0.0162188194284489,1
2025-10-07,"deployer_minus_unrelated","0_10",0.0317148848457461,6
2025-10-07,"hardware_minus_unrelated","0_10",0.0162188194284489,6
2025-10-07,"deployer_minus_unrelated","pre_21_1",0.0317148848457461,1
2025-10-07,"hardware_minus_unrelated","pre_11_1",0.0162188194284489,1
2025-10-07,"competitor_minus_unrelated","pre_11_1",0.030131158795483,1
2025-10-08,"deployer_minus_unrelated","0_20",-0.00496868532719556,6
2025-10-08,"deployer_minus_unrelated","pre_11_1",-0.00496868532719556,1
2025-10-08,"competitor_minus_unrelated","0_10",-0.0122221365880425,5
2025-10-08,"competitor_minus_unrelated","pre_21_1",-0.0122688465873398,2
2025-10-08,"deployer_minus_unrelated","pre_21_1",-0.00496868532719556,2
2025-10-08,"competitor_minus_unrelated","0_20",-0.0122299215879254,6
2025-10-08,"hardware_minus_unrelated","0_10",0.0170013433672907,5
2025-10-08,"hardware_minus_unrelated","0_20",0.0170013433672907,6
2025-10-08,"hardware_minus_unrelated","pre_11_1",0.0170013433672907,1
2025-10-08,"competitor_minus_unrelated","pre_11_1",-0.0122688465873398,1
2025-10-08,"deployer_minus_unrelated","0_10",-0.00496868532719556,5
2025-10-08,"hardware_minus_unrelated","pre_21_1",0.0170013433672907,2
2025-10-09,"deployer_minus_unrelated","0_20",-0.000384212969900415,6
2025-10-09,"hardware_minus_unrelated","0_10",0.0117170327243423,3
2025-10-09,"deployer_minus_unrelated","pre_11_1",-0.000384212969900415,1
2025-10-09,"hardware_minus_unrelated","0_20",0.0117170327243423,6
2025-10-09,"hardware_minus_unrelated","pre_11_1",0.0117170327243423,1
2025-10-09,"competitor_minus_unrelated","0_10",0.0129464928614826,3
2025-10-09,"deployer_minus_unrelated","0_10",-0.000384212969900415,3
2025-10-09,"competitor_minus_unrelated","pre_11_1",0.0128836920799727,1
2025-10-09,"deployer_minus_unrelated","pre_21_1",-0.000384212969900415,2
2025-10-09,"competitor_minus_unrelated","pre_21_1",0.0128836920799727,2
2025-10-09,"competitor_minus_unrelated","0_20",0.0129464928614826,6
2025-10-09,"hardware_minus_unrelated","pre_21_1",0.0117170327243423,2
2025-10-10,"hardware_minus_unrelated","pre_11_1",-0.0280364463654669,1
2025-10-10,"deployer_minus_unrelated","0_20",-0.00768385551605375,6
2025-10-10,"hardware_minus_unrelated","0_10",-0.0280364463654669,3
2025-10-10,"hardware_minus_unrelated","0_20",-0.0280364463654669,6
2025-10-10,"deployer_minus_unrelated","0_10",-0.00768385551605375,3
2025-10-10,"competitor_minus_unrelated","0_10",0.00587634213554131,3
2025-10-10,"competitor_minus_unrelated","pre_21_1",0.00596988323079039,2
2025-10-10,"competitor_minus_unrelated","0_20",0.00587634213554131,6
2025-10-10,"hardware_minus_unrelated","pre_21_1",-0.0280364463654669,2
2025-10-10,"competitor_minus_unrelated","pre_11_1",0.00596988323079039,1
2025-10-10,"deployer_minus_unrelated","pre_21_1",-0.00768385551605375,2
2025-10-10,"deployer_minus_unrelated","pre_11_1",-0.00768385551605375,1
2025-10-13,"competitor_minus_unrelated","0_20",-0.00337918317815589,6
2025-10-13,"deployer_minus_unrelated","0_10",0.000259726907440916,3
2025-10-13,"hardware_minus_unrelated","0_20",0.0332733935610688,6
2025-10-13,"deployer_minus_unrelated","0_20",0.000259726907440916,6
2025-10-13,"hardware_minus_unrelated","0_10",0.0332733935610688,3
2025-10-13,"hardware_minus_unrelated","pre_21_1",0.0332733935610688,2
2025-10-13,"deployer_minus_unrelated","pre_11_1",0.000259726907440916,1
2025-10-13,"hardware_minus_unrelated","pre_11_1",0.0332733935610688,1
2025-10-13,"competitor_minus_unrelated","0_10",-0.00337918317815589,3
2025-10-13,"competitor_minus_unrelated","pre_21_1",-0.00264728519922639,2
2025-10-13,"competitor_minus_unrelated","pre_11_1",-0.00264728519922639,1
2025-10-13,"deployer_minus_unrelated","pre_21_1",0.000259726907440916,2
2025-10-14,"competitor_minus_unrelated","pre_11_1",0.0226581571862537,1
2025-10-14,"hardware_minus_unrelated","0_20",0.004402774653709,6
2025-10-14,"competitor_minus_unrelated","0_20",0.0220900900276239,6
2025-10-14,"hardware_minus_unrelated","pre_21_1",0.004402774653709,3
2025-10-14,"deployer_minus_unrelated","pre_11_1",0.0177344575186146,1
2025-10-14,"hardware_minus_unrelated","pre_11_1",0.004402774653709,1
2025-10-14,"deployer_minus_unrelated","0_10",0.0177344575186146,1
2025-10-14,"deployer_minus_unrelated","0_20",0.0177344575186146,6
2025-10-14,"deployer_minus_unrelated","pre_21_1",0.0177344575186146,3
2025-10-14,"competitor_minus_unrelated","pre_21_1",0.0220900900276239,3
2025-10-14,"competitor_minus_unrelated","0_10",0.0209539557103641,1
2025-10-14,"hardware_minus_unrelated","0_10",0.004402774653709,1
2025-10-15,"deployer_minus_unrelated","0_10",0.0261346426170367,1
2025-10-15,"hardware_minus_unrelated","pre_21_1",0.0563416597136547,2
2025-10-15,"competitor_minus_unrelated","pre_11_1",0,0
2025-10-15,"hardware_minus_unrelated","pre_11_1",0,0
2025-10-15,"competitor_minus_unrelated","0_20",0.0316087896084069,7
2025-10-15,"deployer_minus_unrelated","0_20",0.0261346426170367,7
2025-10-15,"deployer_minus_unrelated","pre_11_1",0,0
2025-10-15,"deployer_minus_unrelated","pre_21_1",0.0261346426170367,2
2025-10-15,"competitor_minus_unrelated","0_10",0.0329688890309249,1
2025-10-15,"hardware_minus_unrelated","0_20",0.0563416597136547,7
2025-10-15,"competitor_minus_unrelated","pre_21_1",0.0305887150415183,2
2025-10-15,"hardware_minus_unrelated","0_10",0.0563416597136547,1
2025-10-16,"hardware_minus_unrelated","pre_21_1",0.0298645402487597,2
2025-10-16,"hardware_minus_unrelated","pre_11_1",0,0
2025-10-16,"competitor_minus_unrelated","0_20",0.0180978793934052,7
2025-10-16,"hardware_minus_unrelated","0_10",0.0298645402487597,1
2025-10-16,"competitor_minus_unrelated","pre_11_1",0,0
2025-10-16,"competitor_minus_unrelated","0_10",0.0181435758157234,1
2025-10-16,"deployer_minus_unrelated","0_20",0.0110275868373207,7
2025-10-16,"hardware_minus_unrelated","0_20",0.0298645402487597,7
2025-10-16,"deployer_minus_unrelated","pre_11_1",0,0
2025-10-16,"deployer_minus_unrelated","pre_21_1",0.0110275868373207,2
2025-10-16,"deployer_minus_unrelated","0_10",0.0110275868373207,1
2025-10-16,"competitor_minus_unrelated","pre_21_1",0.0180636070766666,2
2025-10-17,"hardware_minus_unrelated","0_20",-0.0203483370426414,7
2025-10-17,"competitor_minus_unrelated","pre_11_1",0,0
2025-10-17,"deployer_minus_unrelated","pre_21_1",-0.0100963955897574,3
2025-10-17,"competitor_minus_unrelated","0_10",-0.00603716883711962,1
2025-10-17,"deployer_minus_unrelated","0_20",-0.0100963955897574,7
2025-10-17,"deployer_minus_unrelated","pre_11_1",0,0
2025-10-17,"hardware_minus_unrelated","pre_11_1",0,0
2025-10-17,"deployer_minus_unrelated","0_10",-0.0100963955897574,1
2025-10-17,"competitor_minus_unrelated","pre_21_1",-0.00585848063614628,3
2025-10-17,"competitor_minus_unrelated","0_20",-0.00588400752199961,7
2025-10-17,"hardware_minus_unrelated","pre_21_1",-0.0203483370426414,3
2025-10-17,"hardware_minus_unrelated","0_10",-0.0203483370426414,1
2025-10-20,"deployer_minus_unrelated","pre_11_1",0,0
2025-10-20,"hardware_minus_unrelated","0_20",0.00115441812371473,7
2025-10-20,"competitor_minus_unrelated","pre_21_1",0.00747752854847491,4
2025-10-20,"hardware_minus_unrelated","0_10",0.00115441812371473,1
2025-10-20,"competitor_minus_unrelated","0_20",0.00608770812698886,7
2025-10-20,"deployer_minus_unrelated","0_10",0.0110805873863219,1
2025-10-20,"deployer_minus_unrelated","0_20",0.0110805873863219,7
2025-10-20,"competitor_minus_unrelated","pre_11_1",0,0
2025-10-20,"hardware_minus_unrelated","pre_11_1",0,0
2025-10-20,"competitor_minus_unrelated","0_10",0.00551994261058146,1
2025-10-20,"hardware_minus_unrelated","pre_21_1",0.00115441812371473,4
2025-10-20,"deployer_minus_unrelated","pre_21_1",0.0110805873863219,4
2025-10-21,"competitor_minus_unrelated","pre_21_1",-0.0186020683371532,4
2025-10-21,"deployer_minus_unrelated","0_20",-0.0232144989741337,7
2025-10-21,"deployer_minus_unrelated","pre_11_1",0,0
2025-10-21,"competitor_minus_unrelated","pre_11_1",0,0
2025-10-21,"hardware_minus_unrelated","pre_11_1",0,0
2025-10-21,"hardware_minus_unrelated","0_10",-0.0210203869764824,1
2025-10-21,"competitor_minus_unrelated","0_20",-0.0232407366127838,7
2025-10-21,"hardware_minus_unrelated","pre_21_1",-0.0210203869764824,4
2025-10-21,"competitor_minus_unrelated","0_10",-0.0255898601514326,1
2025-10-21,"deployer_minus_unrelated","pre_21_1",-0.0232144989741337,4
2025-10-21,"deployer_minus_unrelated","0_10",-0.0232144989741337,1
2025-10-21,"hardware_minus_unrelated","0_20",-0.0210203869764824,7
2025-10-22,"competitor_minus_unrelated","pre_21_1",0.037880241547985,5
2025-10-22,"competitor_minus_unrelated","pre_11_1",0.0401489353765567,1
2025-10-22,"deployer_minus_unrelated","pre_21_1",0.0209277704791577,5
2025-10-22,"competitor_minus_unrelated","0_20",0.0396228862489407,6
2025-10-22,"hardware_minus_unrelated","0_20",0.0183400676295053,6
2025-10-22,"competitor_minus_unrelated","0_10",0.0401489353765567,1
2025-10-22,"deployer_minus_unrelated","0_20",0.0209277704791577,6
2025-10-22,"deployer_minus_unrelated","pre_11_1",0.0209277704791577,1
2025-10-22,"hardware_minus_unrelated","pre_11_1",0.0183400676295053,1
2025-10-22,"deployer_minus_unrelated","0_10",0.0209277704791577,1
2025-10-22,"hardware_minus_unrelated","0_10",0.0183400676295053,1
2025-10-22,"hardware_minus_unrelated","pre_21_1",0.0183400676295053,5
2025-10-23,"hardware_minus_unrelated","0_20",0.0533118304271292,4
2025-10-23,"competitor_minus_unrelated","0_20",0.0241344256959534,4
2025-10-23,"competitor_minus_unrelated","pre_11_1",0.0242599752238076,1
2025-10-23,"competitor_minus_unrelated","0_10",0.0242599752238076,1
2025-10-23,"deployer_minus_unrelated","0_20",0.0339098428392376,4
2025-10-23,"competitor_minus_unrelated","pre_21_1",0.0234503500590283,5
2025-10-23,"hardware_minus_unrelated","pre_21_1",0.0533118304271292,5
2025-10-23,"deployer_minus_unrelated","pre_21_1",0.0339098428392376,5
2025-10-23,"hardware_minus_unrelated","0_10",0.0533118304271292,1
2025-10-23,"hardware_minus_unrelated","pre_11_1",0.0533118304271292,1
2025-10-23,"deployer_minus_unrelated","pre_11_1",0.0339098428392376,1
2025-10-23,"deployer_minus_unrelated","0_10",0.0339098428392376,1
2025-10-24,"hardware_minus_unrelated","0_20",0.0127559314860723,4
2025-10-24,"deployer_minus_unrelated","0_20",0.00440543458395185,4
2025-10-24,"hardware_minus_unrelated","pre_11_1",0.0127559314860723,1
2025-10-24,"competitor_minus_unrelated","0_20",0.00879320506963671,4
2025-10-24,"competitor_minus_unrelated","pre_11_1",0.00951404713888309,1
2025-10-24,"competitor_minus_unrelated","0_10",0.00951404713888309,1
2025-10-24,"deployer_minus_unrelated","pre_21_1",0.00440543458395185,6
2025-10-24,"hardware_minus_unrelated","0_10",0.0127559314860723,1
2025-10-24,"hardware_minus_unrelated","pre_21_1",0.0127559314860723,6
2025-10-24,"deployer_minus_unrelated","0_10",0.00440543458395185,1
2025-10-24,"competitor_minus_unrelated","pre_21_1",0.00571373665911464,6
2025-10-24,"deployer_minus_unrelated","pre_11_1",0.00440543458395185,1
2025-10-27,"competitor_minus_unrelated","0_10",0.029789274913881,1
2025-10-27,"competitor_minus_unrelated","0_20",0.0292361782388976,4
2025-10-27,"hardware_minus_unrelated","0_20",0.0254027875753813,4
2025-10-27,"competitor_minus_unrelated","pre_11_1",0.029789274913881,1
2025-10-27,"deployer_minus_unrelated","0_20",0.0281752366986306,4
2025-10-27,"deployer_minus_unrelated","pre_11_1",0.0281752366986306,1
2025-10-27,"competitor_minus_unrelated","pre_21_1",0.0266825671099188,7
2025-10-27,"deployer_minus_unrelated","0_10",0.0281752366986306,1
2025-10-27,"deployer_minus_unrelated","pre_21_1",0.0281752366986306,7
2025-10-27,"hardware_minus_unrelated","0_10",0.0254027875753813,1
2025-10-27,"hardware_minus_unrelated","pre_21_1",0.0254027875753813,7
2025-10-27,"hardware_minus_unrelated","pre_11_1",0.0254027875753813,1
2025-10-28,"competitor_minus_unrelated","pre_21_1",0.0301973902885874,7
2025-10-28,"hardware_minus_unrelated","0_20",0.0204286824694828,2
2025-10-28,"competitor_minus_unrelated","0_20",0.0289165274519455,2
2025-10-28,"hardware_minus_unrelated","pre_21_1",0.0204286824694828,7
2025-10-28,"deployer_minus_unrelated","0_10",0.0251955484224505,1
2025-10-28,"deployer_minus_unrelated","pre_11_1",0.0251955484224505,2
2025-10-28,"deployer_minus_unrelated","0_20",0.0251955484224505,2
2025-10-28,"competitor_minus_unrelated","0_10",0.0285774205847949,1
2025-10-28,"hardware_minus_unrelated","0_10",0.0204286824694828,1
2025-10-28,"competitor_minus_unrelated","pre_11_1",0.0289165274519455,2
2025-10-28,"deployer_minus_unrelated","pre_21_1",0.0251955484224505,7
2025-10-28,"hardware_minus_unrelated","pre_11_1",0.0204286824694828,2
2025-10-29,"competitor_minus_unrelated","0_20",0.0378514929970029,1
2025-10-29,"deployer_minus_unrelated","0_10",0.0340354476449267,1
2025-10-29,"hardware_minus_unrelated","0_20",0.0565495389794464,1
2025-10-29,"hardware_minus_unrelated","pre_21_1",0.0565495389794464,7
2025-10-29,"competitor_minus_unrelated","0_10",0.0378514929970029,1
2025-10-29,"hardware_minus_unrelated","0_10",0.0565495389794464,1
2025-10-29,"competitor_minus_unrelated","pre_21_1",0.0271236841831862,7
2025-10-29,"deployer_minus_unrelated","pre_11_1",0.0340354476449267,2
2025-10-29,"hardware_minus_unrelated","pre_11_1",0.0565495389794464,2
2025-10-29,"deployer_minus_unrelated","0_20",0.0340354476449267,1
2025-10-29,"deployer_minus_unrelated","pre_21_1",0.0340354476449267,7
2025-10-29,"competitor_minus_unrelated","pre_11_1",0.0318526625755999,2
2025-10-30,"hardware_minus_unrelated","pre_21_1",0.0276499423066128,8
2025-10-30,"deployer_minus_unrelated","0_10",0,0
2025-10-30,"hardware_minus_unrelated","0_20",0.0276499423066128,1
2025-10-30,"competitor_minus_unrelated","0_20",0.0236617665546052,1
2025-10-30,"deployer_minus_unrelated","0_20",0.0230595019662591,1
2025-10-30,"competitor_minus_unrelated","pre_21_1",0.0210708130758386,8
2025-10-30,"deployer_minus_unrelated","pre_11_1",0.0230595019662591,2
2025-10-30,"competitor_minus_unrelated","0_10",0,0
2025-10-30,"competitor_minus_unrelated","pre_11_1",0.0254450983907185,2
2025-10-30,"deployer_minus_unrelated","pre_21_1",0.0230595019662591,8
2025-10-30,"hardware_minus_unrelated","pre_11_1",0.0276499423066128,2
2025-10-30,"hardware_minus_unrelated","0_10",0,0
2025-10-31,"hardware_minus_unrelated","pre_11_1",-0.029065193624209,3
2025-10-31,"competitor_minus_unrelated","0_20",-0.0419282466526523,1
2025-10-31,"hardware_minus_unrelated","0_20",-0.029065193624209,1
2025-10-31,"competitor_minus_unrelated","pre_21_1",-0.0413364988385973,10
2025-10-31,"deployer_minus_unrelated","pre_11_1",-0.0361099852805673,3
2025-10-31,"hardware_minus_unrelated","pre_21_1",-0.029065193624209,10
2025-10-31,"hardware_minus_unrelated","0_10",0,0
2025-10-31,"deployer_minus_unrelated","0_10",0,0
2025-10-31,"deployer_minus_unrelated","pre_21_1",-0.0361099852805673,10
2025-10-31,"deployer_minus_unrelated","0_20",-0.0361099852805673,1
2025-10-31,"competitor_minus_unrelated","pre_11_1",-0.0412261499146893,3
2025-10-31,"competitor_minus_unrelated","0_10",0,0
2025-11-03,"competitor_minus_unrelated","0_20",0.00517260718665304,1
2025-11-03,"hardware_minus_unrelated","pre_21_1",0.0162875288561681,10
2025-11-03,"hardware_minus_unrelated","pre_11_1",0.0162875288561681,4
2025-11-03,"hardware_minus_unrelated","0_10",0,0
2025-11-03,"hardware_minus_unrelated","0_20",0.0162875288561681,1
2025-11-03,"deployer_minus_unrelated","pre_21_1",-0.0119407230312043,10
2025-11-03,"deployer_minus_unrelated","0_20",-0.0119407230312043,1
2025-11-03,"competitor_minus_unrelated","0_10",0,0
2025-11-03,"deployer_minus_unrelated","0_10",0,0
2025-11-03,"competitor_minus_unrelated","pre_11_1",0.00320738074457697,4
2025-11-03,"deployer_minus_unrelated","pre_11_1",-0.0119407230312043,4
2025-11-03,"competitor_minus_unrelated","pre_21_1",0.00335985406024039,10
2025-11-04,"hardware_minus_unrelated","pre_21_1",-0.00685695306497872,10
2025-11-04,"competitor_minus_unrelated","0_20",0.02035255290521,1
2025-11-04,"hardware_minus_unrelated","0_20",-0.00685695306497872,1
2025-11-04,"deployer_minus_unrelated","0_20",0.0287698507729797,1
2025-11-04,"hardware_minus_unrelated","0_10",0,0
2025-11-04,"deployer_minus_unrelated","pre_11_1",0.0287698507729797,4
2025-11-04,"deployer_minus_unrelated","0_10",0,0
2025-11-04,"hardware_minus_unrelated","pre_11_1",-0.00685695306497872,4
2025-11-04,"competitor_minus_unrelated","0_10",0,0
2025-11-04,"competitor_minus_unrelated","pre_21_1",0.02197835960426,10
2025-11-04,"competitor_minus_unrelated","pre_11_1",0.0221386778000504,4
2025-11-04,"deployer_minus_unrelated","pre_21_1",0.0287698507729797,10
2025-11-05,"competitor_minus_unrelated","0_20",-0.00261479850773055,1
2025-11-05,"deployer_minus_unrelated","0_20",-0.00867415270402377,1
2025-11-05,"hardware_minus_unrelated","0_10",0,0
2025-11-05,"hardware_minus_unrelated","0_20",0.0283908188560125,1
2025-11-05,"deployer_minus_unrelated","pre_21_1",-0.00867415270402377,10
2025-11-05,"hardware_minus_unrelated","pre_11_1",0.0283908188560125,5
2025-11-05,"competitor_minus_unrelated","0_10",0,0
2025-11-05,"deployer_minus_unrelated","pre_11_1",-0.00867415270402377,5
2025-11-05,"deployer_minus_unrelated","0_10",0,0
2025-11-05,"competitor_minus_unrelated","pre_11_1",-0.00673995398178244,5
2025-11-05,"competitor_minus_unrelated","pre_21_1",-0.00513693080671314,10
2025-11-05,"hardware_minus_unrelated","pre_21_1",0.0283908188560125,10
2025-11-06,"hardware_minus_unrelated","pre_11_1",0.0170239662033625,4
2025-11-06,"competitor_minus_unrelated","0_20",0.0275492795740637,2
2025-11-06,"deployer_minus_unrelated","pre_21_1",-0.0212419268366822,9
2025-11-06,"deployer_minus_unrelated","0_20",-0.0212419268366822,2
2025-11-06,"hardware_minus_unrelated","0_10",0.0170239662033625,1
2025-11-06,"hardware_minus_unrelated","0_20",0.0170239662033625,2
2025-11-06,"deployer_minus_unrelated","0_10",-0.0212419268366822,1
2025-11-06,"competitor_minus_unrelated","pre_11_1",0.02229470742728,4
2025-11-06,"competitor_minus_unrelated","0_10",0.0275492795740637,1
2025-11-06,"hardware_minus_unrelated","pre_21_1",0.0170239662033625,9
2025-11-06,"deployer_minus_unrelated","pre_11_1",-0.0212419268366822,4
2025-11-06,"competitor_minus_unrelated","pre_21_1",0.024352100872604,9
2025-11-07,"competitor_minus_unrelated","0_20",-0.0211540142424285,2
2025-11-07,"deployer_minus_unrelated","0_10",-0.00348892453866253,1
2025-11-07,"deployer_minus_unrelated","pre_21_1",-0.00348892453866253,9
2025-11-07,"competitor_minus_unrelated","0_10",-0.0211540142424285,1
2025-11-07,"deployer_minus_unrelated","0_20",-0.00348892453866253,2
2025-11-07,"deployer_minus_unrelated","pre_11_1",-0.00348892453866253,5
2025-11-07,"competitor_minus_unrelated","pre_21_1",-0.0189057289645485,9
2025-11-07,"hardware_minus_unrelated","pre_21_1",-0.0166591527911181,9
2025-11-07,"hardware_minus_unrelated","0_20",-0.0166591527911181,2
2025-11-07,"hardware_minus_unrelated","pre_11_1",-0.0166591527911181,5
2025-11-07,"hardware_minus_unrelated","0_10",-0.0166591527911181,1
2025-11-07,"competitor_minus_unrelated","pre_11_1",-0.0178141639105442,5
2025-11-10,"deployer_minus_unrelated","0_20",0.0101154888646341,2
2025-11-10,"competitor_minus_unrelated","0_20",0.0269142501598002,2
2025-11-10,"hardware_minus_unrelated","0_10",0.0340493553993816,1
2025-11-10,"hardware_minus_unrelated","0_20",0.0340493553993816,2
2025-11-10,"competitor_minus_unrelated","0_10",0.0269142501598002,1
2025-11-10,"competitor_minus_unrelated","pre_21_1",0.0228199869550433,9
2025-11-10,"hardware_minus_unrelated","pre_21_1",0.0340493553993816,9
2025-11-10,"deployer_minus_unrelated","pre_21_1",0.0101154888646341,9
2025-11-10,"hardware_minus_unrelated","pre_11_1",0.0340493553993816,6
2025-11-10,"deployer_minus_unrelated","pre_11_1",0.0101154888646341,6
2025-11-10,"competitor_minus_unrelated","pre_11_1",0.0217671685279474,6
2025-11-10,"deployer_minus_unrelated","0_10",0.0101154888646341,1
2025-11-11,"deployer_minus_unrelated","pre_21_1",0.0221456212919918,10
2025-11-11,"competitor_minus_unrelated","0_20",0.0285653719706809,2
2025-11-11,"hardware_minus_unrelated","0_20",0.00392775176147176,2
2025-11-11,"deployer_minus_unrelated","0_20",0.0221456212919918,2
2025-11-11,"hardware_minus_unrelated","0_10",0.00392775176147176,1
2025-11-11,"deployer_minus_unrelated","0_10",0.0221456212919918,1
2025-11-11,"competitor_minus_unrelated","pre_11_1",0.029887094374698,6
2025-11-11,"hardware_minus_unrelated","pre_11_1",0.00392775176147176,6
2025-11-11,"hardware_minus_unrelated","pre_21_1",0.00392775176147176,10
2025-11-11,"competitor_minus_unrelated","0_10",0.0285653719706809,1
2025-11-11,"deployer_minus_unrelated","pre_11_1",0.0221456212919918,6
2025-11-11,"competitor_minus_unrelated","pre_21_1",0.0297466596694285,10
2025-11-12,"hardware_minus_unrelated","pre_21_1",0.0139617145497528,9
2025-11-12,"deployer_minus_unrelated","0_10",-0.0104921985798953,2
2025-11-12,"deployer_minus_unrelated","pre_11_1",-0.0104921985798953,5
2025-11-12,"competitor_minus_unrelated","0_20",-0.00977585404787058,3
2025-11-12,"competitor_minus_unrelated","0_10",-0.00911763049183563,2
2025-11-12,"hardware_minus_unrelated","pre_11_1",0.0139617145497528,5
2025-11-12,"competitor_minus_unrelated","pre_11_1",-0.00731686051161915,5
2025-11-12,"deployer_minus_unrelated","0_20",-0.0104921985798953,3
2025-11-12,"competitor_minus_unrelated","pre_21_1",-0.00767838702102539,9
2025-11-12,"hardware_minus_unrelated","0_10",0.0139617145497528,2
2025-11-12,"deployer_minus_unrelated","pre_21_1",-0.0104921985798953,9
2025-11-12,"hardware_minus_unrelated","0_20",0.0139617145497528,3
2025-11-13,"deployer_minus_unrelated","pre_11_1",0.0372705659493539,6
2025-11-13,"hardware_minus_unrelated","pre_11_1",0.00506225200494635,6
2025-11-13,"hardware_minus_unrelated","pre_21_1",0.00506225200494635,9
2025-11-13,"competitor_minus_unrelated","pre_21_1",0.0314604449065616,9
2025-11-13,"deployer_minus_unrelated","pre_21_1",0.0372705659493539,9
2025-11-13,"deployer_minus_unrelated","0_20",0.0372705659493539,2
2025-11-13,"hardware_minus_unrelated","0_20",0.00506225200494635,2
2025-11-13,"competitor_minus_unrelated","pre_11_1",0.0322803966030714,6
2025-11-13,"competitor_minus_unrelated","0_10",0.0296986657713109,2
2025-11-13,"deployer_minus_unrelated","0_10",0.0372705659493539,2
2025-11-13,"hardware_minus_unrelated","0_10",0.00506225200494635,2
2025-11-13,"competitor_minus_unrelated","0_20",0.0296986657713109,2
2025-11-14,"hardware_minus_unrelated","pre_11_1",0.0155405837816064,8
2025-11-14,"deployer_minus_unrelated","pre_11_1",0.0297995723541439,8
2025-11-14,"deployer_minus_unrelated","pre_21_1",0.0297995723541439,9
2025-11-14,"competitor_minus_unrelated","0_10",0.0176895111647766,2
2025-11-14,"competitor_minus_unrelated","pre_21_1",0.0181434401025204,9
2025-11-14,"competitor_minus_unrelated","pre_11_1",0.0182687353666217,8
2025-11-14,"hardware_minus_unrelated","0_10",0.0155405837816064,2
2025-11-14,"hardware_minus_unrelated","0_20",0.0155405837816064,2
2025-11-14,"competitor_minus_unrelated","0_20",0.0176895111647766,2
2025-11-14,"hardware_minus_unrelated","pre_21_1",0.0155405837816064,9
2025-11-14,"deployer_minus_unrelated","0_20",0.0297995723541439,2
2025-11-14,"deployer_minus_unrelated","0_10",0.0297995723541439,2
2025-11-17,"competitor_minus_unrelated","pre_21_1",0.015200307587281,10
2025-11-17,"deployer_minus_unrelated","pre_21_1",0.0121141166992363,10
2025-11-17,"hardware_minus_unrelated","0_10",0.00754092507301757,3
2025-11-17,"competitor_minus_unrelated","pre_11_1",0.0153566487935665,7
2025-11-17,"deployer_minus_unrelated","0_20",0.0121141166992363,3
2025-11-17,"hardware_minus_unrelated","pre_21_1",0.00754092507301757,10
2025-11-17,"hardware_minus_unrelated","0_20",0.00754092507301757,3
2025-11-17,"competitor_minus_unrelated","0_20",0.0211014928177754,3
2025-11-17,"deployer_minus_unrelated","0_10",0.0121141166992363,3
2025-11-17,"competitor_minus_unrelated","0_10",0.0211014928177754,3
2025-11-17,"deployer_minus_unrelated","pre_11_1",0.0121141166992363,7
2025-11-17,"hardware_minus_unrelated","pre_11_1",0.00754092507301757,7
2025-11-18,"deployer_minus_unrelated","0_20",-0.05191265763323,4
2025-11-18,"competitor_minus_unrelated","pre_11_1",-0.0372339074789442,6
2025-11-18,"competitor_minus_unrelated","0_20",-0.0375832183457432,4
2025-11-18,"hardware_minus_unrelated","pre_21_1",-0.0562952298081507,9
2025-11-18,"hardware_minus_unrelated","0_20",-0.0562952298081507,4
2025-11-18,"competitor_minus_unrelated","0_10",-0.0375832183457432,4
2025-11-18,"deployer_minus_unrelated","pre_11_1",-0.05191265763323,6
2025-11-18,"deployer_minus_unrelated","0_10",-0.05191265763323,4
2025-11-18,"competitor_minus_unrelated","pre_21_1",-0.0373562095732956,9
2025-11-18,"hardware_minus_unrelated","pre_11_1",-0.0562952298081507,6
2025-11-18,"hardware_minus_unrelated","0_10",-0.0562952298081507,4
2025-11-18,"deployer_minus_unrelated","pre_21_1",-0.05191265763323,9
2025-11-19,"hardware_minus_unrelated","pre_21_1",0.0654068262298195,9
2025-11-19,"hardware_minus_unrelated","0_20",0.0654068262298195,4
2025-11-19,"competitor_minus_unrelated","0_20",0.0504456423947272,4
2025-11-19,"competitor_minus_unrelated","0_10",0.0504456423947272,4
2025-11-19,"deployer_minus_unrelated","pre_11_1",0.0303643100349096,6
2025-11-19,"hardware_minus_unrelated","0_10",0.0654068262298195,4
2025-11-19,"competitor_minus_unrelated","pre_21_1",0.050063062298104,9
2025-11-19,"deployer_minus_unrelated","0_10",0.0303643100349096,4
2025-11-19,"hardware_minus_unrelated","pre_11_1",0.0654068262298195,6
2025-11-19,"deployer_minus_unrelated","0_20",0.0303643100349096,4
2025-11-19,"competitor_minus_unrelated","pre_11_1",0.0507927952167243,6
2025-11-19,"deployer_minus_unrelated","pre_21_1",0.0303643100349096,9
2025-11-20,"hardware_minus_unrelated","pre_21_1",-0.0285753692726397,10
2025-11-20,"competitor_minus_unrelated","0_20",0.0189978435729669,5
2025-11-20,"hardware_minus_unrelated","0_10",-0.0285753692726397,5
2025-11-20,"deployer_minus_unrelated","0_20",-0.0117460587988859,5
2025-11-20,"deployer_minus_unrelated","0_10",-0.0117460587988859,5
2025-11-20,"hardware_minus_unrelated","0_20",-0.0285753692726397,5
2025-11-20,"competitor_minus_unrelated","0_10",0.0189978435729669,5
2025-11-20,"competitor_minus_unrelated","pre_21_1",0.0191618416954551,10
2025-11-20,"hardware_minus_unrelated","pre_11_1",-0.0285753692726397,5
2025-11-20,"deployer_minus_unrelated","pre_11_1",-0.0117460587988859,5
2025-11-20,"competitor_minus_unrelated","pre_11_1",0.019032437603808,5
2025-11-20,"deployer_minus_unrelated","pre_21_1",-0.0117460587988859,10
2025-11-21,"hardware_minus_unrelated","0_10",0.0269368531913802,4
2025-11-21,"competitor_minus_unrelated","0_20",0.0314780105729031,5
2025-11-21,"hardware_minus_unrelated","pre_21_1",0.0269368531913802,10
2025-11-21,"hardware_minus_unrelated","0_20",0.0269368531913802,5
2025-11-21,"competitor_minus_unrelated","0_10",0.0312997230518,4
2025-11-21,"deployer_minus_unrelated","0_20",0.0262862341024032,5
2025-11-21,"deployer_minus_unrelated","0_10",0.0262862341024032,4
2025-11-21,"competitor_minus_unrelated","pre_21_1",0.0332370735576552,10
2025-11-21,"deployer_minus_unrelated","pre_11_1",0.0262862341024032,5
2025-11-21,"deployer_minus_unrelated","pre_21_1",0.0262862341024032,10
2025-11-21,"hardware_minus_unrelated","pre_11_1",0.0269368531913802,5
2025-11-21,"competitor_minus_unrelated","pre_11_1",0.0342897899512174,5
2025-11-24,"competitor_minus_unrelated","0_20",0.004772928478692,6
2025-11-24,"deployer_minus_unrelated","0_10",-0.0169625155041126,5
2025-11-24,"deployer_minus_unrelated","pre_11_1",-0.0169625155041126,4
2025-11-24,"deployer_minus_unrelated","0_20",-0.0169625155041126,6
2025-11-24,"hardware_minus_unrelated","pre_11_1",0.0261373051510493,4
2025-11-24,"competitor_minus_unrelated","pre_21_1",0.0083023025892445,9
2025-11-24,"hardware_minus_unrelated","0_10",0.0261373051510493,5
2025-11-24,"competitor_minus_unrelated","0_10",0.00269487529741026,5
2025-11-24,"hardware_minus_unrelated","pre_21_1",0.0261373051510493,9
2025-11-24,"hardware_minus_unrelated","0_20",0.0261373051510493,6
2025-11-24,"competitor_minus_unrelated","pre_11_1",0.00861093114721221,4
2025-11-24,"deployer_minus_unrelated","pre_21_1",-0.0169625155041126,9
2025-11-25,"hardware_minus_unrelated","pre_11_1",0.0172578116411651,4
2025-11-25,"hardware_minus_unrelated","0_10",0.0172578116411651,6
2025-11-25,"competitor_minus_unrelated","pre_21_1",0.0260706070004265,8
2025-11-25,"deployer_minus_unrelated","pre_21_1",0.0273294446789854,8
2025-11-25,"competitor_minus_unrelated","0_10",0.0254840011253,6
2025-11-25,"competitor_minus_unrelated","pre_11_1",0.0256463431320974,4
2025-11-25,"deployer_minus_unrelated","0_20",0.0273294446789854,7
2025-11-25,"deployer_minus_unrelated","0_10",0.0273294446789854,6
2025-11-25,"hardware_minus_unrelated","0_20",0.0172578116411651,7
2025-11-25,"competitor_minus_unrelated","0_20",0.025744813471191,7
2025-11-25,"hardware_minus_unrelated","pre_21_1",0.0172578116411651,8
2025-11-25,"deployer_minus_unrelated","pre_11_1",0.0273294446789854,4
2025-11-26,"competitor_minus_unrelated","pre_11_1",-0.0113768265881877,4
2025-11-26,"competitor_minus_unrelated","pre_21_1",-0.010616789958466,8
2025-11-26,"competitor_minus_unrelated","0_20",-0.00998562815291845,7
2025-11-26,"competitor_minus_unrelated","0_10",-0.00986386161197947,6
2025-11-26,"hardware_minus_unrelated","0_10",0.0120205862688841,6
2025-11-26,"deployer_minus_unrelated","0_10",-0.00285169768908968,6
2025-11-26,"deployer_minus_unrelated","pre_21_1",-0.00285169768908968,8
2025-11-26,"deployer_minus_unrelated","pre_11_1",-0.00285169768908968,4
2025-11-26,"hardware_minus_unrelated","pre_11_1",0.0120205862688841,4
2025-11-26,"hardware_minus_unrelated","pre_21_1",0.0120205862688841,8
2025-11-26,"hardware_minus_unrelated","0_20",0.0120205862688841,7
2025-11-26,"deployer_minus_unrelated","0_20",-0.00285169768908968,7
2025-11-28,"hardware_minus_unrelated","0_10",0.0160209591307853,5
2025-11-28,"deployer_minus_unrelated","0_20",0.0018914379630112,7
2025-11-28,"hardware_minus_unrelated","pre_21_1",0.0160209591307853,8
2025-11-28,"deployer_minus_unrelated","pre_21_1",0.0018914379630112,8
2025-11-28,"competitor_minus_unrelated","0_20",0.0048058904451207,7
2025-11-28,"competitor_minus_unrelated","0_10",0.00526800439530914,5
2025-11-28,"competitor_minus_unrelated","pre_21_1",0.00415588070528059,8
2025-11-28,"hardware_minus_unrelated","0_20",0.0160209591307853,7
2025-11-28,"deployer_minus_unrelated","0_10",0.0018914379630112,5
2025-11-28,"hardware_minus_unrelated","pre_11_1",0.0160209591307853,4
2025-11-28,"competitor_minus_unrelated","pre_11_1",0.00365190154875061,4
2025-11-28,"deployer_minus_unrelated","pre_11_1",0.0018914379630112,4
2025-12-01,"hardware_minus_unrelated","0_10",0.0171644934510725,6
2025-12-01,"deployer_minus_unrelated","0_20",0.042697387576545,8
2025-12-01,"competitor_minus_unrelated","0_20",0.0145760972161319,8
2025-12-01,"hardware_minus_unrelated","0_20",0.0171644934510725,8
2025-12-01,"competitor_minus_unrelated","pre_21_1",0.0134529084757915,7
2025-12-01,"competitor_minus_unrelated","pre_11_1",0.0133056703500695,3
2025-12-01,"deployer_minus_unrelated","pre_11_1",0.042697387576545,3
2025-12-01,"competitor_minus_unrelated","0_10",0.015149611378308,6
2025-12-01,"hardware_minus_unrelated","pre_21_1",0.0171644934510725,7
2025-12-01,"deployer_minus_unrelated","0_10",0.042697387576545,6
2025-12-01,"hardware_minus_unrelated","pre_11_1",0.0171644934510725,3
2025-12-01,"deployer_minus_unrelated","pre_21_1",0.042697387576545,7
2025-12-02,"hardware_minus_unrelated","0_10",-0.0099286712606501,8
2025-12-02,"deployer_minus_unrelated","pre_11_1",-0.00564994840405508,3
2025-12-02,"competitor_minus_unrelated","pre_21_1",-0.0231146895839833,5
2025-12-02,"deployer_minus_unrelated","pre_21_1",-0.00564994840405508,5
2025-12-02,"deployer_minus_unrelated","0_20",-0.00564994840405508,10
2025-12-02,"competitor_minus_unrelated","0_10",-0.0233024439992431,8
2025-12-02,"hardware_minus_unrelated","pre_21_1",-0.0099286712606501,5
2025-12-02,"hardware_minus_unrelated","0_20",-0.0099286712606501,10
2025-12-02,"deployer_minus_unrelated","0_10",-0.00564994840405508,8
2025-12-02,"hardware_minus_unrelated","pre_11_1",-0.0099286712606501,3
2025-12-02,"competitor_minus_unrelated","0_20",-0.0233395624280196,10
2025-12-02,"competitor_minus_unrelated","pre_11_1",-0.0232405799512822,3
2025-12-03,"competitor_minus_unrelated","pre_21_1",-0.025212303964888,5
2025-12-03,"deployer_minus_unrelated","pre_21_1",-0.0201187476965816,5
2025-12-03,"hardware_minus_unrelated","0_10",-0.00582123421291716,7
2025-12-03,"deployer_minus_unrelated","0_20",-0.0201187476965816,10
2025-12-03,"competitor_minus_unrelated","0_20",-0.0246883137127806,10
2025-12-03,"competitor_minus_unrelated","0_10",-0.0249943526466597,7
2025-12-03,"hardware_minus_unrelated","0_20",-0.00582123421291716,10
2025-12-03,"deployer_minus_unrelated","pre_11_1",-0.0201187476965816,3
2025-12-03,"deployer_minus_unrelated","0_10",-0.0201187476965816,7
2025-12-03,"hardware_minus_unrelated","pre_21_1",-0.00582123421291716,5
2025-12-03,"hardware_minus_unrelated","pre_11_1",-0.00582123421291716,3
2025-12-03,"competitor_minus_unrelated","pre_11_1",-0.0254554799722078,3
2025-12-04,"deployer_minus_unrelated","0_20",0.000500730213579383,10
2025-12-04,"hardware_minus_unrelated","0_20",0.00773089512534131,10
2025-12-04,"competitor_minus_unrelated","0_10",0.011813097912666,6
2025-12-04,"competitor_minus_unrelated","0_20",0.0119507932642554,10
2025-12-04,"deployer_minus_unrelated","pre_11_1",0.000500730213579383,3
2025-12-04,"deployer_minus_unrelated","0_10",0.000500730213579383,6
2025-12-04,"hardware_minus_unrelated","pre_21_1",0.00773089512534131,5
2025-12-04,"hardware_minus_unrelated","0_10",0.00773089512534131,6
2025-12-04,"competitor_minus_unrelated","pre_11_1",0.0126618505144609,3
2025-12-04,"deployer_minus_unrelated","pre_21_1",0.000500730213579383,5
2025-12-04,"hardware_minus_unrelated","pre_11_1",0.00773089512534131,3
2025-12-04,"competitor_minus_unrelated","pre_21_1",0.0118546277579468,5
2025-12-05,"deployer_minus_unrelated","0_10",0.0214891771900462,6
2025-12-05,"deployer_minus_unrelated","pre_11_1",0.0214891771900462,5
2025-12-05,"hardware_minus_unrelated","pre_11_1",0.0330970384678345,5
2025-12-05,"competitor_minus_unrelated","0_10",0.0289361577360091,6
2025-12-05,"deployer_minus_unrelated","pre_21_1",0.0214891771900462,5
2025-12-05,"competitor_minus_unrelated","pre_11_1",0.0269774448280054,5
2025-12-05,"hardware_minus_unrelated","pre_21_1",0.0330970384678345,5
2025-12-05,"hardware_minus_unrelated","0_10",0.0330970384678345,6
2025-12-05,"competitor_minus_unrelated","pre_21_1",0.0269774448280054,5
2025-12-05,"hardware_minus_unrelated","0_20",0.0330970384678345,10
2025-12-05,"competitor_minus_unrelated","0_20",0.0284945206664026,10
2025-12-05,"deployer_minus_unrelated","0_20",0.0214891771900462,10
2025-12-08,"deployer_minus_unrelated","0_20",-0.0126067474368251,9
2025-12-08,"competitor_minus_unrelated","pre_11_1",-0.0202830103449715,5
2025-12-08,"competitor_minus_unrelated","0_20",-0.0206819313442486,9
2025-12-08,"deployer_minus_unrelated","pre_21_1",-0.0126067474368251,5
2025-12-08,"hardware_minus_unrelated","pre_11_1",-0.00715160403109162,5
2025-12-08,"competitor_minus_unrelated","0_10",-0.0219275914208952,5
2025-12-08,"competitor_minus_unrelated","pre_21_1",-0.0202830103449715,5
2025-12-08,"hardware_minus_unrelated","0_10",-0.00715160403109162,5
2025-12-08,"hardware_minus_unrelated","pre_21_1",-0.00715160403109162,5
2025-12-08,"deployer_minus_unrelated","0_10",-0.0126067474368251,5
2025-12-08,"hardware_minus_unrelated","0_20",-0.00715160403109162,9
2025-12-08,"deployer_minus_unrelated","pre_11_1",-0.0126067474368251,5
2025-12-09,"competitor_minus_unrelated","0_20",-0.00565885543742046,9
2025-12-09,"hardware_minus_unrelated","pre_21_1",-0.0103469220558584,5
2025-12-09,"hardware_minus_unrelated","0_10",-0.0103469220558584,5
2025-12-09,"deployer_minus_unrelated","0_10",-0.00310170620511222,5
2025-12-09,"competitor_minus_unrelated","pre_11_1",-0.00620922994653875,5
2025-12-09,"hardware_minus_unrelated","pre_11_1",-0.0103469220558584,5
2025-12-09,"competitor_minus_unrelated","pre_21_1",-0.00620922994653875,5
2025-12-09,"deployer_minus_unrelated","pre_11_1",-0.00310170620511222,5
2025-12-09,"deployer_minus_unrelated","pre_21_1",-0.00310170620511222,5
2025-12-09,"competitor_minus_unrelated","0_10",-0.00503178202408282,5
2025-12-09,"hardware_minus_unrelated","0_20",-0.0103469220558584,9
2025-12-09,"deployer_minus_unrelated","0_20",-0.00310170620511222,9
2025-12-10,"deployer_minus_unrelated","0_20",-0.00776510728762569,9
2025-12-10,"competitor_minus_unrelated","pre_21_1",0.00593886503440716,5
2025-12-10,"hardware_minus_unrelated","pre_11_1",0.0330072437685138,5
2025-12-10,"hardware_minus_unrelated","pre_21_1",0.0330072437685138,5
2025-12-10,"competitor_minus_unrelated","pre_11_1",0.00593886503440716,5
2025-12-10,"competitor_minus_unrelated","0_20",0.00575080321032923,9
2025-12-10,"competitor_minus_unrelated","0_10",0.00713646480041906,4
2025-12-10,"hardware_minus_unrelated","0_10",0.0330072437685138,4
2025-12-10,"deployer_minus_unrelated","pre_11_1",-0.00776510728762569,5
2025-12-10,"deployer_minus_unrelated","0_10",-0.00776510728762569,4
2025-12-10,"deployer_minus_unrelated","pre_21_1",-0.00776510728762569,5
2025-12-10,"hardware_minus_unrelated","0_20",0.0330072437685138,9
2025-12-11,"competitor_minus_unrelated","0_20",-0.00207068282044254,10
2025-12-11,"deployer_minus_unrelated","0_20",-0.00447831431006366,10
2025-12-11,"competitor_minus_unrelated","pre_21_1",-0.00367007935312108,4
2025-12-11,"deployer_minus_unrelated","pre_21_1",-0.00447831431006366,4
2025-12-11,"hardware_minus_unrelated","pre_11_1",-0.0022868608924902,4
2025-12-11,"hardware_minus_unrelated","0_10",-0.0022868608924902,4
2025-12-11,"hardware_minus_unrelated","pre_21_1",-0.0022868608924902,4
2025-12-11,"hardware_minus_unrelated","0_20",-0.0022868608924902,10
2025-12-11,"competitor_minus_unrelated","0_10",-0.00394904162663013,4
2025-12-11,"deployer_minus_unrelated","pre_11_1",-0.00447831431006366,4
2025-12-11,"deployer_minus_unrelated","0_10",-0.00447831431006366,4
2025-12-11,"competitor_minus_unrelated","pre_11_1",-0.00367007935312108,4
2025-12-12,"competitor_minus_unrelated","pre_21_1",0.0119637782780583,4
2025-12-12,"deployer_minus_unrelated","pre_21_1",0.0233421472602622,4
2025-12-12,"deployer_minus_unrelated","0_20",0.0233421472602622,9
2025-12-12,"hardware_minus_unrelated","0_10",-0.0293561803524315,4
2025-12-12,"deployer_minus_unrelated","0_10",0.0233421472602622,4
2025-12-12,"deployer_minus_unrelated","pre_11_1",0.0233421472602622,4
2025-12-12,"competitor_minus_unrelated","pre_11_1",0.0119637782780583,4
2025-12-12,"hardware_minus_unrelated","pre_11_1",-0.0293561803524315,4
2025-12-12,"competitor_minus_unrelated","0_20",0.0136615949939345,9
2025-12-12,"hardware_minus_unrelated","0_20",-0.0293561803524315,9
2025-12-12,"competitor_minus_unrelated","0_10",0.0133658591880485,4
2025-12-12,"hardware_minus_unrelated","pre_21_1",-0.0293561803524315,4
2025-12-15,"competitor_minus_unrelated","pre_21_1",0.0376540172068276,4
2025-12-15,"competitor_minus_unrelated","0_20",0.0370000586662964,9
2025-12-15,"deployer_minus_unrelated","0_20",0.0328673444441684,9
2025-12-15,"competitor_minus_unrelated","0_10",0.0371760692664021,4
2025-12-15,"hardware_minus_unrelated","0_10",0.0379263571153431,4
2025-12-15,"hardware_minus_unrelated","pre_21_1",0.0379263571153431,4
2025-12-15,"deployer_minus_unrelated","0_10",0.0328673444441684,4
2025-12-15,"hardware_minus_unrelated","0_20",0.0379263571153431,9
2025-12-15,"deployer_minus_unrelated","pre_11_1",0.0328673444441684,4
2025-12-15,"deployer_minus_unrelated","pre_21_1",0.0328673444441684,4
2025-12-15,"hardware_minus_unrelated","pre_11_1",0.0379263571153431,4
2025-12-15,"competitor_minus_unrelated","pre_11_1",0.0376540172068276,4
2025-12-16,"deployer_minus_unrelated","0_20",-0.0190718233213007,9
2025-12-16,"deployer_minus_unrelated","pre_11_1",-0.0190718233213007,4
2025-12-16,"competitor_minus_unrelated","0_20",-0.0156737813984127,9
2025-12-16,"hardware_minus_unrelated","pre_11_1",-0.0196785642052833,4
2025-12-16,"hardware_minus_unrelated","0_10",-0.0196785642052833,3
2025-12-16,"competitor_minus_unrelated","pre_21_1",-0.0148233582948127,4
2025-12-16,"hardware_minus_unrelated","0_20",-0.0196785642052833,9
2025-12-16,"competitor_minus_unrelated","0_10",-0.016261221053879,3
2025-12-16,"deployer_minus_unrelated","0_10",-0.0190718233213007,3
2025-12-16,"deployer_minus_unrelated","pre_21_1",-0.0190718233213007,4
2025-12-16,"hardware_minus_unrelated","pre_21_1",-0.0196785642052833,4
2025-12-16,"competitor_minus_unrelated","pre_11_1",-0.0148233582948127,4
2025-12-17,"competitor_minus_unrelated","0_20",0.00193260380575971,10
2025-12-17,"competitor_minus_unrelated","pre_21_1",-0.00544767523485038,2
2025-12-17,"deployer_minus_unrelated","pre_21_1",-0.0136418070458754,2
2025-12-17,"deployer_minus_unrelated","0_20",-0.0136418070458754,10
2025-12-17,"deployer_minus_unrelated","0_10",-0.0136418070458754,3
2025-12-17,"hardware_minus_unrelated","pre_11_1",-0.0248311045294783,2
2025-12-17,"competitor_minus_unrelated","0_10",0.00207430476598566,3
2025-12-17,"deployer_minus_unrelated","pre_11_1",-0.0136418070458754,2
2025-12-17,"hardware_minus_unrelated","0_20",-0.0248311045294783,10
2025-12-17,"competitor_minus_unrelated","pre_11_1",-0.00544767523485038,2
2025-12-17,"hardware_minus_unrelated","pre_21_1",-0.0248311045294783,2
2025-12-17,"hardware_minus_unrelated","0_10",-0.0248311045294783,3
2025-12-18,"deployer_minus_unrelated","pre_11_1",0.026041712470535,2
2025-12-18,"competitor_minus_unrelated","pre_21_1",0.0244340829475082,2
2025-12-18,"competitor_minus_unrelated","0_20",0.0224256175875607,9
2025-12-18,"hardware_minus_unrelated","pre_11_1",0.0356262496007014,2
2025-12-18,"competitor_minus_unrelated","0_10",0.0221217868261302,3
2025-12-18,"deployer_minus_unrelated","0_20",0.026041712470535,9
2025-12-18,"deployer_minus_unrelated","pre_21_1",0.026041712470535,2
2025-12-18,"competitor_minus_unrelated","pre_11_1",0.0244340829475082,2
2025-12-18,"hardware_minus_unrelated","0_10",0.0356262496007014,3
2025-12-18,"hardware_minus_unrelated","0_20",0.0356262496007014,9
2025-12-18,"deployer_minus_unrelated","0_10",0.026041712470535,3
2025-12-18,"hardware_minus_unrelated","pre_21_1",0.0356262496007014,2
2025-12-19,"hardware_minus_unrelated","pre_11_1",0.0098630489400898,2
2025-12-19,"deployer_minus_unrelated","pre_21_1",0.00364657649588941,2
2025-12-19,"hardware_minus_unrelated","0_10",0.0098630489400898,3
2025-12-19,"competitor_minus_unrelated","0_20",-0.0100315884408101,9
2025-12-19,"competitor_minus_unrelated","pre_11_1",-0.00817748453026991,2
2025-12-19,"deployer_minus_unrelated","pre_11_1",0.00364657649588941,2
2025-12-19,"hardware_minus_unrelated","0_20",0.0098630489400898,9
2025-12-19,"deployer_minus_unrelated","0_10",0.00364657649588941,3
2025-12-19,"competitor_minus_unrelated","pre_21_1",-0.00817748453026991,2
2025-12-19,"deployer_minus_unrelated","0_20",0.00364657649588941,9
2025-12-19,"hardware_minus_unrelated","pre_21_1",0.0098630489400898,2
2025-12-19,"competitor_minus_unrelated","0_10",-0.0106060387364512,3
2025-12-22,"competitor_minus_unrelated","pre_11_1",0,0
2025-12-22,"hardware_minus_unrelated","0_20",0.00177462299328221,10
2025-12-22,"deployer_minus_unrelated","pre_11_1",0,0
2025-12-22,"deployer_minus_unrelated","0_20",0.00165751562605732,10
2025-12-22,"hardware_minus_unrelated","0_10",0.00177462299328221,5
2025-12-22,"deployer_minus_unrelated","0_10",0.00165751562605732,5
2025-12-22,"competitor_minus_unrelated","pre_21_1",0,0
2025-12-22,"hardware_minus_unrelated","pre_11_1",0,0
2025-12-22,"hardware_minus_unrelated","pre_21_1",0,0
2025-12-22,"competitor_minus_unrelated","0_20",-0.0014402091272605,10
2025-12-22,"competitor_minus_unrelated","0_10",-0.00180132595645151,5
2025-12-22,"deployer_minus_unrelated","pre_21_1",0,0
2025-12-23,"hardware_minus_unrelated","0_20",0.0233886340803091,10
2025-12-23,"competitor_minus_unrelated","pre_21_1",0,0
2025-12-23,"hardware_minus_unrelated","0_10",0.0233886340803091,5
2025-12-23,"deployer_minus_unrelated","0_10",0.0185445691999024,5
2025-12-23,"competitor_minus_unrelated","0_10",0.0256188919264198,5
2025-12-23,"competitor_minus_unrelated","0_20",0.0257158346133218,10
2025-12-23,"deployer_minus_unrelated","pre_21_1",0,0
2025-12-23,"hardware_minus_unrelated","pre_21_1",0,0
2025-12-23,"deployer_minus_unrelated","pre_11_1",0,0
2025-12-23,"deployer_minus_unrelated","0_20",0.0185445691999024,10
2025-12-23,"competitor_minus_unrelated","pre_11_1",0,0
2025-12-23,"hardware_minus_unrelated","pre_11_1",0,0
2025-12-24,"deployer_minus_unrelated","0_10",0.000286742593035368,5
2025-12-24,"competitor_minus_unrelated","pre_21_1",-0.00251734893547837,1
2025-12-24,"deployer_minus_unrelated","pre_11_1",0,0
2025-12-24,"competitor_minus_unrelated","0_20",-0.00243159222841593,9
2025-12-24,"hardware_minus_unrelated","pre_21_1",-0.000189562597162895,1
2025-12-24,"hardware_minus_unrelated","0_20",-0.000189562597162895,9
2025-12-24,"deployer_minus_unrelated","0_20",0.000286742593035368,9
2025-12-24,"competitor_minus_unrelated","0_10",-0.00230601873480918,5
2025-12-24,"competitor_minus_unrelated","pre_11_1",0,0
2025-12-24,"hardware_minus_unrelated","pre_11_1",0,0
2025-12-24,"hardware_minus_unrelated","0_10",-0.000189562597162895,5
2025-12-24,"deployer_minus_unrelated","pre_21_1",0.000286742593035368,1
2025-12-26,"deployer_minus_unrelated","pre_11_1",0,0
2025-12-26,"deployer_minus_unrelated","0_20",0.00690187361067651,8
2025-12-26,"hardware_minus_unrelated","pre_11_1",0,0
2025-12-26,"competitor_minus_unrelated","pre_21_1",-0.00244914235610447,2
2025-12-26,"competitor_minus_unrelated","0_10",-0.00209279586650014,5
2025-12-26,"hardware_minus_unrelated","0_20",8.07528430768756e-05,8
2025-12-26,"competitor_minus_unrelated","0_20",-0.00202454911496302,8
2025-12-26,"deployer_minus_unrelated","0_10",0.00690187361067651,5
2025-12-26,"hardware_minus_unrelated","pre_21_1",8.07528430768756e-05,2
2025-12-26,"competitor_minus_unrelated","pre_11_1",0,0
2025-12-26,"hardware_minus_unrelated","0_10",8.07528430768756e-05,5
2025-12-26,"deployer_minus_unrelated","pre_21_1",0.00690187361067651,2
2025-12-29,"deployer_minus_unrelated","pre_11_1",0,0
2025-12-29,"competitor_minus_unrelated","pre_21_1",0.00905265549792738,2
2025-12-29,"hardware_minus_unrelated","pre_21_1",0.00547542774953102,2
2025-12-29,"deployer_minus_unrelated","0_10",0.00451395773137153,4
2025-12-29,"hardware_minus_unrelated","pre_11_1",0,0
2025-12-29,"deployer_minus_unrelated","0_20",0.00451395773137153,8
2025-12-29,"competitor_minus_unrelated","0_10",0.00893624737930927,4
2025-12-29,"competitor_minus_unrelated","0_20",0.00898788377707243,8
2025-12-29,"deployer_minus_unrelated","pre_21_1",0.00451395773137153,2
2025-12-29,"hardware_minus_unrelated","0_10",0.00547542774953102,4
2025-12-29,"hardware_minus_unrelated","0_20",0.00547542774953102,8
2025-12-29,"competitor_minus_unrelated","pre_11_1",0,0
2025-12-30,"deployer_minus_unrelated","pre_11_1",0,0
2025-12-30,"hardware_minus_unrelated","pre_11_1",0,0
2025-12-30,"competitor_minus_unrelated","pre_21_1",0.00228532945470405,2
2025-12-30,"hardware_minus_unrelated","pre_21_1",-0.0029319294557411,2
2025-12-30,"deployer_minus_unrelated","0_10",-0.00578312215412776,4
2025-12-30,"competitor_minus_unrelated","0_20",0.00200077899978237,8
2025-12-30,"hardware_minus_unrelated","0_10",-0.0029319294557411,4
2025-12-30,"deployer_minus_unrelated","0_20",-0.00578312215412776,8
2025-12-30,"competitor_minus_unrelated","pre_11_1",0,0
2025-12-30,"deployer_minus_unrelated","pre_21_1",-0.00578312215412776,2
2025-12-30,"competitor_minus_unrelated","0_10",0.00221508508981019,4
2025-12-30,"hardware_minus_unrelated","0_20",-0.0029319294557411,8
2025-12-31,"deployer_minus_unrelated","pre_11_1",0,0
2025-12-31,"competitor_minus_unrelated","pre_21_1",0.0120035886086329,2
2025-12-31,"competitor_minus_unrelated","0_20",0.0116523052438805,7
2025-12-31,"deployer_minus_unrelated","0_10",0.0120706003792154,4
2025-12-31,"hardware_minus_unrelated","pre_11_1",0,0
2025-12-31,"hardware_minus_unrelated","pre_21_1",0.00336640160283428,2
2025-12-31,"hardware_minus_unrelated","0_20",0.00336640160283428,7
2025-12-31,"hardware_minus_unrelated","0_10",0.00336640160283428,4
2025-12-31,"deployer_minus_unrelated","0_20",0.0120706003792154,7
2025-12-31,"deployer_minus_unrelated","pre_21_1",0.0120706003792154,2
2025-12-31,"competitor_minus_unrelated","pre_11_1",0,0
2025-12-31,"competitor_minus_unrelated","0_10",0.0115466083444899,4
2026-01-02,"deployer_minus_unrelated","pre_11_1",0,0
2026-01-02,"hardware_minus_unrelated","0_20",0.0441705021525197,5
2026-01-02,"competitor_minus_unrelated","pre_21_1",-0.0118806676335403,2
2026-01-02,"deployer_minus_unrelated","pre_21_1",-0.0101991435652025,2
2026-01-02,"competitor_minus_unrelated","0_20",-0.0165341120165505,5
2026-01-02,"deployer_minus_unrelated","0_10",-0.0101991435652025,4
2026-01-02,"competitor_minus_unrelated","0_10",-0.0159451929020699,4
2026-01-02,"deployer_minus_unrelated","0_20",-0.0101991435652025,5
2026-01-02,"hardware_minus_unrelated","pre_21_1",0.0441705021525197,2
2026-01-02,"hardware_minus_unrelated","pre_11_1",0,0
2026-01-02,"hardware_minus_unrelated","0_10",0.0441705021525197,4
2026-01-02,"competitor_minus_unrelated","pre_11_1",0,0
2026-01-05,"hardware_minus_unrelated","0_10",-0.00531369057633619,2
2026-01-05,"competitor_minus_unrelated","pre_21_1",-0.0188160379182522,2
2026-01-05,"competitor_minus_unrelated","0_20",-0.019756714382911,5
2026-01-05,"deployer_minus_unrelated","0_10",-0.00513555511149372,2
2026-01-05,"competitor_minus_unrelated","0_10",-0.0188160379182522,2
2026-01-05,"deployer_minus_unrelated","0_20",-0.00513555511149372,5
2026-01-05,"hardware_minus_unrelated","pre_21_1",-0.00531369057633619,2
2026-01-05,"deployer_minus_unrelated","pre_11_1",0,0
2026-01-05,"competitor_minus_unrelated","pre_11_1",0,0
2026-01-05,"hardware_minus_unrelated","0_20",-0.00531369057633619,5
2026-01-05,"deployer_minus_unrelated","pre_21_1",-0.00513555511149372,2
2026-01-05,"hardware_minus_unrelated","pre_11_1",0,0
2026-01-06,"hardware_minus_unrelated","0_10",0.076298567781318,2
2026-01-06,"competitor_minus_unrelated","0_10",0.0109835232619616,2
2026-01-06,"hardware_minus_unrelated","pre_21_1",0.076298567781318,4
2026-01-06,"competitor_minus_unrelated","0_20",0.0128167059313793,5
2026-01-06,"deployer_minus_unrelated","pre_11_1",0,0
2026-01-06,"competitor_minus_unrelated","pre_11_1",0,0
2026-01-06,"deployer_minus_unrelated","0_10",0.0225421324453764,2
2026-01-06,"deployer_minus_unrelated","0_20",0.0225421324453764,5
2026-01-06,"hardware_minus_unrelated","pre_11_1",0,0
2026-01-06,"deployer_minus_unrelated","pre_21_1",0.0225421324453764,4
2026-01-06,"hardware_minus_unrelated","0_20",0.076298567781318,5
2026-01-06,"competitor_minus_unrelated","pre_21_1",0.0117007841893165,4
2026-01-07,"competitor_minus_unrelated","0_10",-0.0066464640785471,2
2026-01-07,"hardware_minus_unrelated","0_10",-0.0304746714316616,2
2026-01-07,"competitor_minus_unrelated","0_20",-0.00847787326446865,5
2026-01-07,"hardware_minus_unrelated","pre_21_1",-0.0304746714316616,4
2026-01-07,"hardware_minus_unrelated","pre_11_1",0,0
2026-01-07,"competitor_minus_unrelated","pre_11_1",0,0
2026-01-07,"deployer_minus_unrelated","pre_11_1",0,0
2026-01-07,"competitor_minus_unrelated","pre_21_1",-0.00666751208807198,4
2026-01-07,"deployer_minus_unrelated","0_20",-0.0189467870513666,5
2026-01-07,"hardware_minus_unrelated","0_20",-0.0304746714316616,5
2026-01-07,"deployer_minus_unrelated","pre_21_1",-0.0189467870513666,4
2026-01-07,"deployer_minus_unrelated","0_10",-0.0189467870513666,2
2026-01-08,"deployer_minus_unrelated","0_20",-0.0215036311895052,5
2026-01-08,"hardware_minus_unrelated","pre_21_1",-0.034625666145654,4
2026-01-08,"deployer_minus_unrelated","pre_11_1",0,0
2026-01-08,"competitor_minus_unrelated","0_20",-0.0128088354176449,5
2026-01-08,"competitor_minus_unrelated","0_10",0,0
2026-01-08,"competitor_minus_unrelated","pre_11_1",0,0
2026-01-08,"hardware_minus_unrelated","pre_11_1",0,0
2026-01-08,"competitor_minus_unrelated","pre_21_1",-0.0118526739135338,4
2026-01-08,"hardware_minus_unrelated","0_10",0,0
2026-01-08,"deployer_minus_unrelated","pre_21_1",-0.0215036311895052,4
2026-01-08,"hardware_minus_unrelated","0_20",-0.034625666145654,5
2026-01-08,"deployer_minus_unrelated","0_10",0,0
2026-01-09,"competitor_minus_unrelated","0_10",0,0
2026-01-09,"deployer_minus_unrelated","pre_11_1",0.0133198834863899,1
2026-01-09,"competitor_minus_unrelated","pre_11_1",0.0352311468542884,1
2026-01-09,"hardware_minus_unrelated","pre_21_1",0.0661422608569593,4
2026-01-09,"hardware_minus_unrelated","0_10",0,0
2026-01-09,"competitor_minus_unrelated","pre_21_1",0.0343241506966492,4
2026-01-09,"competitor_minus_unrelated","0_20",0.0331317075661521,5
2026-01-09,"hardware_minus_unrelated","pre_11_1",0.0661422608569593,1
2026-01-09,"deployer_minus_unrelated","pre_21_1",0.0133198834863899,4
2026-01-09,"hardware_minus_unrelated","0_20",0.0661422608569593,5
2026-01-09,"deployer_minus_unrelated","0_20",0.0133198834863899,5
2026-01-09,"deployer_minus_unrelated","0_10",0,0
2026-01-12,"deployer_minus_unrelated","0_10",0,0
2026-01-12,"deployer_minus_unrelated","pre_11_1",-0.0177580626399508,2
2026-01-12,"competitor_minus_unrelated","pre_11_1",-0.0121995684849565,2
2026-01-12,"competitor_minus_unrelated","0_20",-0.0148078363986933,5
2026-01-12,"hardware_minus_unrelated","0_10",0,0
2026-01-12,"hardware_minus_unrelated","pre_11_1",-0.00776019378374124,2
2026-01-12,"competitor_minus_unrelated","pre_21_1",-0.0128480730585559,5
2026-01-12,"hardware_minus_unrelated","0_20",-0.00776019378374124,5
2026-01-12,"deployer_minus_unrelated","0_20",-0.0177580626399508,5
2026-01-12,"deployer_minus_unrelated","pre_21_1",-0.0177580626399508,5
2026-01-12,"hardware_minus_unrelated","pre_21_1",-0.00776019378374124,5
2026-01-12,"competitor_minus_unrelated","0_10",0,0
2026-01-13,"hardware_minus_unrelated","pre_11_1",-0.0223915906639522,2
2026-01-13,"deployer_minus_unrelated","pre_21_1",-0.0392364857416874,5
2026-01-13,"competitor_minus_unrelated","pre_21_1",-0.0287682366802874,5
2026-01-13,"hardware_minus_unrelated","pre_21_1",-0.0223915906639522,5
2026-01-13,"deployer_minus_unrelated","0_20",-0.0392364857416874,4
2026-01-13,"hardware_minus_unrelated","0_20",-0.0223915906639522,4
2026-01-13,"deployer_minus_unrelated","pre_11_1",-0.0392364857416874,2
2026-01-13,"deployer_minus_unrelated","0_10",0,0
2026-01-13,"competitor_minus_unrelated","pre_11_1",-0.0269922433232703,2
2026-01-13,"competitor_minus_unrelated","0_10",0,0
2026-01-13,"hardware_minus_unrelated","0_10",0,0
2026-01-13,"competitor_minus_unrelated","0_20",-0.0318915801979621,4
2026-01-14,"deployer_minus_unrelated","0_10",0,0
2026-01-14,"competitor_minus_unrelated","pre_21_1",-0.0267405438318684,5
2026-01-14,"hardware_minus_unrelated","pre_11_1",-0.0207384590128334,2
2026-01-14,"deployer_minus_unrelated","pre_11_1",-0.0369962570505877,2
2026-01-14,"deployer_minus_unrelated","0_20",-0.0369962570505877,4
2026-01-14,"hardware_minus_unrelated","pre_21_1",-0.0207384590128334,5
2026-01-14,"hardware_minus_unrelated","0_20",-0.0207384590128334,4
2026-01-14,"competitor_minus_unrelated","0_10",0,0
2026-01-14,"deployer_minus_unrelated","pre_21_1",-0.0369962570505877,5
2026-01-14,"competitor_minus_unrelated","pre_11_1",-0.0265072744600567,2
2026-01-14,"hardware_minus_unrelated","0_10",0,0
2026-01-14,"competitor_minus_unrelated","0_20",-0.0282376197516552,4
2026-01-15,"deployer_minus_unrelated","0_20",0.0270316581280061,4
2026-01-15,"hardware_minus_unrelated","pre_21_1",0.0538077863715457,5
2026-01-15,"deployer_minus_unrelated","pre_21_1",0.0270316581280061,5
2026-01-15,"hardware_minus_unrelated","0_10",0,0
2026-01-15,"hardware_minus_unrelated","0_20",0.0538077863715457,4
2026-01-15,"competitor_minus_unrelated","0_10",0,0
2026-01-15,"competitor_minus_unrelated","0_20",0.031494814785399,4
2026-01-15,"deployer_minus_unrelated","0_10",0,0
2026-01-15,"hardware_minus_unrelated","pre_11_1",0.0538077863715457,2
2026-01-15,"competitor_minus_unrelated","pre_11_1",0.0306937134997277,2
2026-01-15,"deployer_minus_unrelated","pre_11_1",0.0270316581280061,2
2026-01-15,"competitor_minus_unrelated","pre_21_1",0.0308057420204452,5
2026-01-16,"deployer_minus_unrelated","0_20",-0.0237028900960698,4
2026-01-16,"hardware_minus_unrelated","0_10",0,0
2026-01-16,"hardware_minus_unrelated","0_20",0.000615493329926681,4
2026-01-16,"competitor_minus_unrelated","pre_11_1",-0.0146878492898497,2
2026-01-16,"competitor_minus_unrelated","0_10",0,0
2026-01-16,"deployer_minus_unrelated","0_10",0,0
2026-01-16,"deployer_minus_unrelated","pre_11_1",-0.0237028900960698,2
2026-01-16,"competitor_minus_unrelated","0_20",-0.0155382442043956,4
2026-01-16,"hardware_minus_unrelated","pre_21_1",0.000615493329926681,5
2026-01-16,"hardware_minus_unrelated","pre_11_1",0.000615493329926681,2
2026-01-16,"competitor_minus_unrelated","pre_21_1",-0.0154209887871575,5
2026-01-16,"deployer_minus_unrelated","pre_21_1",-0.0237028900960698,5
2026-01-20,"hardware_minus_unrelated","0_20",0.0455777724337863,2
2026-01-20,"deployer_minus_unrelated","0_20",0.0355435484029008,2
2026-01-20,"deployer_minus_unrelated","0_10",0,0
2026-01-20,"hardware_minus_unrelated","pre_11_1",0.0455777724337863,2
2026-01-20,"competitor_minus_unrelated","0_10",0,0
2026-01-20,"hardware_minus_unrelated","0_10",0,0
2026-01-20,"competitor_minus_unrelated","pre_11_1",0.0294394489079065,2
2026-01-20,"deployer_minus_unrelated","pre_21_1",0.0355435484029008,5
2026-01-20,"deployer_minus_unrelated","pre_11_1",0.0355435484029008,2
2026-01-20,"competitor_minus_unrelated","0_20",0.0294394489079065,2
2026-01-20,"hardware_minus_unrelated","pre_21_1",0.0455777724337863,5
2026-01-20,"competitor_minus_unrelated","pre_21_1",0.0296000444302789,5
2026-01-21,"deployer_minus_unrelated","0_10",0,0
2026-01-21,"hardware_minus_unrelated","pre_11_1",0.0319980919564835,4
2026-01-21,"competitor_minus_unrelated","0_10",0,0
2026-01-21,"deployer_minus_unrelated","0_20",-0.00503069046320459,2
2026-01-21,"deployer_minus_unrelated","pre_21_1",-0.00503069046320459,5
2026-01-21,"deployer_minus_unrelated","pre_11_1",-0.00503069046320459,4
2026-01-21,"hardware_minus_unrelated","0_20",0.0319980919564835,2
2026-01-21,"hardware_minus_unrelated","0_10",0,0
2026-01-21,"competitor_minus_unrelated","pre_11_1",-0.0050809767297983,4
2026-01-21,"competitor_minus_unrelated","0_20",-0.00534569209702833,2
2026-01-21,"hardware_minus_unrelated","pre_21_1",0.0319980919564835,5
2026-01-21,"competitor_minus_unrelated","pre_21_1",-0.00513391980324431,5
2026-01-22,"competitor_minus_unrelated","0_10",0,0
2026-01-22,"deployer_minus_unrelated","0_10",0,0
2026-01-22,"deployer_minus_unrelated","0_20",0.00829933308126857,2
2026-01-22,"deployer_minus_unrelated","pre_11_1",0.00829933308126857,4
2026-01-22,"hardware_minus_unrelated","pre_21_1",0.00988119566132817,5
2026-01-22,"hardware_minus_unrelated","0_10",0,0
2026-01-22,"competitor_minus_unrelated","0_20",0.0230109588564722,2
2026-01-22,"competitor_minus_unrelated","pre_11_1",0.0230457733383428,4
2026-01-22,"deployer_minus_unrelated","pre_21_1",0.00829933308126857,5
2026-01-22,"hardware_minus_unrelated","pre_11_1",0.00988119566132817,4
2026-01-22,"competitor_minus_unrelated","pre_21_1",0.0230388104419687,5
2026-01-22,"hardware_minus_unrelated","0_20",0.00988119566132817,2
2026-01-23,"competitor_minus_unrelated","0_20",0,0
2026-01-23,"deployer_minus_unrelated","pre_21_1",-0.0067336578228507,5
2026-01-23,"competitor_minus_unrelated","pre_21_1",-0.000133137701360831,5
2026-01-23,"deployer_minus_unrelated","0_20",0,0
2026-01-23,"deployer_minus_unrelated","pre_11_1",-0.0067336578228507,4
2026-01-23,"hardware_minus_unrelated","pre_21_1",-0.0247744924666496,5
2026-01-23,"competitor_minus_unrelated","0_10",0,0
2026-01-23,"hardware_minus_unrelated","0_10",0,0
2026-01-23,"competitor_minus_unrelated","pre_11_1",-0.000151856732075546,4
2026-01-23,"deployer_minus_unrelated","0_10",0,0
2026-01-23,"hardware_minus_unrelated","0_20",0,0
2026-01-23,"hardware_minus_unrelated","pre_11_1",-0.0247744924666496,4
2026-01-26,"competitor_minus_unrelated","pre_21_1",0.0245716112948498,5
2026-01-26,"hardware_minus_unrelated","0_10",0,0
2026-01-26,"competitor_minus_unrelated","0_10",0,0
2026-01-26,"competitor_minus_unrelated","0_20",0,0
2026-01-26,"hardware_minus_unrelated","pre_21_1",0.00653452994792653,5
2026-01-26,"hardware_minus_unrelated","0_20",0,0
2026-01-26,"hardware_minus_unrelated","pre_11_1",0.00653452994792653,4
2026-01-26,"competitor_minus_unrelated","pre_11_1",0.0245199476889042,4
2026-01-26,"deployer_minus_unrelated","0_20",0,0
2026-01-26,"deployer_minus_unrelated","0_10",0,0
2026-01-26,"deployer_minus_unrelated","pre_11_1",0.0213701879509339,4
2026-01-26,"deployer_minus_unrelated","pre_21_1",0.0213701879509339,5
2026-01-27,"hardware_minus_unrelated","0_10",0.0677360659854331,1
2026-01-27,"competitor_minus_unrelated","pre_21_1",0.0512513992954167,5
2026-01-27,"competitor_minus_unrelated","0_10",0.0535122907240815,1
2026-01-27,"hardware_minus_unrelated","pre_11_1",0.0677360659854331,4
2026-01-27,"competitor_minus_unrelated","pre_11_1",0.0521632404892296,4
2026-01-27,"deployer_minus_unrelated","0_20",0.0457168131808817,1
2026-01-27,"hardware_minus_unrelated","0_20",0.0677360659854331,1
2026-01-27,"hardware_minus_unrelated","pre_21_1",0.0677360659854331,5
2026-01-27,"competitor_minus_unrelated","0_20",0.0535122907240815,1
2026-01-27,"deployer_minus_unrelated","pre_11_1",0.0457168131808817,4
2026-01-27,"deployer_minus_unrelated","pre_21_1",0.0457168131808817,5
2026-01-27,"deployer_minus_unrelated","0_10",0.0457168131808817,1
2026-01-28,"hardware_minus_unrelated","0_10",0.0652707707013916,2
2026-01-28,"hardware_minus_unrelated","pre_11_1",0.0652707707013916,3
2026-01-28,"deployer_minus_unrelated","pre_11_1",0.00546598632526207,3
2026-01-28,"deployer_minus_unrelated","0_20",0.00546598632526207,2
2026-01-28,"competitor_minus_unrelated","pre_21_1",0.0213655827286484,4
2026-01-28,"hardware_minus_unrelated","pre_21_1",0.0652707707013916,4
2026-01-28,"competitor_minus_unrelated","0_10",0.0211332219655744,2
2026-01-28,"deployer_minus_unrelated","pre_21_1",0.00546598632526207,4
2026-01-28,"competitor_minus_unrelated","pre_11_1",0.0215701964602739,3
2026-01-28,"hardware_minus_unrelated","0_20",0.0652707707013916,2
2026-01-28,"competitor_minus_unrelated","0_20",0.0211332219655744,2
2026-01-28,"deployer_minus_unrelated","0_10",0.00546598632526207,2
2026-01-29,"hardware_minus_unrelated","0_10",0.0456834730133401,2
2026-01-29,"hardware_minus_unrelated","pre_11_1",0.0456834730133401,3
2026-01-29,"deployer_minus_unrelated","0_20",0.0454102649716558,2
2026-01-29,"competitor_minus_unrelated","0_10",0.0467371104428854,2
2026-01-29,"deployer_minus_unrelated","pre_11_1",0.0454102649716558,3
2026-01-29,"hardware_minus_unrelated","0_20",0.0456834730133401,2
2026-01-29,"deployer_minus_unrelated","pre_21_1",0.0454102649716558,4
2026-01-29,"competitor_minus_unrelated","pre_21_1",0.0432251061935987,4
2026-01-29,"competitor_minus_unrelated","0_20",0.0467371104428854,2
2026-01-29,"hardware_minus_unrelated","pre_21_1",0.0456834730133401,4
2026-01-29,"deployer_minus_unrelated","0_10",0.0454102649716558,2
2026-01-29,"competitor_minus_unrelated","pre_11_1",0.0449883629983544,3
2026-01-30,"hardware_minus_unrelated","0_10",-0.070783305245525,2
2026-01-30,"deployer_minus_unrelated","0_20",-0.0400192961929727,2
2026-01-30,"hardware_minus_unrelated","pre_11_1",-0.070783305245525,3
2026-01-30,"hardware_minus_unrelated","0_20",-0.070783305245525,2
2026-01-30,"competitor_minus_unrelated","0_10",-0.0379856435488934,2
2026-01-30,"competitor_minus_unrelated","pre_21_1",-0.0374832569914562,4
2026-01-30,"deployer_minus_unrelated","pre_11_1",-0.0400192961929727,3
2026-01-30,"deployer_minus_unrelated","0_10",-0.0400192961929727,2
2026-01-30,"deployer_minus_unrelated","pre_21_1",-0.0400192961929727,4
2026-01-30,"competitor_minus_unrelated","0_20",-0.0379856435488934,2
2026-01-30,"hardware_minus_unrelated","pre_21_1",-0.070783305245525,4
2026-01-30,"competitor_minus_unrelated","pre_11_1",-0.0373095069086864,3
2026-02-02,"hardware_minus_unrelated","pre_11_1",0.0630601580262491,3
2026-02-02,"hardware_minus_unrelated","0_20",0.0630601580262491,2
2026-02-02,"deployer_minus_unrelated","pre_21_1",0.0582189436921731,4
2026-02-02,"hardware_minus_unrelated","0_10",0.0630601580262491,2
2026-02-02,"deployer_minus_unrelated","0_20",0.0582189436921731,2
2026-02-02,"competitor_minus_unrelated","0_10",0.0410199651667386,2
2026-02-02,"competitor_minus_unrelated","0_20",0.0410199651667386,2
2026-02-02,"hardware_minus_unrelated","pre_21_1",0.0630601580262491,4
2026-02-02,"deployer_minus_unrelated","0_10",0.0582189436921731,2
2026-02-02,"competitor_minus_unrelated","pre_11_1",0.0405327317834374,3
2026-02-02,"competitor_minus_unrelated","pre_21_1",0.0390299094766543,4
2026-02-02,"deployer_minus_unrelated","pre_11_1",0.0582189436921731,3
2026-02-03,"hardware_minus_unrelated","pre_11_1",0.0407022868822503,3
2026-02-03,"deployer_minus_unrelated","0_20",0.0445596083939221,2
2026-02-03,"deployer_minus_unrelated","pre_21_1",0.0445596083939221,5
2026-02-03,"hardware_minus_unrelated","0_20",0.0407022868822503,2
2026-02-03,"competitor_minus_unrelated","0_20",0.03968054348631,2
2026-02-03,"hardware_minus_unrelated","pre_21_1",0.0407022868822503,5
2026-02-03,"competitor_minus_unrelated","0_10",0.03968054348631,2
2026-02-03,"hardware_minus_unrelated","0_10",0.0407022868822503,2
2026-02-03,"competitor_minus_unrelated","pre_11_1",0.0364549772016358,3
2026-02-03,"deployer_minus_unrelated","0_10",0.0445596083939221,2
2026-02-03,"deployer_minus_unrelated","pre_11_1",0.0445596083939221,3
2026-02-03,"competitor_minus_unrelated","pre_21_1",0.0325894145947402,5
2026-02-04,"hardware_minus_unrelated","0_20",-0.0419436458235337,2
2026-02-04,"deployer_minus_unrelated","pre_21_1",-0.00531343641154645,5
2026-02-04,"deployer_minus_unrelated","0_20",-0.00531343641154645,2
2026-02-04,"hardware_minus_unrelated","0_10",-0.0419436458235337,2
2026-02-04,"competitor_minus_unrelated","0_10",-0.00812552901689768,2
2026-02-04,"deployer_minus_unrelated","0_10",-0.00531343641154645,2
2026-02-04,"competitor_minus_unrelated","pre_11_1",-0.00608263092744168,3
2026-02-04,"hardware_minus_unrelated","pre_11_1",-0.0419436458235337,3
2026-02-04,"deployer_minus_unrelated","pre_11_1",-0.00531343641154645,3
2026-02-04,"hardware_minus_unrelated","pre_21_1",-0.0419436458235337,5
2026-02-04,"competitor_minus_unrelated","0_20",-0.00812552901689768,2
2026-02-04,"competitor_minus_unrelated","pre_21_1",-0.00258977705593539,5
2026-02-05,"hardware_minus_unrelated","pre_11_1",0.0939757195564793,1
2026-02-05,"hardware_minus_unrelated","0_20",0.0939757195564793,4
2026-02-05,"deployer_minus_unrelated","pre_21_1",0.0746411991396493,3
2026-02-05,"hardware_minus_unrelated","0_10",0.0939757195564793,4
2026-02-05,"competitor_minus_unrelated","pre_11_1",0.0854619114321689,1
2026-02-05,"hardware_minus_unrelated","pre_21_1",0.0939757195564793,3
2026-02-05,"deployer_minus_unrelated","0_20",0.0746411991396493,4
2026-02-05,"deployer_minus_unrelated","0_10",0.0746411991396493,4
2026-02-05,"deployer_minus_unrelated","pre_11_1",0.0746411991396493,1
2026-02-05,"competitor_minus_unrelated","0_10",0.0844347846285446,4
2026-02-05,"competitor_minus_unrelated","0_20",0.0844347846285446,4
2026-02-05,"competitor_minus_unrelated","pre_21_1",0.0809478405438073,3
2026-02-06,"deployer_minus_unrelated","0_10",-0.134509318699192,4
2026-02-06,"hardware_minus_unrelated","pre_11_1",-0.0965071604366337,1
2026-02-06,"hardware_minus_unrelated","0_20",-0.0965071604366337,4
2026-02-06,"deployer_minus_unrelated","pre_21_1",-0.134509318699192,3
2026-02-06,"deployer_minus_unrelated","0_20",-0.134509318699192,4
2026-02-06,"hardware_minus_unrelated","0_10",-0.0965071604366337,4
2026-02-06,"competitor_minus_unrelated","pre_11_1",-0.154088314956583,1
2026-02-06,"hardware_minus_unrelated","pre_21_1",-0.0965071604366337,3
2026-02-06,"competitor_minus_unrelated","0_10",-0.153942551006702,4
2026-02-06,"deployer_minus_unrelated","pre_11_1",-0.134509318699192,1
2026-02-06,"competitor_minus_unrelated","0_20",-0.153942551006702,4
2026-02-06,"competitor_minus_unrelated","pre_21_1",-0.150629747080701,3
2026-02-09,"hardware_minus_unrelated","pre_11_1",0.00600349915598675,1
2026-02-09,"hardware_minus_unrelated","0_20",0.00600349915598675,4
2026-02-09,"deployer_minus_unrelated","0_20",0.0058460895587009,4
2026-02-09,"competitor_minus_unrelated","0_10",0.0114622409104499,4
2026-02-09,"hardware_minus_unrelated","pre_21_1",0.00600349915598675,3
2026-02-09,"deployer_minus_unrelated","0_10",0.0058460895587009,4
2026-02-09,"deployer_minus_unrelated","pre_21_1",0.0058460895587009,3
2026-02-09,"competitor_minus_unrelated","pre_21_1",0.0109330272510698,3
2026-02-09,"hardware_minus_unrelated","0_10",0.00600349915598675,4
2026-02-09,"competitor_minus_unrelated","pre_11_1",0.0121234544762942,1
2026-02-09,"deployer_minus_unrelated","pre_11_1",0.0058460895587009,1
2026-02-09,"competitor_minus_unrelated","0_20",0.0114622409104499,4
2026-02-10,"deployer_minus_unrelated","0_10",0.0210706070815982,4
2026-02-10,"competitor_minus_unrelated","0_10",0.0139294282494304,4
2026-02-10,"deployer_minus_unrelated","pre_21_1",0.0210706070815982,3
2026-02-10,"hardware_minus_unrelated","pre_21_1",0.00739727252739324,3
2026-02-10,"hardware_minus_unrelated","0_10",0.00739727252739324,4
2026-02-10,"competitor_minus_unrelated","pre_21_1",0.0153894534504357,3
2026-02-10,"hardware_minus_unrelated","pre_11_1",0.00739727252739324,2
2026-02-10,"deployer_minus_unrelated","pre_11_1",0.0210706070815982,2
2026-02-10,"competitor_minus_unrelated","pre_11_1",0.0160253582617834,2
2026-02-10,"deployer_minus_unrelated","0_20",0.0210706070815982,4
2026-02-10,"competitor_minus_unrelated","0_20",0.0139294282494304,4
2026-02-10,"hardware_minus_unrelated","0_20",0.00739727252739324,4
2026-02-11,"competitor_minus_unrelated","pre_11_1",0.0360380457165271,1
2026-02-11,"hardware_minus_unrelated","0_10",0.0798597308708605,4
2026-02-11,"deployer_minus_unrelated","pre_11_1",0.0288463441941998,1
2026-02-11,"hardware_minus_unrelated","pre_21_1",0.0798597308708605,2
2026-02-11,"deployer_minus_unrelated","pre_21_1",0.0288463441941998,2
2026-02-11,"deployer_minus_unrelated","0_20",0.0288463441941998,5
2026-02-11,"competitor_minus_unrelated","pre_21_1",0.03406422828317,2
2026-02-11,"hardware_minus_unrelated","0_20",0.0798597308708605,5
2026-02-11,"competitor_minus_unrelated","0_10",0.0340187497292581,4
2026-02-11,"deployer_minus_unrelated","0_10",0.0288463441941998,4
2026-02-11,"competitor_minus_unrelated","0_20",0.0341473056545545,5
2026-02-11,"hardware_minus_unrelated","pre_11_1",0.0798597308708605,1
2026-02-12,"deployer_minus_unrelated","0_20",-0.0246325495211676,5
2026-02-12,"deployer_minus_unrelated","pre_11_1",-0.0246325495211676,1
2026-02-12,"competitor_minus_unrelated","0_10",0.0159344101736715,3
2026-02-12,"competitor_minus_unrelated","pre_21_1",0.0170968789180338,3
2026-02-12,"competitor_minus_unrelated","pre_11_1",0.0171896209279719,1
2026-02-12,"hardware_minus_unrelated","0_10",0.0202938903458623,3
2026-02-12,"hardware_minus_unrelated","pre_11_1",0.0202938903458623,1
2026-02-12,"hardware_minus_unrelated","pre_21_1",0.0202938903458623,3
2026-02-12,"hardware_minus_unrelated","0_20",0.0202938903458623,5
2026-02-12,"competitor_minus_unrelated","0_20",0.0150415319821569,5
2026-02-12,"deployer_minus_unrelated","0_10",-0.0246325495211676,3
2026-02-12,"deployer_minus_unrelated","pre_21_1",-0.0246325495211676,3
2026-02-13,"competitor_minus_unrelated","0_10",-0.0579097021599836,3
2026-02-13,"competitor_minus_unrelated","0_20",-0.058304908140933,5
2026-02-13,"competitor_minus_unrelated","pre_21_1",-0.0566714521323354,3
2026-02-13,"competitor_minus_unrelated","pre_11_1",-0.0551829670294127,1
2026-02-13,"deployer_minus_unrelated","0_20",-0.0557465985181324,5
2026-02-13,"hardware_minus_unrelated","0_20",-0.0394779315688109,5
2026-02-13,"deployer_minus_unrelated","0_10",-0.0557465985181324,3
2026-02-13,"hardware_minus_unrelated","pre_11_1",-0.0394779315688109,1
2026-02-13,"hardware_minus_unrelated","pre_21_1",-0.0394779315688109,3
2026-02-13,"deployer_minus_unrelated","pre_11_1",-0.0557465985181324,1
2026-02-13,"hardware_minus_unrelated","0_10",-0.0394779315688109,3
2026-02-13,"deployer_minus_unrelated","pre_21_1",-0.0557465985181324,3
2026-02-17,"competitor_minus_unrelated","0_20",0.0276277346187545,5
2026-02-17,"deployer_minus_unrelated","0_10",0.0484709958859987,3
2026-02-17,"deployer_minus_unrelated","pre_11_1",0.0484709958859987,1
2026-02-17,"hardware_minus_unrelated","0_20",0.0269459030854773,5
2026-02-17,"hardware_minus_unrelated","0_10",0.0269459030854773,3
2026-02-17,"deployer_minus_unrelated","0_20",0.0484709958859987,5
2026-02-17,"hardware_minus_unrelated","pre_21_1",0.0269459030854773,3
2026-02-17,"competitor_minus_unrelated","pre_11_1",0.0302222687041156,1
2026-02-17,"deployer_minus_unrelated","pre_21_1",0.0484709958859987,3
2026-02-17,"hardware_minus_unrelated","pre_11_1",0.0269459030854773,1
2026-02-17,"competitor_minus_unrelated","0_10",0.0273436519787172,3
2026-02-17,"competitor_minus_unrelated","pre_21_1",0.0280664553538189,3
2026-02-18,"hardware_minus_unrelated","0_20",0.00526389182972288,5
2026-02-18,"competitor_minus_unrelated","pre_21_1",-0.000160785539203424,3
2026-02-18,"deployer_minus_unrelated","0_10",0.0211877970217865,3
2026-02-18,"competitor_minus_unrelated","0_20",-0.00087298008800469,5
2026-02-18,"deployer_minus_unrelated","0_20",0.0211877970217865,5
2026-02-18,"competitor_minus_unrelated","pre_11_1",0.000293139566297301,2
2026-02-18,"deployer_minus_unrelated","pre_11_1",0.0211877970217865,2
2026-02-18,"competitor_minus_unrelated","0_10",-0.000742542979871235,3
2026-02-18,"hardware_minus_unrelated","pre_21_1",0.00526389182972288,3
2026-02-18,"deployer_minus_unrelated","pre_21_1",0.0211877970217865,3
2026-02-18,"hardware_minus_unrelated","pre_11_1",0.00526389182972288,2
2026-02-18,"hardware_minus_unrelated","0_10",0.00526389182972288,3
2026-02-19,"deployer_minus_unrelated","0_10",-0.026181435944803,3
2026-02-19,"competitor_minus_unrelated","0_20",-0.0271374852307115,5
2026-02-19,"hardware_minus_unrelated","pre_21_1",-0.032058270946295,3
2026-02-19,"hardware_minus_unrelated","0_20",-0.032058270946295,5
2026-02-19,"hardware_minus_unrelated","pre_11_1",-0.032058270946295,2
2026-02-19,"competitor_minus_unrelated","0_10",-0.0274041122434644,3
2026-02-19,"deployer_minus_unrelated","0_20",-0.026181435944803,5
2026-02-19,"competitor_minus_unrelated","pre_21_1",-0.0286760923690234,3
2026-02-19,"hardware_minus_unrelated","0_10",-0.032058270946295,3
2026-02-19,"deployer_minus_unrelated","pre_11_1",-0.026181435944803,2
2026-02-19,"competitor_minus_unrelated","pre_11_1",-0.0296453661977439,2
2026-02-19,"deployer_minus_unrelated","pre_21_1",-0.026181435944803,3
2026-02-20,"competitor_minus_unrelated","0_20",0.00863410429850067,5
2026-02-20,"competitor_minus_unrelated","pre_21_1",0.00324121204930935,3
2026-02-20,"hardware_minus_unrelated","pre_11_1",-0.00193597769335537,2
2026-02-20,"deployer_minus_unrelated","0_10",0.00319419110963215,3
2026-02-20,"hardware_minus_unrelated","0_20",-0.00193597769335537,5
2026-02-20,"deployer_minus_unrelated","pre_21_1",0.00319419110963215,3
2026-02-20,"deployer_minus_unrelated","pre_11_1",0.00319419110963215,2
2026-02-20,"hardware_minus_unrelated","pre_21_1",-0.00193597769335537,3
2026-02-20,"deployer_minus_unrelated","0_20",0.00319419110963215,5
2026-02-20,"competitor_minus_unrelated","pre_11_1",0.000151029657097021,2
2026-02-20,"competitor_minus_unrelated","0_10",0.00810912260834511,3
2026-02-20,"hardware_minus_unrelated","0_10",-0.00193597769335537,3
2026-02-23,"deployer_minus_unrelated","pre_11_1",0.0107687746970972,2
2026-02-23,"competitor_minus_unrelated","pre_21_1",0.00799976042406104,3
2026-02-23,"competitor_minus_unrelated","pre_11_1",0.00547309160350259,2
2026-02-23,"deployer_minus_unrelated","pre_21_1",0.0107687746970972,3
2026-02-23,"competitor_minus_unrelated","0_20",0.01201824173265,5
2026-02-23,"deployer_minus_unrelated","0_10",0.0107687746970972,1
2026-02-23,"hardware_minus_unrelated","0_20",0.0215399761959805,5
2026-02-23,"hardware_minus_unrelated","pre_11_1",0.0215399761959805,2
2026-02-23,"hardware_minus_unrelated","pre_21_1",0.0215399761959805,3
2026-02-23,"deployer_minus_unrelated","0_20",0.0107687746970972,5
2026-02-23,"competitor_minus_unrelated","0_10",0.0130530980651779,1
2026-02-23,"hardware_minus_unrelated","0_10",0.0215399761959805,1
2026-02-24,"hardware_minus_unrelated","0_20",0.000314631788431727,5
2026-02-24,"competitor_minus_unrelated","pre_21_1",0.00531611731257478,3
2026-02-24,"hardware_minus_unrelated","0_10",0.000314631788431727,1
2026-02-24,"deployer_minus_unrelated","0_20",0.00381042109642626,5
2026-02-24,"deployer_minus_unrelated","pre_21_1",0.00381042109642626,3
2026-02-24,"competitor_minus_unrelated","0_20",0.000915852262823558,5
2026-02-24,"deployer_minus_unrelated","0_10",0.00381042109642626,1
2026-02-24,"deployer_minus_unrelated","pre_11_1",0.00381042109642626,2
2026-02-24,"competitor_minus_unrelated","pre_11_1",0.0079797809515038,2
2026-02-24,"competitor_minus_unrelated","0_10",-1.12099652832768e-05,1
2026-02-24,"hardware_minus_unrelated","pre_21_1",0.000314631788431727,3
2026-02-24,"hardware_minus_unrelated","pre_11_1",0.000314631788431727,2
2026-02-25,"hardware_minus_unrelated","0_20",-0.0339217758771208,5
2026-02-25,"deployer_minus_unrelated","0_20",-0.0337574776288418,5
2026-02-25,"deployer_minus_unrelated","0_10",-0.0337574776288418,1
2026-02-25,"competitor_minus_unrelated","pre_11_1",-0.0382224048350737,2
2026-02-25,"competitor_minus_unrelated","0_20",-0.0394789909902871,5
2026-02-25,"hardware_minus_unrelated","0_10",-0.0339217758771208,1
2026-02-25,"hardware_minus_unrelated","pre_11_1",-0.0339217758771208,2
2026-02-25,"deployer_minus_unrelated","pre_11_1",-0.0337574776288418,2
2026-02-25,"competitor_minus_unrelated","0_10",-0.0393356715268964,1
2026-02-25,"competitor_minus_unrelated","pre_21_1",-0.0387790381809851,4
2026-02-25,"deployer_minus_unrelated","pre_21_1",-0.0337574776288418,4
2026-02-25,"hardware_minus_unrelated","pre_21_1",-0.0339217758771208,4
2026-02-26,"deployer_minus_unrelated","0_10",0.00469691917017488,2
2026-02-26,"hardware_minus_unrelated","0_20",-0.0272535317163034,5
2026-02-26,"competitor_minus_unrelated","0_10",-0.00552027423746863,2
2026-02-26,"deployer_minus_unrelated","0_20",0.00469691917017488,5
2026-02-26,"deployer_minus_unrelated","pre_21_1",0.00469691917017488,3
2026-02-26,"deployer_minus_unrelated","pre_11_1",0.00469691917017488,1
2026-02-26,"competitor_minus_unrelated","pre_11_1",-0.00793691781251907,1
2026-02-26,"hardware_minus_unrelated","pre_11_1",-0.0272535317163034,1
2026-02-26,"competitor_minus_unrelated","pre_21_1",-0.00920521549904225,3
2026-02-26,"hardware_minus_unrelated","0_10",-0.0272535317163034,2
2026-02-26,"hardware_minus_unrelated","pre_21_1",-0.0272535317163034,3
2026-02-26,"competitor_minus_unrelated","0_20",-0.00773123899441281,5
2026-02-27,"competitor_minus_unrelated","pre_11_1",0.011852149962189,2
2026-02-27,"deployer_minus_unrelated","0_20",-0.00518648672666176,4
2026-02-27,"deployer_minus_unrelated","pre_21_1",-0.00518648672666176,3
2026-02-27,"hardware_minus_unrelated","0_20",0.00749682385186533,4
2026-02-27,"deployer_minus_unrelated","0_10",-0.00518648672666176,1
2026-02-27,"deployer_minus_unrelated","pre_11_1",-0.00518648672666176,2
2026-02-27,"competitor_minus_unrelated","0_10",0.00432509460152544,1
2026-02-27,"hardware_minus_unrelated","0_10",0.00749682385186533,1
2026-02-27,"competitor_minus_unrelated","pre_21_1",0.0112699950365158,3
2026-02-27,"hardware_minus_unrelated","pre_11_1",0.00749682385186533,2
2026-02-27,"competitor_minus_unrelated","0_20",0.0095337699277682,4
2026-02-27,"hardware_minus_unrelated","pre_21_1",0.00749682385186533,3
2026-03-02,"competitor_minus_unrelated","0_10",-0.0326450187885678,1
2026-03-02,"deployer_minus_unrelated","0_10",-0.0398280237314436,1
2026-03-02,"hardware_minus_unrelated","0_20",-0.0481934720892089,4
2026-03-02,"hardware_minus_unrelated","0_10",-0.0481934720892089,1
2026-03-02,"deployer_minus_unrelated","pre_11_1",-0.0398280237314436,2
2026-03-02,"deployer_minus_unrelated","pre_21_1",-0.0398280237314436,3
2026-03-02,"competitor_minus_unrelated","pre_21_1",-0.039297367021574,3
2026-03-02,"deployer_minus_unrelated","0_20",-0.0398280237314436,4
2026-03-02,"competitor_minus_unrelated","0_20",-0.0376342799633225,4
2026-03-02,"hardware_minus_unrelated","pre_21_1",-0.0481934720892089,3
2026-03-02,"hardware_minus_unrelated","pre_11_1",-0.0481934720892089,2
2026-03-02,"competitor_minus_unrelated","pre_11_1",-0.0394151599671632,2
2026-03-03,"deployer_minus_unrelated","0_20",0.00527182079555851,4
2026-03-03,"competitor_minus_unrelated","0_20",0.0189947095337921,4
2026-03-03,"hardware_minus_unrelated","pre_21_1",-0.0314173194712547,3
2026-03-03,"hardware_minus_unrelated","0_10",-0.0314173194712547,1
2026-03-03,"competitor_minus_unrelated","0_10",0.0278571896502062,1
2026-03-03,"deployer_minus_unrelated","pre_11_1",0.00527182079555851,2
2026-03-03,"hardware_minus_unrelated","0_20",-0.0314173194712547,4
2026-03-03,"deployer_minus_unrelated","pre_21_1",0.00527182079555851,3
2026-03-03,"deployer_minus_unrelated","0_10",0.00527182079555851,1
2026-03-03,"hardware_minus_unrelated","pre_11_1",-0.0314173194712547,2
2026-03-03,"competitor_minus_unrelated","pre_21_1",0.0160405494949874,3
2026-03-03,"competitor_minus_unrelated","pre_11_1",0.0171535360750674,2
2026-03-04,"hardware_minus_unrelated","0_10",-0.0343046317358282,1
2026-03-04,"competitor_minus_unrelated","0_20",-0.0550659616882434,4
2026-03-04,"deployer_minus_unrelated","0_20",-0.054871131321383,4
2026-03-04,"hardware_minus_unrelated","pre_11_1",-0.0343046317358282,2
2026-03-04,"deployer_minus_unrelated","pre_11_1",-0.054871131321383,2
2026-03-04,"competitor_minus_unrelated","0_10",-0.0528429872579321,1
2026-03-04,"competitor_minus_unrelated","pre_21_1",-0.0558069531650138,3
2026-03-04,"deployer_minus_unrelated","0_10",-0.054871131321383,1
2026-03-04,"hardware_minus_unrelated","0_20",-0.0343046317358282,4
2026-03-04,"competitor_minus_unrelated","pre_11_1",-0.0556772107736472,2
2026-03-04,"deployer_minus_unrelated","pre_21_1",-0.054871131321383,3
2026-03-04,"hardware_minus_unrelated","pre_21_1",-0.0343046317358282,3
2026-03-05,"deployer_minus_unrelated","pre_11_1",0.0224947832362272,1
2026-03-05,"competitor_minus_unrelated","0_20",0.0163093935496191,5
2026-03-05,"deployer_minus_unrelated","0_20",0.0224947832362272,5
2026-03-05,"hardware_minus_unrelated","0_10",-0.00262450580191372,2
2026-03-05,"competitor_minus_unrelated","pre_21_1",0.0117659751507778,2
2026-03-05,"hardware_minus_unrelated","pre_21_1",-0.00262450580191372,2
2026-03-05,"competitor_minus_unrelated","0_10",0.0201363145673682,2
2026-03-05,"hardware_minus_unrelated","pre_11_1",-0.00262450580191372,1
2026-03-05,"competitor_minus_unrelated","pre_11_1",0.0117659751507778,1
2026-03-05,"deployer_minus_unrelated","pre_21_1",0.0224947832362272,2
2026-03-05,"deployer_minus_unrelated","0_10",0.0224947832362272,2
2026-03-05,"hardware_minus_unrelated","0_20",-0.00262450580191372,5
2026-03-06,"hardware_minus_unrelated","pre_21_1",-0.0138621770804124,2
2026-03-06,"hardware_minus_unrelated","0_10",-0.0138621770804124,2
2026-03-06,"deployer_minus_unrelated","0_20",0.0130528720001231,5
2026-03-06,"deployer_minus_unrelated","pre_21_1",0.0130528720001231,2
2026-03-06,"hardware_minus_unrelated","0_20",-0.0138621770804124,5
2026-03-06,"deployer_minus_unrelated","pre_11_1",0.0130528720001231,1
2026-03-06,"competitor_minus_unrelated","0_20",0.011154037371692,5
2026-03-06,"competitor_minus_unrelated","0_10",0.0123586419682677,2
2026-03-06,"deployer_minus_unrelated","0_10",0.0130528720001231,2
2026-03-06,"hardware_minus_unrelated","pre_11_1",-0.0138621770804124,1
2026-03-06,"competitor_minus_unrelated","pre_21_1",0.00936513583276551,2
2026-03-06,"competitor_minus_unrelated","pre_11_1",0.00936513583276551,1
2026-03-09,"hardware_minus_unrelated","0_10",0.028591158794015,2
2026-03-09,"deployer_minus_unrelated","pre_11_1",-0.0137307843136486,1
2026-03-09,"deployer_minus_unrelated","pre_21_1",-0.0137307843136486,2
2026-03-09,"hardware_minus_unrelated","0_20",0.028591158794015,3
2026-03-09,"hardware_minus_unrelated","pre_11_1",0.028591158794015,1
2026-03-09,"competitor_minus_unrelated","pre_21_1",-0.000658668166665965,2
2026-03-09,"hardware_minus_unrelated","pre_21_1",0.028591158794015,2
2026-03-09,"deployer_minus_unrelated","0_20",-0.0137307843136486,3
2026-03-09,"competitor_minus_unrelated","0_10",-0.00765325903486804,2
2026-03-09,"competitor_minus_unrelated","pre_11_1",-0.000658668166665965,1
2026-03-09,"deployer_minus_unrelated","0_10",-0.0137307843136486,2
2026-03-09,"competitor_minus_unrelated","0_20",-0.00532172874546735,3
2026-03-10,"hardware_minus_unrelated","0_10",0.0263719345221386,2
2026-03-10,"hardware_minus_unrelated","0_20",0.0263719345221386,3
2026-03-10,"competitor_minus_unrelated","pre_21_1",0.0164764672885624,2
2026-03-10,"deployer_minus_unrelated","pre_11_1",0.0102762142276824,1
2026-03-10,"competitor_minus_unrelated","0_10",0.0105169101181503,2
2026-03-10,"hardware_minus_unrelated","pre_11_1",0.0263719345221386,1
2026-03-10,"deployer_minus_unrelated","0_20",0.0102762142276824,3
2026-03-10,"deployer_minus_unrelated","0_10",0.0102762142276824,2
2026-03-10,"hardware_minus_unrelated","pre_21_1",0.0263719345221386,2
2026-03-10,"deployer_minus_unrelated","pre_21_1",0.0102762142276824,2
2026-03-10,"competitor_minus_unrelated","0_20",0.0125034291749544,3
2026-03-10,"competitor_minus_unrelated","pre_11_1",0.0164764672885624,1
2026-03-11,"competitor_minus_unrelated","0_20",0.00308241558904314,3
2026-03-11,"deployer_minus_unrelated","0_20",-0.00425321372783364,3
2026-03-11,"deployer_minus_unrelated","pre_11_1",-0.00425321372783364,2
2026-03-11,"hardware_minus_unrelated","0_20",0.0108988764536083,3
2026-03-11,"hardware_minus_unrelated","pre_11_1",0.0108988764536083,2
2026-03-11,"hardware_minus_unrelated","0_10",0.0108988764536083,2
2026-03-11,"competitor_minus_unrelated","pre_21_1",0.00460310214148583,2
2026-03-11,"hardware_minus_unrelated","pre_21_1",0.0108988764536083,2
2026-03-11,"deployer_minus_unrelated","pre_21_1",-0.00425321372783364,2
2026-03-11,"deployer_minus_unrelated","0_10",-0.00425321372783364,2
2026-03-11,"competitor_minus_unrelated","0_10",0.0023220723128218,2
2026-03-11,"competitor_minus_unrelated","pre_11_1",0.00460310214148583,2
2026-03-12,"deployer_minus_unrelated","0_10",-0.0145891584461623,2
2026-03-12,"deployer_minus_unrelated","pre_11_1",-0.0145891584461623,2
2026-03-12,"deployer_minus_unrelated","0_20",-0.0145891584461623,3
2026-03-12,"competitor_minus_unrelated","0_20",-0.00550418363905242,3
2026-03-12,"hardware_minus_unrelated","0_20",-0.0244329249676159,3
2026-03-12,"competitor_minus_unrelated","pre_11_1",-0.00583090426608233,2
2026-03-12,"hardware_minus_unrelated","pre_11_1",-0.0244329249676159,2
2026-03-12,"competitor_minus_unrelated","pre_21_1",-0.00583090426608233,2
2026-03-12,"hardware_minus_unrelated","pre_21_1",-0.0244329249676159,2
2026-03-12,"hardware_minus_unrelated","0_10",-0.0244329249676159,2
2026-03-12,"competitor_minus_unrelated","0_10",-0.00534082332553747,2
2026-03-12,"deployer_minus_unrelated","pre_21_1",-0.0145891584461623,2
2026-03-13,"deployer_minus_unrelated","0_10",-0.0193429206706048,1
2026-03-13,"hardware_minus_unrelated","pre_11_1",-0.00705267531744104,2
2026-03-13,"competitor_minus_unrelated","pre_11_1",-0.0317777025898504,2
2026-03-13,"deployer_minus_unrelated","pre_11_1",-0.0193429206706048,2
2026-03-13,"hardware_minus_unrelated","0_20",-0.00705267531744104,2
2026-03-13,"competitor_minus_unrelated","pre_21_1",-0.0317777025898504,2
2026-03-13,"hardware_minus_unrelated","pre_21_1",-0.00705267531744104,2
2026-03-13,"deployer_minus_unrelated","0_20",-0.0193429206706048,2
2026-03-13,"competitor_minus_unrelated","0_10",-0.041549206263228,1
2026-03-13,"deployer_minus_unrelated","pre_21_1",-0.0193429206706048,2
2026-03-13,"competitor_minus_unrelated","0_20",-0.047050299671782,2
2026-03-13,"hardware_minus_unrelated","0_10",-0.00705267531744104,1
2026-03-16,"competitor_minus_unrelated","pre_21_1",-0.0166409445289649,1
2026-03-16,"deployer_minus_unrelated","0_10",-0.00908659500014182,2
2026-03-16,"competitor_minus_unrelated","pre_11_1",-0.0166409445289649,1
2026-03-16,"hardware_minus_unrelated","pre_11_1",-0.00486829864629874,1
2026-03-16,"hardware_minus_unrelated","pre_21_1",-0.00486829864629874,1
2026-03-16,"deployer_minus_unrelated","pre_21_1",-0.00908659500014182,1
2026-03-16,"deployer_minus_unrelated","0_20",-0.00908659500014182,3
2026-03-16,"hardware_minus_unrelated","0_20",-0.00486829864629874,3
2026-03-16,"hardware_minus_unrelated","0_10",-0.00486829864629874,2
2026-03-16,"competitor_minus_unrelated","0_10",-0.0168895084747482,2
2026-03-16,"competitor_minus_unrelated","0_20",-0.0165826231745947,3
2026-03-16,"deployer_minus_unrelated","pre_11_1",-0.00908659500014182,1
2026-03-17,"hardware_minus_unrelated","pre_21_1",0.00628726305852495,1
2026-03-17,"hardware_minus_unrelated","pre_11_1",0.00628726305852495,1
2026-03-17,"hardware_minus_unrelated","0_10",0.00628726305852495,2
2026-03-17,"competitor_minus_unrelated","pre_11_1",-0.0042289504641206,1
2026-03-17,"competitor_minus_unrelated","0_10",-0.00396348141979694,2
2026-03-17,"deployer_minus_unrelated","0_10",-0.00274075454981149,2
2026-03-17,"hardware_minus_unrelated","0_20",0.00628726305852495,3
2026-03-17,"deployer_minus_unrelated","pre_21_1",-0.00274075454981149,1
2026-03-17,"competitor_minus_unrelated","pre_21_1",-0.0042289504641206,1
2026-03-17,"competitor_minus_unrelated","0_20",-0.00559674902573911,3
2026-03-17,"deployer_minus_unrelated","0_20",-0.00274075454981149,3
2026-03-17,"deployer_minus_unrelated","pre_11_1",-0.00274075454981149,1
2026-03-18,"competitor_minus_unrelated","pre_11_1",0.0217945719753058,1
2026-03-18,"hardware_minus_unrelated","pre_11_1",0.0298138099010185,1
2026-03-18,"hardware_minus_unrelated","pre_21_1",0.0298138099010185,1
2026-03-18,"deployer_minus_unrelated","0_10",0.00857147164472749,2
2026-03-18,"competitor_minus_unrelated","pre_21_1",0.0217945719753058,1
2026-03-18,"hardware_minus_unrelated","0_10",0.0298138099010185,2
2026-03-18,"deployer_minus_unrelated","pre_11_1",0.00857147164472749,1
2026-03-18,"competitor_minus_unrelated","0_20",0.0186420544271461,3
2026-03-18,"deployer_minus_unrelated","pre_21_1",0.00857147164472749,1
2026-03-18,"hardware_minus_unrelated","0_20",0.0298138099010185,3
2026-03-18,"competitor_minus_unrelated","0_10",0.0202331095552419,2
2026-03-18,"deployer_minus_unrelated","0_20",0.00857147164472749,3
2026-03-19,"hardware_minus_unrelated","pre_11_1",0.0181075170498169,1
2026-03-19,"competitor_minus_unrelated","pre_11_1",-0.0011194359989412,1
2026-03-19,"competitor_minus_unrelated","pre_21_1",-0.0011194359989412,1
2026-03-19,"hardware_minus_unrelated","pre_21_1",0.0181075170498169,1
2026-03-19,"deployer_minus_unrelated","pre_11_1",-0.0190396744851216,1
2026-03-19,"deployer_minus_unrelated","0_20",-0.0190396744851216,3
2026-03-19,"deployer_minus_unrelated","pre_21_1",-0.0190396744851216,1
2026-03-19,"deployer_minus_unrelated","0_10",-0.0190396744851216,2
2026-03-19,"competitor_minus_unrelated","0_20",-0.000980881145595632,3
2026-03-19,"hardware_minus_unrelated","0_20",0.0181075170498169,3
2026-03-19,"competitor_minus_unrelated","0_10",-0.000635197213190408,2
2026-03-19,"hardware_minus_unrelated","0_10",0.0181075170498169,2
2026-03-20,"competitor_minus_unrelated","pre_11_1",-0.0085483956733989,1
2026-03-20,"deployer_minus_unrelated","pre_21_1",-0.00228762331917637,1
2026-03-20,"deployer_minus_unrelated","0_10",-0.00228762331917637,1
2026-03-20,"hardware_minus_unrelated","pre_21_1",-0.0166723881209235,1
2026-03-20,"competitor_minus_unrelated","pre_21_1",-0.0085483956733989,1
2026-03-20,"deployer_minus_unrelated","pre_11_1",-0.00228762331917637,1
2026-03-20,"competitor_minus_unrelated","0_20",-0.00425410028390461,3
2026-03-20,"deployer_minus_unrelated","0_20",-0.00228762331917637,3
2026-03-20,"hardware_minus_unrelated","pre_11_1",-0.0166723881209235,1
2026-03-20,"competitor_minus_unrelated","0_10",-0.0085483956733989,1
2026-03-20,"hardware_minus_unrelated","0_10",-0.0166723881209235,1
2026-03-20,"hardware_minus_unrelated","0_20",-0.0166723881209235,3
2026-03-23,"deployer_minus_unrelated","0_20",0.0029410784610106,3
2026-03-23,"competitor_minus_unrelated","0_20",-0.00172946006262911,3
2026-03-23,"deployer_minus_unrelated","pre_21_1",0.0029410784610106,1
2026-03-23,"competitor_minus_unrelated","pre_21_1",-0.00130241293267065,1
2026-03-23,"competitor_minus_unrelated","0_10",-0.00130241293267065,1
2026-03-23,"hardware_minus_unrelated","pre_21_1",0.000373202495593368,1
2026-03-23,"hardware_minus_unrelated","pre_11_1",0.000373202495593368,1
2026-03-23,"hardware_minus_unrelated","0_20",0.000373202495593368,3
2026-03-23,"deployer_minus_unrelated","pre_11_1",0.0029410784610106,1
2026-03-23,"hardware_minus_unrelated","0_10",0.000373202495593368,1
2026-03-23,"competitor_minus_unrelated","pre_11_1",-0.00130241293267065,1
2026-03-23,"deployer_minus_unrelated","0_10",0.0029410784610106,1
2026-03-24,"deployer_minus_unrelated","0_20",0.0133667616486323,3
2026-03-24,"competitor_minus_unrelated","0_10",-0.00545422873224264,1
2026-03-24,"deployer_minus_unrelated","pre_11_1",0.0133667616486323,1
2026-03-24,"hardware_minus_unrelated","pre_21_1",0.0327352195396324,1
2026-03-24,"competitor_minus_unrelated","pre_21_1",-0.00545422873224264,1
2026-03-24,"hardware_minus_unrelated","0_20",0.0327352195396324,3
2026-03-24,"deployer_minus_unrelated","pre_21_1",0.0133667616486323,1
2026-03-24,"hardware_minus_unrelated","0_10",0.0327352195396324,1
2026-03-24,"hardware_minus_unrelated","pre_11_1",0.0327352195396324,1
2026-03-24,"deployer_minus_unrelated","0_10",0.0133667616486323,1
2026-03-24,"competitor_minus_unrelated","pre_11_1",-0.00545422873224264,1
2026-03-24,"competitor_minus_unrelated","0_20",-0.00507453619022826,3
2026-03-25,"competitor_minus_unrelated","pre_21_1",-0.0105723232071756,1
2026-03-25,"deployer_minus_unrelated","0_20",0.00104826652667589,3
2026-03-25,"competitor_minus_unrelated","pre_11_1",-0.0105723232071756,1
2026-03-25,"competitor_minus_unrelated","0_10",-0.0105723232071756,1
2026-03-25,"deployer_minus_unrelated","pre_11_1",0.00104826652667589,1
2026-03-25,"hardware_minus_unrelated","pre_11_1",0.00201501190839585,1
2026-03-25,"deployer_minus_unrelated","0_10",0.00104826652667589,1
2026-03-25,"hardware_minus_unrelated","0_20",0.00201501190839585,3
2026-03-25,"hardware_minus_unrelated","0_10",0.00201501190839585,1
2026-03-25,"hardware_minus_unrelated","pre_21_1",0.00201501190839585,1
2026-03-25,"deployer_minus_unrelated","pre_21_1",0.00104826652667589,1
2026-03-25,"competitor_minus_unrelated","0_20",-0.0117355908075768,3
2026-03-26,"deployer_minus_unrelated","0_20",0.00780735970421229,4
2026-03-26,"hardware_minus_unrelated","0_20",-0.0325606524246993,4
2026-03-26,"competitor_minus_unrelated","0_10",-0.0154232086356214,2
2026-03-26,"hardware_minus_unrelated","0_10",-0.0325606524246993,2
2026-03-26,"deployer_minus_unrelated","0_10",0.00780735970421229,2
2026-03-26,"competitor_minus_unrelated","0_20",-0.0104237945079248,4
2026-03-27,"deployer_minus_unrelated","0_10",0.0155926438478746,2
2026-03-27,"deployer_minus_unrelated","0_20",0.0155926438478746,3
2026-03-27,"hardware_minus_unrelated","0_10",0.0204350188033742,2
2026-03-27,"competitor_minus_unrelated","0_20",0.00958005890465733,3
2026-03-27,"competitor_minus_unrelated","0_10",0.00953478196443132,2
2026-03-27,"hardware_minus_unrelated","0_20",0.0204350188033742,3
2026-03-30,"deployer_minus_unrelated","0_20",0.00292056051489096,3
2026-03-30,"hardware_minus_unrelated","0_10",-0.0352515843569365,2
2026-03-30,"hardware_minus_unrelated","0_20",-0.0352515843569365,3
2026-03-30,"competitor_minus_unrelated","0_10",0.00973743871272355,2
2026-03-30,"deployer_minus_unrelated","0_10",0.00292056051489096,2
2026-03-30,"competitor_minus_unrelated","0_20",0.0110880393396575,3
2026-03-31,"deployer_minus_unrelated","0_20",0.0106980103976167,3
2026-03-31,"hardware_minus_unrelated","0_20",0.0502777693329529,3
2026-03-31,"competitor_minus_unrelated","0_10",0.0291766793884863,1
2026-03-31,"hardware_minus_unrelated","0_10",0.0502777693329529,1
2026-03-31,"deployer_minus_unrelated","0_10",0.0106980103976167,1
2026-03-31,"competitor_minus_unrelated","0_20",0.0270865186076014,3
2026-04-01,"competitor_minus_unrelated","0_10",0.021194964036465,1
2026-04-01,"competitor_minus_unrelated","0_20",0.0199184702694934,3
2026-04-01,"hardware_minus_unrelated","0_10",0.044102831268825,1
2026-04-01,"deployer_minus_unrelated","0_10",0.00714165896603229,1
2026-04-01,"deployer_minus_unrelated","0_20",0.00714165896603229,3
2026-04-01,"hardware_minus_unrelated","0_20",0.044102831268825,3
2026-04-02,"deployer_minus_unrelated","0_20",0.0197654571077175,3
2026-04-02,"competitor_minus_unrelated","0_20",0.00898556526503901,3
2026-04-02,"competitor_minus_unrelated","0_10",0.00859583511246661,1
2026-04-02,"hardware_minus_unrelated","0_10",0.00870290793892988,1
2026-04-02,"hardware_minus_unrelated","0_20",0.00870290793892988,3
2026-04-02,"deployer_minus_unrelated","0_10",0.0197654571077175,1
2026-04-06,"competitor_minus_unrelated","0_20",-0.0307939738984481,2
2026-04-06,"deployer_minus_unrelated","0_20",-0.0362853843357136,2
2026-04-06,"hardware_minus_unrelated","0_10",-0.0195140004444885,1
2026-04-06,"competitor_minus_unrelated","0_10",-0.0307939738984481,1
2026-04-06,"hardware_minus_unrelated","0_20",-0.0195140004444885,2
2026-04-06,"deployer_minus_unrelated","0_10",-0.0362853843357136,1
2026-04-07,"deployer_minus_unrelated","0_20",0.00778997212811707,2
2026-04-07,"hardware_minus_unrelated","0_10",0.024448344603105,1
2026-04-07,"competitor_minus_unrelated","0_10",0.0215438798918652,1
2026-04-07,"hardware_minus_unrelated","0_20",0.024448344603105,2
2026-04-07,"competitor_minus_unrelated","0_20",0.0215438798918652,2
2026-04-07,"deployer_minus_unrelated","0_10",0.00778997212811707,1
2026-04-08,"competitor_minus_unrelated","0_10",0.0188750304851497,1
2026-04-08,"deployer_minus_unrelated","0_20",0.0170831991194497,2
2026-04-08,"hardware_minus_unrelated","0_20",0.0515175015050516,2
2026-04-08,"hardware_minus_unrelated","0_10",0.0515175015050516,1
2026-04-08,"deployer_minus_unrelated","0_10",0.0170831991194497,1
2026-04-08,"competitor_minus_unrelated","0_20",0.0188750304851497,2
2026-04-09,"hardware_minus_unrelated","0_20",0.0305195655285088,2
2026-04-09,"hardware_minus_unrelated","0_10",0.0305195655285088,1
2026-04-09,"competitor_minus_unrelated","0_10",0.013749651451477,1
2026-04-09,"deployer_minus_unrelated","0_10",-0.0147004983654358,1
2026-04-09,"deployer_minus_unrelated","0_20",-0.0147004983654358,2
2026-04-09,"competitor_minus_unrelated","0_20",0.013749651451477,2
2026-04-10,"deployer_minus_unrelated","0_10",0.0048837828128952,1
2026-04-10,"hardware_minus_unrelated","0_20",0.0236939415045893,2
2026-04-10,"competitor_minus_unrelated","0_20",0.00855614035141069,2
2026-04-10,"hardware_minus_unrelated","0_10",0.0236939415045893,1
2026-04-10,"competitor_minus_unrelated","0_10",0.00855614035141069,1
2026-04-10,"deployer_minus_unrelated","0_20",0.0048837828128952,2
2026-04-13,"competitor_minus_unrelated","0_20",-0.0211355542882355,2
2026-04-13,"deployer_minus_unrelated","0_20",-0.017876021201268,2
2026-04-13,"hardware_minus_unrelated","0_20",-0.0106776180890446,2
2026-04-14,"deployer_minus_unrelated","0_20",-0.00372798390353124,2
2026-04-14,"hardware_minus_unrelated","0_20",0.00140913491781004,2
2026-04-14,"competitor_minus_unrelated","0_20",0.0116398070260336,2
2026-04-15,"hardware_minus_unrelated","0_20",-0.0346211096330605,1
2026-04-15,"competitor_minus_unrelated","0_20",-0.00536913104555115,1
2026-04-15,"deployer_minus_unrelated","0_20",0.0146754034211176,1
2026-04-16,"hardware_minus_unrelated","0_20",-0.0111948936172689,1
2026-04-16,"competitor_minus_unrelated","0_20",-0.0220737251172809,1
2026-04-16,"deployer_minus_unrelated","0_20",-0.0233258029325569,1
2026-04-17,"competitor_minus_unrelated","0_20",-0.0425959387292606,1
2026-04-17,"deployer_minus_unrelated","0_20",-0.039200175856002,1
2026-04-17,"hardware_minus_unrelated","0_20",-0.0370599273777342,1
2026-04-20,"deployer_minus_unrelated","0_20",0.00297875206301029,1
2026-04-20,"competitor_minus_unrelated","0_20",-0.0194560479158128,1
2026-04-20,"hardware_minus_unrelated","0_20",-0.00389523131752818,1
2026-04-21,"hardware_minus_unrelated","0_20",0.0207378132228557,1
2026-04-21,"competitor_minus_unrelated","0_20",0.007047188392574,1
2026-04-21,"deployer_minus_unrelated","0_20",-0.0222031960566095,1
2026-04-22,"hardware_minus_unrelated","0_20",-0.0192330576256554,1
2026-04-22,"competitor_minus_unrelated","0_20",-0.0296355882191725,1
2026-04-22,"deployer_minus_unrelated","0_20",-0.0374022668872476,1
2026-04-23,"competitor_minus_unrelated","0_20",0.0079382230344189,1
2026-04-23,"deployer_minus_unrelated","0_20",0.00362021567886434,1
2026-04-23,"hardware_minus_unrelated","0_20",0.0456146058358467,1
2026-04-24,"competitor_minus_unrelated","0_20",0.0317534993770416,1
2026-04-24,"deployer_minus_unrelated","0_20",0.0160266928800461,1
2026-04-24,"hardware_minus_unrelated","0_20",0.0647538067438368,1
