"label","outcome","sample","term","coef","se","p_value","ci_lo","ci_hi","n","n_events","r_squared"
"AA intelligence x trend","mkt_car_20","time interaction","z_intelligence:trend_month_since_2022_11",0.00175192837860208,0.00131034530889995,0.187798097626867,-0.000885659926747345,0.0043895166839515,3780,47,0.115394859872524
"AA coding x trend","mkt_car_20","time interaction","z_coding:trend_month_since_2022_11",0.0020091088998041,0.00134384868781413,0.144128334327405,-0.000721920217359987,0.00474013801696818,2813,35,0.0944073959138577
"AA math x trend","mkt_car_20","time interaction","z_math:trend_month_since_2022_11",0.00192199956468532,0.000957464877721876,0.0571482349315384,-6.36610586860974e-05,0.00390766018805674,1859,23,0.0684032509093272
"Lower blended price x trend","mkt_car_20","time interaction","z_low_price:trend_month_since_2022_11",-0.00275732428193216,0.00123560872795957,0.0305584316353334,-0.00524447565242841,-0.000270172911435909,3780,47,0.116273966967555
"Output speed x trend","mkt_car_20","time interaction","z_speed:trend_month_since_2022_11",0.000166016057894161,0.00144954975301183,0.909316600499922,-0.0027517762603581,0.00308380837614642,3780,47,0.113410511595298
"Media sentiment w5 x trend","mkt_car_20","time interaction","z_sent_w5:trend_month_since_2022_11",0.000318521644256339,0.00108048205946051,0.769476213552448,-0.00185637593794312,0.0024934192264558,3711,47,0.0945466035930734
