"cutoff_quarter","beta_before","beta_interaction","beta_after","se_interaction","p_value","n_before","n_after","events_before","events_after","abs_p"
"2024Q2",-50910870.235298,50910870.235596,0.000298,21774403577.5745,0.9981,0,3955,0,47,0.9981
"2024Q3",0.003922,-0.003626,0.000297,0.000561,5.832e-08,166,3789,2,45,5.832e-08
"2024Q4",0.001081,-0.000802,0.000279,0.000979,0.417,578,3377,7,40,0.417
"2025Q1",-0.001081,0.001853,0.000772,0.000707,0.01182,1318,2637,16,31,0.01182
"2025Q2",-0.000842,0.002014,0.001172,0.000857,0.02305,2079,1876,25,22,0.02305
"2025Q3",-0.000476,0.002912,0.002436,0.00127,0.02645,2764,1191,33,14,0.02645
"2025Q4",0.000167,0.000689,0.000857,0.000712,0.3385,3275,680,39,8,0.3385
"2026Q1",0.000224,0.018206,0.01843,0.011646,0.1249,3616,339,43,4,0.1249
