"downstream_subrole","n","events","mean_mkt_car_1","mean_mkt_car_20","sd_mkt_car_20","positive_share_car20"
"business_downstream",1336,60,0.00197205383320783,-0.000646918117514973,0.171300630764477,0.5
"real_and_business_downstream",67,21,-0.00739060526865672,-0.00122314694029851,0.104562482313251,0.522388059701492
