"downstream_subrole","n","events","mean_mkt_car_1","mean_mkt_car_20","sd_mkt_car_20","positive_share_car20"
"downstream_deployer",1090,60,-0.000774452173002756,-0.0134540313155963,0.261177317114164,0.48256880733945
"downstream_enabler",480,60,0.00241241707041667,-0.00269988094375,0.122546129569615,0.5125
"downstream_integrator",1760,60,0.00262459489937215,-0.000139478421022737,0.171103339443519,0.517613636363636
