event_id,ticker,car_s1_0_1,car_s1_0_2,car_s1_0_5,car_s1_0_20
AIT-2022-04-002,AAPL,-0.01477780,-0.02005911,-0.01899981,-0.00196004
AIT-2022-04-002,ABNB,-0.01750132,-0.00053295,0.07305838,-0.03657079
AIT-2022-04-002,ADBE,0.00184098,0.00564595,-0.01471651,0.03353340
AIT-2022-04-002,ADI,-0.01203933,-0.01259060,0.00543465,0.09510103
AIT-2022-04-002,ADP,-0.00284455,-0.01712792,-0.02135600,-0.02626026
AIT-2022-04-002,ADSK,-0.00842202,0.00523928,0.00755639,0.12513864
AIT-2022-04-002,AEP,-0.01653412,-0.02892518,-0.02394123,-0.04475644
AIT-2022-04-002,ALNY,0.02968082,0.00382318,0.06958964,-0.09629862
AIT-2022-04-002,AMAT,0.00225730,0.00201065,-0.01293038,0.09622210
AIT-2022-04-002,AMD,-0.03341500,-0.03442983,-0.07187274,0.07185782
AIT-2022-04-002,AMGN,0.00735947,0.01136849,0.02655501,-0.01243601
AIT-2022-04-002,AMZN,-0.02914915,-0.02695376,-0.01404654,-0.18517629
AIT-2022-04-002,APP,-0.02271977,-0.01482920,-0.01565273,-0.22997981
AIT-2022-04-002,ASML,-0.03150238,-0.02180036,-0.01099616,0.03586733
AIT-2022-04-002,ASX,-0.02627079,-0.03069209,-0.00892282,0.06092994
AIT-2022-04-002,AVGO,-0.03028650,-0.01917993,-0.02724452,0.05228894
AIT-2022-04-002,AXON,-0.02624257,-0.02850134,-0.02826827,-0.16271564
AIT-2022-04-002,BKNG,-0.02689986,-0.00330730,0.03135982,0.10535051
AIT-2022-04-002,BKR,0.04398878,0.02087124,0.03801028,-0.11571896
AIT-2022-04-002,CCEP,-0.00961793,0.00040635,0.04925972,0.12214916
AIT-2022-04-002,CDNS,-0.02704830,-0.02730379,-0.04600297,0.02883085
AIT-2022-04-002,CMCSA,-0.00580320,0.01152957,0.01785804,-0.09053312
AIT-2022-04-002,COST,0.02137731,0.00694338,0.01522550,-0.11849551
AIT-2022-04-002,CPRT,0.00487069,0.01212987,-0.03142330,0.00395758
AIT-2022-04-002,CRWD,0.03024073,0.05189813,0.14727200,-0.08368307
AIT-2022-04-002,CSCO,-0.00375915,-0.01595380,-0.04500344,-0.03212397
AIT-2022-04-002,CSX,-0.01287095,-0.00122786,0.02506482,0.06356284
AIT-2022-04-002,CTAS,-0.00716718,-0.01657707,-0.02266854,-0.03888816
AIT-2022-04-002,DASH,-0.06441746,-0.04338727,0.01775636,-0.22071741
AIT-2022-04-002,DDOG,-0.03024039,0.01054639,0.02502770,-0.07286421
AIT-2022-04-002,DXCM,-0.01077903,-0.01258794,-0.00683890,-0.24736430
AIT-2022-04-002,EA,-0.01083483,-0.01077778,-0.00706477,-0.03267498
AIT-2022-04-002,ENTG,-0.03623191,-0.02033917,0.00836755,0.15775704
AIT-2022-04-002,EXC,0.00424300,-0.02883988,-0.01573815,-0.05823540
AIT-2022-04-002,FANG,0.04398665,0.01054472,0.03356683,0.09972253
AIT-2022-04-002,FAST,-0.03714498,-0.01924797,-0.04961755,-0.05134666
AIT-2022-04-002,FER,0.00152623,0.00203743,0.00421303,-0.02229241
AIT-2022-04-002,FTNT,0.00420899,0.01531195,0.03362262,-0.06935428
AIT-2022-04-002,GILD,0.02463307,0.02320405,0.02489654,0.04005816
AIT-2022-04-002,GOOG,-0.02644108,-0.03576427,-0.04928974,-0.06265298
AIT-2022-04-002,GOOGL,-0.02759951,-0.03930763,-0.04999792,-0.06174410
AIT-2022-04-002,HON,-0.01859124,-0.00623638,0.03165950,0.10441700
AIT-2022-04-002,IDXX,0.02183781,-0.01613564,-0.04177524,-0.25168670
AIT-2022-04-002,INTC,-0.01140806,-0.00338445,-0.01508546,0.04003598
AIT-2022-04-002,INTU,-0.01628413,-0.00819484,-0.01625276,-0.06315888
AIT-2022-04-002,ISRG,0.00220771,-0.01116968,0.00042864,-0.10730925
AIT-2022-04-002,KDP,-0.00676256,-0.00098487,-0.00950965,0.00449423
AIT-2022-04-002,KHC,0.02236872,0.03296991,0.05948713,0.10408481
AIT-2022-04-002,KLAC,-0.01301120,-0.01132137,-0.03348339,0.10511384
AIT-2022-04-002,LIN,0.00611980,0.02142893,0.03037975,0.06110567
AIT-2022-04-002,LITE,-0.02668447,-0.02564890,-0.03456150,0.07695110
AIT-2022-04-002,LRCX,-0.01485933,-0.01622770,-0.04600714,0.12796625
AIT-2022-04-002,MAR,-0.01807824,-0.00590133,0.10674069,0.13184430
AIT-2022-04-002,MCHP,-0.03221884,-0.01074499,-0.01053843,0.13617458
AIT-2022-04-002,MDLZ,0.00239854,0.00908852,0.01610280,0.07343825
AIT-2022-04-002,MELI,-0.00561548,0.00710362,-0.03459498,0.01284843
AIT-2022-04-002,META,-0.00343374,0.00405642,-0.00859728,0.13453411
AIT-2022-04-002,MNST,0.00933518,0.03592853,0.04953447,0.18153510
AIT-2022-04-002,MPWR,-0.05146800,-0.05797226,-0.01771636,0.17860376
AIT-2022-04-002,MRVL,-0.05663259,-0.06211672,-0.04975290,0.01055384
AIT-2022-04-002,MSFT,-0.01202929,-0.03052529,-0.04434335,0.01115648
AIT-2022-04-002,MSTR,-0.00708008,-0.00189320,0.04344724,-0.18397063
AIT-2022-04-002,MTSI,-0.04292046,-0.02341497,-0.01402247,0.11958135
AIT-2022-04-002,MU,-0.02435102,0.00169042,-0.01636919,0.09034705
AIT-2022-04-002,NFLX,-0.03426139,-0.03083153,-0.03878364,-0.47205492
AIT-2022-04-002,NVDA,-0.06162319,-0.07341307,-0.09497257,-0.08625137
AIT-2022-04-002,NXPI,-0.04035999,-0.02154756,0.01599216,0.17950132
AIT-2022-04-002,ODFL,-0.01471634,-0.00256034,0.02587857,0.14457104
AIT-2022-04-002,ON,-0.02768126,-0.00129654,0.01967116,0.15572446
AIT-2022-04-002,ORLY,0.04626834,0.04049018,0.02711860,-0.09341232
AIT-2022-04-002,PANW,-0.00517285,0.02008937,0.04570181,-0.11668727
AIT-2022-04-002,PAYX,-0.01772379,-0.01971553,-0.01871679,-0.06535977
AIT-2022-04-002,PCAR,-0.00697885,0.00000875,0.01705736,0.07275784
AIT-2022-04-002,PDD,-0.05736953,-0.01710623,-0.04005342,0.15435406
AIT-2022-04-002,PEP,0.00222699,0.00504922,0.00104376,0.00812655
AIT-2022-04-002,PLTR,-0.02053585,0.01250397,0.01455871,-0.07199801
AIT-2022-04-002,PYPL,-0.00540202,0.01364574,-0.03440820,-0.07398333
AIT-2022-04-002,QCOM,-0.02357305,-0.00435887,0.01462365,0.14641235
AIT-2022-04-002,REGN,0.03887483,0.02354183,0.03688859,-0.11416998
AIT-2022-04-002,RKLB,-0.03567752,-0.00899873,0.07126881,-0.09330277
AIT-2022-04-002,ROP,0.00446385,0.01458145,-0.02264654,-0.02034831
AIT-2022-04-002,ROST,0.02826598,0.08263073,0.12777945,0.17019882
AIT-2022-04-002,SBUX,-0.02176259,-0.01122387,-0.01576456,0.04337736
AIT-2022-04-002,SHOP,-0.08089903,-0.00795087,-0.04474659,-0.21655090
AIT-2022-04-002,SNPS,-0.02052843,-0.02321056,-0.06556748,-0.03552755
AIT-2022-04-002,STX,-0.01567436,-0.00218788,-0.03450225,0.04778962
AIT-2022-04-002,TER,-0.02590345,-0.00776062,-0.00840071,0.11369243
AIT-2022-04-002,TMUS,-0.00602491,-0.01418224,0.01073602,0.01469751
AIT-2022-04-002,TRI,0.00425573,0.00498169,-0.00220106,-0.08343712
AIT-2022-04-002,TSLA,-0.02789164,-0.04767160,-0.03541708,-0.07635634
AIT-2022-04-002,TSM,-0.02036202,-0.01692888,-0.00020107,0.01186661
AIT-2022-04-002,TTWO,-0.04039418,-0.03502166,-0.04840798,-0.18284627
AIT-2022-04-002,TXN,-0.01956899,-0.01237722,0.00416626,0.05038490
AIT-2022-04-002,UMC,-0.03535967,-0.04051842,-0.04685210,0.03097585
AIT-2022-04-002,VRTX,0.02472620,0.03447449,0.05725337,-0.05724217
AIT-2022-04-002,WBD,0.02202663,0.05553173,0.06879278,-0.17954618
AIT-2022-04-002,WDAY,-0.00842546,0.00787912,0.00383544,-0.07624223
AIT-2022-04-002,WDC,-0.01294346,0.00802126,0.00634682,0.37829511
AIT-2022-04-002,WMT,0.01443205,-0.00168790,0.01682636,-0.01801912
AIT-2022-04-002,XEL,-0.00323178,-0.00592010,-0.00585593,-0.01267564
AIT-2022-10-001,AAPL,-0.00429175,-0.00517898,0.00546063,-0.04677251
AIT-2022-10-001,ABNB,-0.07018591,-0.08125589,-0.12835874,-0.31151908
AIT-2022-10-001,ADBE,-0.00522982,-0.00322156,-0.00890120,0.00810639
AIT-2022-10-001,ADI,-0.03029270,-0.03864268,-0.06427621,0.01440744
AIT-2022-10-001,ADP,-0.00299296,-0.01488901,-0.00709008,0.01502535
AIT-2022-10-001,ADSK,-0.01297010,0.00274636,-0.01221582,-0.06290655
AIT-2022-10-001,AEP,0.00751258,0.01648691,0.03258144,0.04662446
AIT-2022-10-001,ALNY,-0.02786620,-0.03325541,-0.02108881,-0.01653250
AIT-2022-10-001,AMAT,0.01789240,0.02204217,0.03128075,0.17574923
AIT-2022-10-001,AMD,-0.05557106,-0.03956201,-0.04698942,0.11848910
AIT-2022-10-001,AMGN,0.04116272,0.02976725,0.07614347,0.11542932
AIT-2022-10-001,AMZN,-0.02267068,-0.04339590,-0.21278601,-0.33500964
AIT-2022-10-001,APP,-0.07841289,-0.04508985,-0.13333242,-0.30489055
AIT-2022-10-001,ASML,0.01767467,0.01791783,0.00734409,0.19178949
AIT-2022-10-001,ASX,-0.00256882,-0.00657523,-0.00281383,0.15393179
AIT-2022-10-001,AVGO,0.01333670,0.00059487,0.01461504,0.07892617
AIT-2022-10-001,AXON,0.02733953,-0.00439576,0.01081194,0.24108533
AIT-2022-10-001,BKNG,-0.02622575,-0.00985728,-0.02459087,-0.00734790
AIT-2022-10-001,BKR,-0.01415974,-0.02487739,0.00978209,0.06649186
AIT-2022-10-001,CCEP,0.02006089,0.00694732,0.00562787,0.08149623
AIT-2022-10-001,CDNS,-0.00586493,-0.08444539,-0.10202113,-0.05799383
AIT-2022-10-001,CEG,-0.00693829,-0.01970343,0.01736408,-0.07652288
AIT-2022-10-001,CMCSA,-0.00252130,0.00312641,0.01242473,0.10085386
AIT-2022-10-001,COST,0.03372375,0.02269413,0.03705896,0.04008347
AIT-2022-10-001,CPRT,-0.02305640,-0.02005970,-0.00956619,0.07092984
AIT-2022-10-001,CRDO,-0.02714324,0.05320163,0.09115855,0.09600103
AIT-2022-10-001,CRWD,-0.04612984,-0.05191195,-0.06939334,-0.28484426
AIT-2022-10-001,CSCO,0.01444555,0.02072758,0.04304526,0.08860550
AIT-2022-10-001,CSX,0.01100661,0.01991656,0.02843211,0.07701557
AIT-2022-10-001,CTAS,-0.00169845,-0.00758311,0.02084914,0.04189508
AIT-2022-10-001,DASH,-0.10955419,-0.07848528,-0.10940866,0.09254363
AIT-2022-10-001,DDOG,-0.07846679,-0.03664385,-0.14794866,-0.23200777
AIT-2022-10-001,DXCM,-0.01138385,-0.01754839,0.16054338,0.06507225
AIT-2022-10-001,EA,-0.00421503,0.00290841,-0.00019270,0.00063854
AIT-2022-10-001,ENTG,-0.04706643,-0.04315147,-0.04820993,-0.13770183
AIT-2022-10-001,EXC,0.01769165,0.03320090,0.05262991,0.04096336
AIT-2022-10-001,FANG,0.01047390,-0.00442819,-0.01835395,-0.04344270
AIT-2022-10-001,FAST,0.00187051,-0.00229260,0.02765814,0.07587014
AIT-2022-10-001,FER,-0.11014768,-0.11065148,-0.11064124,-0.09032969
AIT-2022-10-001,FTNT,0.00198612,-0.00636475,-0.00637233,-0.12763005
AIT-2022-10-001,GILD,0.02437298,0.02511892,0.15704489,0.19759170
AIT-2022-10-001,GOOG,-0.02393568,-0.02589002,-0.11667414,-0.12111269
AIT-2022-10-001,GOOGL,-0.02295661,-0.02492710,-0.11475096,-0.11989270
AIT-2022-10-001,HON,0.02182741,0.02354881,0.09295220,0.12474669
AIT-2022-10-001,IDXX,0.00007769,0.00383106,0.02882233,0.16864281
AIT-2022-10-001,INTC,0.00562003,-0.00154338,0.05685513,0.10988043
AIT-2022-10-001,INTU,-0.01878860,-0.01079399,-0.02899073,-0.17761230
AIT-2022-10-001,ISRG,-0.01061279,0.04785582,0.06214476,0.12808921
AIT-2022-10-001,KDP,0.01314331,0.00813941,0.02742878,-0.04668852
AIT-2022-10-001,KHC,0.02334819,0.03365402,0.08022820,0.04992486
AIT-2022-10-001,KLAC,0.00216567,0.00644850,0.03937208,0.16061395
AIT-2022-10-001,LIN,-0.04910327,-0.02840247,0.00713252,0.08930021
AIT-2022-10-001,LITE,-0.01442780,-0.01270364,-0.01226514,-0.30043672
AIT-2022-10-001,LRCX,-0.01201933,-0.02341805,0.02613537,0.13535473
AIT-2022-10-001,MAR,0.00602608,-0.01049041,0.00099761,-0.01946121
AIT-2022-10-001,MCHP,-0.00519696,0.00207545,-0.03925598,0.09340173
AIT-2022-10-001,MDLZ,0.01236334,0.01349722,0.04745320,0.08942457
AIT-2022-10-001,MELI,-0.09001537,-0.09018166,-0.10153786,-0.08605223
AIT-2022-10-001,META,-0.07478658,-0.04114199,-0.34319392,-0.21428903
AIT-2022-10-001,MNST,0.00322965,0.00625028,0.01513376,0.05367021
AIT-2022-10-001,MPWR,-0.03364342,-0.03360035,-0.04562915,-0.01427562
AIT-2022-10-001,MRVL,-0.06716453,-0.04282956,-0.05354017,-0.00180434
AIT-2022-10-001,MSFT,0.00214959,-0.00342771,-0.07335978,-0.06664634
AIT-2022-10-001,MSTR,-0.05159423,0.02417264,0.02441381,-0.50864854
AIT-2022-10-001,MTSI,-0.02109378,0.01071787,0.01749877,0.15524740
AIT-2022-10-001,MU,-0.00647803,-0.03638956,-0.08128530,-0.01034719
AIT-2022-10-001,NFLX,-0.00314026,0.00191889,0.00538787,-0.01785040
AIT-2022-10-001,NVDA,-0.04475916,-0.02603846,-0.00227817,0.09465828
AIT-2022-10-001,NXPI,-0.01187005,-0.00944900,-0.00553946,0.09771713
AIT-2022-10-001,ODFL,-0.00301719,-0.00599642,-0.03298870,0.03966815
AIT-2022-10-001,ON,-0.01403291,-0.02889748,-0.04329158,-0.03210786
AIT-2022-10-001,ORLY,0.02540480,0.02363603,0.08992806,0.06378198
AIT-2022-10-001,PANW,-0.03319467,-0.02553058,-0.01558738,-0.07460556
AIT-2022-10-001,PAYX,-0.00894675,-0.00458618,0.01203550,0.00339344
AIT-2022-10-001,PCAR,0.01919227,0.00244508,0.03926224,0.08567796
AIT-2022-10-001,PDD,-0.26589369,-0.23024178,-0.15059348,0.03523599
AIT-2022-10-001,PEP,0.01721796,0.01225692,0.02762241,0.00620274
AIT-2022-10-001,PLTR,-0.04631618,-0.03184182,-0.05470477,-0.21968018
AIT-2022-10-001,PYPL,-0.07716115,-0.03211902,-0.08092013,-0.10127005
AIT-2022-10-001,QCOM,-0.01475631,-0.01432154,-0.02882148,-0.00886032
AIT-2022-10-001,REGN,0.01734615,0.01931354,0.01241245,-0.04570388
AIT-2022-10-001,RKLB,-0.05483525,0.00671010,0.09741217,0.00446962
AIT-2022-10-001,ROP,-0.01291772,-0.01078472,0.07314433,0.10916264
AIT-2022-10-001,ROST,0.01099337,0.06034536,0.07017174,0.16678672
AIT-2022-10-001,SBUX,-0.07571978,-0.07677231,-0.06760796,0.03496212
AIT-2022-10-001,SHOP,-0.12799244,-0.13160416,-0.00278080,0.07688876
AIT-2022-10-001,SNPS,-0.01112263,-0.05704933,-0.07133166,-0.01262651
AIT-2022-10-001,STX,0.02131524,0.03407541,-0.08964091,-0.01888086
AIT-2022-10-001,TER,-0.00928649,-0.00559620,0.02805569,0.13498129
AIT-2022-10-001,TMUS,-0.00862497,-0.01383355,0.04498522,-0.01628837
AIT-2022-10-001,TRI,-0.00784513,0.00430075,0.02008825,0.06649994
AIT-2022-10-001,TSLA,-0.04595196,-0.02176317,-0.01431147,-0.27792742
AIT-2022-10-001,TSM,-0.07285029,-0.09126875,-0.08473842,0.20828673
AIT-2022-10-001,TTWO,-0.03905231,-0.03778456,-0.05367491,-0.27386120
AIT-2022-10-001,TXN,0.01116277,-0.00323861,-0.01293118,0.04075089
AIT-2022-10-001,UMC,-0.04129095,-0.05241896,-0.09518664,0.11800150
AIT-2022-10-001,VRTX,0.03851008,0.02074857,0.02740311,-0.02134525
AIT-2022-10-001,WBD,-0.02189214,-0.01089441,-0.06408423,-0.22556711
AIT-2022-10-001,WDAY,-0.02931827,0.00586756,0.00328559,-0.06657247
AIT-2022-10-001,WDC,-0.00255018,-0.01182389,-0.01583659,0.02752425
AIT-2022-10-001,WMT,0.02369296,0.02158335,0.03378327,0.07807796
AIT-2022-10-001,XEL,0.01600653,0.02283601,0.06475342,0.09945489
AIT-2022-12-001,AAPL,0.00812077,0.00590739,-0.01990470,-0.06633993
AIT-2022-12-001,ABNB,0.03798130,0.02358652,0.01769659,0.03119155
AIT-2022-12-001,ADBE,0.01330102,0.01657679,0.02401912,0.07748859
AIT-2022-12-001,ADI,0.01438212,0.01713743,0.00826640,0.00534953
AIT-2022-12-001,ADP,-0.00689876,0.00616880,-0.03792988,-0.10283071
AIT-2022-12-001,ADSK,0.00319964,0.00827066,0.01444274,-0.00329460
AIT-2022-12-001,AEP,-0.00273065,0.00903451,-0.01127153,0.00105540
AIT-2022-12-001,ALNY,-0.00549124,-0.00334026,-0.01650058,-0.10251396
AIT-2022-12-001,AMAT,0.01160877,0.00653984,0.00267327,0.02894956
AIT-2022-12-001,AMD,-0.02073111,-0.01808829,-0.02775469,0.00168582
AIT-2022-12-001,AMGN,-0.02843891,-0.04150609,-0.07802846,-0.08830010
AIT-2022-12-001,AMZN,0.01001404,0.00440242,0.02470338,0.03829058
AIT-2022-12-001,APP,-0.02887869,-0.02084158,-0.04236364,0.10339915
AIT-2022-12-001,ASML,-0.00786120,-0.01400604,-0.01152574,0.04111122
AIT-2022-12-001,ASX,-0.00264704,-0.00600476,-0.02062240,0.03827643
AIT-2022-12-001,AVGO,0.04910946,0.05286174,0.08445231,0.12513210
AIT-2022-12-001,AXON,-0.01547617,-0.03815455,-0.00079469,-0.00774311
AIT-2022-12-001,BKNG,0.03400923,0.04678862,0.02194622,0.15177809
AIT-2022-12-001,BKR,-0.02903670,-0.00136503,0.04457089,0.08828150
AIT-2022-12-001,CCEP,0.02908411,0.02236126,0.03385411,0.07676249
AIT-2022-12-001,CDNS,0.01540555,0.01033577,0.01153499,0.00955527
AIT-2022-12-001,CEG,-0.03407952,-0.03902313,-0.04429843,-0.17706279
AIT-2022-12-001,CMCSA,0.02197926,0.04637724,0.01398147,0.12021908
AIT-2022-12-001,COST,0.00055325,-0.00388559,-0.03318685,-0.00929993
AIT-2022-12-001,CPRT,0.00900564,0.00090953,-0.03516201,-0.01723576
AIT-2022-12-001,CRDO,-0.02001337,-0.06683884,-0.06395830,-0.13587336
AIT-2022-12-001,CRWD,0.01505443,0.01961687,0.02975722,-0.14490769
AIT-2022-12-001,CSCO,0.00640612,0.01167521,0.00955852,0.03181620
AIT-2022-12-001,CSX,0.01636829,0.02991819,0.03585969,0.04907038
AIT-2022-12-001,CTAS,-0.00292495,-0.00921224,-0.01988433,-0.04820888
AIT-2022-12-001,DASH,0.03130918,0.04981221,0.05648542,-0.06717392
AIT-2022-12-001,DDOG,0.09502119,0.09925662,0.17324604,0.04149836
AIT-2022-12-001,DXCM,-0.01471770,-0.03476438,-0.01030133,-0.09250709
AIT-2022-12-001,EA,-0.01108867,-0.01261865,-0.03091725,-0.01517205
AIT-2022-12-001,ENTG,0.01031339,0.02622111,0.00896577,0.13057091
AIT-2022-12-001,EXC,-0.02162982,-0.00469539,0.00671398,0.04595291
AIT-2022-12-001,FANG,-0.05548857,-0.03354484,0.00373727,0.00936735
AIT-2022-12-001,FAST,0.01259295,0.01303611,-0.04139999,-0.05094970
AIT-2022-12-001,FER,0.00045504,0.00035057,0.00158892,0.02077474
AIT-2022-12-001,FTNT,0.00941066,0.01561120,0.02404727,-0.03468019
AIT-2022-12-001,GILD,-0.00221436,-0.00544113,-0.01380813,-0.06328334
AIT-2022-12-001,GOOG,-0.02066243,-0.03337711,-0.02448146,-0.03707209
AIT-2022-12-001,GOOGL,-0.02101698,-0.03395560,-0.02580760,-0.04346478
AIT-2022-12-001,HON,-0.01158356,-0.01037319,-0.02258285,-0.03461566
AIT-2022-12-001,IDXX,0.00140047,-0.01052307,0.00140803,0.08206086
AIT-2022-12-001,INTC,-0.00066765,-0.00077001,-0.02236419,0.07798361
AIT-2022-12-001,INTU,0.02935199,0.03365496,0.03961501,0.04482715
AIT-2022-12-001,ISRG,0.00848644,-0.00001363,0.00829659,-0.00793559
AIT-2022-12-001,KDP,-0.00088929,-0.00400450,-0.03221415,-0.04693880
AIT-2022-12-001,KHC,0.00039200,0.00443693,-0.00132915,0.05110404
AIT-2022-12-001,KLAC,0.01083875,0.00608967,-0.00051966,0.04473546
AIT-2022-12-001,LIN,0.00003388,-0.00305792,0.00065440,-0.04155355
AIT-2022-12-001,LITE,0.05857764,0.04592322,0.04592688,0.15375687
AIT-2022-12-001,LRCX,0.01303969,0.01933780,0.02530979,0.04665712
AIT-2022-12-001,MAR,0.02371185,0.01937591,-0.00271112,-0.02478570
AIT-2022-12-001,MCHP,0.00632607,0.00247841,-0.02553248,-0.02282885
AIT-2022-12-001,MDLZ,-0.01525912,-0.01934338,-0.02143685,-0.00823161
AIT-2022-12-001,MELI,0.03226261,-0.02245784,-0.02527407,0.01608503
AIT-2022-12-001,META,0.02061202,-0.01123802,0.04746498,0.18838932
AIT-2022-12-001,MNST,-0.01520748,-0.02084527,-0.01784082,-0.02693364
AIT-2022-12-001,MPWR,0.04842580,0.03760709,0.03314336,0.06348617
AIT-2022-12-001,MRVL,0.02855493,0.02611916,0.01751379,-0.04069294
AIT-2022-12-001,MSFT,0.00436527,0.01529613,0.03200298,-0.05530309
AIT-2022-12-001,MSTR,0.05159166,-0.02625455,0.00942979,-0.02135723
AIT-2022-12-001,MTSI,0.02024265,0.00210548,-0.01890503,-0.03890763
AIT-2022-12-001,MU,0.02205135,0.01103404,-0.01075957,0.09701001
AIT-2022-12-001,NFLX,0.03702314,-0.00065949,-0.04143844,0.04474259
AIT-2022-12-001,NVDA,0.05613215,0.05783960,0.07728551,0.01629676
AIT-2022-12-001,NXPI,0.03440570,0.03366879,0.02389114,-0.00469833
AIT-2022-12-001,ODFL,0.01697541,0.03035785,0.04891955,0.06069700
AIT-2022-12-001,ON,0.00103981,-0.02230969,-0.08110217,-0.10534024
AIT-2022-12-001,ORLY,-0.00444512,-0.00674296,-0.03031577,-0.02731311
AIT-2022-12-001,PANW,-0.03828038,-0.03930051,-0.07118343,-0.21077413
AIT-2022-12-001,PAYX,-0.00971423,0.00477380,-0.02363388,-0.03213400
AIT-2022-12-001,PCAR,-0.03343495,-0.02913821,-0.03588847,-0.03242455
AIT-2022-12-001,PDD,0.03769550,-0.03012253,0.00899408,0.04533184
AIT-2022-12-001,PEP,0.00315038,-0.00048626,-0.01123702,-0.02939530
AIT-2022-12-001,PLTR,0.00606823,0.00500885,0.01264966,-0.04822120
AIT-2022-12-001,PYPL,-0.01176970,-0.03304153,-0.04820582,0.05536303
AIT-2022-12-001,QCOM,0.00881490,0.00721607,0.00544931,0.00281380
AIT-2022-12-001,REGN,-0.02161087,-0.04202601,-0.04675843,-0.13661593
AIT-2022-12-001,RKLB,0.01859638,0.03188968,0.05138943,0.13262763
AIT-2022-12-001,ROP,-0.00764441,0.00038933,-0.00548733,0.02298927
AIT-2022-12-001,ROST,-0.00798053,-0.01349917,-0.01513301,-0.00010493
AIT-2022-12-001,SBUX,-0.00290801,-0.01133462,-0.01451780,0.01685299
AIT-2022-12-001,SHOP,-0.00246751,-0.03818716,-0.02941816,0.00708996
AIT-2022-12-001,SNPS,0.00306735,0.00947837,0.00383243,-0.01025401
AIT-2022-12-001,STX,0.03508495,0.04724550,0.02554852,0.13773361
AIT-2022-12-001,TER,0.01234530,0.01328875,-0.01296132,0.04450660
AIT-2022-12-001,TMUS,-0.05210785,-0.05870083,-0.06029606,-0.02118730
AIT-2022-12-001,TRI,-0.00291137,-0.00663257,-0.01001023,-0.00553112
AIT-2022-12-001,TSLA,0.03116154,-0.05482505,-0.07175642,-0.29516595
AIT-2022-12-001,TSM,0.02066572,0.00313045,0.00284982,0.05973349
AIT-2022-12-001,TTWO,0.02917310,0.02371504,0.04140721,0.10430003
AIT-2022-12-001,TXN,0.00110823,0.00376264,-0.01683124,0.01139986
AIT-2022-12-001,UMC,-0.00855774,-0.01274293,-0.00931476,0.03628458
AIT-2022-12-001,VRTX,-0.02097817,-0.02591933,-0.03558625,-0.15110439
AIT-2022-12-001,WBD,0.04061578,0.04211939,-0.02903817,0.19472044
AIT-2022-12-001,WDAY,0.03147060,0.03105804,0.08315892,0.02970068
AIT-2022-12-001,WDC,0.04775957,0.04265265,-0.03169263,0.14916227
AIT-2022-12-001,WMT,-0.02367290,-0.01277008,-0.02230927,-0.03759357
AIT-2022-12-001,XEL,0.01268485,0.02965520,0.02634655,0.04388722
AIT-2023-03-002,AAPL,0.00617725,0.01565612,0.02585669,0.00206061
AIT-2023-03-002,ABNB,0.01167992,0.01465369,0.02840495,-0.13356767
AIT-2023-03-002,ADBE,0.04587051,0.07729563,0.08340352,0.07055664
AIT-2023-03-002,ADI,-0.01489889,-0.00511691,-0.01019608,-0.07242333
AIT-2023-03-002,ADP,-0.00084412,-0.00185746,-0.00738136,-0.04201292
AIT-2023-03-002,ADSK,-0.01239281,-0.00111170,-0.01435277,-0.11929139
AIT-2023-03-002,AEP,0.01314610,0.00736778,-0.03735537,0.01555797
AIT-2023-03-002,ALNY,-0.00413786,-0.01601189,-0.00739860,-0.01554517
AIT-2023-03-002,AMAT,0.00073340,0.01892700,-0.02259578,-0.16521226
AIT-2023-03-002,AMD,0.08157774,0.11800070,0.10607398,-0.04561744
AIT-2023-03-002,AMGN,0.01330221,-0.00211380,-0.00311512,0.07005691
AIT-2023-03-002,AMZN,0.03651755,0.04500884,0.03537977,-0.00424291
AIT-2023-03-002,APP,0.05761706,0.07168837,0.09242469,0.19857907
AIT-2023-03-002,ASML,-0.00469424,0.02044200,0.01823702,-0.05065350
AIT-2023-03-002,ASX,0.01060800,-0.00331161,0.00594771,-0.11112299
AIT-2023-03-002,AVGO,-0.00896195,-0.00359570,-0.00539442,-0.09238505
AIT-2023-03-002,AXON,-0.01079118,-0.01989170,-0.03573017,-0.10878994
AIT-2023-03-002,BKNG,-0.02997063,-0.01668002,0.02086977,-0.03089330
AIT-2023-03-002,BKR,-0.04523869,-0.04846768,-0.04593766,0.00286227
AIT-2023-03-002,CCEP,-0.00476492,-0.02265746,0.00023110,0.01417889
AIT-2023-03-002,CDNS,0.00455983,0.01256694,-0.01271084,-0.03684035
AIT-2023-03-002,CEG,-0.00884418,-0.01985103,-0.06202267,-0.10808629
AIT-2023-03-002,CMCSA,0.01843035,0.02348397,0.02550395,0.04655004
AIT-2023-03-002,COST,-0.00032339,0.00933787,0.00350170,-0.03126627
AIT-2023-03-002,CPRT,-0.00355687,0.00298909,0.00441050,0.01609520
AIT-2023-03-002,CRDO,-0.05845561,-0.05011602,-0.08316733,-0.06597677
AIT-2023-03-002,CRWD,0.02658934,0.04167017,0.03599138,-0.01196778
AIT-2023-03-002,CSCO,0.01142254,0.02161129,0.00085678,-0.01691142
AIT-2023-03-002,CSX,-0.00775350,-0.01138185,-0.03751190,-0.01231639
AIT-2023-03-002,CTAS,-0.02601654,-0.02243446,-0.02229714,-0.03035388
AIT-2023-03-002,DASH,0.04311672,0.04817671,0.02942895,-0.02844625
AIT-2023-03-002,DDOG,0.02491815,0.04111355,-0.00362087,-0.08156611
AIT-2023-03-002,DXCM,-0.00739201,-0.00001714,-0.00443200,-0.09916644
AIT-2023-03-002,EA,0.01386834,0.02030974,0.01869814,0.13016161
AIT-2023-03-002,ENTG,-0.00147380,-0.00525158,-0.04544424,-0.22418873
AIT-2023-03-002,EXC,0.01312285,0.02179621,-0.03936837,0.01332592
AIT-2023-03-002,FANG,-0.06261959,-0.07300923,-0.04015256,0.03883111
AIT-2023-03-002,FAST,-0.01069080,-0.00338860,-0.01468353,-0.05838232
AIT-2023-03-002,FER,-0.00306063,-0.00293231,0.00190127,-0.04554712
AIT-2023-03-002,FTNT,-0.00012266,0.00518187,-0.00380605,0.02785239
AIT-2023-03-002,GILD,-0.00805093,-0.03475385,-0.03511742,-0.01689678
AIT-2023-03-002,GOOG,0.05684909,0.08807432,0.10038147,0.07691462
AIT-2023-03-002,GOOGL,0.05233449,0.08269401,0.09506751,0.07344574
AIT-2023-03-002,HON,-0.02895542,-0.04342979,-0.03406570,-0.03220804
AIT-2023-03-002,IDXX,-0.01192981,-0.00344966,-0.00600084,-0.08685217
AIT-2023-03-002,INTC,0.06692129,0.07236573,0.01507294,0.12005622
AIT-2023-03-002,INTU,0.00443156,0.01185625,0.00199791,-0.02755232
AIT-2023-03-002,ISRG,0.00739559,0.01063181,0.01571810,0.04700990
AIT-2023-03-002,KDP,0.00732671,0.00674502,-0.00181019,-0.00895190
AIT-2023-03-002,KHC,-0.00232726,-0.01390657,-0.01752829,0.00742125
AIT-2023-03-002,KLAC,0.01119476,0.02253922,-0.00373291,-0.11340060
AIT-2023-03-002,LIN,-0.02192128,-0.03527181,-0.01516278,-0.00189498
AIT-2023-03-002,LITE,-0.00569146,-0.00369201,0.01578551,-0.10553861
AIT-2023-03-002,LRCX,0.02324707,0.03025755,0.01534079,-0.09357612
AIT-2023-03-002,MAR,-0.02235971,-0.02503480,-0.00412919,-0.05449895
AIT-2023-03-002,MCHP,-0.03152035,-0.03237538,-0.04603388,-0.15022721
AIT-2023-03-002,MDLZ,0.00293186,0.00117989,0.01178298,0.02873335
AIT-2023-03-002,MELI,-0.02880600,-0.01950072,-0.05158287,-0.11465847
AIT-2023-03-002,META,0.03689310,0.01050481,0.02257066,0.03368757
AIT-2023-03-002,MNST,0.00781676,0.01119472,-0.00112889,-0.01663330
AIT-2023-03-002,MPWR,-0.01408920,-0.01270271,-0.02442054,-0.16670506
AIT-2023-03-002,MRVL,0.02405708,0.04029386,0.03512772,-0.05802836
AIT-2023-03-002,MSFT,0.04398974,0.07122100,0.03886837,0.03613053
AIT-2023-03-002,MSTR,0.01252573,0.15345585,0.05284055,0.19951270
AIT-2023-03-002,MTSI,-0.02408078,-0.03021154,-0.02708110,-0.20882642
AIT-2023-03-002,MU,0.02787342,0.04658635,0.06711248,0.09330675
AIT-2023-03-002,NFLX,0.02658191,0.02024027,-0.02980448,0.00823990
AIT-2023-03-002,NVDA,0.03279151,0.06238243,0.07227482,-0.07198735
AIT-2023-03-002,NXPI,-0.01263291,-0.00743517,-0.01955083,-0.12413913
AIT-2023-03-002,ODFL,-0.00562690,-0.01069668,-0.02511040,-0.11006368
AIT-2023-03-002,ON,-0.03340636,-0.04039092,-0.04993065,-0.19583484
AIT-2023-03-002,ORLY,-0.01142480,-0.03344315,-0.02741773,0.01276376
AIT-2023-03-002,PANW,0.01492021,0.02273248,0.02354044,-0.01057180
AIT-2023-03-002,PAYX,-0.00643715,-0.00507926,-0.01348906,-0.03886996
AIT-2023-03-002,PCAR,-0.03522854,-0.05836930,-0.04328539,-0.08880036
AIT-2023-03-002,PDD,-0.00404998,-0.02317326,-0.22995058,-0.46583201
AIT-2023-03-002,PEP,0.01132214,0.00862588,0.01303597,0.02760073
AIT-2023-03-002,PLTR,-0.01093449,-0.00293722,0.02688051,-0.03472121
AIT-2023-03-002,PYPL,-0.00168378,-0.00191261,0.00999239,-0.05059075
AIT-2023-03-002,QCOM,0.01857368,0.03700592,0.03969040,-0.03958366
AIT-2023-03-002,REGN,-0.03060092,-0.02682219,-0.02720563,0.03305661
AIT-2023-03-002,RKLB,-0.00428325,-0.00397734,-0.02386601,-0.06167057
AIT-2023-03-002,ROP,-0.00861642,-0.00492324,-0.00282738,-0.01494375
AIT-2023-03-002,ROST,-0.01943749,-0.02098972,-0.02692627,-0.09318485
AIT-2023-03-002,SBUX,-0.00474696,-0.01266752,-0.01926506,-0.02100339
AIT-2023-03-002,SHOP,-0.01115400,0.01537060,0.00319073,-0.13421419
AIT-2023-03-002,SNPS,-0.00437059,0.00481507,-0.00834027,-0.06044931
AIT-2023-03-002,STX,-0.01018827,0.00406554,0.00209453,0.02248850
AIT-2023-03-002,TER,-0.01001389,0.00037121,-0.01592618,-0.12515282
AIT-2023-03-002,TMUS,-0.01851716,-0.00504164,-0.00292441,0.00260398
AIT-2023-03-002,TRI,-0.00153185,0.00901750,0.01233792,0.00141720
AIT-2023-03-002,TSLA,-0.01480651,-0.01738462,0.03463767,-0.08361542
AIT-2023-03-002,TSM,-0.00630829,0.00852207,0.03701112,-0.08354762
AIT-2023-03-002,TTWO,0.00624503,0.02347876,-0.00273779,0.03033085
AIT-2023-03-002,TXN,-0.00498217,0.00010012,-0.00304494,-0.04862429
AIT-2023-03-002,UMC,0.01258150,0.02053027,0.02101396,-0.08783323
AIT-2023-03-002,VRTX,0.01082105,0.00111535,0.00383159,0.08023212
AIT-2023-03-002,WBD,-0.00710179,0.02220981,0.02794475,-0.07866889
AIT-2023-03-002,WDAY,0.02662460,0.02748979,-0.00709723,-0.04129591
AIT-2023-03-002,WDC,-0.01078928,0.00112114,-0.01219106,0.00509069
AIT-2023-03-002,WMT,-0.00220995,0.01163683,0.00727409,0.03658721
AIT-2023-03-002,XEL,0.02138611,0.02464775,-0.01803094,0.06071980
AIT-2023-05-002,AAPL,-0.00064372,-0.00821643,-0.01117842,-0.01316621
AIT-2023-05-002,ABNB,-0.06724610,-0.06812531,-0.03540092,-0.02451310
AIT-2023-05-002,ADBE,-0.01957092,0.00644054,0.02864432,0.23801878
AIT-2023-05-002,ADI,-0.00175719,0.01445379,0.03652080,-0.04570353
AIT-2023-05-002,ADP,-0.00675418,-0.00197264,-0.01044023,-0.02479890
AIT-2023-05-002,ADSK,-0.00410518,0.00344429,0.02127423,-0.02908632
AIT-2023-05-002,AEP,0.00152266,-0.01809070,-0.06760704,-0.11998631
AIT-2023-05-002,ALNY,-0.02737987,-0.02983541,-0.13478577,-0.19390302
AIT-2023-05-002,AMAT,0.01022902,0.04733648,0.09255497,0.09786727
AIT-2023-05-002,AMD,-0.01185434,0.00437516,0.08129165,0.19650170
AIT-2023-05-002,AMGN,-0.00385044,-0.00282182,-0.04005039,-0.07499885
AIT-2023-05-002,AMZN,0.00794001,0.01192088,0.05187467,0.07285934
AIT-2023-05-002,APP,0.22759058,0.27590481,0.35943050,0.26952874
AIT-2023-05-002,ASML,-0.01049054,-0.00450833,0.02787175,0.00591253
AIT-2023-05-002,ASX,-0.01095082,0.00280453,0.04883597,0.15885006
AIT-2023-05-002,AVGO,0.00970266,0.01808515,0.05476025,0.18923461
AIT-2023-05-002,AXON,0.04105209,0.04347636,0.00866575,-0.11013714
AIT-2023-05-002,BKNG,-0.00612423,-0.00593786,0.02249032,-0.09607135
AIT-2023-05-002,BKR,-0.00719600,-0.00355702,-0.01164419,0.01775271
AIT-2023-05-002,CCEP,0.00394489,0.00981223,-0.00995629,-0.07527097
AIT-2023-05-002,CDNS,-0.01329790,-0.01229100,0.03959896,0.06100700
AIT-2023-05-002,CEG,0.00780976,0.00774300,0.00138314,0.08653353
AIT-2023-05-002,CMCSA,0.01308775,0.01038435,0.02636969,-0.01172373
AIT-2023-05-002,COST,0.01226816,0.00554816,-0.01453087,0.00753418
AIT-2023-05-002,CPRT,0.02328909,0.01647889,0.08076156,0.00995939
AIT-2023-05-002,CRDO,0.00977802,0.09452644,0.25159087,0.75203817
AIT-2023-05-002,CRWD,-0.01863787,0.01941814,0.05078894,0.10179516
AIT-2023-05-002,CSCO,0.00208306,0.00717553,0.01661478,0.02070758
AIT-2023-05-002,CSX,0.00344084,0.00619882,0.00399569,-0.01678673
AIT-2023-05-002,CTAS,0.00706632,-0.00782479,-0.01658715,-0.02999328
AIT-2023-05-002,DASH,-0.03464022,-0.03467972,-0.04584682,-0.00229732
AIT-2023-05-002,DDOG,0.02423072,0.03384452,0.07787903,0.07472726
AIT-2023-05-002,DXCM,-0.00773255,-0.03113940,-0.06026316,-0.07542297
AIT-2023-05-002,EA,0.00778314,0.00078996,0.00304487,-0.01143169
AIT-2023-05-002,ENTG,0.17236838,0.18243656,0.22457307,0.31090603
AIT-2023-05-002,EXC,-0.01684819,-0.04302011,-0.08736591,-0.08767131
AIT-2023-05-002,FANG,-0.01949470,-0.01623376,-0.03368072,-0.04749088
AIT-2023-05-002,FAST,0.00524110,-0.00855735,-0.00700126,-0.04824218
AIT-2023-05-002,FER,-0.00167259,-0.00275174,-0.00622047,0.02793042
AIT-2023-05-002,FTNT,0.01509639,0.02187049,-0.00535881,-0.04145709
AIT-2023-05-002,GILD,-0.00113267,-0.00247425,-0.01958788,-0.06382112
AIT-2023-05-002,GOOG,0.05483484,0.04211315,0.07677413,0.04180754
AIT-2023-05-002,GOOGL,0.05614515,0.04312711,0.07629812,0.04223401
AIT-2023-05-002,HON,-0.01164301,-0.01126082,-0.00420970,-0.03133700
AIT-2023-05-002,IDXX,0.00710085,0.00636180,-0.01261869,-0.14722659
AIT-2023-05-002,INTC,-0.02681671,-0.00057076,-0.01964873,0.03080914
AIT-2023-05-002,INTU,-0.00350676,-0.01196432,0.01517459,-0.05048843
AIT-2023-05-002,ISRG,0.00934961,0.01251570,0.00237978,-0.05088628
AIT-2023-05-002,KDP,0.00434674,-0.00696046,-0.03010508,-0.06034540
AIT-2023-05-002,KHC,-0.00022063,-0.01360158,-0.05041974,-0.10517413
AIT-2023-05-002,KLAC,0.00940096,0.04860221,0.08587765,0.13671939
AIT-2023-05-002,LIN,0.00406862,-0.00430095,-0.02270487,-0.07936383
AIT-2023-05-002,LITE,-0.04424491,0.02415536,0.06871339,0.17591270
AIT-2023-05-002,LRCX,0.00407429,0.04547014,0.10034794,0.06710391
AIT-2023-05-002,MAR,-0.00669046,-0.00292860,0.01062883,-0.03136444
AIT-2023-05-002,MCHP,-0.00101462,0.01397428,0.02636203,0.00789191
AIT-2023-05-002,MDLZ,-0.00004010,-0.00469430,-0.02141060,-0.10382993
AIT-2023-05-002,MELI,-0.00692054,-0.00215050,-0.00835817,-0.18608735
AIT-2023-05-002,META,0.00562764,0.02030444,0.02498420,0.03647043
AIT-2023-05-002,MNST,0.00825156,0.00824883,-0.00198356,-0.07224822
AIT-2023-05-002,MPWR,-0.03502200,-0.00810505,0.00973174,0.13101166
AIT-2023-05-002,MRVL,0.00257162,0.04553500,0.08139601,0.39888516
AIT-2023-05-002,MSFT,-0.00692116,-0.01014597,0.00024478,-0.00907350
AIT-2023-05-002,MSTR,-0.13935711,-0.10686198,-0.12855082,-0.21914345
AIT-2023-05-002,MTSI,0.00040844,0.02240781,0.04506856,0.00914114
AIT-2023-05-002,MU,0.02050133,0.07721727,0.10321009,0.04681085
AIT-2023-05-002,NFLX,0.01411658,-0.00476274,0.07133674,0.13034992
AIT-2023-05-002,NVDA,-0.01706510,-0.00476847,0.04915862,0.19597348
AIT-2023-05-002,NXPI,0.00176341,0.01725702,0.04043320,0.06288214
AIT-2023-05-002,ODFL,-0.01843478,-0.02879714,-0.04984071,-0.09247543
AIT-2023-05-002,ON,0.02271921,0.02785503,0.04416660,0.01488177
AIT-2023-05-002,ORLY,0.00645072,-0.01404220,-0.02901257,-0.09730477
AIT-2023-05-002,PANW,0.00202320,-0.03355439,-0.06744173,0.05457107
AIT-2023-05-002,PAYX,-0.01135502,-0.00213705,-0.00939629,0.00357045
AIT-2023-05-002,PCAR,0.00467394,0.00144833,-0.02723926,0.00246415
AIT-2023-05-002,PDD,0.04157212,0.08016529,-0.00594088,0.18137339
AIT-2023-05-002,PEP,0.00963537,-0.00195713,-0.02456715,-0.08679407
AIT-2023-05-002,PLTR,-0.03735915,-0.04011392,0.15975663,0.38966949
AIT-2023-05-002,PYPL,-0.02049313,-0.01557052,-0.05022828,-0.03752527
AIT-2023-05-002,QCOM,-0.01908760,0.00314661,-0.00718282,0.09897853
AIT-2023-05-002,REGN,-0.00844104,-0.00322591,-0.02155045,-0.06141671
AIT-2023-05-002,RKLB,0.00602786,0.05269625,0.09414858,0.17037547
AIT-2023-05-002,ROP,0.00731054,0.00467086,-0.01539777,-0.05338918
AIT-2023-05-002,ROST,0.02573541,0.02007301,0.01157060,-0.04589454
AIT-2023-05-002,SBUX,-0.00294906,-0.00258087,-0.01611575,-0.14790024
AIT-2023-05-002,SHOP,-0.02536740,-0.03059397,-0.08078677,-0.14430604
AIT-2023-05-002,SNPS,-0.00041811,0.00735873,0.08576429,0.12760543
AIT-2023-05-002,STX,0.01256768,0.06999153,0.08158101,0.04233153
AIT-2023-05-002,TER,0.00524536,0.03656026,0.06069054,0.09659902
AIT-2023-05-002,TMUS,0.01540643,0.01637454,-0.03899256,-0.10848516
AIT-2023-05-002,TRI,-0.01438285,-0.01748699,-0.01068718,-0.06421563
AIT-2023-05-002,TSLA,0.00690364,-0.00583132,0.04008398,0.36590761
AIT-2023-05-002,TSM,-0.01342323,0.00965223,0.07362276,0.16059096
AIT-2023-05-002,TTWO,0.00719248,0.00265742,0.10582144,0.04420554
AIT-2023-05-002,TXN,-0.00368588,0.01295323,0.02221181,-0.00371334
AIT-2023-05-002,UMC,-0.03002191,-0.02609039,-0.00122114,-0.01223127
AIT-2023-05-002,VRTX,-0.00778127,-0.00684680,-0.04371150,-0.08458487
AIT-2023-05-002,WBD,-0.03487600,-0.01543313,-0.06654845,0.02281438
AIT-2023-05-002,WDAY,0.02144093,0.02989010,0.05857450,0.05424489
AIT-2023-05-002,WDC,0.01340021,0.12293452,0.16047119,0.18307382
AIT-2023-05-002,WMT,0.00372958,-0.00673767,-0.02005535,-0.03441691
AIT-2023-05-002,XEL,-0.00408346,-0.02099810,-0.06275292,-0.12074293
AIT-2023-07-002,AAPL,-0.00818903,-0.00668477,-0.00122483,-0.06444213
AIT-2023-07-002,ABNB,-0.00607348,0.01843981,0.01394879,0.00019026
AIT-2023-07-002,ADBE,-0.00197210,-0.00766260,-0.00809875,-0.02945352
AIT-2023-07-002,ADI,0.01714660,-0.01430277,-0.01206821,-0.04841483
AIT-2023-07-002,ADP,-0.00962930,0.00212751,0.02660568,0.11634650
AIT-2023-07-002,ADSK,-0.00240909,-0.01204741,-0.00766056,-0.03062642
AIT-2023-07-002,AEP,0.00610325,0.00704559,-0.01949119,-0.03185741
AIT-2023-07-002,ALNY,-0.00764223,-0.03907684,-0.00913768,-0.06310193
AIT-2023-07-002,AMAT,0.00747310,0.00773508,-0.02456244,0.01776440
AIT-2023-07-002,AMD,0.00846608,0.00866349,-0.01509184,-0.03886313
AIT-2023-07-002,AMGN,0.01080686,0.01013472,0.02558158,0.14907493
AIT-2023-07-002,AMZN,0.01952382,0.02380834,0.01095687,0.07358455
AIT-2023-07-002,APP,-0.00184327,-0.02937629,-0.04196602,0.03617741
AIT-2023-07-002,ASML,0.03313682,0.03739556,-0.03999494,-0.07776547
AIT-2023-07-002,ASX,0.01259281,0.03564459,-0.01876244,-0.04139540
AIT-2023-07-002,AVGO,-0.01572634,-0.01897249,-0.02780842,-0.08694758
AIT-2023-07-002,AXON,-0.02283183,-0.03401962,-0.06316755,-0.01832507
AIT-2023-07-002,BKNG,0.00047766,0.01138431,0.01685405,0.11592881
AIT-2023-07-002,BKR,-0.00017484,-0.00990214,-0.00231744,0.03922064
AIT-2023-07-002,CCEP,0.01351046,0.01028211,-0.01469616,-0.03586243
AIT-2023-07-002,CDNS,0.01215790,0.01713513,0.00631692,-0.05505777
AIT-2023-07-002,CEG,-0.00471861,-0.00661550,-0.02077607,0.11072366
AIT-2023-07-002,CMCSA,-0.00411686,-0.01678290,-0.01482026,0.06098728
AIT-2023-07-002,COST,0.00356535,0.01966420,0.02280858,0.05449045
AIT-2023-07-002,CPRT,-0.01649362,0.01343117,-0.02023162,-0.08286234
AIT-2023-07-002,CRDO,-0.00226411,-0.01833725,-0.09350620,-0.18006638
AIT-2023-07-002,CRWD,-0.01676931,-0.02346826,0.01835515,-0.00559491
AIT-2023-07-002,CSCO,-0.02512275,-0.04739162,-0.01948129,0.00177376
AIT-2023-07-002,CSX,-0.01644905,-0.01853798,-0.02562604,-0.08676685
AIT-2023-07-002,CTAS,-0.01226011,-0.00819498,-0.00608715,-0.01467746
AIT-2023-07-002,DASH,0.01385877,0.02252749,0.01177553,0.01156935
AIT-2023-07-002,DDOG,0.01274336,0.00840558,0.04755762,-0.16699066
AIT-2023-07-002,DXCM,0.00010081,0.02424676,-0.02158969,-0.19898064
AIT-2023-07-002,EA,-0.01375878,-0.00862931,-0.01963465,-0.11706044
AIT-2023-07-002,ENTG,0.01643392,-0.02464132,-0.04448375,-0.07150918
AIT-2023-07-002,EXC,0.00182280,-0.00091854,-0.01990065,-0.02626058
AIT-2023-07-002,FANG,0.00232005,-0.02353664,-0.01071944,0.10178475
AIT-2023-07-002,FAST,-0.05591348,-0.04186172,-0.05990566,-0.04044497
AIT-2023-07-002,FER,-0.00354847,-0.00484430,-0.00956458,0.05593578
AIT-2023-07-002,FTNT,-0.02371915,-0.01544913,-0.03862083,-0.26275110
AIT-2023-07-002,GEHC,-0.01630510,-0.01212994,-0.02974177,-0.13275718
AIT-2023-07-002,GILD,-0.00276439,0.00304550,0.01611098,0.03306216
AIT-2023-07-002,GOOG,0.03755037,0.04515647,0.00320450,0.08959085
AIT-2023-07-002,GOOGL,0.04051314,0.04818743,0.00260082,0.09069280
AIT-2023-07-002,HON,-0.01390689,-0.02586828,-0.04201538,-0.10595052
AIT-2023-07-002,IDXX,0.01058690,0.01796861,0.01710120,-0.02411883
AIT-2023-07-002,INTC,-0.00501076,-0.02553698,-0.00450735,0.02501381
AIT-2023-07-002,INTU,0.01298798,0.01994287,0.03406204,0.06788214
AIT-2023-07-002,ISRG,0.00043405,0.01950823,-0.01392793,-0.15544600
AIT-2023-07-002,KDP,-0.00102633,0.00516303,0.01001143,0.09059238
AIT-2023-07-002,KHC,-0.00511166,0.00066952,0.00408305,-0.03945509
AIT-2023-07-002,KLAC,0.00905658,0.00693583,-0.02369664,0.04908836
AIT-2023-07-002,LIN,0.01274278,0.01609697,-0.00761053,0.00853201
AIT-2023-07-002,LITE,0.00018590,-0.06310525,-0.05148761,-0.05015155
AIT-2023-07-002,LRCX,0.00001392,0.00018855,-0.02321369,0.06947389
AIT-2023-07-002,MAR,-0.01507806,-0.02523186,-0.03383502,0.07048307
AIT-2023-07-002,MCHP,0.01873242,-0.00924018,-0.00808905,-0.06304394
AIT-2023-07-002,MDLZ,0.00322034,0.00899503,0.01259237,0.02056074
AIT-2023-07-002,MELI,-0.00531238,-0.01468246,0.03894563,0.14226079
AIT-2023-07-002,META,0.01817407,0.00170172,-0.00571547,-0.04719541
AIT-2023-07-002,MNST,0.00830722,0.01765554,0.00425534,0.00973747
AIT-2023-07-002,MPWR,0.03116945,0.01193448,0.00413395,-0.05202547
AIT-2023-07-002,MRVL,0.01421253,-0.01414065,-0.01107275,-0.05698026
AIT-2023-07-002,MSFT,0.00720619,0.01463898,0.02326552,-0.05786977
AIT-2023-07-002,MSTR,0.07983933,0.07218686,0.02360943,-0.14449045
AIT-2023-07-002,MTSI,0.03310241,-0.00693930,-0.01506003,0.15870596
AIT-2023-07-002,MU,-0.00739208,-0.01426591,-0.01948566,0.02628508
AIT-2023-07-002,NFLX,-0.00400577,-0.02423535,0.02977634,-0.07725753
AIT-2023-07-002,NVDA,0.03933806,0.02433121,0.01699281,-0.11602662
AIT-2023-07-002,NXPI,0.00172029,-0.01574128,0.00061012,0.00742892
AIT-2023-07-002,ODFL,-0.02257940,-0.02134459,0.00602824,0.04100920
AIT-2023-07-002,ON,0.02402965,0.00177096,-0.00064350,0.01017911
AIT-2023-07-002,ORLY,-0.02126709,-0.01660766,-0.02379890,-0.06693957
AIT-2023-07-002,PANW,-0.06146339,-0.05270009,-0.04949154,-0.18324234
AIT-2023-07-002,PAYX,0.00594041,0.01039922,0.02033761,0.07162084
AIT-2023-07-002,PCAR,-0.01908651,-0.02125063,0.00349694,-0.04123816
AIT-2023-07-002,PDD,0.11552781,0.09804358,0.02763919,0.15777123
AIT-2023-07-002,PEP,0.01244595,0.01595157,-0.00050460,-0.00945087
AIT-2023-07-002,PLTR,-0.01708309,-0.03920897,0.02888570,-0.12532217
AIT-2023-07-002,PYPL,0.00830603,0.00747466,0.02611418,-0.07979285
AIT-2023-07-002,QCOM,0.03081905,0.02851917,0.02730826,0.01950205
AIT-2023-07-002,REGN,-0.00337122,-0.00669773,-0.01378772,0.08418652
AIT-2023-07-002,RKLB,0.04590302,-0.00083994,0.21408961,0.06102501
AIT-2023-07-002,ROP,-0.00966368,-0.01225971,-0.01379296,0.00751654
AIT-2023-07-002,ROST,-0.01077097,-0.00995721,-0.01372071,-0.00112247
AIT-2023-07-002,SBUX,0.00068213,0.00138488,-0.00810657,-0.00706035
AIT-2023-07-002,SHOP,0.07253317,0.04331003,0.00417888,-0.20679282
AIT-2023-07-002,SNPS,0.00164847,0.01339473,0.00207416,-0.04678674
AIT-2023-07-002,STX,-0.00511848,-0.01102508,-0.05518688,0.09647547
AIT-2023-07-002,TER,0.01610164,0.00837878,0.00668886,-0.04626587
AIT-2023-07-002,TMUS,-0.00111052,-0.00753291,-0.02676944,-0.00875684
AIT-2023-07-002,TRI,-0.00754210,0.00619400,-0.00492178,-0.01141140
AIT-2023-07-002,TSLA,0.00598504,0.02100369,0.03843483,-0.08074411
AIT-2023-07-002,TSM,0.02123868,0.01706041,-0.02111938,-0.09866539
AIT-2023-07-002,TTWO,-0.02627592,-0.02122163,-0.02172802,-0.09143444
AIT-2023-07-002,TXN,0.00639069,-0.00469714,-0.00277348,-0.05323318
AIT-2023-07-002,UMC,-0.03122520,-0.02862976,-0.06928836,-0.12692614
AIT-2023-07-002,VRTX,0.01093053,0.02121087,0.02830776,-0.00762087
AIT-2023-07-002,WBD,-0.03869272,-0.08989577,-0.03758454,0.08240227
AIT-2023-07-002,WDAY,-0.03593532,-0.01731857,-0.00686823,-0.01548778
AIT-2023-07-002,WDC,0.00297603,0.01193997,-0.02470027,0.10530795
AIT-2023-07-002,WMT,-0.01215190,-0.00896601,-0.01720302,0.02469739
AIT-2023-07-002,XEL,0.01022809,0.01092814,-0.00834511,-0.03472872
AIT-2023-07-003,AAPL,0.00302677,-0.00305134,0.00066880,-0.04482806
AIT-2023-07-003,ABNB,-0.00075736,0.02364311,0.02253344,-0.06628392
AIT-2023-07-003,ADBE,-0.02570078,-0.02075911,-0.04678810,-0.01661368
AIT-2023-07-003,ADI,-0.03030988,-0.01858431,-0.03115766,-0.06952525
AIT-2023-07-003,ADP,0.01149693,0.01519453,0.07714382,0.11817615
AIT-2023-07-003,ADSK,-0.01933458,-0.02330313,-0.01813977,0.01202620
AIT-2023-07-003,AEP,0.03036830,0.04421242,0.03875404,-0.01106624
AIT-2023-07-003,ALNY,-0.02597886,-0.03138778,-0.06071709,-0.06435771
AIT-2023-07-003,AMAT,-0.06863346,-0.05229103,-0.04915393,-0.01011499
AIT-2023-07-003,AMD,-0.05970538,-0.05449308,-0.07905771,-0.04947881
AIT-2023-07-003,AMGN,0.00526050,0.01241412,0.01218831,0.15346762
AIT-2023-07-003,AMZN,-0.01267673,-0.01160685,-0.03465449,0.08744849
AIT-2023-07-003,APP,0.00019202,0.00287265,0.05209597,0.42977677
AIT-2023-07-003,ASML,-0.10402061,-0.07954156,-0.10872519,-0.11329150
AIT-2023-07-003,ASX,-0.05002058,-0.05512678,-0.04343817,-0.09538264
AIT-2023-07-003,AVGO,-0.01504115,-0.00764155,-0.02709618,-0.07887466
AIT-2023-07-003,AXON,-0.04524416,-0.06980507,-0.08129488,0.02496340
AIT-2023-07-003,BKNG,-0.02056707,-0.02017900,-0.01976619,0.07213848
AIT-2023-07-003,BKR,-0.00876482,0.01212881,0.00331320,0.01128774
AIT-2023-07-003,CCEP,0.00629531,0.00254053,-0.01244850,-0.04099775
AIT-2023-07-003,CDNS,-0.01788231,-0.00154619,-0.04965244,-0.06389152
AIT-2023-07-003,CEG,0.02115030,0.01859335,0.02060612,0.14236689
AIT-2023-07-003,CMCSA,0.02094715,0.01277761,0.00369576,0.10622137
AIT-2023-07-003,COST,0.01028718,0.01213910,0.02147572,0.04238072
AIT-2023-07-003,CPRT,-0.02397719,-0.02646449,-0.05573075,-0.07148038
AIT-2023-07-003,CRDO,-0.03397214,-0.00032721,0.00722077,-0.11514405
AIT-2023-07-003,CRWD,-0.02133076,-0.00068578,0.01924212,0.05641680
AIT-2023-07-003,CSCO,0.02465841,0.02908709,0.03265101,0.04925741
AIT-2023-07-003,CSX,0.00235876,-0.03498792,-0.02736483,-0.08473131
AIT-2023-07-003,CTAS,0.01007371,0.01036044,0.02007670,-0.00109224
AIT-2023-07-003,DASH,-0.01046707,-0.00083826,0.00345662,-0.01805220
AIT-2023-07-003,DDOG,-0.02439300,-0.02389808,-0.02633194,-0.12917672
AIT-2023-07-003,DXCM,-0.05184499,-0.05382775,-0.06557642,-0.20461991
AIT-2023-07-003,EA,-0.00995711,-0.01051106,-0.00207652,-0.11859062
AIT-2023-07-003,ENTG,-0.05381549,-0.04386705,-0.06008035,-0.06938334
AIT-2023-07-003,EXC,0.02145637,0.03476747,0.04646362,0.00482501
AIT-2023-07-003,FANG,0.01220985,0.02072418,0.04018130,0.08746155
AIT-2023-07-003,FAST,0.02309081,0.02774273,0.03203053,0.04181587
AIT-2023-07-003,FER,-0.00238860,-0.00369938,-0.00802000,0.05847969
AIT-2023-07-003,FTNT,-0.02817830,-0.02333610,-0.04768910,-0.26054428
AIT-2023-07-003,GEHC,-0.00590013,0.00215968,-0.07328839,-0.15247729
AIT-2023-07-003,GILD,0.02287764,0.03092548,-0.01824797,0.00236531
AIT-2023-07-003,GOOG,-0.03036378,-0.02358477,0.04351257,0.09267157
AIT-2023-07-003,GOOGL,-0.03067140,-0.02353372,0.04321815,0.09153959
AIT-2023-07-003,HON,0.01644833,0.01929421,0.01082650,-0.06581183
AIT-2023-07-003,IDXX,-0.00392927,0.01686864,0.00696619,-0.06161115
AIT-2023-07-003,INTC,-0.02676700,-0.00730685,-0.00732603,0.02480198
AIT-2023-07-003,INTU,0.00171380,0.00408561,0.00368327,0.07252691
AIT-2023-07-003,ISRG,-0.01939730,-0.05306424,-0.08870371,-0.17190289
AIT-2023-07-003,KDP,0.03161360,0.03733200,0.03603288,0.10932723
AIT-2023-07-003,KHC,0.02581088,0.02335991,0.02142795,-0.05081476
AIT-2023-07-003,KLAC,-0.06646434,-0.04860384,-0.06401667,0.01850562
AIT-2023-07-003,LIN,-0.00511748,0.00147426,0.00179824,-0.01288478
AIT-2023-07-003,LITE,0.01601821,0.00639946,0.02242045,-0.02231419
AIT-2023-07-003,LRCX,-0.05733204,-0.04539278,-0.03178575,0.02458797
AIT-2023-07-003,MAR,-0.00770782,0.00965731,-0.00519460,0.08957099
AIT-2023-07-003,MCHP,-0.04904486,-0.03266355,-0.06049448,-0.10766465
AIT-2023-07-003,MDLZ,0.02522898,0.02577048,0.01535165,-0.00055808
AIT-2023-07-003,MELI,-0.00228512,0.01606231,-0.03465045,0.08740534
AIT-2023-07-003,META,-0.02824304,-0.05827764,-0.06377056,-0.05800558
AIT-2023-07-003,MNST,0.01990147,0.02823790,0.02213866,0.04269402
AIT-2023-07-003,MPWR,-0.09461322,-0.08623582,-0.10893488,-0.11149742
AIT-2023-07-003,MRVL,-0.02805451,-0.02485440,-0.03654679,-0.05189421
AIT-2023-07-003,MSFT,-0.03052546,-0.04003225,-0.06847680,-0.07880720
AIT-2023-07-003,MSTR,-0.00380042,-0.01483650,-0.02041769,-0.13870333
AIT-2023-07-003,MTSI,-0.01089874,0.00542510,0.03132051,0.16969243
AIT-2023-07-003,MU,0.00184683,0.01667773,0.03347590,0.03674667
AIT-2023-07-003,NFLX,-0.07681530,-0.10184466,-0.13038731,-0.13178184
AIT-2023-07-003,NVDA,-0.04200453,-0.07328328,-0.07685458,-0.11198976
AIT-2023-07-003,NXPI,-0.04614302,-0.03982569,-0.02649505,-0.07465677
AIT-2023-07-003,ODFL,0.01439423,0.00380679,0.05846267,0.05897243
AIT-2023-07-003,ON,-0.06513662,-0.05037204,-0.05998215,-0.06529657
AIT-2023-07-003,ORLY,-0.01112531,-0.00817914,-0.00539472,-0.02236078
AIT-2023-07-003,PANW,-0.02402828,-0.01818111,-0.02497117,-0.14090149
AIT-2023-07-003,PAYX,0.02011960,0.01759767,0.04807665,0.06528597
AIT-2023-07-003,PCAR,-0.00645849,-0.01842173,-0.06650026,-0.06084643
AIT-2023-07-003,PDD,-0.00618006,0.00804734,0.10272682,0.08222223
AIT-2023-07-003,PEP,0.02738092,0.03166544,0.03550656,-0.00940830
AIT-2023-07-003,PLTR,-0.05023894,-0.09367420,-0.11379533,-0.13298070
AIT-2023-07-003,PYPL,-0.00708588,-0.00492246,-0.00099199,-0.10923703
AIT-2023-07-003,QCOM,-0.00712969,0.02750698,0.01495168,-0.02069760
AIT-2023-07-003,REGN,-0.00198152,0.01435476,0.00647339,0.11759586
AIT-2023-07-003,RKLB,0.00530258,-0.03474115,-0.09627273,-0.22081528
AIT-2023-07-003,ROP,0.00532084,0.04168225,0.02289375,0.04652511
AIT-2023-07-003,ROST,0.00513336,0.00295519,0.00747549,0.04385412
AIT-2023-07-003,SBUX,0.00517651,0.02438380,0.00716902,0.01677979
AIT-2023-07-003,SHOP,-0.02344667,-0.02443266,-0.06174877,-0.18436204
AIT-2023-07-003,SNPS,-0.02003075,-0.01556283,-0.03674352,-0.04861926
AIT-2023-07-003,STX,-0.02699057,-0.02113313,-0.05700656,0.10837310
AIT-2023-07-003,TER,-0.03578860,-0.01134275,-0.02697206,-0.09731222
AIT-2023-07-003,TMUS,0.01415584,0.02000994,0.01881528,0.01587973
AIT-2023-07-003,TRI,0.00433096,0.00001909,0.00040128,-0.00149118
AIT-2023-07-003,TSLA,-0.09382675,-0.10319118,-0.09363056,-0.16482653
AIT-2023-07-003,TSM,-0.04736961,-0.05426853,-0.04280077,-0.08890305
AIT-2023-07-003,TTWO,-0.00954347,-0.02129302,-0.02844753,-0.07187112
AIT-2023-07-003,TXN,-0.01408560,0.01091351,-0.04088084,-0.04214085
AIT-2023-07-003,UMC,-0.08350650,-0.08275006,-0.09023968,-0.11870210
AIT-2023-07-003,VRTX,0.00908995,0.01024497,-0.02486230,-0.03780556
AIT-2023-07-003,WBD,0.03565904,0.02266059,0.00035149,0.10807229
AIT-2023-07-003,WDAY,-0.02018955,-0.00859321,-0.00004046,0.04894998
AIT-2023-07-003,WDC,0.00330871,0.00442278,0.01039950,0.11465547
AIT-2023-07-003,WMT,0.01994261,0.02508425,0.02862243,0.03875116
AIT-2023-07-003,XEL,0.02987882,0.04103486,0.03675364,-0.02864327
AIT-2023-07-001,AAPL,0.00225823,0.00265056,0.00161825,-0.04211052
AIT-2023-07-001,ABNB,0.01618218,0.00560524,-0.03849139,-0.11480619
AIT-2023-07-001,ADBE,0.01991326,0.04816107,0.03181253,0.02815439
AIT-2023-07-001,ADI,0.03121120,0.03414041,0.01798055,-0.04792421
AIT-2023-07-001,ADP,-0.01222116,-0.02640741,-0.00108204,0.04819193
AIT-2023-07-001,ADSK,-0.01694068,-0.00851779,-0.01724530,0.07406907
AIT-2023-07-001,AEP,-0.02600382,-0.03469660,-0.05344527,-0.05836238
AIT-2023-07-001,ALNY,0.02026173,-0.00066932,-0.00182336,0.02543158
AIT-2023-07-001,AMAT,0.08343630,0.07694771,0.08272349,0.08297185
AIT-2023-07-001,AMD,0.01718305,0.02493534,0.05176362,-0.01464060
AIT-2023-07-001,AMGN,0.00448699,-0.00524501,-0.01164665,0.12131780
AIT-2023-07-001,AMZN,0.02848901,0.03752826,0.03418581,0.11448021
AIT-2023-07-001,APP,0.03592014,0.03563266,0.05102397,0.38481056
AIT-2023-07-001,ASML,0.04204727,0.03512085,0.02014589,0.00832301
AIT-2023-07-001,ASX,0.05467358,0.00702100,-0.02262653,-0.01730651
AIT-2023-07-001,AVGO,-0.00111510,-0.00712379,-0.00185382,-0.03049851
AIT-2023-07-001,AXON,0.00809086,0.02273573,-0.01899683,0.07962812
AIT-2023-07-001,BKNG,0.01185994,-0.00541447,-0.03762871,0.02894021
AIT-2023-07-001,BKR,-0.00830152,-0.00105736,0.01135699,0.01404460
AIT-2023-07-001,CCEP,-0.01311732,-0.02498564,-0.00799521,-0.03212843
AIT-2023-07-001,CDNS,-0.00407045,-0.00809976,-0.00850775,0.01456419
AIT-2023-07-001,CEG,-0.01868258,-0.01063870,0.05596572,0.14526027
AIT-2023-07-001,CMCSA,0.04924380,0.04710661,0.06126539,0.07472697
AIT-2023-07-001,COST,-0.00737397,-0.01353838,-0.00123245,-0.02071125
AIT-2023-07-001,CPRT,-0.01716966,-0.02314236,0.00057807,-0.03476593
AIT-2023-07-001,CRDO,0.00195130,0.00115114,-0.03003609,-0.07925555
AIT-2023-07-001,CRWD,0.00550123,0.04352961,0.05144882,0.03639044
AIT-2023-07-001,CSCO,-0.02500542,-0.02808144,0.00759714,0.06057668
AIT-2023-07-001,CSX,0.02224063,0.00598997,0.01098730,-0.04104675
AIT-2023-07-001,CTAS,-0.03028849,-0.03345594,-0.02536199,-0.01734647
AIT-2023-07-001,DASH,0.03356952,0.04193513,0.01360752,-0.06906854
AIT-2023-07-001,DDOG,0.00942735,0.04677016,0.00221937,-0.07281381
AIT-2023-07-001,DXCM,0.00738686,-0.05490420,-0.05868855,-0.23328246
AIT-2023-07-001,EA,-0.00914850,-0.02126799,-0.10416351,-0.12335134
AIT-2023-07-001,ENTG,0.03307135,0.04031930,0.02392641,0.02189792
AIT-2023-07-001,EXC,-0.03691307,-0.03428272,-0.05493670,-0.04015736
AIT-2023-07-001,FANG,0.00279524,0.01320284,0.03796542,0.07593184
AIT-2023-07-001,FAST,-0.00547161,-0.00471789,-0.01330749,0.00451265
AIT-2023-07-001,FER,-0.00292763,-0.00441073,0.08593898,-0.03246378
AIT-2023-07-001,FTNT,-0.01220926,-0.00381183,-0.00418826,-0.20798752
AIT-2023-07-001,GEHC,-0.00007145,-0.00163715,-0.01267057,-0.11232669
AIT-2023-07-001,GILD,-0.00696130,-0.01785568,-0.01763810,-0.00038610
AIT-2023-07-001,GOOG,0.02208014,0.02052137,0.01617929,0.07268284
AIT-2023-07-001,GOOGL,0.02187052,0.02062562,0.01624101,0.06933277
AIT-2023-07-001,HON,-0.06613002,-0.07333331,-0.07677895,-0.08095308
AIT-2023-07-001,IDXX,-0.01217527,-0.01227557,-0.07387544,-0.09086257
AIT-2023-07-001,INTC,0.06686610,0.03530264,0.03798053,0.01323284
AIT-2023-07-001,INTU,0.02622732,0.02344216,0.02925670,0.08775810
AIT-2023-07-001,ISRG,-0.01584391,-0.02644300,-0.04934554,-0.12967572
AIT-2023-07-001,KDP,0.04323671,0.04625141,0.05621048,0.07125678
AIT-2023-07-001,KHC,-0.00684944,-0.00706356,-0.01856927,-0.07275820
AIT-2023-07-001,KLAC,0.10677793,0.10894792,0.11552401,0.10095585
AIT-2023-07-001,LIN,-0.00263581,0.00013271,-0.01169615,-0.00806916
AIT-2023-07-001,LITE,-0.00714831,-0.00700950,-0.00500285,0.09018541
AIT-2023-07-001,LRCX,0.11252487,0.10423742,0.10162336,0.08137161
AIT-2023-07-001,MAR,0.02578872,0.03430959,0.04745251,0.05795916
AIT-2023-07-001,MCHP,0.04773240,0.05344824,0.03691233,-0.05504312
AIT-2023-07-001,MDLZ,0.01613177,0.00228878,0.02487177,-0.03460029
AIT-2023-07-001,MELI,0.03702301,0.04480237,0.15142407,0.11585094
AIT-2023-07-001,META,0.07674712,0.04933895,0.05696714,-0.02885282
AIT-2023-07-001,MNST,-0.00322273,-0.01628970,0.00458971,0.00424374
AIT-2023-07-001,MPWR,0.02457017,0.04605604,0.03545254,0.00194639
AIT-2023-07-001,MRVL,0.01146792,0.01041023,0.01679315,0.00612936
AIT-2023-07-001,MSFT,-0.00296522,-0.01326632,-0.01493507,-0.00224489
AIT-2023-07-001,MSTR,-0.03060478,-0.02951616,-0.10511392,-0.21680029
AIT-2023-07-001,MTSI,0.01409845,0.02662102,0.12691891,0.23701819
AIT-2023-07-001,MU,0.05261451,0.05286008,0.04892607,0.00819530
AIT-2023-07-001,NFLX,-0.00104038,0.02493856,0.02762907,-0.02358423
AIT-2023-07-001,NVDA,0.01212211,0.00284761,-0.01624026,0.03701617
AIT-2023-07-001,NXPI,0.01651113,0.01177728,0.01038716,-0.05663473
AIT-2023-07-001,ODFL,0.01145481,-0.01068177,-0.00357874,0.00911562
AIT-2023-07-001,ON,0.05116348,0.07241844,0.06315034,-0.01803665
AIT-2023-07-001,ORLY,-0.04127606,-0.04644497,-0.03622702,-0.03724734
AIT-2023-07-001,PANW,0.00843775,0.01145299,-0.02097465,-0.03889002
AIT-2023-07-001,PAYX,-0.01171615,-0.02138285,-0.00558914,0.00706429
AIT-2023-07-001,PCAR,0.00338522,0.00978207,0.00545494,-0.00100574
AIT-2023-07-001,PDD,0.05788703,0.06071260,0.07509212,-0.02190189
AIT-2023-07-001,PEP,-0.00843354,-0.02445802,-0.01972480,-0.06846423
AIT-2023-07-001,PLTR,0.07456230,0.18235300,0.15351640,-0.10108992
AIT-2023-07-001,PYPL,0.00873446,0.03354174,-0.09102363,-0.07034737
AIT-2023-07-001,QCOM,0.04154149,0.06076551,-0.00672013,-0.02934733
AIT-2023-07-001,REGN,0.02023096,0.01423928,0.06558151,0.16202492
AIT-2023-07-001,RKLB,-0.00918611,0.02486364,0.01419028,-0.15267680
AIT-2023-07-001,ROP,-0.00649642,-0.00722407,0.00282462,0.01243582
AIT-2023-07-001,ROST,0.00630812,0.00446851,0.00200109,0.07427336
AIT-2023-07-001,SBUX,-0.00731321,-0.00576138,0.01957079,-0.02500356
AIT-2023-07-001,SHOP,0.00969377,0.02653059,-0.07386339,-0.12186172
AIT-2023-07-001,SNPS,-0.00182758,-0.00291646,-0.00503252,0.01240064
AIT-2023-07-001,STX,0.08970373,0.08838670,0.19114511,0.18681367
AIT-2023-07-001,TER,-0.02541367,-0.02313620,-0.04068074,-0.05104415
AIT-2023-07-001,TMUS,-0.00205742,-0.02446213,-0.03383285,-0.03412504
AIT-2023-07-001,TRI,0.00759384,0.01465516,-0.00382739,-0.02746652
AIT-2023-07-001,TSLA,0.00425533,0.00486365,0.01226745,-0.04706342
AIT-2023-07-001,TSM,0.00911614,-0.01097702,-0.03166443,-0.03540282
AIT-2023-07-001,TTWO,0.00469687,0.01107205,-0.02012010,-0.04588580
AIT-2023-07-001,TXN,0.01778835,0.02518712,0.00468546,0.00997861
AIT-2023-07-001,UMC,0.03562463,0.03240410,0.01130692,-0.01638696
AIT-2023-07-001,VRTX,0.00392661,-0.00219542,-0.00457108,0.00368569
AIT-2023-07-001,WBD,-0.00028909,0.01899981,0.03990221,0.08251588
AIT-2023-07-001,WDAY,0.01533213,0.02075703,0.01931837,0.03757165
AIT-2023-07-001,WDC,0.07749258,0.08815641,0.13692017,0.11073396
AIT-2023-07-001,WMT,-0.00132985,-0.00300100,0.00113810,-0.00407246
AIT-2023-07-001,XEL,-0.03422952,-0.03750257,-0.04555932,-0.09288132
AIT-2023-10-001,AAPL,0.00069987,-0.00650228,-0.00301518,-0.00405596
AIT-2023-10-001,ABNB,0.02496167,0.02447891,0.00525880,-0.05672726
AIT-2023-10-001,ADBE,-0.00583443,-0.02194846,-0.03138657,-0.04221076
AIT-2023-10-001,ADI,-0.01101951,-0.01361442,-0.00080620,0.02106443
AIT-2023-10-001,ADP,-0.00793772,-0.01684506,-0.09852825,-0.10472392
AIT-2023-10-001,ADSK,-0.00802264,0.00682480,0.00818411,-0.02853327
AIT-2023-10-001,AEP,-0.00510532,0.01181820,0.03287692,0.05696269
AIT-2023-10-001,ALNY,0.02751936,0.03440485,-0.00498848,0.01516137
AIT-2023-10-001,AMAT,0.01934098,0.01084276,0.03184676,-0.01178691
AIT-2023-10-001,AMD,0.00000019,0.00042684,0.00383534,0.02922213
AIT-2023-10-001,AMGN,-0.02142024,-0.01325153,-0.05446508,-0.06804393
AIT-2023-10-001,AMZN,0.00529223,0.00780328,0.04989134,0.01108986
AIT-2023-10-001,APP,-0.01285025,-0.01076923,-0.03639942,-0.21429603
AIT-2023-10-001,ASML,0.02328967,0.03372717,0.06627718,0.07875565
AIT-2023-10-001,ASX,0.00425702,0.00598278,0.01114519,0.01699977
AIT-2023-10-001,AVGO,0.01109589,0.02074297,0.01237879,0.01257724
AIT-2023-10-001,AXON,-0.00195008,0.00751597,-0.03275743,0.00268955
AIT-2023-10-001,BKNG,0.02274043,0.01939076,0.01252820,0.03109853
AIT-2023-10-001,BKR,-0.01277562,-0.02571627,0.01309062,-0.10493849
AIT-2023-10-001,CCEP,0.00169261,0.01655782,0.01744496,0.02534498
AIT-2023-10-001,CDNS,-0.00544463,-0.02695523,-0.01877268,-0.00751649
AIT-2023-10-001,CEG,-0.00819954,0.00373829,-0.00198428,0.00607481
AIT-2023-10-001,CMCSA,0.00838984,0.01269695,-0.04911579,-0.07889326
AIT-2023-10-001,COST,-0.01352368,-0.02131987,-0.01411137,-0.03864864
AIT-2023-10-001,CPRT,0.00677977,0.00677710,-0.00871205,0.04444978
AIT-2023-10-001,CRDO,0.02045927,0.00516896,0.01585763,0.05812706
AIT-2023-10-001,CRWD,-0.00885455,-0.00239453,-0.00999345,-0.00979872
AIT-2023-10-001,CSCO,-0.01117138,-0.00171728,-0.00683000,-0.15401076
AIT-2023-10-001,CSX,0.00109154,-0.02109199,-0.00710618,-0.00467602
AIT-2023-10-001,CTAS,0.00652471,0.01239791,0.02244217,0.03993930
AIT-2023-10-001,DASH,0.03842790,0.04536952,0.01297305,0.15225215
AIT-2023-10-001,DDOG,0.00323488,0.01351097,0.00308019,0.14433006
AIT-2023-10-001,DXCM,0.01594597,0.01451522,0.08711542,0.19501956
AIT-2023-10-001,EA,-0.00520674,0.00082013,-0.01848856,0.01496525
AIT-2023-10-001,ENTG,-0.00030495,0.00290088,0.02627227,-0.01464288
AIT-2023-10-001,EXC,-0.02683099,-0.01734923,-0.01210857,-0.01684600
AIT-2023-10-001,FANG,-0.01020935,-0.02902461,-0.02374747,-0.10521777
AIT-2023-10-001,FAST,-0.00622698,-0.01068698,0.02610491,-0.01967831
AIT-2023-10-001,FER,0.00118576,-0.00151583,0.01662348,0.15182910
AIT-2023-10-001,FTNT,-0.01194395,0.00356166,0.01975918,-0.19163859
AIT-2023-10-001,GEHC,-0.00872473,-0.00611820,-0.00015355,0.04841899
AIT-2023-10-001,GILD,-0.00287396,0.00190998,-0.00027608,-0.04668508
AIT-2023-10-001,GOOG,0.00938141,0.01316309,-0.06906059,-0.12111162
AIT-2023-10-001,GOOGL,0.00754608,0.01240086,-0.07159882,-0.12256017
AIT-2023-10-001,HON,0.00534952,0.00511887,0.01167782,0.03148892
AIT-2023-10-001,IDXX,0.02687324,0.02312272,-0.02313597,0.01650629
AIT-2023-10-001,INTC,-0.03412754,-0.02399296,0.04870225,0.11709790
AIT-2023-10-001,INTU,-0.01329937,-0.02219286,-0.02863387,-0.02746092
AIT-2023-10-001,ISRG,0.01344483,0.02261145,-0.00966954,0.05262431
AIT-2023-10-001,KDP,0.00069879,0.02688424,0.06263037,0.10826045
AIT-2023-10-001,KHC,-0.00396202,0.01363249,0.01823282,0.07344507
AIT-2023-10-001,KLAC,0.01805101,0.02157487,0.04745613,0.06259574
AIT-2023-10-001,LIN,-0.00183626,-0.00349268,0.03009296,0.04305656
AIT-2023-10-001,LITE,-0.02336766,-0.00676640,-0.02862565,0.09141443
AIT-2023-10-001,LRCX,0.01615843,0.00981361,0.02297142,0.03294377
AIT-2023-10-001,MAR,-0.00712520,-0.00752437,-0.00588510,-0.00586014
AIT-2023-10-001,MCHP,-0.00968730,0.00096961,0.00003785,0.00901659
AIT-2023-10-001,MDLZ,0.00325397,0.02405172,0.03053032,0.06942722
AIT-2023-10-001,MELI,0.01857647,0.04135961,0.06652447,0.09696759
AIT-2023-10-001,META,0.02221040,-0.00060907,-0.00491495,-0.11853767
AIT-2023-10-001,MNST,0.00871828,-0.00150365,0.01861740,0.04933364
AIT-2023-10-001,MPWR,-0.02101557,-0.02546015,0.00478382,0.10692453
AIT-2023-10-001,MRVL,-0.00018992,-0.01035753,0.01854547,-0.06166099
AIT-2023-10-001,MSFT,0.01031937,0.00349341,0.03945229,0.02460039
AIT-2023-10-001,MSTR,0.12965450,0.23203507,0.25771944,0.14602726
AIT-2023-10-001,MTSI,-0.02167894,-0.01523417,-0.01480614,-0.00442592
AIT-2023-10-001,MU,0.00631605,0.01325512,0.01459212,0.04579465
AIT-2023-10-001,NFLX,0.03183898,0.03718210,0.04148532,0.05526681
AIT-2023-10-001,NVDA,0.04131412,0.03631659,0.01347105,-0.06125054
AIT-2023-10-001,NXPI,-0.00895744,-0.01428728,0.00887970,-0.02491483
AIT-2023-10-001,ODFL,-0.00665847,-0.02220704,-0.03151594,-0.08767138
AIT-2023-10-001,ON,-0.01494783,-0.01256796,0.02549806,-0.31045848
AIT-2023-10-001,ORLY,-0.01508927,-0.02638927,0.04808557,0.04874070
AIT-2023-10-001,PANW,-0.01648527,-0.00309537,-0.02981895,-0.12676613
AIT-2023-10-001,PAYX,0.00199446,-0.00097642,-0.03391877,-0.04290226
AIT-2023-10-001,PCAR,-0.00400668,0.03088569,0.03705187,0.03497237
AIT-2023-10-001,PDD,0.02485016,0.05092757,0.10295134,-0.00446025
AIT-2023-10-001,PEP,0.00247699,0.01359053,0.00913628,0.02857758
AIT-2023-10-001,PLTR,-0.02246574,-0.01853767,-0.04879632,-0.01708358
AIT-2023-10-001,PYPL,-0.00040932,0.00480821,-0.01587100,-0.01090763
AIT-2023-10-001,QCOM,-0.00136777,-0.00524318,0.01648098,0.08505010
AIT-2023-10-001,REGN,-0.01049593,-0.00354615,-0.02689331,-0.04243430
AIT-2023-10-001,RKLB,0.00457727,-0.00346932,0.06504229,-0.10686146
AIT-2023-10-001,ROP,-0.00996468,-0.00595428,0.00197951,0.02719735
AIT-2023-10-001,ROST,-0.00415064,0.00288007,0.00183884,0.07532433
AIT-2023-10-001,SBUX,0.01164794,0.01033112,0.01220293,0.09084310
AIT-2023-10-001,SHOP,0.01241237,0.02063405,-0.03180059,0.15090193
AIT-2023-10-001,SNPS,-0.01521021,-0.02545855,-0.01420887,0.00823237
AIT-2023-10-001,STX,-0.00752517,0.02547594,0.06586831,0.03933841
AIT-2023-10-001,TER,0.00251663,-0.00170826,-0.04002507,-0.08994257
AIT-2023-10-001,TMUS,0.00446132,0.02630494,0.03002671,0.05545214
AIT-2023-10-001,TRI,0.01311872,0.00660779,-0.01741402,0.08394171
AIT-2023-10-001,TSLA,-0.01058877,-0.01004021,0.00848022,-0.12185844
AIT-2023-10-001,TSM,-0.00243039,-0.00629966,-0.03106360,-0.00250878
AIT-2023-10-001,TTWO,0.02882555,0.02229685,-0.00090437,0.01137296
AIT-2023-10-001,TXN,-0.01167039,-0.01618231,-0.00061925,-0.01732040
AIT-2023-10-001,UMC,0.00040451,-0.00642613,-0.01771279,-0.02866220
AIT-2023-10-001,VRTX,0.01424019,0.01392036,-0.00979891,-0.08384226
AIT-2023-10-001,WBD,-0.00035634,-0.01876154,-0.01960640,-0.02736762
AIT-2023-10-001,WDAY,0.00039848,0.00310239,0.01275900,-0.00184410
AIT-2023-10-001,WDC,-0.01377010,0.00265288,-0.05414510,-0.01143545
AIT-2023-10-001,WMT,0.00636166,0.01670893,0.01494571,-0.06364766
AIT-2023-10-001,XEL,-0.00814401,0.00736803,0.01227446,0.02676257
AIT-2023-12-002,AAPL,0.00313868,-0.01467982,-0.01502715,-0.09855945
AIT-2023-12-002,ABNB,0.02197595,0.03241485,0.03092694,-0.02032217
AIT-2023-12-002,ADBE,-0.00095434,0.01516543,-0.09352343,-0.14479813
AIT-2023-12-002,ADI,0.01090299,0.03539133,0.06383639,0.00895101
AIT-2023-12-002,ADP,-0.01729421,-0.00289992,-0.00953133,-0.00944496
AIT-2023-12-002,ADSK,0.00366560,0.00782109,0.04110694,0.01809050
AIT-2023-12-002,AEP,-0.01284684,-0.00307871,0.02495190,0.05028199
AIT-2023-12-002,ALNY,-0.03616544,-0.03297326,0.03942326,0.11809327
AIT-2023-12-002,AMAT,0.00251064,0.04644966,0.05572275,-0.03199717
AIT-2023-12-002,AMD,0.07938349,0.11367932,0.09830509,0.12127594
AIT-2023-12-002,AMGN,-0.00759114,0.00127376,0.00506340,0.11327167
AIT-2023-12-002,AMZN,0.00034070,-0.01693926,-0.04104571,-0.06323719
AIT-2023-12-002,APP,-0.00858682,-0.03635541,-0.03333291,-0.09953718
AIT-2023-12-002,ASML,-0.01082308,0.00356815,0.03229535,-0.01750245
AIT-2023-12-002,ASX,0.00366518,0.01719268,0.00447246,-0.04941140
AIT-2023-12-002,AVGO,0.02258614,0.10469314,0.13977543,0.07235541
AIT-2023-12-002,AXON,0.00569254,0.01181937,0.05011509,0.02692296
AIT-2023-12-002,BKNG,0.02502312,0.04199213,0.04425842,0.03025533
AIT-2023-12-002,BKR,0.00054670,0.00513571,0.01620057,-0.02763828
AIT-2023-12-002,CCEP,-0.01048077,-0.01320641,-0.00158030,0.00442953
AIT-2023-12-002,CDNS,-0.00889648,0.01894239,-0.00675559,-0.06364664
AIT-2023-12-002,CEG,-0.02571250,0.01384862,-0.01355464,-0.03156153
AIT-2023-12-002,CMCSA,-0.00201619,0.00739368,0.03185507,0.00769449
AIT-2023-12-002,COST,-0.00288131,0.01566800,0.01213242,0.07289177
AIT-2023-12-002,CPRT,-0.02201803,0.00659250,-0.01731194,-0.08668109
AIT-2023-12-002,CRDO,0.00271303,-0.00503134,-0.01043519,-0.07767043
AIT-2023-12-002,CRWD,-0.01079651,-0.00118484,-0.01981898,-0.03535521
AIT-2023-12-002,CSCO,0.00616349,0.02461174,0.01073099,0.04016849
AIT-2023-12-002,CSX,-0.02593797,-0.02156987,-0.01915232,0.00181515
AIT-2023-12-002,CTAS,-0.00805879,-0.00099083,-0.01585240,0.00456502
AIT-2023-12-002,DASH,0.00772590,0.01421916,-0.02665091,-0.09601897
AIT-2023-12-002,DDOG,-0.02646955,-0.02631185,-0.01487967,-0.06000898
AIT-2023-12-002,DXCM,-0.01708287,-0.01189174,0.01513371,0.07045224
AIT-2023-12-002,EA,-0.01049506,-0.00380493,-0.00604221,-0.05376868
AIT-2023-12-002,ENTG,-0.00409875,0.01704733,0.05776352,-0.01616198
AIT-2023-12-002,EXC,-0.00986352,-0.00331327,-0.05040045,-0.07551274
AIT-2023-12-002,FANG,0.00438536,0.00603117,0.01293528,0.01084230
AIT-2023-12-002,FAST,-0.00729376,0.00638114,0.00258738,-0.03750673
AIT-2023-12-002,FER,-0.00119968,-0.00192913,0.07410269,0.15530449
AIT-2023-12-002,FTNT,-0.00559218,0.01926871,0.05902725,0.13976100
AIT-2023-12-002,GEHC,-0.00410621,0.03052085,0.07595271,0.09297150
AIT-2023-12-002,GILD,-0.01006398,0.00179238,0.02090132,0.05381566
AIT-2023-12-002,GOOG,0.02222924,0.00168320,-0.04142052,-0.01877961
AIT-2023-12-002,GOOGL,0.02123192,0.00242187,-0.03905044,-0.01818390
AIT-2023-12-002,HON,-0.02536249,0.00154272,-0.00064835,-0.00263772
AIT-2023-12-002,IDXX,0.00235899,0.00639201,0.00965904,-0.00632250
AIT-2023-12-002,INTC,0.01450905,0.05042117,0.03025176,0.06126982
AIT-2023-12-002,INTU,-0.00607913,0.00943466,-0.00038280,-0.03276320
AIT-2023-12-002,ISRG,-0.01549840,-0.00484564,0.00064848,-0.01250903
AIT-2023-12-002,KDP,-0.00396110,0.01599255,-0.00339950,-0.00200475
AIT-2023-12-002,KHC,-0.00113415,0.01369112,0.01575472,0.05993272
AIT-2023-12-002,KLAC,-0.01075377,0.02804452,0.02984602,-0.03537880
AIT-2023-12-002,LIN,-0.00800122,0.00565723,-0.00711050,-0.03099494
AIT-2023-12-002,LITE,0.04927243,0.06827704,0.14296666,0.18630906
AIT-2023-12-002,LRCX,-0.00822492,0.03082094,0.04068328,-0.00312473
AIT-2023-12-002,MAR,0.01068708,0.04048249,0.03611901,0.05704617
AIT-2023-12-002,MCHP,0.01206092,0.03953929,0.05305053,-0.03205932
AIT-2023-12-002,MDLZ,-0.00831064,-0.00089105,-0.02489145,0.01669434
AIT-2023-12-002,MELI,-0.01480529,0.00149882,-0.04195197,-0.08614068
AIT-2023-12-002,META,0.02268328,-0.00884074,-0.02798187,-0.00939066
AIT-2023-12-002,MNST,-0.01602410,0.00594003,-0.00476919,0.03322394
AIT-2023-12-002,MPWR,0.01518344,0.03668095,0.06892120,-0.01611355
AIT-2023-12-002,MRVL,0.01992957,0.04087068,0.07681284,0.13396080
AIT-2023-12-002,MSFT,-0.00139580,-0.01495592,-0.05740990,-0.06544859
AIT-2023-12-002,MSTR,0.02399716,-0.05918489,-0.06293319,-0.07449463
AIT-2023-12-002,MTSI,0.00742857,0.01648756,0.03227906,-0.06826759
AIT-2023-12-002,MU,0.00871254,0.04084538,0.06788293,0.08119653
AIT-2023-12-002,NFLX,-0.00172587,0.00573251,-0.00280524,0.00219483
AIT-2023-12-002,NVDA,0.01292002,-0.01684701,-0.03337871,-0.02628020
AIT-2023-12-002,NXPI,0.02873697,0.04633514,0.07393525,-0.02518340
AIT-2023-12-002,ODFL,-0.02402191,-0.00336306,-0.02061913,-0.00512710
AIT-2023-12-002,ON,0.01992398,0.05778243,0.11157453,0.01966961
AIT-2023-12-002,ORLY,-0.04704446,-0.02863585,-0.05524323,-0.08958405
AIT-2023-12-002,PANW,0.02061813,0.01899709,-0.00925592,-0.08371328
AIT-2023-12-002,PAYX,-0.01454151,-0.00863329,-0.01619427,-0.07881826
AIT-2023-12-002,PCAR,-0.00581688,0.01656645,0.00510513,-0.01223979
AIT-2023-12-002,PDD,-0.04306247,-0.02123188,-0.03589581,-0.05533718
AIT-2023-12-002,PEP,-0.01451177,-0.00262776,-0.00632068,0.00160505
AIT-2023-12-002,PLTR,-0.00266867,-0.01687720,-0.06182316,-0.22581066
AIT-2023-12-002,PYPL,-0.02425974,-0.02652210,-0.00611334,0.01200484
AIT-2023-12-002,QCOM,0.00732478,0.02590358,0.03615191,0.01464168
AIT-2023-12-002,REGN,-0.00069640,0.00711498,0.02839010,0.05306178
AIT-2023-12-002,RKLB,0.05260500,0.01661418,0.08261657,0.19295369
AIT-2023-12-002,ROP,-0.00800960,-0.00486624,-0.02532411,-0.05925131
AIT-2023-12-002,ROST,-0.01391383,0.00666800,-0.01844115,-0.01981885
AIT-2023-12-002,SBUX,-0.01458608,-0.00213061,-0.02409961,-0.06166418
AIT-2023-12-002,SHOP,-0.01188537,-0.01858050,-0.00971566,-0.04937930
AIT-2023-12-002,SNPS,-0.00191660,0.02920444,-0.00977922,-0.13963826
AIT-2023-12-002,STX,0.02146805,0.03423700,0.04957902,-0.00544886
AIT-2023-12-002,TER,-0.00341965,0.04024148,0.10037326,0.11476810
AIT-2023-12-002,TMUS,0.00137314,0.01567901,-0.00477498,0.03571421
AIT-2023-12-002,TRI,-0.00684329,-0.00978585,-0.03062709,-0.00139096
AIT-2023-12-002,TSLA,-0.00812543,-0.03352166,-0.03470794,-0.09142318
AIT-2023-12-002,TSM,0.00973727,0.01064012,0.01164334,-0.01000216
AIT-2023-12-002,TTWO,-0.02817849,-0.05142652,-0.00616042,-0.06656897
AIT-2023-12-002,TXN,-0.00575027,0.00945484,0.04177997,0.04736583
AIT-2023-12-002,UMC,-0.00322292,0.00529437,0.01061191,0.01852478
AIT-2023-12-002,VRTX,-0.01784389,-0.00332833,0.12191160,0.13605970
AIT-2023-12-002,WBD,0.03503200,0.02723423,0.08870987,0.02225355
AIT-2023-12-002,WDAY,0.00609364,0.01034129,-0.03838358,-0.05122070
AIT-2023-12-002,WDC,0.00647466,0.03018246,0.04033094,0.01003986
AIT-2023-12-002,WMT,-0.02108974,-0.01995551,-0.02071645,0.01273628
AIT-2023-12-002,XEL,-0.02091458,-0.01137094,-0.00143843,0.03034656
AIT-2023-12-001,AAPL,-0.01975905,-0.02767527,-0.03113231,-0.04509872
AIT-2023-12-001,ABNB,-0.01969189,-0.04086197,-0.05651302,-0.03534495
AIT-2023-12-001,ADBE,-0.01898463,-0.02892976,-0.03598764,-0.09579925
AIT-2023-12-001,ADI,0.01304117,0.01767894,0.01953048,0.02313755
AIT-2023-12-001,ADP,-0.01504463,-0.01173391,-0.00818669,0.01004715
AIT-2023-12-001,ADSK,0.01028668,0.01437519,0.01065154,0.03052969
AIT-2023-12-001,AEP,-0.00315761,-0.00005247,0.00851340,-0.02776612
AIT-2023-12-001,ALNY,0.05868853,0.05720029,0.06335543,0.05823976
AIT-2023-12-001,AMAT,0.01527781,0.02260785,0.00928651,0.00987141
AIT-2023-12-001,AMD,0.00818713,0.02696469,0.05276494,0.14444623
AIT-2023-12-001,AMGN,0.02525013,0.02156120,0.03462834,0.08983186
AIT-2023-12-001,AMZN,-0.01069959,-0.01825457,-0.03144447,-0.05507914
AIT-2023-12-001,APP,-0.07274462,-0.10423417,-0.13065452,-0.11388642
AIT-2023-12-001,ASML,0.01513841,0.02266887,0.01695899,0.02252793
AIT-2023-12-001,ASX,0.01510619,0.03415192,0.03610825,0.01360492
AIT-2023-12-001,AVGO,-0.00875043,-0.00730237,-0.02358070,0.02704927
AIT-2023-12-001,AXON,0.01400592,0.00659856,0.00867394,-0.01943623
AIT-2023-12-001,BKNG,0.00566675,0.00940655,0.00390041,-0.03760595
AIT-2023-12-001,BKR,-0.00731791,0.00845816,-0.00716389,-0.09962727
AIT-2023-12-001,CCEP,0.01602046,0.01695093,0.02464448,0.02125249
AIT-2023-12-001,CDNS,0.00190099,-0.00751519,-0.01802184,0.03018141
AIT-2023-12-001,CEG,-0.02600776,-0.01143838,-0.02202696,-0.04674200
AIT-2023-12-001,CMCSA,-0.01581176,-0.02158564,-0.02311789,-0.03481259
AIT-2023-12-001,COST,0.00666801,0.00753851,0.00646088,0.02253059
AIT-2023-12-001,CPRT,0.00381725,0.00198163,-0.00016025,-0.02574740
AIT-2023-12-001,CRDO,0.01317625,0.00270864,-0.02072412,0.02223532
AIT-2023-12-001,CRWD,-0.01676346,-0.01727905,-0.03347866,0.05443453
AIT-2023-12-001,CSCO,-0.00186998,-0.00077351,0.00606957,0.03072160
AIT-2023-12-001,CSX,-0.00187451,0.00380307,-0.00350609,-0.01378787
AIT-2023-12-001,CTAS,0.06261319,0.07017373,0.06962657,0.04468014
AIT-2023-12-001,DASH,-0.00572705,-0.02173571,-0.03577918,-0.02984197
AIT-2023-12-001,DDOG,-0.00709845,-0.00712929,-0.02885592,-0.02369562
AIT-2023-12-001,DXCM,0.03886653,0.04694571,0.05212211,0.06427677
AIT-2023-12-001,EA,-0.00252181,-0.00925755,-0.01373782,-0.02075594
AIT-2023-12-001,ENTG,0.01639037,0.02055403,0.00774020,0.00014065
AIT-2023-12-001,EXC,0.00872634,0.01499159,0.02729963,-0.00615862
AIT-2023-12-001,FANG,-0.00570079,0.00758069,-0.01655710,-0.05489170
AIT-2023-12-001,FAST,0.00173513,-0.00000784,-0.01098148,0.04287113
AIT-2023-12-001,FER,-0.00075220,-0.00137996,-0.00547286,0.05304455
AIT-2023-12-001,FTNT,0.02027884,0.02546839,0.00893419,0.10376583
AIT-2023-12-001,GEHC,0.01883621,0.02292314,0.01683725,-0.03251611
AIT-2023-12-001,GILD,0.00702393,0.00835565,0.02315170,0.00368770
AIT-2023-12-001,GOOG,0.00502073,-0.00069347,-0.01582133,-0.00146014
AIT-2023-12-001,GOOGL,0.00617769,0.00009353,-0.01470844,-0.00183011
AIT-2023-12-001,HON,0.00431855,0.01275596,0.02286599,-0.01985546
AIT-2023-12-001,IDXX,0.01003746,0.00776499,0.00886435,-0.05414398
AIT-2023-12-001,INTC,0.02978699,0.07452167,0.06469129,-0.01477864
AIT-2023-12-001,INTU,-0.00567463,-0.01169147,-0.01263720,-0.03517474
AIT-2023-12-001,ISRG,0.01764404,0.01514149,0.01372109,0.08082548
AIT-2023-12-001,KDP,0.01528898,0.02148807,0.03110774,-0.00829869
AIT-2023-12-001,KHC,0.01426561,0.01721255,0.03167103,0.03688925
AIT-2023-12-001,KLAC,0.01284717,0.01972688,0.00126666,0.02079626
AIT-2023-12-001,LIN,0.00113093,-0.00442341,-0.00246893,-0.02824263
AIT-2023-12-001,LITE,0.04251302,0.04702945,0.03394311,0.06834322
AIT-2023-12-001,LRCX,0.01332713,0.02593288,0.00801546,0.02327066
AIT-2023-12-001,MAR,0.01594319,0.01548960,0.02459363,0.05315945
AIT-2023-12-001,MCHP,0.00185713,0.00836909,-0.00070166,0.00162276
AIT-2023-12-001,MDLZ,0.02158568,0.02657955,0.04215353,0.05764854
AIT-2023-12-001,MELI,-0.02541820,-0.04074405,-0.04359923,0.03394176
AIT-2023-12-001,META,-0.01110744,-0.01593927,-0.02266075,0.00228482
AIT-2023-12-001,MNST,0.02177002,0.03268628,0.04836246,0.00140493
AIT-2023-12-001,MPWR,-0.01142706,0.01188071,0.00631497,-0.00561714
AIT-2023-12-001,MRVL,0.01990211,0.02489938,0.01349117,0.13324892
AIT-2023-12-001,MSFT,-0.00448526,-0.01018554,-0.00966829,0.00833936
AIT-2023-12-001,MSTR,0.04688860,0.00924982,0.05038891,-0.37338436
AIT-2023-12-001,MTSI,0.01197108,0.01768728,-0.00866472,-0.05002922
AIT-2023-12-001,MU,0.08260670,0.08330368,0.06335539,0.05557109
AIT-2023-12-001,NFLX,-0.02252759,-0.02019069,-0.03207046,-0.06532070
AIT-2023-12-001,NVDA,-0.01193393,-0.01333359,-0.01495332,0.10198869
AIT-2023-12-001,NXPI,0.01004380,0.01687952,0.00846866,-0.04210202
AIT-2023-12-001,ODFL,0.01303664,0.01525328,-0.00940290,-0.05821787
AIT-2023-12-001,ON,0.01788992,0.02933222,0.01108567,-0.08744016
AIT-2023-12-001,ORLY,-0.00480057,-0.01792021,-0.01058466,0.04927497
AIT-2023-12-001,PANW,-0.02720242,-0.02550676,-0.04956682,0.05742814
AIT-2023-12-001,PAYX,-0.07336295,-0.07484795,-0.08280500,-0.07089572
AIT-2023-12-001,PCAR,0.00413882,0.00208818,0.00043215,0.00823258
AIT-2023-12-001,PDD,-0.03508733,-0.03843905,-0.03501879,-0.12934049
AIT-2023-12-001,PEP,0.00823848,0.01397787,0.02090112,0.00518727
AIT-2023-12-001,PLTR,-0.02856558,-0.02784633,-0.06398839,-0.15245989
AIT-2023-12-001,PYPL,-0.01275141,-0.00575633,-0.01551257,0.04647700
AIT-2023-12-001,QCOM,0.00569809,0.01369005,0.01028705,0.04955954
AIT-2023-12-001,REGN,0.00015068,0.00136910,0.03543133,0.10957926
AIT-2023-12-001,RKLB,0.21062544,0.23956798,0.22510543,0.11888803
AIT-2023-12-001,ROP,0.00463161,0.00202669,0.00350820,-0.00619363
AIT-2023-12-001,ROST,0.00197680,0.00194031,0.01173178,-0.00811949
AIT-2023-12-001,SBUX,-0.00301478,-0.00197524,0.00530376,-0.04110838
AIT-2023-12-001,SHOP,-0.01154286,-0.00513264,-0.01264539,-0.04054577
AIT-2023-12-001,SNPS,-0.06553060,-0.08014068,-0.09305014,-0.06829751
AIT-2023-12-001,STX,0.02621492,0.02913860,0.02250466,0.03736823
AIT-2023-12-001,TER,0.02394173,0.04424926,0.03320590,0.05188975
AIT-2023-12-001,TMUS,0.00255806,0.00787050,0.02982545,0.04036613
AIT-2023-12-001,TRI,0.00498093,0.00429978,0.02264860,0.02981347
AIT-2023-12-001,TSLA,-0.00417717,0.00231648,-0.02710570,-0.24178505
AIT-2023-12-001,TSM,0.01620879,0.02348354,0.02109758,0.09740449
AIT-2023-12-001,TTWO,0.01034011,0.00263181,-0.00346491,-0.01374182
AIT-2023-12-001,TXN,0.00674967,0.01803682,0.02035817,0.03739731
AIT-2023-12-001,UMC,0.00636446,0.03199815,0.06676075,0.01405343
AIT-2023-12-001,VRTX,0.00407537,0.00675801,0.00333784,0.05898160
AIT-2023-12-001,WBD,-0.04909977,-0.03369401,-0.03511461,-0.10765553
AIT-2023-12-001,WDAY,-0.00798651,-0.00937660,-0.00417794,0.00826027
AIT-2023-12-001,WDC,0.04954585,0.04548006,0.03776167,0.10535560
AIT-2023-12-001,WMT,0.01450649,0.01119946,0.01814616,0.03801799
AIT-2023-12-001,XEL,0.00828215,0.01001706,0.01452918,-0.03141419
AIT-2024-02-003,AAPL,0.00025664,0.00387088,-0.02110049,-0.07421922
AIT-2024-02-003,ABNB,-0.04239108,-0.03635864,-0.06542340,-0.00786263
AIT-2024-02-003,ADBE,-0.06681355,-0.07591422,-0.07046767,-0.19226828
AIT-2024-02-003,ADI,0.02616026,0.04836065,0.00069391,0.00526122
AIT-2024-02-003,ADP,0.01083276,0.01392988,-0.00061077,-0.05581776
AIT-2024-02-003,ADSK,-0.00820236,-0.02052354,-0.02818789,-0.06244324
AIT-2024-02-003,AEP,0.00177965,0.02317406,-0.00447845,0.02149990
AIT-2024-02-003,ALNY,0.02766971,0.06189393,0.07642003,0.00832687
AIT-2024-02-003,AMAT,0.02753479,0.03325362,0.06986112,0.01920086
AIT-2024-02-003,AMD,-0.04422592,-0.05651248,-0.02608753,-0.00195098
AIT-2024-02-003,AMGN,-0.01522514,-0.01706742,-0.02066088,-0.10200601
AIT-2024-02-003,AMZN,-0.00290958,0.00387548,0.01198720,-0.02647213
AIT-2024-02-003,APP,-0.00920651,-0.04792395,-0.02553794,0.04062428
AIT-2024-02-003,ASML,-0.00545937,-0.00888437,0.00452901,-0.03101546
AIT-2024-02-003,ASX,0.00234940,0.00645236,0.00681217,0.08928455
AIT-2024-02-003,AVGO,-0.01555164,-0.01853921,0.00915280,-0.10131140
AIT-2024-02-003,AXON,-0.00892693,-0.02493979,-0.01354490,0.10210561
AIT-2024-02-003,BKNG,-0.00226581,0.00704746,-0.07523626,-0.11322367
AIT-2024-02-003,BKR,0.00266829,0.01254573,0.01962601,0.09904421
AIT-2024-02-003,CCEP,0.02161337,0.02555959,0.06057367,0.04547512
AIT-2024-02-003,CDNS,0.00211088,-0.00426222,0.01295534,-0.02659616
AIT-2024-02-003,CEG,0.00717567,0.00153493,-0.00470364,0.21245394
AIT-2024-02-003,CMCSA,0.00553736,0.00925276,0.00209170,0.00945337
AIT-2024-02-003,COST,0.00667499,0.00106596,0.01501199,-0.03081957
AIT-2024-02-003,CPRT,-0.01189945,-0.00543818,0.04519206,0.09048439
AIT-2024-02-003,CRDO,-0.03037176,-0.00982749,-0.04583364,-0.24446541
AIT-2024-02-003,CRWD,-0.01285585,-0.11475728,-0.05900808,-0.13085349
AIT-2024-02-003,CSCO,-0.00731456,-0.00371131,-0.01875844,-0.01106561
AIT-2024-02-003,CSX,0.00318883,0.00875062,0.02410459,-0.01198179
AIT-2024-02-003,CTAS,-0.00201725,0.00290045,0.00853455,-0.03296125
AIT-2024-02-003,DASH,-0.07070638,-0.08068479,-0.07008213,-0.04263394
AIT-2024-02-003,DDOG,-0.01832714,-0.03647148,-0.04581422,-0.17543679
AIT-2024-02-003,DXCM,0.01282956,-0.00007496,-0.01750254,0.12994726
AIT-2024-02-003,EA,-0.01218648,-0.01178864,-0.01529861,-0.09706082
AIT-2024-02-003,ENTG,0.01814425,0.00662086,-0.04541450,-0.07130274
AIT-2024-02-003,EXC,0.00463807,0.04804096,0.02609321,0.07419914
AIT-2024-02-003,FANG,0.00339462,0.01216485,-0.01363900,0.06165424
AIT-2024-02-003,FAST,0.00457662,0.00666900,0.02947071,0.04233543
AIT-2024-02-003,FER,-0.00579201,-0.00752085,-0.00985895,0.03518962
AIT-2024-02-003,FTNT,-0.01912623,-0.05752115,-0.03206426,-0.05390078
AIT-2024-02-003,GEHC,0.02250459,0.00655086,0.05691592,0.06060905
AIT-2024-02-003,GILD,-0.01095040,0.00513881,-0.00681461,0.00614135
AIT-2024-02-003,GOOG,0.00173952,0.01164907,-0.04893079,-0.00731014
AIT-2024-02-003,GOOGL,0.00209772,0.01062892,-0.04915336,-0.00406271
AIT-2024-02-003,HON,0.01506041,0.01778676,0.00259364,-0.00976953
AIT-2024-02-003,IDXX,-0.01348529,-0.00748952,-0.00418118,-0.08808242
AIT-2024-02-003,INTC,0.02445356,-0.00128351,-0.04050397,-0.07755870
AIT-2024-02-003,INTU,-0.01359294,-0.02748686,-0.01635098,-0.10165809
AIT-2024-02-003,ISRG,0.00723504,0.01269214,0.00930689,-0.00227081
AIT-2024-02-003,KDP,0.00940772,0.02128014,-0.05223666,-0.05198969
AIT-2024-02-003,KHC,0.02268664,0.04435160,0.02790566,0.01006120
AIT-2024-02-003,KLAC,0.01606622,0.01370897,0.02855008,-0.00320280
AIT-2024-02-003,LIN,0.02384969,0.03126509,0.03199678,0.07063685
AIT-2024-02-003,LITE,0.02563320,-0.00230251,-0.00625829,-0.08196061
AIT-2024-02-003,LRCX,0.00155339,0.00048761,0.00772813,-0.04744855
AIT-2024-02-003,MAR,0.01676997,0.01860379,0.02385501,-0.01121727
AIT-2024-02-003,MCHP,0.01881483,0.03075178,-0.00150099,0.04060136
AIT-2024-02-003,MDLZ,0.02706258,0.03533334,0.02190240,-0.00735948
AIT-2024-02-003,MELI,-0.00152139,-0.00470588,-0.10451453,-0.20100423
AIT-2024-02-003,META,-0.01283604,-0.02241838,-0.02313996,-0.03470204
AIT-2024-02-003,MNST,-0.00370413,-0.00842373,-0.01010312,0.07614898
AIT-2024-02-003,MPWR,-0.00551091,-0.00521443,-0.02945654,-0.13332109
AIT-2024-02-003,MRVL,-0.01093634,-0.00705409,-0.00755046,-0.07232749
AIT-2024-02-003,MSFT,0.00182284,-0.00120859,-0.00948277,-0.01069410
AIT-2024-02-003,MSTR,-0.00543558,-0.05417739,0.09627133,0.78929008
AIT-2024-02-003,MTSI,-0.01220579,-0.00274497,-0.00032784,0.00205773
AIT-2024-02-003,MU,0.00237846,0.01024834,0.07983492,0.10056392
AIT-2024-02-003,NFLX,-0.02245197,-0.02869428,-0.03136858,-0.02979093
AIT-2024-02-003,NVDA,-0.02698326,-0.06016791,0.06449352,0.10725405
AIT-2024-02-003,NXPI,0.00467279,0.02017100,0.02477715,-0.03243988
AIT-2024-02-003,ODFL,-0.01674332,-0.00607404,0.02059542,-0.06192004
AIT-2024-02-003,ON,-0.01795801,-0.01645744,-0.04508443,-0.09959030
AIT-2024-02-003,ORLY,-0.00780663,-0.00447602,0.00852302,0.04517178
AIT-2024-02-003,PANW,0.00819822,-0.27981536,-0.16308995,-0.27772234
AIT-2024-02-003,PAYX,0.02179628,0.01251387,-0.00179811,-0.03874010
AIT-2024-02-003,PCAR,0.00264131,0.01246593,0.02416825,0.06298817
AIT-2024-02-003,PDD,-0.01909271,-0.03471882,-0.09388677,-0.13285673
AIT-2024-02-003,PEP,0.01122878,0.01277647,0.00427591,0.03642749
AIT-2024-02-003,PLTR,-0.05169640,-0.08474809,-0.10975772,-0.16560656
AIT-2024-02-003,PYPL,0.00629156,-0.01257353,-0.00625135,0.08010989
AIT-2024-02-003,QCOM,-0.01034697,-0.01163153,-0.00660978,0.03436896
AIT-2024-02-003,REGN,-0.00435985,0.00097880,0.02876956,-0.01677354
AIT-2024-02-003,RKLB,0.01274345,-0.02861510,-0.08337081,-0.25047702
AIT-2024-02-003,ROP,0.00069535,0.00875339,-0.00780676,-0.02761435
AIT-2024-02-003,ROST,0.00882859,0.00978981,0.01159399,-0.03682314
AIT-2024-02-003,SBUX,0.01676631,0.03431745,0.01399056,-0.01084353
AIT-2024-02-003,SHOP,-0.04082805,-0.08270925,-0.10448164,-0.16149331
AIT-2024-02-003,SNPS,-0.00529277,-0.01546241,0.01753374,-0.04209922
AIT-2024-02-003,STX,-0.00636131,-0.03030365,-0.01084160,-0.08446525
AIT-2024-02-003,TER,-0.00016849,-0.00664920,-0.01181094,-0.01702763
AIT-2024-02-003,TMUS,0.00686832,0.01851210,0.00921355,-0.01521207
AIT-2024-02-003,TRI,0.00124136,-0.00411716,-0.00288613,-0.03139591
AIT-2024-02-003,TSLA,-0.00997660,-0.00597901,-0.01653391,-0.17108415
AIT-2024-02-003,TSM,-0.01347284,-0.01524673,-0.00222619,0.02089469
AIT-2024-02-003,TTWO,-0.02160525,-0.02872039,-0.05982258,-0.12180285
AIT-2024-02-003,TXN,0.02950091,0.03763581,0.01798551,0.04290208
AIT-2024-02-003,UMC,0.01248513,0.00568411,-0.02874793,0.02683707
AIT-2024-02-003,VRTX,-0.00763415,-0.01144346,0.00667134,-0.06787406
AIT-2024-02-003,WBD,-0.00093099,-0.03230269,-0.16305469,-0.15680381
AIT-2024-02-003,WDAY,0.00028512,-0.01230671,-0.01165533,-0.17043560
AIT-2024-02-003,WDC,-0.02212184,-0.03877110,-0.00090878,-0.00685618
AIT-2024-02-003,WMT,0.04205705,0.02917855,0.05087855,0.06547647
AIT-2024-02-003,XEL,0.00940050,0.02047438,-0.01361633,-0.09537629
AIT-2024-02-001,AAPL,-0.01321144,-0.00670576,-0.03469983,-0.08937367
AIT-2024-02-001,ABNB,-0.03247262,-0.01643294,0.01451823,0.04106123
AIT-2024-02-001,ADBE,0.04447527,0.02569003,0.03494928,-0.13898866
AIT-2024-02-001,ADI,-0.00864160,-0.00979933,0.01447057,-0.00302834
AIT-2024-02-001,ADP,-0.00307150,-0.01342329,-0.02867650,-0.04781710
AIT-2024-02-001,ADSK,0.00589944,0.00169560,0.01513571,-0.01675724
AIT-2024-02-001,AEP,-0.01080272,0.03030926,0.03899532,0.02326833
AIT-2024-02-001,ALNY,-0.01891799,-0.01676049,-0.06280783,-0.09500096
AIT-2024-02-001,AMAT,0.02366074,0.01664598,0.03265524,-0.00546726
AIT-2024-02-001,AMD,-0.02850062,-0.02271400,0.08214744,-0.09776302
AIT-2024-02-001,AMGN,0.00372183,-0.02608032,-0.02960593,-0.07338489
AIT-2024-02-001,AMZN,0.00348878,-0.00719382,-0.00138919,-0.04164134
AIT-2024-02-001,APP,0.01770379,0.03815219,0.03430986,0.07987822
AIT-2024-02-001,ASML,0.00033839,-0.00952781,0.02267707,-0.01919130
AIT-2024-02-001,ASX,-0.00353985,-0.03300621,-0.01978123,0.08043703
AIT-2024-02-001,AVGO,0.00476845,-0.01037935,0.04198106,-0.04426184
AIT-2024-02-001,AXON,0.00335727,0.00228500,0.14414785,0.13115959
AIT-2024-02-001,BKNG,-0.10110514,-0.11000760,-0.11882026,-0.11130760
AIT-2024-02-001,BKR,0.02389214,0.01881519,0.02012683,0.12066516
AIT-2024-02-001,CCEP,0.04687554,0.03314459,0.00846977,0.02930658
AIT-2024-02-001,CDNS,-0.00259415,-0.01780071,0.01429458,0.00640868
AIT-2024-02-001,CEG,-0.00224528,0.16340528,0.23919496,0.24628805
AIT-2024-02-001,CMCSA,0.00936064,0.00996150,0.01388197,0.00050045
AIT-2024-02-001,COST,0.01438545,0.01083599,0.00468164,-0.04505135
AIT-2024-02-001,CPRT,0.06534765,0.07099433,0.06873444,0.11349533
AIT-2024-02-001,CRDO,-0.04125692,-0.06206945,-0.07849990,-0.18646970
AIT-2024-02-001,CRWD,0.03071882,0.02479604,-0.02514304,-0.05897603
AIT-2024-02-001,CSCO,-0.00080260,-0.00388088,-0.01026460,0.00645353
AIT-2024-02-001,CSX,0.00958290,0.00227872,0.00344596,-0.03618290
AIT-2024-02-001,CTAS,0.01252130,0.00101287,-0.01156904,-0.02160579
AIT-2024-02-001,DASH,-0.00971877,0.01740658,0.02263360,0.04500481
AIT-2024-02-001,DDOG,-0.01022720,-0.00264635,-0.03423164,-0.14478529
AIT-2024-02-001,DXCM,-0.00756870,-0.01622895,0.02974183,0.11351600
AIT-2024-02-001,EA,-0.00357799,-0.02498272,-0.02376473,-0.10006380
AIT-2024-02-001,ENTG,-0.01484229,-0.02377888,0.00125562,-0.02626392
AIT-2024-02-001,EXC,-0.00630047,0.01054100,-0.00043990,0.04658404
AIT-2024-02-001,FANG,0.00205072,0.00519129,0.03761174,0.08495477
AIT-2024-02-001,FAST,0.01376988,0.01376409,-0.00104667,0.04496039
AIT-2024-02-001,FER,-0.00451070,-0.00610135,0.04334399,0.03518502
AIT-2024-02-001,FTNT,0.02629373,0.04711516,0.04098645,-0.00410873
AIT-2024-02-001,GEHC,0.03838383,0.05817357,0.05072795,0.01035183
AIT-2024-02-001,GILD,0.00477459,0.00515297,-0.00951126,0.00114795
AIT-2024-02-001,GOOG,-0.04180726,-0.03492551,-0.06587950,-0.00016313
AIT-2024-02-001,GOOGL,-0.04191117,-0.03520390,-0.06413171,0.00222870
AIT-2024-02-001,HON,-0.00401373,-0.00975002,-0.00836412,-0.00074240
AIT-2024-02-001,IDXX,0.00278608,0.00968312,-0.00263221,-0.10652865
AIT-2024-02-001,INTC,0.00376066,-0.00535914,0.00243396,-0.05456075
AIT-2024-02-001,INTU,0.01197775,0.01692669,-0.00613179,-0.07693350
AIT-2024-02-001,ISRG,0.00215647,-0.00498287,0.00889600,-0.02425527
AIT-2024-02-001,KDP,-0.02651901,-0.02675949,-0.03707183,-0.01908569
AIT-2024-02-001,KHC,-0.00997886,-0.01443717,-0.03549940,-0.00048304
AIT-2024-02-001,KLAC,0.00417640,-0.00900285,0.02691804,-0.02706315
AIT-2024-02-001,LIN,-0.00292737,-0.00457790,-0.00261918,0.02773756
AIT-2024-02-001,LITE,-0.00615090,-0.03005018,-0.00774866,-0.02540654
AIT-2024-02-001,LRCX,-0.00251809,-0.01515490,0.01658138,-0.02889045
AIT-2024-02-001,MAR,0.00089495,-0.00240741,-0.01182939,-0.02096297
AIT-2024-02-001,MCHP,-0.00394766,-0.00555987,0.02577327,0.02562200
AIT-2024-02-001,MDLZ,-0.00895006,-0.01148017,-0.02573741,-0.02615240
AIT-2024-02-001,MELI,-0.11131102,-0.11625844,-0.13235419,-0.19150878
AIT-2024-02-001,META,-0.00795159,-0.00188022,0.00448371,-0.03864549
AIT-2024-02-001,MNST,0.01556021,0.02198752,0.06343156,0.07447245
AIT-2024-02-001,MPWR,-0.01411265,-0.03949974,-0.01725190,-0.15132010
AIT-2024-02-001,MRVL,-0.01069735,-0.00851463,0.08112299,-0.11772516
AIT-2024-02-001,MSFT,-0.00702745,-0.00965319,-0.00470552,0.00096111
AIT-2024-02-001,MSTR,0.12420944,0.21440855,0.41389747,0.80980863
AIT-2024-02-001,MTSI,0.00633623,-0.01881015,0.03989287,0.06459892
AIT-2024-02-001,MU,0.04423689,0.06798497,0.08782554,0.21379108
AIT-2024-02-001,NFLX,-0.00147628,0.01834299,0.02840907,-0.00722323
AIT-2024-02-001,NVDA,0.00790632,-0.00379038,0.00836927,0.06886436
AIT-2024-02-001,NXPI,0.02335575,0.02813640,0.05551753,-0.02279572
AIT-2024-02-001,ODFL,0.02363564,0.01003233,0.00143548,-0.03260316
AIT-2024-02-001,ON,-0.00092704,-0.01029416,0.02763405,-0.05809125
AIT-2024-02-001,ORLY,0.00782417,0.02531860,0.02294199,0.08461711
AIT-2024-02-001,PANW,0.12655202,0.16136971,0.09919627,-0.01013011
AIT-2024-02-001,PAYX,-0.00859592,-0.01384326,-0.02818699,-0.05441829
AIT-2024-02-001,PCAR,0.01607293,0.00483336,0.00654148,0.05942065
AIT-2024-02-001,PDD,-0.04028076,-0.03079147,-0.06584495,-0.15224753
AIT-2024-02-001,PEP,0.00354920,0.00308325,-0.01323554,0.03787739
AIT-2024-02-001,PLTR,0.00250622,0.03452561,0.00414560,-0.12900850
AIT-2024-02-001,PYPL,0.02701195,0.03997881,0.03201792,0.10228269
AIT-2024-02-001,QCOM,0.01822569,0.02342080,0.04184779,0.05596807
AIT-2024-02-001,REGN,0.02487817,0.02744693,0.00998379,-0.02542881
AIT-2024-02-001,RKLB,0.03818178,0.06587005,0.00771632,-0.12940917
AIT-2024-02-001,ROP,-0.01111349,-0.01421649,-0.02240749,-0.02430846
AIT-2024-02-001,ROST,0.00765750,0.01717886,0.00404299,-0.05191666
AIT-2024-02-001,SBUX,-0.01003833,-0.01202190,-0.02896290,-0.05288161
AIT-2024-02-001,SHOP,0.04291071,0.02658632,-0.00328642,-0.01523779
AIT-2024-02-001,SNPS,-0.00630628,-0.01248489,-0.00016113,-0.02854691
AIT-2024-02-001,STX,0.00771482,0.02718683,0.07965709,-0.04097582
AIT-2024-02-001,TER,0.00617497,-0.01432541,0.02262819,0.05619816
AIT-2024-02-001,TMUS,0.00278822,0.00605261,-0.00324871,-0.03250150
AIT-2024-02-001,TRI,0.00660902,-0.00481247,-0.00264249,-0.04203570
AIT-2024-02-001,TSLA,0.01987622,0.01880099,0.01223296,-0.17332962
AIT-2024-02-001,TSM,0.01595337,-0.00301131,0.01910119,0.04177607
AIT-2024-02-001,TTWO,-0.01583755,-0.03031378,-0.02869322,-0.04390837
AIT-2024-02-001,TXN,-0.00001203,0.00274915,0.02813566,0.03192943
AIT-2024-02-001,UMC,-0.01135515,-0.01923324,0.00005260,0.03896528
AIT-2024-02-001,VRTX,0.01693506,0.00946271,0.00554096,-0.05206772
AIT-2024-02-001,WBD,-0.09633388,-0.07953941,-0.09557796,-0.11332399
AIT-2024-02-001,WDAY,0.00325799,-0.03986191,-0.06874039,-0.15901832
AIT-2024-02-001,WDC,0.02533949,0.02808965,0.12279546,0.06735593
AIT-2024-02-001,WMT,0.01998202,0.01879413,-0.00061287,0.02650816
AIT-2024-02-001,XEL,-0.01801901,-0.01368526,-0.17116458,-0.09494491
AIT-2024-03-002,AAPL,-0.02774344,-0.03807161,-0.01511779,-0.03224122
AIT-2024-03-002,ABNB,0.04452639,0.02426195,0.03550332,-0.02829088
AIT-2024-03-002,ADBE,-0.03816719,-0.03175656,-0.00026010,-0.17256730
AIT-2024-03-002,ADI,-0.00509327,0.01583384,0.01910049,0.00877739
AIT-2024-03-002,ADP,-0.00709465,-0.00630218,-0.00795908,-0.01501298
AIT-2024-03-002,ADSK,-0.02860365,-0.03250002,-0.00311762,-0.07792231
AIT-2024-03-002,AEP,-0.00786917,-0.01002822,-0.01795039,0.00274473
AIT-2024-03-002,ALNY,0.00671941,0.00189226,-0.01556217,0.04449907
AIT-2024-03-002,AMAT,0.02026394,0.00452574,-0.03995075,-0.05098215
AIT-2024-03-002,AMD,0.03419510,0.01496883,-0.03715134,-0.18332728
AIT-2024-03-002,AMGN,-0.00906665,-0.02857010,-0.01962321,-0.04293565
AIT-2024-03-002,AMZN,-0.01657591,-0.01374616,-0.02954808,-0.01269167
AIT-2024-03-002,APP,0.01490661,0.00122360,-0.04886385,0.06380975
AIT-2024-03-002,ASML,0.01488235,0.04124270,-0.02594609,-0.04535042
AIT-2024-03-002,ASX,0.06166487,0.14408309,0.11185791,0.06799741
AIT-2024-03-002,AVGO,-0.03217087,-0.00948742,-0.10494305,-0.08753022
AIT-2024-03-002,AXON,-0.01043173,-0.02200532,-0.03982398,-0.06295452
AIT-2024-03-002,BKNG,-0.00520087,-0.00037303,-0.00052095,0.01836673
AIT-2024-03-002,BKR,0.04104305,0.04452342,0.06423587,0.13549552
AIT-2024-03-002,CCEP,0.00446692,0.01294736,0.02491236,-0.00955867
AIT-2024-03-002,CDNS,-0.00754123,-0.00598994,-0.03415590,-0.05398086
AIT-2024-03-002,CEG,0.02370526,0.01246426,-0.05940113,0.03155904
AIT-2024-03-002,CMCSA,0.01188109,-0.00509161,0.02787416,-0.00307722
AIT-2024-03-002,COST,0.01954972,0.02684022,-0.04028051,-0.10885870
AIT-2024-03-002,CPRT,0.01662147,0.01491738,0.01053364,0.04341998
AIT-2024-03-002,CRDO,0.01934851,0.02582791,-0.07482698,-0.05236599
AIT-2024-03-002,CRWD,0.05752388,0.03839787,0.02228584,-0.06575179
AIT-2024-03-002,CSCO,0.00529862,-0.00711959,0.01506614,-0.00332292
AIT-2024-03-002,CSX,-0.00411246,-0.01588920,-0.02152981,-0.06528184
AIT-2024-03-002,CTAS,-0.00176195,-0.00766696,-0.01559325,0.05222564
AIT-2024-03-002,DASH,0.00417658,-0.00800560,-0.04055062,-0.01608502
AIT-2024-03-002,DDOG,-0.03748967,-0.07084536,-0.07887009,-0.11373721
AIT-2024-03-002,DXCM,0.09982633,0.08799145,0.10311625,0.13269164
AIT-2024-03-002,EA,-0.01987544,-0.02852509,-0.02684315,-0.05861205
AIT-2024-03-002,ENTG,0.00286298,0.02679228,-0.00373292,-0.03179432
AIT-2024-03-002,EXC,0.01814749,0.01830729,0.02480748,0.04487726
AIT-2024-03-002,FANG,0.01163665,0.01516608,0.01834758,0.08917950
AIT-2024-03-002,FAST,-0.00404170,0.00957711,-0.00428419,-0.00661325
AIT-2024-03-002,FER,-0.06712717,-0.06688490,0.00779265,-0.00105267
AIT-2024-03-002,FTNT,0.00809320,0.02098971,-0.00494805,-0.00062194
AIT-2024-03-002,GEHC,0.00982499,-0.00493803,-0.01702936,-0.05071355
AIT-2024-03-002,GILD,0.00894693,0.01896340,0.03826545,-0.00299987
AIT-2024-03-002,GOOG,-0.00488689,0.00196805,0.02958813,0.13792005
AIT-2024-03-002,GOOGL,-0.00734206,0.00209564,0.02807437,0.13552951
AIT-2024-03-002,HON,0.01190643,0.01498188,-0.00339279,-0.00477164
AIT-2024-03-002,IDXX,-0.01608636,-0.01912903,-0.05203850,-0.09664052
AIT-2024-03-002,INTC,-0.01667707,0.00467860,-0.02198532,-0.15484471
AIT-2024-03-002,INTU,-0.02056620,-0.03787907,-0.02577712,-0.11068179
AIT-2024-03-002,ISRG,-0.02361489,-0.02539787,-0.03740968,-0.05891481
AIT-2024-03-002,KDP,0.00631466,-0.00530490,0.00596805,0.07494337
AIT-2024-03-002,KHC,0.01192644,-0.00308695,0.00120898,0.08837946
AIT-2024-03-002,KLAC,0.00372097,-0.00333910,-0.04666495,-0.07354021
AIT-2024-03-002,LIN,0.02046896,0.01731718,0.02756464,0.00341137
AIT-2024-03-002,LITE,0.00498879,-0.04445374,-0.08975746,-0.06253668
AIT-2024-03-002,LRCX,0.01096787,0.00609513,-0.04506819,-0.04455619
AIT-2024-03-002,MAR,0.00253743,-0.00919537,0.00016451,-0.01779967
AIT-2024-03-002,MCHP,0.02254687,0.06814445,0.05150004,0.01450862
AIT-2024-03-002,MDLZ,0.00551886,-0.00695144,0.00413564,-0.03499710
AIT-2024-03-002,MELI,-0.01460474,-0.02771219,-0.02390219,-0.06473550
AIT-2024-03-002,META,0.00040910,0.01365366,-0.02217397,-0.05199912
AIT-2024-03-002,MNST,0.00278697,0.01460227,0.02232439,-0.03376116
AIT-2024-03-002,MPWR,0.00573419,0.02936501,-0.02236104,-0.17447448
AIT-2024-03-002,MRVL,0.03756774,0.05811099,-0.11481381,-0.11650939
AIT-2024-03-002,MSFT,-0.02551521,-0.02013424,-0.01023605,-0.01058111
AIT-2024-03-002,MSTR,-0.02675441,-0.00319513,0.18982451,0.18352352
AIT-2024-03-002,MTSI,0.00905315,0.03880740,-0.02264426,0.04092726
AIT-2024-03-002,MU,0.00495073,0.02708048,0.00712822,0.28594009
AIT-2024-03-002,NFLX,-0.02712849,-0.02329725,-0.02943139,-0.03637684
AIT-2024-03-002,NVDA,0.04489513,0.06588474,0.04499198,-0.04697675
AIT-2024-03-002,NXPI,-0.00334081,0.01027508,-0.00239420,-0.06573506
AIT-2024-03-002,ODFL,-0.01710762,-0.01326832,-0.02381022,-0.04411819
AIT-2024-03-002,ON,-0.01609996,0.03690115,0.03230075,-0.10868111
AIT-2024-03-002,ORLY,0.00537936,0.00796650,0.01061486,0.04031706
AIT-2024-03-002,PANW,-0.06695972,-0.05597000,-0.07365724,-0.17022782
AIT-2024-03-002,PAYX,-0.00947538,-0.01359214,-0.00405535,-0.02961651
AIT-2024-03-002,PCAR,0.03034551,0.00940849,0.00561733,0.02686024
AIT-2024-03-002,PDD,-0.04298149,-0.05633414,-0.05812928,-0.09285859
AIT-2024-03-002,PEP,-0.00971154,-0.01249080,-0.00215376,0.04252780
AIT-2024-03-002,PLTR,0.10145696,0.07638141,-0.01204197,-0.15590441
AIT-2024-03-002,PYPL,-0.01852847,-0.02773372,-0.00294160,0.09834267
AIT-2024-03-002,QCOM,0.01455082,0.04659623,0.02425449,0.00727755
AIT-2024-03-002,REGN,0.00133967,-0.00253865,-0.00960840,-0.04646732
AIT-2024-03-002,RKLB,-0.01562144,-0.00698017,-0.03287880,-0.14654375
AIT-2024-03-002,ROP,-0.00865516,-0.00567230,0.00719681,-0.01902123
AIT-2024-03-002,ROST,-0.00934943,-0.03352832,-0.03632412,-0.08747517
AIT-2024-03-002,SBUX,-0.00094003,-0.01628862,0.00067594,-0.02356235
AIT-2024-03-002,SHOP,-0.00689401,-0.01647609,-0.01068788,-0.02619577
AIT-2024-03-002,SNPS,-0.02447245,-0.02635964,-0.04498751,-0.06145901
AIT-2024-03-002,STX,-0.03937606,-0.05526003,-0.09182388,-0.09840223
AIT-2024-03-002,TER,0.02210009,0.03424761,0.01545899,0.03074499
AIT-2024-03-002,TMUS,0.02623248,0.00410584,-0.00239706,-0.01161259
AIT-2024-03-002,TRI,-0.00551649,-0.01835205,-0.01081843,-0.06582245
AIT-2024-03-002,TSLA,-0.05023561,-0.05848399,-0.06996310,-0.12028254
AIT-2024-03-002,TSM,0.03149925,0.06907968,0.03041468,-0.00372509
AIT-2024-03-002,TTWO,-0.01175360,-0.01466253,-0.02238912,0.01665284
AIT-2024-03-002,TXN,0.00623704,0.01404227,0.01054726,-0.00385346
AIT-2024-03-002,UMC,0.03126869,0.06170456,0.08768964,0.05386887
AIT-2024-03-002,VRTX,-0.02642900,-0.03674344,-0.03597772,-0.05630946
AIT-2024-03-002,WBD,0.05033891,0.07530936,0.09103128,0.10375603
AIT-2024-03-002,WDAY,-0.01855303,-0.04111633,-0.02596511,-0.06553832
AIT-2024-03-002,WDC,0.01112245,-0.00994648,-0.03820091,0.07059375
AIT-2024-03-002,WMT,0.02286091,0.01519424,0.03036250,-0.00528448
AIT-2024-03-002,XEL,-0.04736504,-0.01759770,0.02130548,0.08591016
AIT-2024-04-001,AAPL,0.00372124,-0.00234456,0.04184992,0.07432805
AIT-2024-04-001,ABNB,0.01854309,0.00835003,0.04320718,0.04679057
AIT-2024-04-001,ADBE,-0.01921190,-0.02090297,-0.01566882,0.02438805
AIT-2024-04-001,ADI,0.00163668,0.01187779,0.02818317,0.06885280
AIT-2024-04-001,ADP,-0.00016490,0.00663050,-0.00183479,0.00209902
AIT-2024-04-001,ADSK,-0.00328960,0.00091252,-0.01515369,-0.10711444
AIT-2024-04-001,AEP,-0.00275742,0.00110479,-0.01302178,0.07077166
AIT-2024-04-001,ALNY,0.02343510,0.04119252,0.02289459,0.06241957
AIT-2024-04-001,AMAT,0.00458829,0.00883825,0.02831415,-0.00721089
AIT-2024-04-001,AMD,-0.05153924,-0.05623586,-0.05022810,-0.14165328
AIT-2024-04-001,AMGN,-0.01648460,-0.02029887,-0.01845524,0.01733340
AIT-2024-04-001,AMZN,0.01711702,0.01651687,0.03837953,0.05323426
AIT-2024-04-001,APP,0.02113299,0.05889807,0.05085328,-0.03390134
AIT-2024-04-001,ARM,-0.00675052,0.02298715,0.02989396,-0.22234932
AIT-2024-04-001,ASML,0.00344895,0.00584416,0.01853643,-0.05768500
AIT-2024-04-001,ASX,0.00566820,-0.01069196,0.01602498,-0.03973611
AIT-2024-04-001,AVGO,-0.01424892,-0.01808653,0.01855412,-0.04458044
AIT-2024-04-001,AXON,0.00186870,0.00398025,0.04217043,0.02922108
AIT-2024-04-001,BKNG,-0.00659948,-0.00797710,0.00233921,-0.02064848
AIT-2024-04-001,BKR,0.01305628,0.01086172,0.00323542,-0.04966991
AIT-2024-04-001,CCEP,0.00576182,-0.00113762,-0.01440727,0.05111845
AIT-2024-04-001,CDNS,-0.00529994,0.00385327,0.00330588,-0.07002776
AIT-2024-04-001,CEG,0.01347034,0.00472819,0.00344057,-0.04505149
AIT-2024-04-001,CMCSA,-0.01366937,-0.01853878,-0.03102596,-0.05401562
AIT-2024-04-001,COST,0.01042216,0.00611038,0.03218962,0.03633559
AIT-2024-04-001,CPRT,-0.01241975,-0.01819808,-0.02250169,-0.02561775
AIT-2024-04-001,CRDO,-0.04275347,-0.02237666,0.04166441,-0.16252606
AIT-2024-04-001,CRWD,-0.01492937,-0.02403002,-0.01565374,-0.04590369
AIT-2024-04-001,CSCO,-0.00134320,-0.00748568,0.02246526,-0.00782845
AIT-2024-04-001,CSX,-0.00222301,-0.00959008,-0.02619332,-0.06324492
AIT-2024-04-001,CTAS,-0.00679328,-0.00232518,-0.01205523,-0.01057231
AIT-2024-04-001,DASH,0.00724888,-0.01066948,0.01309803,-0.16053688
AIT-2024-04-001,DDOG,0.02765391,0.03761239,0.08058957,0.09341845
AIT-2024-04-001,DXCM,0.00680723,0.01379709,0.01356304,-0.04906189
AIT-2024-04-001,EA,-0.01420663,-0.01639069,-0.02001800,0.00346584
AIT-2024-04-001,ENTG,-0.00533420,-0.01973822,0.00128267,-0.02652946
AIT-2024-04-001,EXC,0.00604330,0.01827874,-0.00460408,0.05113440
AIT-2024-04-001,FANG,0.00185761,0.01052252,0.01269745,-0.06274664
AIT-2024-04-001,FAST,0.00277455,-0.00846373,-0.09134015,-0.11210440
AIT-2024-04-001,FER,-0.00457434,-0.08320543,-0.09084565,-0.12549283
AIT-2024-04-001,FTNT,-0.00018922,-0.03529459,-0.03234563,-0.02347916
AIT-2024-04-001,GEHC,-0.00418071,-0.01327569,-0.00520643,-0.08973756
AIT-2024-04-001,GILD,-0.01661952,-0.01867080,-0.02727070,-0.05682153
AIT-2024-04-001,GOOG,-0.01236621,0.00136100,0.03337427,0.12307879
AIT-2024-04-001,GOOGL,-0.01245084,0.00239345,0.03408391,0.12170641
AIT-2024-04-001,HON,-0.00155323,0.00176937,0.00022347,0.01164469
AIT-2024-04-001,IDXX,-0.00499756,-0.01460235,-0.03345590,-0.04290826
AIT-2024-04-001,INTC,-0.03767138,-0.05725845,-0.06364901,-0.22696423
AIT-2024-04-001,INTU,0.02211955,0.03575113,0.01024162,0.01922808
AIT-2024-04-001,ISRG,0.01604165,0.01163543,0.02773310,0.02818024
AIT-2024-04-001,KDP,-0.00621270,-0.00491453,-0.00230801,0.09924869
AIT-2024-04-001,KHC,-0.00743662,-0.00760887,-0.01930862,-0.00352020
AIT-2024-04-001,KLAC,-0.01865655,-0.00847832,0.00646832,0.01921506
AIT-2024-04-001,LIN,0.00468192,-0.00286760,-0.02293008,-0.09334218
AIT-2024-04-001,LITE,-0.03314417,-0.03217902,-0.03712605,0.02903673
AIT-2024-04-001,LRCX,-0.00777342,-0.01076221,0.00652498,-0.06258323
AIT-2024-04-001,MAR,0.01325260,0.01477242,0.02844594,-0.05405629
AIT-2024-04-001,MCHP,-0.00028999,0.01807308,0.02716785,0.09852739
AIT-2024-04-001,MDLZ,0.00189920,-0.00368349,-0.01393039,0.05839461
AIT-2024-04-001,MELI,0.00096828,-0.00862147,0.00668784,0.05052585
AIT-2024-04-001,META,0.04036878,0.02232884,0.02736583,-0.11186104
AIT-2024-04-001,MNST,0.00133895,-0.00313730,-0.01735688,-0.01559668
AIT-2024-04-001,MPWR,0.01244869,0.05303300,0.06303033,0.18118351
AIT-2024-04-001,MRVL,0.00236380,-0.00754542,-0.00438186,0.00936061
AIT-2024-04-001,MSFT,0.01409658,0.01113320,0.02034349,-0.02220586
AIT-2024-04-001,MSTR,-0.11772735,-0.07591358,-0.06954393,-0.43210533
AIT-2024-04-001,MTSI,-0.00559027,-0.00000312,0.01147730,0.00929574
AIT-2024-04-001,MU,-0.03329140,-0.03968897,-0.00204913,-0.09611303
AIT-2024-04-001,NFLX,0.01081224,-0.00295382,-0.00301494,-0.08429957
AIT-2024-04-001,NVDA,-0.01001450,-0.02324422,0.01402555,-0.00214102
AIT-2024-04-001,NXPI,-0.00797454,0.00765884,0.00990456,0.10160407
AIT-2024-04-001,ODFL,0.02364288,0.02312099,0.00291874,-0.13635287
AIT-2024-04-001,ON,-0.01196589,-0.01876707,0.01828170,0.09571983
AIT-2024-04-001,ORLY,-0.01367099,-0.02386760,-0.04737994,-0.11839207
AIT-2024-04-001,PANW,0.00058452,-0.00196300,0.05572638,0.13204963
AIT-2024-04-001,PAYX,0.01896981,0.03064884,0.03521038,0.00602387
AIT-2024-04-001,PCAR,0.01274974,0.01294911,-0.02100872,-0.13428373
AIT-2024-04-001,PDD,-0.01479018,-0.01942646,0.00713949,0.15414492
AIT-2024-04-001,PEP,-0.00108426,0.00188175,-0.00275104,0.06126223
AIT-2024-04-001,PLTR,0.01780843,0.01775695,0.01585705,0.09238524
AIT-2024-04-001,PYPL,0.00302779,0.02162972,0.02000045,0.10406264
AIT-2024-04-001,QCOM,-0.01209556,-0.00124409,0.00831208,0.06884697
AIT-2024-04-001,REGN,-0.00945268,-0.01499866,-0.03623024,-0.01765396
AIT-2024-04-001,RKLB,-0.01145615,-0.01762697,0.01795165,0.13498450
AIT-2024-04-001,ROP,-0.00048251,-0.00076205,-0.00678624,-0.04275436
AIT-2024-04-001,ROST,-0.01450280,-0.01060867,-0.01456479,-0.09868513
AIT-2024-04-001,SBUX,-0.01701252,-0.01239949,-0.02246545,-0.10470385
AIT-2024-04-001,SHOP,0.00271606,-0.00954262,-0.03981161,0.05725473
AIT-2024-04-001,SNPS,-0.00280592,-0.00200305,-0.02491868,-0.05544836
AIT-2024-04-001,STX,-0.01756607,-0.02825593,-0.03303994,-0.04392971
AIT-2024-04-001,TER,-0.00689261,-0.00088494,0.02443317,0.17967947
AIT-2024-04-001,TMUS,-0.01407141,-0.01648952,-0.01971999,0.00527101
AIT-2024-04-001,TRI,-0.00325721,0.00912883,0.01210162,0.07658519
AIT-2024-04-001,TSLA,-0.00945637,0.04191086,0.06526058,0.22339369
AIT-2024-04-001,TSM,-0.00158366,0.00759412,0.04017447,0.00537458
AIT-2024-04-001,TTWO,-0.00172199,0.01551489,0.00329506,-0.02061310
AIT-2024-04-001,TXN,-0.01213863,0.00005225,0.01620714,0.09484459
AIT-2024-04-001,UMC,-0.00618439,0.00915755,0.01459673,0.02513067
AIT-2024-04-001,VRTX,-0.00489349,-0.01176643,-0.02202651,-0.01165623
AIT-2024-04-001,WBD,-0.03778984,-0.01119340,0.00500187,0.03172188
AIT-2024-04-001,WDAY,-0.00025128,-0.00007584,0.00045688,-0.04013040
AIT-2024-04-001,WDC,0.02192226,0.01801773,0.03024191,-0.00421791
AIT-2024-04-001,WMT,0.00649788,0.00455174,0.00855710,0.00258911
AIT-2024-04-001,XEL,-0.00738440,0.00375876,-0.00320758,0.03066729
AIT-2024-04-003,AAPL,-0.00382578,-0.00668216,0.01429434,0.10154281
AIT-2024-04-003,ABNB,-0.00176293,-0.00732370,0.02042487,-0.16141190
AIT-2024-04-003,ADBE,-0.00020690,-0.00982574,-0.00442436,-0.04505840
AIT-2024-04-003,ADI,-0.01562551,-0.01108175,0.04288677,0.07091089
AIT-2024-04-003,ADP,0.00783367,0.01420493,0.00883150,-0.00974600
AIT-2024-04-003,ADSK,0.02448251,0.01409473,0.00056765,-0.04801275
AIT-2024-04-003,AEP,0.04269759,0.04587280,0.06493882,0.11326428
AIT-2024-04-003,ALNY,0.00539096,0.00967804,-0.00514762,0.03667643
AIT-2024-04-003,AMAT,-0.03396746,-0.05171213,-0.02417505,-0.03136732
AIT-2024-04-003,AMD,-0.02408846,-0.03227988,-0.01747773,-0.07759909
AIT-2024-04-003,AMGN,0.02332890,0.02810277,0.01189344,0.14138594
AIT-2024-04-003,AMZN,-0.02034669,-0.02077168,-0.05422773,-0.08217567
AIT-2024-04-003,APP,-0.04475693,-0.05179740,-0.05803038,-0.01840944
AIT-2024-04-003,ARM,-0.17060549,-0.13154065,-0.11082582,-0.13372427
AIT-2024-04-003,ASML,-0.03463135,-0.03643328,-0.01500810,-0.07908266
AIT-2024-04-003,ASX,-0.03371381,-0.03665995,-0.05282941,-0.10284935
AIT-2024-04-003,AVGO,-0.04313028,-0.04466190,-0.00499079,-0.01686960
AIT-2024-04-003,AXON,-0.01181191,-0.02302350,0.00574078,-0.12333400
AIT-2024-04-003,BKNG,0.00303305,0.00577529,0.00672026,0.00640610
AIT-2024-04-003,BKR,0.02276962,0.01413581,0.03623245,0.01124879
AIT-2024-04-003,CCEP,0.02424564,0.04168956,0.06390128,0.10242586
AIT-2024-04-003,CDNS,-0.02970931,-0.02731372,-0.06778345,-0.10406486
AIT-2024-04-003,CEG,-0.02078928,-0.01974390,-0.01015096,0.04002339
AIT-2024-04-003,CMCSA,0.03982835,0.04218538,-0.02891218,-0.01682241
AIT-2024-04-003,COST,-0.00106101,-0.00115130,0.00034100,0.04097509
AIT-2024-04-003,CPRT,-0.00795725,-0.01165260,0.01412670,-0.06012464
AIT-2024-04-003,CRDO,-0.06778649,-0.06345850,-0.03013308,-0.07608154
AIT-2024-04-003,CRWD,-0.02346537,-0.01997836,-0.01124000,-0.01000593
AIT-2024-04-003,CSCO,0.01929169,0.01024329,0.00641233,-0.01013553
AIT-2024-04-003,CSX,0.01334782,0.01510994,-0.00642138,-0.04119480
AIT-2024-04-003,CTAS,-0.00184500,-0.00618362,-0.01584167,-0.03613341
AIT-2024-04-003,DASH,-0.00874675,-0.02880910,-0.04206060,-0.25666306
AIT-2024-04-003,DDOG,-0.00702272,-0.00804860,0.00397035,-0.11661498
AIT-2024-04-003,DXCM,-0.01322824,-0.01522108,0.02720661,-0.05329293
AIT-2024-04-003,EA,0.01754537,0.00961611,0.00694566,-0.00762365
AIT-2024-04-003,ENTG,-0.03268534,-0.03564492,-0.01365570,-0.08290697
AIT-2024-04-003,EXC,0.03825577,0.03688007,0.03427103,0.05167180
AIT-2024-04-003,FANG,-0.00264954,0.00092945,0.01353976,-0.08960838
AIT-2024-04-003,FAST,-0.00725715,-0.01659196,-0.00873877,-0.07701795
AIT-2024-04-003,FER,-0.00670446,-0.00667481,-0.01099062,0.09016879
AIT-2024-04-003,FTNT,-0.00284482,-0.00894538,-0.00907852,-0.09152911
AIT-2024-04-003,GEHC,0.00459732,-0.00733315,0.00485029,-0.08666642
AIT-2024-04-003,GILD,0.00358594,0.00258333,-0.02459346,-0.00077784
AIT-2024-04-003,GOOG,0.00654564,0.00836869,-0.00214434,0.03965338
AIT-2024-04-003,GOOGL,0.00505594,0.00678624,-0.00550908,0.04197491
AIT-2024-04-003,HON,0.03001084,0.03063436,0.01405795,0.06238416
AIT-2024-04-003,IDXX,0.01351821,0.00792860,0.02025778,0.06870167
AIT-2024-04-003,INTC,-0.02638277,-0.03454434,-0.02685523,-0.18868768
AIT-2024-04-003,INTU,0.00298851,-0.00401087,0.01089978,-0.02637803
AIT-2024-04-003,ISRG,-0.00457915,-0.00998019,-0.00745947,-0.00648837
AIT-2024-04-003,KDP,0.02298003,0.02881750,0.09158507,0.08831532
AIT-2024-04-003,KHC,0.02516635,0.03267683,0.03578667,-0.03955121
AIT-2024-04-003,KLAC,-0.02991539,-0.03754500,0.00861603,0.03026336
AIT-2024-04-003,LIN,0.00397611,-0.00041127,-0.01355663,-0.08133755
AIT-2024-04-003,LITE,0.02057228,-0.00492517,0.00328539,0.05302538
AIT-2024-04-003,LRCX,-0.02912733,-0.04851405,-0.02584263,-0.07513882
AIT-2024-04-003,MAR,-0.00180730,-0.00540476,0.00400662,-0.06720353
AIT-2024-04-003,MCHP,-0.01737988,-0.01025263,0.08091149,0.03551747
AIT-2024-04-003,MDLZ,0.02986480,0.04526115,0.06340167,0.06495206
AIT-2024-04-003,MELI,-0.01240024,-0.01874496,-0.03413398,0.13338039
AIT-2024-04-003,META,-0.00894375,-0.02599453,-0.12539818,-0.16660165
AIT-2024-04-003,MNST,-0.01102227,-0.00863886,-0.02044327,-0.02880841
AIT-2024-04-003,MPWR,-0.04581506,-0.05169605,0.02935036,0.02970837
AIT-2024-04-003,MRVL,-0.04066005,-0.04889684,0.00728865,-0.01079058
AIT-2024-04-003,MSFT,-0.01910871,-0.02530460,-0.03901099,-0.04194588
AIT-2024-04-003,MSTR,-0.00768173,0.09547437,-0.00540236,-0.01916418
AIT-2024-04-003,MTSI,-0.02189029,-0.00801915,0.02838424,-0.05461448
AIT-2024-04-003,MU,-0.07331765,-0.06665137,-0.06158227,-0.02615953
AIT-2024-04-003,NFLX,-0.08479770,-0.09777903,-0.08990408,-0.08514652
AIT-2024-04-003,NVDA,-0.07292562,-0.05230102,-0.03589580,-0.04239463
AIT-2024-04-003,NXPI,-0.03339153,-0.03222525,0.04260655,0.09121875
AIT-2024-04-003,ODFL,0.02029843,0.00725242,-0.06767361,-0.20040365
AIT-2024-04-003,ON,-0.03382852,-0.04903327,0.03757555,0.08558630
AIT-2024-04-003,ORLY,0.00047828,-0.00414528,-0.04389982,-0.12353444
AIT-2024-04-003,PANW,0.01745907,0.01924186,0.03572538,0.06710536
AIT-2024-04-003,PAYX,0.01072497,0.01851144,0.01907854,0.01836574
AIT-2024-04-003,PCAR,-0.03505656,-0.03195034,-0.04252354,-0.16234447
AIT-2024-04-003,PDD,0.00981962,0.09009074,0.08815489,0.13348142
AIT-2024-04-003,PEP,0.03353634,0.04330981,0.04408549,0.06718799
AIT-2024-04-003,PLTR,-0.00365813,-0.00946263,0.00123271,-0.14237368
AIT-2024-04-003,PYPL,0.00769259,0.00670315,0.01221111,-0.05129002
AIT-2024-04-003,QCOM,-0.02813025,-0.02545645,-0.01910545,0.07459048
AIT-2024-04-003,REGN,-0.00127317,-0.00359418,-0.02140073,0.02021798
AIT-2024-04-003,RKLB,0.02266394,0.01893126,0.03084853,0.14238534
AIT-2024-04-003,ROP,0.02422061,0.02530691,0.02141112,-0.02162720
AIT-2024-04-003,ROST,0.01191340,0.00654825,-0.01432365,-0.05001275
AIT-2024-04-003,SBUX,0.02855454,0.02786477,0.02088346,-0.13733822
AIT-2024-04-003,SHOP,0.03680582,0.02440182,0.00805967,-0.28975203
AIT-2024-04-003,SNPS,-0.01631599,-0.02108155,-0.00491104,-0.00895227
AIT-2024-04-003,STX,-0.01217148,0.00989364,0.02228812,0.07159000
AIT-2024-04-003,TER,-0.03598683,-0.03382480,0.06759264,0.18792236
AIT-2024-04-003,TMUS,0.01748134,0.01315364,0.01861757,-0.01348268
AIT-2024-04-003,TRI,-0.00983361,0.00194796,-0.00652004,0.07734882
AIT-2024-04-003,TSLA,-0.02495846,-0.07399072,0.11073284,0.10910530
AIT-2024-04-003,TSM,-0.06705747,-0.06604058,-0.02740063,-0.00022519
AIT-2024-04-003,TTWO,-0.00540967,-0.01864461,0.00038708,-0.01979371
AIT-2024-04-003,TXN,-0.02099201,-0.00770329,0.05787026,0.12951073
AIT-2024-04-003,UMC,-0.00850824,-0.00920640,0.02047955,0.01010351
AIT-2024-04-003,VRTX,0.00955760,0.01738627,0.00593497,0.07183731
AIT-2024-04-003,WBD,0.04444150,0.04066558,0.01594987,-0.01742032
AIT-2024-04-003,WDAY,-0.00632874,-0.01171453,-0.01821663,-0.06345866
AIT-2024-04-003,WDC,-0.04939210,-0.04872186,-0.02935177,-0.05970983
AIT-2024-04-003,WMT,0.00091485,0.00734494,0.00453822,0.04671325
AIT-2024-04-003,XEL,0.03473846,0.03604667,0.03620777,0.04318039
AIT-2024-04-004,AAPL,-0.00453482,-0.00862689,0.00509314,0.10519162
AIT-2024-04-004,ABNB,-0.02188535,-0.01457702,-0.00270891,-0.18745662
AIT-2024-04-004,ADBE,-0.01164999,-0.01679117,-0.01176076,-0.04740320
AIT-2024-04-004,ADI,-0.00500065,-0.00050974,0.05785511,0.07754923
AIT-2024-04-004,ADP,0.01713675,0.01188794,-0.00711118,0.00337801
AIT-2024-04-004,ADSK,0.03058815,0.01666670,0.00977192,-0.03234020
AIT-2024-04-004,AEP,0.02841290,0.02965529,0.02416599,0.09832683
AIT-2024-04-004,ALNY,0.00737209,0.00177466,-0.01617203,0.02110292
AIT-2024-04-004,AMAT,-0.02705101,-0.02806428,0.01295085,-0.02182017
AIT-2024-04-004,AMD,-0.04334604,-0.04697469,-0.02762517,-0.08265990
AIT-2024-04-004,AMGN,0.03273530,0.03081085,0.01231383,0.13741845
AIT-2024-04-004,AMZN,-0.01240471,-0.01902922,-0.02750822,-0.07149898
AIT-2024-04-004,APP,-0.02380403,-0.00341802,0.01165736,-0.01334624
AIT-2024-04-004,ARM,-0.10928150,-0.11399261,-0.07713317,-0.15340918
AIT-2024-04-004,ASML,-0.01985778,-0.00747148,0.00415176,-0.06319259
AIT-2024-04-004,ASX,-0.01783201,-0.02529132,-0.05708881,-0.09241492
AIT-2024-04-004,AVGO,-0.02955652,-0.03261060,0.02910510,-0.02123380
AIT-2024-04-004,AXON,-0.01647660,-0.00520580,0.00604039,-0.12795073
AIT-2024-04-004,BKNG,0.00777943,0.01374645,0.00208548,-0.00233131
AIT-2024-04-004,BKR,0.00762011,0.01869581,0.01135970,0.01683608
AIT-2024-04-004,CCEP,0.03688475,0.03087976,0.06191411,0.09180030
AIT-2024-04-004,CDNS,-0.00386126,-0.03403268,-0.04011776,-0.08354424
AIT-2024-04-004,CEG,-0.01027692,0.00276671,-0.01118927,0.02831512
AIT-2024-04-004,CMCSA,0.02429079,0.01141604,-0.03439950,-0.03797351
AIT-2024-04-004,COST,0.00375409,0.00328796,0.00697410,0.04847840
AIT-2024-04-004,CPRT,0.00103280,0.00494152,0.02390844,-0.05152453
AIT-2024-04-004,CRDO,-0.03651465,-0.04667249,-0.00327763,-0.06977421
AIT-2024-04-004,CRWD,-0.02235595,-0.01048673,-0.01343043,0.00219014
AIT-2024-04-004,CSCO,0.00166584,-0.00155188,-0.01242989,-0.02157766
AIT-2024-04-004,CSX,0.00674331,0.00133476,-0.02253053,-0.06239135
AIT-2024-04-004,CTAS,0.00169658,-0.00886085,-0.01668800,-0.02941499
AIT-2024-04-004,DASH,-0.02577452,-0.03597221,-0.02973235,-0.24965914
AIT-2024-04-004,DDOG,-0.02361698,-0.01029011,0.02033576,-0.13720679
AIT-2024-04-004,DXCM,-0.02076804,-0.01269944,-0.08631598,-0.06630573
AIT-2024-04-004,EA,0.01257429,0.00358188,0.00699258,-0.01850400
AIT-2024-04-004,ENTG,-0.02369567,-0.03005083,0.01082087,-0.08385129
AIT-2024-04-004,EXC,0.02812105,0.01934902,0.01232258,0.04411406
AIT-2024-04-004,FANG,0.01007750,0.01237445,0.02008615,-0.06801868
AIT-2024-04-004,FAST,-0.00288059,-0.01149821,-0.00237866,-0.07123051
AIT-2024-04-004,FER,-0.00425965,-0.00369212,-0.00880722,0.09248220
AIT-2024-04-004,FTNT,-0.00366335,-0.00070221,-0.01350434,-0.08837335
AIT-2024-04-004,GEHC,-0.00759893,0.00287382,-0.00161388,-0.07947948
AIT-2024-04-004,GILD,0.01289867,0.00924530,-0.01527480,0.01025887
AIT-2024-04-004,GOOG,0.00207659,-0.00163645,0.07804486,0.04049915
AIT-2024-04-004,GOOGL,0.00070080,-0.00284367,0.07740590,0.04287960
AIT-2024-04-004,HON,0.02465466,0.01945962,0.00406421,0.05360969
AIT-2024-04-004,IDXX,0.00490423,0.01836073,0.02496526,0.06873240
AIT-2024-04-004,INTC,-0.01846555,-0.04013764,-0.11575715,-0.17323485
AIT-2024-04-004,INTU,0.00093374,0.01663132,0.01673063,-0.01320188
AIT-2024-04-004,ISRG,-0.00942167,-0.00368027,-0.01407764,-0.00241785
AIT-2024-04-004,KDP,0.02020996,0.01730500,0.07737598,0.06965655
AIT-2024-04-004,KHC,0.02706913,0.02234412,0.02278885,-0.04607704
AIT-2024-04-004,KLAC,-0.01819816,-0.01621234,0.06043243,0.04325872
AIT-2024-04-004,LIN,-0.00025227,-0.01199681,-0.02101704,-0.07647368
AIT-2024-04-004,LITE,-0.02261888,-0.02807145,0.00166979,0.01447453
AIT-2024-04-004,LRCX,-0.02605888,-0.02566892,0.00495650,-0.09208134
AIT-2024-04-004,MAR,0.00246360,-0.00005105,-0.00265112,-0.06746793
AIT-2024-04-004,MCHP,-0.00530936,0.00628132,0.08524517,0.04151265
AIT-2024-04-004,MDLZ,0.03412015,0.04869966,0.04631683,0.04657323
AIT-2024-04-004,MELI,-0.00228493,-0.00219296,-0.00237449,0.15271496
AIT-2024-04-004,META,-0.04395290,-0.03759043,-0.15840539,-0.19357165
AIT-2024-04-004,MNST,0.00378712,-0.00211633,-0.01027835,-0.01587024
AIT-2024-04-004,MPWR,-0.03046673,-0.04061849,0.05354531,0.04829871
AIT-2024-04-004,MRVL,-0.03542488,-0.04616304,0.03169347,-0.01520178
AIT-2024-04-004,MSFT,-0.00902598,-0.00633918,-0.01542379,-0.02861342
AIT-2024-04-004,MSTR,0.08248507,0.06378821,-0.01053358,0.05360342
AIT-2024-04-004,MTSI,0.00222891,0.01563049,0.03327271,-0.05615079
AIT-2024-04-004,MU,-0.03016580,-0.01954442,-0.01380641,-0.02385128
AIT-2024-04-004,NFLX,-0.09435738,-0.06793859,-0.10533495,-0.06753679
AIT-2024-04-004,NVDA,-0.06200273,-0.05414947,-0.00686186,-0.07540474
AIT-2024-04-004,NXPI,-0.00287698,0.00910762,0.07555291,0.11109299
AIT-2024-04-004,ODFL,0.01786079,0.03804888,-0.14322746,-0.19240939
AIT-2024-04-004,ON,-0.03164489,-0.03365008,0.06577445,0.10616182
AIT-2024-04-004,ORLY,-0.01002930,-0.01533531,-0.06406638,-0.12208564
AIT-2024-04-004,PANW,0.00231170,0.02795003,0.01506994,0.05236942
AIT-2024-04-004,PAYX,0.02878861,0.02397770,0.00712922,0.03499975
AIT-2024-04-004,PCAR,-0.01336239,-0.01837949,-0.03912391,-0.14446029
AIT-2024-04-004,PDD,0.08703013,0.10112465,0.09853712,0.14344795
AIT-2024-04-004,PEP,0.02537866,-0.00905210,0.01650475,0.04559989
AIT-2024-04-004,PLTR,-0.00823540,-0.01580705,0.00765971,-0.14461683
AIT-2024-04-004,PYPL,0.01958928,0.01911736,0.03806870,-0.03550095
AIT-2024-04-004,QCOM,-0.01008924,-0.02016184,-0.00377601,0.08742024
AIT-2024-04-004,REGN,0.00452671,0.00516428,-0.02749677,0.04280839
AIT-2024-04-004,RKLB,0.01686388,0.02131271,0.04543868,0.14033645
AIT-2024-04-004,ROP,0.02203740,0.01298166,-0.01500604,-0.02004140
AIT-2024-04-004,ROST,0.01334868,-0.00215663,-0.00423928,-0.05565715
AIT-2024-04-004,SBUX,0.01384803,0.00063560,0.00402665,-0.11747408
AIT-2024-04-004,SHOP,0.01610446,0.03239159,-0.01495030,-0.28793062
AIT-2024-04-004,SNPS,-0.00923113,-0.00416254,0.01765805,-0.00542075
AIT-2024-04-004,STX,0.01782657,0.01965215,0.00423010,0.04299417
AIT-2024-04-004,TER,-0.02111581,-0.02146427,0.11133720,0.20329775
AIT-2024-04-004,TMUS,0.00809315,0.00805223,0.00859105,-0.01639540
AIT-2024-04-004,TRI,0.01409793,0.00946351,0.01078414,0.08842437
AIT-2024-04-004,TSLA,-0.04668993,-0.04878160,0.11096163,0.15051158
AIT-2024-04-004,TSM,-0.02045791,-0.01168222,0.01450344,0.03554615
AIT-2024-04-004,TTWO,-0.00401728,-0.00291267,0.01302304,0.00476674
AIT-2024-04-004,TXN,0.00089079,-0.00001274,0.06885024,0.13849891
AIT-2024-04-004,UMC,-0.00523634,-0.00451337,0.01599179,0.02485087
AIT-2024-04-004,VRTX,0.01541803,0.01970265,-0.00309393,0.07958003
AIT-2024-04-004,WBD,0.02411080,0.00379468,-0.03576174,-0.05923467
AIT-2024-04-004,WDAY,-0.00876795,-0.00969844,-0.03848087,-0.05845987
AIT-2024-04-004,WDC,-0.02345708,0.00095138,0.00761886,-0.07055583
AIT-2024-04-004,WMT,0.01372502,-0.00828053,0.00660723,0.06376546
AIT-2024-04-004,XEL,0.02374106,0.02536011,0.00198396,0.02660645
AIT-2024-04-005,AAPL,0.02524581,0.01378117,0.03456458,0.12366954
AIT-2024-04-005,ABNB,0.02047807,0.01206396,-0.01079769,-0.19202275
AIT-2024-04-005,ADBE,0.01059094,0.00540571,0.01722098,-0.02438389
AIT-2024-04-005,ADI,0.04920779,0.05771984,0.04076495,0.19635827
AIT-2024-04-005,ADP,0.00047582,-0.01897068,0.00829026,-0.00291003
AIT-2024-04-005,ADSK,-0.00021730,-0.00689716,-0.01682078,-0.05461583
AIT-2024-04-005,AEP,0.01822973,-0.00518214,0.03839133,0.05842032
AIT-2024-04-005,ALNY,-0.00952253,-0.01804620,0.04592121,0.03309326
AIT-2024-04-005,AMAT,0.02780906,0.04062464,0.01866707,0.03127009
AIT-2024-04-005,AMD,0.01948989,0.02026257,-0.02608996,-0.02757929
AIT-2024-04-005,AMGN,-0.01385976,-0.01809662,0.01698998,0.09677867
AIT-2024-04-005,AMZN,-0.02715921,-0.00879008,0.01209250,-0.06569447
AIT-2024-04-005,APP,-0.02862091,0.01420457,-0.02462158,-0.05911028
AIT-2024-04-005,ARM,0.02489849,0.03636108,0.00254618,-0.03536282
AIT-2024-04-005,ASML,0.00818320,0.01121083,-0.03536488,-0.06311532
AIT-2024-04-005,ASX,-0.01012662,-0.03197074,-0.02508531,-0.03112370
AIT-2024-04-005,AVGO,0.04225981,0.06186153,0.01157030,0.00603939
AIT-2024-04-005,AXON,0.01666149,0.01081318,0.03369381,-0.14456196
AIT-2024-04-005,BKNG,-0.00519803,-0.01185457,-0.02554300,0.01076001
AIT-2024-04-005,BKR,0.01087352,-0.00746825,-0.02976402,-0.04491379
AIT-2024-04-005,CCEP,0.02846593,0.03130197,0.04117401,0.04533575
AIT-2024-04-005,CDNS,-0.01055871,-0.00619385,-0.01089491,-0.03772410
AIT-2024-04-005,CEG,-0.00336060,-0.01429597,-0.02864599,0.04488448
AIT-2024-04-005,CMCSA,-0.05805598,-0.04541680,-0.04294425,-0.05550162
AIT-2024-04-005,COST,0.00205035,0.00362936,0.00378631,0.04923534
AIT-2024-04-005,CPRT,0.02187993,0.01897220,0.01524952,-0.06787908
AIT-2024-04-005,CRDO,0.04190410,0.04297065,0.00433661,0.00418484
AIT-2024-04-005,CRWD,-0.00295727,-0.00283711,-0.01028296,0.00220607
AIT-2024-04-005,CSCO,-0.00031399,-0.01073949,-0.01983647,-0.03279004
AIT-2024-04-005,CSX,-0.01621608,-0.02389492,-0.03574488,-0.04877745
AIT-2024-04-005,CTAS,0.00090728,-0.00807046,0.00105459,-0.01188332
AIT-2024-04-005,DASH,-0.00302003,0.00670896,0.00029925,-0.26670052
AIT-2024-04-005,DDOG,-0.00138404,0.03009724,0.02090757,-0.10936113
AIT-2024-04-005,DXCM,0.03435418,-0.07397224,-0.04570398,-0.06356067
AIT-2024-04-005,EA,0.00646040,0.00386589,0.02143842,0.03929466
AIT-2024-04-005,ENTG,0.02811079,0.04077143,0.00489559,-0.04309681
AIT-2024-04-005,EXC,0.00639922,-0.00704701,0.01739953,0.00893883
AIT-2024-04-005,FANG,0.00969581,0.00699514,-0.05281161,-0.11963637
AIT-2024-04-005,FAST,0.01645336,0.00891916,0.01787214,-0.06090039
AIT-2024-04-005,FER,-0.00417617,-0.00378747,0.02852845,0.09521816
AIT-2024-04-005,FTNT,-0.00315905,-0.01231472,0.00283063,-0.07979837
AIT-2024-04-005,GEHC,0.00184715,-0.00451404,-0.07207166,-0.09723593
AIT-2024-04-005,GILD,-0.02288173,-0.02432892,-0.01354746,0.00499561
AIT-2024-04-005,GOOG,-0.00678503,0.07980283,0.05318509,0.04508694
AIT-2024-04-005,GOOGL,-0.00875845,0.08041436,0.05357220,0.04676671
AIT-2024-04-005,HON,-0.01143060,-0.01554316,0.00785350,0.01956116
AIT-2024-04-005,IDXX,-0.00119169,0.00672248,-0.03107704,0.00550338
AIT-2024-04-005,INTC,0.03057537,-0.07508154,-0.10004207,-0.14249305
AIT-2024-04-005,INTU,-0.00144216,-0.00048568,-0.01169610,-0.02211996
AIT-2024-04-005,ISRG,-0.00372579,-0.01094641,0.00261424,0.00319823
AIT-2024-04-005,KDP,0.06648498,0.06060653,0.05465114,0.07127871
AIT-2024-04-005,KHC,0.00818051,0.00069487,-0.04582281,-0.05713115
AIT-2024-04-005,KLAC,0.04378802,0.07618356,0.04351051,0.08543543
AIT-2024-04-005,LIN,-0.00183807,-0.00964016,-0.00410223,-0.06582690
AIT-2024-04-005,LITE,0.01277326,0.02983730,0.06933737,0.03728431
AIT-2024-04-005,LRCX,0.02165723,0.03045831,-0.00741180,-0.01340843
AIT-2024-04-005,MAR,0.01164494,-0.00291221,-0.02025585,-0.07952948
AIT-2024-04-005,MCHP,0.07937052,0.07853425,0.05870672,0.09442844
AIT-2024-04-005,MDLZ,0.00389847,-0.00221002,0.00785522,-0.01328581
AIT-2024-04-005,MELI,-0.01593760,-0.00003876,0.05972066,0.14860492
AIT-2024-04-005,META,-0.10612947,-0.12069024,-0.10564595,-0.16967293
AIT-2024-04-005,MNST,-0.00591530,-0.00819433,0.00899767,-0.03095277
AIT-2024-04-005,MPWR,0.08970480,0.09300622,0.09480186,0.12370907
AIT-2024-04-005,MRVL,0.06720236,0.07810698,0.03006760,0.05788937
AIT-2024-04-005,MSFT,-0.01619715,-0.00911048,-0.01926783,0.00041523
AIT-2024-04-005,MSTR,-0.08205376,-0.07133942,-0.27005669,0.03035256
AIT-2024-04-005,MTSI,0.02229915,0.01687650,0.01308787,-0.07826333
AIT-2024-04-005,MU,-0.00683916,0.00608686,-0.02448840,-0.00244146
AIT-2024-04-005,NFLX,-0.01842478,-0.03734327,-0.03814377,0.02801885
AIT-2024-04-005,NVDA,0.00932816,0.04772272,0.02253842,0.00000789
AIT-2024-04-005,NXPI,0.06282774,0.06654103,0.12274592,0.14361232
AIT-2024-04-005,ODFL,-0.09618508,-0.18165740,-0.15935709,-0.29262121
AIT-2024-04-005,ON,0.08886349,0.09978379,0.15145985,0.19255093
AIT-2024-04-005,ORLY,-0.03364029,-0.04861036,-0.07948652,-0.12878722
AIT-2024-04-005,PANW,-0.00903991,-0.01279164,-0.00346795,-0.00326694
AIT-2024-04-005,PAYX,0.00597350,-0.01702559,-0.01053472,0.01983688
AIT-2024-04-005,PCAR,-0.00578150,-0.02123691,-0.06209491,-0.11219770
AIT-2024-04-005,PDD,-0.01667957,-0.00238041,-0.02781571,0.04311008
AIT-2024-04-005,PEP,0.03547827,0.02575672,0.03258590,0.05748400
AIT-2024-04-005,PLTR,0.01729381,0.02356890,0.05751025,-0.15690436
AIT-2024-04-005,PYPL,0.00530841,0.01888180,0.05393750,-0.08717731
AIT-2024-04-005,QCOM,0.01574566,0.01606488,0.02514151,0.14749769
AIT-2024-04-005,REGN,-0.01824265,-0.03269499,-0.00485677,0.03549912
AIT-2024-04-005,RKLB,0.00608667,0.02398982,0.08404508,0.14969808
AIT-2024-04-005,ROP,0.00526431,-0.02802601,-0.03723877,-0.02351124
AIT-2024-04-005,ROST,-0.00487909,-0.00222219,-0.03542095,-0.06285352
AIT-2024-04-005,SBUX,0.00595942,0.00337762,-0.13523852,-0.07783257
AIT-2024-04-005,SHOP,-0.03300788,-0.04727598,-0.01275319,-0.31347840
AIT-2024-04-005,SNPS,0.01096968,0.02187453,0.00497161,0.00844896
AIT-2024-04-005,STX,0.01009932,-0.01508898,-0.00577375,0.01522378
AIT-2024-04-005,TER,0.10167696,0.13256320,0.16561993,0.30920696
AIT-2024-04-005,TMUS,0.00580961,0.00084362,0.01523222,-0.01512223
AIT-2024-04-005,TRI,-0.00399299,0.00116603,-0.00737857,0.08655993
AIT-2024-04-005,TSLA,0.18629088,0.16068583,0.28206189,0.23455826
AIT-2024-04-005,TSM,0.02914686,0.02608151,0.02430983,0.07298587
AIT-2024-04-005,TTWO,0.01728387,0.01540544,0.02053728,0.02408791
AIT-2024-04-005,TXN,0.06624983,0.06868365,0.07785577,0.17844768
AIT-2024-04-005,UMC,0.02844537,0.02017617,0.01288366,0.08536995
AIT-2024-04-005,VRTX,-0.01563720,-0.02283222,-0.00137476,0.06351991
AIT-2024-04-005,WBD,-0.00463885,-0.03879298,-0.06066444,-0.04831473
AIT-2024-04-005,WDAY,-0.00626501,-0.02900732,-0.03626895,-0.04320230
AIT-2024-04-005,WDC,-0.00598348,0.00624483,0.00841221,-0.06272549
AIT-2024-04-005,WMT,0.01934483,0.01484670,-0.00325425,0.07961263
AIT-2024-04-005,XEL,-0.00095993,-0.02292446,-0.01678167,0.00702378
AIT-2024-05-001,AAPL,0.00407312,0.00803787,0.02005249,0.12651992
AIT-2024-05-001,ABNB,-0.05093566,-0.03740180,-0.06584554,-0.05557138
AIT-2024-05-001,ADBE,-0.01851274,-0.01929476,-0.02553617,-0.08010063
AIT-2024-05-001,ADI,0.01293947,0.00858755,0.01485773,0.10216505
AIT-2024-05-001,ADP,-0.01379221,0.00182340,0.00855400,-0.01876541
AIT-2024-05-001,ADSK,-0.00645834,-0.00194941,-0.00783891,-0.00791628
AIT-2024-05-001,AEP,-0.00366846,0.00387643,0.00272983,-0.05460454
AIT-2024-05-001,ALNY,-0.02570521,0.00365056,-0.00504094,0.07177312
AIT-2024-05-001,AMAT,0.02077489,0.00723568,0.02253684,0.05577913
AIT-2024-05-001,AMD,0.01721255,0.03995303,0.03822097,-0.04084951
AIT-2024-05-001,AMGN,0.02278060,0.01693293,0.01270504,-0.05084182
AIT-2024-05-001,AMZN,-0.03220817,-0.04246061,-0.05580565,-0.07845442
AIT-2024-05-001,APP,-0.07117115,-0.08067850,-0.09414592,-0.28502036
AIT-2024-05-001,ARM,-0.08631612,-0.07682871,-0.09265605,0.13679087
AIT-2024-05-001,ASML,-0.01011665,-0.02603951,-0.03058529,0.07713988
AIT-2024-05-001,ASX,0.01121234,-0.00701036,0.01739014,0.03342305
AIT-2024-05-001,AVGO,0.03685694,0.02296339,0.00055096,0.01562284
AIT-2024-05-001,AXON,-0.04528005,-0.05712202,-0.07826392,-0.10585494
AIT-2024-05-001,BKNG,-0.00817175,-0.02117189,-0.00468265,-0.01442902
AIT-2024-05-001,BKR,0.00955243,0.01370064,0.01316819,-0.00875428
AIT-2024-05-001,CCEP,-0.00084368,-0.00288985,-0.01883990,-0.02459322
AIT-2024-05-001,CDNS,0.00410705,-0.00705533,-0.01100886,0.03161091
AIT-2024-05-001,CEG,0.02081917,-0.01127715,0.00337754,-0.07284132
AIT-2024-05-001,CMCSA,-0.02125036,-0.01600680,-0.02111451,-0.05666513
AIT-2024-05-001,COST,-0.00024377,0.00801804,0.01083907,0.03773492
AIT-2024-05-001,CPRT,-0.00910327,-0.02008627,-0.02126083,-0.06948334
AIT-2024-05-001,CRDO,0.02478462,0.04027927,0.03768824,0.45250158
AIT-2024-05-001,CRWD,0.03638755,0.02577683,0.03836462,0.08194546
AIT-2024-05-001,CSCO,0.01100032,-0.01367936,-0.04367922,-0.07158310
AIT-2024-05-001,CSX,-0.03100529,-0.02676257,-0.05522807,-0.07024253
AIT-2024-05-001,CTAS,-0.01269192,-0.01299917,-0.00795257,-0.04842921
AIT-2024-05-001,DASH,-0.03992175,-0.03778670,-0.08057262,-0.11727182
AIT-2024-05-001,DDOG,-0.03027646,-0.00852036,-0.00425905,-0.06478308
AIT-2024-05-001,DXCM,0.02332786,0.04265879,0.03140073,-0.08408791
AIT-2024-05-001,EA,-0.00325042,0.01127851,0.00762307,0.06058573
AIT-2024-05-001,ENTG,0.00487975,-0.01639334,-0.02650376,-0.01025520
AIT-2024-05-001,EXC,0.00884745,0.00789192,0.00532438,-0.09239178
AIT-2024-05-001,FANG,-0.02029761,-0.03250375,-0.03003100,-0.07953008
AIT-2024-05-001,FAST,-0.01895638,-0.02055075,-0.03327543,-0.08091173
AIT-2024-05-001,FER,0.09407895,0.06744458,0.08262850,0.04269876
AIT-2024-05-001,FTNT,-0.00173478,0.01093690,0.00991764,-0.00327144
AIT-2024-05-001,GEHC,-0.00771236,-0.01276504,-0.01055532,-0.10612390
AIT-2024-05-001,GILD,-0.01438534,0.00026544,-0.00780188,-0.04677199
AIT-2024-05-001,GOOG,-0.00782133,0.00317369,0.01705927,-0.01898342
AIT-2024-05-001,GOOGL,-0.00541769,0.00640247,0.01805008,-0.01802307
AIT-2024-05-001,HON,-0.00491185,0.01054763,-0.00612466,0.01586219
AIT-2024-05-001,IDXX,0.06671433,0.05721261,0.01205668,-0.00221029
AIT-2024-05-001,INTC,0.00384807,0.03181204,0.01878697,-0.02173222
AIT-2024-05-001,INTU,0.01738510,0.01740689,0.03046505,-0.11780753
AIT-2024-05-001,ISRG,0.02396288,0.01963248,0.02694161,0.06484218
AIT-2024-05-001,KDP,-0.01398563,-0.00387493,-0.01099484,-0.02878834
AIT-2024-05-001,KHC,-0.02121376,-0.01513297,-0.02129362,-0.10411843
AIT-2024-05-001,KLAC,0.03245328,0.02120827,0.02951406,0.05734746
AIT-2024-05-001,LIN,-0.01978127,-0.02162567,-0.01337393,-0.02892164
AIT-2024-05-001,LITE,0.00835569,0.03792830,0.01701278,0.03032103
AIT-2024-05-001,LRCX,0.01607916,0.01360324,0.02507347,0.05342817
AIT-2024-05-001,MAR,-0.02446508,-0.01048474,-0.02009556,-0.05164320
AIT-2024-05-001,MCHP,0.00071707,-0.00669958,0.00713777,-0.02925311
AIT-2024-05-001,MDLZ,-0.01287565,-0.00331755,-0.02201936,-0.09079076
AIT-2024-05-001,MELI,-0.00297540,0.01218238,0.02272147,-0.11042971
AIT-2024-05-001,META,-0.00443283,-0.01912258,-0.05006898,-0.00929342
AIT-2024-05-001,MNST,-0.02001525,-0.02035178,-0.03477561,-0.10480765
AIT-2024-05-001,MPWR,0.01416092,0.00091971,0.02793802,0.05957783
AIT-2024-05-001,MRVL,-0.01959712,0.02732653,0.02181164,0.00002851
AIT-2024-05-001,MSFT,0.00428997,0.00137653,0.01368715,0.01597099
AIT-2024-05-001,MSTR,0.15724383,0.11264590,0.23413460,0.08928887
AIT-2024-05-001,MTSI,-0.02365682,-0.03862200,-0.04336391,-0.06467410
AIT-2024-05-001,MU,0.00763761,0.00946440,-0.00710459,0.03584614
AIT-2024-05-001,NFLX,-0.02734564,-0.03070353,0.02472498,-0.01210161
AIT-2024-05-001,NVDA,0.00260632,0.00215352,-0.00513061,0.19912045
AIT-2024-05-001,NXPI,0.00156392,-0.00332090,0.00687518,0.01177706
AIT-2024-05-001,ODFL,-0.00927523,-0.01465026,-0.05418880,-0.05825721
AIT-2024-05-001,ON,0.00793707,-0.00891904,-0.01201829,0.04649821
AIT-2024-05-001,ORLY,-0.01101014,-0.01451892,-0.02772847,-0.02971317
AIT-2024-05-001,PANW,0.00780828,0.02455572,0.00032192,-0.00530026
AIT-2024-05-001,PAYX,-0.01320116,-0.00466623,-0.00058044,-0.02793784
AIT-2024-05-001,PCAR,-0.00217980,-0.02158056,-0.03253071,-0.05391173
AIT-2024-05-001,PDD,-0.01993794,-0.00438380,-0.00188366,-0.01239835
AIT-2024-05-001,PEP,-0.01338226,0.00827947,-0.00310801,-0.09314915
AIT-2024-05-001,PLTR,-0.02016345,-0.01499411,-0.05125463,-0.00140460
AIT-2024-05-001,PYPL,-0.02715167,-0.01905524,-0.02343650,-0.04201446
AIT-2024-05-001,QCOM,0.03022973,0.02534836,0.05448608,0.09189660
AIT-2024-05-001,REGN,-0.00886371,-0.01897675,0.00288829,0.01629266
AIT-2024-05-001,RKLB,0.02521961,0.00963475,0.06329579,0.13099919
AIT-2024-05-001,ROP,0.00497457,0.02064269,0.02183021,0.03955401
AIT-2024-05-001,ROST,-0.01931710,-0.00798080,-0.02857902,0.04321370
AIT-2024-05-001,SBUX,-0.01799559,-0.01318634,0.01851532,0.04355846
AIT-2024-05-001,SHOP,-0.04382192,-0.05392468,-0.07829524,0.02241311
AIT-2024-05-001,SNPS,0.01426858,-0.00153735,-0.00568797,-0.00140059
AIT-2024-05-001,STX,0.03688222,0.03256356,-0.02533995,0.02584368
AIT-2024-05-001,TER,0.02449829,0.02619582,0.08650670,0.12722657
AIT-2024-05-001,TMUS,-0.01214671,-0.00638501,-0.00546031,0.03904579
AIT-2024-05-001,TRI,0.00391325,0.01223840,0.01944707,-0.01585088
AIT-2024-05-001,TSLA,-0.01167150,0.00003890,0.06763024,0.03200059
AIT-2024-05-001,TSM,0.03309345,0.01383049,0.01249302,0.09169758
AIT-2024-05-001,TTWO,0.01289224,0.00222309,0.03558703,0.08219964
AIT-2024-05-001,TXN,0.02109041,0.02125251,0.03744911,0.02331738
AIT-2024-05-001,UMC,-0.01000226,-0.02149411,0.02514993,0.03545880
AIT-2024-05-001,VRTX,0.00555459,0.01383343,0.01266382,0.07061038
AIT-2024-05-001,WBD,-0.04100909,-0.03131653,-0.07212352,-0.06424500
AIT-2024-05-001,WDAY,-0.00166197,0.02169768,0.02532625,-0.18452705
AIT-2024-05-001,WDC,0.03543065,0.01497215,-0.00060340,0.00469477
AIT-2024-05-001,WMT,-0.01568833,0.05422136,0.06891578,0.07326978
AIT-2024-05-001,XEL,-0.00498037,-0.00218732,0.01480775,-0.01164365
AIT-2024-05-002,AAPL,0.00485863,0.00475387,0.01304188,0.12589912
AIT-2024-05-002,ABNB,-0.01336903,-0.02571375,-0.04564836,-0.05424347
AIT-2024-05-002,ADBE,0.00154079,0.00179600,0.00567458,-0.06127282
AIT-2024-05-002,ADI,-0.00264869,-0.00424691,0.11703967,0.07232350
AIT-2024-05-002,ADP,0.01329770,0.02194784,0.02946881,-0.01631009
AIT-2024-05-002,ADSK,0.00787291,0.01004737,0.00545162,0.00056814
AIT-2024-05-002,AEP,0.01380283,0.01447772,0.00133320,-0.04984689
AIT-2024-05-002,ALNY,0.01824624,0.00689156,0.02173795,0.09084135
AIT-2024-05-002,AMAT,0.00099507,-0.01142560,0.01564887,0.04993476
AIT-2024-05-002,AMD,0.03451556,0.04175871,0.04461347,-0.05264677
AIT-2024-05-002,AMGN,0.01040710,0.00175979,-0.01020540,-0.06923302
AIT-2024-05-002,AMZN,-0.03683162,-0.03415617,-0.04631494,-0.09244764
AIT-2024-05-002,APP,-0.03246360,-0.04833487,-0.09068650,-0.25340903
AIT-2024-05-002,ARM,-0.05584130,-0.09658344,-0.08533973,0.16542032
AIT-2024-05-002,ASML,-0.01423599,-0.01124420,-0.01595522,0.07554795
AIT-2024-05-002,ASX,-0.01721504,-0.01807555,0.01960612,0.01915300
AIT-2024-05-002,AVGO,0.00155498,-0.01424579,-0.02085736,0.11415413
AIT-2024-05-002,AXON,-0.03701539,-0.04662587,-0.06764988,-0.09785457
AIT-2024-05-002,BKNG,-0.02273560,-0.03180985,-0.00209814,-0.02263520
AIT-2024-05-002,BKR,0.00818992,0.02123801,-0.01940445,-0.03656889
AIT-2024-05-002,CCEP,-0.00486801,-0.01152987,-0.03015943,-0.03267707
AIT-2024-05-002,CDNS,0.00423402,0.00158737,0.01447317,0.02817542
AIT-2024-05-002,CEG,-0.02275111,-0.04232637,-0.01947113,-0.08213850
AIT-2024-05-002,CMCSA,-0.01349851,-0.01595579,-0.02280318,-0.05624885
AIT-2024-05-002,COST,0.00923197,0.01053833,0.01455460,0.03462285
AIT-2024-05-002,CPRT,-0.01033467,-0.01401990,-0.02609234,-0.07783270
AIT-2024-05-002,CRDO,0.04657881,0.03286768,0.06430931,0.45391248
AIT-2024-05-002,CRWD,0.00469937,0.01964256,0.00905314,0.04347048
AIT-2024-05-002,CSCO,-0.01703978,-0.02066739,-0.03389494,-0.07722937
AIT-2024-05-002,CSX,-0.00663258,-0.01947191,-0.00430275,-0.05732989
AIT-2024-05-002,CTAS,-0.00623471,-0.00739487,0.00311992,-0.04628007
AIT-2024-05-002,DASH,-0.01105997,-0.00423189,-0.05905492,-0.10511312
AIT-2024-05-002,DDOG,0.01337346,0.00616466,0.02685998,-0.04051157
AIT-2024-05-002,DXCM,0.03806414,0.03300467,0.02729008,-0.12022615
AIT-2024-05-002,EA,0.01391259,0.00273486,0.06213814,0.06416360
AIT-2024-05-002,ENTG,-0.01806458,-0.02928805,-0.01887134,-0.01792247
AIT-2024-05-002,EXC,0.00203472,0.00095747,-0.01506299,-0.08266719
AIT-2024-05-002,FANG,-0.02499254,-0.01161316,-0.04481055,-0.09085243
AIT-2024-05-002,FAST,-0.01483763,-0.02230580,-0.02099612,-0.08198126
AIT-2024-05-002,FER,0.00203124,0.00407685,-0.00388297,-0.04072149
AIT-2024-05-002,FTNT,0.00615808,0.00880249,0.01483652,-0.01543527
AIT-2024-05-002,GEHC,-0.00177852,0.00325880,-0.01307352,-0.08676078
AIT-2024-05-002,GILD,-0.00013650,-0.00203240,0.00150292,-0.06050929
AIT-2024-05-002,GOOG,0.00486449,0.01294372,0.01442880,-0.03162885
AIT-2024-05-002,GOOGL,0.00702602,0.01532473,0.01472704,-0.03080676
AIT-2024-05-002,HON,0.01589833,0.01217438,-0.00249733,0.01642048
AIT-2024-05-002,IDXX,0.02639958,0.03023288,-0.01452804,-0.05198462
AIT-2024-05-002,INTC,0.01968436,0.01259935,0.00208864,-0.04192705
AIT-2024-05-002,INTU,0.01179258,0.02118076,0.03273718,-0.12174446
AIT-2024-05-002,ISRG,0.01753064,0.02159967,0.02609767,0.04791426
AIT-2024-05-002,KDP,-0.00373174,-0.01554060,-0.00027637,-0.01224574
AIT-2024-05-002,KHC,-0.00592626,-0.00858310,0.00047234,-0.10874721
AIT-2024-05-002,KLAC,0.00670412,0.00068845,0.02857747,0.04609797
AIT-2024-05-002,LIN,-0.01246226,-0.00715925,-0.00369325,-0.00908522
AIT-2024-05-002,LITE,0.03154310,0.01454373,0.00730016,0.03700082
AIT-2024-05-002,LRCX,0.01357673,-0.02217760,0.03328974,0.05946754
AIT-2024-05-002,MAR,0.00171041,-0.00537614,-0.01406932,-0.02346352
AIT-2024-05-002,MCHP,-0.01296928,-0.01378573,0.04641786,-0.05227240
AIT-2024-05-002,MDLZ,-0.00425567,-0.01429011,-0.02817458,-0.09524869
AIT-2024-05-002,MELI,0.01554910,0.01879369,0.01037946,-0.12350717
AIT-2024-05-002,META,-0.01717789,-0.02331572,-0.03544120,-0.01320888
AIT-2024-05-002,MNST,-0.01350628,-0.01346252,-0.03047698,-0.12143363
AIT-2024-05-002,MPWR,-0.00323997,-0.00388330,0.03620047,0.05559369
AIT-2024-05-002,MRVL,0.05172076,0.03345166,0.05916971,0.01757163
AIT-2024-05-002,MSFT,0.00021273,-0.00359610,0.01894595,0.01360246
AIT-2024-05-002,MSTR,0.08547101,0.17701243,0.20036430,-0.02489829
AIT-2024-05-002,MTSI,-0.03239883,-0.04349703,-0.04532374,-0.06779685
AIT-2024-05-002,MU,0.00453410,-0.01978471,-0.01748639,0.04962598
AIT-2024-05-002,NFLX,-0.01942730,-0.00480863,0.02278009,0.00017147
AIT-2024-05-002,NVDA,0.00471537,-0.02069513,-0.00212778,0.23306884
AIT-2024-05-002,NXPI,-0.00987062,-0.01898255,0.02204547,-0.01982947
AIT-2024-05-002,ODFL,-0.00965703,-0.00530274,-0.06125219,-0.06691370
AIT-2024-05-002,ON,-0.01278031,-0.01032223,0.03984534,0.02639819
AIT-2024-05-002,ORLY,-0.00626745,-0.00126385,-0.02317675,-0.03423130
AIT-2024-05-002,PANW,0.03408637,0.03491350,0.00382155,0.00120465
AIT-2024-05-002,PAYX,0.00620588,0.00948302,0.02123371,-0.01962293
AIT-2024-05-002,PCAR,-0.03136777,-0.03311771,-0.01523591,-0.06296104
AIT-2024-05-002,PDD,0.01682397,0.03291043,0.03329072,0.00854706
AIT-2024-05-002,PEP,0.01510300,0.00999206,0.01060141,-0.09103748
AIT-2024-05-002,PLTR,-0.02387487,-0.02379354,-0.05469593,-0.03804305
AIT-2024-05-002,PYPL,-0.02256708,-0.01779571,-0.05072155,-0.07907940
AIT-2024-05-002,QCOM,0.00668769,0.00688614,0.04950792,0.08129305
AIT-2024-05-002,REGN,-0.02376401,-0.01038154,-0.01104585,0.00979369
AIT-2024-05-002,RKLB,-0.08237355,-0.07901921,-0.04771015,0.01541402
AIT-2024-05-002,ROP,0.02640392,0.03125092,0.04184180,0.02695245
AIT-2024-05-002,ROST,0.00207799,-0.01435298,-0.02197755,0.06268682
AIT-2024-05-002,SBUX,-0.00331881,0.03075295,0.07042948,0.06356606
AIT-2024-05-002,SHOP,-0.02972533,-0.02037256,-0.01620442,0.02996642
AIT-2024-05-002,SNPS,0.00176061,-0.00500622,0.00497537,-0.00754725
AIT-2024-05-002,STX,0.00675407,-0.02637329,-0.03649214,0.02230068
AIT-2024-05-002,TER,0.01567953,0.01682286,0.10019415,0.10053627
AIT-2024-05-002,TMUS,0.00179905,0.00315532,0.01008621,0.05284494
AIT-2024-05-002,TRI,0.01404861,0.01263827,0.02039806,-0.02678700
AIT-2024-05-002,TSLA,-0.02968792,-0.01511016,0.00793384,0.01385971
AIT-2024-05-002,TSM,-0.01571894,-0.02249125,0.00294110,0.06209708
AIT-2024-05-002,TTWO,-0.00083582,0.01056119,0.03103797,0.06652185
AIT-2024-05-002,TXN,0.00866822,0.00775881,0.04688771,-0.00374239
AIT-2024-05-002,UMC,-0.03147273,-0.01927123,0.03787236,0.04359905
AIT-2024-05-002,VRTX,0.02043007,0.02953924,0.03348031,0.08274821
AIT-2024-05-002,WBD,-0.04871882,-0.07006852,-0.06123918,-0.15087857
AIT-2024-05-002,WDAY,0.02772734,0.03163764,0.03905596,-0.19696388
AIT-2024-05-002,WDC,-0.01127301,-0.04233863,-0.02913034,-0.01187499
AIT-2024-05-002,WMT,0.06521996,0.07423113,0.08169186,0.08882536
AIT-2024-05-002,XEL,0.00311514,-0.00254919,-0.00021588,-0.01767589
AIT-2024-06-001,AAPL,-0.00411574,0.00791816,-0.03150981,0.06973669
AIT-2024-06-001,ABNB,-0.02534786,-0.01335525,-0.00823703,-0.06277451
AIT-2024-06-001,ADBE,0.14235838,0.12017898,0.15570261,0.19741798
AIT-2024-06-001,ADI,-0.03473733,-0.04021116,-0.04467512,-0.06039850
AIT-2024-06-001,ADP,-0.00885722,-0.00304480,0.01184748,-0.01683739
AIT-2024-06-001,ADSK,0.01176965,0.06625307,0.08038713,0.10079941
AIT-2024-06-001,AEP,-0.00153372,-0.00907471,-0.01697531,0.00634399
AIT-2024-06-001,ALNY,0.00998930,-0.01351245,0.04672321,0.53780805
AIT-2024-06-001,AMAT,-0.00846140,0.00178205,-0.02788213,-0.04621324
AIT-2024-06-001,AMD,-0.01116361,-0.03818700,-0.01735531,0.01452747
AIT-2024-06-001,AMGN,-0.01065755,-0.00166183,0.01509844,0.05748521
AIT-2024-06-001,AMZN,-0.02166960,-0.03222703,-0.00291776,-0.03233679
AIT-2024-06-001,APP,0.00293315,-0.00539192,-0.00482865,0.00952226
AIT-2024-06-001,ARM,0.00224085,-0.00816961,-0.00446236,-0.01663824
AIT-2024-06-001,ASML,-0.04444306,-0.03572336,-0.04930516,-0.08463418
AIT-2024-06-001,ASX,-0.01774863,-0.01054294,-0.00431237,-0.01839152
AIT-2024-06-001,AVGO,0.14929348,0.18701412,0.09159592,0.05763213
AIT-2024-06-001,AXON,-0.01682766,-0.01101271,-0.03199198,-0.02228726
AIT-2024-06-001,BKNG,-0.00763098,0.00695441,0.01800105,0.00577394
AIT-2024-06-001,BKR,-0.03572762,-0.00864240,0.02249206,0.10250993
AIT-2024-06-001,CCEP,-0.01061412,-0.00961119,-0.00432868,-0.05110882
AIT-2024-06-001,CDNS,-0.00219683,0.01775525,0.00946172,-0.04288183
AIT-2024-06-001,CEG,-0.02385178,-0.04987949,-0.02777330,-0.13129688
AIT-2024-06-001,CMCSA,-0.00938003,-0.01727928,0.01957198,0.03944948
AIT-2024-06-001,COST,0.00403577,0.01024793,-0.01581958,-0.06248317
AIT-2024-06-001,CPRT,-0.01522384,-0.00350353,-0.00280854,-0.02817828
AIT-2024-06-001,CRDO,-0.01227585,-0.04017169,-0.07384268,0.05394971
AIT-2024-06-001,CRWD,-0.01544949,-0.01972854,-0.05094664,-0.15706271
AIT-2024-06-001,CSCO,0.00248977,-0.00145797,0.03883008,0.05081819
AIT-2024-06-001,CSX,-0.01922038,-0.01067986,0.01488087,0.03349143
AIT-2024-06-001,CTAS,0.00066785,0.00923392,0.01002056,-0.02107469
AIT-2024-06-001,DASH,-0.03189885,-0.04263304,-0.02861222,-0.16743386
AIT-2024-06-001,DDOG,-0.01518649,-0.03422586,-0.02850471,0.01746979
AIT-2024-06-001,DXCM,-0.01360765,-0.01618291,-0.01566106,-0.08040517
AIT-2024-06-001,EA,0.00114326,0.00765683,0.02003250,0.04477071
AIT-2024-06-001,ENTG,-0.03282176,-0.03613161,-0.04677312,-0.01984163
AIT-2024-06-001,EXC,0.02283824,0.00909676,0.00105220,0.01334981
AIT-2024-06-001,FANG,-0.04393857,-0.04021060,-0.02585939,0.04202648
AIT-2024-06-001,FAST,-0.02514752,-0.00890499,0.00575370,0.02126945
AIT-2024-06-001,FER,-0.01749524,-0.04010242,-0.06091652,0.01496420
AIT-2024-06-001,FTNT,0.00157546,-0.00410389,-0.03846518,-0.03505347
AIT-2024-06-001,GEHC,0.00445223,0.00826166,0.03259707,0.01286986
AIT-2024-06-001,GILD,0.02518625,0.01054529,0.11376644,0.12014543
AIT-2024-06-001,GOOG,-0.01065002,-0.01932112,-0.00983034,-0.01167512
AIT-2024-06-001,GOOGL,-0.00961973,-0.01811704,-0.00328894,-0.01030922
AIT-2024-06-001,HON,-0.00120483,0.00980793,0.02639113,0.01157592
AIT-2024-06-001,IDXX,-0.02145409,-0.03136093,-0.04245571,-0.09527712
AIT-2024-06-001,INTC,-0.01080258,-0.00172097,0.00745024,0.09526526
AIT-2024-06-001,INTU,0.00298136,0.00317509,0.05535190,0.06047586
AIT-2024-06-001,ISRG,-0.00983465,-0.01178013,-0.00463231,-0.04277928
AIT-2024-06-001,KDP,0.01222729,0.02913840,0.02091741,-0.03071181
AIT-2024-06-001,KHC,-0.01751848,-0.00236040,-0.00215170,-0.03163395
AIT-2024-06-001,KLAC,-0.01008177,0.00397021,-0.03387034,-0.05064087
AIT-2024-06-001,LIN,0.00470713,0.00891244,0.01378789,-0.01504793
AIT-2024-06-001,LITE,0.00769551,0.05211411,0.03591904,0.19098345
AIT-2024-06-001,LRCX,-0.00699273,0.01253072,-0.00321869,-0.04390039
AIT-2024-06-001,MAR,0.00986683,0.02362220,0.02093659,0.00451006
AIT-2024-06-001,MCHP,-0.03762610,-0.05463590,-0.04286752,-0.08266765
AIT-2024-06-001,MDLZ,-0.00375204,-0.00271783,0.00586707,-0.02353457
AIT-2024-06-001,MELI,-0.01538441,-0.04236095,-0.01502702,0.02232726
AIT-2024-06-001,META,-0.01491221,-0.02487085,-0.04896573,-0.11201305
AIT-2024-06-001,MNST,-0.03467354,-0.01601572,-0.01207619,0.00087763
AIT-2024-06-001,MPWR,-0.01748873,-0.00994411,-0.00769648,-0.02434079
AIT-2024-06-001,MRVL,-0.00615350,-0.04241474,-0.03707709,-0.06982100
AIT-2024-06-001,MSFT,-0.00039165,0.00330299,0.00692858,-0.02414786
AIT-2024-06-001,MSTR,-0.08857366,-0.10659704,-0.14221929,-0.22225573
AIT-2024-06-001,MTSI,-0.01371030,0.00015295,-0.00855288,0.01605223
AIT-2024-06-001,MU,-0.00445286,0.02633967,-0.03314518,-0.17521883
AIT-2024-06-001,NFLX,0.02374316,0.02327470,0.03569116,-0.06309436
AIT-2024-06-001,NVDA,0.04171451,0.01471268,-0.02227470,-0.10662177
AIT-2024-06-001,NXPI,-0.05215021,-0.05630871,-0.05544110,-0.06704369
AIT-2024-06-001,ODFL,-0.01096021,-0.01197407,0.00154322,0.10517547
AIT-2024-06-001,ON,-0.05594521,-0.08439503,-0.10501052,-0.00856283
AIT-2024-06-001,ORLY,0.00254859,0.03478704,0.07306134,0.02765573
AIT-2024-06-001,PANW,-0.01244341,-0.01586742,-0.01315574,0.00182066
AIT-2024-06-001,PAYX,-0.00737408,0.01039762,0.02296395,-0.02102344
AIT-2024-06-001,PCAR,-0.00359290,-0.00165263,-0.01888915,-0.06844489
AIT-2024-06-001,PDD,-0.02160895,-0.03851333,-0.07413220,-0.18868960
AIT-2024-06-001,PEP,-0.00037082,0.01160087,0.01980270,-0.00578815
AIT-2024-06-001,PLTR,-0.01523011,0.02327951,-0.01678208,0.08616563
AIT-2024-06-001,PYPL,-0.04583641,-0.06453894,-0.05033194,-0.07826307
AIT-2024-06-001,QCOM,-0.00843349,0.00966120,-0.03766016,-0.13316064
AIT-2024-06-001,REGN,0.00661135,0.01039071,0.01792213,0.02477115
AIT-2024-06-001,RKLB,-0.05407008,-0.07576763,0.08630409,0.21190177
AIT-2024-06-001,ROP,-0.01696074,-0.01534347,0.00110961,-0.02075488
AIT-2024-06-001,ROST,0.00850487,0.03249031,0.02664475,-0.00599102
AIT-2024-06-001,SBUX,0.00471425,0.02070572,0.00974655,-0.08316777
AIT-2024-06-001,SHOP,0.03120835,-0.00414981,-0.01618480,-0.07772195
AIT-2024-06-001,SNPS,-0.00523611,0.02062609,0.01123591,-0.01882967
AIT-2024-06-001,STX,0.00459039,0.01473897,-0.00792248,-0.00492338
AIT-2024-06-001,TER,-0.03076652,-0.04878723,-0.01878587,-0.00581893
AIT-2024-06-001,TMUS,0.00995693,0.01455740,0.00852570,0.01366575
AIT-2024-06-001,TRI,-0.02155745,-0.02950851,-0.04289616,-0.08776364
AIT-2024-06-001,TSLA,0.00571844,0.04725064,0.03480115,0.35949432
AIT-2024-06-001,TSM,-0.00652125,0.00690102,-0.01317122,-0.01682655
AIT-2024-06-001,TTWO,-0.00618793,-0.02311668,-0.01529446,-0.07045962
AIT-2024-06-001,TXN,-0.02863299,-0.03293980,-0.02727970,-0.03080009
AIT-2024-06-001,UMC,-0.00452025,0.00076070,0.00031191,-0.06421229
AIT-2024-06-001,VRTX,0.00717198,-0.01349400,-0.02506585,-0.00985735
AIT-2024-06-001,WBD,-0.07020876,-0.09050402,-0.07345704,-0.03258272
AIT-2024-06-001,WDAY,-0.00705590,0.00076144,0.03700548,0.08392238
AIT-2024-06-001,WDC,-0.02136215,-0.01267832,-0.06799540,-0.10265225
AIT-2024-06-001,WMT,0.00802731,0.01085994,0.01563082,0.01835259
AIT-2024-06-001,XEL,-0.00832568,-0.02085160,-0.01631360,-0.02281260
AIT-2024-06-003,AAPL,-0.03111951,-0.03961548,-0.01207788,0.03567968
AIT-2024-06-003,ABNB,-0.00903131,0.00522604,0.00760890,-0.02150579
AIT-2024-06-003,ADBE,0.01265964,0.03680240,0.03175567,0.09802917
AIT-2024-06-003,ADI,-0.01251568,-0.00440247,-0.02164200,0.00578353
AIT-2024-06-003,ADP,0.00574848,0.01484647,-0.02453096,0.01573677
AIT-2024-06-003,ADSK,0.01615138,0.01491553,0.02140260,0.02604642
AIT-2024-06-003,AEP,0.00082023,-0.00823659,-0.00901218,0.04846860
AIT-2024-06-003,ALNY,0.00495214,0.06047997,0.50819544,0.49322404
AIT-2024-06-003,AMAT,-0.01200552,-0.02938494,-0.04756710,-0.13497902
AIT-2024-06-003,AMD,0.02157237,0.02068558,-0.00857075,-0.05062661
AIT-2024-06-003,AMGN,0.02110441,0.01624838,0.02941047,0.07029689
AIT-2024-06-003,AMZN,0.01128886,0.02931856,0.05071383,-0.02213079
AIT-2024-06-003,APP,-0.01872019,0.00040917,0.01463804,-0.03545525
AIT-2024-06-003,ARM,0.00547502,0.00409057,0.02294593,-0.07602583
AIT-2024-06-003,ASML,-0.00211392,-0.01352181,-0.03694551,-0.15248706
AIT-2024-06-003,ASX,0.01909221,0.00765165,-0.00127029,-0.00834084
AIT-2024-06-003,AVGO,-0.05306792,-0.09490590,-0.13749217,-0.15885503
AIT-2024-06-003,AXON,-0.01475126,-0.02058221,-0.01900877,0.00061835
AIT-2024-06-003,BKNG,0.00498690,0.01089855,0.00695257,-0.02128575
AIT-2024-06-003,BKR,0.03066698,0.03078868,0.07866370,0.12381606
AIT-2024-06-003,CCEP,-0.01555298,0.00501432,-0.00144458,-0.02629039
AIT-2024-06-003,CDNS,-0.00981991,-0.00791841,-0.03821672,-0.15690257
AIT-2024-06-003,CEG,0.04244710,0.02230618,-0.02342379,-0.19379265
AIT-2024-06-003,CMCSA,0.01744397,0.03634117,0.03207416,0.10028569
AIT-2024-06-003,COST,-0.00928604,-0.02616761,-0.02234800,-0.07577946
AIT-2024-06-003,CPRT,-0.00560863,0.00045255,0.00591706,-0.06299809
AIT-2024-06-003,CRDO,-0.00912276,-0.03881277,0.03430933,-0.00746794
AIT-2024-06-003,CRWD,-0.02614945,-0.03020064,-0.04169855,-0.20585794
AIT-2024-06-003,CSCO,0.02555023,0.04018997,0.03428485,0.08132733
AIT-2024-06-003,CSX,0.02141938,0.02525394,0.01212716,0.06384574
AIT-2024-06-003,CTAS,-0.00272153,0.00058570,-0.00496741,0.04255114
AIT-2024-06-003,DASH,-0.02167108,0.01427946,-0.01389090,-0.13990507
AIT-2024-06-003,DDOG,-0.00858890,0.00666365,0.05161696,0.00260666
AIT-2024-06-003,DXCM,-0.00448862,0.00132032,-0.02685529,-0.06757001
AIT-2024-06-003,EA,0.00248610,0.01213642,0.02194777,0.05591001
AIT-2024-06-003,ENTG,-0.01519036,-0.01046808,-0.01492681,-0.05111616
AIT-2024-06-003,EXC,-0.00518201,-0.00843049,-0.00671621,0.03689472
AIT-2024-06-003,FANG,0.02468478,0.01426939,0.04128507,0.07999717
AIT-2024-06-003,FAST,0.01044925,0.01436085,-0.01763252,0.05239212
AIT-2024-06-003,FER,0.02382984,-0.02087552,0.02247729,0.04529755
AIT-2024-06-003,FTNT,-0.04724478,-0.03424174,-0.04118949,-0.04042564
AIT-2024-06-003,GEHC,0.02537478,0.02417812,0.00831475,0.03689505
AIT-2024-06-003,GILD,0.06958134,0.10318336,0.08663268,0.15854511
AIT-2024-06-003,GOOG,-0.00614750,0.00973698,0.03485310,-0.01874954
AIT-2024-06-003,GOOGL,-0.00543243,0.01503123,0.03561788,-0.01831784
AIT-2024-06-003,HON,0.01075359,0.01628237,0.00778071,0.02116451
AIT-2024-06-003,IDXX,-0.01374086,-0.01096367,-0.02410310,-0.05784930
AIT-2024-06-003,INTC,-0.00878940,0.00947943,-0.00647191,0.13355320
AIT-2024-06-003,INTU,0.02432258,0.05323644,0.06161509,0.05799316
AIT-2024-06-003,ISRG,0.00577701,0.00742059,0.02753337,-0.05461395
AIT-2024-06-003,KDP,-0.01378823,-0.00842047,-0.00938529,-0.04198382
AIT-2024-06-003,KHC,-0.00917583,0.00020861,-0.02024415,0.01692473
AIT-2024-06-003,KLAC,-0.02340668,-0.03759224,-0.04646431,-0.10823584
AIT-2024-06-003,LIN,0.00408954,0.00474893,-0.00677600,0.00052110
AIT-2024-06-003,LITE,-0.03705208,-0.01643523,-0.00259139,0.13284471
AIT-2024-06-003,LRCX,-0.00741014,-0.01548597,-0.01356551,-0.13551787
AIT-2024-06-003,MAR,-0.00224804,-0.00244656,-0.01184781,-0.00983001
AIT-2024-06-003,MCHP,-0.01954751,0.01195091,-0.00639923,-0.00342974
AIT-2024-06-003,MDLZ,0.00059032,0.00831590,0.01141585,0.02425807
AIT-2024-06-003,MELI,0.01615710,0.02733349,0.07284267,0.01816811
AIT-2024-06-003,META,-0.01143137,-0.02394087,0.00647829,-0.10156279
AIT-2024-06-003,MNST,-0.00662147,0.00387844,0.03380462,0.05385643
AIT-2024-06-003,MPWR,-0.00154624,0.00226020,-0.01337998,-0.00634460
AIT-2024-06-003,MRVL,0.02095908,0.00570503,-0.04674636,-0.05971925
AIT-2024-06-003,MSFT,-0.00632482,0.00407908,0.00643959,-0.03831007
AIT-2024-06-003,MSTR,-0.04179543,-0.03348956,-0.06962698,-0.12114201
AIT-2024-06-003,MTSI,-0.01845014,-0.00860379,0.01217670,-0.03180978
AIT-2024-06-003,MU,-0.02633011,-0.05859412,-0.04777646,-0.28362271
AIT-2024-06-003,NFLX,0.00228480,0.01272517,-0.00534739,-0.09111835
AIT-2024-06-003,NVDA,-0.00513620,-0.03699810,-0.04574089,-0.15046800
AIT-2024-06-003,NXPI,-0.02451272,0.00132372,-0.01285676,0.00595468
AIT-2024-06-003,ODFL,0.00835286,0.01330499,0.02356802,0.14445064
AIT-2024-06-003,ON,-0.03829244,-0.02026500,-0.02055198,0.10297746
AIT-2024-06-003,ORLY,0.03606425,0.03805232,0.00925968,-0.01355896
AIT-2024-06-003,PANW,-0.02772299,0.00333532,0.01495800,-0.01200823
AIT-2024-06-003,PAYX,0.00409758,0.01251437,-0.05568861,0.00111759
AIT-2024-06-003,PCAR,-0.00623694,-0.01758395,-0.03734831,-0.00731369
AIT-2024-06-003,PDD,-0.03177574,-0.03431597,-0.08166623,-0.16664593
AIT-2024-06-003,PEP,0.00404676,0.00846047,0.00575445,0.02950823
AIT-2024-06-003,PLTR,0.02242645,-0.04105045,-0.03501155,0.10443357
AIT-2024-06-003,PYPL,-0.00290729,0.01364204,-0.02503173,0.00215838
AIT-2024-06-003,QCOM,-0.03301076,-0.04669075,-0.12775544,-0.20173353
AIT-2024-06-003,REGN,-0.00158196,0.00718982,0.02011948,0.00607632
AIT-2024-06-003,RKLB,0.11417919,0.16246962,0.11676378,0.24129925
AIT-2024-06-003,ROP,0.01096039,0.01640228,0.00886951,0.02884284
AIT-2024-06-003,ROST,-0.02026658,-0.00631698,-0.01189845,-0.05253155
AIT-2024-06-003,SBUX,-0.01650583,-0.01140518,-0.01762021,-0.06690471
AIT-2024-06-003,SHOP,-0.03598804,-0.01287069,-0.00578732,-0.04257717
AIT-2024-06-003,SNPS,-0.00342316,-0.00885383,-0.02280344,-0.10367940
AIT-2024-06-003,STX,-0.02717720,-0.02220033,-0.03066625,-0.05335022
AIT-2024-06-003,TER,0.02401964,0.03019836,0.01655723,0.01442939
AIT-2024-06-003,TMUS,-0.00749485,-0.00659458,-0.01283201,0.00024439
AIT-2024-06-003,TRI,-0.00353359,-0.01342473,0.00070464,-0.05457352
AIT-2024-06-003,TSLA,-0.02535032,-0.01223255,0.06549648,0.34071464
AIT-2024-06-003,TSM,-0.01235029,-0.01953807,-0.03607476,-0.07106263
AIT-2024-06-003,TTWO,-0.01509377,0.00711737,0.00144179,-0.05571694
AIT-2024-06-003,TXN,-0.01028384,0.00587528,-0.00824028,0.04357198
AIT-2024-06-003,UMC,0.00509144,0.00028488,-0.01065250,-0.06310209
AIT-2024-06-003,VRTX,-0.00631103,-0.01187844,-0.00436688,0.00351644
AIT-2024-06-003,WBD,-0.00966843,0.01570034,0.03258533,0.22814764
AIT-2024-06-003,WDAY,0.01361683,0.03716557,0.02890953,0.09981226
AIT-2024-06-003,WDC,-0.04830448,-0.05522464,-0.06762464,-0.18497956
AIT-2024-06-003,WMT,0.00684672,0.00477406,0.00736771,0.02625592
AIT-2024-06-003,XEL,0.00621187,0.00409375,0.01229119,0.04988327
AIT-2024-06-004,AAPL,-0.03111951,-0.03961548,-0.01207788,0.03567968
AIT-2024-06-004,ABNB,-0.00903131,0.00522604,0.00760890,-0.02150579
AIT-2024-06-004,ADBE,0.01265964,0.03680240,0.03175567,0.09802917
AIT-2024-06-004,ADI,-0.01251568,-0.00440247,-0.02164200,0.00578353
AIT-2024-06-004,ADP,0.00574848,0.01484647,-0.02453096,0.01573677
AIT-2024-06-004,ADSK,0.01615138,0.01491553,0.02140260,0.02604642
AIT-2024-06-004,AEP,0.00082023,-0.00823659,-0.00901218,0.04846860
AIT-2024-06-004,ALNY,0.00495214,0.06047997,0.50819544,0.49322404
AIT-2024-06-004,AMAT,-0.01200552,-0.02938494,-0.04756710,-0.13497902
AIT-2024-06-004,AMD,0.02157237,0.02068558,-0.00857075,-0.05062661
AIT-2024-06-004,AMGN,0.02110441,0.01624838,0.02941047,0.07029689
AIT-2024-06-004,AMZN,0.01128886,0.02931856,0.05071383,-0.02213079
AIT-2024-06-004,APP,-0.01872019,0.00040917,0.01463804,-0.03545525
AIT-2024-06-004,ARM,0.00547502,0.00409057,0.02294593,-0.07602583
AIT-2024-06-004,ASML,-0.00211392,-0.01352181,-0.03694551,-0.15248706
AIT-2024-06-004,ASX,0.01909221,0.00765165,-0.00127029,-0.00834084
AIT-2024-06-004,AVGO,-0.05306792,-0.09490590,-0.13749217,-0.15885503
AIT-2024-06-004,AXON,-0.01475126,-0.02058221,-0.01900877,0.00061835
AIT-2024-06-004,BKNG,0.00498690,0.01089855,0.00695257,-0.02128575
AIT-2024-06-004,BKR,0.03066698,0.03078868,0.07866370,0.12381606
AIT-2024-06-004,CCEP,-0.01555298,0.00501432,-0.00144458,-0.02629039
AIT-2024-06-004,CDNS,-0.00981991,-0.00791841,-0.03821672,-0.15690257
AIT-2024-06-004,CEG,0.04244710,0.02230618,-0.02342379,-0.19379265
AIT-2024-06-004,CMCSA,0.01744397,0.03634117,0.03207416,0.10028569
AIT-2024-06-004,COST,-0.00928604,-0.02616761,-0.02234800,-0.07577946
AIT-2024-06-004,CPRT,-0.00560863,0.00045255,0.00591706,-0.06299809
AIT-2024-06-004,CRDO,-0.00912276,-0.03881277,0.03430933,-0.00746794
AIT-2024-06-004,CRWD,-0.02614945,-0.03020064,-0.04169855,-0.20585794
AIT-2024-06-004,CSCO,0.02555023,0.04018997,0.03428485,0.08132733
AIT-2024-06-004,CSX,0.02141938,0.02525394,0.01212716,0.06384574
AIT-2024-06-004,CTAS,-0.00272153,0.00058570,-0.00496741,0.04255114
AIT-2024-06-004,DASH,-0.02167108,0.01427946,-0.01389090,-0.13990507
AIT-2024-06-004,DDOG,-0.00858890,0.00666365,0.05161696,0.00260666
AIT-2024-06-004,DXCM,-0.00448862,0.00132032,-0.02685529,-0.06757001
AIT-2024-06-004,EA,0.00248610,0.01213642,0.02194777,0.05591001
AIT-2024-06-004,ENTG,-0.01519036,-0.01046808,-0.01492681,-0.05111616
AIT-2024-06-004,EXC,-0.00518201,-0.00843049,-0.00671621,0.03689472
AIT-2024-06-004,FANG,0.02468478,0.01426939,0.04128507,0.07999717
AIT-2024-06-004,FAST,0.01044925,0.01436085,-0.01763252,0.05239212
AIT-2024-06-004,FER,0.02382984,-0.02087552,0.02247729,0.04529755
AIT-2024-06-004,FTNT,-0.04724478,-0.03424174,-0.04118949,-0.04042564
AIT-2024-06-004,GEHC,0.02537478,0.02417812,0.00831475,0.03689505
AIT-2024-06-004,GILD,0.06958134,0.10318336,0.08663268,0.15854511
AIT-2024-06-004,GOOG,-0.00614750,0.00973698,0.03485310,-0.01874954
AIT-2024-06-004,GOOGL,-0.00543243,0.01503123,0.03561788,-0.01831784
AIT-2024-06-004,HON,0.01075359,0.01628237,0.00778071,0.02116451
AIT-2024-06-004,IDXX,-0.01374086,-0.01096367,-0.02410310,-0.05784930
AIT-2024-06-004,INTC,-0.00878940,0.00947943,-0.00647191,0.13355320
AIT-2024-06-004,INTU,0.02432258,0.05323644,0.06161509,0.05799316
AIT-2024-06-004,ISRG,0.00577701,0.00742059,0.02753337,-0.05461395
AIT-2024-06-004,KDP,-0.01378823,-0.00842047,-0.00938529,-0.04198382
AIT-2024-06-004,KHC,-0.00917583,0.00020861,-0.02024415,0.01692473
AIT-2024-06-004,KLAC,-0.02340668,-0.03759224,-0.04646431,-0.10823584
AIT-2024-06-004,LIN,0.00408954,0.00474893,-0.00677600,0.00052110
AIT-2024-06-004,LITE,-0.03705208,-0.01643523,-0.00259139,0.13284471
AIT-2024-06-004,LRCX,-0.00741014,-0.01548597,-0.01356551,-0.13551787
AIT-2024-06-004,MAR,-0.00224804,-0.00244656,-0.01184781,-0.00983001
AIT-2024-06-004,MCHP,-0.01954751,0.01195091,-0.00639923,-0.00342974
AIT-2024-06-004,MDLZ,0.00059032,0.00831590,0.01141585,0.02425807
AIT-2024-06-004,MELI,0.01615710,0.02733349,0.07284267,0.01816811
AIT-2024-06-004,META,-0.01143137,-0.02394087,0.00647829,-0.10156279
AIT-2024-06-004,MNST,-0.00662147,0.00387844,0.03380462,0.05385643
AIT-2024-06-004,MPWR,-0.00154624,0.00226020,-0.01337998,-0.00634460
AIT-2024-06-004,MRVL,0.02095908,0.00570503,-0.04674636,-0.05971925
AIT-2024-06-004,MSFT,-0.00632482,0.00407908,0.00643959,-0.03831007
AIT-2024-06-004,MSTR,-0.04179543,-0.03348956,-0.06962698,-0.12114201
AIT-2024-06-004,MTSI,-0.01845014,-0.00860379,0.01217670,-0.03180978
AIT-2024-06-004,MU,-0.02633011,-0.05859412,-0.04777646,-0.28362271
AIT-2024-06-004,NFLX,0.00228480,0.01272517,-0.00534739,-0.09111835
AIT-2024-06-004,NVDA,-0.00513620,-0.03699810,-0.04574089,-0.15046800
AIT-2024-06-004,NXPI,-0.02451272,0.00132372,-0.01285676,0.00595468
AIT-2024-06-004,ODFL,0.00835286,0.01330499,0.02356802,0.14445064
AIT-2024-06-004,ON,-0.03829244,-0.02026500,-0.02055198,0.10297746
AIT-2024-06-004,ORLY,0.03606425,0.03805232,0.00925968,-0.01355896
AIT-2024-06-004,PANW,-0.02772299,0.00333532,0.01495800,-0.01200823
AIT-2024-06-004,PAYX,0.00409758,0.01251437,-0.05568861,0.00111759
AIT-2024-06-004,PCAR,-0.00623694,-0.01758395,-0.03734831,-0.00731369
AIT-2024-06-004,PDD,-0.03177574,-0.03431597,-0.08166623,-0.16664593
AIT-2024-06-004,PEP,0.00404676,0.00846047,0.00575445,0.02950823
AIT-2024-06-004,PLTR,0.02242645,-0.04105045,-0.03501155,0.10443357
AIT-2024-06-004,PYPL,-0.00290729,0.01364204,-0.02503173,0.00215838
AIT-2024-06-004,QCOM,-0.03301076,-0.04669075,-0.12775544,-0.20173353
AIT-2024-06-004,REGN,-0.00158196,0.00718982,0.02011948,0.00607632
AIT-2024-06-004,RKLB,0.11417919,0.16246962,0.11676378,0.24129925
AIT-2024-06-004,ROP,0.01096039,0.01640228,0.00886951,0.02884284
AIT-2024-06-004,ROST,-0.02026658,-0.00631698,-0.01189845,-0.05253155
AIT-2024-06-004,SBUX,-0.01650583,-0.01140518,-0.01762021,-0.06690471
AIT-2024-06-004,SHOP,-0.03598804,-0.01287069,-0.00578732,-0.04257717
AIT-2024-06-004,SNPS,-0.00342316,-0.00885383,-0.02280344,-0.10367940
AIT-2024-06-004,STX,-0.02717720,-0.02220033,-0.03066625,-0.05335022
AIT-2024-06-004,TER,0.02401964,0.03019836,0.01655723,0.01442939
AIT-2024-06-004,TMUS,-0.00749485,-0.00659458,-0.01283201,0.00024439
AIT-2024-06-004,TRI,-0.00353359,-0.01342473,0.00070464,-0.05457352
AIT-2024-06-004,TSLA,-0.02535032,-0.01223255,0.06549648,0.34071464
AIT-2024-06-004,TSM,-0.01235029,-0.01953807,-0.03607476,-0.07106263
AIT-2024-06-004,TTWO,-0.01509377,0.00711737,0.00144179,-0.05571694
AIT-2024-06-004,TXN,-0.01028384,0.00587528,-0.00824028,0.04357198
AIT-2024-06-004,UMC,0.00509144,0.00028488,-0.01065250,-0.06310209
AIT-2024-06-004,VRTX,-0.00631103,-0.01187844,-0.00436688,0.00351644
AIT-2024-06-004,WBD,-0.00966843,0.01570034,0.03258533,0.22814764
AIT-2024-06-004,WDAY,0.01361683,0.03716557,0.02890953,0.09981226
AIT-2024-06-004,WDC,-0.04830448,-0.05522464,-0.06762464,-0.18497956
AIT-2024-06-004,WMT,0.00684672,0.00477406,0.00736771,0.02625592
AIT-2024-06-004,XEL,0.00621187,0.00409375,0.01229119,0.04988327
AIT-2024-06-005,AAPL,-0.00143044,-0.00017498,0.01058939,0.06428548
AIT-2024-06-005,ABNB,0.01201009,0.02357894,0.03205337,0.00330327
AIT-2024-06-005,ADBE,0.01390607,0.01578509,0.07792924,0.08358453
AIT-2024-06-005,ADI,0.00088908,0.00381304,-0.00459573,0.01932395
AIT-2024-06-005,ADP,0.01645697,0.01160932,-0.02503742,0.01115731
AIT-2024-06-005,ADSK,-0.00808352,0.00168695,0.02797273,0.01338071
AIT-2024-06-005,AEP,0.00476282,-0.01211307,-0.00306332,0.05208938
AIT-2024-06-005,ALNY,0.40494445,0.48149285,0.50009805,0.48555652
AIT-2024-06-005,AMAT,-0.03575534,-0.02342172,-0.01527733,-0.09806493
AIT-2024-06-005,AMD,0.00044101,-0.00905328,0.00476417,-0.07647232
AIT-2024-06-005,AMGN,0.02965703,0.02972019,0.00776317,0.05857327
AIT-2024-06-005,AMZN,0.00459903,0.00258658,0.04182576,-0.04532546
AIT-2024-06-005,APP,0.01817653,0.04797897,0.06994188,0.00389856
AIT-2024-06-005,ARM,-0.05230912,-0.00277408,0.01205160,-0.06780992
AIT-2024-06-005,ASML,-0.03920837,-0.02552144,-0.02531543,-0.13817411
AIT-2024-06-005,ASX,-0.02272026,-0.02205750,-0.02484567,-0.05346819
AIT-2024-06-005,AVGO,-0.07279055,-0.08789005,-0.07148756,-0.10657192
AIT-2024-06-005,AXON,0.00336357,-0.00200876,0.00389644,0.05168942
AIT-2024-06-005,BKNG,0.00779360,0.01133499,-0.00064768,-0.03710333
AIT-2024-06-005,BKR,0.04798843,0.05979359,0.07269257,0.09263834
AIT-2024-06-005,CCEP,0.03662723,0.02553649,-0.00819532,-0.01328446
AIT-2024-06-005,CDNS,-0.02182476,-0.01962048,-0.02908830,-0.11817891
AIT-2024-06-005,CEG,-0.02791136,-0.00631379,-0.11563212,-0.22424391
AIT-2024-06-005,CMCSA,0.02263089,0.01910411,0.04378111,0.06871635
AIT-2024-06-005,COST,-0.01609150,-0.01217452,-0.02259919,-0.06410464
AIT-2024-06-005,CPRT,0.02246041,0.02462217,0.00637905,-0.04376879
AIT-2024-06-005,CRDO,-0.03081258,0.04405210,0.12228860,-0.00005484
AIT-2024-06-005,CRWD,-0.00614041,0.00809114,-0.00435420,-0.42250548
AIT-2024-06-005,CSCO,0.01816582,0.01900897,0.02705701,0.02991659
AIT-2024-06-005,CSX,0.00002815,-0.01742672,0.00591513,0.02701071
AIT-2024-06-005,CTAS,0.00907371,0.01010597,-0.01183950,0.05699196
AIT-2024-06-005,DASH,0.01467318,0.01946719,-0.00786649,-0.08111229
AIT-2024-06-005,DDOG,0.02908039,0.02859108,0.11816077,0.03017261
AIT-2024-06-005,DXCM,-0.04340810,-0.04956764,-0.02135677,-0.05634909
AIT-2024-06-005,EA,0.02697616,0.02010332,0.01105080,0.02579373
AIT-2024-06-005,ENTG,-0.00504930,0.01224259,0.02223979,-0.01649010
AIT-2024-06-005,EXC,0.01484768,-0.00100729,-0.00466049,0.04116399
AIT-2024-06-005,FANG,0.02764912,0.02406948,0.03289391,0.03133066
AIT-2024-06-005,FAST,0.00134643,-0.01071849,-0.03543615,0.03376605
AIT-2024-06-005,FER,0.00147136,0.00086352,-0.02841564,0.03477800
AIT-2024-06-005,FTNT,0.01255685,0.01642453,0.04744687,0.01062356
AIT-2024-06-005,GEHC,-0.00048111,-0.00552898,-0.01381054,0.01170611
AIT-2024-06-005,GILD,0.03683780,0.02039045,0.00966850,0.07241490
AIT-2024-06-005,GOOG,0.02295600,0.04412715,0.03345824,0.00572585
AIT-2024-06-005,GOOGL,0.02235418,0.04381796,0.03461161,0.00452167
AIT-2024-06-005,HON,0.01132522,0.00196202,-0.00152748,0.00140385
AIT-2024-06-005,IDXX,0.00034441,-0.00467020,-0.00672098,-0.03582892
AIT-2024-06-005,INTC,0.00730464,0.00981096,0.02343620,0.10371886
AIT-2024-06-005,INTU,0.02167075,0.02744455,0.07374912,0.04278729
AIT-2024-06-005,ISRG,-0.00234848,0.02304097,0.02951752,0.04042388
AIT-2024-06-005,KDP,0.01448807,0.00580372,-0.01752621,-0.04122363
AIT-2024-06-005,KHC,0.01733221,0.00388416,-0.01494009,-0.00527120
AIT-2024-06-005,KLAC,-0.03670527,-0.01392821,-0.00618024,-0.06044539
AIT-2024-06-005,LIN,0.00294682,-0.00363246,-0.00911949,-0.00499937
AIT-2024-06-005,LITE,0.00751612,0.03630714,0.08132912,0.16960806
AIT-2024-06-005,LRCX,-0.02662831,-0.00584387,0.00752624,-0.10315581
AIT-2024-06-005,MAR,0.01208619,0.00485760,-0.00589787,-0.01685119
AIT-2024-06-005,MCHP,0.01166296,0.00526836,0.03531871,0.03299501
AIT-2024-06-005,MDLZ,0.03809779,0.02875686,0.00091284,0.01777132
AIT-2024-06-005,MELI,0.00607095,0.03816073,0.04164030,0.04680143
AIT-2024-06-005,META,0.00014625,0.01571219,0.00204266,-0.07762109
AIT-2024-06-005,MNST,0.02176243,0.03333468,0.03351719,0.04489191
AIT-2024-06-005,MPWR,-0.02274261,-0.00421531,0.00197893,0.00855237
AIT-2024-06-005,MRVL,-0.06471082,-0.06458411,-0.03598829,-0.06677465
AIT-2024-06-005,MSFT,0.00909713,0.01171204,0.00323860,-0.03136819
AIT-2024-06-005,MSTR,-0.06839586,0.00529417,-0.09193674,0.03853568
AIT-2024-06-005,MTSI,0.02257131,0.01323504,0.06641948,0.00344835
AIT-2024-06-005,MU,-0.03268181,-0.02557535,-0.09735893,-0.28188875
AIT-2024-06-005,NFLX,-0.01227632,-0.01244526,-0.01125263,-0.09010284
AIT-2024-06-005,NVDA,-0.09470678,-0.03850647,-0.06496703,-0.14284302
AIT-2024-06-005,NXPI,0.01707509,0.02075134,0.01918331,0.04485385
AIT-2024-06-005,ODFL,0.01774055,0.00819890,0.02576097,0.13650539
AIT-2024-06-005,ON,0.01572143,0.01278346,0.03342807,0.17121912
AIT-2024-06-005,ORLY,0.00512970,-0.02017913,-0.02076820,-0.02442490
AIT-2024-06-005,PANW,0.02388641,0.03767802,0.08893378,0.04622115
AIT-2024-06-005,PAYX,0.01189689,0.00147980,-0.04761893,-0.01563396
AIT-2024-06-005,PCAR,-0.00016236,-0.00844654,-0.04317723,-0.01354915
AIT-2024-06-005,PDD,-0.01658293,-0.03272160,-0.08661769,-0.11661212
AIT-2024-06-005,PEP,0.01046336,0.00513888,-0.00816279,0.00726992
AIT-2024-06-005,PLTR,-0.04149984,-0.03599540,-0.00153347,0.06036358
AIT-2024-06-005,PYPL,0.00373242,-0.00346998,-0.02075534,0.01431727
AIT-2024-06-005,QCOM,-0.06576660,-0.06677254,-0.08530918,-0.15729174
AIT-2024-06-005,REGN,0.02027445,0.02441443,0.00474702,0.00506823
AIT-2024-06-005,RKLB,0.02020258,-0.00157926,0.02109826,0.14669076
AIT-2024-06-005,ROP,0.01001720,0.00796226,0.01076246,0.02303114
AIT-2024-06-005,ROST,0.01609437,0.00757990,-0.01321330,-0.03277809
AIT-2024-06-005,SBUX,0.00659238,-0.00085804,-0.01394355,-0.02152618
AIT-2024-06-005,SHOP,0.02320238,0.02296428,0.05221247,-0.00785392
AIT-2024-06-005,SNPS,-0.01656051,-0.01467373,-0.02085982,-0.05562395
AIT-2024-06-005,STX,0.01095985,0.00981648,0.00480981,0.00267430
AIT-2024-06-005,TER,-0.00673234,-0.00015368,0.00760321,0.01910276
AIT-2024-06-005,TMUS,0.00737243,0.00324054,-0.00828671,-0.02452112
AIT-2024-06-005,TRI,-0.00706573,0.00571090,0.00671630,-0.03869600
AIT-2024-06-005,TSLA,0.01937419,0.04216028,0.10905294,0.37943300
AIT-2024-06-005,TSM,-0.03886180,-0.01785002,-0.01312857,-0.08392169
AIT-2024-06-005,TTWO,0.03438081,0.02657225,0.00487863,-0.04610336
AIT-2024-06-005,TXN,0.01189405,0.01029555,0.01241447,0.05015652
AIT-2024-06-005,UMC,-0.00463232,-0.00930629,-0.01251893,-0.08429915
AIT-2024-06-005,VRTX,0.00863051,0.00245755,-0.01088099,0.01579094
AIT-2024-06-005,WBD,0.05217137,0.03977383,0.07914794,0.24377118
AIT-2024-06-005,WDAY,0.02624701,0.01806392,0.05180399,0.08007687
AIT-2024-06-005,WDC,-0.00805318,0.00419716,-0.01267193,-0.09471890
AIT-2024-06-005,WMT,0.01245857,-0.01102602,-0.00918236,0.01058391
AIT-2024-06-005,XEL,0.01067797,0.00491113,-0.00015036,0.03942585
AIT-2024-07-001,AAPL,-0.00481097,0.00140185,-0.01332888,0.00582343
AIT-2024-07-001,ABNB,0.01917964,0.01355358,-0.01448619,-0.19743626
AIT-2024-07-001,ADBE,-0.00656518,-0.01926904,0.00069023,0.01215964
AIT-2024-07-001,ADI,0.00128415,-0.03685253,-0.03013151,-0.05897793
AIT-2024-07-001,ADP,0.00190028,0.00482471,0.03266932,0.07807025
AIT-2024-07-001,ADSK,0.00650803,0.01403574,0.02206124,0.04121111
AIT-2024-07-001,AEP,0.00658882,-0.00052330,0.03657298,0.03647810
AIT-2024-07-001,ALNY,-0.00994705,-0.01578952,-0.00609381,0.10245206
AIT-2024-07-001,AMAT,0.02090048,0.00596291,-0.02557419,-0.04936521
AIT-2024-07-001,AMD,-0.00650137,-0.01450311,-0.06697340,-0.03897570
AIT-2024-07-001,AMGN,0.01238558,0.00579178,0.02538742,-0.01930978
AIT-2024-07-001,AMZN,-0.01301342,0.00991160,0.01226905,-0.04770914
AIT-2024-07-001,APP,0.01714268,0.02643332,-0.01319680,0.04944682
AIT-2024-07-001,ARM,0.01574060,0.06742918,-0.02699096,-0.23262448
AIT-2024-07-001,ASML,0.01151708,0.00515233,-0.00883850,-0.00853003
AIT-2024-07-001,ASX,-0.02464304,-0.02114613,-0.06369977,-0.12784237
AIT-2024-07-001,AVGO,-0.00605127,0.01295175,-0.02925889,0.02090942
AIT-2024-07-001,AXON,0.03035782,0.04052828,0.03118151,0.20141510
AIT-2024-07-001,BKNG,-0.00912756,-0.00426489,-0.03813707,-0.07273021
AIT-2024-07-001,BKR,-0.00668671,-0.00554873,0.06082250,-0.00306216
AIT-2024-07-001,CCEP,-0.00176199,-0.01391775,0.01373827,0.02867532
AIT-2024-07-001,CDNS,0.02818540,0.01695297,-0.04190272,0.02507494
AIT-2024-07-001,CEG,0.00817964,0.00530969,-0.05699371,-0.01173070
AIT-2024-07-001,CMCSA,-0.01454277,-0.03774637,0.00895478,0.01914546
AIT-2024-07-001,COST,0.00408376,0.00964286,-0.01992197,0.00978132
AIT-2024-07-001,CPRT,0.01329192,0.01171783,0.00991608,-0.00148492
AIT-2024-07-001,CRDO,-0.01274743,0.02470199,-0.00967999,0.00031046
AIT-2024-07-001,CRWD,-0.25716432,-0.23691571,-0.25492129,-0.29023579
AIT-2024-07-001,CSCO,-0.02510012,-0.03268712,0.01353876,0.05819029
AIT-2024-07-001,CSX,-0.01643093,-0.04043181,-0.00895887,-0.04245915
AIT-2024-07-001,CTAS,0.01227525,-0.00787370,0.01178374,-0.01105783
AIT-2024-07-001,DASH,0.03707996,0.05306757,0.08070202,0.26769935
AIT-2024-07-001,DDOG,0.01372020,0.03228867,0.01869995,-0.04053099
AIT-2024-07-001,DXCM,0.00536701,0.01126163,-0.41750477,-0.27055415
AIT-2024-07-001,EA,-0.02367984,-0.03160754,0.00061428,0.01079285
AIT-2024-07-001,ENTG,0.01855419,0.00663511,0.00957540,-0.12514283
AIT-2024-07-001,EXC,0.00035519,-0.00863167,0.02539563,0.06394920
AIT-2024-07-001,FANG,-0.02946599,-0.06086977,-0.04537393,-0.08615112
AIT-2024-07-001,FAST,-0.01024385,-0.01458602,0.03954731,-0.01290040
AIT-2024-07-001,FER,0.01300482,0.00404040,-0.01499631,-0.06870336
AIT-2024-07-001,FTNT,0.00369473,-0.00233220,0.00242136,0.29681032
AIT-2024-07-001,GEHC,0.00100104,-0.00092371,0.02001446,0.06617223
AIT-2024-07-001,GILD,-0.01483859,-0.03076086,0.05703453,0.01949762
AIT-2024-07-001,GOOG,0.01795719,0.02124504,-0.04029966,-0.08913646
AIT-2024-07-001,GOOGL,0.01732988,0.01996599,-0.04129731,-0.09094352
AIT-2024-07-001,HON,-0.00532693,-0.00226353,-0.05878194,-0.08525243
AIT-2024-07-001,IDXX,0.00720408,0.00051337,0.02680536,0.06876243
AIT-2024-07-001,INTC,-0.04286701,-0.05149944,-0.07369994,-0.41502957
AIT-2024-07-001,INTU,0.00678003,-0.00173190,0.01995315,0.03373660
AIT-2024-07-001,ISRG,0.10117125,0.08987403,0.08194439,0.13462981
AIT-2024-07-001,KDP,-0.01038204,-0.01616996,0.02125664,0.06395239
AIT-2024-07-001,KHC,-0.02840290,-0.02858193,-0.00862123,0.03108831
AIT-2024-07-001,KLAC,0.02187377,0.02171905,0.02795466,0.03777443
AIT-2024-07-001,LIN,-0.00192926,0.00141715,0.01679841,0.01716007
AIT-2024-07-001,LITE,-0.00617495,-0.01257421,-0.02691294,-0.01801131
AIT-2024-07-001,LRCX,0.02022383,0.00511299,-0.03195740,-0.08455250
AIT-2024-07-001,MAR,-0.00785855,-0.00838891,-0.01271873,-0.09211946
AIT-2024-07-001,MCHP,0.01516611,-0.01744713,-0.01630450,-0.08904075
AIT-2024-07-001,MDLZ,-0.00578362,-0.01260467,0.00125933,0.05910324
AIT-2024-07-001,MELI,0.03501038,0.04089924,0.04415932,0.21411172
AIT-2024-07-001,META,0.01662937,0.02153158,0.00354308,0.08980292
AIT-2024-07-001,MNST,-0.01272425,-0.01156926,0.01628746,-0.05827930
AIT-2024-07-001,MPWR,0.00967777,0.00027606,0.01266238,0.09189753
AIT-2024-07-001,MRVL,0.00689995,0.00238047,0.00397538,0.04791894
AIT-2024-07-001,MSFT,0.00065642,0.00629011,-0.01973654,-0.06294409
AIT-2024-07-001,MSTR,0.13501137,0.08902396,0.13227163,-0.25947158
AIT-2024-07-001,MTSI,0.01172196,0.01319442,-0.01373655,0.02530491
AIT-2024-07-001,MU,-0.02800444,-0.03575517,-0.05303352,-0.10854119
AIT-2024-07-001,NFLX,-0.00039684,-0.00782491,-0.01285291,0.00577077
AIT-2024-07-001,NVDA,0.00750514,0.00067884,-0.04746604,-0.01397197
AIT-2024-07-001,NXPI,0.01298352,-0.05980040,-0.06358643,-0.07722605
AIT-2024-07-001,ODFL,-0.00120977,-0.00455591,0.07056236,0.06716769
AIT-2024-07-001,ON,0.02788393,-0.01702547,-0.02033707,0.09466256
AIT-2024-07-001,ORLY,0.02617165,0.01906008,0.08354459,0.08239669
AIT-2024-07-001,PANW,0.02408576,0.03107068,0.02535715,0.01756365
AIT-2024-07-001,PAYX,-0.01116705,-0.00369932,0.02462098,0.02598900
AIT-2024-07-001,PCAR,-0.01134732,-0.11929280,-0.08025171,-0.13356313
AIT-2024-07-001,PDD,0.01121454,0.00304743,-0.00201842,0.10458466
AIT-2024-07-001,PEP,-0.01620348,-0.02360692,0.02063127,0.02098657
AIT-2024-07-001,PLTR,-0.01566952,0.00166128,-0.00399211,0.12992271
AIT-2024-07-001,PYPL,0.01124721,-0.00243494,0.00192990,0.16025634
AIT-2024-07-001,QCOM,0.01147859,0.00442630,-0.04138004,-0.12044133
AIT-2024-07-001,REGN,-0.00065460,-0.01343497,0.01659048,0.08993024
AIT-2024-07-001,RKLB,0.01200723,0.02676369,0.05693504,0.26399800
AIT-2024-07-001,ROP,0.00714193,0.00464915,-0.02445805,-0.03424406
AIT-2024-07-001,ROST,-0.00071478,-0.00760690,-0.01484029,0.01122521
AIT-2024-07-001,SBUX,0.03469587,0.03389690,0.02345886,0.31544244
AIT-2024-07-001,SHOP,-0.01226578,-0.00708304,-0.00314316,0.21701542
AIT-2024-07-001,SNPS,0.04378144,0.04807590,0.00590377,-0.00323711
AIT-2024-07-001,STX,0.02003949,0.01273673,0.01708740,-0.03521281
AIT-2024-07-001,TER,0.02746308,0.01713185,-0.12003980,-0.08828775
AIT-2024-07-001,TMUS,-0.02971213,-0.03540487,-0.04057666,0.05307977
AIT-2024-07-001,TRI,0.01153628,0.00812522,-0.00086891,-0.01008348
AIT-2024-07-001,TSLA,0.00924988,-0.00613714,-0.07569854,-0.08019468
AIT-2024-07-001,TSM,-0.02350813,-0.01966732,-0.04146927,-0.01497329
AIT-2024-07-001,TTWO,-0.00101730,0.00922854,0.01879311,0.00849154
AIT-2024-07-001,TXN,-0.00270864,-0.03739504,0.00242278,-0.01223794
AIT-2024-07-001,UMC,-0.01869251,-0.02871241,-0.01096226,0.10522329
AIT-2024-07-001,VRTX,0.01190978,0.00102738,0.02062411,-0.03881502
AIT-2024-07-001,WBD,0.00538462,0.02005700,0.02544453,-0.05197716
AIT-2024-07-001,WDAY,-0.00875718,-0.01958969,0.00939415,0.01860054
AIT-2024-07-001,WDC,0.03283846,0.03324977,-0.00487055,-0.09994456
AIT-2024-07-001,WMT,-0.00910250,-0.00582109,-0.01671839,0.02068866
AIT-2024-07-001,XEL,-0.00083513,-0.01051059,0.03660142,0.08448560
AIT-2024-07-002,AAPL,-0.00477062,-0.01418672,-0.00752853,-0.00485194
AIT-2024-07-002,ABNB,-0.01420600,-0.02968425,-0.04789122,-0.21487465
AIT-2024-07-002,ADBE,0.01535529,0.02047600,0.02501647,0.04440708
AIT-2024-07-002,ADI,-0.00401492,0.00630644,0.01345265,-0.01868687
AIT-2024-07-002,ADP,0.02094543,0.02832648,0.06348830,0.08568424
AIT-2024-07-002,ADSK,0.03015922,0.00813504,0.02069751,0.03007601
AIT-2024-07-002,AEP,0.03762410,0.03758976,0.04738413,0.04102805
AIT-2024-07-002,ALNY,0.03036557,0.00875223,0.00776348,0.14432335
AIT-2024-07-002,AMAT,-0.03088891,-0.03120787,-0.02297812,-0.06966060
AIT-2024-07-002,AMD,-0.03871595,-0.05286964,-0.04769544,0.00649638
AIT-2024-07-002,AMGN,0.02644597,0.01891446,0.00233571,-0.01230791
AIT-2024-07-002,AMZN,0.00428513,0.00239784,0.00887507,-0.05541861
AIT-2024-07-002,APP,-0.02962092,-0.03927681,-0.07508378,0.04825000
AIT-2024-07-002,ARM,-0.05568707,-0.09509540,-0.16870422,-0.34822873
AIT-2024-07-002,ASML,-0.01992155,-0.01346832,0.01973734,-0.00986035
AIT-2024-07-002,ASX,-0.02166944,-0.04283587,-0.09323339,-0.12059494
AIT-2024-07-002,AVGO,-0.03363530,-0.04239634,-0.00494540,-0.02036755
AIT-2024-07-002,AXON,0.00548105,-0.00968979,-0.06063282,0.14690600
AIT-2024-07-002,BKNG,-0.03210495,-0.03450568,-0.04437196,-0.05078884
AIT-2024-07-002,BKR,0.01183779,0.06557334,0.09026776,-0.01787254
AIT-2024-07-002,CCEP,0.00939247,0.02631068,0.01209301,0.05071124
AIT-2024-07-002,CDNS,-0.04309648,-0.05879918,-0.04029140,0.00596121
AIT-2024-07-002,CEG,-0.07326592,-0.06271151,0.00421580,-0.00695315
AIT-2024-07-002,CMCSA,0.01427956,0.04649192,0.08296236,0.06268722
AIT-2024-07-002,COST,-0.02245252,-0.02954721,-0.03765321,-0.00138354
AIT-2024-07-002,CPRT,-0.00076490,-0.00190550,0.00985919,-0.00282472
AIT-2024-07-002,CRDO,-0.00937615,-0.03259264,-0.08653992,0.13516306
AIT-2024-07-002,CRWD,-0.00092598,-0.01815083,-0.14218585,-0.04039112
AIT-2024-07-002,CSCO,0.03852528,0.04691291,0.05629657,0.11214740
AIT-2024-07-002,CSX,0.01778449,0.03245857,0.04886566,0.00685373
AIT-2024-07-002,CTAS,0.02218506,0.01992025,0.01027161,0.00867242
AIT-2024-07-002,DASH,0.01117200,0.02860686,0.06370523,0.20158180
AIT-2024-07-002,DDOG,0.02014390,-0.01406059,-0.04853214,-0.06641178
AIT-2024-07-002,DXCM,-0.01319825,-0.42982681,-0.38007367,-0.31065833
AIT-2024-07-002,EA,0.01537927,0.03254107,0.06474451,0.04647952
AIT-2024-07-002,ENTG,0.00178482,0.00334992,-0.08648902,-0.12959354
AIT-2024-07-002,EXC,0.03118959,0.03441291,0.04388231,0.07728580
AIT-2024-07-002,FANG,0.01619419,0.01505347,0.01425620,-0.05466610
AIT-2024-07-002,FAST,0.03671850,0.05379075,0.05124220,0.00359152
AIT-2024-07-002,FER,-0.02028586,-0.02232596,-0.07128040,-0.07767336
AIT-2024-07-002,FTNT,0.02118348,0.00511875,0.01435385,0.30252838
AIT-2024-07-002,GEHC,0.02690239,0.02082528,0.05941760,0.05161199
AIT-2024-07-002,GILD,0.08347198,0.08717230,0.07334448,0.06547552
AIT-2024-07-002,GOOG,-0.04323242,-0.06093354,-0.05029715,-0.10582476
AIT-2024-07-002,GOOGL,-0.04390998,-0.06061396,-0.04941689,-0.10619306
AIT-2024-07-002,HON,-0.05082994,-0.05681617,-0.05453147,-0.07655812
AIT-2024-07-002,IDXX,0.04342263,0.02659405,0.02729903,0.06178185
AIT-2024-07-002,INTC,-0.01717851,-0.02170537,-0.05031179,-0.34878394
AIT-2024-07-002,INTU,0.02730990,0.02229637,0.02875699,0.04908517
AIT-2024-07-002,ISRG,-0.00302912,-0.00819726,-0.01710379,0.04524537
AIT-2024-07-002,KDP,0.02417338,0.03749811,0.05065095,0.08082380
AIT-2024-07-002,KHC,0.01904164,0.01967935,0.07321156,0.08033396
AIT-2024-07-002,KLAC,-0.00369660,0.00653310,0.02998022,0.00242006
AIT-2024-07-002,LIN,0.00216336,0.01579257,0.01450209,0.02096240
AIT-2024-07-002,LITE,-0.01069523,-0.01355760,-0.03221384,0.06012543
AIT-2024-07-002,LRCX,-0.02645522,-0.03670609,-0.02751111,-0.10853858
AIT-2024-07-002,MAR,-0.00557524,-0.00490317,-0.05535292,-0.07879450
AIT-2024-07-002,MCHP,-0.00183222,0.00127974,0.00766090,-0.06150160
AIT-2024-07-002,MDLZ,0.01630093,0.01338171,0.03965295,0.08121766
AIT-2024-07-002,MELI,0.00256488,0.00257515,-0.00288111,0.16808686
AIT-2024-07-002,META,-0.02374990,-0.01738402,-0.02041278,0.06161812
AIT-2024-07-002,MNST,0.01391063,0.02620928,0.03073686,-0.05048797
AIT-2024-07-002,MPWR,-0.00015428,0.01332322,0.04053770,0.10371026
AIT-2024-07-002,MRVL,-0.00289586,0.00110520,0.00045341,0.05224971
AIT-2024-07-002,MSFT,-0.02895953,-0.02591807,-0.05711852,-0.06874812
AIT-2024-07-002,MSTR,-0.01774887,0.04212239,-0.08264841,-0.32803130
AIT-2024-07-002,MTSI,-0.03130553,-0.02693437,-0.03728671,-0.00587476
AIT-2024-07-002,MU,-0.01169879,-0.01486970,-0.03189023,-0.08277750
AIT-2024-07-002,NFLX,0.01389895,-0.00446222,-0.02726060,0.03225807
AIT-2024-07-002,NVDA,-0.02606501,-0.04758923,-0.03789863,-0.01367868
AIT-2024-07-002,NXPI,-0.01067949,-0.00394727,0.01607757,-0.03530450
AIT-2024-07-002,ODFL,0.10166113,0.07595158,0.10313347,0.08059338
AIT-2024-07-002,ON,-0.02686263,-0.00418753,0.10314888,0.11004458
AIT-2024-07-002,ORLY,0.05293329,0.06403612,0.07324978,0.07374320
AIT-2024-07-002,PANW,-0.01131732,-0.00543914,-0.02808034,0.04990470
AIT-2024-07-002,PAYX,0.02062537,0.02867739,0.04136844,0.04051152
AIT-2024-07-002,PCAR,0.03290070,0.03900890,0.02255202,-0.01557525
AIT-2024-07-002,PDD,-0.00183014,-0.00430213,-0.02956215,0.07194555
AIT-2024-07-002,PEP,0.03676536,0.04423373,0.04180312,0.05815946
AIT-2024-07-002,PLTR,0.00412952,-0.00674323,-0.04952713,0.10628856
AIT-2024-07-002,PYPL,-0.00018216,0.00476452,0.11845732,0.20526706
AIT-2024-07-002,QCOM,-0.05297402,-0.04537412,-0.05702581,-0.13420837
AIT-2024-07-002,REGN,0.02250351,0.02923444,0.02140873,0.09776383
AIT-2024-07-002,RKLB,0.01651824,0.02862115,-0.01727049,0.28806195
AIT-2024-07-002,ROP,-0.03463224,-0.02885744,-0.04389631,-0.03975756
AIT-2024-07-002,ROST,0.00353628,-0.00733389,-0.00147552,0.05351154
AIT-2024-07-002,SBUX,-0.01317470,-0.01014559,0.03810558,0.25996907
AIT-2024-07-002,SHOP,0.02155400,0.00401863,0.00172589,0.22399149
AIT-2024-07-002,SNPS,-0.03844310,-0.04199671,-0.03503808,-0.03824127
AIT-2024-07-002,STX,0.02213459,0.00479643,-0.02549280,-0.03528260
AIT-2024-07-002,TER,-0.13044259,-0.13661450,-0.11874989,-0.10818757
AIT-2024-07-002,TMUS,-0.00480988,-0.00607467,0.02643565,0.07494732
AIT-2024-07-002,TRI,0.00452082,-0.00889532,-0.01866750,-0.01478555
AIT-2024-07-002,TSLA,-0.04905990,-0.06924981,-0.02668515,-0.05811770
AIT-2024-07-002,TSM,-0.01127428,-0.02206800,-0.02098412,-0.04019821
AIT-2024-07-002,TTWO,0.01545849,0.00972226,0.00035556,0.05986210
AIT-2024-07-002,TXN,0.02851735,0.03986042,0.04225976,0.05171835
AIT-2024-07-002,UMC,-0.00465991,0.01708721,0.09367788,0.13866895
AIT-2024-07-002,VRTX,0.02166693,0.01917033,0.00962490,-0.03372378
AIT-2024-07-002,WBD,-0.01897563,0.00622377,0.03966789,-0.03960912
AIT-2024-07-002,WDAY,0.03094337,0.02872269,0.01382306,0.03815314
AIT-2024-07-002,WDC,-0.04550464,-0.03789497,-0.07372698,-0.13685217
AIT-2024-07-002,WMT,-0.00404035,-0.01153273,-0.03449697,0.04062908
AIT-2024-07-002,XEL,0.04261405,0.04782492,0.06160871,0.09431196
AIT-2024-07-006,AAPL,-0.00477062,-0.01418672,-0.00752853,-0.00485194
AIT-2024-07-006,ABNB,-0.01420600,-0.02968425,-0.04789122,-0.21487465
AIT-2024-07-006,ADBE,0.01535529,0.02047600,0.02501647,0.04440708
AIT-2024-07-006,ADI,-0.00401492,0.00630644,0.01345265,-0.01868687
AIT-2024-07-006,ADP,0.02094543,0.02832648,0.06348830,0.08568424
AIT-2024-07-006,ADSK,0.03015922,0.00813504,0.02069751,0.03007601
AIT-2024-07-006,AEP,0.03762410,0.03758976,0.04738413,0.04102805
AIT-2024-07-006,ALNY,0.03036557,0.00875223,0.00776348,0.14432335
AIT-2024-07-006,AMAT,-0.03088891,-0.03120787,-0.02297812,-0.06966060
AIT-2024-07-006,AMD,-0.03871595,-0.05286964,-0.04769544,0.00649638
AIT-2024-07-006,AMGN,0.02644597,0.01891446,0.00233571,-0.01230791
AIT-2024-07-006,AMZN,0.00428513,0.00239784,0.00887507,-0.05541861
AIT-2024-07-006,APP,-0.02962092,-0.03927681,-0.07508378,0.04825000
AIT-2024-07-006,ARM,-0.05568707,-0.09509540,-0.16870422,-0.34822873
AIT-2024-07-006,ASML,-0.01992155,-0.01346832,0.01973734,-0.00986035
AIT-2024-07-006,ASX,-0.02166944,-0.04283587,-0.09323339,-0.12059494
AIT-2024-07-006,AVGO,-0.03363530,-0.04239634,-0.00494540,-0.02036755
AIT-2024-07-006,AXON,0.00548105,-0.00968979,-0.06063282,0.14690600
AIT-2024-07-006,BKNG,-0.03210495,-0.03450568,-0.04437196,-0.05078884
AIT-2024-07-006,BKR,0.01183779,0.06557334,0.09026776,-0.01787254
AIT-2024-07-006,CCEP,0.00939247,0.02631068,0.01209301,0.05071124
AIT-2024-07-006,CDNS,-0.04309648,-0.05879918,-0.04029140,0.00596121
AIT-2024-07-006,CEG,-0.07326592,-0.06271151,0.00421580,-0.00695315
AIT-2024-07-006,CMCSA,0.01427956,0.04649192,0.08296236,0.06268722
AIT-2024-07-006,COST,-0.02245252,-0.02954721,-0.03765321,-0.00138354
AIT-2024-07-006,CPRT,-0.00076490,-0.00190550,0.00985919,-0.00282472
AIT-2024-07-006,CRDO,-0.00937615,-0.03259264,-0.08653992,0.13516306
AIT-2024-07-006,CRWD,-0.00092598,-0.01815083,-0.14218585,-0.04039112
AIT-2024-07-006,CSCO,0.03852528,0.04691291,0.05629657,0.11214740
AIT-2024-07-006,CSX,0.01778449,0.03245857,0.04886566,0.00685373
AIT-2024-07-006,CTAS,0.02218506,0.01992025,0.01027161,0.00867242
AIT-2024-07-006,DASH,0.01117200,0.02860686,0.06370523,0.20158180
AIT-2024-07-006,DDOG,0.02014390,-0.01406059,-0.04853214,-0.06641178
AIT-2024-07-006,DXCM,-0.01319825,-0.42982681,-0.38007367,-0.31065833
AIT-2024-07-006,EA,0.01537927,0.03254107,0.06474451,0.04647952
AIT-2024-07-006,ENTG,0.00178482,0.00334992,-0.08648902,-0.12959354
AIT-2024-07-006,EXC,0.03118959,0.03441291,0.04388231,0.07728580
AIT-2024-07-006,FANG,0.01619419,0.01505347,0.01425620,-0.05466610
AIT-2024-07-006,FAST,0.03671850,0.05379075,0.05124220,0.00359152
AIT-2024-07-006,FER,-0.02028586,-0.02232596,-0.07128040,-0.07767336
AIT-2024-07-006,FTNT,0.02118348,0.00511875,0.01435385,0.30252838
AIT-2024-07-006,GEHC,0.02690239,0.02082528,0.05941760,0.05161199
AIT-2024-07-006,GILD,0.08347198,0.08717230,0.07334448,0.06547552
AIT-2024-07-006,GOOG,-0.04323242,-0.06093354,-0.05029715,-0.10582476
AIT-2024-07-006,GOOGL,-0.04390998,-0.06061396,-0.04941689,-0.10619306
AIT-2024-07-006,HON,-0.05082994,-0.05681617,-0.05453147,-0.07655812
AIT-2024-07-006,IDXX,0.04342263,0.02659405,0.02729903,0.06178185
AIT-2024-07-006,INTC,-0.01717851,-0.02170537,-0.05031179,-0.34878394
AIT-2024-07-006,INTU,0.02730990,0.02229637,0.02875699,0.04908517
AIT-2024-07-006,ISRG,-0.00302912,-0.00819726,-0.01710379,0.04524537
AIT-2024-07-006,KDP,0.02417338,0.03749811,0.05065095,0.08082380
AIT-2024-07-006,KHC,0.01904164,0.01967935,0.07321156,0.08033396
AIT-2024-07-006,KLAC,-0.00369660,0.00653310,0.02998022,0.00242006
AIT-2024-07-006,LIN,0.00216336,0.01579257,0.01450209,0.02096240
AIT-2024-07-006,LITE,-0.01069523,-0.01355760,-0.03221384,0.06012543
AIT-2024-07-006,LRCX,-0.02645522,-0.03670609,-0.02751111,-0.10853858
AIT-2024-07-006,MAR,-0.00557524,-0.00490317,-0.05535292,-0.07879450
AIT-2024-07-006,MCHP,-0.00183222,0.00127974,0.00766090,-0.06150160
AIT-2024-07-006,MDLZ,0.01630093,0.01338171,0.03965295,0.08121766
AIT-2024-07-006,MELI,0.00256488,0.00257515,-0.00288111,0.16808686
AIT-2024-07-006,META,-0.02374990,-0.01738402,-0.02041278,0.06161812
AIT-2024-07-006,MNST,0.01391063,0.02620928,0.03073686,-0.05048797
AIT-2024-07-006,MPWR,-0.00015428,0.01332322,0.04053770,0.10371026
AIT-2024-07-006,MRVL,-0.00289586,0.00110520,0.00045341,0.05224971
AIT-2024-07-006,MSFT,-0.02895953,-0.02591807,-0.05711852,-0.06874812
AIT-2024-07-006,MSTR,-0.01774887,0.04212239,-0.08264841,-0.32803130
AIT-2024-07-006,MTSI,-0.03130553,-0.02693437,-0.03728671,-0.00587476
AIT-2024-07-006,MU,-0.01169879,-0.01486970,-0.03189023,-0.08277750
AIT-2024-07-006,NFLX,0.01389895,-0.00446222,-0.02726060,0.03225807
AIT-2024-07-006,NVDA,-0.02606501,-0.04758923,-0.03789863,-0.01367868
AIT-2024-07-006,NXPI,-0.01067949,-0.00394727,0.01607757,-0.03530450
AIT-2024-07-006,ODFL,0.10166113,0.07595158,0.10313347,0.08059338
AIT-2024-07-006,ON,-0.02686263,-0.00418753,0.10314888,0.11004458
AIT-2024-07-006,ORLY,0.05293329,0.06403612,0.07324978,0.07374320
AIT-2024-07-006,PANW,-0.01131732,-0.00543914,-0.02808034,0.04990470
AIT-2024-07-006,PAYX,0.02062537,0.02867739,0.04136844,0.04051152
AIT-2024-07-006,PCAR,0.03290070,0.03900890,0.02255202,-0.01557525
AIT-2024-07-006,PDD,-0.00183014,-0.00430213,-0.02956215,0.07194555
AIT-2024-07-006,PEP,0.03676536,0.04423373,0.04180312,0.05815946
AIT-2024-07-006,PLTR,0.00412952,-0.00674323,-0.04952713,0.10628856
AIT-2024-07-006,PYPL,-0.00018216,0.00476452,0.11845732,0.20526706
AIT-2024-07-006,QCOM,-0.05297402,-0.04537412,-0.05702581,-0.13420837
AIT-2024-07-006,REGN,0.02250351,0.02923444,0.02140873,0.09776383
AIT-2024-07-006,RKLB,0.01651824,0.02862115,-0.01727049,0.28806195
AIT-2024-07-006,ROP,-0.03463224,-0.02885744,-0.04389631,-0.03975756
AIT-2024-07-006,ROST,0.00353628,-0.00733389,-0.00147552,0.05351154
AIT-2024-07-006,SBUX,-0.01317470,-0.01014559,0.03810558,0.25996907
AIT-2024-07-006,SHOP,0.02155400,0.00401863,0.00172589,0.22399149
AIT-2024-07-006,SNPS,-0.03844310,-0.04199671,-0.03503808,-0.03824127
AIT-2024-07-006,STX,0.02213459,0.00479643,-0.02549280,-0.03528260
AIT-2024-07-006,TER,-0.13044259,-0.13661450,-0.11874989,-0.10818757
AIT-2024-07-006,TMUS,-0.00480988,-0.00607467,0.02643565,0.07494732
AIT-2024-07-006,TRI,0.00452082,-0.00889532,-0.01866750,-0.01478555
AIT-2024-07-006,TSLA,-0.04905990,-0.06924981,-0.02668515,-0.05811770
AIT-2024-07-006,TSM,-0.01127428,-0.02206800,-0.02098412,-0.04019821
AIT-2024-07-006,TTWO,0.01545849,0.00972226,0.00035556,0.05986210
AIT-2024-07-006,TXN,0.02851735,0.03986042,0.04225976,0.05171835
AIT-2024-07-006,UMC,-0.00465991,0.01708721,0.09367788,0.13866895
AIT-2024-07-006,VRTX,0.02166693,0.01917033,0.00962490,-0.03372378
AIT-2024-07-006,WBD,-0.01897563,0.00622377,0.03966789,-0.03960912
AIT-2024-07-006,WDAY,0.03094337,0.02872269,0.01382306,0.03815314
AIT-2024-07-006,WDC,-0.04550464,-0.03789497,-0.07372698,-0.13685217
AIT-2024-07-006,WMT,-0.00404035,-0.01153273,-0.03449697,0.04062908
AIT-2024-07-006,XEL,0.04261405,0.04782492,0.06160871,0.09431196
AIT-2024-07-007,AAPL,-0.00887394,-0.00821776,-0.00440315,0.00000660
AIT-2024-07-007,ABNB,-0.03554412,-0.03393220,-0.06304376,-0.22788924
AIT-2024-07-007,ADBE,0.01589553,0.00567231,0.03215528,0.04000669
AIT-2024-07-007,ADI,0.00103681,0.00478109,-0.02656114,-0.03691725
AIT-2024-07-007,ADP,0.02097386,0.03152771,0.05925856,0.08944114
AIT-2024-07-007,ADSK,-0.00077905,0.00675860,0.01247376,0.02858880
AIT-2024-07-007,AEP,0.01099675,0.01671694,0.05975044,0.02078802
AIT-2024-07-007,ALNY,-0.01414169,-0.01003854,0.12338547,0.11608948
AIT-2024-07-007,AMAT,-0.01199603,-0.01807569,-0.05399800,-0.07904261
AIT-2024-07-007,AMD,-0.04502354,-0.04784629,-0.08848705,-0.00249518
AIT-2024-07-007,AMGN,-0.00703843,-0.01444461,-0.00272816,-0.04601134
AIT-2024-07-007,AMZN,-0.00003084,0.00261014,0.01117664,-0.06808830
AIT-2024-07-007,APP,-0.03013662,-0.04129623,-0.05935242,0.05608011
AIT-2024-07-007,ARM,-0.08043554,-0.13633537,-0.26986827,-0.32083231
AIT-2024-07-007,ASML,0.00547402,-0.01429078,0.01131569,-0.00957972
AIT-2024-07-007,ASX,-0.03520921,-0.07320808,-0.11183239,-0.15012789
AIT-2024-07-007,AVGO,-0.01273632,-0.02442004,-0.03168520,0.00431797
AIT-2024-07-007,AXON,-0.01657150,-0.02298939,-0.05163446,0.14444797
AIT-2024-07-007,BKNG,-0.03392293,-0.01971895,-0.03949990,-0.03156085
AIT-2024-07-007,BKR,0.07573681,0.09768950,0.07938353,-0.00075812
AIT-2024-07-007,CCEP,0.01424112,0.00696004,0.01238486,0.04969164
AIT-2024-07-007,CDNS,-0.03641072,-0.03564642,-0.01989726,0.01227235
AIT-2024-07-007,CEG,-0.01151821,-0.02793274,0.00691484,0.04326157
AIT-2024-07-007,CMCSA,0.04101202,0.06710045,0.06361295,0.04976802
AIT-2024-07-007,COST,-0.02197485,-0.02625278,-0.02592543,0.00697237
AIT-2024-07-007,CPRT,-0.00813718,-0.00824994,0.02026066,-0.00039735
AIT-2024-07-007,CRDO,-0.04115114,-0.08535660,-0.10742396,0.12149547
AIT-2024-07-007,CRWD,-0.02351396,-0.01612777,-0.15293340,-0.05039881
AIT-2024-07-007,CSCO,0.02129580,0.02474973,0.01874940,0.08800018
AIT-2024-07-007,CSX,0.03078287,0.03332097,0.04790602,-0.00330720
AIT-2024-07-007,CTAS,0.00274399,0.00599853,0.00253901,0.00004394
AIT-2024-07-007,DASH,0.01258989,0.02428580,0.05473202,0.19721321
AIT-2024-07-007,DDOG,-0.00041184,-0.00463228,-0.04091179,-0.05376802
AIT-2024-07-007,DXCM,-0.44898578,-0.39531727,-0.35026858,-0.33919658
AIT-2024-07-007,EA,0.02469004,0.04274118,0.04850025,0.02575563
AIT-2024-07-007,ENTG,0.00522162,0.01320455,-0.12383055,-0.13510076
AIT-2024-07-007,EXC,0.00670744,0.01110004,0.05185238,0.05431476
AIT-2024-07-007,FANG,0.00415179,-0.00995634,-0.01280594,-0.06374252
AIT-2024-07-007,FAST,0.04691911,0.05261917,0.00728970,-0.00568786
AIT-2024-07-007,FER,-0.00400041,-0.01333766,-0.08304888,-0.06242298
AIT-2024-07-007,FTNT,0.00247116,0.00987353,0.01337712,0.29717634
AIT-2024-07-007,GEHC,0.00457872,0.02413827,0.04786291,0.04506228
AIT-2024-07-007,GILD,0.04705551,0.05689963,0.04405606,0.04006298
AIT-2024-07-007,GOOG,-0.04051606,-0.02671981,-0.01493489,-0.08641585
AIT-2024-07-007,GOOGL,-0.04052346,-0.02608738,-0.01462416,-0.08664505
AIT-2024-07-007,HON,-0.05477295,-0.06166914,-0.04363283,-0.07475349
AIT-2024-07-007,IDXX,-0.00912371,-0.00228619,0.01735309,0.03428612
AIT-2024-07-007,INTC,-0.01506140,-0.03063263,-0.07891866,-0.39324193
AIT-2024-07-007,INTU,0.01376742,0.01851552,0.02829481,0.04789212
AIT-2024-07-007,ISRG,-0.03642799,-0.03219851,-0.01202785,0.03397889
AIT-2024-07-007,KDP,0.02827889,0.04070867,0.05339298,0.08157630
AIT-2024-07-007,KHC,0.00885567,0.01073356,0.07007576,0.07392944
AIT-2024-07-007,KLAC,0.02863361,0.01549070,-0.00325342,0.00386334
AIT-2024-07-007,LIN,0.01433521,0.01077994,0.01920260,0.02495495
AIT-2024-07-007,LITE,-0.02632541,-0.02680985,-0.08641479,0.04731973
AIT-2024-07-007,LRCX,-0.02866640,-0.03268875,-0.09086824,-0.12850684
AIT-2024-07-007,MAR,0.00125595,0.00886333,-0.07100749,-0.06324188
AIT-2024-07-007,MCHP,-0.00418117,0.00921955,-0.02135332,-0.08208730
AIT-2024-07-007,MDLZ,-0.00048242,0.01017163,0.03106792,0.06946143
AIT-2024-07-007,MELI,-0.00269261,-0.02163898,-0.02479837,0.16276498
AIT-2024-07-007,META,-0.00171712,-0.00323859,0.06865736,0.08521083
AIT-2024-07-007,MNST,0.02691262,0.03289573,0.03979656,-0.05206901
AIT-2024-07-007,MPWR,0.02849790,0.03370840,-0.00086145,0.09774746
AIT-2024-07-007,MRVL,0.01072840,-0.00832980,-0.01675503,0.04364101
AIT-2024-07-007,MSFT,-0.01556615,-0.01311358,-0.03329970,-0.06754184
AIT-2024-07-007,MSTR,0.02597824,-0.02008751,-0.13658961,-0.38584913
AIT-2024-07-007,MTSI,-0.02286071,-0.02947042,-0.01889349,-0.00536076
AIT-2024-07-007,MU,-0.02049879,-0.03689782,-0.08859687,-0.11375068
AIT-2024-07-007,NFLX,-0.01737120,-0.02672804,-0.03186856,0.01400119
AIT-2024-07-007,NVDA,-0.02962241,-0.04671762,-0.05709412,-0.01992998
AIT-2024-07-007,NXPI,-0.01125242,-0.00310292,-0.04158524,-0.06320347
AIT-2024-07-007,ODFL,0.04042971,0.03498913,0.05538237,0.04916057
AIT-2024-07-007,ON,-0.00173231,0.11587342,0.05238624,0.08727362
AIT-2024-07-007,ORLY,0.05337815,0.06011017,0.07477494,0.05820438
AIT-2024-07-007,PANW,-0.00035215,-0.01605802,-0.03291471,0.03773316
AIT-2024-07-007,PAYX,0.01789786,0.02628609,0.02790960,0.04174435
AIT-2024-07-007,PCAR,-0.00146458,-0.01099320,-0.02748381,-0.05355207
AIT-2024-07-007,PDD,-0.01494946,-0.04083040,-0.03712753,0.07368341
AIT-2024-07-007,PEP,0.02633805,0.02928776,0.04157159,0.04651535
AIT-2024-07-007,PLTR,0.00591110,0.00107939,-0.02565394,0.12723517
AIT-2024-07-007,PYPL,-0.00059715,0.01152700,0.12746295,0.21474745
AIT-2024-07-007,QCOM,-0.01680612,-0.02679234,-0.10092933,-0.12520093
AIT-2024-07-007,REGN,0.01222026,0.00997786,0.02466716,0.08678162
AIT-2024-07-007,RKLB,0.02850124,0.01345867,-0.04856570,0.27786822
AIT-2024-07-007,ROP,0.02717627,0.02198956,0.02323470,0.01500100
AIT-2024-07-007,ROST,-0.01387384,-0.00758077,0.00143269,0.04328001
AIT-2024-07-007,SBUX,-0.00875438,0.00840261,0.01685136,0.26943412
AIT-2024-07-007,SHOP,0.00036511,-0.00029908,-0.01397524,0.22001563
AIT-2024-07-007,SNPS,-0.02035001,-0.01838943,-0.02043278,-0.02985398
AIT-2024-07-007,STX,-0.06265230,-0.06712356,-0.10735436,-0.10625466
AIT-2024-07-007,TER,-0.12810464,-0.11705303,-0.15109071,-0.11258037
AIT-2024-07-007,TMUS,-0.01118395,-0.00483453,0.04944711,0.07632593
AIT-2024-07-007,TRI,-0.01688957,-0.01551508,-0.03472244,-0.01653102
AIT-2024-07-007,TSLA,0.01125739,0.06827614,0.01591879,-0.01690963
AIT-2024-07-007,TSM,-0.00037577,-0.01499402,-0.02217526,-0.03432969
AIT-2024-07-007,TTWO,-0.01736943,-0.01741034,-0.04406881,0.03411150
AIT-2024-07-007,TXN,0.01227222,0.01135061,-0.01924679,0.01220180
AIT-2024-07-007,UMC,0.02111654,0.00126720,0.08250264,0.12675991
AIT-2024-07-007,VRTX,0.00341417,0.00806572,0.02328696,-0.05672860
AIT-2024-07-007,WBD,-0.01917676,-0.00314104,0.01001230,-0.07600829
AIT-2024-07-007,WDAY,0.03294609,0.02659847,0.01146023,0.04143605
AIT-2024-07-007,WDC,-0.06122085,-0.08968375,-0.17180482,-0.16315438
AIT-2024-07-007,WMT,-0.01543142,-0.01900969,-0.01903908,0.04280443
AIT-2024-07-007,XEL,0.01688862,0.02310733,0.05075061,0.06666818
AIT-2024-07-008,AAPL,-0.00406321,0.02257861,0.00533873,0.00388679
AIT-2024-07-008,ABNB,-0.02833532,-0.04893023,-0.11901717,-0.17163039
AIT-2024-07-008,ADBE,0.01440854,0.00377984,0.02005506,0.02918807
AIT-2024-07-008,ADI,-0.02614490,-0.05087235,-0.04595357,-0.01907743
AIT-2024-07-008,ADP,0.01422611,0.03237588,0.02978514,0.05614182
AIT-2024-07-008,ADSK,-0.00700739,-0.02050778,0.02962657,0.02434475
AIT-2024-07-008,AEP,0.02932054,0.04296887,0.03242131,-0.01357763
AIT-2024-07-008,ALNY,0.14202031,0.16643133,0.13619965,0.13745520
AIT-2024-07-008,AMAT,-0.00124943,-0.04081884,-0.01063280,-0.07101208
AIT-2024-07-008,AMD,-0.04337414,-0.00026745,0.03360283,0.00027948
AIT-2024-07-008,AMGN,0.00483131,0.01525076,-0.02830095,-0.02931366
AIT-2024-07-008,AMZN,0.01008344,-0.05109576,-0.04341571,-0.10310137
AIT-2024-07-008,APP,-0.00332557,-0.04536468,-0.00784277,0.08185919
AIT-2024-07-008,ARM,-0.08574206,-0.09587772,-0.07589144,-0.19060843
AIT-2024-07-008,ASML,0.02735255,-0.01852207,0.06895668,-0.02515154
AIT-2024-07-008,ASX,-0.01861007,-0.05040363,-0.01570570,-0.04177591
AIT-2024-07-008,AVGO,0.02811402,0.04414377,0.04418785,0.02954538
AIT-2024-07-008,AXON,-0.01994771,-0.02278152,0.20076453,0.14703633
AIT-2024-07-008,BKNG,-0.01767489,-0.08590227,-0.05823185,0.01722166
AIT-2024-07-008,BKR,-0.01541470,-0.05778058,-0.08154543,-0.08751293
AIT-2024-07-008,CCEP,0.01067494,0.02963012,0.01483266,0.06209358
AIT-2024-07-008,CDNS,0.03035550,0.01736111,0.06617495,0.01738749
AIT-2024-07-008,CEG,0.05430121,0.01698274,0.11991246,0.07715768
AIT-2024-07-008,CMCSA,-0.01177525,-0.00781256,-0.02245843,-0.01097970
AIT-2024-07-008,COST,0.00445112,0.02615282,0.03237908,0.04288166
AIT-2024-07-008,CPRT,0.00871183,0.02187023,0.00549706,0.00654135
AIT-2024-07-008,CRDO,0.01888490,0.01211807,0.04809670,0.19828188
AIT-2024-07-008,CRWD,-0.04734709,-0.04016569,0.06645228,0.03943334
AIT-2024-07-008,CSCO,-0.01404776,-0.01720943,-0.03031407,0.04835766
AIT-2024-07-008,CSX,-0.00785289,-0.01624553,-0.01219862,-0.04931165
AIT-2024-07-008,CTAS,-0.00872316,0.00012570,-0.00045919,0.00196332
AIT-2024-07-008,DASH,0.00810825,0.12900157,0.22059175,0.13930807
AIT-2024-07-008,DDOG,-0.01669399,-0.04082734,0.00625653,-0.05470070
AIT-2024-07-008,DXCM,0.00698803,0.05140923,0.03576543,-0.01637422
AIT-2024-07-008,EA,-0.00564824,0.00788668,-0.00664734,-0.01238598
AIT-2024-07-008,ENTG,-0.10733529,-0.13700262,-0.11732940,-0.11806129
AIT-2024-07-008,EXC,0.02885468,0.05032344,0.03957046,0.03512623
AIT-2024-07-008,FANG,-0.00247062,-0.04374125,-0.02621544,-0.04299971
AIT-2024-07-008,FAST,-0.05114889,-0.04045475,-0.05815490,-0.07514297
AIT-2024-07-008,FER,-0.09425315,-0.08055837,-0.09846339,-0.07233894
AIT-2024-07-008,FTNT,-0.00481645,0.00342752,0.27508792,0.29601214
AIT-2024-07-008,GEHC,0.00828162,0.03342164,0.02011008,-0.00580952
AIT-2024-07-008,GILD,-0.01946976,-0.01009825,-0.03757057,0.00965293
AIT-2024-07-008,GOOG,0.00097449,0.00238133,-0.00723619,-0.07957889
AIT-2024-07-008,GOOGL,0.00032205,0.00164205,-0.00828799,-0.08055177
AIT-2024-07-008,HON,0.00825829,0.01589735,0.00451443,-0.00191733
AIT-2024-07-008,IDXX,0.00663555,0.01459848,0.05336863,0.00423870
AIT-2024-07-008,INTC,-0.03384722,-0.26769690,-0.34061059,-0.37005872
AIT-2024-07-008,INTU,0.00215732,0.00848357,0.02727491,-0.05174755
AIT-2024-07-008,ISRG,0.03848733,0.06057081,0.09510383,0.06332345
AIT-2024-07-008,KDP,0.01187103,0.03011599,0.02084723,0.04815512
AIT-2024-07-008,KHC,0.04551078,0.06642216,0.03062162,0.04225117
AIT-2024-07-008,KLAC,-0.00202116,-0.04594747,0.00639973,0.00480084
AIT-2024-07-008,LIN,0.00412468,0.01335021,-0.00273011,0.02956773
AIT-2024-07-008,LITE,-0.01993257,-0.05523265,-0.08791207,0.12283879
AIT-2024-07-008,LRCX,-0.02549822,-0.06924830,-0.03544733,-0.10675107
AIT-2024-07-008,MAR,-0.08722921,-0.09040251,-0.05579625,-0.07088968
AIT-2024-07-008,MCHP,-0.02439367,-0.09589122,-0.08984397,-0.08850943
AIT-2024-07-008,MDLZ,0.01866510,0.06055132,0.05374583,0.05756484
AIT-2024-07-008,MELI,-0.01409323,0.11922162,0.20515895,0.17140675
AIT-2024-07-008,META,0.06961235,0.08363818,0.13390248,0.05804519
AIT-2024-07-008,MNST,-0.00331594,0.01209212,0.00802914,-0.08535869
AIT-2024-07-008,MPWR,0.00836382,0.06650167,0.08170661,0.12289313
AIT-2024-07-008,MRVL,0.00578160,-0.01314575,-0.00478352,0.06201152
AIT-2024-07-008,MSFT,-0.01650438,-0.01577509,-0.00978851,-0.06561979
AIT-2024-07-008,MSTR,-0.07592118,-0.08478320,-0.18772140,-0.38000918
AIT-2024-07-008,MTSI,0.03648867,0.04517803,0.08254618,0.05736591
AIT-2024-07-008,MU,-0.01085663,-0.06300766,-0.08010880,-0.14128787
AIT-2024-07-008,NFLX,-0.00185352,-0.00063918,0.02114039,0.02765100
AIT-2024-07-008,NVDA,0.05144184,0.07552574,0.05442227,0.08837489
AIT-2024-07-008,NXPI,-0.03142257,-0.02404238,-0.01419086,-0.05350013
AIT-2024-07-008,ODFL,-0.00667690,-0.02111283,0.00854806,-0.04672318
AIT-2024-07-008,ON,-0.02078349,-0.03971625,-0.00602505,0.03601606
AIT-2024-07-008,ORLY,-0.00768791,0.00296460,-0.01114883,-0.01728053
AIT-2024-07-008,PANW,-0.00831185,-0.01698856,0.01218411,0.06399242
AIT-2024-07-008,PAYX,-0.01140129,0.00621535,-0.00883915,0.01709659
AIT-2024-07-008,PCAR,-0.00919818,-0.01212257,-0.01635877,-0.04954250
AIT-2024-07-008,PDD,0.03568560,0.04670233,0.11169338,-0.29604606
AIT-2024-07-008,PEP,0.01020104,0.03282440,0.00489460,0.00142999
AIT-2024-07-008,PLTR,-0.01485808,-0.01359029,0.13003523,0.08418898
AIT-2024-07-008,PYPL,0.02072910,-0.00394324,0.04907736,0.08911187
AIT-2024-07-008,QCOM,-0.01554343,-0.01470961,0.00542892,-0.03357886
AIT-2024-07-008,REGN,0.01179984,0.01169285,0.01155368,0.07830909
AIT-2024-07-008,RKLB,-0.05931335,-0.06175718,-0.06929289,0.15131588
AIT-2024-07-008,ROP,-0.00154904,-0.00256450,-0.02036188,-0.00346918
AIT-2024-07-008,ROST,-0.00086513,-0.00564143,-0.01352836,0.01878275
AIT-2024-07-008,SBUX,-0.00731995,0.01923423,0.03860978,0.28373595
AIT-2024-07-008,SHOP,-0.01656702,-0.03380669,0.21268638,0.19714988
AIT-2024-07-008,SNPS,0.02856260,-0.00468487,0.01084063,-0.05233459
AIT-2024-07-008,STX,-0.00473570,-0.02686585,-0.02210251,-0.05520453
AIT-2024-07-008,TER,0.00527920,0.00964185,0.04357465,0.04054064
AIT-2024-07-008,TMUS,0.06313127,0.07469060,0.08639967,0.11128061
AIT-2024-07-008,TRI,-0.01315197,-0.00792114,0.01472183,0.03140549
AIT-2024-07-008,TSLA,-0.02231525,-0.02745513,-0.04831937,-0.07340070
AIT-2024-07-008,TSM,0.02012843,-0.00101745,0.07677928,0.01334944
AIT-2024-07-008,TTWO,-0.02701114,-0.02716132,-0.06031812,0.05345048
AIT-2024-07-008,TXN,-0.03290837,-0.04019244,-0.02394395,0.01261882
AIT-2024-07-008,UMC,0.09063677,0.09190061,0.13936645,0.13304795
AIT-2024-07-008,VRTX,0.00363383,-0.00698184,-0.05010373,-0.06129726
AIT-2024-07-008,WBD,-0.04198057,-0.02105797,-0.03458314,-0.05484585
AIT-2024-07-008,WDAY,-0.01748531,-0.03684291,-0.03507975,0.13921437
AIT-2024-07-008,WDC,-0.04100933,-0.06456109,-0.03852842,-0.06906978
AIT-2024-07-008,WMT,0.00581023,-0.00921868,-0.02809913,0.06666800
AIT-2024-07-008,XEL,0.00889326,0.02589874,0.01264488,0.03973253
AIT-2024-08-001,AAPL,0.01092603,-0.00869522,0.01196496,0.01184706
AIT-2024-08-001,ABNB,0.00222285,0.03029402,-0.11408511,-0.16359282
AIT-2024-08-001,ADBE,-0.00223036,-0.00336586,0.01623315,0.03436425
AIT-2024-08-001,ADI,-0.01924094,-0.01037976,-0.00604727,0.02595078
AIT-2024-08-001,ADP,0.01039897,0.01183548,0.01425883,0.04675036
AIT-2024-08-001,ADSK,0.00727565,0.03208109,0.03036062,0.03418267
AIT-2024-08-001,AEP,-0.01315112,-0.01558940,-0.02563080,-0.03513052
AIT-2024-08-001,ALNY,0.01948367,0.00203855,0.00935178,-0.07311731
AIT-2024-08-001,AMAT,0.02367296,0.01320369,0.01670220,-0.05453622
AIT-2024-08-001,AMD,0.13561356,0.07962984,0.06438111,0.04670464
AIT-2024-08-001,AMGN,0.00630849,0.01058186,-0.02347221,-0.02555777
AIT-2024-08-001,AMZN,-0.05925964,-0.06697245,-0.06646992,-0.07854678
AIT-2024-08-001,APP,0.00612025,0.01050140,0.08129786,0.11992252
AIT-2024-08-001,ARM,0.05629925,0.04994206,0.01141694,-0.08255102
AIT-2024-08-001,ASML,0.03854022,0.04600694,0.02284650,-0.04222865
AIT-2024-08-001,ASX,-0.01977530,-0.01641825,0.01094083,-0.00773030
AIT-2024-08-001,AVGO,0.07049387,0.06303338,0.05038295,0.02252969
AIT-2024-08-001,AXON,0.00826289,0.02794138,0.23165253,0.15811430
AIT-2024-08-001,BKNG,-0.01361893,-0.01524077,-0.03265631,0.02703154
AIT-2024-08-001,BKR,-0.06392920,-0.07038514,-0.05368617,-0.07180185
AIT-2024-08-001,CCEP,0.00497770,0.00415273,-0.00488959,0.04697357
AIT-2024-08-001,CDNS,0.02714662,0.06597159,0.07837210,0.00482159
AIT-2024-08-001,CEG,0.02186368,0.07335027,0.09037139,0.03674253
AIT-2024-08-001,CMCSA,0.00214295,-0.00875648,-0.01325196,-0.01742955
AIT-2024-08-001,COST,0.02114336,0.03071759,0.05544516,0.03269756
AIT-2024-08-001,CPRT,0.03286531,-0.00212585,0.00254320,-0.01324931
AIT-2024-08-001,CRDO,0.03266427,0.03074962,0.07336929,0.18116907
AIT-2024-08-001,CRWD,0.08334315,0.10759215,0.10344904,0.12161772
AIT-2024-08-001,CSCO,-0.02857460,-0.02306608,-0.02402779,0.07057893
AIT-2024-08-001,CSX,-0.02374038,-0.00301624,-0.01071270,-0.03114996
AIT-2024-08-001,CTAS,0.01149441,0.01029625,0.00389780,0.01053246
AIT-2024-08-001,DASH,0.21626707,0.20996760,0.18152738,0.12567853
AIT-2024-08-001,DDOG,0.00260620,-0.00711675,0.02467427,-0.02704360
AIT-2024-08-001,DXCM,0.07059846,0.09998228,0.00579279,-0.06447270
AIT-2024-08-001,EA,0.00778107,0.00427915,-0.00095598,0.00574103
AIT-2024-08-001,ENTG,0.03732559,0.02056552,-0.00119302,0.00397989
AIT-2024-08-001,EXC,-0.00169133,-0.00221163,-0.00998064,0.00798093
AIT-2024-08-001,FANG,-0.05348077,-0.03339801,0.00820683,-0.03979574
AIT-2024-08-001,FAST,0.01882566,-0.00021688,-0.00237277,-0.01380108
AIT-2024-08-001,FER,-0.01969672,-0.01445738,-0.00389725,0.03508302
AIT-2024-08-001,FTNT,0.01803054,0.01747517,0.24970980,0.30625231
AIT-2024-08-001,GEHC,0.03854383,0.02770203,0.02625050,-0.02086577
AIT-2024-08-001,GILD,-0.00977608,-0.02022544,-0.03091239,0.03057384
AIT-2024-08-001,GOOG,-0.00658485,-0.01899031,-0.01543513,-0.08579908
AIT-2024-08-001,GOOGL,-0.00444913,-0.02242970,-0.01556233,-0.08687165
AIT-2024-08-001,HON,0.00460138,-0.00578512,-0.02192335,-0.00596711
AIT-2024-08-001,IDXX,0.01837671,0.03824467,0.04181920,-0.02235225
AIT-2024-08-001,INTC,-0.25884767,-0.28292501,-0.29991169,-0.22328565
AIT-2024-08-001,INTU,0.01598459,0.01885506,0.02026707,-0.04531858
AIT-2024-08-001,ISRG,0.03337199,0.04239535,0.04751162,0.02277804
AIT-2024-08-001,KDP,-0.00183483,0.00119450,-0.00212910,0.03465168
AIT-2024-08-001,KHC,-0.00489630,-0.01673707,-0.00665361,-0.00224493
AIT-2024-08-001,KLAC,0.03158648,0.03072824,0.03312736,0.01927758
AIT-2024-08-001,LIN,-0.00270530,-0.00209973,-0.00889586,0.02894128
AIT-2024-08-001,LITE,-0.03638197,-0.05257899,-0.05273391,0.14127287
AIT-2024-08-001,LRCX,0.03288890,0.01340007,0.02102328,-0.06960208
AIT-2024-08-001,MAR,0.01940373,0.02784875,0.01803002,0.03672943
AIT-2024-08-001,MCHP,-0.03800837,-0.04204978,-0.05266324,-0.04482058
AIT-2024-08-001,MDLZ,0.02591363,0.01479405,0.02596535,0.03492567
AIT-2024-08-001,MELI,0.17648718,0.18253173,0.19265502,0.20599740
AIT-2024-08-001,META,0.04332571,0.06546066,0.07640923,-0.01313345
AIT-2024-08-001,MNST,0.00705046,0.00922706,-0.09164909,-0.09230440
AIT-2024-08-001,MPWR,0.10010752,0.10339922,0.10124125,0.10234233
AIT-2024-08-001,MRVL,0.02579629,0.01575806,0.01654945,0.15438373
AIT-2024-08-001,MSFT,0.00125808,0.00194434,-0.00604422,-0.04187908
AIT-2024-08-001,MSTR,-0.04769131,-0.02937760,-0.10066042,-0.34278526
AIT-2024-08-001,MTSI,0.05638110,0.05176765,0.05916119,0.04384549
AIT-2024-08-001,MU,-0.01887968,-0.05309466,-0.04832132,-0.12716223
AIT-2024-08-001,NFLX,0.00703453,0.01344925,0.02472351,0.03816813
AIT-2024-08-001,NVDA,0.03097868,0.04446375,-0.00404025,-0.02989570
AIT-2024-08-001,NXPI,0.04956484,0.03988369,0.03029277,0.00163365
AIT-2024-08-001,ODFL,0.02103088,0.02962414,-0.01461181,-0.05874004
AIT-2024-08-001,ON,0.05180965,0.03175256,0.04794000,0.08842046
AIT-2024-08-001,ORLY,-0.00554422,-0.00423669,-0.00144684,-0.02174769
AIT-2024-08-001,PANW,-0.00927656,0.00549844,0.07460596,0.09826927
AIT-2024-08-001,PAYX,0.01253289,0.01186507,0.00325940,0.02870605
AIT-2024-08-001,PCAR,-0.00326119,-0.00816114,-0.02164095,-0.03899844
AIT-2024-08-001,PDD,0.02418453,0.06750689,0.09070516,-0.26196351
AIT-2024-08-001,PEP,0.00333446,-0.00756534,-0.01285765,-0.02456944
AIT-2024-08-001,PLTR,0.05542903,0.13445557,0.20624574,0.11113568
AIT-2024-08-001,PYPL,-0.01069156,0.01627180,0.02368764,0.08248332
AIT-2024-08-001,QCOM,0.04572091,0.03364755,0.03215354,-0.01002222
AIT-2024-08-001,REGN,0.00619389,-0.00448632,0.04189342,0.04735031
AIT-2024-08-001,RKLB,0.00643030,0.00533737,0.11493386,0.22161058
AIT-2024-08-001,ROP,-0.01462559,-0.01988017,-0.01753180,-0.00250365
AIT-2024-08-001,ROST,-0.01204285,-0.01299180,-0.01126268,0.01596163
AIT-2024-08-001,SBUX,0.02415764,0.03932469,0.02508934,0.27398473
AIT-2024-08-001,SHOP,0.01972777,0.03596996,0.25154661,0.20797407
AIT-2024-08-001,SNPS,-0.01550220,-0.00609897,0.01384184,-0.06816226
AIT-2024-08-001,STX,-0.00587783,-0.00614236,-0.00687477,-0.05381273
AIT-2024-08-001,TER,0.06495069,0.06131703,0.04777423,0.05048436
AIT-2024-08-001,TMUS,0.00500566,0.01814477,0.03350400,0.03186981
AIT-2024-08-001,TRI,0.01018798,0.02641709,0.02796817,0.04059153
AIT-2024-08-001,TSLA,0.00975241,0.00353660,-0.03033213,-0.02548905
AIT-2024-08-001,TSM,0.02210368,0.05418933,0.08704382,-0.00374414
AIT-2024-08-001,TTWO,-0.00483179,-0.00710699,0.01298776,0.09030449
AIT-2024-08-001,TXN,-0.00542222,0.01512343,0.01882047,0.06162946
AIT-2024-08-001,UMC,0.03991315,0.04719440,0.07690069,0.05346518
AIT-2024-08-001,VRTX,-0.02757171,-0.03986240,-0.06794931,-0.05797174
AIT-2024-08-001,WBD,0.01694754,-0.03354632,-0.12633208,-0.05340862
AIT-2024-08-001,WDAY,-0.02939092,-0.01922716,-0.03058326,0.15884126
AIT-2024-08-001,WDC,0.02450098,0.01499219,0.01858235,0.01342076
AIT-2024-08-001,WMT,-0.02213528,-0.02358952,-0.02961893,0.06955371
AIT-2024-08-001,XEL,-0.00637158,-0.01050965,-0.01277001,0.03451796
AIT-2024-08-002,AAPL,0.01147547,0.02052324,0.02531552,0.01839936
AIT-2024-08-002,ABNB,-0.14259549,-0.14455972,-0.16193016,-0.16459967
AIT-2024-08-002,ADBE,0.01253006,0.01967895,0.00425925,0.06506042
AIT-2024-08-002,ADI,0.02059436,0.00341998,-0.00580455,0.00343180
AIT-2024-08-002,ADP,0.00636846,0.00253131,-0.00255041,0.02743162
AIT-2024-08-002,ADSK,-0.00090342,-0.00164738,-0.00481340,0.01872645
AIT-2024-08-002,AEP,-0.01090282,-0.00978360,-0.02360901,0.01783260
AIT-2024-08-002,ALNY,0.01548437,0.00738850,-0.03635703,-0.10228675
AIT-2024-08-002,AMAT,0.00730466,0.00156691,0.01411376,-0.11107159
AIT-2024-08-002,AMD,0.00909629,-0.01598745,-0.01522887,-0.03275929
AIT-2024-08-002,AMGN,-0.02402179,-0.03432079,-0.04946941,-0.04652403
AIT-2024-08-002,AMZN,0.00046162,0.00110160,-0.00849030,0.02380600
AIT-2024-08-002,APP,0.07400963,0.07065814,0.11300372,0.11143601
AIT-2024-08-002,ARM,-0.00846781,-0.03784877,-0.03649922,-0.13580528
AIT-2024-08-002,ASML,0.00349352,-0.02452844,-0.04716305,-0.16006707
AIT-2024-08-002,ASX,0.02432125,0.02802333,0.04734295,-0.02253258
AIT-2024-08-002,AVGO,-0.02020015,-0.01301924,0.00482688,-0.05470352
AIT-2024-08-002,AXON,0.21868151,0.20366069,0.19384901,0.13151300
AIT-2024-08-002,BKNG,-0.02571247,-0.01686900,-0.00381361,0.04163243
AIT-2024-08-002,BKR,0.02262845,0.01741250,0.00079192,-0.01594744
AIT-2024-08-002,CCEP,-0.01103095,-0.00882172,0.00722261,0.06360573
AIT-2024-08-002,CDNS,0.01222150,0.01163775,-0.01145537,-0.08704727
AIT-2024-08-002,CEG,0.00944194,0.01766094,-0.02996611,-0.11179118
AIT-2024-08-002,CMCSA,0.00447491,-0.00369197,-0.01297859,0.01887937
AIT-2024-08-002,COST,0.01124382,0.02473811,0.01286261,0.01425867
AIT-2024-08-002,CPRT,-0.00884770,0.00478725,-0.01617389,-0.04276985
AIT-2024-08-002,CRDO,0.03144792,0.04258954,0.03876362,-0.04834216
AIT-2024-08-002,CRWD,0.00715600,0.00054914,0.02546402,0.01317787
AIT-2024-08-002,CSCO,0.00854857,-0.00041201,-0.00793763,0.08591784
AIT-2024-08-002,CSX,0.00243470,-0.00725895,-0.03730242,-0.01737006
AIT-2024-08-002,CTAS,-0.00896070,-0.00677299,-0.01683877,0.00496683
AIT-2024-08-002,DASH,-0.01250368,-0.02792678,-0.03901424,-0.05548193
AIT-2024-08-002,DDOG,0.05450307,0.03209319,0.01754457,-0.03187883
AIT-2024-08-002,DXCM,-0.06367229,-0.09276038,-0.10870823,-0.13884322
AIT-2024-08-002,EA,-0.00061272,-0.00592151,-0.01847390,-0.02258484
AIT-2024-08-002,ENTG,0.01028045,-0.02275364,-0.02920897,-0.00856493
AIT-2024-08-002,EXC,-0.00534822,-0.00770480,-0.01414397,0.03011700
AIT-2024-08-002,FANG,0.03304438,0.04209777,0.01573192,-0.05322960
AIT-2024-08-002,FAST,-0.00259945,-0.00241969,-0.01865270,-0.04091185
AIT-2024-08-002,FER,0.01093106,0.01032321,0.02721303,0.03943292
AIT-2024-08-002,FTNT,0.22137152,0.23290257,0.26052874,0.30737033
AIT-2024-08-002,GEHC,-0.00976391,-0.00184064,-0.02514880,0.01358967
AIT-2024-08-002,GILD,0.01628847,-0.00968467,-0.00596668,0.06121511
AIT-2024-08-002,GOOG,-0.00059964,0.00329184,-0.04259982,-0.07402867
AIT-2024-08-002,GOOGL,0.00209030,0.00656899,-0.03956985,-0.06924313
AIT-2024-08-002,HON,-0.00521458,-0.01600791,-0.03193478,-0.00739154
AIT-2024-08-002,IDXX,0.01065970,0.00353513,-0.03685837,-0.04490129
AIT-2024-08-002,INTC,0.02499357,-0.01699917,-0.02499745,-0.02561661
AIT-2024-08-002,INTU,0.00042827,0.00136288,-0.01460048,-0.03915607
AIT-2024-08-002,ISRG,0.01204114,0.00483373,-0.00783442,-0.02690788
AIT-2024-08-002,KDP,-0.00215572,-0.00256595,0.01419805,0.04889917
AIT-2024-08-002,KHC,0.00954204,0.01059952,-0.01352785,0.03846397
AIT-2024-08-002,KLAC,0.01731874,0.00053328,0.01991849,-0.08154805
AIT-2024-08-002,LIN,-0.00333022,-0.00671492,-0.00700374,0.01742268
AIT-2024-08-002,LITE,0.01053815,-0.00025634,0.01129519,0.20984805
AIT-2024-08-002,LRCX,0.00409147,0.00580484,0.00864091,-0.11327121
AIT-2024-08-002,MAR,-0.01462697,-0.00907513,-0.03384730,0.01508290
AIT-2024-08-002,MCHP,0.01044433,-0.01165022,-0.01739521,-0.02502696
AIT-2024-08-002,MDLZ,0.02126935,0.01193774,0.02687574,0.07794102
AIT-2024-08-002,MELI,0.00835975,0.00958119,-0.01180817,0.04823700
AIT-2024-08-002,META,0.00279045,0.01091894,-0.00724714,-0.04632019
AIT-2024-08-002,MNST,-0.12131312,-0.09956457,-0.10355117,-0.05866918
AIT-2024-08-002,MPWR,0.03154506,-0.00381525,-0.00545538,-0.04934194
AIT-2024-08-002,MRVL,0.01865599,0.00002569,0.01144531,0.11094932
AIT-2024-08-002,MSFT,-0.01114643,-0.00798593,-0.00463580,-0.03688436
AIT-2024-08-002,MSTR,-0.04905494,-0.07090937,-0.17314940,-0.38799809
AIT-2024-08-002,MTSI,0.00893479,0.00657403,-0.01703265,-0.05462067
AIT-2024-08-002,MU,0.00259126,0.00441253,0.04010863,-0.09686971
AIT-2024-08-002,NFLX,0.01187692,0.01076724,0.02596695,0.01945164
AIT-2024-08-002,NVDA,-0.03491229,-0.05030204,0.01595385,-0.13602563
AIT-2024-08-002,NXPI,0.00992516,-0.01066852,-0.03759862,-0.07729192
AIT-2024-08-002,ODFL,-0.02583331,-0.04363708,-0.06398558,-0.08341637
AIT-2024-08-002,ON,0.03294927,0.01493244,-0.01502965,0.00550347
AIT-2024-08-002,ORLY,0.00179689,0.00302709,-0.00107612,0.00019564
AIT-2024-08-002,PANW,0.03017584,0.06905605,0.06906736,0.06977931
AIT-2024-08-002,PAYX,-0.00705987,-0.00843874,-0.01341053,0.02555301
AIT-2024-08-002,PCAR,-0.00454675,-0.01340483,-0.02362700,-0.04786273
AIT-2024-08-002,PDD,0.02648354,0.02256986,0.03379247,-0.35046609
AIT-2024-08-002,PEP,-0.00392107,-0.00475326,-0.00112502,0.02661117
AIT-2024-08-002,PLTR,0.05875861,0.07218681,0.05252527,0.00270665
AIT-2024-08-002,PYPL,0.00514316,0.00738943,0.00684498,0.09780861
AIT-2024-08-002,QCOM,0.00921517,-0.00231578,-0.02363998,-0.06593027
AIT-2024-08-002,REGN,0.03333518,0.04623928,0.05564189,0.03607162
AIT-2024-08-002,RKLB,-0.00985339,0.10995812,0.04677007,0.22621212
AIT-2024-08-002,ROP,-0.00212418,0.00201956,-0.00967503,0.03509443
AIT-2024-08-002,ROST,0.00337107,0.00280352,-0.00115178,0.07043383
AIT-2024-08-002,SBUX,-0.00242814,-0.01236289,0.22936311,0.23008766
AIT-2024-08-002,SHOP,0.21491233,0.21700733,0.20671560,0.19099268
AIT-2024-08-002,SNPS,0.00625170,0.01866269,-0.00090112,-0.10619320
AIT-2024-08-002,STX,-0.00374173,-0.00164974,-0.02210815,-0.00747899
AIT-2024-08-002,TER,0.00419616,-0.01501114,-0.03063743,-0.03576776
AIT-2024-08-002,TMUS,0.01513290,0.01647696,0.02207470,0.01221548
AIT-2024-08-002,TRI,-0.00180657,0.00102903,0.01032044,0.01151627
AIT-2024-08-002,TSLA,-0.03460684,-0.03512554,-0.05860391,0.09355263
AIT-2024-08-002,TSM,0.02608616,0.03235810,0.00875650,-0.06194933
AIT-2024-08-002,TTWO,-0.02035469,0.02041229,0.00754138,0.09281342
AIT-2024-08-002,TXN,0.01413417,0.00292845,-0.00442291,0.01424858
AIT-2024-08-002,UMC,0.04013923,0.03046088,0.03919770,0.01255340
AIT-2024-08-002,VRTX,-0.02982453,-0.02810740,-0.03707267,-0.05973826
AIT-2024-08-002,WBD,-0.08854594,-0.09060639,-0.11816373,-0.02254281
AIT-2024-08-002,WDAY,-0.00733308,-0.01129289,0.02555319,0.17224421
AIT-2024-08-002,WDC,-0.00174250,0.00169011,-0.00556882,-0.01269317
AIT-2024-08-002,WMT,-0.00754711,-0.00556279,-0.00366856,0.09477121
AIT-2024-08-002,XEL,0.00215314,-0.00171255,0.01252664,0.09013410
AIT-2024-08-003,AAPL,-0.00645277,-0.00279492,-0.01316710,-0.02298841
AIT-2024-08-003,ABNB,-0.01088445,-0.03468668,-0.03605283,-0.01720158
AIT-2024-08-003,ADBE,0.01104932,0.00842961,0.02027718,0.08509569
AIT-2024-08-003,ADI,-0.00246382,-0.00773746,-0.00435418,-0.01765798
AIT-2024-08-003,ADP,-0.00160332,-0.00080175,0.00898391,0.05083012
AIT-2024-08-003,ADSK,-0.00473965,-0.01491493,-0.01304432,0.03477778
AIT-2024-08-003,AEP,-0.02490206,-0.02285724,-0.01901150,0.01406706
AIT-2024-08-003,ALNY,-0.03479661,-0.01665804,0.01189669,-0.06667359
AIT-2024-08-003,AMAT,0.01186637,-0.01102010,-0.02774717,-0.13979425
AIT-2024-08-003,AMD,-0.00442320,-0.00055611,0.03628254,0.02577529
AIT-2024-08-003,AMGN,-0.00900847,-0.01609170,-0.00099324,0.00088748
AIT-2024-08-003,AMZN,0.01466005,0.00849759,0.00955540,0.05309001
AIT-2024-08-003,APP,0.02073530,0.02340434,0.04560618,0.20285837
AIT-2024-08-003,ARM,-0.01685853,-0.02745287,-0.06377007,-0.01621571
AIT-2024-08-003,ASML,0.02085786,0.00623979,0.00948129,-0.12702412
AIT-2024-08-003,ASX,-0.00536161,-0.01447113,-0.02234302,-0.05146400
AIT-2024-08-003,AVGO,0.01736129,0.00978740,-0.01554478,-0.00399056
AIT-2024-08-003,AXON,-0.01120891,-0.01427065,-0.02491590,-0.00253591
AIT-2024-08-003,BKNG,-0.00577158,-0.01276616,0.00635133,0.04837397
AIT-2024-08-003,BKR,-0.00264362,-0.00784202,-0.02743867,-0.06126577
AIT-2024-08-003,CCEP,0.01295019,0.00651517,0.01978420,0.04137084
AIT-2024-08-003,CDNS,0.00016468,0.00121718,-0.00053017,-0.01868789
AIT-2024-08-003,CEG,-0.02517224,-0.03111935,-0.01368536,-0.04688387
AIT-2024-08-003,CMCSA,0.00067376,0.00285027,0.00737220,0.00748594
AIT-2024-08-003,COST,-0.00564639,-0.01638656,-0.01724476,0.00774607
AIT-2024-08-003,CPRT,-0.00935076,-0.01673339,-0.00530482,-0.04645976
AIT-2024-08-003,CRDO,0.01034634,0.00705290,0.15784804,-0.08464440
AIT-2024-08-003,CRWD,0.01082389,0.01479873,0.03435703,-0.01162373
AIT-2024-08-003,CSCO,0.06190296,0.08098900,0.09845288,0.09798105
AIT-2024-08-003,CSX,0.00004341,-0.00759214,-0.00349816,-0.00849535
AIT-2024-08-003,CTAS,-0.00476362,-0.01144959,-0.00037050,0.03546482
AIT-2024-08-003,DASH,-0.01923905,-0.03257489,-0.04903627,-0.02795509
AIT-2024-08-003,DDOG,-0.01366219,-0.02854933,-0.02147792,-0.08485247
AIT-2024-08-003,DXCM,0.01011097,0.04167609,0.02200107,-0.01763520
AIT-2024-08-003,EA,-0.01126464,-0.00364724,-0.00113728,-0.03162458
AIT-2024-08-003,ENTG,-0.00088413,-0.00965937,-0.00928101,-0.04426650
AIT-2024-08-003,EXC,0.00556019,0.00829788,0.01345078,0.07138076
AIT-2024-08-003,FANG,0.00538627,-0.00524419,-0.03055319,-0.15238651
AIT-2024-08-003,FAST,-0.01096371,-0.00056147,0.00111369,0.02274263
AIT-2024-08-003,FER,0.00452910,0.00212492,0.01173726,0.00323611
AIT-2024-08-003,FTNT,0.00989416,0.02690708,0.02909240,0.03593417
AIT-2024-08-003,GEHC,-0.01094206,-0.01930044,-0.03606581,0.00640746
AIT-2024-08-003,GILD,0.00297771,-0.00488864,0.01194787,0.11251705
AIT-2024-08-003,GOOG,-0.04302130,-0.03578024,-0.03165576,-0.08923504
AIT-2024-08-003,GOOGL,-0.04428563,-0.03639934,-0.03226366,-0.08422691
AIT-2024-08-003,HON,-0.00389737,0.00081141,0.00875367,0.03026269
AIT-2024-08-003,IDXX,-0.02877365,-0.01666467,-0.02258784,0.00401107
AIT-2024-08-003,INTC,-0.01086567,-0.00303567,0.01473630,-0.03872931
AIT-2024-08-003,INTU,-0.01743738,-0.01786547,-0.00637459,-0.02748791
AIT-2024-08-003,ISRG,-0.00414205,-0.01030205,-0.00969849,-0.00543712
AIT-2024-08-003,KDP,0.00121743,0.00182069,0.00062434,0.03176412
AIT-2024-08-003,KHC,-0.01232048,-0.00028908,0.02165645,0.01915585
AIT-2024-08-003,KLAC,0.01098510,-0.01368048,-0.02881668,-0.13367111
AIT-2024-08-003,LIN,0.00509116,0.00508433,0.00954444,0.01662007
AIT-2024-08-003,LITE,0.09064337,0.08140045,0.14315783,0.13431605
AIT-2024-08-003,LRCX,0.01422499,-0.01131657,-0.03165273,-0.16329391
AIT-2024-08-003,MAR,0.00379499,-0.00162682,0.00476691,0.03787782
AIT-2024-08-003,MCHP,-0.00619697,-0.01432925,-0.00581745,-0.05348427
AIT-2024-08-003,MDLZ,-0.00640014,-0.00919498,0.00181965,0.05082908
AIT-2024-08-003,MELI,0.01341648,0.00124467,0.00087358,0.07647283
AIT-2024-08-003,META,-0.02046191,-0.04285879,-0.04860289,-0.05851536
AIT-2024-08-003,MNST,0.00116966,-0.00478503,-0.00330704,0.06716042
AIT-2024-08-003,MPWR,0.01038800,-0.00222905,0.00424514,-0.04333588
AIT-2024-08-003,MRVL,0.03860233,0.03466199,0.04219452,0.12334216
AIT-2024-08-003,MSFT,-0.00542698,-0.01397881,-0.01351653,0.00063319
AIT-2024-08-003,MSTR,-0.08245601,-0.08523193,-0.06617633,-0.21193397
AIT-2024-08-003,MTSI,-0.00770494,-0.00814087,-0.02419933,-0.04853446
AIT-2024-08-003,MU,0.05449702,0.05972363,0.03997620,-0.16403752
AIT-2024-08-003,NFLX,-0.00301408,0.00995126,0.02795688,0.00817905
AIT-2024-08-003,NVDA,0.00316650,0.00969022,0.00795854,-0.07706196
AIT-2024-08-003,NXPI,-0.01276886,-0.01156238,-0.03041715,-0.13071654
AIT-2024-08-003,ODFL,-0.00855363,0.00546717,0.01022664,-0.02662196
AIT-2024-08-003,ON,0.00997966,0.00781078,0.00600013,-0.04468413
AIT-2024-08-003,ORLY,-0.00728472,-0.00569758,0.00436704,-0.02462984
AIT-2024-08-003,PANW,0.00485958,-0.02462988,0.03826772,0.00093419
AIT-2024-08-003,PAYX,-0.00727539,-0.01326842,-0.00432995,0.05435133
AIT-2024-08-003,PCAR,0.01192990,0.01182343,0.01164782,0.00459032
AIT-2024-08-003,PDD,-0.00823738,0.01892141,-0.01178668,-0.35833297
AIT-2024-08-003,PEP,-0.00252810,-0.00258462,0.00985754,0.02500798
AIT-2024-08-003,PLTR,-0.02667272,-0.00473231,-0.01971633,0.07349324
AIT-2024-08-003,PYPL,0.01902975,0.01756619,0.05735250,0.06391182
AIT-2024-08-003,QCOM,-0.01586267,-0.02705221,-0.03741950,-0.08008388
AIT-2024-08-003,REGN,0.00228213,0.00363011,0.00029968,-0.02813840
AIT-2024-08-003,RKLB,0.08802041,0.21005426,0.26774684,0.26310193
AIT-2024-08-003,ROP,0.02460943,0.02670290,0.02392232,0.03256635
AIT-2024-08-003,ROST,0.02787079,0.02333613,0.05867979,0.05335367
AIT-2024-08-003,SBUX,-0.02115998,-0.01554247,-0.03919155,0.06199639
AIT-2024-08-003,SHOP,0.02423226,0.01689624,0.01678997,-0.00665184
AIT-2024-08-003,SNPS,0.00332077,0.00209967,0.01448069,-0.09770325
AIT-2024-08-003,STX,-0.01044766,0.00738034,0.01823855,-0.02599542
AIT-2024-08-003,TER,-0.00924266,-0.00282683,-0.00888861,-0.02947678
AIT-2024-08-003,TMUS,-0.00752969,0.00103452,-0.00897035,0.01292731
AIT-2024-08-003,TRI,-0.00360165,-0.00934302,-0.00553327,0.03561601
AIT-2024-08-003,TSLA,-0.00340763,0.00327086,0.01965547,0.09066365
AIT-2024-08-003,TSM,-0.03151464,-0.03310320,-0.07480521,-0.06787687
AIT-2024-08-003,TTWO,-0.00335849,0.01994565,0.07981585,0.05093219
AIT-2024-08-003,TXN,-0.00070478,-0.01055059,0.01396710,-0.04438241
AIT-2024-08-003,UMC,-0.02233453,-0.03207525,-0.02220558,-0.02209870
AIT-2024-08-003,VRTX,-0.00457665,0.00460020,0.01357316,-0.01171632
AIT-2024-08-003,WBD,0.00228997,0.02501096,0.05264732,0.10113928
AIT-2024-08-003,WDAY,0.05431794,0.05389825,0.05434102,0.14488804
AIT-2024-08-003,WDC,-0.00586504,-0.00130902,-0.00669125,-0.02781223
AIT-2024-08-003,WMT,0.06692502,0.07187189,0.09022919,0.13149053
AIT-2024-08-003,XEL,-0.01518070,0.00291575,0.00129742,0.06633698
AIT-2024-08-004,AAPL,-0.00645277,-0.00279492,-0.01316710,-0.02298841
AIT-2024-08-004,ABNB,-0.01088445,-0.03468668,-0.03605283,-0.01720158
AIT-2024-08-004,ADBE,0.01104932,0.00842961,0.02027718,0.08509569
AIT-2024-08-004,ADI,-0.00246382,-0.00773746,-0.00435418,-0.01765798
AIT-2024-08-004,ADP,-0.00160332,-0.00080175,0.00898391,0.05083012
AIT-2024-08-004,ADSK,-0.00473965,-0.01491493,-0.01304432,0.03477778
AIT-2024-08-004,AEP,-0.02490206,-0.02285724,-0.01901150,0.01406706
AIT-2024-08-004,ALNY,-0.03479661,-0.01665804,0.01189669,-0.06667359
AIT-2024-08-004,AMAT,0.01186637,-0.01102010,-0.02774717,-0.13979425
AIT-2024-08-004,AMD,-0.00442320,-0.00055611,0.03628254,0.02577529
AIT-2024-08-004,AMGN,-0.00900847,-0.01609170,-0.00099324,0.00088748
AIT-2024-08-004,AMZN,0.01466005,0.00849759,0.00955540,0.05309001
AIT-2024-08-004,APP,0.02073530,0.02340434,0.04560618,0.20285837
AIT-2024-08-004,ARM,-0.01685853,-0.02745287,-0.06377007,-0.01621571
AIT-2024-08-004,ASML,0.02085786,0.00623979,0.00948129,-0.12702412
AIT-2024-08-004,ASX,-0.00536161,-0.01447113,-0.02234302,-0.05146400
AIT-2024-08-004,AVGO,0.01736129,0.00978740,-0.01554478,-0.00399056
AIT-2024-08-004,AXON,-0.01120891,-0.01427065,-0.02491590,-0.00253591
AIT-2024-08-004,BKNG,-0.00577158,-0.01276616,0.00635133,0.04837397
AIT-2024-08-004,BKR,-0.00264362,-0.00784202,-0.02743867,-0.06126577
AIT-2024-08-004,CCEP,0.01295019,0.00651517,0.01978420,0.04137084
AIT-2024-08-004,CDNS,0.00016468,0.00121718,-0.00053017,-0.01868789
AIT-2024-08-004,CEG,-0.02517224,-0.03111935,-0.01368536,-0.04688387
AIT-2024-08-004,CMCSA,0.00067376,0.00285027,0.00737220,0.00748594
AIT-2024-08-004,COST,-0.00564639,-0.01638656,-0.01724476,0.00774607
AIT-2024-08-004,CPRT,-0.00935076,-0.01673339,-0.00530482,-0.04645976
AIT-2024-08-004,CRDO,0.01034634,0.00705290,0.15784804,-0.08464440
AIT-2024-08-004,CRWD,0.01082389,0.01479873,0.03435703,-0.01162373
AIT-2024-08-004,CSCO,0.06190296,0.08098900,0.09845288,0.09798105
AIT-2024-08-004,CSX,0.00004341,-0.00759214,-0.00349816,-0.00849535
AIT-2024-08-004,CTAS,-0.00476362,-0.01144959,-0.00037050,0.03546482
AIT-2024-08-004,DASH,-0.01923905,-0.03257489,-0.04903627,-0.02795509
AIT-2024-08-004,DDOG,-0.01366219,-0.02854933,-0.02147792,-0.08485247
AIT-2024-08-004,DXCM,0.01011097,0.04167609,0.02200107,-0.01763520
AIT-2024-08-004,EA,-0.01126464,-0.00364724,-0.00113728,-0.03162458
AIT-2024-08-004,ENTG,-0.00088413,-0.00965937,-0.00928101,-0.04426650
AIT-2024-08-004,EXC,0.00556019,0.00829788,0.01345078,0.07138076
AIT-2024-08-004,FANG,0.00538627,-0.00524419,-0.03055319,-0.15238651
AIT-2024-08-004,FAST,-0.01096371,-0.00056147,0.00111369,0.02274263
AIT-2024-08-004,FER,0.00452910,0.00212492,0.01173726,0.00323611
AIT-2024-08-004,FTNT,0.00989416,0.02690708,0.02909240,0.03593417
AIT-2024-08-004,GEHC,-0.01094206,-0.01930044,-0.03606581,0.00640746
AIT-2024-08-004,GILD,0.00297771,-0.00488864,0.01194787,0.11251705
AIT-2024-08-004,GOOG,-0.04302130,-0.03578024,-0.03165576,-0.08923504
AIT-2024-08-004,GOOGL,-0.04428563,-0.03639934,-0.03226366,-0.08422691
AIT-2024-08-004,HON,-0.00389737,0.00081141,0.00875367,0.03026269
AIT-2024-08-004,IDXX,-0.02877365,-0.01666467,-0.02258784,0.00401107
AIT-2024-08-004,INTC,-0.01086567,-0.00303567,0.01473630,-0.03872931
AIT-2024-08-004,INTU,-0.01743738,-0.01786547,-0.00637459,-0.02748791
AIT-2024-08-004,ISRG,-0.00414205,-0.01030205,-0.00969849,-0.00543712
AIT-2024-08-004,KDP,0.00121743,0.00182069,0.00062434,0.03176412
AIT-2024-08-004,KHC,-0.01232048,-0.00028908,0.02165645,0.01915585
AIT-2024-08-004,KLAC,0.01098510,-0.01368048,-0.02881668,-0.13367111
AIT-2024-08-004,LIN,0.00509116,0.00508433,0.00954444,0.01662007
AIT-2024-08-004,LITE,0.09064337,0.08140045,0.14315783,0.13431605
AIT-2024-08-004,LRCX,0.01422499,-0.01131657,-0.03165273,-0.16329391
AIT-2024-08-004,MAR,0.00379499,-0.00162682,0.00476691,0.03787782
AIT-2024-08-004,MCHP,-0.00619697,-0.01432925,-0.00581745,-0.05348427
AIT-2024-08-004,MDLZ,-0.00640014,-0.00919498,0.00181965,0.05082908
AIT-2024-08-004,MELI,0.01341648,0.00124467,0.00087358,0.07647283
AIT-2024-08-004,META,-0.02046191,-0.04285879,-0.04860289,-0.05851536
AIT-2024-08-004,MNST,0.00116966,-0.00478503,-0.00330704,0.06716042
AIT-2024-08-004,MPWR,0.01038800,-0.00222905,0.00424514,-0.04333588
AIT-2024-08-004,MRVL,0.03860233,0.03466199,0.04219452,0.12334216
AIT-2024-08-004,MSFT,-0.00542698,-0.01397881,-0.01351653,0.00063319
AIT-2024-08-004,MSTR,-0.08245601,-0.08523193,-0.06617633,-0.21193397
AIT-2024-08-004,MTSI,-0.00770494,-0.00814087,-0.02419933,-0.04853446
AIT-2024-08-004,MU,0.05449702,0.05972363,0.03997620,-0.16403752
AIT-2024-08-004,NFLX,-0.00301408,0.00995126,0.02795688,0.00817905
AIT-2024-08-004,NVDA,0.00316650,0.00969022,0.00795854,-0.07706196
AIT-2024-08-004,NXPI,-0.01276886,-0.01156238,-0.03041715,-0.13071654
AIT-2024-08-004,ODFL,-0.00855363,0.00546717,0.01022664,-0.02662196
AIT-2024-08-004,ON,0.00997966,0.00781078,0.00600013,-0.04468413
AIT-2024-08-004,ORLY,-0.00728472,-0.00569758,0.00436704,-0.02462984
AIT-2024-08-004,PANW,0.00485958,-0.02462988,0.03826772,0.00093419
AIT-2024-08-004,PAYX,-0.00727539,-0.01326842,-0.00432995,0.05435133
AIT-2024-08-004,PCAR,0.01192990,0.01182343,0.01164782,0.00459032
AIT-2024-08-004,PDD,-0.00823738,0.01892141,-0.01178668,-0.35833297
AIT-2024-08-004,PEP,-0.00252810,-0.00258462,0.00985754,0.02500798
AIT-2024-08-004,PLTR,-0.02667272,-0.00473231,-0.01971633,0.07349324
AIT-2024-08-004,PYPL,0.01902975,0.01756619,0.05735250,0.06391182
AIT-2024-08-004,QCOM,-0.01586267,-0.02705221,-0.03741950,-0.08008388
AIT-2024-08-004,REGN,0.00228213,0.00363011,0.00029968,-0.02813840
AIT-2024-08-004,RKLB,0.08802041,0.21005426,0.26774684,0.26310193
AIT-2024-08-004,ROP,0.02460943,0.02670290,0.02392232,0.03256635
AIT-2024-08-004,ROST,0.02787079,0.02333613,0.05867979,0.05335367
AIT-2024-08-004,SBUX,-0.02115998,-0.01554247,-0.03919155,0.06199639
AIT-2024-08-004,SHOP,0.02423226,0.01689624,0.01678997,-0.00665184
AIT-2024-08-004,SNPS,0.00332077,0.00209967,0.01448069,-0.09770325
AIT-2024-08-004,STX,-0.01044766,0.00738034,0.01823855,-0.02599542
AIT-2024-08-004,TER,-0.00924266,-0.00282683,-0.00888861,-0.02947678
AIT-2024-08-004,TMUS,-0.00752969,0.00103452,-0.00897035,0.01292731
AIT-2024-08-004,TRI,-0.00360165,-0.00934302,-0.00553327,0.03561601
AIT-2024-08-004,TSLA,-0.00340763,0.00327086,0.01965547,0.09066365
AIT-2024-08-004,TSM,-0.03151464,-0.03310320,-0.07480521,-0.06787687
AIT-2024-08-004,TTWO,-0.00335849,0.01994565,0.07981585,0.05093219
AIT-2024-08-004,TXN,-0.00070478,-0.01055059,0.01396710,-0.04438241
AIT-2024-08-004,UMC,-0.02233453,-0.03207525,-0.02220558,-0.02209870
AIT-2024-08-004,VRTX,-0.00457665,0.00460020,0.01357316,-0.01171632
AIT-2024-08-004,WBD,0.00228997,0.02501096,0.05264732,0.10113928
AIT-2024-08-004,WDAY,0.05431794,0.05389825,0.05434102,0.14488804
AIT-2024-08-004,WDC,-0.00586504,-0.00130902,-0.00669125,-0.02781223
AIT-2024-08-004,WMT,0.06692502,0.07187189,0.09022919,0.13149053
AIT-2024-08-004,XEL,-0.01518070,0.00291575,0.00129742,0.06633698
AIT-2024-08-006,AAPL,0.01404047,0.00068986,-0.00156164,-0.02186081
AIT-2024-08-006,ABNB,0.01156673,0.00453757,0.03987126,0.10866734
AIT-2024-08-006,ADBE,0.01408868,0.01202516,0.03784501,-0.08425709
AIT-2024-08-006,ADI,0.00629209,0.00818485,-0.01306860,-0.01669532
AIT-2024-08-006,ADP,-0.00438219,0.00158501,-0.01392194,-0.01463670
AIT-2024-08-006,ADSK,0.01472373,0.00203999,0.01507903,0.04404900
AIT-2024-08-006,AEP,0.01126444,0.01331058,0.04332825,-0.00622788
AIT-2024-08-006,ALNY,0.02115262,-0.06966600,-0.11085019,-0.07578878
AIT-2024-08-006,AMAT,0.00031384,0.00095892,-0.02646019,0.03792542
AIT-2024-08-006,AMD,-0.01844639,-0.01768979,-0.01784260,0.08848858
AIT-2024-08-006,AMGN,0.01593069,0.01729655,0.00580549,-0.04445243
AIT-2024-08-006,AMZN,0.00416401,0.02788506,0.06404871,0.08398507
AIT-2024-08-006,APP,0.02869780,0.01652283,0.02908660,0.29112443
AIT-2024-08-006,ARM,0.02458198,-0.00340890,0.00576878,0.03119033
AIT-2024-08-006,ASML,0.01287440,0.00895221,-0.05287655,-0.07039885
AIT-2024-08-006,ASX,0.01697142,0.01575842,-0.01072684,0.05624696
AIT-2024-08-006,AVGO,-0.01466458,-0.00070170,-0.00229594,0.05356824
AIT-2024-08-006,AXON,-0.00245493,-0.00528862,-0.01513220,0.01907771
AIT-2024-08-006,BKNG,0.01024678,0.00403199,0.00272604,0.08201132
AIT-2024-08-006,BKR,0.00098025,-0.00799516,-0.01903169,-0.02296574
AIT-2024-08-006,CCEP,0.00063442,0.00267833,0.02085988,-0.03462687
AIT-2024-08-006,CDNS,0.00210701,-0.00182749,-0.01775643,0.01604395
AIT-2024-08-006,CEG,-0.00089762,-0.00615897,-0.07281155,0.24288391
AIT-2024-08-006,CMCSA,-0.01534126,-0.01613843,0.00401122,0.02660510
AIT-2024-08-006,COST,-0.02193742,-0.02566282,-0.01344505,-0.05633601
AIT-2024-08-006,CPRT,0.00340537,0.00537345,-0.03317452,-0.01504289
AIT-2024-08-006,CRDO,0.00797331,-0.02473244,-0.21942414,-0.17254733
AIT-2024-08-006,CRWD,0.01815896,0.02245253,-0.00951123,0.01828528
AIT-2024-08-006,CSCO,-0.00026049,-0.00135274,-0.01140515,0.05728594
AIT-2024-08-006,CSX,0.01467854,0.02180487,0.03168900,0.00202018
AIT-2024-08-006,CTAS,0.00142082,0.00048296,0.00781999,-0.00588375
AIT-2024-08-006,DASH,-0.01023234,-0.00455066,0.00354697,0.06879424
AIT-2024-08-006,DDOG,0.00389539,-0.00045587,-0.01210927,-0.02711680
AIT-2024-08-006,DXCM,-0.03206200,-0.03883096,-0.02801022,-0.04948159
AIT-2024-08-006,EA,0.01125959,0.01635456,-0.00895868,-0.04942140
AIT-2024-08-006,ENTG,-0.00935719,-0.00060322,0.01565027,-0.00222958
AIT-2024-08-006,EXC,0.01070646,0.01101817,0.02462223,0.06092656
AIT-2024-08-006,FANG,0.01188907,-0.00294158,-0.04962322,-0.16976044
AIT-2024-08-006,FAST,0.00143513,0.00626311,-0.02196752,0.04309487
AIT-2024-08-006,FER,0.00185643,0.01974647,0.00839442,0.02419850
AIT-2024-08-006,FTNT,0.00560458,0.00295301,0.00582246,-0.02709336
AIT-2024-08-006,GEHC,0.00353373,0.00136433,0.06125602,0.07321871
AIT-2024-08-006,GILD,0.03243689,0.02657026,0.02583540,0.09101542
AIT-2024-08-006,GOOG,-0.01088622,-0.01187676,-0.02068921,-0.03700683
AIT-2024-08-006,GOOGL,-0.01049362,-0.01217488,-0.01881587,-0.03368766
AIT-2024-08-006,HON,0.01050662,0.00727599,-0.00177778,-0.00283155
AIT-2024-08-006,IDXX,0.01729391,-0.00537606,-0.00048485,0.03948520
AIT-2024-08-006,INTC,0.02555342,0.10674304,0.04956575,0.25686425
AIT-2024-08-006,INTU,0.00304409,0.00226988,0.02368724,-0.00564606
AIT-2024-08-006,ISRG,0.01338216,0.01216513,0.00335221,-0.04934126
AIT-2024-08-006,KDP,-0.00617028,0.00430038,0.01503143,0.01590232
AIT-2024-08-006,KHC,-0.01405879,0.00157922,0.02091150,-0.02345342
AIT-2024-08-006,KLAC,-0.00730985,0.00011313,-0.05351555,-0.04968466
AIT-2024-08-006,LIN,0.00244017,0.00985367,-0.00489050,0.00643912
AIT-2024-08-006,LITE,0.00007265,-0.00117213,0.02131683,0.11402972
AIT-2024-08-006,LRCX,-0.01240530,-0.00449265,-0.02114792,0.01279446
AIT-2024-08-006,MAR,0.02308443,0.02847160,0.03051753,0.08570985
AIT-2024-08-006,MCHP,0.01606564,0.01332054,0.00370390,-0.00740778
AIT-2024-08-006,MDLZ,-0.00586715,0.00723247,0.05848289,0.03922412
AIT-2024-08-006,MELI,-0.00552701,0.00678410,0.01938720,-0.00445394
AIT-2024-08-006,META,0.00610567,-0.00497795,0.02616450,0.03495334
AIT-2024-08-006,MNST,-0.00897107,-0.00689097,0.02463732,0.11133095
AIT-2024-08-006,MPWR,-0.00130695,-0.02199968,-0.05677447,-0.05274719
AIT-2024-08-006,MRVL,0.01910087,0.08864238,0.07123545,0.04001378
AIT-2024-08-006,MSFT,0.00607628,0.00531531,0.01504697,0.02830630
AIT-2024-08-006,MSTR,-0.04778384,-0.07775892,-0.12589661,0.03991348
AIT-2024-08-006,MTSI,0.05695037,0.03810304,-0.00521823,0.05500821
AIT-2024-08-006,MU,-0.00902597,-0.02256182,-0.03509689,0.09943628
AIT-2024-08-006,NFLX,0.00066137,0.00141934,0.00361807,-0.01884453
AIT-2024-08-006,NVDA,-0.07368434,-0.08612562,-0.12779169,-0.12327517
AIT-2024-08-006,NXPI,-0.00371147,0.00922907,-0.01845629,-0.06301871
AIT-2024-08-006,ODFL,0.00443931,-0.00073371,-0.00434171,0.01930046
AIT-2024-08-006,ON,0.01967564,0.02107520,-0.01711887,-0.03811639
AIT-2024-08-006,ORLY,0.01102058,-0.00055681,0.01488217,0.01197100
AIT-2024-08-006,PANW,0.02923867,0.02847389,0.00679773,-0.07423122
AIT-2024-08-006,PAYX,-0.00199991,0.00609615,0.00856918,0.00789287
AIT-2024-08-006,PCAR,0.00855431,0.01682949,0.00129774,0.02435200
AIT-2024-08-006,PDD,-0.01869159,0.00052499,-0.01310124,0.28525136
AIT-2024-08-006,PEP,-0.01841064,-0.01475893,0.02329775,-0.03036925
AIT-2024-08-006,PLTR,0.01898159,0.01066769,0.02919137,0.13369813
AIT-2024-08-006,PYPL,0.02974575,0.00897301,0.03342246,0.09661161
AIT-2024-08-006,QCOM,-0.01374395,0.00190574,-0.00821164,-0.03465849
AIT-2024-08-006,REGN,-0.01848613,-0.01926246,-0.03935407,-0.17514405
AIT-2024-08-006,RKLB,0.02618989,0.01881299,0.02639093,0.33930005
AIT-2024-08-006,ROP,0.01100652,0.00481331,0.02896333,-0.00071748
AIT-2024-08-006,ROST,-0.00541369,-0.02032393,0.01506483,-0.01553981
AIT-2024-08-006,SBUX,-0.03088044,-0.03752803,-0.04932102,0.01912143
AIT-2024-08-006,SHOP,-0.00311351,-0.00979696,-0.01124188,0.06496576
AIT-2024-08-006,SNPS,0.00624325,-0.00608196,-0.03517680,-0.01439794
AIT-2024-08-006,STX,-0.02525277,-0.01735863,0.02733119,0.06755128
AIT-2024-08-006,TER,0.00806660,0.00573498,-0.00599679,-0.01339768
AIT-2024-08-006,TMUS,-0.02171365,-0.02778996,-0.03702455,-0.03187820
AIT-2024-08-006,TRI,-0.00506289,-0.00261198,-0.00560443,-0.02326999
AIT-2024-08-006,TSLA,0.00226603,0.02318435,0.15543572,0.21000107
AIT-2024-08-006,TSM,0.00141107,-0.00452775,-0.00110259,0.03169812
AIT-2024-08-006,TTWO,0.00339019,0.00401867,-0.00431902,-0.06654476
AIT-2024-08-006,TXN,0.00950774,0.01195199,-0.01447748,-0.03575819
AIT-2024-08-006,UMC,0.01510244,0.01347127,0.02122472,0.00892163
AIT-2024-08-006,VRTX,0.02890657,0.02834294,-0.01557129,-0.05872148
AIT-2024-08-006,WBD,-0.03587482,-0.02644606,-0.04817014,0.08878809
AIT-2024-08-006,WDAY,-0.00201334,-0.00562281,-0.01066874,-0.07247050
AIT-2024-08-006,WDC,0.01348741,0.03654959,0.03701428,0.07906568
AIT-2024-08-006,WMT,0.00313123,0.01048542,0.00982924,0.02329544
AIT-2024-08-006,XEL,0.00867420,0.00531128,0.04328559,0.05666776
AIT-2024-09-002,AAPL,-0.03555491,-0.03362313,0.00625236,-0.01317921
AIT-2024-09-002,ABNB,-0.00430002,0.03605189,0.09670130,0.12408266
AIT-2024-09-002,ADBE,-0.11823284,-0.12945780,-0.12491074,-0.17520774
AIT-2024-09-002,ADI,-0.00209278,0.00695038,-0.00415996,-0.00262164
AIT-2024-09-002,ADP,0.00256890,0.00463491,-0.01144797,0.01516236
AIT-2024-09-002,ADSK,0.02251923,0.01911609,0.00395463,0.03380598
AIT-2024-09-002,AEP,0.01536524,0.00699425,-0.01855481,-0.07891672
AIT-2024-09-002,ALNY,0.02471664,0.03671639,0.02196570,0.00928632
AIT-2024-09-002,AMAT,0.01022782,0.01567455,0.01022002,0.04668638
AIT-2024-09-002,AMD,-0.00441688,-0.01245495,-0.00234031,0.04704977
AIT-2024-09-002,AMGN,0.00993343,0.00179759,0.00523327,-0.04128925
AIT-2024-09-002,AMZN,-0.01979198,-0.00886634,0.00008560,-0.03136832
AIT-2024-09-002,APP,0.07752733,0.13800724,0.12032206,0.19458289
AIT-2024-09-002,ARM,-0.02858269,-0.04277497,-0.07558502,-0.07826414
AIT-2024-09-002,ASML,-0.01007119,-0.00664632,-0.04392513,-0.01806984
AIT-2024-09-002,ASX,0.01597474,0.01427771,0.00732091,-0.00188237
AIT-2024-09-002,AVGO,-0.01995489,-0.03060669,-0.00600627,0.00321614
AIT-2024-09-002,AXON,-0.00575093,-0.01606974,-0.00413794,0.05500645
AIT-2024-09-002,BKNG,0.01983610,0.03543883,0.02603595,0.05803401
AIT-2024-09-002,BKR,0.01660257,0.03872049,0.06919631,0.10707655
AIT-2024-09-002,CCEP,0.01071041,-0.00090538,-0.00816079,-0.07065964
AIT-2024-09-002,CDNS,0.00350026,0.01089498,-0.00886057,0.01755691
AIT-2024-09-002,CEG,0.03562992,0.04396660,0.28000821,0.28143606
AIT-2024-09-002,CMCSA,-0.00048364,-0.00208875,0.01526762,0.05214692
AIT-2024-09-002,COST,-0.01657680,-0.03007954,-0.03439282,-0.09267905
AIT-2024-09-002,CPRT,0.00137776,0.02134351,0.02684004,0.10589282
AIT-2024-09-002,CRDO,-0.01855757,-0.03944918,-0.00227320,0.20909017
AIT-2024-09-002,CRWD,0.03014862,0.03313387,0.12562133,0.16449342
AIT-2024-09-002,CSCO,0.02487931,0.01666497,0.03645512,0.07893788
AIT-2024-09-002,CSX,0.00754440,0.01543452,0.03438934,0.03113264
AIT-2024-09-002,CTAS,-0.01215442,-0.01939176,-0.02957797,-0.04175178
AIT-2024-09-002,DASH,-0.00301009,-0.01156839,0.04758153,0.08664267
AIT-2024-09-002,DDOG,0.00884489,0.01433529,0.02506488,0.14094611
AIT-2024-09-002,DXCM,0.01924900,0.00454141,0.02710639,0.03111502
AIT-2024-09-002,EA,0.00869604,-0.01826035,-0.04617770,-0.02901135
AIT-2024-09-002,ENTG,0.00585195,0.02028805,-0.01007026,-0.04191059
AIT-2024-09-002,EXC,0.01356698,0.00787261,0.00878866,-0.00562458
AIT-2024-09-002,FANG,0.01762437,0.04485643,0.04264712,0.09815344
AIT-2024-09-002,FAST,-0.00056776,0.00632052,0.00050018,0.07479769
AIT-2024-09-002,FER,0.01833867,0.02810397,0.01245838,-0.04127502
AIT-2024-09-002,FTNT,0.01725046,0.00603140,0.00882866,0.05191022
AIT-2024-09-002,GEHC,-0.01624304,-0.01452842,0.01241566,0.00550415
AIT-2024-09-002,GILD,0.00847537,0.00678655,0.01617743,0.02296927
AIT-2024-09-002,GOOG,0.01482156,0.02281014,0.03609543,0.01768442
AIT-2024-09-002,GOOGL,0.01436148,0.02221097,0.03497014,0.01500270
AIT-2024-09-002,HON,-0.00321000,-0.00545448,-0.01579811,0.03673349
AIT-2024-09-002,IDXX,0.02373838,0.02611335,0.00562931,-0.06046163
AIT-2024-09-002,INTC,0.07693665,0.10883338,0.11906582,0.24571787
AIT-2024-09-002,INTU,-0.00691081,-0.00885090,-0.02108966,-0.07660578
AIT-2024-09-002,ISRG,-0.01459240,-0.03255482,-0.04287952,-0.08213545
AIT-2024-09-002,KDP,0.00632028,0.00963100,0.00555682,-0.02891379
AIT-2024-09-002,KHC,0.01118193,-0.00576483,-0.00966628,-0.00798201
AIT-2024-09-002,KLAC,-0.01031522,-0.00648367,-0.00716404,0.01232387
AIT-2024-09-002,LIN,0.01280629,0.00545021,0.00011222,-0.00809950
AIT-2024-09-002,LITE,0.02821441,0.05948898,0.08310801,0.15899393
AIT-2024-09-002,LRCX,0.00204328,0.01592298,0.00176780,0.05300679
AIT-2024-09-002,MAR,0.00221803,0.01598907,0.04254795,0.10547282
AIT-2024-09-002,MCHP,0.00326116,0.00456256,-0.01255412,-0.00507113
AIT-2024-09-002,MDLZ,0.01417906,0.00852593,-0.00480430,-0.05060784
AIT-2024-09-002,MELI,-0.02402468,-0.03983402,-0.03962207,-0.07168916
AIT-2024-09-002,META,0.00340343,0.00789278,0.03209703,0.04151856
AIT-2024-09-002,MNST,0.01726189,0.02442171,0.02709975,0.04097382
AIT-2024-09-002,MPWR,-0.02943947,-0.05100431,-0.05513494,-0.05626377
AIT-2024-09-002,MRVL,-0.02671437,-0.03499759,-0.04667574,-0.07267420
AIT-2024-09-002,MSFT,0.00405367,0.01320148,0.00192608,-0.05304890
AIT-2024-09-002,MSTR,0.00571548,-0.02386892,0.03097391,0.32204378
AIT-2024-09-002,MTSI,-0.01256367,-0.00656199,-0.00387950,0.08981281
AIT-2024-09-002,MU,-0.01164971,0.00622794,0.00555930,0.15162354
AIT-2024-09-002,NFLX,0.00485776,0.01856823,-0.00590226,-0.00846465
AIT-2024-09-002,NVDA,-0.04344765,-0.05708198,-0.09451438,-0.03148089
AIT-2024-09-002,NXPI,0.01040723,0.02146175,-0.00179529,-0.00074206
AIT-2024-09-002,ODFL,-0.00094159,0.01415119,0.00378224,0.03175433
AIT-2024-09-002,ON,0.00399055,0.01967288,-0.02710777,-0.03334066
AIT-2024-09-002,ORLY,0.00647075,0.00353285,-0.01877491,0.03811790
AIT-2024-09-002,PANW,-0.00667264,-0.03131529,-0.04138337,0.02190847
AIT-2024-09-002,PAYX,0.00418784,0.00194722,-0.01625445,0.01566696
AIT-2024-09-002,PCAR,0.00208901,0.02613582,0.02750291,0.09620200
AIT-2024-09-002,PDD,-0.00409042,0.00923072,0.01751060,0.41474875
AIT-2024-09-002,PEP,-0.00120809,-0.00344140,-0.03750426,-0.02152942
AIT-2024-09-002,PLTR,0.02335639,0.02599055,0.01646882,0.12790893
AIT-2024-09-002,PYPL,0.00229268,0.01151568,0.06636601,0.09155953
AIT-2024-09-002,QCOM,-0.00285579,0.00928029,-0.01246426,-0.03914173
AIT-2024-09-002,REGN,-0.01653846,-0.02380582,-0.03663421,-0.18777357
AIT-2024-09-002,RKLB,0.06266781,0.03404159,0.05298664,0.29132387
AIT-2024-09-002,ROP,0.00514623,-0.00298045,-0.00014585,-0.01615412
AIT-2024-09-002,ROST,-0.00190054,-0.02082919,-0.00418396,-0.09191154
AIT-2024-09-002,SBUX,-0.03408933,-0.03223758,-0.04420634,-0.05281664
AIT-2024-09-002,SHOP,0.02153374,0.03409710,0.07132319,0.11407446
AIT-2024-09-002,SNPS,0.01092463,0.01983064,0.01168870,0.07233107
AIT-2024-09-002,STX,-0.00093855,0.00454780,0.01410144,0.04057694
AIT-2024-09-002,TER,-0.01666331,-0.00358217,-0.03685717,-0.05231458
AIT-2024-09-002,TMUS,0.01301618,-0.00396487,-0.02577102,0.01403605
AIT-2024-09-002,TRI,-0.01030593,-0.03931978,-0.04054279,-0.07294931
AIT-2024-09-002,TSLA,-0.02241504,-0.01594536,0.01260089,-0.07298841
AIT-2024-09-002,TSM,-0.02894942,-0.04081160,-0.02775375,0.01478655
AIT-2024-09-002,TTWO,-0.01120618,-0.00920670,-0.04193988,-0.00489941
AIT-2024-09-002,TXN,0.00318953,0.01706851,0.00965768,-0.01183500
AIT-2024-09-002,UMC,-0.02384024,-0.02828683,-0.05172052,-0.10440861
AIT-2024-09-002,VRTX,0.01648629,-0.00148108,-0.04571294,-0.03604325
AIT-2024-09-002,WBD,0.11469521,0.10356494,0.07362534,-0.00285999
AIT-2024-09-002,WDAY,-0.01377714,-0.01828756,-0.02861786,-0.07253674
AIT-2024-09-002,WDC,0.00184567,0.02958000,0.02100926,-0.03569348
AIT-2024-09-002,WMT,0.00564275,-0.02063604,-0.02380888,-0.04321695
AIT-2024-09-002,XEL,0.01836879,0.01716840,0.01018149,-0.02286383
AIT-2024-09-010,AAPL,0.04090960,0.03989401,0.02908707,0.03430425
AIT-2024-09-010,ABNB,0.03711993,0.06060035,0.05868753,0.09187393
AIT-2024-09-010,ADBE,0.00857155,0.00452629,-0.00263556,-0.03194539
AIT-2024-09-010,ADI,0.01402870,-0.01124070,-0.01575177,-0.03875082
AIT-2024-09-010,ADP,-0.01139455,-0.01634310,-0.02374298,0.01372618
AIT-2024-09-010,ADSK,-0.00846568,-0.01469418,-0.01523307,0.03798371
AIT-2024-09-010,AEP,-0.02859502,-0.02552985,-0.03953499,-0.05927946
AIT-2024-09-010,ALNY,-0.00194472,-0.01324099,-0.02656425,0.02550702
AIT-2024-09-010,AMAT,0.01245668,-0.00559970,0.01651053,-0.07554697
AIT-2024-09-010,AMD,0.01001989,0.01029813,0.04537399,-0.01718271
AIT-2024-09-010,AMGN,-0.00160091,0.00327125,-0.07451867,-0.07005840
AIT-2024-09-010,AMZN,-0.00402432,0.00839384,0.01057710,-0.04035770
AIT-2024-09-010,APP,-0.03721966,-0.01827401,0.00326849,0.01938407
AIT-2024-09-010,ARM,-0.02514099,-0.03259186,0.00518996,-0.04444636
AIT-2024-09-010,ASML,-0.00294600,-0.03748075,-0.01353749,-0.21080700
AIT-2024-09-010,ASX,0.00257743,-0.00729108,0.02088891,0.01644877
AIT-2024-09-010,AVGO,-0.00188053,0.02412129,0.04092379,-0.00693018
AIT-2024-09-010,AXON,0.00298550,0.01195086,0.00918736,0.05935166
AIT-2024-09-010,BKNG,-0.02314097,-0.00928361,0.01467066,0.02973821
AIT-2024-09-010,BKR,0.03790511,0.03074480,0.03015634,0.04273050
AIT-2024-09-010,CCEP,-0.00529149,-0.00754371,-0.03943965,-0.09008957
AIT-2024-09-010,CDNS,-0.00158200,-0.01965408,-0.02639334,-0.06516796
AIT-2024-09-010,CEG,0.01131351,0.23624104,0.25970732,0.27975911
AIT-2024-09-010,CMCSA,0.01997895,0.01741598,0.03019805,0.07825002
AIT-2024-09-010,COST,-0.01109280,-0.00394447,-0.00880062,-0.06978840
AIT-2024-09-010,CPRT,0.01001990,0.00543739,0.01691183,0.05718731
AIT-2024-09-010,CRDO,0.02731060,0.03738055,0.04818456,0.20192544
AIT-2024-09-010,CRWD,0.00793868,0.09229960,0.04228046,0.07921518
AIT-2024-09-010,CSCO,0.00810393,0.01977578,0.03166471,0.09957394
AIT-2024-09-010,CSX,0.01338348,0.01841894,-0.02342955,0.02467897
AIT-2024-09-010,CTAS,-0.01230345,-0.01025542,-0.00122000,-0.00642145
AIT-2024-09-010,DASH,0.03999024,0.05896457,0.08374836,0.09344220
AIT-2024-09-010,DDOG,0.01356790,0.01105807,0.02173579,0.09635934
AIT-2024-09-010,DXCM,0.04109508,0.02332253,-0.02492194,0.04734012
AIT-2024-09-010,EA,-0.02065658,-0.02813759,-0.01600232,-0.00188739
AIT-2024-09-010,ENTG,0.00455045,-0.03033451,-0.02538529,-0.12543809
AIT-2024-09-010,EXC,-0.02425064,0.00090715,-0.00629507,0.01649834
AIT-2024-09-010,FANG,0.00142993,-0.00210629,-0.00853966,-0.01614474
AIT-2024-09-010,FAST,0.00154052,-0.00620276,-0.00891123,0.07524449
AIT-2024-09-010,FER,-0.00738085,-0.01609062,-0.01071339,-0.05005286
AIT-2024-09-010,FTNT,-0.01196636,0.00263491,-0.00597379,0.02823004
AIT-2024-09-010,GEHC,0.02757895,0.02585117,0.05231840,-0.00120905
AIT-2024-09-010,GILD,0.00904016,0.00891317,-0.01353315,0.03171851
AIT-2024-09-010,GOOG,0.00227303,0.01330161,0.00064530,0.00398270
AIT-2024-09-010,GOOGL,0.00137245,0.01279938,-0.00269202,0.00027105
AIT-2024-09-010,HON,-0.00958846,-0.01027125,0.00527302,0.05418391
AIT-2024-09-010,IDXX,-0.00329358,-0.02045881,-0.03847800,-0.11524946
AIT-2024-09-010,INTC,-0.03405896,0.00844773,0.09460100,0.08170202
AIT-2024-09-010,INTU,-0.00112148,-0.01226532,-0.02986683,-0.08323222
AIT-2024-09-010,ISRG,-0.00354109,-0.01077865,-0.02162114,-0.07826855
AIT-2024-09-010,KDP,-0.00271593,-0.00434712,-0.00345624,-0.03513397
AIT-2024-09-010,KHC,-0.00285658,-0.00390578,-0.01760321,0.01403150
AIT-2024-09-010,KLAC,0.01212111,-0.00091579,0.01009276,-0.14274198
AIT-2024-09-010,LIN,-0.01168525,-0.00557181,0.00275943,0.00286292
AIT-2024-09-010,LITE,0.01505221,0.02331814,0.01128039,0.09738557
AIT-2024-09-010,LRCX,-0.00021984,-0.01428026,0.02251422,-0.07347444
AIT-2024-09-010,MAR,0.02398522,0.02575734,0.02857571,0.08071513
AIT-2024-09-010,MCHP,0.00033388,-0.01732758,-0.02904193,-0.04019399
AIT-2024-09-010,MDLZ,-0.00735795,-0.01353797,-0.01691310,-0.04309055
AIT-2024-09-010,MELI,0.00172854,0.00047458,0.00924794,-0.05627625
AIT-2024-09-010,META,0.01794385,0.02424801,0.02970166,0.00135158
AIT-2024-09-010,MNST,0.01395084,0.00281620,0.01503006,0.06320745
AIT-2024-09-010,MPWR,0.01363813,-0.00373040,0.01362159,-0.05139996
AIT-2024-09-010,MRVL,-0.00549273,-0.01342385,-0.05545141,0.04486674
AIT-2024-09-010,MSFT,-0.00615138,-0.01113639,-0.01945278,-0.06875387
AIT-2024-09-010,MSTR,0.05417074,0.05589890,0.08478587,0.23809788
AIT-2024-09-010,MTSI,0.01622425,0.00210472,0.02171135,0.06332063
AIT-2024-09-010,MU,-0.02406313,-0.00048423,0.04837359,0.16230011
AIT-2024-09-010,NFLX,-0.02113307,-0.02455536,-0.00134990,-0.06410930
AIT-2024-09-010,NVDA,-0.02357010,-0.03645818,0.01244771,0.02085103
AIT-2024-09-010,NXPI,0.00119790,-0.02348712,-0.01840928,-0.05142893
AIT-2024-09-010,ODFL,0.03799475,-0.01081253,0.01712045,0.03212879
AIT-2024-09-010,ON,-0.00088180,-0.04690030,-0.04777692,-0.07631703
AIT-2024-09-010,ORLY,-0.01668986,-0.02238995,0.00539686,0.04013135
AIT-2024-09-010,PANW,-0.03101524,-0.00966087,-0.01347582,0.04857597
AIT-2024-09-010,PAYX,-0.01960714,-0.01828268,-0.02607358,0.03537995
AIT-2024-09-010,PCAR,0.00541913,0.00104563,-0.00842200,0.06780893
AIT-2024-09-010,PDD,0.00711184,0.01066630,0.15290035,0.30091573
AIT-2024-09-010,PEP,-0.01391069,-0.03393728,-0.04515680,-0.01983753
AIT-2024-09-010,PLTR,-0.02341124,-0.00960573,-0.01953132,0.05227504
AIT-2024-09-010,PYPL,0.06394875,0.05540560,0.05980155,0.08168415
AIT-2024-09-010,QCOM,0.00279434,-0.02198795,-0.03091897,-0.04761508
AIT-2024-09-010,REGN,-0.00754382,-0.01254555,-0.12127845,-0.17680867
AIT-2024-09-010,RKLB,-0.02459090,0.01933804,0.16363300,0.39927289
AIT-2024-09-010,ROP,0.00565257,0.00279154,-0.01531113,0.00095873
AIT-2024-09-010,ROST,0.01628403,0.01690306,0.00717166,-0.04250081
AIT-2024-09-010,SBUX,-0.00538970,-0.01169192,-0.01580345,-0.02058604
AIT-2024-09-010,SHOP,0.03211679,0.03786792,0.04418938,0.06401475
AIT-2024-09-010,SNPS,0.00079930,-0.00785144,0.00045601,-0.02029086
AIT-2024-09-010,STX,0.00153638,0.00974624,0.04075549,0.04884503
AIT-2024-09-010,TER,-0.00195193,-0.03350689,-0.02687143,-0.09725009
AIT-2024-09-010,TMUS,-0.01917962,-0.02152882,-0.00705582,0.04599401
AIT-2024-09-010,TRI,0.00277699,-0.00106262,0.01365431,-0.03244673
AIT-2024-09-010,TSLA,0.04572476,0.02897195,0.10765100,-0.03953841
AIT-2024-09-010,TSM,0.02246368,0.01303822,0.05134216,0.02572184
AIT-2024-09-010,TTWO,-0.00284647,-0.03273892,-0.01987983,0.00169344
AIT-2024-09-010,TXN,0.01100095,-0.00773052,-0.00450955,-0.05901274
AIT-2024-09-010,UMC,-0.01189623,-0.02364660,0.00920831,-0.09592714
AIT-2024-09-010,VRTX,-0.01730966,-0.04482356,-0.05724925,-0.03396877
AIT-2024-09-010,WBD,-0.01437781,-0.02954352,-0.03132794,-0.03771205
AIT-2024-09-010,WDAY,-0.01549412,-0.00999405,-0.03167826,-0.05814871
AIT-2024-09-010,WDC,-0.02467213,-0.00929409,-0.02580995,-0.03281395
AIT-2024-09-010,WMT,-0.01487681,-0.00303271,0.02008408,-0.01415790
AIT-2024-09-010,XEL,-0.00783789,-0.00691918,-0.00680971,-0.01353982
AIT-2024-09-008,AAPL,0.01860267,0.00859913,0.00896255,0.01476910
AIT-2024-09-008,ABNB,0.05182395,0.03365661,0.03451456,0.08968958
AIT-2024-09-008,ADBE,0.01281683,0.02198249,-0.00291390,-0.03610828
AIT-2024-09-008,ADI,-0.00500791,-0.01203419,0.01048991,-0.03015884
AIT-2024-09-008,ADP,-0.00375671,-0.00098864,-0.01603075,0.02953104
AIT-2024-09-008,ADSK,-0.00869131,-0.00738411,0.00572612,0.04973397
AIT-2024-09-008,AEP,-0.01511690,-0.01312009,-0.03545125,-0.05630550
AIT-2024-09-008,ALNY,-0.00665389,-0.01736668,-0.01614519,0.02096276
AIT-2024-09-008,AMAT,-0.00080380,0.00417647,0.07583383,-0.07420949
AIT-2024-09-008,AMD,0.01861921,0.01940449,0.08037204,-0.00250282
AIT-2024-09-008,AMGN,0.00151688,-0.00606462,-0.05967950,-0.07336611
AIT-2024-09-008,AMZN,0.00586247,0.01457701,-0.00478931,-0.04101970
AIT-2024-09-008,APP,-0.01949164,-0.02775625,-0.02962624,0.00460856
AIT-2024-09-008,ARM,-0.05253041,-0.04244538,-0.01139358,-0.05200829
AIT-2024-09-008,ASML,-0.02350578,-0.01805164,0.03439533,-0.16776072
AIT-2024-09-008,ASX,0.00323858,0.01203090,0.06075278,0.07028448
AIT-2024-09-008,AVGO,0.02174167,0.02593364,0.04302332,0.01733198
AIT-2024-09-008,AXON,0.00965382,0.00743839,-0.00331302,0.05714865
AIT-2024-09-008,BKNG,-0.00960806,-0.00439549,0.03187829,0.03671113
AIT-2024-09-008,BKR,0.02958298,0.03959745,-0.00886679,0.04614732
AIT-2024-09-008,CCEP,-0.00448631,-0.01309653,-0.03756042,-0.09240174
AIT-2024-09-008,CDNS,-0.00879472,-0.01012246,-0.01149098,-0.04949743
AIT-2024-09-008,CEG,0.23551581,0.23893868,0.22878448,0.25009948
AIT-2024-09-008,CMCSA,0.00177648,0.01669867,0.02377541,0.06150259
AIT-2024-09-008,COST,-0.00003454,0.00754247,-0.01761277,-0.07082929
AIT-2024-09-008,CPRT,-0.00322066,0.00004969,0.00595224,0.03001889
AIT-2024-09-008,CRDO,0.03783796,0.05177634,0.08654114,0.22585808
AIT-2024-09-008,CRWD,0.09357098,0.06756428,0.02156431,0.10464609
AIT-2024-09-008,CSCO,0.01851339,0.02146997,0.03202856,0.09903381
AIT-2024-09-008,CSX,0.01721352,-0.01019224,-0.01592423,-0.04603749
AIT-2024-09-008,CTAS,0.00062165,-0.00324618,0.00439237,0.00577428
AIT-2024-09-008,DASH,0.03629153,0.03156235,0.05013046,0.08157217
AIT-2024-09-008,DDOG,-0.00596290,0.00461014,-0.01467137,0.08557883
AIT-2024-09-008,DXCM,0.01338509,0.00414428,-0.02253433,0.03321933
AIT-2024-09-008,EA,-0.01508358,-0.00544003,0.01050426,0.00843598
AIT-2024-09-008,ENTG,-0.02533325,-0.02070340,0.01980983,-0.09826886
AIT-2024-09-008,EXC,0.01798306,0.02082400,0.00825425,0.02557104
AIT-2024-09-008,FANG,0.00607428,0.02739788,-0.06754250,0.00182079
AIT-2024-09-008,FAST,-0.00650643,0.00698059,0.00130147,0.07308696
AIT-2024-09-008,FER,-0.01017658,-0.00024209,0.00441306,-0.04615174
AIT-2024-09-008,FTNT,0.01464843,0.02008375,0.00965353,0.02312607
AIT-2024-09-008,GEHC,0.00264626,0.00638114,0.01853618,-0.02052187
AIT-2024-09-008,GILD,-0.00040337,-0.00038385,-0.01329755,0.02896627
AIT-2024-09-008,GOOG,0.00573124,-0.00645791,-0.00622164,-0.01682576
AIT-2024-09-008,GOOGL,0.00545327,-0.00786080,-0.00688935,-0.02069464
AIT-2024-09-008,HON,0.00072863,0.00163961,0.01562180,0.06836764
AIT-2024-09-008,IDXX,-0.02274901,-0.02256141,-0.02134341,-0.12538434
AIT-2024-09-008,INTC,0.02863787,0.06205159,0.12906926,0.11899721
AIT-2024-09-008,INTU,0.00184417,-0.00515223,-0.01652541,-0.06809372
AIT-2024-09-008,ISRG,-0.01006034,-0.00808506,-0.02241141,-0.08520247
AIT-2024-09-008,KDP,-0.00380928,0.00980094,-0.00592219,-0.04225972
AIT-2024-09-008,KHC,-0.00657695,-0.01505388,-0.01281427,0.01432294
AIT-2024-09-008,KLAC,0.00247996,0.00019925,0.04714667,-0.15334169
AIT-2024-09-008,LIN,0.00347654,0.01362364,0.01964821,0.01599782
AIT-2024-09-008,LITE,0.01681827,0.00973170,0.05904266,0.10845566
AIT-2024-09-008,LRCX,-0.01023952,-0.00036091,0.07352800,-0.07903971
AIT-2024-09-008,MAR,0.00916206,-0.00415180,0.02936717,0.07069154
AIT-2024-09-008,MCHP,-0.01711823,-0.01920205,0.02137510,-0.02472700
AIT-2024-09-008,MDLZ,-0.01362677,-0.01030328,-0.01477405,-0.05646092
AIT-2024-09-008,MELI,-0.01598054,-0.01932027,-0.02569928,-0.06101591
AIT-2024-09-008,META,0.01693573,0.01755239,0.01380502,-0.00976494
AIT-2024-09-008,MNST,-0.02358101,-0.00079320,-0.00535210,0.03144716
AIT-2024-09-008,MPWR,-0.00420877,-0.00850295,0.03614619,-0.03133454
AIT-2024-09-008,MRVL,-0.00575204,-0.03912005,-0.02470219,0.03528162
AIT-2024-09-008,MSFT,-0.00537726,-0.01150580,-0.01951799,-0.06220588
AIT-2024-09-008,MSTR,0.04058284,0.06567356,0.14737095,0.21739519
AIT-2024-09-008,MTSI,0.01050602,0.03875100,0.09180946,0.07024774
AIT-2024-09-008,MU,0.00677377,0.03163281,0.19564685,0.20009569
AIT-2024-09-008,NFLX,-0.00421649,-0.00167902,-0.00028170,-0.06415126
AIT-2024-09-008,NVDA,-0.02424210,-0.03093087,0.01646923,0.04404305
AIT-2024-09-008,NXPI,-0.02559959,-0.02952035,0.00909698,-0.04897814
AIT-2024-09-008,ODFL,-0.02518612,-0.01547209,-0.02161378,0.00530831
AIT-2024-09-008,ON,-0.04454723,-0.04574976,0.00153611,-0.06148409
AIT-2024-09-008,ORLY,-0.02757000,-0.01919938,0.01280826,0.03736908
AIT-2024-09-008,PANW,0.01158249,0.02016922,-0.00205616,0.08077055
AIT-2024-09-008,PAYX,-0.00116151,0.00360394,-0.00684248,0.05256212
AIT-2024-09-008,PCAR,0.01551926,0.01262195,-0.00004771,0.08702333
AIT-2024-09-008,PDD,0.00734440,0.03142370,0.28364086,0.26901468
AIT-2024-09-008,PEP,-0.02422209,-0.01930191,-0.03487650,-0.01288819
AIT-2024-09-008,PLTR,-0.01404788,-0.00009750,-0.03428625,0.04815976
AIT-2024-09-008,PYPL,0.03349410,0.04246408,0.06818807,0.04493465
AIT-2024-09-008,QCOM,-0.02634096,-0.04844174,-0.01614121,-0.04967915
AIT-2024-09-008,REGN,-0.00576301,-0.05486548,-0.10934710,-0.18003020
AIT-2024-09-008,RKLB,0.02217048,0.02935945,0.16729802,0.35549623
AIT-2024-09-008,ROP,0.00322091,0.00119597,-0.01027630,0.00588273
AIT-2024-09-008,ROST,0.01199723,-0.01807034,-0.00304316,-0.04081504
AIT-2024-09-008,SBUX,-0.01195065,-0.01912651,0.00054688,-0.02345063
AIT-2024-09-008,SHOP,0.01990772,0.03444142,0.03895715,0.04467327
AIT-2024-09-008,SNPS,-0.00391730,-0.00799583,0.00967266,-0.00264503
AIT-2024-09-008,STX,0.01717980,0.03158874,0.07112707,0.06466319
AIT-2024-09-008,TER,-0.02754507,-0.02736539,0.02255245,-0.08401432
AIT-2024-09-008,TMUS,0.00958047,0.02294009,0.02179274,0.08526660
AIT-2024-09-008,TRI,-0.00380854,0.00747614,0.00054537,-0.03374471
AIT-2024-09-008,TSLA,0.02313125,0.06969962,0.08449377,-0.04826931
AIT-2024-09-008,TSM,0.00794599,0.00601484,0.06244728,0.12075453
AIT-2024-09-008,TTWO,-0.03982641,-0.03458512,-0.02275550,-0.00341533
AIT-2024-09-008,TXN,-0.00843327,-0.00941082,0.01003978,-0.06900823
AIT-2024-09-008,UMC,-0.01756099,-0.00266067,0.02780233,-0.08315914
AIT-2024-09-008,VRTX,-0.03074743,-0.04389423,-0.04296802,0.00619525
AIT-2024-09-008,WBD,-0.03143014,-0.04096534,-0.02015012,-0.05939329
AIT-2024-09-008,WDAY,-0.01353965,-0.02814571,-0.02802319,-0.03849273
AIT-2024-09-008,WDC,0.00720314,-0.00415688,0.05114956,-0.02173998
AIT-2024-09-008,WMT,-0.00775225,0.00569351,-0.00620918,-0.02682799
AIT-2024-09-008,XEL,-0.00445210,-0.00757394,-0.00867980,-0.02679754
AIT-2024-09-003,AAPL,-0.01092103,-0.00971852,-0.00759147,0.00424788
AIT-2024-09-003,ABNB,0.00501901,0.02163475,0.00191836,0.05926683
AIT-2024-09-003,ADBE,0.00459418,-0.00466771,-0.01740978,-0.06297811
AIT-2024-09-003,ADI,-0.03220308,-0.03071644,-0.00874237,-0.05396246
AIT-2024-09-003,ADP,-0.00218382,-0.00711304,-0.02325679,0.02795027
AIT-2024-09-003,ADSK,-0.00481284,-0.00383945,0.00582685,0.05780163
AIT-2024-09-003,AEP,0.00480366,-0.00791294,-0.00792096,-0.04295729
AIT-2024-09-003,ALNY,-0.02131573,-0.02755304,-0.02039119,0.01332485
AIT-2024-09-003,AMAT,-0.01285390,-0.00444185,0.04099087,-0.08287987
AIT-2024-09-003,AMD,0.00079046,0.00526194,0.04671286,-0.03691982
AIT-2024-09-003,AMGN,-0.00265875,-0.01917937,-0.04453965,-0.07150370
AIT-2024-09-003,AMZN,0.02098175,0.01769467,-0.01226593,-0.03143094
AIT-2024-09-003,APP,0.01025619,0.02400964,0.00583166,0.04095732
AIT-2024-09-003,ARM,0.00255926,0.00215043,0.01302497,-0.03313962
AIT-2024-09-003,ASML,-0.02859046,-0.02120609,0.01625544,-0.15220563
AIT-2024-09-003,ASX,-0.00073414,0.00706604,0.01838438,0.01606895
AIT-2024-09-003,AVGO,0.02986303,0.03315813,0.01919906,-0.00173719
AIT-2024-09-003,AXON,0.00694416,0.00210790,0.00143379,0.06099517
AIT-2024-09-003,BKNG,0.01900019,0.03525299,0.05222559,0.05059013
AIT-2024-09-003,BKR,0.00303183,-0.00157857,-0.00320532,-0.00518877
AIT-2024-09-003,CCEP,-0.01094227,-0.02578029,-0.03443332,-0.06648051
AIT-2024-09-003,CDNS,-0.01932626,-0.02535028,-0.01619264,-0.08196229
AIT-2024-09-003,CEG,0.22878770,0.20903129,0.22142149,0.22823258
AIT-2024-09-003,CMCSA,0.01251116,0.02716339,0.03640261,0.05153518
AIT-2024-09-003,COST,0.01453710,-0.00632876,-0.02848289,-0.06472204
AIT-2024-09-003,CPRT,-0.00163727,0.01118354,0.00515013,0.02949292
AIT-2024-09-003,CRDO,0.02394738,0.01864349,0.06736223,0.17206113
AIT-2024-09-003,CRWD,0.05926977,0.03943256,0.03288597,0.09240103
AIT-2024-09-003,CSCO,0.01472612,0.01960040,0.02990308,0.09758769
AIT-2024-09-003,CSX,-0.02257545,-0.02056076,-0.00871628,-0.02872311
AIT-2024-09-003,CTAS,-0.00198023,-0.00106004,-0.01725087,0.00370805
AIT-2024-09-003,DASH,0.01414554,0.02597041,0.02785267,0.06129786
AIT-2024-09-003,DDOG,0.00846349,0.01521044,-0.00669809,0.10180024
AIT-2024-09-003,DXCM,-0.02707569,-0.04087129,-0.05423602,0.04602791
AIT-2024-09-003,EA,0.00242468,0.00498179,0.02663569,0.01487021
AIT-2024-09-003,ENTG,-0.03027710,-0.02867567,0.00032924,-0.12615610
AIT-2024-09-003,EXC,0.02766474,0.01706343,0.02614151,0.03556897
AIT-2024-09-003,FANG,0.01828205,0.01697729,-0.06572085,-0.00830436
AIT-2024-09-003,FAST,0.00602706,0.00384380,-0.00003302,0.07521368
AIT-2024-09-003,FER,0.00131789,0.00074660,0.00608465,-0.04130190
AIT-2024-09-003,FTNT,0.01972034,0.01645637,0.01148051,0.01924771
AIT-2024-09-003,GEHC,0.00141951,0.01261648,0.00900711,-0.02655269
AIT-2024-09-003,GILD,0.00012169,-0.00269255,-0.00602975,0.02414758
AIT-2024-09-003,GOOG,-0.00130016,-0.00102018,0.00960330,-0.01476899
AIT-2024-09-003,GOOGL,-0.00204924,-0.00256971,0.00818927,-0.01822716
AIT-2024-09-003,HON,0.00028892,0.00632033,0.01814105,0.07662392
AIT-2024-09-003,IDXX,-0.01712202,-0.02171714,-0.00828031,-0.12921865
AIT-2024-09-003,INTC,0.07661783,0.08739568,0.15283646,0.14710486
AIT-2024-09-003,INTU,-0.01835185,-0.02707103,-0.05539382,-0.08010319
AIT-2024-09-003,ISRG,-0.00531081,-0.01918450,-0.03416875,0.01206737
AIT-2024-09-003,KDP,0.01163883,0.00576895,-0.00186793,-0.03027803
AIT-2024-09-003,KHC,-0.00961556,-0.00952062,0.00869543,0.02051555
AIT-2024-09-003,KLAC,-0.01505417,-0.00960470,0.00828252,-0.16693832
AIT-2024-09-003,LIN,0.01632590,0.01897283,0.01812035,0.01801589
AIT-2024-09-003,LITE,0.00089353,-0.01265069,0.05011559,0.03580390
AIT-2024-09-003,LRCX,-0.00408281,-0.00033913,0.05112273,-0.09545421
AIT-2024-09-003,MAR,-0.01162767,0.00946081,0.03289124,0.06366160
AIT-2024-09-003,MCHP,-0.01949401,-0.01731211,0.02954860,-0.02183129
AIT-2024-09-003,MDLZ,-0.00343028,-0.00974184,-0.00999941,-0.04733461
AIT-2024-09-003,MELI,-0.00437802,-0.00358925,-0.02632241,-0.04364636
AIT-2024-09-003,META,0.00637403,-0.00110931,0.00278077,-0.03146181
AIT-2024-09-003,MNST,0.01133042,0.01391372,0.01651774,0.05562978
AIT-2024-09-003,MPWR,-0.02143287,-0.00929010,0.00611932,-0.06014905
AIT-2024-09-003,MRVL,-0.04132003,-0.05645325,-0.05597380,0.01974175
AIT-2024-09-003,MSFT,-0.01127959,-0.02381492,-0.02464540,-0.06266675
AIT-2024-09-003,MSTR,0.02649142,0.04049415,0.16909273,0.27417986
AIT-2024-09-003,MTSI,0.01457388,0.00268771,0.05549094,0.04704040
AIT-2024-09-003,MU,0.04851396,0.04758319,0.19506656,0.19828608
AIT-2024-09-003,NFLX,-0.00097136,0.01878056,-0.00469157,0.04013357
AIT-2024-09-003,NVDA,-0.01942003,0.01006466,0.00870477,0.04748515
AIT-2024-09-003,NXPI,-0.02831903,-0.02484249,0.02484999,-0.05167798
AIT-2024-09-003,ODFL,-0.03946116,-0.02994531,-0.03637198,-0.03119251
AIT-2024-09-003,ON,-0.04668593,-0.04078941,0.02044010,-0.08152180
AIT-2024-09-003,ORLY,0.00256992,0.00950083,0.02294230,0.06352268
AIT-2024-09-003,PANW,0.03053789,0.02507424,0.00198193,0.08650191
AIT-2024-09-003,PAYX,0.00604290,0.00146337,-0.00388454,0.04798336
AIT-2024-09-003,PCAR,-0.00728399,-0.00537440,-0.01508956,0.08855282
AIT-2024-09-003,PDD,0.02824137,0.14081435,0.33227310,0.28118092
AIT-2024-09-003,PEP,-0.01537646,-0.02856347,-0.02940551,-0.00634876
AIT-2024-09-003,PLTR,0.02755145,-0.00719762,-0.01079950,0.08897598
AIT-2024-09-003,PYPL,-0.00001971,0.00521941,-0.00083834,0.01003082
AIT-2024-09-003,QCOM,-0.04668180,-0.04613730,-0.02562665,-0.05801774
AIT-2024-09-003,REGN,-0.05395914,-0.09901174,-0.10627059,-0.18952283
AIT-2024-09-003,RKLB,0.05048339,0.04870995,0.31423910,0.37595175
AIT-2024-09-003,ROP,-0.00496807,-0.01706535,-0.01215336,-0.01296564
AIT-2024-09-003,ROST,-0.02970234,-0.01668774,-0.02187834,-0.05028384
AIT-2024-09-003,SBUX,-0.01359706,-0.02594985,0.00704497,-0.00400160
AIT-2024-09-003,SHOP,0.02020487,0.01908221,0.01021951,0.03707698
AIT-2024-09-003,SNPS,-0.01251141,-0.01370411,0.00640047,-0.00984387
AIT-2024-09-003,STX,0.02229400,0.02542324,0.04472519,0.04333428
AIT-2024-09-003,TER,-0.03128812,-0.02772621,0.00226873,-0.11004779
AIT-2024-09-003,TMUS,0.01113974,0.00438370,0.01844028,0.07909085
AIT-2024-09-003,TRI,0.00736724,0.00753469,-0.00780066,-0.03595523
AIT-2024-09-003,TSLA,0.02869564,0.04190463,0.07207779,-0.10277360
AIT-2024-09-003,TSM,-0.01136516,0.02312412,-0.00055425,0.06702385
AIT-2024-09-003,TTWO,-0.02453823,-0.01819257,-0.00208911,0.00651315
AIT-2024-09-003,TXN,-0.01960740,-0.01857334,0.00072180,-0.08618098
AIT-2024-09-003,UMC,0.00315869,0.00762309,0.02390822,-0.11944702
AIT-2024-09-003,VRTX,-0.04026925,-0.03654366,-0.04004579,-0.02497644
AIT-2024-09-003,WBD,-0.02449195,-0.00525204,0.00944390,-0.04211812
AIT-2024-09-003,WDAY,-0.00827630,-0.00210484,-0.01264088,-0.01355128
AIT-2024-09-003,WDC,0.00418169,0.00165207,0.04803411,-0.02404801
AIT-2024-09-003,WMT,0.02509664,0.02657423,0.00988554,-0.00577572
AIT-2024-09-003,XEL,-0.00249236,0.00035263,0.00520306,-0.00880091
AIT-2024-09-007,AAPL,-0.00066650,0.00219396,0.00364471,0.00906231
AIT-2024-09-007,ABNB,-0.01557661,-0.01926124,-0.02298715,0.03004763
AIT-2024-09-007,ADBE,-0.01619559,-0.01304078,-0.02243249,-0.06256203
AIT-2024-09-007,ADI,0.02060408,0.02181969,0.01287269,-0.00979196
AIT-2024-09-007,ADP,-0.01002776,-0.01605386,0.02146412,0.02835839
AIT-2024-09-007,ADSK,0.01244144,0.00954420,0.01130091,0.05538777
AIT-2024-09-007,AEP,-0.00985639,-0.00021952,-0.00429301,-0.03803423
AIT-2024-09-007,ALNY,0.00800118,0.00742941,-0.01009883,0.03507012
AIT-2024-09-007,AMAT,0.06294297,0.04506049,0.04098048,-0.06978752
AIT-2024-09-007,AMD,0.05521464,0.04104580,0.02735853,-0.03365901
AIT-2024-09-007,AMGN,-0.03684523,-0.02512585,-0.03254002,-0.06565580
AIT-2024-09-007,AMZN,-0.01619913,-0.03024513,-0.03921757,-0.05528378
AIT-2024-09-007,APP,-0.01662884,-0.01847062,0.01346766,0.13385136
AIT-2024-09-007,ARM,0.03090952,0.01028211,-0.03810568,-0.07373649
AIT-2024-09-007,ASML,0.04611921,0.03860566,0.04389420,-0.11145608
AIT-2024-09-007,ASX,0.04033762,0.01112469,-0.02782817,0.00908221
AIT-2024-09-007,AVGO,0.01370608,-0.01291174,-0.01254560,-0.03690907
AIT-2024-09-007,AXON,-0.00598204,-0.00105047,0.02103543,0.07246626
AIT-2024-09-007,BKNG,0.01988571,0.01683452,-0.00645368,0.02008213
AIT-2024-09-007,BKR,-0.04401273,-0.00207059,0.03078210,0.02021674
AIT-2024-09-007,CCEP,-0.00933207,-0.00824561,-0.02674808,-0.05347222
AIT-2024-09-007,CDNS,0.00392823,0.00825041,-0.00309510,-0.07110088
AIT-2024-09-007,CEG,0.00926780,0.01197431,0.05010004,0.01984165
AIT-2024-09-007,CMCSA,-0.00758194,0.00863401,0.01128625,0.01898977
AIT-2024-09-007,COST,-0.00437229,-0.02202342,-0.03015396,-0.04122714
AIT-2024-09-007,CPRT,-0.00652487,-0.00556500,0.01163824,-0.01440969
AIT-2024-09-007,CRDO,0.04164107,0.05303425,0.03429690,0.24780481
AIT-2024-09-007,CRWD,-0.02528363,-0.00582816,-0.01314484,0.04612311
AIT-2024-09-007,CSCO,0.00590574,0.01039407,0.01442236,0.07819643
AIT-2024-09-007,CSX,-0.00702368,0.01280309,0.00620510,-0.01056900
AIT-2024-09-007,CTAS,0.00657249,-0.01626454,-0.00241856,-0.01259910
AIT-2024-09-007,DASH,0.00665233,0.00222397,0.01524024,0.04131655
AIT-2024-09-007,DDOG,-0.02571088,-0.02182742,0.00815125,0.05753445
AIT-2024-09-007,DXCM,-0.01232348,-0.01311361,-0.00731804,0.10036332
AIT-2024-09-007,EA,0.01342583,0.02182208,0.01540975,0.02201421
AIT-2024-09-007,ENTG,0.03877427,0.02916339,0.02967199,-0.06237428
AIT-2024-09-007,EXC,-0.00204982,0.00916176,0.02305394,0.01414650
AIT-2024-09-007,FANG,-0.09340986,-0.08274100,-0.02076938,-0.03671311
AIT-2024-09-007,FAST,-0.00338724,-0.00431130,-0.00345948,0.05091840
AIT-2024-09-007,FER,0.00490860,0.00513786,-0.01548469,-0.07113063
AIT-2024-09-007,FTNT,-0.00731885,-0.00472664,-0.00415185,-0.00073098
AIT-2024-09-007,GEHC,0.00064788,-0.00344034,-0.00917508,-0.04912396
AIT-2024-09-007,GILD,-0.00936689,-0.00282726,0.00967178,0.03485476
AIT-2024-09-007,GOOG,-0.00006084,0.01109857,0.03032144,0.00105121
AIT-2024-09-007,GOOGL,0.00145059,0.01118593,0.02981554,-0.00161199
AIT-2024-09-007,HON,0.00822797,0.01225940,-0.00239635,0.07196240
AIT-2024-09-007,IDXX,0.00647948,0.01473550,-0.02780936,-0.08324639
AIT-2024-09-007,INTC,0.05577139,0.06433177,0.02679651,0.06119875
AIT-2024-09-007,INTU,-0.00306741,-0.02861372,-0.04005277,-0.05720509
AIT-2024-09-007,ISRG,-0.00058677,-0.01514792,0.00127548,0.02165274
AIT-2024-09-007,KDP,-0.00983491,-0.00741095,-0.02048294,-0.04326672
AIT-2024-09-007,KHC,0.00235560,0.01858715,-0.01023445,0.01803136
AIT-2024-09-007,KLAC,0.04133184,0.01803208,0.02559974,-0.14683842
AIT-2024-09-007,LIN,0.00340278,-0.00086387,-0.00773231,-0.01654371
AIT-2024-09-007,LITE,0.06220301,0.06329688,0.08618068,0.07370735
AIT-2024-09-007,LRCX,0.06988645,0.05122071,0.05249113,-0.06226650
AIT-2024-09-007,MAR,0.01239253,0.02328586,0.01170547,0.03613709
AIT-2024-09-007,MCHP,0.03822488,0.04689761,0.03363854,-0.00136357
AIT-2024-09-007,MDLZ,0.00118268,-0.00046525,-0.02030136,-0.05161366
AIT-2024-09-007,MELI,-0.00771417,-0.02355058,-0.06561286,-0.05401054
AIT-2024-09-007,META,0.00303150,0.00347628,0.01728001,-0.03950250
AIT-2024-09-007,MNST,-0.00774457,0.00160461,-0.02551707,0.02964468
AIT-2024-09-007,MPWR,0.03193406,0.01544248,0.02391748,-0.05524247
AIT-2024-09-007,MRVL,0.02806606,-0.00081516,0.02892930,0.12544484
AIT-2024-09-007,MSFT,0.00423967,-0.00113684,-0.01965126,-0.01048746
AIT-2024-09-007,MSTR,0.06813602,0.13077046,0.06779809,0.25943527
AIT-2024-09-007,MTSI,0.06476638,0.05316989,0.03886122,0.08672502
AIT-2024-09-007,MU,0.16427216,0.14709453,0.08832962,0.12290246
AIT-2024-09-007,NFLX,-0.01914109,-0.02414947,-0.01644570,0.00863554
AIT-2024-09-007,NVDA,0.01708559,-0.00190529,-0.01492819,0.07408625
AIT-2024-09-007,NXPI,0.03503390,0.05015127,0.02352007,0.01396811
AIT-2024-09-007,ODFL,-0.01522670,-0.00584703,-0.01492522,-0.03859026
AIT-2024-09-007,ON,0.04124856,0.06130585,0.03916764,-0.01440924
AIT-2024-09-007,ORLY,0.02522703,0.01357071,0.02162041,0.04739260
AIT-2024-09-007,PANW,-0.01627805,-0.02327869,-0.02762013,0.03024485
AIT-2024-09-007,PAYX,-0.00577036,-0.00525891,0.05434706,0.05067880
AIT-2024-09-007,PCAR,-0.01431844,-0.00951665,-0.00689391,0.04767045
AIT-2024-09-007,PDD,0.14064069,0.19081013,0.32750705,0.13882965
AIT-2024-09-007,PEP,-0.00232191,-0.00094504,-0.00485551,0.00810447
AIT-2024-09-007,PLTR,-0.00204799,-0.00739645,0.01612296,0.08585574
AIT-2024-09-007,PYPL,0.02060331,-0.00532193,-0.00612197,0.01967444
AIT-2024-09-007,QCOM,0.03168406,0.02078649,0.02216827,-0.00881656
AIT-2024-09-007,REGN,-0.00908446,-0.00682435,-0.01007718,-0.13622786
AIT-2024-09-007,RKLB,0.13916283,0.26625513,0.26704587,0.35708536
AIT-2024-09-007,ROP,0.00072378,0.00486138,0.00610014,-0.01159724
AIT-2024-09-007,ROST,0.00225543,-0.00492957,-0.02706314,-0.05499663
AIT-2024-09-007,SBUX,0.03152517,0.03224489,0.02911264,0.03758886
AIT-2024-09-007,SHOP,0.00597489,-0.00823038,0.00565758,0.01317515
AIT-2024-09-007,SNPS,0.01847178,0.01994333,0.00455704,0.00736935
AIT-2024-09-007,STX,0.03530885,0.01865208,0.02215063,-0.04871432
AIT-2024-09-007,TER,0.04559366,0.02973149,0.01991112,-0.06568026
AIT-2024-09-007,TMUS,0.00633473,0.01480286,0.02584144,0.06613456
AIT-2024-09-007,TRI,-0.00702823,-0.01507841,-0.00803979,-0.04438165
AIT-2024-09-007,TSLA,0.00034461,0.03013325,0.00205847,-0.14780708
AIT-2024-09-007,TSM,0.02105806,-0.02423603,-0.02917137,0.06200560
AIT-2024-09-007,TTWO,0.00526676,0.01597452,0.01054560,0.07131348
AIT-2024-09-007,TXN,0.01839212,0.01980573,-0.00125087,-0.03156601
AIT-2024-09-007,UMC,0.02513263,0.01569265,-0.02596307,-0.11383174
AIT-2024-09-007,VRTX,-0.00268678,-0.00336713,-0.00495640,-0.01072256
AIT-2024-09-007,WBD,0.00145907,0.01522329,-0.02193112,-0.07770235
AIT-2024-09-007,WDAY,-0.00559654,-0.01061842,-0.03008224,-0.00753961
AIT-2024-09-007,WDC,0.05755788,0.04569311,0.01244071,-0.01400995
AIT-2024-09-007,WMT,-0.01349786,-0.01671184,-0.01278071,-0.01091232
AIT-2024-09-007,XEL,-0.00389894,0.00486270,0.01249330,-0.00676738
AIT-2024-09-006,AAPL,0.00422562,0.02331295,0.00294130,0.00892377
AIT-2024-09-006,ABNB,-0.01817275,-0.03297344,-0.02358554,0.03980880
AIT-2024-09-006,ADBE,-0.00521070,-0.00424871,-0.01537144,-0.06138187
AIT-2024-09-006,ADI,0.02071937,0.00629500,0.01055728,-0.00029802
AIT-2024-09-006,ADP,-0.01093878,0.00125298,0.02996768,0.02927795
AIT-2024-09-006,ADSK,0.01219109,0.02038607,0.01106493,0.05370247
AIT-2024-09-006,AEP,0.00371215,0.00919034,-0.00548121,-0.04830565
AIT-2024-09-006,ALNY,0.00279532,-0.00029099,-0.02333624,0.02533996
AIT-2024-09-006,AMAT,0.03615706,0.01371720,0.02984706,-0.07632784
AIT-2024-09-006,AMD,0.01101448,0.00082050,0.02150620,-0.06691358
AIT-2024-09-006,AMGN,0.02829253,0.02351158,0.01445181,-0.01263241
AIT-2024-09-006,AMZN,-0.02693304,-0.04135230,-0.04841510,-0.04842068
AIT-2024-09-006,APP,-0.03402724,-0.02469815,0.02973485,0.10868834
AIT-2024-09-006,ARM,-0.01782410,-0.05130985,-0.05332150,-0.12320864
AIT-2024-09-006,ASML,0.02650169,0.00860491,0.03858666,-0.12255548
AIT-2024-09-006,ASX,-0.00117822,-0.04981036,-0.03215217,-0.00756623
AIT-2024-09-006,AVGO,-0.02292093,-0.03489281,-0.01139090,-0.06915784
AIT-2024-09-006,AXON,-0.00515695,0.00045899,0.04341245,0.06807886
AIT-2024-09-006,BKNG,0.01455645,0.00129207,-0.01142040,0.02147373
AIT-2024-09-006,BKR,0.00391327,0.00061033,0.04696666,0.01824899
AIT-2024-09-006,CCEP,0.00069191,-0.00718289,-0.03093146,-0.03626694
AIT-2024-09-006,CDNS,0.00755578,-0.00946615,-0.00325477,-0.06650050
AIT-2024-09-006,CEG,-0.02878786,-0.02507176,0.05552053,-0.03771333
AIT-2024-09-006,CMCSA,0.02580112,0.02779700,0.01824780,0.04010997
AIT-2024-09-006,COST,-0.03008036,-0.03391814,-0.04095112,-0.05764045
AIT-2024-09-006,CPRT,-0.00066591,0.00316207,0.00958688,-0.01198765
AIT-2024-09-006,CRDO,0.04806063,0.01702325,0.04834352,0.24035325
AIT-2024-09-006,CRWD,-0.00379340,-0.02863208,0.00630136,0.06402135
AIT-2024-09-006,CSCO,0.00616116,0.00779067,0.00804648,0.06714501
AIT-2024-09-006,CSX,0.02948674,0.02768068,0.02330522,-0.00738754
AIT-2024-09-006,CTAS,-0.02809286,-0.01493112,-0.01810640,-0.03096165
AIT-2024-09-006,DASH,-0.01551759,-0.01686137,-0.01097643,0.03639011
AIT-2024-09-006,DDOG,-0.01609852,-0.01295020,0.02909717,0.07889289
AIT-2024-09-006,DXCM,0.01222626,0.00938608,0.00031105,0.16243024
AIT-2024-09-006,EA,0.02141095,0.01094928,-0.00102463,0.02239321
AIT-2024-09-006,ENTG,0.03036254,0.00279468,0.01629550,-0.06023647
AIT-2024-09-006,EXC,0.00931533,0.01300849,0.01950460,0.01486625
AIT-2024-09-006,FANG,-0.05668656,-0.04911639,0.04461398,-0.01153271
AIT-2024-09-006,FAST,0.00981160,0.00569016,0.00297281,0.06147873
AIT-2024-09-006,FER,0.00905401,0.00431820,-0.02263852,-0.07367073
AIT-2024-09-006,FTNT,0.00603975,0.00303231,-0.00196738,0.00813376
AIT-2024-09-006,GEHC,-0.01419538,0.00142399,-0.03079250,-0.06626108
AIT-2024-09-006,GILD,0.01610009,0.01841970,0.02113171,0.06887794
AIT-2024-09-006,GOOG,0.01189329,0.01891954,0.03321625,-0.00006622
AIT-2024-09-006,GOOGL,0.01297764,0.02006578,0.03435871,-0.00211079
AIT-2024-09-006,HON,0.00345265,-0.00284805,-0.01453135,0.01227121
AIT-2024-09-006,IDXX,0.02791766,0.01214169,-0.01668241,-0.08505500
AIT-2024-09-006,INTC,0.02175914,-0.00013422,-0.01163098,0.03673535
AIT-2024-09-006,INTU,-0.02663239,-0.02782888,-0.04112576,-0.05499794
AIT-2024-09-006,ISRG,-0.01604490,0.00363844,-0.01339427,0.01540378
AIT-2024-09-006,KDP,0.00001805,0.00050163,-0.02391897,-0.08407772
AIT-2024-09-006,KHC,0.02414369,0.01645815,-0.01009026,0.01251398
AIT-2024-09-006,KLAC,0.00970999,-0.00966752,0.01878512,-0.15757358
AIT-2024-09-006,LIN,0.00338727,-0.00424836,-0.01606327,-0.02052285
AIT-2024-09-006,LITE,0.05457701,0.02792852,0.10065738,0.04573074
AIT-2024-09-006,LRCX,0.02817891,0.00702925,0.03252020,-0.03571506
AIT-2024-09-006,MAR,0.02889343,0.00791743,0.02259226,0.05391485
AIT-2024-09-006,MCHP,0.05834133,0.04890392,0.04011054,0.01790135
AIT-2024-09-006,MDLZ,0.00095680,-0.00086937,-0.03394043,-0.05777459
AIT-2024-09-006,MELI,-0.03496242,-0.04573836,-0.08135936,-0.05920562
AIT-2024-09-006,META,-0.00776350,-0.00631544,0.02555158,-0.04696923
AIT-2024-09-006,MNST,0.01575113,0.00998649,-0.02277069,0.04261496
AIT-2024-09-006,MPWR,0.00533815,-0.00460953,0.02336508,-0.05150594
AIT-2024-09-006,MRVL,-0.00743881,-0.00200196,0.03039291,0.11271563
AIT-2024-09-006,MSFT,-0.01131743,-0.01002228,-0.02899246,-0.02431564
AIT-2024-09-006,MSTR,0.13993548,0.08161067,0.07095351,0.35869578
AIT-2024-09-006,MTSI,0.04904797,0.04013446,0.03515226,0.09301874
AIT-2024-09-006,MU,0.12207852,0.07861843,0.08852146,0.11161284
AIT-2024-09-006,NFLX,-0.02486942,-0.02797534,-0.02223443,0.01069531
AIT-2024-09-006,NVDA,-0.02838919,-0.04178854,-0.00470276,0.04401994
AIT-2024-09-006,NXPI,0.04412308,0.01740771,0.01405669,0.02038314
AIT-2024-09-006,ODFL,-0.01468466,-0.00793022,-0.03574835,-0.03749535
AIT-2024-09-006,ON,0.06628566,0.03550873,0.03512986,0.02399575
AIT-2024-09-006,ORLY,0.00126337,0.00427849,0.00481495,0.03489037
AIT-2024-09-006,PANW,-0.01746192,-0.00461967,-0.00850275,0.04923317
AIT-2024-09-006,PAYX,0.00265700,0.00977989,0.05309975,0.05940324
AIT-2024-09-006,PCAR,-0.00083981,0.00213647,0.03806795,0.06708394
AIT-2024-09-006,PDD,0.18484878,0.17964305,0.32505521,0.12480923
AIT-2024-09-006,PEP,0.00255090,0.00231357,-0.00784738,0.00648282
AIT-2024-09-006,PLTR,-0.01727387,-0.01866159,0.05414566,0.08696093
AIT-2024-09-006,PYPL,0.00526919,0.00292252,0.00579822,0.03924930
AIT-2024-09-006,QCOM,0.00759575,-0.00059302,0.01722565,-0.01626270
AIT-2024-09-006,REGN,0.00759558,0.01238917,-0.01979353,-0.13448137
AIT-2024-09-006,RKLB,0.12775323,0.11502452,0.08381209,0.24122853
AIT-2024-09-006,ROP,0.00910275,0.01120460,0.00819276,-0.00924183
AIT-2024-09-006,ROST,-0.01181902,-0.02174652,-0.03891202,-0.06891242
AIT-2024-09-006,SBUX,0.01748034,0.01611100,0.00710425,0.01762218
AIT-2024-09-006,SHOP,-0.00160156,0.00407348,0.00490196,0.01621151
AIT-2024-09-006,SNPS,0.00591302,-0.01307428,-0.00607859,-0.00485680
AIT-2024-09-006,STX,0.00559170,0.00711836,0.01375354,-0.05924786
AIT-2024-09-006,TER,0.02660245,0.01170867,0.00385227,-0.18273100
AIT-2024-09-006,TMUS,0.00649769,0.01053019,0.01646960,0.11391054
AIT-2024-09-006,TRI,-0.01848807,-0.01679169,-0.02031453,-0.05494206
AIT-2024-09-006,TSLA,0.01217633,0.00994704,-0.04376145,0.04848128
AIT-2024-09-006,TSM,-0.02971604,-0.06313854,-0.01006620,0.03964686
AIT-2024-09-006,TTWO,0.01473581,0.01684196,-0.01277806,0.07260709
AIT-2024-09-006,TXN,0.01627515,-0.00174175,-0.01072000,-0.01303975
AIT-2024-09-006,UMC,0.00239671,-0.03870361,-0.03526211,-0.12667282
AIT-2024-09-006,VRTX,-0.00103282,0.00031447,-0.02100974,-0.00635675
AIT-2024-09-006,WBD,0.02651920,0.01003405,-0.03398238,-0.03484272
AIT-2024-09-006,WDAY,0.00081084,0.00138668,0.00001289,-0.01882509
AIT-2024-09-006,WDC,0.04842788,0.02470484,0.02001716,-0.01818989
AIT-2024-09-006,WMT,-0.02481920,-0.01595215,-0.02281373,-0.02709158
AIT-2024-09-006,XEL,0.00510935,0.01596193,0.00106188,0.00633053
AIT-2024-10-001,AAPL,-0.00627187,-0.01938651,0.00023385,0.00636473
AIT-2024-10-001,ABNB,0.02337435,0.04110863,0.04711457,0.11259376
AIT-2024-10-001,ADBE,-0.00172058,-0.02856545,-0.00651130,-0.01345260
AIT-2024-10-001,ADI,-0.00893384,-0.00025609,-0.00484208,-0.00408887
AIT-2024-10-001,ADP,0.00242234,-0.00656527,0.00452934,0.00608639
AIT-2024-10-001,ADSK,-0.00483272,-0.00672353,0.01437441,0.06201701
AIT-2024-10-001,AEP,-0.01840962,-0.04085431,-0.05483651,-0.05623368
AIT-2024-10-001,ALAB,0.02607556,0.05416218,0.27071036,0.40409301
AIT-2024-10-001,ALNY,-0.02026646,-0.02432648,0.00780236,-0.06453838
AIT-2024-10-001,AMAT,-0.01098849,0.00272159,-0.00980863,-0.06961677
AIT-2024-10-001,AMD,0.05445502,0.07775918,0.00801564,-0.06011960
AIT-2024-10-001,AMGN,-0.00593071,-0.00712796,-0.00703793,-0.00653104
AIT-2024-10-001,AMZN,-0.00074551,-0.01740190,-0.00696761,0.01557618
AIT-2024-10-001,APP,0.03439147,0.05632620,0.03931442,0.17212551
AIT-2024-10-001,ARM,-0.00428516,0.03168573,0.02925694,0.00389812
AIT-2024-10-001,ASML,-0.01379378,-0.00849061,-0.01925194,-0.15525778
AIT-2024-10-001,ASX,0.00577820,0.02747247,-0.01163281,0.01591877
AIT-2024-10-001,AVGO,0.01570235,0.03113948,0.05218449,0.00214907
AIT-2024-10-001,AXON,0.03257568,0.03685358,0.03773136,0.01421932
AIT-2024-10-001,BKNG,0.00693573,0.01370950,0.02487085,0.13099775
AIT-2024-10-001,BKR,0.01428520,0.02144273,0.00264568,0.02773871
AIT-2024-10-001,CCEP,-0.00208506,-0.01483082,-0.01191832,-0.04045722
AIT-2024-10-001,CDNS,-0.00410083,-0.00653660,0.03728295,0.08339564
AIT-2024-10-001,CEG,0.05859086,0.04884776,-0.03994398,-0.03436459
AIT-2024-10-001,CMCSA,-0.00391877,-0.01485865,-0.00503849,0.07375172
AIT-2024-10-001,COST,-0.00328188,-0.00723774,-0.00007149,-0.02700099
AIT-2024-10-001,CPRT,0.00028530,0.00568661,0.04901847,-0.00683376
AIT-2024-10-001,CRDO,0.04959128,0.07323139,0.17128414,0.22546956
AIT-2024-10-001,CRWD,0.03128267,0.03099904,0.10217044,0.08612671
AIT-2024-10-001,CSCO,-0.00132650,0.00010222,0.01159857,0.04870192
AIT-2024-10-001,CSX,0.00586747,-0.01286334,0.00561846,-0.00443863
AIT-2024-10-001,CTAS,-0.00945058,-0.00643264,-0.01209260,-0.02242308
AIT-2024-10-001,DASH,0.00002674,-0.00942578,-0.01032367,0.07939776
AIT-2024-10-001,DDOG,0.04734873,0.05987616,0.10450786,0.11165087
AIT-2024-10-001,DXCM,0.01829027,0.03138629,0.04745296,0.10549506
AIT-2024-10-001,EA,-0.00652106,0.00078241,-0.01281058,0.06398310
AIT-2024-10-001,ENTG,-0.01860660,-0.01395584,-0.06025154,-0.02497701
AIT-2024-10-001,EXC,-0.01885230,-0.03484078,-0.04304747,-0.04153052
AIT-2024-10-001,FANG,0.06672695,0.09604790,0.05860159,-0.03572275
AIT-2024-10-001,FAST,-0.02186872,-0.01815340,-0.02830918,0.10156771
AIT-2024-10-001,FER,-0.04287216,-0.05128740,-0.04732766,-0.08657922
AIT-2024-10-001,FTNT,-0.00175955,-0.00395169,0.04611698,-0.01142669
AIT-2024-10-001,GEHC,-0.00319963,-0.00831884,-0.02156405,-0.03793899
AIT-2024-10-001,GILD,-0.00233325,-0.00471914,-0.00246911,0.04053571
AIT-2024-10-001,GOOG,-0.00121381,-0.01449849,-0.03943082,0.03702981
AIT-2024-10-001,GOOGL,-0.00156632,-0.01444855,-0.03774297,0.03619352
AIT-2024-10-001,HON,-0.00374443,-0.00043019,0.04248848,0.01980847
AIT-2024-10-001,IDXX,-0.02184462,-0.02222808,-0.03125403,-0.14295996
AIT-2024-10-001,INTC,0.00383617,0.02002435,0.04172691,0.07827017
AIT-2024-10-001,INTU,-0.00159558,-0.00329190,0.01083387,0.02425124
AIT-2024-10-001,ISRG,-0.01919939,-0.03325109,-0.02471287,0.01756454
AIT-2024-10-001,KDP,-0.01891820,-0.02583730,-0.01881524,-0.12992153
AIT-2024-10-001,KHC,0.00652508,0.00699504,0.01387006,-0.02251524
AIT-2024-10-001,KLAC,-0.00336431,0.01241662,-0.00026521,-0.12290827
AIT-2024-10-001,LIN,-0.02021889,-0.02697052,-0.02147220,-0.04885742
AIT-2024-10-001,LITE,0.04155376,0.04180408,0.00600207,0.00098782
AIT-2024-10-001,LRCX,-0.01238676,0.00036814,-0.01172380,-0.03953948
AIT-2024-10-001,MAR,0.01721786,0.02840988,0.03696255,0.05453813
AIT-2024-10-001,MCHP,-0.01643056,-0.01147472,-0.02164214,-0.00690029
AIT-2024-10-001,MDLZ,-0.01210126,-0.01773563,-0.01871338,-0.05539056
AIT-2024-10-001,MELI,-0.01415407,-0.00320797,0.01876120,0.02529071
AIT-2024-10-001,META,0.02589874,0.02085917,-0.00785881,-0.02972592
AIT-2024-10-001,MNST,0.00038882,-0.03114541,-0.00085969,0.04757967
AIT-2024-10-001,MPWR,-0.00097405,0.01857846,-0.02040826,-0.16073125
AIT-2024-10-001,MRVL,0.00120415,0.03092284,-0.02197751,0.13132084
AIT-2024-10-001,MSFT,-0.01037857,-0.01527549,-0.01595801,-0.01748024
AIT-2024-10-001,MSTR,0.04463111,0.12179281,0.05501435,0.35823007
AIT-2024-10-001,MTSI,0.00347338,0.01802919,0.03084822,0.06128005
AIT-2024-10-001,MU,0.00976810,0.03976687,0.03721488,0.03339446
AIT-2024-10-001,NFLX,0.00175218,-0.01341929,0.00656960,0.04763768
AIT-2024-10-001,NVDA,0.02449115,0.07175325,0.07649879,0.07132443
AIT-2024-10-001,NXPI,-0.01618141,0.00220836,-0.01309625,0.03099032
AIT-2024-10-001,ODFL,-0.01375454,-0.02192399,-0.00174729,0.05674393
AIT-2024-10-001,ON,-0.01078422,0.00616996,-0.03056177,0.04416126
AIT-2024-10-001,ORLY,-0.00343602,-0.00366569,0.00715186,-0.00981014
AIT-2024-10-001,PANW,0.02254933,0.02095373,0.09503048,0.09294888
AIT-2024-10-001,PAYX,-0.01822452,-0.02306286,-0.01599307,-0.00996850
AIT-2024-10-001,PCAR,0.05063502,0.05394841,0.05022805,0.07574289
AIT-2024-10-001,PDD,0.00842143,0.01160553,-0.07094675,-0.17566306
AIT-2024-10-001,PEP,-0.00991572,-0.01489509,0.01853361,-0.02707812
AIT-2024-10-001,PLTR,0.04546516,0.03604727,0.11162210,0.06596619
AIT-2024-10-001,PYPL,0.01710766,0.03841302,0.00728003,0.02881073
AIT-2024-10-001,QCOM,-0.01034647,-0.00211779,-0.02096261,-0.01277802
AIT-2024-10-001,REGN,-0.03238943,-0.04460602,-0.05257946,-0.22860659
AIT-2024-10-001,RKLB,-0.00273862,-0.00032406,-0.05907543,0.08950091
AIT-2024-10-001,ROP,-0.01624292,-0.02100698,-0.02617359,-0.00720908
AIT-2024-10-001,ROST,-0.01964486,-0.05019842,-0.05395570,-0.04971148
AIT-2024-10-001,SBUX,-0.00440842,-0.00076901,-0.03518640,0.02545930
AIT-2024-10-001,SHOP,0.03125567,0.03168515,0.02989335,0.02251446
AIT-2024-10-001,SNPS,-0.00516762,0.00731638,0.06060706,0.09263286
AIT-2024-10-001,STX,-0.02142301,-0.01986779,-0.01977465,-0.07207235
AIT-2024-10-001,TER,-0.02411205,-0.00768763,-0.04739135,-0.18794051
AIT-2024-10-001,TMUS,-0.00255121,-0.00211900,0.00700718,0.04756647
AIT-2024-10-001,TRI,-0.03293181,-0.02913821,-0.03361862,-0.04473970
AIT-2024-10-001,TSLA,-0.00657482,-0.02188925,-0.05663914,0.07155764
AIT-2024-10-001,TSM,0.01304799,0.05031679,0.02328788,0.07211460
AIT-2024-10-001,TTWO,-0.00037369,0.01034056,0.01139195,0.08742122
AIT-2024-10-001,TXN,-0.01357832,-0.00801847,-0.02225486,0.00903543
AIT-2024-10-001,UMC,-0.00258182,-0.00157536,-0.04553694,-0.16922355
AIT-2024-10-001,VRTX,-0.01918580,-0.03000273,0.02166332,0.02160934
AIT-2024-10-001,WBD,-0.02628997,-0.02246338,-0.05344213,0.07509594
AIT-2024-10-001,WDAY,0.01801078,-0.00100408,0.03057510,0.01587653
AIT-2024-10-001,WDC,-0.01585488,0.00294086,-0.06040645,-0.01032992
AIT-2024-10-001,WMT,0.00001601,-0.02193633,-0.02604654,-0.02302163
AIT-2024-10-001,XEL,-0.02263130,-0.03449178,-0.04904714,0.01903684
AIT-2024-10-010,AAPL,-0.01519461,-0.01120859,-0.01854467,-0.04112899
AIT-2024-10-010,ABNB,-0.00787573,0.00788746,0.02430471,0.01759227
AIT-2024-10-010,ADBE,-0.00853684,-0.00446557,0.00530194,0.04040328
AIT-2024-10-010,ADI,0.03568132,0.03901472,0.03816730,-0.06870106
AIT-2024-10-010,ADP,-0.00626261,-0.01206194,0.00178875,0.00554758
AIT-2024-10-010,ADSK,0.00106398,0.00301122,0.01208924,0.06093872
AIT-2024-10-010,AEP,-0.00621530,-0.01923951,-0.03021521,-0.04093337
AIT-2024-10-010,ALAB,0.04913548,0.08517978,0.09730235,0.42571027
AIT-2024-10-010,ALNY,-0.01169957,-0.04364462,-0.06170946,-0.20913081
AIT-2024-10-010,AMAT,0.02233565,0.03897057,0.03122116,-0.07951702
AIT-2024-10-010,AMD,0.01417461,0.03410333,-0.01006401,-0.11396983
AIT-2024-10-010,AMGN,-0.00676223,-0.00211939,-0.00694647,-0.09499077
AIT-2024-10-010,AMZN,-0.00581576,0.00286393,0.02727598,0.06045701
AIT-2024-10-010,APP,0.00891593,0.02161849,0.06424979,0.68606025
AIT-2024-10-010,ARM,-0.05527394,-0.03653382,0.02619325,-0.19857225
AIT-2024-10-010,ASML,0.00654690,0.01019118,-0.02600578,-0.08507016
AIT-2024-10-010,ASX,-0.00630084,0.01504784,-0.03620577,-0.05801687
AIT-2024-10-010,AVGO,-0.02706066,-0.01677300,-0.00026842,-0.12951935
AIT-2024-10-010,AXON,-0.01267634,-0.01135562,-0.03164883,0.28659754
AIT-2024-10-010,BKNG,-0.00045114,0.00212589,0.02691613,0.12508962
AIT-2024-10-010,BKR,0.02693398,0.04712821,0.04475273,0.20875026
AIT-2024-10-010,CCEP,0.01008065,0.01072181,-0.01181988,-0.01408548
AIT-2024-10-010,CDNS,0.01641995,0.04286460,0.17224853,0.21415074
AIT-2024-10-010,CEG,-0.00034975,-0.00343383,-0.02617835,-0.20180445
AIT-2024-10-010,CMCSA,0.00627044,0.00715398,0.02182680,0.04258556
AIT-2024-10-010,COST,0.00446079,0.00156816,-0.01569667,0.01431862
AIT-2024-10-010,CPRT,-0.00734993,-0.00049367,0.01000120,0.05734974
AIT-2024-10-010,CRDO,0.00021752,0.00457751,0.02278302,0.04397479
AIT-2024-10-010,CRWD,0.00179023,-0.00947359,0.01267462,0.12379931
AIT-2024-10-010,CSCO,-0.00624284,-0.00967300,-0.01257498,0.01427643
AIT-2024-10-010,CSX,-0.01650453,-0.01042639,-0.00115832,0.03345504
AIT-2024-10-010,CTAS,-0.00922608,-0.01839246,-0.02082346,0.00434973
AIT-2024-10-010,DASH,0.00967216,0.01333690,0.01675761,0.08496458
AIT-2024-10-010,DDOG,0.00677705,0.03010505,0.04290076,0.09068616
AIT-2024-10-010,DXCM,0.03160008,0.01534591,-0.00014100,0.08108252
AIT-2024-10-010,EA,0.00004487,0.00173330,0.02879832,0.13496297
AIT-2024-10-010,ENTG,0.02496109,0.04091823,0.06281476,-0.00999942
AIT-2024-10-010,EXC,0.00341773,-0.01295447,-0.02414400,-0.04856294
AIT-2024-10-010,FANG,-0.01558856,0.00267863,-0.04358482,-0.03479887
AIT-2024-10-010,FAST,-0.00740625,0.00101923,0.03219618,0.06487329
AIT-2024-10-010,FER,-0.00301989,-0.01890413,-0.02984457,-0.06057618
AIT-2024-10-010,FTNT,-0.01949443,-0.02379580,-0.04800302,0.09330254
AIT-2024-10-010,GEHC,0.00341136,-0.00144008,-0.01599462,-0.05919798
AIT-2024-10-010,GILD,0.00661184,0.00879709,-0.00004569,0.00347121
AIT-2024-10-010,GOOG,-0.00426737,0.01143975,0.06419970,0.05440701
AIT-2024-10-010,GOOGL,-0.00514759,0.01127364,0.06475374,0.05654656
AIT-2024-10-010,HON,-0.05522831,-0.05979381,-0.07755326,0.03146166
AIT-2024-10-010,IDXX,-0.00977049,-0.00966611,-0.00706208,-0.06908319
AIT-2024-10-010,INTC,0.02402596,0.04561651,0.04232620,0.17130454
AIT-2024-10-010,INTU,0.00170928,0.01197398,0.03253373,0.07592679
AIT-2024-10-010,ISRG,-0.00651923,-0.00790755,-0.00770420,0.01266045
AIT-2024-10-010,KDP,-0.05519999,-0.06620819,-0.11479615,-0.15325107
AIT-2024-10-010,KHC,-0.01655893,-0.02460143,-0.05286686,-0.13720665
AIT-2024-10-010,KLAC,0.01246454,0.02415980,0.04933591,-0.09882516
AIT-2024-10-010,LIN,-0.01294378,-0.01451235,-0.01676383,-0.07813526
AIT-2024-10-010,LITE,-0.01069616,-0.01350559,-0.00079392,0.21065522
AIT-2024-10-010,LRCX,0.06957439,0.08669830,0.07339464,-0.02840820
AIT-2024-10-010,MAR,-0.01127439,-0.00511099,0.00183735,0.04759880
AIT-2024-10-010,MCHP,0.02446632,0.03316435,0.02875405,-0.11850880
AIT-2024-10-010,MDLZ,-0.01820737,-0.02825350,-0.01982837,-0.09867395
AIT-2024-10-010,MELI,0.00046094,-0.00383232,-0.01990901,-0.07251148
AIT-2024-10-010,META,-0.01520563,-0.00623921,0.01949961,-0.07246131
AIT-2024-10-010,MNST,-0.00020923,-0.00058380,-0.01261906,0.02278673
AIT-2024-10-010,MPWR,0.04522400,0.04748382,0.06426557,-0.44915130
AIT-2024-10-010,MRVL,0.00401863,0.00219407,0.01630492,0.07066525
AIT-2024-10-010,MSFT,0.00310845,0.01222178,0.02242764,-0.02737223
AIT-2024-10-010,MSTR,0.08873745,0.07885145,0.11932845,0.71215819
AIT-2024-10-010,MTSI,0.04204471,0.08342798,0.04965006,0.11188871
AIT-2024-10-010,MU,0.00873214,0.02024346,-0.01625242,-0.09592886
AIT-2024-10-010,NFLX,-0.00613097,-0.00646668,-0.01230324,0.11301089
AIT-2024-10-010,NVDA,-0.00628046,0.00028606,-0.02776989,-0.06976582
AIT-2024-10-010,NXPI,0.04819319,0.06720173,0.07781573,-0.04344023
AIT-2024-10-010,ODFL,-0.02921076,0.00329271,0.03490076,0.09043379
AIT-2024-10-010,ON,0.07298856,0.09285074,0.12986163,0.03750978
AIT-2024-10-010,ORLY,-0.00410063,-0.00860287,-0.03936459,-0.03243694
AIT-2024-10-010,PANW,-0.02120564,-0.01571405,-0.03678417,0.03041872
AIT-2024-10-010,PAYX,0.00443133,-0.00545913,-0.00014028,-0.00376237
AIT-2024-10-010,PCAR,0.00652581,0.01712227,0.00714120,0.04987248
AIT-2024-10-010,PDD,-0.04922860,-0.03979893,-0.05308587,-0.10066696
AIT-2024-10-010,PEP,-0.01306526,-0.01529935,-0.04830445,-0.09363951
AIT-2024-10-010,PLTR,0.02435353,0.05210034,0.01374467,0.32076241
AIT-2024-10-010,PYPL,0.01227484,0.01577669,-0.03027789,0.02143460
AIT-2024-10-010,QCOM,-0.01257897,0.00192281,-0.01323865,-0.11744999
AIT-2024-10-010,REGN,-0.03039706,-0.02559226,-0.03717401,-0.25639895
AIT-2024-10-010,RKLB,0.01012580,0.00769760,-0.01986474,0.58712144
AIT-2024-10-010,ROP,-0.01107208,-0.01029113,0.00002826,0.00074439
AIT-2024-10-010,ROST,-0.00293251,-0.00322711,-0.03505665,-0.04205340
AIT-2024-10-010,SBUX,0.01018118,0.01250487,0.01235780,0.01929126
AIT-2024-10-010,SHOP,-0.00556781,-0.01334867,-0.00104408,0.26614927
AIT-2024-10-010,SNPS,0.00431519,0.01982624,0.09179562,0.09828824
AIT-2024-10-010,STX,-0.06832666,-0.07755156,-0.11220429,-0.15746363
AIT-2024-10-010,TER,-0.09732521,-0.08598941,-0.10671518,-0.19025283
AIT-2024-10-010,TMUS,0.06474262,0.03276101,0.01298230,0.04776976
AIT-2024-10-010,TRI,0.00291693,-0.00656641,0.00267364,-0.04511724
AIT-2024-10-010,TSLA,0.21844291,0.25440346,0.21210065,0.50505191
AIT-2024-10-010,TSM,0.00956249,0.03681574,-0.01465184,-0.10318994
AIT-2024-10-010,TTWO,0.01448877,0.01891902,0.02726669,0.16135382
AIT-2024-10-010,TXN,0.07448429,0.07675472,0.08041203,0.02060561
AIT-2024-10-010,UMC,0.00187139,0.00879490,-0.09090342,-0.12755797
AIT-2024-10-010,VRTX,-0.00239894,0.01016324,0.00425096,-0.05048467
AIT-2024-10-010,WBD,0.01120930,0.02480747,0.05369038,0.33631487
AIT-2024-10-010,WDAY,-0.03163442,-0.02613372,-0.02073449,0.07317403
AIT-2024-10-010,WDC,-0.00801148,0.04005743,0.00244508,-0.07232018
AIT-2024-10-010,WMT,0.01052355,0.00228360,-0.01762556,0.01740807
AIT-2024-10-010,XEL,0.02170855,0.01149200,-0.01108871,0.09355919
AIT-2024-10-011,AAPL,-0.01519461,-0.01120859,-0.01854467,-0.04112899
AIT-2024-10-011,ABNB,-0.00787573,0.00788746,0.02430471,0.01759227
AIT-2024-10-011,ADBE,-0.00853684,-0.00446557,0.00530194,0.04040328
AIT-2024-10-011,ADI,0.03568132,0.03901472,0.03816730,-0.06870106
AIT-2024-10-011,ADP,-0.00626261,-0.01206194,0.00178875,0.00554758
AIT-2024-10-011,ADSK,0.00106398,0.00301122,0.01208924,0.06093872
AIT-2024-10-011,AEP,-0.00621530,-0.01923951,-0.03021521,-0.04093337
AIT-2024-10-011,ALAB,0.04913548,0.08517978,0.09730235,0.42571027
AIT-2024-10-011,ALNY,-0.01169957,-0.04364462,-0.06170946,-0.20913081
AIT-2024-10-011,AMAT,0.02233565,0.03897057,0.03122116,-0.07951702
AIT-2024-10-011,AMD,0.01417461,0.03410333,-0.01006401,-0.11396983
AIT-2024-10-011,AMGN,-0.00676223,-0.00211939,-0.00694647,-0.09499077
AIT-2024-10-011,AMZN,-0.00581576,0.00286393,0.02727598,0.06045701
AIT-2024-10-011,APP,0.00891593,0.02161849,0.06424979,0.68606025
AIT-2024-10-011,ARM,-0.05527394,-0.03653382,0.02619325,-0.19857225
AIT-2024-10-011,ASML,0.00654690,0.01019118,-0.02600578,-0.08507016
AIT-2024-10-011,ASX,-0.00630084,0.01504784,-0.03620577,-0.05801687
AIT-2024-10-011,AVGO,-0.02706066,-0.01677300,-0.00026842,-0.12951935
AIT-2024-10-011,AXON,-0.01267634,-0.01135562,-0.03164883,0.28659754
AIT-2024-10-011,BKNG,-0.00045114,0.00212589,0.02691613,0.12508962
AIT-2024-10-011,BKR,0.02693398,0.04712821,0.04475273,0.20875026
AIT-2024-10-011,CCEP,0.01008065,0.01072181,-0.01181988,-0.01408548
AIT-2024-10-011,CDNS,0.01641995,0.04286460,0.17224853,0.21415074
AIT-2024-10-011,CEG,-0.00034975,-0.00343383,-0.02617835,-0.20180445
AIT-2024-10-011,CMCSA,0.00627044,0.00715398,0.02182680,0.04258556
AIT-2024-10-011,COST,0.00446079,0.00156816,-0.01569667,0.01431862
AIT-2024-10-011,CPRT,-0.00734993,-0.00049367,0.01000120,0.05734974
AIT-2024-10-011,CRDO,0.00021752,0.00457751,0.02278302,0.04397479
AIT-2024-10-011,CRWD,0.00179023,-0.00947359,0.01267462,0.12379931
AIT-2024-10-011,CSCO,-0.00624284,-0.00967300,-0.01257498,0.01427643
AIT-2024-10-011,CSX,-0.01650453,-0.01042639,-0.00115832,0.03345504
AIT-2024-10-011,CTAS,-0.00922608,-0.01839246,-0.02082346,0.00434973
AIT-2024-10-011,DASH,0.00967216,0.01333690,0.01675761,0.08496458
AIT-2024-10-011,DDOG,0.00677705,0.03010505,0.04290076,0.09068616
AIT-2024-10-011,DXCM,0.03160008,0.01534591,-0.00014100,0.08108252
AIT-2024-10-011,EA,0.00004487,0.00173330,0.02879832,0.13496297
AIT-2024-10-011,ENTG,0.02496109,0.04091823,0.06281476,-0.00999942
AIT-2024-10-011,EXC,0.00341773,-0.01295447,-0.02414400,-0.04856294
AIT-2024-10-011,FANG,-0.01558856,0.00267863,-0.04358482,-0.03479887
AIT-2024-10-011,FAST,-0.00740625,0.00101923,0.03219618,0.06487329
AIT-2024-10-011,FER,-0.00301989,-0.01890413,-0.02984457,-0.06057618
AIT-2024-10-011,FTNT,-0.01949443,-0.02379580,-0.04800302,0.09330254
AIT-2024-10-011,GEHC,0.00341136,-0.00144008,-0.01599462,-0.05919798
AIT-2024-10-011,GILD,0.00661184,0.00879709,-0.00004569,0.00347121
AIT-2024-10-011,GOOG,-0.00426737,0.01143975,0.06419970,0.05440701
AIT-2024-10-011,GOOGL,-0.00514759,0.01127364,0.06475374,0.05654656
AIT-2024-10-011,HON,-0.05522831,-0.05979381,-0.07755326,0.03146166
AIT-2024-10-011,IDXX,-0.00977049,-0.00966611,-0.00706208,-0.06908319
AIT-2024-10-011,INTC,0.02402596,0.04561651,0.04232620,0.17130454
AIT-2024-10-011,INTU,0.00170928,0.01197398,0.03253373,0.07592679
AIT-2024-10-011,ISRG,-0.00651923,-0.00790755,-0.00770420,0.01266045
AIT-2024-10-011,KDP,-0.05519999,-0.06620819,-0.11479615,-0.15325107
AIT-2024-10-011,KHC,-0.01655893,-0.02460143,-0.05286686,-0.13720665
AIT-2024-10-011,KLAC,0.01246454,0.02415980,0.04933591,-0.09882516
AIT-2024-10-011,LIN,-0.01294378,-0.01451235,-0.01676383,-0.07813526
AIT-2024-10-011,LITE,-0.01069616,-0.01350559,-0.00079392,0.21065522
AIT-2024-10-011,LRCX,0.06957439,0.08669830,0.07339464,-0.02840820
AIT-2024-10-011,MAR,-0.01127439,-0.00511099,0.00183735,0.04759880
AIT-2024-10-011,MCHP,0.02446632,0.03316435,0.02875405,-0.11850880
AIT-2024-10-011,MDLZ,-0.01820737,-0.02825350,-0.01982837,-0.09867395
AIT-2024-10-011,MELI,0.00046094,-0.00383232,-0.01990901,-0.07251148
AIT-2024-10-011,META,-0.01520563,-0.00623921,0.01949961,-0.07246131
AIT-2024-10-011,MNST,-0.00020923,-0.00058380,-0.01261906,0.02278673
AIT-2024-10-011,MPWR,0.04522400,0.04748382,0.06426557,-0.44915130
AIT-2024-10-011,MRVL,0.00401863,0.00219407,0.01630492,0.07066525
AIT-2024-10-011,MSFT,0.00310845,0.01222178,0.02242764,-0.02737223
AIT-2024-10-011,MSTR,0.08873745,0.07885145,0.11932845,0.71215819
AIT-2024-10-011,MTSI,0.04204471,0.08342798,0.04965006,0.11188871
AIT-2024-10-011,MU,0.00873214,0.02024346,-0.01625242,-0.09592886
AIT-2024-10-011,NFLX,-0.00613097,-0.00646668,-0.01230324,0.11301089
AIT-2024-10-011,NVDA,-0.00628046,0.00028606,-0.02776989,-0.06976582
AIT-2024-10-011,NXPI,0.04819319,0.06720173,0.07781573,-0.04344023
AIT-2024-10-011,ODFL,-0.02921076,0.00329271,0.03490076,0.09043379
AIT-2024-10-011,ON,0.07298856,0.09285074,0.12986163,0.03750978
AIT-2024-10-011,ORLY,-0.00410063,-0.00860287,-0.03936459,-0.03243694
AIT-2024-10-011,PANW,-0.02120564,-0.01571405,-0.03678417,0.03041872
AIT-2024-10-011,PAYX,0.00443133,-0.00545913,-0.00014028,-0.00376237
AIT-2024-10-011,PCAR,0.00652581,0.01712227,0.00714120,0.04987248
AIT-2024-10-011,PDD,-0.04922860,-0.03979893,-0.05308587,-0.10066696
AIT-2024-10-011,PEP,-0.01306526,-0.01529935,-0.04830445,-0.09363951
AIT-2024-10-011,PLTR,0.02435353,0.05210034,0.01374467,0.32076241
AIT-2024-10-011,PYPL,0.01227484,0.01577669,-0.03027789,0.02143460
AIT-2024-10-011,QCOM,-0.01257897,0.00192281,-0.01323865,-0.11744999
AIT-2024-10-011,REGN,-0.03039706,-0.02559226,-0.03717401,-0.25639895
AIT-2024-10-011,RKLB,0.01012580,0.00769760,-0.01986474,0.58712144
AIT-2024-10-011,ROP,-0.01107208,-0.01029113,0.00002826,0.00074439
AIT-2024-10-011,ROST,-0.00293251,-0.00322711,-0.03505665,-0.04205340
AIT-2024-10-011,SBUX,0.01018118,0.01250487,0.01235780,0.01929126
AIT-2024-10-011,SHOP,-0.00556781,-0.01334867,-0.00104408,0.26614927
AIT-2024-10-011,SNPS,0.00431519,0.01982624,0.09179562,0.09828824
AIT-2024-10-011,STX,-0.06832666,-0.07755156,-0.11220429,-0.15746363
AIT-2024-10-011,TER,-0.09732521,-0.08598941,-0.10671518,-0.19025283
AIT-2024-10-011,TMUS,0.06474262,0.03276101,0.01298230,0.04776976
AIT-2024-10-011,TRI,0.00291693,-0.00656641,0.00267364,-0.04511724
AIT-2024-10-011,TSLA,0.21844291,0.25440346,0.21210065,0.50505191
AIT-2024-10-011,TSM,0.00956249,0.03681574,-0.01465184,-0.10318994
AIT-2024-10-011,TTWO,0.01448877,0.01891902,0.02726669,0.16135382
AIT-2024-10-011,TXN,0.07448429,0.07675472,0.08041203,0.02060561
AIT-2024-10-011,UMC,0.00187139,0.00879490,-0.09090342,-0.12755797
AIT-2024-10-011,VRTX,-0.00239894,0.01016324,0.00425096,-0.05048467
AIT-2024-10-011,WBD,0.01120930,0.02480747,0.05369038,0.33631487
AIT-2024-10-011,WDAY,-0.03163442,-0.02613372,-0.02073449,0.07317403
AIT-2024-10-011,WDC,-0.00801148,0.04005743,0.00244508,-0.07232018
AIT-2024-10-011,WMT,0.01052355,0.00228360,-0.01762556,0.01740807
AIT-2024-10-011,XEL,0.02170855,0.01149200,-0.01108871,0.09355919
AIT-2024-10-013,AAPL,-0.01603250,-0.01804676,-0.04008853,-0.01110893
AIT-2024-10-013,ABNB,0.02476077,0.03233529,0.04846411,-0.01877604
AIT-2024-10-013,ADBE,0.01456800,0.01607965,0.00866100,0.05598854
AIT-2024-10-013,ADI,0.00897461,0.00781769,-0.05234383,-0.10332537
AIT-2024-10-013,ADP,-0.01308699,-0.00752856,0.02837845,0.01889490
AIT-2024-10-013,ADSK,0.01397807,0.02100753,0.02356854,-0.02512096
AIT-2024-10-013,AEP,-0.00237484,0.00844932,-0.01915069,0.00869406
AIT-2024-10-013,ALAB,0.02782484,-0.00780212,0.25016541,0.33166549
AIT-2024-10-013,ALNY,-0.02719305,-0.04359499,-0.05051238,-0.15343796
AIT-2024-10-013,AMAT,0.03051138,0.02850853,-0.01352077,-0.12283784
AIT-2024-10-013,AMD,-0.00612166,-0.00739277,-0.04356245,-0.13040259
AIT-2024-10-013,AMGN,0.02285101,0.01733492,0.00261970,-0.11787083
AIT-2024-10-013,AMZN,0.05323399,0.04612842,0.05156440,0.03371129
AIT-2024-10-013,APP,-0.01735706,-0.04331459,0.35056254,0.58667567
AIT-2024-10-013,ARM,-0.03340134,-0.05564196,-0.12527756,-0.30453019
AIT-2024-10-013,ASML,0.03173239,0.03438664,-0.06663451,-0.04684323
AIT-2024-10-013,ASX,0.03933549,0.01686584,-0.00822001,-0.05868944
AIT-2024-10-013,AVGO,-0.00242478,0.00121032,-0.03111117,-0.18629700
AIT-2024-10-013,AXON,-0.02094740,-0.00782267,0.03124635,0.34784780
AIT-2024-10-013,BKNG,0.08123744,0.08954939,0.06770189,0.11138381
AIT-2024-10-013,BKR,0.02081797,0.03634166,0.12962828,0.13940596
AIT-2024-10-013,CCEP,-0.00526368,-0.00137837,-0.00126514,0.01030652
AIT-2024-10-013,CDNS,0.00804814,0.03996298,-0.00013828,0.02507570
AIT-2024-10-013,CEG,0.00575040,-0.11837407,-0.13618741,-0.13539816
AIT-2024-10-013,CMCSA,0.03831422,0.01589722,0.03897321,0.01723858
AIT-2024-10-013,COST,0.01142973,0.02270407,0.01373833,0.05826324
AIT-2024-10-013,CPRT,-0.00292155,0.01752892,0.04417302,0.16958936
AIT-2024-10-013,CRDO,0.05177886,0.04756413,0.08493555,0.08981364
AIT-2024-10-013,CRWD,0.01663106,0.00765051,0.03413537,0.07963082
AIT-2024-10-013,CSCO,0.00895432,0.01646474,0.02766847,0.04221168
AIT-2024-10-013,CSX,0.00612011,0.00704697,0.04861988,0.08051906
AIT-2024-10-013,CTAS,-0.00293239,0.00672561,0.03023475,0.03546518
AIT-2024-10-013,DASH,0.01736410,0.02889156,0.06158408,0.09290026
AIT-2024-10-013,DDOG,-0.01388251,0.00909447,-0.01870426,0.15459368
AIT-2024-10-013,DXCM,-0.01029593,-0.01618738,-0.03241662,0.13401442
AIT-2024-10-013,EA,0.02376834,0.03606961,0.05626780,0.07797564
AIT-2024-10-013,ENTG,0.04301042,-0.00599042,-0.03224439,-0.03961621
AIT-2024-10-013,EXC,-0.04056995,-0.04604612,-0.04636321,-0.01014766
AIT-2024-10-013,FANG,0.00204155,0.02502342,0.01140555,-0.01903954
AIT-2024-10-013,FAST,0.00866905,0.00453404,0.03956884,0.03079755
AIT-2024-10-013,FER,0.01068371,-0.02018551,-0.01994991,0.03483587
AIT-2024-10-013,FTNT,0.00782057,0.00852477,0.03927425,0.15196521
AIT-2024-10-013,GEHC,0.01436977,0.01732649,-0.01603730,-0.08511772
AIT-2024-10-013,GILD,0.01349181,0.01696651,0.10391609,0.04609356
AIT-2024-10-013,GOOG,0.00011665,-0.00817935,0.00465197,-0.06771006
AIT-2024-10-013,GOOGL,0.00193651,-0.00689871,0.00551935,-0.06757634
AIT-2024-10-013,HON,0.03349449,0.02696441,0.04872573,0.11844497
AIT-2024-10-013,IDXX,-0.05380189,-0.05663870,-0.05246060,-0.06487796
AIT-2024-10-013,INTC,0.08800958,0.06902824,0.14476398,0.12052080
AIT-2024-10-013,INTU,0.02281181,0.02226246,0.05730700,0.01547185
AIT-2024-10-013,ISRG,-0.00043109,0.00330800,-0.00845658,0.00722609
AIT-2024-10-013,KDP,-0.00652756,-0.01162608,-0.00810653,-0.02813704
AIT-2024-10-013,KHC,-0.00671889,-0.00991737,-0.02740675,-0.03950242
AIT-2024-10-013,KLAC,0.00994116,0.00771643,-0.07031705,-0.13593520
AIT-2024-10-013,LIN,-0.02758377,-0.02479645,-0.03119608,-0.05228777
AIT-2024-10-013,LITE,0.03970984,0.02761892,0.06164798,0.22353817
AIT-2024-10-013,LRCX,0.02188141,0.02120123,-0.01735125,-0.07684855
AIT-2024-10-013,MAR,0.00040871,-0.01337818,0.02777385,0.06225232
AIT-2024-10-013,MCHP,0.02706072,0.02950813,-0.05583876,-0.11590220
AIT-2024-10-013,MDLZ,-0.01603618,-0.01783691,-0.06219697,-0.07379740
AIT-2024-10-013,MELI,0.03221127,0.03852321,-0.14393228,-0.04019453
AIT-2024-10-013,META,-0.01842623,-0.02721926,-0.04770736,-0.10829782
AIT-2024-10-013,MNST,-0.00234698,0.03223732,0.04054417,0.05959832
AIT-2024-10-013,MPWR,-0.13190145,-0.11631827,-0.22627742,-0.54750770
AIT-2024-10-013,MRVL,0.06854071,0.07091271,0.06755677,0.04643453
AIT-2024-10-013,MSFT,-0.03090480,-0.03221279,-0.04135977,-0.04474012
AIT-2024-10-013,MSTR,-0.03568156,-0.06422832,-0.01891116,0.29453859
AIT-2024-10-013,MTSI,-0.01332667,0.00135395,0.12725666,0.06527394
AIT-2024-10-013,MU,-0.00587413,0.01972608,0.03302842,-0.12415534
AIT-2024-10-013,NFLX,0.01966271,0.02065113,0.01932210,0.10372818
AIT-2024-10-013,NVDA,0.01409987,0.02327885,-0.02296536,-0.15742960
AIT-2024-10-013,NXPI,0.00588335,0.00427598,-0.08031378,-0.11087538
AIT-2024-10-013,ODFL,0.00222470,0.01994001,0.07387100,0.08434196
AIT-2024-10-013,ON,0.00394343,-0.00981973,-0.06730772,-0.06843405
AIT-2024-10-013,ORLY,-0.00993294,-0.00048883,0.03159329,0.03861330
AIT-2024-10-013,PANW,0.02819511,0.02685397,0.04226393,0.03452007
AIT-2024-10-013,PAYX,-0.01067109,-0.00607783,0.02889808,0.01324798
AIT-2024-10-013,PCAR,-0.00241963,0.01358698,0.05420634,0.08722417
AIT-2024-10-013,PDD,0.01298091,0.03050331,0.02411049,-0.22526984
AIT-2024-10-013,PEP,-0.00468183,-0.00060552,-0.01570440,-0.02454914
AIT-2024-10-013,PLTR,-0.01221272,-0.02274167,0.19560993,0.31702567
AIT-2024-10-013,PYPL,0.00415534,0.01751941,0.00768793,0.05503336
AIT-2024-10-013,QCOM,0.02098508,0.02588374,-0.02050585,-0.11596835
AIT-2024-10-013,REGN,-0.07485702,-0.09075655,-0.12421473,-0.22156480
AIT-2024-10-013,RKLB,0.06224457,0.04814067,0.15763449,0.86601002
AIT-2024-10-013,ROP,0.00245683,0.00701106,0.02711994,0.01720518
AIT-2024-10-013,ROST,0.01583884,0.02213096,-0.00042395,0.08472681
AIT-2024-10-013,SBUX,0.02940243,0.01292479,-0.03280471,0.03408701
AIT-2024-10-013,SHOP,0.02140088,0.02037671,0.02460672,0.35185928
AIT-2024-10-013,SNPS,0.00310653,0.02134094,0.02415911,0.00353745
AIT-2024-10-013,STX,0.01184657,0.02197911,0.01519527,-0.04209581
AIT-2024-10-013,TER,0.01545693,0.00160700,-0.04073933,-0.06133829
AIT-2024-10-013,TMUS,0.00248255,0.00584269,0.02500717,0.07073132
AIT-2024-10-013,TRI,0.00007241,0.00289362,-0.00727901,-0.04877329
AIT-2024-10-013,TSLA,0.00347419,-0.01478215,0.10533669,0.27153177
AIT-2024-10-013,TSM,0.02263215,0.01875473,-0.03002622,-0.15764949
AIT-2024-10-013,TTWO,0.01832073,0.01554547,0.08399519,0.13991145
AIT-2024-10-013,TXN,0.01492962,0.01220272,0.01673599,-0.07163406
AIT-2024-10-013,UMC,0.03737968,0.04343333,0.00137280,-0.06687245
AIT-2024-10-013,VRTX,-0.00002599,0.00466287,0.04275300,-0.03183158
AIT-2024-10-013,WBD,0.07735540,0.07438365,0.18449275,0.32831260
AIT-2024-10-013,WDAY,0.02012132,0.03192117,0.06695358,0.05291604
AIT-2024-10-013,WDC,0.01164750,0.00574457,0.00312152,0.02609140
AIT-2024-10-013,WMT,0.00989451,0.01161803,0.01056528,0.07669485
AIT-2024-10-013,XEL,0.05657403,0.04302066,0.04844845,0.13429994
AIT-2024-11-007,AAPL,-0.03434337,-0.02089971,-0.03667675,0.02432921
AIT-2024-11-007,ABNB,-0.02036398,0.01591667,-0.07928215,-0.03835262
AIT-2024-11-007,ADBE,0.00767966,-0.00735937,0.04713791,0.07836812
AIT-2024-11-007,ADI,-0.05352630,-0.05970885,-0.09760018,-0.12072859
AIT-2024-11-007,ADP,0.04009554,0.03585535,0.04247866,0.00955161
AIT-2024-11-007,ADSK,0.00179672,0.00232657,0.01474054,-0.01614139
AIT-2024-11-007,AEP,-0.02729735,-0.02862328,-0.05868815,-0.04643572
AIT-2024-11-007,ALAB,0.31214731,0.25626743,0.21524617,0.43039569
AIT-2024-11-007,ALNY,-0.00128944,-0.00850400,-0.02817306,-0.11999790
AIT-2024-11-007,AMAT,-0.05752390,-0.04008145,-0.07953085,-0.11976081
AIT-2024-11-007,AMD,-0.05258620,-0.03608346,-0.07552024,-0.07578194
AIT-2024-11-007,AMGN,-0.00981411,-0.01454446,-0.08681462,-0.15560198
AIT-2024-11-007,AMZN,0.00241276,0.00556531,-0.00155342,0.02499335
AIT-2024-11-007,APP,-0.04383250,0.39496014,0.54993776,0.70766854
AIT-2024-11-007,ARM,-0.08077464,-0.06801514,-0.15292710,-0.22352011
AIT-2024-11-007,ASML,-0.10547862,-0.09914940,-0.10872983,-0.03972397
AIT-2024-11-007,ASX,-0.05443151,-0.02340189,-0.08887957,-0.05625429
AIT-2024-11-007,AVGO,-0.03463888,-0.03148538,-0.07847286,-0.15469099
AIT-2024-11-007,AXON,0.02798002,0.03933208,0.30536767,0.40569784
AIT-2024-11-007,BKNG,0.00331210,-0.02175265,-0.00323249,0.02072092
AIT-2024-11-007,BKR,0.09075537,0.09321370,0.10435869,0.06287199
AIT-2024-11-007,CCEP,-0.00698872,-0.00036647,-0.00739180,0.00183748
AIT-2024-11-007,CDNS,-0.04281463,-0.03891244,-0.04890573,0.04160307
AIT-2024-11-007,CEG,-0.03062345,-0.01918089,-0.08685389,-0.05238566
AIT-2024-11-007,CMCSA,0.04720494,0.02339411,0.02014656,-0.01585267
AIT-2024-11-007,COST,-0.01802385,-0.00883875,0.00848072,0.04799117
AIT-2024-11-007,CPRT,0.02716652,0.02711480,0.05122263,0.14308375
AIT-2024-11-007,CRDO,-0.00021561,0.03746768,0.01646026,0.44796927
AIT-2024-11-007,CRWD,0.00586851,0.02688809,0.06474923,0.11182545
AIT-2024-11-007,CSCO,0.01171138,0.01017271,0.01950339,0.02319837
AIT-2024-11-007,CSX,0.08168129,0.04162985,0.05833863,0.03801929
AIT-2024-11-007,CTAS,0.01820654,0.02332058,0.04195894,0.00866021
AIT-2024-11-007,DASH,0.03664393,0.03303776,0.06207694,0.03224352
AIT-2024-11-007,DDOG,-0.02940454,-0.02819704,-0.07658163,0.22453459
AIT-2024-11-007,DXCM,-0.02225654,-0.01783307,0.06639280,0.18738419
AIT-2024-11-007,EA,0.01207534,0.02083920,0.03876696,0.06302300
AIT-2024-11-007,ENTG,-0.03985408,-0.02498900,-0.03811097,0.00291187
AIT-2024-11-007,EXC,0.00626048,-0.00093645,0.00805129,-0.01398241
AIT-2024-11-007,FANG,0.00175578,-0.01413942,-0.02698945,-0.09258924
AIT-2024-11-007,FAST,0.04858904,0.03764298,0.04070168,0.01072076
AIT-2024-11-007,FER,-0.00767629,-0.00017813,-0.00865773,0.08541760
AIT-2024-11-007,FTNT,0.00251244,0.03167767,0.20319036,0.16967767
AIT-2024-11-007,GEHC,-0.04239919,-0.03299435,-0.07455425,-0.11666781
AIT-2024-11-007,GILD,0.01936659,0.08668385,0.04933598,0.01661911
AIT-2024-11-007,GOOG,0.00016681,0.01335273,0.01829915,-0.03300189
AIT-2024-11-007,GOOGL,-0.00203888,0.01293960,0.01698731,-0.03479981
AIT-2024-11-007,HON,0.02100835,0.02159095,0.09411531,0.07131662
AIT-2024-11-007,IDXX,-0.01118784,0.00562018,-0.00699888,0.02180218
AIT-2024-11-007,INTC,0.04005901,0.07587337,0.00745820,-0.03821463
AIT-2024-11-007,INTU,0.00439950,0.03583653,0.07403312,0.00902029
AIT-2024-11-007,ISRG,-0.02132726,-0.01266469,0.00723017,0.00249294
AIT-2024-11-007,KDP,0.00650757,0.00359230,0.01353210,-0.02057748
AIT-2024-11-007,KHC,-0.00025959,-0.01856129,-0.04390257,-0.06371544
AIT-2024-11-007,KLAC,-0.08210821,-0.07561760,-0.10705448,-0.11899452
AIT-2024-11-007,LIN,-0.00867337,-0.00662084,-0.03041685,-0.03422636
AIT-2024-11-007,LITE,0.02967667,0.03482841,0.20459546,0.27420749
AIT-2024-11-007,LRCX,-0.05139158,-0.03616626,-0.07791978,-0.04070676
AIT-2024-11-007,MAR,0.04314909,0.04144460,0.06998035,0.07255166
AIT-2024-11-007,MCHP,-0.07965702,-0.08484104,-0.17931949,-0.25050872
AIT-2024-11-007,MDLZ,-0.03391747,-0.04473387,-0.03257173,-0.08297251
AIT-2024-11-007,MELI,-0.01207862,-0.18226100,-0.07406892,-0.08696431
AIT-2024-11-007,META,-0.04065075,-0.01945241,-0.03666395,-0.02546112
AIT-2024-11-007,MNST,0.00307500,0.00777155,0.03230458,-0.00294719
AIT-2024-11-007,MPWR,-0.07544242,-0.10891326,-0.28602126,-0.42285310
AIT-2024-11-007,MRVL,-0.02051527,-0.00255252,-0.01559272,0.23054976
AIT-2024-11-007,MSFT,-0.01318015,-0.00886255,-0.01409582,0.01532276
AIT-2024-11-007,MSTR,0.02152769,0.04066814,0.31915250,0.35238907
AIT-2024-11-007,MTSI,0.00027771,0.12726664,0.07183031,0.12728576
AIT-2024-11-007,MU,0.01497375,0.01231274,-0.07485778,-0.11027679
AIT-2024-11-007,NFLX,-0.01398037,-0.00346503,0.01898407,0.08748122
AIT-2024-11-007,NVDA,-0.04471490,-0.04713833,-0.06272361,-0.16122131
AIT-2024-11-007,NXPI,-0.09062031,-0.08372655,-0.13238337,-0.14901984
AIT-2024-11-007,ODFL,0.09274400,0.05442756,0.07018598,-0.00376367
AIT-2024-11-007,ON,-0.03895766,-0.05697351,-0.07968523,-0.13869436
AIT-2024-11-007,ORLY,0.05180137,0.03259177,0.04834793,0.03862884
AIT-2024-11-007,PANW,0.02052510,0.01598573,0.04271839,0.04496094
AIT-2024-11-007,PAYX,0.04620323,0.03511293,0.04244733,-0.00045869
AIT-2024-11-007,PCAR,0.07479844,0.04022861,0.07421519,0.07752177
AIT-2024-11-007,PDD,-0.04444589,-0.00621928,-0.10340007,-0.23841428
AIT-2024-11-007,PEP,-0.01009645,-0.01475499,-0.01391625,-0.04463788
AIT-2024-11-007,PLTR,0.23195156,0.21779696,0.27340465,0.35240909
AIT-2024-11-007,PYPL,0.00032080,-0.00926073,0.04880261,0.05894890
AIT-2024-11-007,QCOM,-0.02884006,-0.04448868,-0.10138985,-0.11829623
AIT-2024-11-007,REGN,-0.03790042,-0.03296582,-0.03753231,-0.12689880
AIT-2024-11-007,RKLB,0.08966440,0.10557287,0.18198140,0.62220868
AIT-2024-11-007,ROP,0.01250630,0.02027419,0.00750000,0.02381479
AIT-2024-11-007,ROST,-0.04189235,-0.02257572,-0.03541517,0.05378526
AIT-2024-11-007,SBUX,-0.03993643,-0.04562625,-0.01828538,-0.00175959
AIT-2024-11-007,SHOP,-0.02801866,0.00209948,0.26377714,0.29512060
AIT-2024-11-007,SNPS,-0.02058169,0.00181675,-0.03195006,0.02467802
AIT-2024-11-007,STX,-0.01707645,-0.00659183,-0.06164330,-0.10994464
AIT-2024-11-007,TER,-0.04714001,-0.04123922,-0.07182943,-0.01385281
AIT-2024-11-007,TMUS,0.02470896,0.01866641,0.04599079,0.04168483
AIT-2024-11-007,TRI,-0.01696363,-0.00945459,-0.00416521,-0.01770599
AIT-2024-11-007,TSLA,0.10512584,0.11885641,0.22905975,0.30730938
AIT-2024-11-007,TSM,-0.06988525,-0.04572179,-0.10053745,-0.10481747
AIT-2024-11-007,TTWO,-0.00230130,0.06833057,0.07713798,0.11983076
AIT-2024-11-007,TXN,0.00408828,0.00548244,-0.01792957,-0.11283822
AIT-2024-11-007,UMC,-0.06139602,-0.04067379,-0.07482849,-0.11927071
AIT-2024-11-007,VRTX,0.02467687,0.03830016,0.01305328,-0.04912041
AIT-2024-11-007,WBD,-0.00386235,0.10930574,0.09775908,0.26323606
AIT-2024-11-007,WDAY,0.01610176,0.03569380,0.08605980,0.09466633
AIT-2024-11-007,WDC,0.00383499,-0.00220814,-0.09884680,0.00524629
AIT-2024-11-007,WMT,-0.00136485,-0.00038059,0.00690579,0.08012509
AIT-2024-11-007,XEL,0.00966175,0.00481357,0.03898007,0.06040724
AIT-2024-11-002,AAPL,0.02352480,0.02230583,0.03141352,0.08585174
AIT-2024-11-002,ABNB,0.02227062,0.02711686,0.04165111,0.05195149
AIT-2024-11-002,ADBE,0.01812580,-0.01441988,-0.02508172,-0.05850340
AIT-2024-11-002,ADI,-0.02186331,-0.02668478,-0.01662879,-0.01112343
AIT-2024-11-002,ADP,-0.01924299,-0.03079255,-0.03251763,-0.05081928
AIT-2024-11-002,ADSK,-0.00073152,-0.00762516,0.01202185,-0.00096899
AIT-2024-11-002,AEP,0.00631589,0.03326363,0.03340291,-0.03057811
AIT-2024-11-002,ALAB,-0.01189800,-0.00493940,0.09636518,0.27793640
AIT-2024-11-002,ALNY,-0.04556183,-0.13201139,-0.08545331,-0.14475844
AIT-2024-11-002,AMAT,0.01469293,-0.04439211,-0.05015124,-0.08692080
AIT-2024-11-002,AMD,-0.01464217,-0.01057283,-0.00186389,-0.06828423
AIT-2024-11-002,AMGN,-0.00469456,-0.03701968,-0.01824366,-0.07627641
AIT-2024-11-002,AMZN,0.02263258,0.00067943,-0.00869464,0.08644181
AIT-2024-11-002,APP,-0.01060026,0.04048157,0.11837394,0.00841978
AIT-2024-11-002,ARM,-0.00842230,-0.02119997,-0.01761901,-0.02554842
AIT-2024-11-002,ASML,0.05718832,0.04417204,0.03242116,0.10091146
AIT-2024-11-002,ASX,0.02134323,0.04048368,0.05202031,0.03884607
AIT-2024-11-002,AVGO,-0.01697270,-0.01499485,-0.04535197,0.00352909
AIT-2024-11-002,AXON,0.01607788,0.01613553,0.01948031,0.01201713
AIT-2024-11-002,BKNG,-0.00363819,0.01209812,0.01061190,0.03406789
AIT-2024-11-002,BKR,-0.00810268,-0.00506155,0.01933286,-0.05039861
AIT-2024-11-002,CCEP,0.02575550,0.00874830,0.00764189,0.03476644
AIT-2024-11-002,CDNS,0.03461929,0.01815540,0.05837355,0.06771220
AIT-2024-11-002,CEG,-0.01051906,0.00493527,0.03100487,-0.02999309
AIT-2024-11-002,CMCSA,-0.00910950,-0.01737576,-0.01553155,-0.07460680
AIT-2024-11-002,COST,-0.00518641,-0.01297552,0.00130523,0.03599257
AIT-2024-11-002,CPRT,0.00844505,0.00753106,-0.02016655,0.08540092
AIT-2024-11-002,CRDO,-0.08613418,-0.10414330,-0.04949279,0.43078747
AIT-2024-11-002,CRWD,0.01559033,0.01765852,0.04618324,0.06929342
AIT-2024-11-002,CSCO,-0.00909333,-0.00849963,-0.01259647,-0.00193982
AIT-2024-11-002,CSX,-0.00817261,-0.01323200,-0.03188578,-0.05572364
AIT-2024-11-002,CTAS,-0.03268095,-0.03199180,-0.02454912,-0.08821968
AIT-2024-11-002,DASH,-0.01095232,-0.02340570,-0.01823747,-0.03530418
AIT-2024-11-002,DDOG,0.07515551,0.05471767,0.11949008,0.25764413
AIT-2024-11-002,DXCM,0.01152932,0.03378033,0.02955334,0.10677909
AIT-2024-11-002,EA,0.01180525,0.00280120,0.03188014,-0.00016285
AIT-2024-11-002,ENTG,-0.02703991,-0.03293138,-0.02021867,0.04096651
AIT-2024-11-002,EXC,-0.00270517,0.02274768,0.01001735,-0.05382230
AIT-2024-11-002,FANG,0.02084499,-0.00506890,0.01682109,-0.11305793
AIT-2024-11-002,FAST,-0.01241009,-0.00787965,-0.01405369,-0.06602085
AIT-2024-11-002,FER,-0.00128310,-0.00085976,0.00330495,0.10462386
AIT-2024-11-002,FTNT,-0.04555024,-0.04116592,-0.06651339,-0.02525829
AIT-2024-11-002,GEHC,-0.01718792,-0.01733018,0.01224740,-0.05049056
AIT-2024-11-002,GILD,-0.02538768,-0.06626945,-0.06619503,-0.03637385
AIT-2024-11-002,GOOG,-0.02438319,-0.02764330,-0.01582636,0.05836025
AIT-2024-11-002,GOOGL,-0.02500033,-0.02618868,-0.01402147,0.05928359
AIT-2024-11-002,HON,-0.00983691,-0.00431502,-0.01816798,-0.02152847
AIT-2024-11-002,IDXX,0.00353935,0.01132820,0.00297521,0.05075321
AIT-2024-11-002,INTC,0.05847464,0.06376201,0.04759875,-0.06750001
AIT-2024-11-002,INTU,0.01181417,0.01042108,-0.04979952,-0.02215581
AIT-2024-11-002,ISRG,0.00557454,-0.00168915,0.01478358,-0.01349161
AIT-2024-11-002,KDP,0.00046149,-0.05127493,-0.04054962,0.00699140
AIT-2024-11-002,KHC,-0.00614066,-0.02603911,-0.03430010,0.00124729
AIT-2024-11-002,KLAC,-0.01167694,-0.02500512,-0.03441204,-0.02209638
AIT-2024-11-002,LIN,-0.00268793,-0.00668931,-0.00952792,-0.05035805
AIT-2024-11-002,LITE,-0.00040708,-0.01112480,-0.01530865,0.04544305
AIT-2024-11-002,LRCX,0.00792392,-0.02167270,-0.03361271,0.03401457
AIT-2024-11-002,MAR,-0.00766925,-0.00683292,-0.00817735,0.01317593
AIT-2024-11-002,MCHP,-0.00890565,-0.02265112,0.00398641,-0.04987288
AIT-2024-11-002,MDLZ,-0.01273703,-0.02664668,-0.02768335,-0.05241939
AIT-2024-11-002,MELI,-0.04572517,-0.03076080,-0.01156344,-0.06074081
AIT-2024-11-002,META,-0.00484538,-0.02467225,-0.01938476,0.04363743
AIT-2024-11-002,MNST,0.00025768,-0.06857208,-0.03638931,-0.04939436
AIT-2024-11-002,MPWR,-0.09079094,-0.06173183,-0.10554381,-0.08340935
AIT-2024-11-002,MRVL,-0.00476712,-0.00209309,0.00276659,0.17985097
AIT-2024-11-002,MSFT,0.01763419,0.00556594,-0.00034849,0.06576411
AIT-2024-11-002,MSTR,-0.07666152,-0.00198070,0.29730655,-0.03903788
AIT-2024-11-002,MTSI,-0.02765923,-0.03300192,-0.01143959,0.01610975
AIT-2024-11-002,MU,-0.03265326,-0.03162718,-0.02671765,-0.06374030
AIT-2024-11-002,NFLX,0.02797739,0.02719070,0.08730890,0.10132168
AIT-2024-11-002,NVDA,0.00329818,0.00674137,0.00499732,-0.15138640
AIT-2024-11-002,NXPI,0.00924676,0.00350106,0.00571531,-0.03116529
AIT-2024-11-002,ODFL,-0.00564537,-0.02751208,-0.03923036,-0.10338529
AIT-2024-11-002,ON,-0.02932096,-0.03241039,-0.00635341,-0.02930784
AIT-2024-11-002,ORLY,-0.00910278,-0.01424498,-0.03895407,0.01107365
AIT-2024-11-002,PANW,-0.00022282,-0.00195104,0.00435199,0.00378629
AIT-2024-11-002,PAYX,-0.01308400,-0.02772804,-0.04070633,-0.06293373
AIT-2024-11-002,PCAR,-0.00674027,-0.02042712,-0.04616921,-0.03271985
AIT-2024-11-002,PDD,-0.00598638,0.02120117,0.03844044,-0.06310374
AIT-2024-11-002,PEP,0.00445884,-0.03530281,-0.03512464,-0.02857958
AIT-2024-11-002,PLTR,-0.00513679,0.13108689,0.04741953,0.11046881
AIT-2024-11-002,PYPL,-0.00199154,0.01143831,-0.01206087,0.00770254
AIT-2024-11-002,QCOM,0.01843415,0.02534806,-0.02585550,-0.02758078
AIT-2024-11-002,REGN,-0.04217458,-0.06586692,-0.08691251,-0.09389716
AIT-2024-11-002,RKLB,0.20872141,0.32028383,0.35864457,0.40125983
AIT-2024-11-002,ROP,0.00664479,-0.01121449,-0.01333200,-0.02253497
AIT-2024-11-002,ROST,0.02009763,0.01894289,0.00485898,0.09980600
AIT-2024-11-002,SBUX,0.00956686,0.01825994,0.01070099,-0.01032867
AIT-2024-11-002,SHOP,0.01974990,0.04198480,-0.01203835,0.07253795
AIT-2024-11-002,SNPS,0.00791480,-0.01288983,0.01608354,-0.04654682
AIT-2024-11-002,STX,-0.01491802,-0.00449684,-0.00127187,-0.02782289
AIT-2024-11-002,TER,0.00212746,-0.00032862,-0.00562574,0.12185850
AIT-2024-11-002,TMUS,-0.00725597,-0.01524930,-0.02242134,-0.05590813
AIT-2024-11-002,TRI,-0.02400881,-0.03337969,-0.04501874,-0.00685410
AIT-2024-11-002,TSLA,-0.03950518,0.02004695,0.06669231,0.21650686
AIT-2024-11-002,TSM,-0.00654182,0.00565111,-0.00136535,-0.04130254
AIT-2024-11-002,TTWO,0.01078945,-0.00096375,0.03986766,0.05865822
AIT-2024-11-002,TXN,-0.02384101,-0.03007547,-0.05507585,-0.12035362
AIT-2024-11-002,UMC,-0.00413152,0.00208801,-0.00264597,-0.07716935
AIT-2024-11-002,VRTX,-0.00898500,-0.03974265,-0.07506090,-0.05947116
AIT-2024-11-002,WBD,0.07862757,0.02783566,0.10470995,0.35717986
AIT-2024-11-002,WDAY,0.01320073,-0.01876413,-0.02031414,0.04958412
AIT-2024-11-002,WDC,0.00052014,0.01768985,0.02187595,0.02725000
AIT-2024-11-002,WMT,-0.00861140,-0.01000846,0.01648895,0.05741891
AIT-2024-11-002,XEL,0.00279735,0.00974905,0.01633008,-0.01557347
AIT-2024-11-005,AAPL,-0.00005929,-0.00774679,0.00829045,0.08440784
AIT-2024-11-005,ABNB,0.02056419,-0.00020549,0.03554151,0.00094285
AIT-2024-11-005,ADBE,-0.00034672,0.00543705,0.03905312,-0.06238455
AIT-2024-11-005,ADI,0.00026670,0.00510200,0.01011277,0.01232673
AIT-2024-11-005,ADP,-0.00028232,0.01727084,0.02251714,-0.03818951
AIT-2024-11-005,ADSK,0.01462227,0.03246779,0.02636697,-0.01235646
AIT-2024-11-005,AEP,0.00059420,0.01239670,0.02104979,-0.08460707
AIT-2024-11-005,ALAB,0.06562160,0.12082314,0.10506143,0.31635987
AIT-2024-11-005,ALNY,0.06427592,0.05223147,0.06782403,-0.02658297
AIT-2024-11-005,AMAT,-0.00861772,0.01268359,-0.02694721,0.00905348
AIT-2024-11-005,AMD,-0.01381059,-0.02476579,-0.04260294,-0.06915773
AIT-2024-11-005,AMGN,0.03085059,0.03490123,-0.00471887,-0.06114323
AIT-2024-11-005,AMZN,-0.00000934,-0.03034027,-0.00063504,0.09837940
AIT-2024-11-005,APP,0.06876109,0.02795982,0.01910965,-0.03328448
AIT-2024-11-005,ARM,0.02008871,-0.00593396,-0.02796555,0.03166617
AIT-2024-11-005,ASML,-0.01413946,-0.00407711,-0.02489116,0.15642680
AIT-2024-11-005,ASX,-0.00793370,-0.01221291,-0.03697793,0.03283917
AIT-2024-11-005,AVGO,-0.02524432,-0.03542781,-0.06192143,0.34916282
AIT-2024-11-005,AXON,0.00844665,0.03666995,0.02178338,-0.02044090
AIT-2024-11-005,BKNG,-0.00595676,0.02637052,0.01273786,-0.02373795
AIT-2024-11-005,BKR,0.02411356,0.03237285,-0.00890585,-0.09203248
AIT-2024-11-005,CCEP,-0.00237325,0.02334744,0.01627321,-0.00841421
AIT-2024-11-005,CDNS,0.02799841,0.02714221,0.02054279,0.06883005
AIT-2024-11-005,CEG,0.00996393,0.06795203,0.09990978,-0.06440574
AIT-2024-11-005,CMCSA,-0.00036574,0.01024736,-0.01198748,-0.11101693
AIT-2024-11-005,COST,0.00497107,0.02963320,0.03477537,0.04094602
AIT-2024-11-005,CPRT,-0.02378158,-0.00091931,0.11047412,0.05732619
AIT-2024-11-005,CRDO,0.04508358,0.10505385,0.07508630,0.57709954
AIT-2024-11-005,CRWD,0.01617400,0.02875918,0.03077293,0.05507139
AIT-2024-11-005,CSCO,0.00052049,-0.00197653,0.02507953,0.00267433
AIT-2024-11-005,CSX,-0.01216888,0.00771345,0.04102383,-0.06190729
AIT-2024-11-005,CTAS,0.00709757,0.01505796,0.02661667,-0.07244330
AIT-2024-11-005,DASH,-0.00920865,-0.01021938,0.00770600,-0.06421779
AIT-2024-11-005,DDOG,0.07094826,0.12642986,0.18657679,0.21798081
AIT-2024-11-005,DXCM,-0.01005773,-0.01983794,0.03152140,0.04130345
AIT-2024-11-005,EA,0.01403084,0.01850352,-0.00584482,-0.08700410
AIT-2024-11-005,ENTG,-0.00058379,0.04222071,0.02528779,0.08527956
AIT-2024-11-005,EXC,-0.01416875,0.00004883,0.00264258,-0.08301413
AIT-2024-11-005,FANG,-0.00565068,-0.00213218,-0.04665184,-0.16275503
AIT-2024-11-005,FAST,-0.00270852,0.00028586,0.01322443,-0.09333331
AIT-2024-11-005,FER,0.00075127,-0.00671997,0.04564555,0.07384711
AIT-2024-11-005,FTNT,0.00286964,0.01625671,0.03397283,0.00598639
AIT-2024-11-005,GEHC,0.02211546,-0.01768255,-0.02384118,-0.06777743
AIT-2024-11-005,GILD,0.00003812,0.01178458,0.02642300,0.01442664
AIT-2024-11-005,GOOG,-0.00160301,-0.05344519,-0.05871150,0.08023954
AIT-2024-11-005,GOOGL,-0.00077821,-0.05449942,-0.05911754,0.07968854
AIT-2024-11-005,HON,-0.01170992,-0.01727390,-0.00479052,-0.00418657
AIT-2024-11-005,IDXX,-0.00315098,-0.00717533,-0.01617391,0.02747716
AIT-2024-11-005,INTC,-0.03328587,-0.02276065,-0.05049170,-0.14073010
AIT-2024-11-005,INTU,-0.04388718,-0.00621819,-0.07624120,-0.01256655
AIT-2024-11-005,ISRG,0.01368816,0.02387075,-0.00523242,-0.02022536
AIT-2024-11-005,KDP,0.02490995,0.03094035,0.04297867,0.03506247
AIT-2024-11-005,KHC,-0.00529067,0.00173428,0.03075018,-0.00192668
AIT-2024-11-005,KLAC,-0.01335570,0.00040280,-0.02866223,0.05361495
AIT-2024-11-005,LIN,0.00110687,0.00901854,0.00557038,-0.05946797
AIT-2024-11-005,LITE,0.01567252,0.04131261,0.03171902,0.06296599
AIT-2024-11-005,LRCX,-0.01257394,0.02046386,-0.00728010,0.12959318
AIT-2024-11-005,MAR,-0.00749136,0.00179401,0.00865325,0.00025928
AIT-2024-11-005,MCHP,-0.00583849,0.00660583,0.02536137,-0.08185892
AIT-2024-11-005,MDLZ,0.00961834,0.01514351,0.01656423,-0.04831428
AIT-2024-11-005,MELI,0.00363898,0.01737550,0.07636025,-0.10530021
AIT-2024-11-005,META,0.01187653,-0.00203609,-0.00504360,0.06688718
AIT-2024-11-005,MNST,0.00834930,0.01336791,0.02898546,-0.02468559
AIT-2024-11-005,MPWR,-0.05746992,-0.05039976,-0.08137179,0.05271436
AIT-2024-11-005,MRVL,0.00343643,0.02398405,-0.00328183,0.23333939
AIT-2024-11-005,MSFT,-0.00370711,-0.01368121,0.01097191,0.07629849
AIT-2024-11-005,MSTR,0.19157480,0.00494946,-0.16085259,-0.17866920
AIT-2024-11-005,MTSI,0.02684695,0.04576807,0.04773119,0.08094969
AIT-2024-11-005,MU,0.00096945,0.03378776,-0.00025033,0.09455680
AIT-2024-11-005,NFLX,0.03703389,0.04540047,0.00209802,0.04241626
AIT-2024-11-005,NVDA,0.02534016,0.01251968,-0.09606803,-0.11153843
AIT-2024-11-005,NXPI,-0.00548935,0.00402702,0.00243873,-0.01558830
AIT-2024-11-005,ODFL,-0.00118840,0.01299162,0.03742303,-0.09196679
AIT-2024-11-005,ON,0.00628309,0.01260634,0.02496109,0.02226036
AIT-2024-11-005,ORLY,-0.02482100,-0.01345735,0.01444488,0.00264043
AIT-2024-11-005,PANW,0.01120884,0.01700208,0.00093227,-0.00876201
AIT-2024-11-005,PAYX,-0.00230694,0.01062327,0.01816603,-0.05079124
AIT-2024-11-005,PCAR,-0.01915941,0.01400152,0.02174772,-0.02348135
AIT-2024-11-005,PDD,-0.01001158,-0.12129690,-0.17762765,-0.11916393
AIT-2024-11-005,PEP,0.00280914,0.01301680,0.02466868,-0.01574439
AIT-2024-11-005,PLTR,-0.00190990,-0.02990354,0.00296243,0.09372579
AIT-2024-11-005,PYPL,-0.00400580,-0.00876627,0.00342772,0.00520171
AIT-2024-11-005,QCOM,-0.06957185,-0.07325142,-0.08784786,-0.04008626
AIT-2024-11-005,REGN,-0.02507689,-0.02643165,-0.02016173,-0.03252380
AIT-2024-11-005,RKLB,0.03055703,0.12666696,0.22112802,0.11830754
AIT-2024-11-005,ROP,-0.00163744,0.00358953,0.01019833,-0.02500534
AIT-2024-11-005,ROST,-0.01560631,0.00731499,0.07912202,0.07035734
AIT-2024-11-005,SBUX,-0.02455449,-0.01055216,-0.01342027,-0.10602398
AIT-2024-11-005,SHOP,-0.02430741,-0.00980671,0.02148898,0.07348825
AIT-2024-11-005,SNPS,0.02845914,0.04901704,0.02245463,-0.00105886
AIT-2024-11-005,STX,0.00543914,0.01807774,0.02089444,-0.04141796
AIT-2024-11-005,TER,-0.01304447,-0.00667619,0.00216261,0.21152277
AIT-2024-11-005,TMUS,-0.01043356,-0.00839578,0.01935791,-0.09750125
AIT-2024-11-005,TRI,-0.00519246,0.00136856,-0.01309212,0.02742010
AIT-2024-11-005,TSLA,0.00053658,-0.01885980,-0.04870429,0.27912950
AIT-2024-11-005,TSM,-0.00620970,-0.00341198,-0.07083905,0.02775963
AIT-2024-11-005,TTWO,0.01255685,0.01535075,0.01603288,0.00952547
AIT-2024-11-005,TXN,-0.05001998,-0.05776241,-0.06089773,-0.11464370
AIT-2024-11-005,UMC,-0.02357728,-0.03503921,-0.03749365,-0.01857627
AIT-2024-11-005,VRTX,-0.03560416,-0.04023207,-0.00946771,-0.03957644
AIT-2024-11-005,WBD,0.05044350,0.07588852,0.06032280,0.16742335
AIT-2024-11-005,WDAY,0.00021639,0.03060338,0.03357963,0.07944618
AIT-2024-11-005,WDC,-0.01729285,0.00544900,0.09106911,0.00787887
AIT-2024-11-005,WMT,0.03192687,0.04268356,0.06731752,0.07085225
AIT-2024-11-005,XEL,0.00049637,0.01943040,0.02547135,-0.06914121
AIT-2024-11-001,AAPL,0.01987230,0.01516058,0.03505448,0.07568191
AIT-2024-11-001,ABNB,0.01065051,0.01570364,0.01543266,0.04102739
AIT-2024-11-001,ADBE,0.00129619,0.03494283,0.06700731,-0.07457305
AIT-2024-11-001,ADI,0.01393415,-0.01058225,0.00830024,0.03827337
AIT-2024-11-001,ADP,-0.01347941,-0.01712129,-0.03682952,-0.04780301
AIT-2024-11-001,ADSK,0.02155878,0.03115115,0.05260352,0.05084031
AIT-2024-11-001,AEP,-0.03086129,-0.03984581,-0.05004690,-0.10245193
AIT-2024-11-001,ALAB,0.11938454,0.09079488,0.15781535,0.30061747
AIT-2024-11-001,ALNY,-0.01106902,-0.00410838,-0.00638013,-0.12284916
AIT-2024-11-001,AMAT,0.04720749,0.02355214,-0.00978290,0.03305691
AIT-2024-11-001,AMD,0.03600644,0.03881200,-0.03394193,-0.00091939
AIT-2024-11-001,AMGN,-0.01701364,-0.02126335,-0.01884268,-0.05736967
AIT-2024-11-001,AMZN,0.02356872,0.03674065,0.08067876,0.09533143
AIT-2024-11-001,APP,0.06577095,0.06081084,-0.02320401,-0.11332213
AIT-2024-11-001,ARM,0.04177006,0.02902695,0.04095828,0.04878895
AIT-2024-11-001,ASML,0.04731733,0.03829739,0.04279569,0.14719018
AIT-2024-11-001,ASX,0.01849340,0.01640533,0.04419770,0.11328221
AIT-2024-11-001,AVGO,0.03241053,0.03071905,0.09512919,0.48017265
AIT-2024-11-001,AXON,0.02666120,0.04289909,-0.02831825,-0.13193562
AIT-2024-11-001,BKNG,-0.00109964,-0.00275575,-0.01503464,-0.02844007
AIT-2024-11-001,BKR,-0.01111491,-0.04310416,-0.06986651,-0.07762459
AIT-2024-11-001,CCEP,0.00442077,-0.00715746,0.01039977,-0.01296991
AIT-2024-11-001,CDNS,0.01976775,0.04555834,0.01528295,0.06198135
AIT-2024-11-001,CEG,-0.04294930,-0.02806802,-0.08201250,-0.13278418
AIT-2024-11-001,CMCSA,-0.00859548,-0.01853802,-0.09734855,-0.12374482
AIT-2024-11-001,COST,0.00743817,0.01058443,0.00983478,-0.05133229
AIT-2024-11-001,CPRT,-0.02002940,-0.01340618,-0.02871203,-0.08027842
AIT-2024-11-001,CRDO,0.44544226,0.40251090,0.38876594,0.45774256
AIT-2024-11-001,CRWD,0.00954962,0.03998481,0.02322333,0.06284317
AIT-2024-11-001,CSCO,0.00224621,0.00009925,-0.00906547,0.00729893
AIT-2024-11-001,CSX,-0.01544948,-0.03885149,-0.07131258,-0.09153352
AIT-2024-11-001,CTAS,-0.01827750,-0.01977229,-0.08888811,-0.21496936
AIT-2024-11-001,DASH,-0.02928936,-0.03251505,-0.03813851,-0.07231308
AIT-2024-11-001,DDOG,0.01441397,0.07751092,0.06107179,-0.00001438
AIT-2024-11-001,DXCM,0.04033548,0.04170159,0.01685488,0.04917429
AIT-2024-11-001,EA,0.02258199,0.01699848,0.00825286,-0.10283943
AIT-2024-11-001,ENTG,0.02501569,0.03187128,0.05597419,0.05663243
AIT-2024-11-001,EXC,-0.03777932,-0.04633007,-0.05955172,-0.06564777
AIT-2024-11-001,FANG,-0.01207632,-0.04291978,-0.06322954,-0.07020068
AIT-2024-11-001,FAST,-0.01146085,-0.02418720,-0.04459107,-0.14123347
AIT-2024-11-001,FER,0.03559473,0.03286250,0.04359767,0.02169377
AIT-2024-11-001,FTNT,-0.00177433,0.02364752,0.01035627,-0.02204387
AIT-2024-11-001,GEHC,-0.00847032,-0.00837145,-0.01461667,-0.02254175
AIT-2024-11-001,GILD,-0.00370063,-0.01544400,-0.02962022,-0.01867470
AIT-2024-11-001,GOOG,0.01221479,0.02278213,0.03540468,0.14394995
AIT-2024-11-001,GOOGL,0.01153938,0.02203487,0.03468531,0.14737335
AIT-2024-11-001,HON,-0.02809244,-0.01980746,-0.03883441,-0.02465314
AIT-2024-11-001,IDXX,0.02680966,0.02750956,0.07808538,0.06082732
AIT-2024-11-001,INTC,-0.06180179,-0.09452691,-0.12076995,-0.01673640
AIT-2024-11-001,INTU,-0.01040504,0.01175763,0.00743774,0.02501783
AIT-2024-11-001,ISRG,-0.00456098,0.00368268,-0.01441412,-0.03249172
AIT-2024-11-001,KDP,-0.00946321,-0.00256894,0.02559773,-0.02838114
AIT-2024-11-001,KHC,-0.01561173,-0.02976362,-0.00497607,-0.02913935
AIT-2024-11-001,KLAC,0.02768316,0.01503232,0.01375808,0.08247759
AIT-2024-11-001,LIN,-0.00440678,-0.00468933,-0.03926502,-0.08070773
AIT-2024-11-001,LITE,0.01233079,0.06566223,0.02033425,0.01037244
AIT-2024-11-001,LRCX,0.06140067,0.04860178,0.06048271,0.11126929
AIT-2024-11-001,MAR,-0.01687558,-0.00651848,-0.01115361,-0.01380471
AIT-2024-11-001,MCHP,-0.03749473,-0.10425280,-0.08001930,-0.05904057
AIT-2024-11-001,MDLZ,-0.00153295,-0.02523745,-0.05302651,-0.06588430
AIT-2024-11-001,MELI,-0.03024954,-0.00559273,-0.07459506,-0.12978060
AIT-2024-11-001,META,0.06434055,0.05580922,0.06321437,0.05921249
AIT-2024-11-001,MNST,-0.01736769,-0.02619041,-0.03542795,-0.04424405
AIT-2024-11-001,MPWR,0.02689931,0.01032535,0.08262228,0.18741512
AIT-2024-11-001,MRVL,0.03086691,0.24711214,0.16630955,0.29838566
AIT-2024-11-001,MSFT,0.01745849,0.02554582,0.05355828,0.04353690
AIT-2024-11-001,MSTR,-0.05819870,0.00100538,-0.10450500,-0.31554304
AIT-2024-11-001,MTSI,0.05555284,0.05226126,0.02964457,0.02638937
AIT-2024-11-001,MU,0.01574259,0.03563973,0.04673199,-0.05199068
AIT-2024-11-001,NFLX,0.01255659,0.01391918,0.02020832,0.01493448
AIT-2024-11-001,NVDA,0.00550362,0.02069609,-0.01222289,0.02113442
AIT-2024-11-001,NXPI,-0.00442927,-0.03487428,-0.01488591,-0.00565774
AIT-2024-11-001,ODFL,-0.03042706,-0.07019561,-0.09634153,-0.20000445
AIT-2024-11-001,ON,-0.01586028,-0.08243105,-0.03699420,-0.00058466
AIT-2024-11-001,ORLY,0.00179787,-0.00540931,0.00479042,-0.04796317
AIT-2024-11-001,PANW,0.01025433,0.03337454,0.00232995,-0.02038578
AIT-2024-11-001,PAYX,-0.01463259,-0.02219273,-0.04235282,-0.04031128
AIT-2024-11-001,PCAR,-0.00285726,0.00514077,-0.02038525,-0.06246054
AIT-2024-11-001,PDD,0.01956361,0.01757678,0.14123061,0.05459593
AIT-2024-11-001,PEP,-0.01080197,-0.01999657,-0.01637474,-0.06582401
AIT-2024-11-001,PLTR,0.04728422,0.01384560,0.05706601,0.12854555
AIT-2024-11-001,PYPL,-0.02354023,0.01857731,0.02676080,-0.01759082
AIT-2024-11-001,QCOM,0.02390150,0.01621587,0.02167472,0.06527142
AIT-2024-11-001,REGN,0.00078914,0.00400748,0.05625783,0.00039799
AIT-2024-11-001,RKLB,-0.17932685,-0.19356310,-0.19501261,-0.12457856
AIT-2024-11-001,ROP,-0.00017708,0.01128128,-0.03180364,-0.05626061
AIT-2024-11-001,ROST,-0.00725719,-0.00565915,0.01123330,0.01125075
AIT-2024-11-001,SBUX,-0.01018144,-0.02327645,-0.03308732,-0.09384118
AIT-2024-11-001,SHOP,-0.03807459,-0.03572444,-0.01208860,-0.05114285
AIT-2024-11-001,SNPS,0.01996237,0.03982074,-0.08047301,-0.03745803
AIT-2024-11-001,STX,-0.02622086,-0.04538925,-0.02444988,-0.11231681
AIT-2024-11-001,TER,0.04723208,0.04600623,0.08748753,0.23712058
AIT-2024-11-001,TMUS,-0.01292627,-0.02360645,-0.08663468,-0.14444778
AIT-2024-11-001,TRI,0.01247291,0.03017462,0.03742125,0.00289985
AIT-2024-11-001,TSLA,0.01061228,0.01221767,0.10826881,0.20993160
AIT-2024-11-001,TSM,0.07085454,0.06739874,0.06899798,0.11709721
AIT-2024-11-001,TTWO,-0.00376118,-0.00771766,-0.00633327,-0.00934627
AIT-2024-11-001,TXN,-0.02235163,-0.03438588,-0.04397014,-0.03732740
AIT-2024-11-001,UMC,-0.00122425,-0.01019069,-0.00329819,0.03444028
AIT-2024-11-001,VRTX,-0.02598094,-0.01442339,0.00870704,-0.13689848
AIT-2024-11-001,WBD,0.00545883,0.00995031,0.00680115,0.05209972
AIT-2024-11-001,WDAY,0.02837409,0.07002130,0.11938910,0.08023603
AIT-2024-11-001,WDC,-0.01978658,-0.02126085,-0.03122723,-0.13087112
AIT-2024-11-001,WMT,0.00626862,0.01296235,0.00136141,-0.05888745
AIT-2024-11-001,XEL,-0.02378874,-0.02816777,-0.05549534,-0.10088282
AIT-2024-12-001,AAPL,-0.00351533,-0.00651913,0.00812342,0.01312696
AIT-2024-12-001,ABNB,-0.01044661,-0.00671438,0.01365704,0.05203454
AIT-2024-12-001,ADBE,0.04020724,0.06695898,0.06711851,-0.11483296
AIT-2024-12-001,ADI,-0.03819781,-0.02371307,-0.02108362,0.02101755
AIT-2024-12-001,ADP,-0.00907142,-0.00137690,-0.01519552,-0.03985694
AIT-2024-12-001,ADSK,0.01525876,0.02137437,0.02250877,0.01354265
AIT-2024-12-001,AEP,0.00248048,-0.01498605,-0.04178765,-0.07709623
AIT-2024-12-001,ALAB,-0.03091342,0.01241002,0.02873637,0.21235712
AIT-2024-12-001,ALNY,-0.00711378,0.00716134,-0.00860240,-0.11743990
AIT-2024-12-001,AMAT,-0.06780594,-0.06435663,-0.06674998,0.01622757
AIT-2024-12-001,AMD,-0.00864985,-0.02962181,-0.08012730,-0.01891864
AIT-2024-12-001,AMGN,-0.01663437,-0.02387121,-0.01851071,-0.03858180
AIT-2024-12-001,AMZN,0.02672772,0.05351944,0.06951067,0.08142136
AIT-2024-12-001,APP,0.00792838,0.05509204,-0.12153249,-0.12920007
AIT-2024-12-001,ARM,-0.02817464,-0.01105703,0.01456487,0.11882336
AIT-2024-12-001,ASML,-0.01330640,-0.01800021,0.00154362,0.10845558
AIT-2024-12-001,ASX,-0.00579151,0.02024445,0.00791107,0.08890515
AIT-2024-12-001,AVGO,0.00245038,0.05096386,0.07699940,0.42203891
AIT-2024-12-001,AXON,0.01772223,0.00912205,-0.06714586,-0.16522612
AIT-2024-12-001,BKNG,0.00775916,0.00902543,0.00666724,-0.05621861
AIT-2024-12-001,BKR,-0.03344551,-0.06478112,-0.04104183,-0.04023652
AIT-2024-12-001,CCEP,0.00182327,-0.00842209,0.00554507,-0.02885692
AIT-2024-12-001,CDNS,-0.03356563,-0.02340728,-0.01304894,0.03794184
AIT-2024-12-001,CEG,0.02298219,0.00826873,-0.06417529,0.01127968
AIT-2024-12-001,CMCSA,-0.00355302,0.00405537,-0.07370710,-0.11440839
AIT-2024-12-001,COST,-0.00472583,0.00367955,0.00465565,-0.06603176
AIT-2024-12-001,CPRT,-0.00892599,-0.00777423,0.00120847,-0.07606984
AIT-2024-12-001,CRDO,-0.01946685,0.02813237,-0.03450360,0.06554122
AIT-2024-12-001,CRWD,0.03634692,0.03620078,0.03475057,0.08533211
AIT-2024-12-001,CSCO,0.00512014,0.00124516,-0.02147526,-0.00123793
AIT-2024-12-001,CSX,-0.04058445,-0.04613978,-0.06779455,-0.07715327
AIT-2024-12-001,CTAS,-0.00304563,-0.00338203,-0.06265861,-0.18474863
AIT-2024-12-001,DASH,-0.00750086,0.00442176,-0.00905789,-0.00484078
AIT-2024-12-001,DDOG,0.05107884,0.08215145,0.01339701,-0.01451429
AIT-2024-12-001,DXCM,-0.02240504,-0.03643577,0.00360043,0.04475934
AIT-2024-12-001,EA,-0.01537474,-0.00823837,-0.02706616,-0.12976414
AIT-2024-12-001,ENTG,-0.01284354,0.00777075,0.01719353,0.03979166
AIT-2024-12-001,EXC,-0.00588507,-0.01017261,-0.04191508,-0.02077919
AIT-2024-12-001,FANG,-0.01939029,-0.05412624,-0.07076001,-0.01244988
AIT-2024-12-001,FAST,-0.01671499,-0.02712258,-0.05012088,-0.13933607
AIT-2024-12-001,FER,0.01012159,0.01206168,-0.01039744,-0.02285439
AIT-2024-12-001,FTNT,0.02786639,0.03304815,0.01774810,0.00643565
AIT-2024-12-001,GEHC,-0.01456687,-0.01942547,0.00238139,0.01122728
AIT-2024-12-001,GILD,0.00697677,-0.00792711,-0.00815654,-0.02288810
AIT-2024-12-001,GOOG,0.00205502,0.01222908,0.12500421,0.13300752
AIT-2024-12-001,GOOGL,0.00217607,0.01183078,0.12824149,0.13598701
AIT-2024-12-001,HON,-0.00629811,-0.00743978,0.00355863,0.00036537
AIT-2024-12-001,IDXX,-0.01085769,0.00863572,0.02060685,0.03258448
AIT-2024-12-001,INTC,-0.07719817,-0.07135360,-0.09490486,0.05074306
AIT-2024-12-001,INTU,0.01605075,0.01101493,0.05112747,0.02908358
AIT-2024-12-001,ISRG,0.00457156,0.00676351,-0.00782697,-0.01527057
AIT-2024-12-001,KDP,0.01780148,0.00961222,0.02573164,-0.02189388
AIT-2024-12-001,KHC,-0.01674929,-0.01971791,-0.00240774,-0.01468413
AIT-2024-12-001,KLAC,-0.04197813,-0.03572922,-0.02703894,0.07423585
AIT-2024-12-001,LIN,-0.02282038,-0.02174104,-0.04096871,-0.09097663
AIT-2024-12-001,LITE,0.03273763,0.02919859,-0.02232982,0.03765449
AIT-2024-12-001,LRCX,-0.04480551,-0.02792634,0.00845640,0.07123080
AIT-2024-12-001,MAR,0.02182910,0.02032694,0.01806473,-0.01808190
AIT-2024-12-001,MCHP,-0.11572128,-0.09879077,-0.05140223,-0.02819104
AIT-2024-12-001,MDLZ,-0.02364818,-0.02933537,-0.02328107,-0.05928061
AIT-2024-12-001,MELI,0.02519182,0.00469541,-0.01844148,-0.02784223
AIT-2024-12-001,META,-0.01351483,0.00849578,0.02488924,0.01845716
AIT-2024-12-001,MNST,-0.02019418,-0.03574064,-0.03722058,-0.02013153
AIT-2024-12-001,MPWR,-0.02468032,0.00346058,0.07278349,0.18238008
AIT-2024-12-001,MRVL,0.18013842,0.17675769,0.16296289,0.30296931
AIT-2024-12-001,MSFT,0.02261656,0.02337106,0.03879079,0.01946176
AIT-2024-12-001,MSTR,0.00870996,0.01714546,0.04401139,-0.15204788
AIT-2024-12-001,MTSI,-0.03190166,-0.02804384,-0.03526869,-0.00019342
AIT-2024-12-001,MU,0.00162633,0.00079425,0.01492115,-0.02756259
AIT-2024-12-001,NFLX,0.01029962,0.02561733,0.02623326,-0.02077020
AIT-2024-12-001,NVDA,0.01772719,-0.00747610,-0.03145009,0.05059804
AIT-2024-12-001,NXPI,-0.05113120,-0.04527306,-0.03297563,-0.01469830
AIT-2024-12-001,ODFL,-0.07530222,-0.07655056,-0.06475381,-0.15041196
AIT-2024-12-001,ON,-0.06349397,-0.05323640,-0.02148690,0.01213193
AIT-2024-12-001,ORLY,-0.01346548,0.00386289,0.01163434,-0.03766145
AIT-2024-12-001,PANW,0.02162357,0.02669830,0.01108942,-0.03560070
AIT-2024-12-001,PAYX,-0.01807791,-0.01641480,-0.02880788,-0.03391340
AIT-2024-12-001,PCAR,0.00336950,-0.01272874,-0.01121562,-0.05515564
AIT-2024-12-001,PDD,0.00361958,0.01195738,0.05661021,0.02568971
AIT-2024-12-001,PEP,-0.00721769,-0.01554627,-0.02141528,-0.06535472
AIT-2024-12-001,PLTR,-0.00425843,0.05003331,-0.00943114,0.09008753
AIT-2024-12-001,PYPL,0.03927345,0.04563342,0.05230390,0.02083966
AIT-2024-12-001,QCOM,-0.01552652,-0.02379184,-0.01567857,0.04352926
AIT-2024-12-001,REGN,0.02445660,0.03796380,0.03753073,0.01001681
AIT-2024-12-001,RKLB,0.01802004,0.03981089,-0.03202769,0.15109808
AIT-2024-12-001,ROP,-0.01777872,-0.03070604,-0.02977598,-0.06719418
AIT-2024-12-001,ROST,0.01691530,0.01543125,0.00298357,0.02978255
AIT-2024-12-001,SBUX,-0.02665281,-0.01924104,-0.03589906,-0.07915961
AIT-2024-12-001,SHOP,0.01123601,0.04511092,0.03753144,0.00318915
AIT-2024-12-001,SNPS,-0.09826040,-0.09647510,-0.09904215,-0.05575246
AIT-2024-12-001,STX,-0.01126316,-0.00995025,-0.00947158,-0.06696618
AIT-2024-12-001,TER,-0.02255859,0.01664628,0.03799453,0.20387813
AIT-2024-12-001,TMUS,-0.00861895,-0.01163775,-0.05443481,-0.14291566
AIT-2024-12-001,TRI,0.02364445,0.03138026,0.02112963,0.00327826
AIT-2024-12-001,TSLA,0.03734834,0.08496405,0.17246364,0.19337029
AIT-2024-12-001,TSM,0.01697346,0.00643134,-0.03565748,0.07493537
AIT-2024-12-001,TTWO,0.00693735,0.00376936,0.00829548,0.01472786
AIT-2024-12-001,TXN,-0.02845611,-0.03078055,-0.03759943,-0.01411310
AIT-2024-12-001,UMC,-0.02591980,-0.00743776,-0.02129526,0.03307916
AIT-2024-12-001,VRTX,0.00386464,0.00746688,0.02135387,-0.09778541
AIT-2024-12-001,WBD,0.00988755,0.00715177,0.02548554,0.04861145
AIT-2024-12-001,WDAY,0.02175740,0.03564732,0.06426732,0.03308072
AIT-2024-12-001,WDC,-0.00104555,-0.01822291,-0.03113775,-0.06152689
AIT-2024-12-001,WMT,0.01399088,0.01574229,0.00223723,-0.06517437
AIT-2024-12-001,XEL,-0.00379485,-0.02057340,-0.04429120,-0.09047211
AIT-2024-12-002,AAPL,0.01775572,0.02458712,0.02263834,0.01582303
AIT-2024-12-002,ABNB,0.01472266,0.02807742,-0.02331218,0.03673816
AIT-2024-12-002,ADBE,0.02477483,0.02814670,-0.12112693,-0.17103380
AIT-2024-12-002,ADI,0.03258426,0.02325444,0.02642478,0.07598685
AIT-2024-12-002,ADP,-0.01351988,0.00298573,-0.01279122,-0.03939490
AIT-2024-12-002,ADSK,0.01594614,0.00561235,0.00268453,-0.00670894
AIT-2024-12-002,AEP,-0.02187874,-0.02831484,-0.05712286,-0.10075787
AIT-2024-12-002,ALAB,0.06814064,0.04281863,0.14597206,0.19572577
AIT-2024-12-002,ALNY,0.01277694,0.00395517,-0.03766511,-0.10257695
AIT-2024-12-002,AMAT,0.01219612,0.00092238,0.01010348,0.15424665
AIT-2024-12-002,AMD,-0.06238753,-0.07643753,-0.07971144,0.01820710
AIT-2024-12-002,AMGN,0.01567508,0.01176877,-0.00699618,-0.01371496
AIT-2024-12-002,AMZN,0.03067080,0.03096980,0.03919779,0.05477205
AIT-2024-12-002,APP,-0.09481513,-0.15737157,-0.17370078,-0.20364804
AIT-2024-12-002,ARM,0.02724196,0.02282195,0.12347292,0.18663487
AIT-2024-12-002,ASML,0.00817864,0.01764717,0.04139738,0.20606309
AIT-2024-12-002,ASX,0.03077533,0.00612596,0.04112161,0.16915599
AIT-2024-12-002,AVGO,0.05974934,0.02884144,0.32086424,0.42074376
AIT-2024-12-002,AXON,-0.07298267,-0.08170448,-0.08362769,-0.25292658
AIT-2024-12-002,BKNG,-0.02239268,-0.01286580,-0.00911297,-0.08103975
AIT-2024-12-002,BKR,-0.02560867,-0.02984050,-0.01323063,0.01316742
AIT-2024-12-002,CCEP,0.00470688,0.01204179,0.00516713,-0.03125755
AIT-2024-12-002,CDNS,0.02894336,0.01429277,0.02723663,0.07784929
AIT-2024-12-002,CEG,-0.06266557,-0.09088992,-0.07221945,0.00695681
AIT-2024-12-002,CMCSA,-0.08483400,-0.07098654,-0.06166586,-0.11937388
AIT-2024-12-002,COST,0.00740023,0.01509802,0.00730836,-0.05293591
AIT-2024-12-002,CPRT,0.00020685,-0.00141479,-0.00804363,-0.07573152
AIT-2024-12-002,CRDO,-0.03685567,-0.04118189,0.08976934,0.12857483
AIT-2024-12-002,CRWD,-0.02313917,-0.03596064,0.02285866,0.06000202
AIT-2024-12-002,CSCO,-0.01649470,-0.01871915,-0.02322347,-0.00214701
AIT-2024-12-002,CSX,-0.01452994,-0.00536317,-0.03176178,-0.03262562
AIT-2024-12-002,CTAS,-0.06685581,-0.05705409,-0.05731834,-0.16578935
AIT-2024-12-002,DASH,-0.00091905,-0.00923163,-0.00904372,-0.03502738
AIT-2024-12-002,DDOG,-0.00565726,-0.03953908,-0.05208043,-0.08619184
AIT-2024-12-002,DXCM,-0.00202997,0.01324017,-0.00995123,0.05269888
AIT-2024-12-002,EA,0.00108505,0.00059296,-0.04895185,-0.12718454
AIT-2024-12-002,ENTG,0.04584953,0.01664266,0.02725876,0.07933671
AIT-2024-12-002,EXC,-0.01616204,-0.02035102,-0.03507826,-0.03107233
AIT-2024-12-002,FANG,-0.03014932,-0.05209925,-0.05183510,0.01779739
AIT-2024-12-002,FAST,-0.01596368,-0.02089296,-0.03985212,-0.10909368
AIT-2024-12-002,FER,-0.00305525,-0.02664974,-0.00408405,-0.02815890
AIT-2024-12-002,FTNT,-0.01505846,-0.01371614,-0.01043186,-0.03634241
AIT-2024-12-002,GEHC,0.00938048,0.01905457,0.00458377,0.07050937
AIT-2024-12-002,GILD,-0.03207040,-0.01346936,-0.01415595,-0.04115765
AIT-2024-12-002,GOOG,0.02056527,0.07730683,0.10116354,0.15377708
AIT-2024-12-002,GOOGL,0.02039053,0.07977324,0.10282966,0.15750556
AIT-2024-12-002,HON,-0.00399084,0.01527217,0.00654111,-0.01470625
AIT-2024-12-002,IDXX,0.06213488,0.05484661,0.03095444,0.08256245
AIT-2024-12-002,INTC,0.01806551,-0.00085558,0.01779368,0.13124007
AIT-2024-12-002,INTU,0.00273732,0.00829364,0.02381999,0.00318059
AIT-2024-12-002,ISRG,-0.01478029,-0.01416086,-0.01673280,-0.02337234
AIT-2024-12-002,KDP,0.01882371,0.01641725,0.01689105,-0.06622778
AIT-2024-12-002,KHC,0.02792077,0.02477893,0.02974200,-0.01958442
AIT-2024-12-002,KLAC,0.02810459,0.02226137,0.04174822,0.18877291
AIT-2024-12-002,LIN,-0.01103535,-0.00408199,-0.02586192,-0.05710827
AIT-2024-12-002,LITE,-0.02376660,-0.04811572,0.01067774,-0.00879634
AIT-2024-12-002,LRCX,0.04403562,0.02490920,0.04854512,0.17141066
AIT-2024-12-002,MAR,-0.01543193,-0.00984153,-0.01373806,-0.05138333
AIT-2024-12-002,MCHP,0.07358977,0.08346928,0.05497993,0.10202057
AIT-2024-12-002,MDLZ,-0.02704977,-0.02110830,-0.01613338,-0.05641154
AIT-2024-12-002,MELI,-0.06909273,-0.04754625,-0.07891670,-0.08520726
AIT-2024-12-002,META,0.01321925,0.02730302,0.02679147,0.06182384
AIT-2024-12-002,MNST,0.00345459,0.00053971,-0.00369331,-0.01866328
AIT-2024-12-002,MPWR,0.07989545,0.06840877,0.09459807,0.23765751
AIT-2024-12-002,MRVL,-0.04640262,-0.04100962,0.08451908,0.12141294
AIT-2024-12-002,MSFT,0.01327257,0.01179571,0.02055534,0.00361841
AIT-2024-12-002,MSTR,-0.05929740,-0.02479837,0.02693666,-0.16151657
AIT-2024-12-002,MTSI,0.00577732,-0.00878460,0.01507088,0.03455176
AIT-2024-12-002,MU,0.02865461,-0.00902950,0.03400634,0.11896132
AIT-2024-12-002,NFLX,-0.00270666,-0.00062521,-0.00054569,-0.03569039
AIT-2024-12-002,NVDA,-0.03718455,-0.05654985,-0.07379962,0.01528643
AIT-2024-12-002,NXPI,0.04016572,0.02255095,0.01848497,0.06956213
AIT-2024-12-002,ODFL,0.00997759,0.01995780,-0.00192145,-0.06839336
AIT-2024-12-002,ON,0.04209044,0.03210926,0.02929471,0.07284527
AIT-2024-12-002,ORLY,0.01680706,0.02680086,0.02784720,-0.02606967
AIT-2024-12-002,PANW,-0.02948178,-0.02287165,-0.01546905,-0.08974853
AIT-2024-12-002,PAYX,-0.00881409,0.00291544,-0.00918133,-0.01131080
AIT-2024-12-002,PCAR,-0.01981569,-0.01175680,-0.03255352,-0.00587319
AIT-2024-12-002,PDD,0.11766485,0.06806369,0.04708849,0.06226893
AIT-2024-12-002,PEP,0.00262150,0.00515565,-0.00568047,-0.08454205
AIT-2024-12-002,PLTR,0.01104824,-0.00754280,0.04769042,-0.03069137
AIT-2024-12-002,PYPL,0.01132625,-0.00079344,0.01917262,-0.00970175
AIT-2024-12-002,QCOM,0.01224006,-0.00607676,0.00618938,0.09016009
AIT-2024-12-002,REGN,0.03234227,0.02458930,-0.03301770,0.01271799
AIT-2024-12-002,RKLB,-0.03422595,-0.05211432,-0.00651888,0.09680941
AIT-2024-12-002,ROP,-0.01297265,-0.00779224,-0.01826486,-0.05723259
AIT-2024-12-002,ROST,0.00121252,0.00332405,-0.01050784,0.00292524
AIT-2024-12-002,SBUX,0.00341487,-0.00578430,-0.01496164,-0.04359726
AIT-2024-12-002,SHOP,0.01625804,0.00519344,0.01113024,-0.02018087
AIT-2024-12-002,SNPS,-0.00191677,0.00069893,0.00758433,0.04675473
AIT-2024-12-002,STX,0.01262019,0.00280625,-0.01079615,-0.04363029
AIT-2024-12-002,TER,0.06270839,0.05106226,0.10285996,0.30927601
AIT-2024-12-002,TMUS,-0.06456599,-0.04526124,-0.05787464,-0.16559625
AIT-2024-12-002,TRI,0.00270368,0.01167153,-0.00072363,-0.02645560
AIT-2024-12-002,TSLA,0.06004298,0.09503838,0.17178363,0.12148037
AIT-2024-12-002,TSM,-0.02016686,-0.05104563,-0.00699353,0.08165741
AIT-2024-12-002,TTWO,-0.00976933,-0.02148438,-0.02329540,-0.03279442
AIT-2024-12-002,TXN,0.00722577,-0.00509953,-0.00098141,0.03577741
AIT-2024-12-002,UMC,0.02320846,0.00996317,-0.01478450,0.04321231
AIT-2024-12-002,VRTX,0.03257587,0.02444011,0.01177240,-0.09206617
AIT-2024-12-002,WBD,-0.00717101,0.02742779,0.14143437,0.03601849
AIT-2024-12-002,WDAY,0.07064471,0.04264432,0.05518930,0.00728418
AIT-2024-12-002,WDC,-0.01201264,-0.03289778,-0.08912049,-0.04031932
AIT-2024-12-002,WMT,-0.01840967,-0.01190915,-0.01918141,-0.07889019
AIT-2024-12-002,XEL,-0.02784256,-0.02898522,-0.04733816,-0.09762894
AIT-2024-12-009,AAPL,0.02764327,0.01450630,0.03286538,0.01914381
AIT-2024-12-009,ABNB,0.02422177,0.01946969,-0.02204107,0.02663496
AIT-2024-12-009,ADBE,0.00157174,-0.00091520,-0.16043969,-0.20587253
AIT-2024-12-009,ADI,0.00887114,0.00333462,0.00447361,0.08301098
AIT-2024-12-009,ADP,-0.00476939,-0.01362245,-0.02281045,-0.03624286
AIT-2024-12-009,ADSK,-0.00062466,0.00051526,-0.00579394,0.00238601
AIT-2024-12-009,AEP,-0.01058454,-0.02667713,-0.05006992,-0.06238869
AIT-2024-12-009,ALAB,-0.00029078,0.01468876,0.07647193,0.12323222
AIT-2024-12-009,ALNY,-0.01079644,-0.01575797,-0.06319480,-0.10385273
AIT-2024-12-009,AMAT,-0.00279850,-0.00150889,-0.00111870,0.14482785
AIT-2024-12-009,AMD,-0.05515237,-0.05135579,-0.06721361,-0.00394783
AIT-2024-12-009,AMGN,0.01868235,0.00486399,-0.01852973,-0.00207307
AIT-2024-12-009,AMZN,0.00435015,0.01627607,0.03082407,0.02799766
AIT-2024-12-009,APP,-0.20463465,-0.17852198,-0.18026255,-0.26941785
AIT-2024-12-009,ARM,0.00607966,0.02465037,0.04885500,0.17318735
AIT-2024-12-009,ASML,0.02228263,0.01987801,0.04447868,0.19303132
AIT-2024-12-009,ASX,-0.01966325,-0.01226617,0.02078619,0.13422473
AIT-2024-12-009,AVGO,-0.01962512,0.02645379,0.37379858,0.37304586
AIT-2024-12-009,AXON,-0.07316691,-0.07682211,-0.07659936,-0.22385365
AIT-2024-12-009,BKNG,-0.01414323,-0.00224607,-0.02999849,-0.06842713
AIT-2024-12-009,BKR,0.00116210,0.02352761,0.00396539,0.03993763
AIT-2024-12-009,CCEP,0.02225848,0.01438787,-0.00459727,-0.02048889
AIT-2024-12-009,CDNS,0.00397978,0.00990762,0.03169418,0.06769032
AIT-2024-12-009,CEG,-0.07617368,-0.07272010,-0.06581840,-0.02967923
AIT-2024-12-009,CMCSA,-0.07882177,-0.07766936,-0.09807594,-0.12076595
AIT-2024-12-009,COST,0.00672525,0.00084755,-0.00175824,-0.05679781
AIT-2024-12-009,CPRT,-0.00224792,0.00926274,-0.01382040,-0.06552959
AIT-2024-12-009,CRDO,-0.08774464,-0.06345259,0.04708640,0.05062696
AIT-2024-12-009,CRWD,-0.03654176,-0.00344580,0.06836333,0.04536246
AIT-2024-12-009,CSCO,-0.01492893,-0.02275846,-0.02741175,0.00433895
AIT-2024-12-009,CSX,0.00013198,-0.02115119,-0.03745545,-0.02630494
AIT-2024-12-009,CTAS,-0.05663940,-0.05940113,-0.05837280,-0.14657273
AIT-2024-12-009,DASH,-0.02044760,-0.01502800,-0.00043228,-0.02570501
AIT-2024-12-009,DDOG,-0.07059378,-0.07025808,-0.07048422,-0.11804724
AIT-2024-12-009,DXCM,0.02698313,0.04006675,-0.00599659,0.07538343
AIT-2024-12-009,EA,-0.00636690,-0.01951142,-0.06652687,-0.13890621
AIT-2024-12-009,ENTG,-0.00423600,0.00957804,0.00045543,0.04454826
AIT-2024-12-009,EXC,-0.01548982,-0.03098877,-0.04758481,-0.00427634
AIT-2024-12-009,FANG,-0.01727494,-0.01678979,-0.04620255,0.04379617
AIT-2024-12-009,FAST,-0.01056199,-0.02275166,-0.03705442,-0.09135469
AIT-2024-12-009,FER,-0.02840949,-0.02250228,-0.01067893,-0.03297276
AIT-2024-12-009,FTNT,-0.01959736,-0.01607428,-0.01900433,-0.04886622
AIT-2024-12-009,GEHC,0.02333599,0.02138884,-0.00517790,0.10444874
AIT-2024-12-009,GILD,0.00152455,-0.00029805,0.00124595,-0.04339853
AIT-2024-12-009,GOOG,0.06751281,0.11280624,0.12200340,0.13769793
AIT-2024-12-009,GOOGL,0.07047487,0.11642269,0.12472953,0.14056260
AIT-2024-12-009,HON,0.01641789,0.01146389,0.04184390,-0.01588006
AIT-2024-12-009,IDXX,0.03534221,0.01194521,0.00534608,0.07582910
AIT-2024-12-009,INTC,-0.00717477,-0.02280409,0.02990883,0.11812521
AIT-2024-12-009,INTU,0.01275504,0.04060330,0.04659055,0.02188427
AIT-2024-12-009,ISRG,-0.01629213,-0.01472248,-0.01963358,-0.00508571
AIT-2024-12-009,KDP,0.02449927,0.01619882,0.01169505,-0.04453666
AIT-2024-12-009,KHC,0.02767151,0.01812524,0.01039054,-0.01872167
AIT-2024-12-009,KLAC,0.01577584,0.00932504,0.03032249,0.17611073
AIT-2024-12-009,LIN,-0.00542002,-0.01870633,-0.04526933,-0.04729870
AIT-2024-12-009,LITE,-0.04505312,-0.05136421,0.00441147,-0.02913017
AIT-2024-12-009,LRCX,0.00790745,0.03687942,0.04507943,0.14814420
AIT-2024-12-009,MAR,-0.00846908,-0.00181889,-0.00487519,-0.03743778
AIT-2024-12-009,MCHP,0.06662806,0.04762615,0.01845788,0.06697267
AIT-2024-12-009,MDLZ,-0.01559307,0.00660198,-0.01743736,-0.05042307
AIT-2024-12-009,MELI,-0.02703903,-0.02364009,-0.07707188,-0.08506877
AIT-2024-12-009,META,0.00518357,0.01594189,0.00562517,0.02472949
AIT-2024-12-009,MNST,0.01627092,-0.00221627,0.00166770,-0.00244651
AIT-2024-12-009,MPWR,0.04076607,0.07005083,0.09209987,0.20734866
AIT-2024-12-009,MRVL,-0.03761110,-0.01388058,0.11017765,0.13853410
AIT-2024-12-009,MSFT,0.01105176,0.01556822,0.02536584,0.00754998
AIT-2024-12-009,MSTR,-0.03371306,0.02142627,-0.00839568,-0.22746013
AIT-2024-12-009,MTSI,-0.01269025,-0.00749321,0.01511076,0.02714304
AIT-2024-12-009,MU,-0.00826949,0.01446852,0.08161551,0.09267347
AIT-2024-12-009,NFLX,-0.01579117,-0.00072062,-0.01988131,-0.06036495
AIT-2024-12-009,NVDA,-0.03145132,-0.02476639,-0.08025395,0.03194375
AIT-2024-12-009,NXPI,0.01680430,0.01266775,0.01288562,0.05079921
AIT-2024-12-009,ODFL,0.02113725,0.01186591,-0.01373532,-0.07401794
AIT-2024-12-009,ON,0.02188650,0.03118285,0.01892253,-0.00953021
AIT-2024-12-009,ORLY,0.00957878,0.00806463,0.00730993,-0.03795013
AIT-2024-12-009,PANW,-0.03119854,-0.02000768,-0.00484983,-0.14459076
AIT-2024-12-009,PAYX,0.00085866,-0.01201270,-0.01275941,-0.00910163
AIT-2024-12-009,PCAR,0.00435294,0.00216686,-0.02545164,0.00127972
AIT-2024-12-009,PDD,0.05994981,0.04387623,0.01002166,0.05045319
AIT-2024-12-009,PEP,0.01326458,-0.00579068,-0.00995216,-0.06958831
AIT-2024-12-009,PLTR,-0.06204148,-0.05987879,-0.02439172,-0.11879464
AIT-2024-12-009,PYPL,-0.00756427,0.00648779,0.00982340,-0.02212563
AIT-2024-12-009,QCOM,0.00294392,0.00894256,0.00434412,0.09470312
AIT-2024-12-009,REGN,0.01104595,0.00002281,-0.05654231,0.00523976
AIT-2024-12-009,RKLB,-0.07384990,-0.07309842,0.01718275,0.04202989
AIT-2024-12-009,ROP,0.00515097,0.00115692,-0.01101562,-0.03791339
AIT-2024-12-009,ROST,0.00470902,-0.01205912,-0.03470290,0.02449072
AIT-2024-12-009,SBUX,-0.01309606,-0.01610995,-0.06920654,-0.05281789
AIT-2024-12-009,SHOP,-0.02907814,-0.00818923,-0.02003332,-0.05257821
AIT-2024-12-009,SNPS,-0.00131742,-0.00296611,0.02498993,0.07070545
AIT-2024-12-009,STX,0.00125109,0.00003003,-0.01964861,-0.05933003
AIT-2024-12-009,TER,0.01159460,0.02141542,0.10521847,0.25452795
AIT-2024-12-009,TMUS,-0.04231627,-0.04248296,-0.06840865,-0.14959628
AIT-2024-12-009,TRI,0.00382032,-0.01014115,-0.01749837,-0.04057579
AIT-2024-12-009,TSLA,0.04794623,0.08673003,0.17440298,0.07235356
AIT-2024-12-009,TSM,-0.04037354,-0.04221061,0.00094796,0.06910118
AIT-2024-12-009,TTWO,-0.01800461,0.00343190,-0.01426643,-0.02018588
AIT-2024-12-009,TXN,-0.00272785,-0.00582252,-0.01543187,0.03541932
AIT-2024-12-009,UMC,-0.00826685,-0.01361021,-0.04528901,0.02780482
AIT-2024-12-009,VRTX,0.02053261,0.01423990,0.01476727,-0.08839112
AIT-2024-12-009,WBD,0.02949463,0.01644773,0.09971835,-0.01353800
AIT-2024-12-009,WDAY,0.02863992,0.02855226,0.05571399,0.01261311
AIT-2024-12-009,WDC,-0.01542306,-0.01340901,-0.07606326,-0.03670367
AIT-2024-12-009,WMT,-0.01392065,-0.01349264,-0.01798441,-0.07420904
AIT-2024-12-009,XEL,-0.01216411,-0.02368169,-0.03781945,-0.07006846
AIT-2024-12-004,AAPL,0.01098935,0.01795628,0.04592677,-0.02593125
AIT-2024-12-004,ABNB,-0.04770775,-0.04238759,-0.01502437,-0.00332055
AIT-2024-12-004,ADBE,-0.14653674,-0.15937542,-0.16651067,-0.19976170
AIT-2024-12-004,ADI,0.00863497,-0.00000576,0.02475631,0.07290448
AIT-2024-12-004,ADP,-0.00708281,-0.00952020,-0.01431655,-0.02123742
AIT-2024-12-004,ADSK,-0.00447137,-0.00661843,0.00347155,-0.01421613
AIT-2024-12-004,AEP,-0.01271735,-0.02391351,-0.03539835,-0.01911459
AIT-2024-12-004,ALAB,0.08725846,0.06078951,0.10618350,0.11127484
AIT-2024-12-004,ALNY,-0.03745309,-0.04747011,-0.06334189,-0.08707295
AIT-2024-12-004,AMAT,0.00832534,0.00091272,0.04611058,0.17010315
AIT-2024-12-004,AMD,-0.00738338,-0.01569584,0.00519567,0.03498303
AIT-2024-12-004,AMGN,-0.00545017,-0.02357198,-0.01635317,0.01407233
AIT-2024-12-004,AMZN,-0.00318991,0.01502485,0.02646548,0.01445321
AIT-2024-12-004,APP,-0.04238765,-0.00065783,-0.00979526,-0.09974519
AIT-2024-12-004,ARM,0.08398436,0.02630453,0.06122244,0.17842085
AIT-2024-12-004,ASML,0.02620868,0.02450886,0.10345464,0.20398124
AIT-2024-12-004,ASX,0.02789241,0.03313604,0.06407255,0.11620260
AIT-2024-12-004,AVGO,0.24648285,0.34794823,0.31039739,0.36555562
AIT-2024-12-004,AXON,0.00154723,0.00032988,-0.02960528,-0.14133444
AIT-2024-12-004,BKNG,-0.00922057,-0.02921904,-0.03051727,-0.08535519
AIT-2024-12-004,BKR,-0.00557672,-0.01896220,-0.04231557,0.06447916
AIT-2024-12-004,CCEP,0.00153061,-0.01860283,-0.04082410,-0.03512248
AIT-2024-12-004,CDNS,0.00664731,0.02182018,0.04842835,0.05758184
AIT-2024-12-004,CEG,0.01490407,0.00625331,-0.00231541,0.25525839
AIT-2024-12-004,CMCSA,0.00812226,-0.02032724,-0.04185665,-0.05739299
AIT-2024-12-004,COST,-0.00191314,-0.00268670,-0.01349251,-0.05967171
AIT-2024-12-004,CPRT,-0.01817421,-0.02411437,-0.03964884,-0.07998394
AIT-2024-12-004,CRDO,0.10658032,0.10915149,0.06737606,0.08731514
AIT-2024-12-004,CRWD,0.02462666,0.07244093,0.03795412,0.04654733
AIT-2024-12-004,CSCO,0.00310736,-0.00500196,0.00467930,0.03449882
AIT-2024-12-004,CSX,-0.00533893,-0.01682416,-0.03013852,0.00178359
AIT-2024-12-004,CTAS,0.00256899,0.00101488,-0.11906855,-0.08362535
AIT-2024-12-004,DASH,-0.00543637,0.01436069,-0.02419188,-0.03152138
AIT-2024-12-004,DDOG,-0.01462753,-0.00222073,-0.01278523,-0.06164779
AIT-2024-12-004,DXCM,-0.03698973,-0.04670054,-0.04100525,0.02804946
AIT-2024-12-004,EA,-0.03629229,-0.04670913,-0.08381632,-0.12860837
AIT-2024-12-004,ENTG,-0.00393400,-0.01045532,-0.00487598,0.06354140
AIT-2024-12-004,EXC,0.00137180,-0.01698377,0.00688584,0.01530588
AIT-2024-12-004,FANG,0.00005930,-0.02935448,-0.04579797,0.10824372
AIT-2024-12-004,FAST,-0.00671259,-0.01417364,-0.04401906,-0.04872947
AIT-2024-12-004,FER,0.01644769,0.01118404,-0.01737798,-0.04879735
AIT-2024-12-004,FTNT,-0.00085360,-0.00242206,-0.02150552,-0.06505721
AIT-2024-12-004,GEHC,-0.01252887,-0.02531626,-0.02515979,0.08107959
AIT-2024-12-004,GILD,0.00109949,0.00122087,-0.00712990,-0.02567382
AIT-2024-12-004,GOOG,-0.02113085,0.00918577,0.00630626,0.01652658
AIT-2024-12-004,GOOGL,-0.02259215,0.00834091,0.00680356,0.01612643
AIT-2024-12-004,HON,-0.00380130,0.03006058,0.01065911,-0.03031257
AIT-2024-12-004,IDXX,-0.00062036,-0.00670161,-0.01181642,0.05233764
AIT-2024-12-004,INTC,0.03413317,0.05217159,0.06427962,0.15009441
AIT-2024-12-004,INTU,-0.01214122,0.00683157,-0.00001889,0.00304817
AIT-2024-12-004,ISRG,-0.00391671,-0.00454523,-0.00690805,0.01176123
AIT-2024-12-004,KDP,0.00818109,-0.00572261,-0.02572050,-0.06627244
AIT-2024-12-004,KHC,0.01424342,-0.00847300,-0.03137800,-0.07013307
AIT-2024-12-004,KLAC,0.02594254,0.02092571,0.06323237,0.22721576
AIT-2024-12-004,LIN,-0.00869012,-0.02664626,-0.02902696,-0.00476777
AIT-2024-12-004,LITE,0.06443008,0.05522482,0.03435588,0.04687425
AIT-2024-12-004,LRCX,-0.00541151,0.00789091,0.01443390,0.12408328
AIT-2024-12-004,MAR,-0.01069515,-0.00325287,-0.00884409,-0.01397947
AIT-2024-12-004,MCHP,-0.00984117,-0.03035247,-0.00518314,0.05572109
AIT-2024-12-004,MDLZ,-0.01743207,-0.02430736,-0.05652243,-0.07602480
AIT-2024-12-004,MELI,-0.03686093,-0.05609334,-0.10494486,-0.06235881
AIT-2024-12-004,META,-0.01143529,-0.01005266,-0.00743274,0.00122816
AIT-2024-12-004,MNST,0.01415283,0.00372065,-0.01457438,-0.02664190
AIT-2024-12-004,MPWR,-0.00280144,0.02110390,0.06600918,0.12741925
AIT-2024-12-004,MRVL,0.10181468,0.12413425,0.08998670,0.16182674
AIT-2024-12-004,MSFT,0.00424047,0.00973361,0.02073009,-0.01232341
AIT-2024-12-004,MSTR,-0.00240082,-0.02491971,-0.14936552,-0.16931162
AIT-2024-12-004,MTSI,0.01841329,0.02216114,0.06733650,0.06379210
AIT-2024-12-004,MU,0.02070424,0.06755574,-0.04910557,0.09405163
AIT-2024-12-004,NFLX,-0.01490489,-0.01857269,-0.00214406,-0.09874367
AIT-2024-12-004,NVDA,-0.02330965,-0.05271677,0.03032134,0.04099608
AIT-2024-12-004,NXPI,0.00031900,-0.00012766,0.02192571,0.07119202
AIT-2024-12-004,ODFL,-0.01264366,-0.02567776,-0.04149672,-0.04717704
AIT-2024-12-004,ON,-0.01257839,-0.01331450,0.05127930,-0.06082516
AIT-2024-12-004,ORLY,0.00254898,-0.00110414,-0.03163042,-0.04539502
AIT-2024-12-004,PANW,-0.00657890,0.01778006,-0.00266882,-0.10493990
AIT-2024-12-004,PAYX,0.00024858,-0.00116491,-0.00653948,0.01661564
AIT-2024-12-004,PCAR,-0.01853171,-0.02801731,-0.03805646,0.02607191
AIT-2024-12-004,PDD,-0.00412664,-0.03231893,0.01297907,0.00832509
AIT-2024-12-004,PEP,0.00778457,-0.00460029,-0.03362564,-0.07658638
AIT-2024-12-004,PLTR,0.05282687,0.03531693,0.08048946,-0.07755368
AIT-2024-12-004,PYPL,0.00547825,0.00324834,-0.01796634,-0.02807946
AIT-2024-12-004,QCOM,0.00755107,-0.00453391,0.03091644,0.12359071
AIT-2024-12-004,REGN,-0.04613901,-0.05613761,-0.04565733,-0.03380886
AIT-2024-12-004,RKLB,0.04378269,0.08783461,0.03467952,-0.01131144
AIT-2024-12-004,ROP,-0.00657764,-0.01249901,-0.02003346,-0.02785524
AIT-2024-12-004,ROST,0.00226870,-0.02383115,-0.01373202,0.00317998
AIT-2024-12-004,SBUX,-0.00628810,-0.05379862,-0.07540342,-0.02629666
AIT-2024-12-004,SHOP,-0.01533497,-0.01227611,-0.02851309,-0.08208869
AIT-2024-12-004,SNPS,0.00803320,0.02798094,0.05172426,0.08242826
AIT-2024-12-004,STX,-0.01279324,-0.01966278,-0.06338630,-0.01518514
AIT-2024-12-004,TER,0.04154951,0.08313312,0.14092965,0.24422511
AIT-2024-12-004,TMUS,-0.01250051,-0.02618953,-0.07273800,-0.11648946
AIT-2024-12-004,TRI,0.00165124,-0.00720431,-0.00917783,-0.05250372
AIT-2024-12-004,TSLA,0.03890716,0.08824442,0.11646388,0.02223089
AIT-2024-12-004,TSM,0.04660648,0.04397646,0.07248084,0.11264266
AIT-2024-12-004,TTWO,-0.02349459,-0.01805607,-0.02590456,-0.03828132
AIT-2024-12-004,TXN,0.00752024,-0.00994146,0.01487928,0.06829154
AIT-2024-12-004,UMC,-0.01913268,-0.03200992,0.05361294,0.04898227
AIT-2024-12-004,VRTX,-0.00648362,0.00061494,-0.13717772,-0.09583431
AIT-2024-12-004,WBD,0.12441467,0.08093866,0.01241726,-0.06623015
AIT-2024-12-004,WDAY,0.01239224,0.02700973,0.02023601,-0.03594149
AIT-2024-12-004,WDC,-0.05828714,-0.06303164,-0.08683499,-0.02142019
AIT-2024-12-004,WMT,-0.00794047,-0.00444754,-0.01734929,-0.07410491
AIT-2024-12-004,XEL,-0.00725096,-0.01490641,-0.03890645,-0.09137907
AIT-2024-12-008,AAPL,0.00737048,0.02071691,0.04173858,-0.03525218
AIT-2024-12-008,ABNB,-0.04018043,-0.03307237,0.01098197,0.01810098
AIT-2024-12-008,ADBE,-0.03034785,-0.03771396,-0.02890163,-0.08277400
AIT-2024-12-008,ADI,-0.01249441,-0.01578279,0.01035777,0.04654881
AIT-2024-12-008,ADP,-0.00473146,-0.00779147,-0.00669524,-0.02128146
AIT-2024-12-008,ADSK,-0.01975932,-0.02083361,-0.01079112,-0.03752082
AIT-2024-12-008,AEP,-0.01371343,-0.01344377,-0.00865615,0.00021350
AIT-2024-12-008,ALAB,0.05118004,0.04047769,0.11730222,0.07940154
AIT-2024-12-008,ALNY,-0.01184850,-0.00233859,-0.00719649,-0.01746327
AIT-2024-12-008,AMAT,-0.00242202,0.01601802,0.02935451,0.15296761
AIT-2024-12-008,AMD,-0.03283363,-0.03396798,-0.03220543,0.01778805
AIT-2024-12-008,AMGN,-0.02991479,-0.02848610,-0.02301851,0.00283529
AIT-2024-12-008,AMZN,0.01206294,0.01094602,0.01298990,0.00760409
AIT-2024-12-008,APP,0.02939090,0.01464524,0.05232945,-0.07924286
AIT-2024-12-008,ARM,-0.02819681,-0.02665262,-0.03264218,0.11321122
AIT-2024-12-008,ASML,0.01028095,0.04183774,0.05681967,0.13641811
AIT-2024-12-008,ASX,0.03626371,0.01885424,0.05516170,0.10900177
AIT-2024-12-008,AVGO,0.34715735,0.31994416,0.28939856,0.33127277
AIT-2024-12-008,AXON,0.00831230,-0.01239171,-0.01148083,-0.15623407
AIT-2024-12-008,BKNG,-0.02906326,-0.02553745,-0.03053440,-0.09656977
AIT-2024-12-008,BKR,-0.01889471,-0.02613132,-0.04095613,0.06182838
AIT-2024-12-008,CCEP,-0.02357042,-0.02066075,-0.04499114,-0.04336828
AIT-2024-12-008,CDNS,0.01226240,0.01482637,0.02237074,0.03653398
AIT-2024-12-008,CEG,-0.00936439,-0.02522006,-0.03010934,0.25817517
AIT-2024-12-008,CMCSA,-0.03601571,-0.03545954,-0.04094900,-0.07677764
AIT-2024-12-008,COST,-0.00033681,-0.00825539,-0.02311566,-0.06776383
AIT-2024-12-008,CPRT,-0.01966012,-0.02358327,-0.04960215,-0.08733647
AIT-2024-12-008,CRDO,0.11121022,0.02511660,0.05410924,0.12216582
AIT-2024-12-008,CRWD,0.05572339,0.03335176,0.03251435,0.03852376
AIT-2024-12-008,CSCO,-0.01259353,-0.00744792,0.00349558,0.02350270
AIT-2024-12-008,CSX,-0.02366538,-0.02007613,-0.03688288,-0.00865593
AIT-2024-12-008,CTAS,-0.00459113,-0.01909080,-0.11213103,-0.08744418
AIT-2024-12-008,DASH,0.01363545,0.00223485,-0.01685307,-0.03614790
AIT-2024-12-008,DDOG,-0.01055621,0.00223103,-0.01989364,-0.07920327
AIT-2024-12-008,DXCM,-0.03035181,-0.00974644,0.02935931,0.05616525
AIT-2024-12-008,EA,-0.04142603,-0.04983339,-0.08657141,-0.13336933
AIT-2024-12-008,ENTG,-0.00880509,0.02859179,-0.01208783,0.05252985
AIT-2024-12-008,EXC,-0.01797925,-0.01047646,0.00088259,0.01716139
AIT-2024-12-008,FANG,-0.02203825,-0.01176822,-0.03286395,0.11782318
AIT-2024-12-008,FAST,-0.01477762,-0.01851989,-0.04265311,-0.05518037
AIT-2024-12-008,FER,-0.00749633,-0.01023415,-0.04088901,-0.07177451
AIT-2024-12-008,FTNT,-0.00961469,-0.01433674,-0.01187289,-0.07802076
AIT-2024-12-008,GEHC,-0.01758575,-0.02530887,-0.00795870,0.06976367
AIT-2024-12-008,GILD,0.00154182,0.00908217,0.00613196,-0.01510326
AIT-2024-12-008,GOOG,0.01892214,0.01848287,0.01913001,0.03644745
AIT-2024-12-008,GOOGL,0.01999638,0.01849960,0.01973286,0.03782535
AIT-2024-12-008,HON,0.03328044,0.02321905,0.01252009,-0.03395639
AIT-2024-12-008,IDXX,-0.01462370,-0.01534177,-0.02219828,0.04042507
AIT-2024-12-008,INTC,0.00234715,-0.00141234,0.01361944,0.08961480
AIT-2024-12-008,INTU,-0.00303577,0.01249409,-0.01294117,-0.03074895
AIT-2024-12-008,ISRG,-0.01089648,-0.00194979,-0.02515876,0.06205716
AIT-2024-12-008,KDP,-0.02212227,-0.02469212,-0.04490521,-0.09018092
AIT-2024-12-008,KHC,-0.01782232,-0.00789282,-0.02766062,-0.08053789
AIT-2024-12-008,KLAC,0.00910051,0.02011063,0.03462797,0.19405270
AIT-2024-12-008,LIN,-0.02489463,-0.01812996,-0.02179759,-0.01032123
AIT-2024-12-008,LITE,0.01406594,-0.02221717,-0.02077224,-0.00407490
AIT-2024-12-008,LRCX,0.02612187,0.03916926,0.01464305,0.11651139
AIT-2024-12-008,MAR,-0.00233356,-0.00157542,-0.00188919,-0.03199710
AIT-2024-12-008,MCHP,-0.04282875,-0.04511790,-0.04821506,0.01271792
AIT-2024-12-008,MDLZ,-0.01749547,-0.01907799,-0.04806571,-0.07819622
AIT-2024-12-008,MELI,-0.04509744,-0.03580359,-0.07198536,-0.01909346
AIT-2024-12-008,META,-0.01459020,-0.01618469,-0.04579101,0.01009838
AIT-2024-12-008,MNST,-0.01315252,-0.01782110,-0.01758564,-0.06304604
AIT-2024-12-008,MPWR,0.03294577,0.04743642,0.05332536,0.11383920
AIT-2024-12-008,MRVL,0.13122774,0.04218407,0.09135612,0.12870153
AIT-2024-12-008,MSFT,0.00130405,0.01333226,-0.00220790,-0.01733773
AIT-2024-12-008,MSTR,0.01488819,-0.03228971,-0.03868239,-0.12355957
AIT-2024-12-008,MTSI,0.02222184,0.01105772,0.02811393,0.05730322
AIT-2024-12-008,MU,0.09230233,0.10654834,-0.01667615,0.14129251
AIT-2024-12-008,NFLX,-0.01153253,-0.00983197,-0.00205794,-0.08812649
AIT-2024-12-008,NVDA,-0.05214671,-0.05368528,0.02737632,0.02390918
AIT-2024-12-008,NXPI,-0.00198146,0.01184038,0.01305977,0.05255627
AIT-2024-12-008,ODFL,-0.02373685,-0.01792013,-0.08651747,-0.04845897
AIT-2024-12-008,ON,-0.01493945,0.01674961,0.03410537,-0.10106280
AIT-2024-12-008,ORLY,-0.00319249,-0.01980923,-0.03507371,-0.05435465
AIT-2024-12-008,PANW,0.00687181,0.00599688,-0.04281253,-0.11699532
AIT-2024-12-008,PAYX,-0.00337924,-0.00805006,-0.00378952,0.02066517
AIT-2024-12-008,PCAR,-0.00693399,-0.00860323,-0.01992028,0.02561254
AIT-2024-12-008,PDD,-0.04930375,-0.01645407,-0.02664895,0.00707836
AIT-2024-12-008,PEP,-0.01818017,-0.01735608,-0.03855256,-0.09109448
AIT-2024-12-008,PLTR,0.01861155,0.00606006,0.11941846,-0.10139964
AIT-2024-12-008,PYPL,0.01501003,0.01275035,-0.01424472,-0.00386323
AIT-2024-12-008,QCOM,-0.00777391,0.00365535,0.01885001,0.11352150
AIT-2024-12-008,REGN,-0.02077413,0.00541893,-0.02647324,0.00797232
AIT-2024-12-008,RKLB,0.11787935,0.13657218,0.10332475,0.00161153
AIT-2024-12-008,ROP,-0.01317975,-0.01891729,-0.02319142,-0.02935781
AIT-2024-12-008,ROST,-0.02784435,-0.01847517,-0.01623230,-0.01288989
AIT-2024-12-008,SBUX,-0.05140688,-0.05937474,-0.09109191,-0.03679281
AIT-2024-12-008,SHOP,-0.00338073,0.03380251,-0.02457950,-0.08211253
AIT-2024-12-008,SNPS,0.01578687,0.00705358,0.01338918,0.06882982
AIT-2024-12-008,STX,-0.01827765,-0.02434053,-0.07880821,0.00038708
AIT-2024-12-008,TER,0.06244991,0.06299010,0.09749839,0.18502973
AIT-2024-12-008,TMUS,-0.02136906,-0.06031078,-0.06267055,-0.11979040
AIT-2024-12-008,TRI,-0.01391994,-0.01539608,-0.02694638,-0.05029400
AIT-2024-12-008,TSLA,0.09214149,0.13784842,0.05401843,0.05989659
AIT-2024-12-008,TSM,0.04717610,0.04718958,0.06472498,0.10583794
AIT-2024-12-008,TTWO,-0.01705437,-0.02135436,-0.03128711,-0.04512513
AIT-2024-12-008,TXN,-0.01753643,-0.01833534,0.00259630,0.05588129
AIT-2024-12-008,UMC,-0.01259723,0.02048582,0.05755943,0.04991633
AIT-2024-12-008,VRTX,0.00631384,0.01115603,-0.13681161,-0.07113994
AIT-2024-12-008,WBD,-0.07699280,-0.09517890,-0.13742174,-0.23096500
AIT-2024-12-008,WDAY,0.01148024,0.01511670,0.01769260,-0.06056492
AIT-2024-12-008,WDC,-0.01755750,-0.01968573,-0.05329504,0.01747893
AIT-2024-12-008,WMT,0.00522539,0.00996371,-0.02536415,-0.06666006
AIT-2024-12-008,XEL,-0.01459072,-0.01045782,-0.02713949,-0.07659103
AIT-2024-12-006,AAPL,0.02105515,0.02779002,0.03026641,-0.08663275
AIT-2024-12-006,ABNB,0.01181651,0.02819973,0.03967197,0.07696362
AIT-2024-12-006,ADBE,0.00037630,-0.00673655,-0.01437216,-0.02596446
AIT-2024-12-006,ADI,0.02347822,0.02489594,0.02323751,0.05235402
AIT-2024-12-006,ADP,-0.01408799,-0.00488528,-0.00290242,-0.01184894
AIT-2024-12-006,ADSK,0.00860631,0.01232004,-0.00084492,-0.01655765
AIT-2024-12-006,AEP,-0.01369248,-0.01119020,-0.00023555,0.03502069
AIT-2024-12-006,ALAB,0.02526915,0.04699589,0.08745523,0.01946149
AIT-2024-12-006,ALNY,-0.01797550,-0.01673008,-0.01718092,-0.03818518
AIT-2024-12-006,AMAT,0.06557415,0.04484248,0.02402143,0.21487517
AIT-2024-12-006,AMD,0.03842687,0.02172992,0.03060305,0.06085690
AIT-2024-12-006,AMGN,-0.00312188,0.00672511,-0.00147052,0.03661514
AIT-2024-12-006,AMZN,-0.00194070,0.01153682,-0.00501935,-0.00187624
AIT-2024-12-006,APP,-0.02103499,-0.00985335,-0.03395310,-0.12603875
AIT-2024-12-006,ARM,0.06326458,0.03435577,-0.05855567,0.13536643
AIT-2024-12-006,ASML,0.08728634,0.07884214,0.03140073,0.15365689
AIT-2024-12-006,ASX,0.02321559,0.03126633,0.04510712,0.07631627
AIT-2024-12-006,AVGO,-0.01517026,-0.03710342,-0.01448139,0.00777790
AIT-2024-12-006,AXON,-0.03349977,-0.02712010,-0.04126668,-0.14351697
AIT-2024-12-006,BKNG,-0.00806535,-0.00153747,-0.00704540,-0.05844683
AIT-2024-12-006,BKR,-0.01647979,-0.02371216,-0.02825660,0.08727901
AIT-2024-12-006,CCEP,-0.01214397,-0.02279769,-0.01388758,-0.00834228
AIT-2024-12-006,CDNS,0.02929978,0.02693853,0.00437203,0.03090580
AIT-2024-12-006,CEG,-0.00002435,-0.00319546,-0.03718255,0.31643303
AIT-2024-12-006,CMCSA,-0.00958386,-0.02139376,-0.00765014,-0.04172502
AIT-2024-12-006,COST,0.00009996,-0.01058209,-0.03395731,-0.05424722
AIT-2024-12-006,CPRT,-0.00655994,-0.01531306,-0.02952421,-0.06505465
AIT-2024-12-006,CRDO,-0.04892650,-0.04166993,-0.07346103,0.03676281
AIT-2024-12-006,CRWD,-0.04009986,-0.03329612,-0.04075857,-0.03724558
AIT-2024-12-006,CSCO,0.00825389,0.00961784,0.02580368,0.03421060
AIT-2024-12-006,CSX,0.00115862,-0.01341637,-0.00212444,0.01915010
AIT-2024-12-006,CTAS,-0.01318878,-0.11994160,-0.11478746,-0.07735859
AIT-2024-12-006,DASH,-0.05093279,-0.03825165,-0.04396716,-0.04060463
AIT-2024-12-006,DDOG,0.01100798,-0.01007842,-0.03875701,-0.09529639
AIT-2024-12-006,DXCM,-0.00352645,0.00536984,0.06071694,0.13667531
AIT-2024-12-006,EA,-0.02333842,-0.03708089,-0.04588754,-0.09723770
AIT-2024-12-006,ENTG,0.04405894,0.00565379,-0.00220990,0.09391767
AIT-2024-12-006,EXC,0.00735960,0.02378410,0.03061886,0.06910746
AIT-2024-12-006,FANG,0.00276365,-0.01606835,-0.00160435,0.14094964
AIT-2024-12-006,FAST,-0.02139269,-0.02969875,-0.03632071,-0.02173648
AIT-2024-12-006,FER,-0.02071838,-0.02766662,0.01174196,-0.03581647
AIT-2024-12-006,FTNT,-0.03311568,-0.01843106,-0.00784127,-0.06258453
AIT-2024-12-006,GEHC,-0.00577628,0.00017409,0.00133429,0.09313615
AIT-2024-12-006,GILD,-0.01191705,-0.00888595,0.01318130,-0.02934982
AIT-2024-12-006,GOOG,-0.00116427,-0.00322922,0.00360126,0.01059332
AIT-2024-12-006,GOOGL,-0.00275075,-0.00186876,0.00377591,0.01027178
AIT-2024-12-006,HON,-0.01929055,-0.01940944,-0.02930007,-0.05917802
AIT-2024-12-006,IDXX,-0.00407694,-0.00539599,-0.01818976,0.04171582
AIT-2024-12-006,INTC,0.01907188,0.01220467,0.02344922,0.16769476
AIT-2024-12-006,INTU,0.01122189,-0.00704461,-0.02547275,-0.06454747
AIT-2024-12-006,ISRG,0.00314189,-0.00237971,-0.00911800,0.08450283
AIT-2024-12-006,KDP,-0.01508282,-0.01955677,-0.02278006,-0.04749155
AIT-2024-12-006,KHC,-0.01688739,-0.02314206,-0.00761465,-0.04677905
AIT-2024-12-006,KLAC,0.05247110,0.04195290,0.01967560,0.22426886
AIT-2024-12-006,LIN,0.00375102,-0.00217159,-0.00140994,0.02986513
AIT-2024-12-006,LITE,-0.02836889,-0.02070024,-0.08901116,0.02696082
AIT-2024-12-006,LRCX,0.05574587,0.00665452,-0.01848545,0.13052384
AIT-2024-12-006,MAR,-0.01070923,-0.00541316,-0.00745699,-0.03310804
AIT-2024-12-006,MCHP,0.02457936,0.02525555,0.01972109,0.06356043
AIT-2024-12-006,MDLZ,-0.02037681,-0.03231446,-0.02054507,-0.03886615
AIT-2024-12-006,MELI,-0.01867481,-0.04844118,-0.02767638,0.02201463
AIT-2024-12-006,META,0.00471390,0.00276581,-0.01634644,0.00750413
AIT-2024-12-006,MNST,-0.00612165,-0.01804093,0.00892907,-0.04310140
AIT-2024-12-006,MPWR,0.05585944,0.04524038,0.02284714,0.10629834
AIT-2024-12-006,MRVL,-0.07133801,-0.03345132,-0.04697863,0.05644561
AIT-2024-12-006,MSFT,0.01082699,0.01129165,-0.01512657,-0.01737780
AIT-2024-12-006,MSTR,-0.05166409,-0.12327906,-0.13087377,-0.07340781
AIT-2024-12-006,MTSI,0.01178126,0.04558710,-0.02630724,0.05313541
AIT-2024-12-006,MU,0.04374241,-0.11593039,-0.15594583,0.05992839
AIT-2024-12-006,NFLX,0.00298847,0.01632692,0.01241904,-0.07787402
AIT-2024-12-006,NVDA,0.06906984,0.08285355,0.07119245,0.06308090
AIT-2024-12-006,NXPI,0.03408348,0.02233112,0.01041758,0.05285011
AIT-2024-12-006,ODFL,0.00383610,-0.01609126,-0.07936714,-0.01735468
AIT-2024-12-006,ON,0.06347986,0.06463151,0.04989208,-0.10870069
AIT-2024-12-006,ORLY,-0.02113045,-0.03013924,-0.03746665,-0.04402915
AIT-2024-12-006,PANW,-0.02283522,-0.01929697,-0.05757193,-0.11658514
AIT-2024-12-006,PAYX,-0.01946019,-0.00548677,0.00178496,0.03206049
AIT-2024-12-006,PCAR,-0.00852283,-0.01032287,-0.02951413,0.03097965
AIT-2024-12-006,PDD,0.04682366,0.04496975,0.01389758,0.10074235
AIT-2024-12-006,PEP,-0.01005819,-0.02928955,-0.02076785,-0.05100351
AIT-2024-12-006,PLTR,0.01062784,0.04537722,0.07836340,-0.09242873
AIT-2024-12-006,PYPL,-0.03560222,-0.02094944,-0.03433350,-0.00367363
AIT-2024-12-006,QCOM,0.05014191,0.03534263,0.03320099,0.10697442
AIT-2024-12-006,REGN,0.01679060,0.01010328,0.00251498,-0.00724105
AIT-2024-12-006,RKLB,-0.05932345,-0.05401606,-0.00003223,-0.19425205
AIT-2024-12-006,ROP,0.00075855,-0.00790195,-0.01829746,-0.01478191
AIT-2024-12-006,ROST,0.01505362,0.01013471,0.00941767,0.01032592
AIT-2024-12-006,SBUX,-0.00947983,-0.02202221,-0.03090459,0.02910040
AIT-2024-12-006,SHOP,0.00746685,-0.01694179,-0.04320528,-0.10705154
AIT-2024-12-006,SNPS,0.02330617,0.02378197,-0.01903461,0.07715178
AIT-2024-12-006,STX,0.00076850,-0.04272809,-0.06642013,0.04786409
AIT-2024-12-006,TER,0.04396358,0.05789374,0.02762570,0.13375147
AIT-2024-12-006,TMUS,-0.03283006,-0.04695244,-0.03832548,-0.08427149
AIT-2024-12-006,TRI,0.00710318,-0.00237564,-0.01773800,-0.03216755
AIT-2024-12-006,TSLA,0.03808506,0.02870846,0.01226813,-0.05850253
AIT-2024-12-006,TSM,0.03287064,0.02840032,0.02971476,0.06519416
AIT-2024-12-006,TTWO,-0.00451351,-0.00783042,-0.00956238,-0.00817306
AIT-2024-12-006,TXN,0.02713422,0.02493906,0.02496101,0.03878577
AIT-2024-12-006,UMC,0.09309461,0.08613197,0.09193099,0.04576806
AIT-2024-12-006,VRTX,-0.02454726,-0.13811708,-0.12623542,-0.08979131
AIT-2024-12-006,WBD,-0.05557161,-0.06897605,-0.09041021,-0.19253772
AIT-2024-12-006,WDAY,0.00035871,-0.00563374,-0.01877640,-0.06409360
AIT-2024-12-006,WDC,0.03751489,-0.02315693,-0.04195095,0.03084534
AIT-2024-12-006,WMT,-0.00950749,-0.01329585,-0.03478231,-0.07472934
AIT-2024-12-006,XEL,-0.02695092,-0.02527776,-0.00444242,-0.04808206
AIT-2024-12-005,AAPL,0.00214363,0.00166581,-0.00304460,-0.17157735
AIT-2024-12-005,ABNB,0.02013490,0.01100303,0.02130584,0.01428841
AIT-2024-12-005,ADBE,0.00170077,-0.00803212,0.01706608,-0.02867850
AIT-2024-12-005,ADI,0.00327690,-0.00096439,0.01545684,0.03621030
AIT-2024-12-005,ADP,-0.00015840,0.00181355,-0.00243766,-0.02107753
AIT-2024-12-005,ADSK,-0.01086025,-0.01316721,0.00453506,-0.02930151
AIT-2024-12-005,AEP,0.01710785,0.01167945,0.00365488,0.04923606
AIT-2024-12-005,ALAB,0.02735665,0.03948377,0.05469990,-0.17030933
AIT-2024-12-005,ALNY,0.00228306,-0.00051635,-0.03150709,0.07706500
AIT-2024-12-005,AMAT,-0.00143321,-0.02038163,0.01337367,0.12394881
AIT-2024-12-005,AMD,0.01624798,0.00934554,0.03722591,0.02278893
AIT-2024-12-005,AMGN,-0.00142539,-0.00719096,-0.00958959,0.04109231
AIT-2024-12-005,AMZN,-0.01870399,-0.01746649,-0.01819599,-0.00629337
AIT-2024-12-005,APP,0.01984628,-0.02472408,-0.01236232,-0.13701556
AIT-2024-12-005,ARM,-0.09715791,-0.09449086,-0.05687117,0.15645345
AIT-2024-12-005,ASML,-0.02159542,-0.04707791,-0.01569194,0.02271533
AIT-2024-12-005,ASX,0.01648931,0.01361129,0.02086242,0.05324577
AIT-2024-12-005,AVGO,0.02090597,0.02408026,0.06810144,0.00764730
AIT-2024-12-005,AXON,-0.01105854,-0.01435966,-0.04588939,-0.11718519
AIT-2024-12-005,BKNG,-0.00464041,-0.00561048,-0.01305383,-0.10261538
AIT-2024-12-005,BKR,-0.00903017,-0.00385531,0.01518734,0.07700502
AIT-2024-12-005,CCEP,0.00642646,0.00945082,0.01522852,-0.00258406
AIT-2024-12-005,CDNS,-0.01654831,-0.02272655,0.00170255,0.02796170
AIT-2024-12-005,CEG,-0.01980852,-0.03377092,-0.01173183,0.37997497
AIT-2024-12-005,CMCSA,0.00758768,0.01362127,-0.00195856,-0.00499313
AIT-2024-12-005,COST,-0.02239461,-0.02354307,-0.04430157,-0.06361332
AIT-2024-12-005,CPRT,-0.01715303,-0.01393917,-0.01183089,-0.05222573
AIT-2024-12-005,CRDO,-0.03345236,-0.03685989,-0.01022227,0.01715655
AIT-2024-12-005,CRWD,-0.00186644,-0.00969581,-0.01477089,0.00658334
AIT-2024-12-005,CSCO,0.00968534,0.01614692,0.01886420,0.04285284
AIT-2024-12-005,CSX,0.00869705,0.01223315,0.01887515,0.05379067
AIT-2024-12-005,CTAS,0.00802407,0.00522673,-0.00735112,0.02279357
AIT-2024-12-005,DASH,-0.00428728,-0.00424162,0.00018771,0.03335615
AIT-2024-12-005,DDOG,-0.02163121,-0.03088483,-0.03099657,-0.11366700
AIT-2024-12-005,DXCM,0.04870602,0.05672824,0.03760721,0.17284487
AIT-2024-12-005,EA,-0.01502392,-0.00893125,-0.01659372,-0.24116382
AIT-2024-12-005,ENTG,0.00905342,-0.00779444,0.01925587,0.04574247
AIT-2024-12-005,EXC,0.00312925,0.00791014,0.00919891,0.04673117
AIT-2024-12-005,FANG,0.01060648,0.01551185,0.05003533,0.13193072
AIT-2024-12-005,FAST,-0.00666322,-0.00610575,-0.03356183,-0.01057955
AIT-2024-12-005,FER,0.00447419,0.03888128,0.01371634,0.03689012
AIT-2024-12-005,FTNT,0.00388599,0.01073905,-0.01003864,-0.02814152
AIT-2024-12-005,GEHC,0.00962003,0.00155590,0.01652815,0.11982594
AIT-2024-12-005,GILD,0.01958390,0.02230007,0.00151455,-0.01371500
AIT-2024-12-005,GOOG,0.01071023,0.00516359,0.00525042,-0.00730232
AIT-2024-12-005,GOOGL,0.01007606,0.00410052,0.00399898,-0.00890856
AIT-2024-12-005,HON,-0.01045881,-0.00982077,-0.00731200,-0.03801783
AIT-2024-12-005,IDXX,-0.00481252,-0.01343579,0.01510333,0.05848284
AIT-2024-12-005,INTC,0.02570640,0.01379568,0.05504015,0.13744526
AIT-2024-12-005,INTU,-0.01737381,-0.01872431,-0.01332663,-0.09221022
AIT-2024-12-005,ISRG,-0.01284639,-0.00585596,-0.00673083,0.09176473
AIT-2024-12-005,KDP,-0.00822536,-0.00409446,-0.01829879,-0.05301638
AIT-2024-12-005,KHC,0.01085810,0.01596278,0.01070008,-0.02868807
AIT-2024-12-005,KLAC,0.00040119,-0.02141672,0.01535902,0.14622718
AIT-2024-12-005,LIN,-0.00201077,0.00071978,-0.00547939,0.03681277
AIT-2024-12-005,LITE,-0.05283459,-0.06946927,-0.02155707,0.04163748
AIT-2024-12-005,LRCX,-0.00147699,-0.02504624,0.01503169,0.09545867
AIT-2024-12-005,MAR,-0.00126930,-0.00255628,-0.00180968,-0.01950785
AIT-2024-12-005,MCHP,0.00443301,-0.00266506,0.02698791,0.04806502
AIT-2024-12-005,MDLZ,0.00006747,0.01203071,0.00759522,-0.02197451
AIT-2024-12-005,MELI,0.02228557,0.02046385,0.02268482,0.04466655
AIT-2024-12-005,META,-0.01732297,-0.01956428,-0.01642978,0.01002743
AIT-2024-12-005,MNST,0.01635363,0.02725682,0.03316635,-0.05342364
AIT-2024-12-005,MPWR,0.00259535,-0.02218986,0.02501323,0.12702598
AIT-2024-12-005,MRVL,-0.00682631,-0.01785123,0.00447330,0.03139863
AIT-2024-12-005,MSFT,-0.02393361,-0.02697905,-0.03253769,-0.01370591
AIT-2024-12-005,MSTR,-0.04071562,-0.00349251,-0.11559395,-0.08543171
AIT-2024-12-005,MTSI,-0.05558976,-0.07139911,-0.07071929,-0.03396089
AIT-2024-12-005,MU,-0.00977680,-0.03980495,-0.02652375,0.12597473
AIT-2024-12-005,NFLX,-0.01241047,-0.00354241,-0.01670012,0.02009890
AIT-2024-12-005,NVDA,0.01613705,-0.01164042,0.02921522,-0.00420180
AIT-2024-12-005,NXPI,0.00242478,-0.01063158,0.00095805,0.02306233
AIT-2024-12-005,ODFL,-0.05832720,-0.06167196,-0.05868608,-0.00522274
AIT-2024-12-005,ON,-0.00841086,-0.01251637,-0.01988785,-0.17565120
AIT-2024-12-005,ORLY,-0.01429042,-0.00750554,-0.03379580,0.01255997
AIT-2024-12-005,PANW,-0.03150267,-0.04032772,-0.04032426,-0.07841692
AIT-2024-12-005,PAYX,-0.00028430,0.00751537,0.00832459,0.01399316
AIT-2024-12-005,PCAR,-0.01392072,-0.01921861,-0.01187389,0.02392873
AIT-2024-12-005,PDD,-0.01548970,-0.03140332,-0.06553589,0.02530889
AIT-2024-12-005,PEP,-0.00107194,0.00901410,0.00139420,-0.01911845
AIT-2024-12-005,PLTR,0.03936296,0.03173848,0.00360731,-0.10385638
AIT-2024-12-005,PYPL,-0.01814942,-0.01433390,-0.03087224,-0.03374475
AIT-2024-12-005,QCOM,0.01462636,-0.00154065,0.02334030,0.09164595
AIT-2024-12-005,REGN,0.00001421,-0.00747282,-0.00130345,-0.00746784
AIT-2024-12-005,RKLB,0.04732666,0.05611999,0.07043242,0.12031823
AIT-2024-12-005,ROP,-0.00797322,-0.01067381,-0.00711380,-0.00368670
AIT-2024-12-005,ROST,-0.00554369,-0.00068694,0.02255737,-0.01514740
AIT-2024-12-005,SBUX,-0.02889385,-0.00923297,0.01468233,0.06398026
AIT-2024-12-005,SHOP,-0.01383847,-0.02618022,-0.02205044,-0.10270780
AIT-2024-12-005,SNPS,-0.03639428,-0.04292802,-0.01818164,0.05809040
AIT-2024-12-005,STX,-0.00864681,-0.02168001,-0.01422504,0.18646412
AIT-2024-12-005,TER,-0.01615543,-0.03099385,0.00343571,-0.02093981
AIT-2024-12-005,TMUS,0.00781999,0.00884077,-0.00077622,-0.05890189
AIT-2024-12-005,TRI,-0.00895399,-0.01594207,-0.01391235,-0.01170331
AIT-2024-12-005,TSLA,-0.06151300,-0.01810295,-0.06779889,-0.18881255
AIT-2024-12-005,TSM,0.02856477,0.00141021,0.01371714,0.05543092
AIT-2024-12-005,TTWO,-0.00431396,-0.00120281,0.00764432,-0.03168951
AIT-2024-12-005,TXN,0.00487503,0.00102259,0.01152974,0.03280122
AIT-2024-12-005,UMC,0.00802880,0.00608791,-0.00114869,-0.13512488
AIT-2024-12-005,VRTX,0.01166181,0.01265308,0.00272150,0.07893506
AIT-2024-12-005,WBD,-0.02263477,-0.02319119,-0.00966816,-0.07485605
AIT-2024-12-005,WDAY,-0.02002588,-0.01587100,-0.01987765,-0.06796775
AIT-2024-12-005,WDC,0.00100768,-0.01626273,-0.00727481,0.08408473
AIT-2024-12-005,WMT,-0.04233221,-0.02184120,-0.04530718,-0.05298467
AIT-2024-12-005,XEL,0.01371882,0.02009304,0.00111397,-0.04173771
AIT-2024-12-013,AAPL,-0.00678649,-0.01129776,-0.05182068,-0.09953772
AIT-2024-12-013,ABNB,0.00629458,0.00988979,0.02383863,0.02064360
AIT-2024-12-013,ADBE,0.01894053,0.02186387,-0.02471988,0.00231716
AIT-2024-12-013,ADI,0.01573695,0.02271662,0.02339849,-0.01703139
AIT-2024-12-013,ADP,-0.00586564,-0.00580711,-0.03458887,-0.00552499
AIT-2024-12-013,ADSK,0.02105867,0.01966232,-0.01127671,0.01864801
AIT-2024-12-013,AEP,-0.00365157,-0.00305543,-0.02540915,0.04534122
AIT-2024-12-013,ALAB,-0.01217996,-0.03429472,-0.00248718,-0.47633805
AIT-2024-12-013,ALNY,-0.02472218,-0.02929580,-0.05315874,0.07068456
AIT-2024-12-013,AMAT,0.03619381,0.04182198,0.10061982,0.10852980
AIT-2024-12-013,AMD,0.03518858,0.03367006,0.08216633,0.02370966
AIT-2024-12-013,AMGN,0.00239993,0.01071029,-0.00750093,0.07759158
AIT-2024-12-013,AMZN,0.00706784,0.00373289,0.01666336,0.03957466
AIT-2024-12-013,APP,0.00974100,-0.02266588,0.00704903,-0.09348981
AIT-2024-12-013,ARM,0.04986373,0.04400697,0.18006553,0.19499648
AIT-2024-12-013,ASML,0.03164553,0.03934589,0.11811794,0.07105882
AIT-2024-12-013,ASX,0.02068104,0.02117834,0.05476554,-0.00814529
AIT-2024-12-013,AVGO,0.01778129,0.01183668,-0.00824731,-0.14767742
AIT-2024-12-013,AXON,-0.01468449,-0.03058240,-0.09600618,-0.03869611
AIT-2024-12-013,BKNG,-0.00036224,-0.00230611,-0.03430100,-0.10027005
AIT-2024-12-013,BKR,0.01853211,0.02272221,0.05011123,0.03500700
AIT-2024-12-013,CCEP,0.00466587,0.01327074,-0.00850520,0.01497647
AIT-2024-12-013,CDNS,0.02297063,0.02690483,0.02704838,-0.02398240
AIT-2024-12-013,CEG,0.02830320,0.02275426,0.16432604,0.29738622
AIT-2024-12-013,CMCSA,-0.00914157,-0.00264170,-0.00989177,0.00135241
AIT-2024-12-013,COST,-0.01942548,-0.02383796,-0.03313446,-0.01339133
AIT-2024-12-013,CPRT,0.00307662,-0.00644698,-0.03382247,-0.02914605
AIT-2024-12-013,CRDO,0.02066068,-0.00794008,0.06624797,-0.23226079
AIT-2024-12-013,CRWD,-0.00276206,-0.01591224,0.02743386,0.10694014
AIT-2024-12-013,CSCO,0.00206300,0.00454353,-0.00843198,-0.00680793
AIT-2024-12-013,CSX,0.00789141,0.01558210,-0.00159232,0.03863851
AIT-2024-12-013,CTAS,0.00712498,0.00363108,0.00191243,0.05054535
AIT-2024-12-013,DASH,0.01251053,0.00400127,0.02968337,0.06708284
AIT-2024-12-013,DDOG,0.00767355,0.00374812,0.00245188,-0.01480133
AIT-2024-12-013,DXCM,-0.02425196,-0.02457356,0.00618796,0.11639274
AIT-2024-12-013,EA,-0.00579696,-0.00593897,-0.02366124,-0.23736531
AIT-2024-12-013,ENTG,0.02961685,0.03622916,0.04527089,0.02660340
AIT-2024-12-013,EXC,0.00407288,0.00405194,0.00780588,0.05273016
AIT-2024-12-013,FANG,0.03298929,0.05367180,0.08264916,0.09786980
AIT-2024-12-013,FAST,-0.01823700,-0.01571617,-0.02560711,-0.00230746
AIT-2024-12-013,FER,-0.00214005,-0.00767459,-0.00559638,0.00479649
AIT-2024-12-013,FTNT,-0.01404520,-0.02046842,0.00354981,-0.00814619
AIT-2024-12-013,GEHC,0.00955347,0.00903017,0.04298132,0.12746368
AIT-2024-12-013,GILD,-0.02409353,-0.02074128,-0.03940329,-0.01138502
AIT-2024-12-013,GOOG,0.00220940,-0.00577066,0.01291364,-0.01149160
AIT-2024-12-013,GOOGL,0.00212202,-0.00436568,0.01486425,-0.01315951
AIT-2024-12-013,HON,-0.01029871,-0.01155226,-0.04017709,-0.05354914
AIT-2024-12-013,IDXX,0.01689200,0.02442060,0.05149114,0.04612821
AIT-2024-12-013,INTC,0.03435825,0.06061497,0.03151772,0.09185353
AIT-2024-12-013,INTU,0.00346117,0.00593317,-0.01525175,-0.06410760
AIT-2024-12-013,ISRG,-0.00319361,-0.01025279,0.01004271,0.04226810
AIT-2024-12-013,KDP,-0.00960398,-0.00489388,-0.03459838,-0.02112658
AIT-2024-12-013,KHC,-0.00289768,0.00943076,-0.01276578,-0.01959586
AIT-2024-12-013,KLAC,0.03702584,0.04296962,0.10283092,0.14451014
AIT-2024-12-013,LIN,-0.00254608,0.00252059,-0.01771104,0.04692969
AIT-2024-12-013,LITE,0.03443709,0.04421697,0.07386414,-0.08833198
AIT-2024-12-013,LRCX,0.03428367,0.04722035,0.09573947,0.07971817
AIT-2024-12-013,MAR,0.00065017,-0.00044774,-0.03915518,0.01145152
AIT-2024-12-013,MCHP,0.02623240,0.04073822,0.03684438,0.02994849
AIT-2024-12-013,MDLZ,-0.00146452,0.01042215,-0.01380304,-0.02040502
AIT-2024-12-013,MELI,0.01030030,0.00028530,0.04406547,0.07759272
AIT-2024-12-013,META,0.00943635,0.00451115,0.05698740,0.11138676
AIT-2024-12-013,MNST,0.00216589,0.00394663,-0.00996166,-0.05599256
AIT-2024-12-013,MPWR,0.04148994,0.03697824,0.06706967,0.07435517
AIT-2024-12-013,MRVL,0.02298373,0.02172809,0.05501139,-0.06009042
AIT-2024-12-013,MSFT,-0.00394283,-0.00702833,-0.00882394,0.02098315
AIT-2024-12-013,MSTR,-0.05290741,-0.08946157,0.13239262,-0.05548907
AIT-2024-12-013,MTSI,0.00462980,0.01221321,0.05189876,-0.05569638
AIT-2024-12-013,MU,0.00575300,0.00243957,0.14061113,0.04079832
AIT-2024-12-013,NFLX,-0.00336907,-0.01062722,-0.04321887,0.03481157
AIT-2024-12-013,NVDA,0.04297957,0.02949860,0.09340221,-0.10549995
AIT-2024-12-013,NXPI,0.01067288,0.02162571,0.02505443,0.03632698
AIT-2024-12-013,ODFL,0.00243587,0.00238269,0.02399813,0.04629274
AIT-2024-12-013,ON,0.00166959,0.00625998,0.00256773,-0.15534697
AIT-2024-12-013,ORLY,-0.01400899,-0.00795973,0.00458396,0.05550827
AIT-2024-12-013,PANW,0.00625062,-0.00144341,-0.03824920,-0.02666028
AIT-2024-12-013,PAYX,-0.00711921,-0.00363051,-0.04388807,0.01985666
AIT-2024-12-013,PCAR,0.00492373,0.01300321,0.03067396,0.06454276
AIT-2024-12-013,PDD,-0.02959070,0.00082249,0.01137452,0.13741999
AIT-2024-12-013,PEP,-0.00521509,-0.00308554,-0.04136843,-0.01235712
AIT-2024-12-013,PLTR,-0.02085654,-0.03689918,-0.07672616,-0.10180955
AIT-2024-12-013,PYPL,-0.01304343,-0.01190511,0.01741640,-0.01828899
AIT-2024-12-013,QCOM,0.02798864,0.03202865,0.04367104,0.12431280
AIT-2024-12-013,REGN,0.00045837,0.01883899,0.01756605,-0.00243476
AIT-2024-12-013,RKLB,-0.04571300,-0.07814384,-0.00066934,-0.08603245
AIT-2024-12-013,ROP,0.00573458,0.00946933,-0.02451481,0.04641011
AIT-2024-12-013,ROST,0.00029305,0.00149895,0.01503471,-0.02071440
AIT-2024-12-013,SBUX,0.00329413,0.01352091,0.02154041,0.16973522
AIT-2024-12-013,SHOP,0.00776087,0.00995916,0.05119612,0.04372096
AIT-2024-12-013,SNPS,0.03356113,0.04091089,0.04610806,0.08522613
AIT-2024-12-013,STX,0.00709741,0.00962318,0.02403496,0.13289444
AIT-2024-12-013,TER,0.02560641,0.02992467,0.10371338,-0.03569293
AIT-2024-12-013,TMUS,-0.00955859,-0.00968310,-0.05792609,0.01808552
AIT-2024-12-013,TRI,0.00439550,0.00244610,-0.00388013,0.02754437
AIT-2024-12-013,TSLA,-0.03188269,-0.05780840,-0.08346515,-0.20180866
AIT-2024-12-013,TSM,0.02822843,0.02044852,0.09965787,0.00484760
AIT-2024-12-013,TTWO,0.00044371,-0.00010116,0.01320617,0.00274567
AIT-2024-12-013,TXN,0.01399389,0.01763242,0.02111288,-0.04375159
AIT-2024-12-013,UMC,0.01330573,0.01783503,0.02163995,-0.10354246
AIT-2024-12-013,VRTX,-0.01589481,-0.00570874,-0.01556281,0.06879200
AIT-2024-12-013,WBD,0.00782143,0.01616507,0.02519529,-0.02656148
AIT-2024-12-013,WDAY,-0.00604206,-0.01724523,-0.04513456,-0.00228928
AIT-2024-12-013,WDC,0.00825959,0.01606787,0.08731374,0.03875790
AIT-2024-12-013,WMT,-0.02213167,-0.02569794,-0.02483318,0.00433581
AIT-2024-12-013,XEL,-0.01510179,-0.01837816,-0.04899227,-0.05732174
AIT-2025-01-002,AAPL,-0.00902332,-0.01145044,0.06726837,0.06233639
AIT-2025-01-002,ABNB,-0.00935443,-0.05008321,0.01042282,0.18751904
AIT-2025-01-002,ADBE,-0.00815130,-0.00791718,0.02173027,0.05420750
AIT-2025-01-002,ADI,0.01291001,-0.02964276,-0.04535012,0.09366794
AIT-2025-01-002,ADP,-0.01446212,-0.00927839,0.00541465,0.02694702
AIT-2025-01-002,ADSK,-0.00032187,0.00247480,0.02686739,-0.03538595
AIT-2025-01-002,AEP,-0.00413893,0.00232422,-0.00001482,0.06334563
AIT-2025-01-002,ALAB,-0.04130640,-0.10212372,-0.27631270,-0.36214154
AIT-2025-01-002,ALNY,0.02911862,0.03986038,0.02065923,-0.10892830
AIT-2025-01-002,AMAT,-0.03150160,-0.04307355,-0.07372943,-0.05849862
AIT-2025-01-002,AMD,-0.01087373,-0.00316085,-0.01563129,-0.02170564
AIT-2025-01-002,AMGN,0.00455733,-0.00163571,0.03014800,0.09590236
AIT-2025-01-002,AMZN,0.00347063,0.00530235,0.02946904,-0.05379200
AIT-2025-01-002,APP,0.02608478,0.02790877,0.04390040,0.13192654
AIT-2025-01-002,ARM,0.05203333,0.03829969,-0.01641142,-0.01302672
AIT-2025-01-002,ASML,-0.04037449,-0.05001661,-0.04439583,0.01200355
AIT-2025-01-002,ASX,-0.01880346,-0.01909811,-0.09241264,0.03389612
AIT-2025-01-002,AVGO,-0.03293313,-0.00847397,-0.13985234,-0.10486945
AIT-2025-01-002,AXON,-0.00587033,-0.01060557,0.04051932,-0.16721356
AIT-2025-01-002,BKNG,0.01481028,0.00573754,0.00416556,0.03454011
AIT-2025-01-002,BKR,-0.04068681,-0.04126832,-0.08961823,-0.01996318
AIT-2025-01-002,CCEP,-0.02253350,-0.01568177,0.00521772,0.09542706
AIT-2025-01-002,CDNS,0.02557736,0.01960100,-0.05312278,-0.12588439
AIT-2025-01-002,CEG,0.04786657,0.05580408,-0.07644568,-0.04873475
AIT-2025-01-002,CMCSA,0.00874365,0.01519742,0.01664549,0.00220049
AIT-2025-01-002,COST,-0.01641216,-0.01750597,0.01411182,0.06397547
AIT-2025-01-002,CPRT,-0.00553968,-0.00082561,0.00315674,0.01623154
AIT-2025-01-002,CRDO,-0.00953963,-0.05080059,-0.29089049,-0.20678470
AIT-2025-01-002,CRWD,0.01105561,0.00958797,0.09157893,0.16767117
AIT-2025-01-002,CSCO,0.01042060,0.01185419,-0.02561303,0.03786489
AIT-2025-01-002,CSX,0.00586584,-0.02003222,0.00024520,-0.00974732
AIT-2025-01-002,CTAS,-0.02519528,-0.02515012,-0.01151915,0.01707466
AIT-2025-01-002,DASH,0.01598528,0.01929542,0.04081264,0.10552299
AIT-2025-01-002,DDOG,-0.00282190,0.00690866,0.05713012,-0.10166705
AIT-2025-01-002,DXCM,0.01709114,0.03220346,0.01589853,0.08135158
AIT-2025-01-002,EA,-0.18062483,-0.19604190,-0.18563404,-0.08800739
AIT-2025-01-002,ENTG,-0.02647774,-0.03288068,-0.05994472,0.04784743
AIT-2025-01-002,EXC,-0.02968943,-0.02650970,-0.02210674,0.06228303
AIT-2025-01-002,FANG,-0.00593935,-0.02229182,-0.02714836,-0.06928523
AIT-2025-01-002,FAST,-0.01505096,-0.01127921,-0.02090728,-0.00036345
AIT-2025-01-002,FER,0.01762197,0.00897372,0.00136654,0.04446175
AIT-2025-01-002,FTNT,-0.00717927,-0.01261236,0.01406603,0.12333430
AIT-2025-01-002,GEHC,0.00121060,0.01088538,0.01456927,0.06961362
AIT-2025-01-002,GILD,-0.00584962,-0.00490323,0.02070765,0.14173461
AIT-2025-01-002,GOOG,-0.01467072,0.00022761,-0.01104554,-0.08481174
AIT-2025-01-002,GOOGL,-0.01475835,-0.00025242,-0.01214597,-0.08793871
AIT-2025-01-002,HON,-0.00494277,-0.02181700,-0.01811007,-0.07433452
AIT-2025-01-002,IDXX,0.00393606,0.01576533,-0.00657232,0.09187071
AIT-2025-01-002,INTC,-0.02488100,-0.04730089,-0.06125428,0.28184543
AIT-2025-01-002,INTU,-0.02975862,-0.02626257,-0.02062089,-0.05015780
AIT-2025-01-002,ISRG,-0.00552786,-0.04416990,-0.05697649,-0.02901516
AIT-2025-01-002,KDP,-0.02280012,-0.01932862,0.00463271,0.04123151
AIT-2025-01-002,KHC,-0.01410566,-0.00444099,0.01254521,0.04230031
AIT-2025-01-002,KLAC,-0.03102925,-0.03703143,-0.05635725,0.02365969
AIT-2025-01-002,LIN,-0.00800059,-0.00912423,-0.00310254,0.05533176
AIT-2025-01-002,LITE,-0.01243371,-0.04380076,-0.19769259,-0.27174135
AIT-2025-01-002,LRCX,-0.02289814,-0.03255814,-0.05840045,0.12333948
AIT-2025-01-002,MAR,0.01495057,0.01467436,0.04472314,0.02487897
AIT-2025-01-002,MCHP,0.00431612,-0.04056814,-0.01889217,0.14788382
AIT-2025-01-002,MDLZ,-0.01088911,-0.00169574,-0.00280207,0.09231250
AIT-2025-01-002,MELI,-0.01376260,-0.00366164,0.02877872,0.12152190
AIT-2025-01-002,META,0.01710133,0.03803738,0.09472505,0.09982438
AIT-2025-01-002,MNST,-0.02348587,-0.01903657,0.00113966,0.04966013
AIT-2025-01-002,MPWR,0.06682088,0.04733290,-0.00484519,0.09686323
AIT-2025-01-002,MRVL,-0.01363535,-0.02296427,-0.12657365,-0.15397502
AIT-2025-01-002,MSFT,0.03123048,0.02938875,0.03992938,-0.02212937
AIT-2025-01-002,MSTR,-0.08570691,-0.13059545,-0.13932148,-0.27936224
AIT-2025-01-002,MTSI,-0.04134396,-0.04852902,-0.14372982,-0.19713044
AIT-2025-01-002,MU,-0.06175386,-0.06777606,-0.17547966,-0.01054178
AIT-2025-01-002,NFLX,0.11374095,0.10853638,0.11718276,0.12911137
AIT-2025-01-002,NVDA,0.01476853,-0.00997314,-0.10860467,-0.03179597
AIT-2025-01-002,NXPI,0.00682626,-0.01552402,0.00580890,0.15576136
AIT-2025-01-002,ODFL,-0.00204760,-0.00138957,-0.01234739,0.05955764
AIT-2025-01-002,ON,-0.00860046,-0.03179968,-0.01822576,0.02271219
AIT-2025-01-002,ORLY,0.01170523,0.00698175,0.03859901,0.05245363
AIT-2025-01-002,PANW,0.00368291,0.00922754,0.01037728,0.05273260
AIT-2025-01-002,PAYX,-0.01379126,-0.00306996,0.00710211,0.02166780
AIT-2025-01-002,PCAR,-0.00877809,-0.00621539,0.01689795,-0.01554998
AIT-2025-01-002,PDD,-0.00659693,0.06644854,0.08130020,0.19743603
AIT-2025-01-002,PEP,0.00169435,0.00550958,0.01625347,0.01734948
AIT-2025-01-002,PLTR,0.04375963,0.04496475,0.06427237,0.27910413
AIT-2025-01-002,PYPL,-0.01388694,-0.01871235,-0.01470256,-0.16728604
AIT-2025-01-002,QCOM,0.02180122,0.01676717,0.04077990,0.04853409
AIT-2025-01-002,REGN,0.00556443,-0.01736417,0.01317865,0.04852749
AIT-2025-01-002,RKLB,-0.03240388,-0.07293635,-0.12616883,-0.42016831
AIT-2025-01-002,ROP,-0.00269700,-0.00304198,0.02952423,0.10035832
AIT-2025-01-002,ROST,-0.00938033,-0.00296303,0.00984836,-0.07488102
AIT-2025-01-002,SBUX,-0.00821858,0.00222974,0.10692461,0.14423127
AIT-2025-01-002,SHOP,-0.02422624,-0.00480967,0.09482123,0.11696479
AIT-2025-01-002,SNPS,0.02244767,0.02068633,-0.01319161,-0.04569286
AIT-2025-01-002,STX,0.05873972,0.06099781,-0.00773324,0.02066597
AIT-2025-01-002,TER,-0.02796556,-0.03518522,-0.06989385,-0.12086386
AIT-2025-01-002,TMUS,-0.02262280,-0.01136323,0.06286106,0.15964676
AIT-2025-01-002,TRI,0.00754596,0.00031650,0.02876101,0.08420399
AIT-2025-01-002,TSLA,-0.06361337,-0.07332487,-0.10030517,-0.27361782
AIT-2025-01-002,TSM,0.00486011,-0.00304319,-0.06899076,-0.11838564
AIT-2025-01-002,TTWO,-0.01624401,-0.00563917,0.02457291,0.13926704
AIT-2025-01-002,TXN,0.01239821,-0.05850894,-0.07184662,0.04568545
AIT-2025-01-002,UMC,-0.04178251,-0.06206355,-0.03538789,0.10400614
AIT-2025-01-002,VRTX,0.02118636,0.02321771,0.03528327,0.11933746
AIT-2025-01-002,WBD,0.03988017,0.03835325,0.06171507,0.09244395
AIT-2025-01-002,WDAY,0.00928089,0.02457834,0.06457479,0.05274511
AIT-2025-01-002,WDC,0.00192792,-0.00987035,-0.05704927,0.07261360
AIT-2025-01-002,WMT,0.00016178,0.00910176,0.03482984,-0.00102439
AIT-2025-01-002,XEL,-0.02626664,-0.01935355,-0.03128584,-0.00180665
AIT-2025-01-003,AAPL,-0.00902332,-0.01145044,0.06726837,0.06233639
AIT-2025-01-003,ABNB,-0.00935443,-0.05008321,0.01042282,0.18751904
AIT-2025-01-003,ADBE,-0.00815130,-0.00791718,0.02173027,0.05420750
AIT-2025-01-003,ADI,0.01291001,-0.02964276,-0.04535012,0.09366794
AIT-2025-01-003,ADP,-0.01446212,-0.00927839,0.00541465,0.02694702
AIT-2025-01-003,ADSK,-0.00032187,0.00247480,0.02686739,-0.03538595
AIT-2025-01-003,AEP,-0.00413893,0.00232422,-0.00001482,0.06334563
AIT-2025-01-003,ALAB,-0.04130640,-0.10212372,-0.27631270,-0.36214154
AIT-2025-01-003,ALNY,0.02911862,0.03986038,0.02065923,-0.10892830
AIT-2025-01-003,AMAT,-0.03150160,-0.04307355,-0.07372943,-0.05849862
AIT-2025-01-003,AMD,-0.01087373,-0.00316085,-0.01563129,-0.02170564
AIT-2025-01-003,AMGN,0.00455733,-0.00163571,0.03014800,0.09590236
AIT-2025-01-003,AMZN,0.00347063,0.00530235,0.02946904,-0.05379200
AIT-2025-01-003,APP,0.02608478,0.02790877,0.04390040,0.13192654
AIT-2025-01-003,ARM,0.05203333,0.03829969,-0.01641142,-0.01302672
AIT-2025-01-003,ASML,-0.04037449,-0.05001661,-0.04439583,0.01200355
AIT-2025-01-003,ASX,-0.01880346,-0.01909811,-0.09241264,0.03389612
AIT-2025-01-003,AVGO,-0.03293313,-0.00847397,-0.13985234,-0.10486945
AIT-2025-01-003,AXON,-0.00587033,-0.01060557,0.04051932,-0.16721356
AIT-2025-01-003,BKNG,0.01481028,0.00573754,0.00416556,0.03454011
AIT-2025-01-003,BKR,-0.04068681,-0.04126832,-0.08961823,-0.01996318
AIT-2025-01-003,CCEP,-0.02253350,-0.01568177,0.00521772,0.09542706
AIT-2025-01-003,CDNS,0.02557736,0.01960100,-0.05312278,-0.12588439
AIT-2025-01-003,CEG,0.04786657,0.05580408,-0.07644568,-0.04873475
AIT-2025-01-003,CMCSA,0.00874365,0.01519742,0.01664549,0.00220049
AIT-2025-01-003,COST,-0.01641216,-0.01750597,0.01411182,0.06397547
AIT-2025-01-003,CPRT,-0.00553968,-0.00082561,0.00315674,0.01623154
AIT-2025-01-003,CRDO,-0.00953963,-0.05080059,-0.29089049,-0.20678470
AIT-2025-01-003,CRWD,0.01105561,0.00958797,0.09157893,0.16767117
AIT-2025-01-003,CSCO,0.01042060,0.01185419,-0.02561303,0.03786489
AIT-2025-01-003,CSX,0.00586584,-0.02003222,0.00024520,-0.00974732
AIT-2025-01-003,CTAS,-0.02519528,-0.02515012,-0.01151915,0.01707466
AIT-2025-01-003,DASH,0.01598528,0.01929542,0.04081264,0.10552299
AIT-2025-01-003,DDOG,-0.00282190,0.00690866,0.05713012,-0.10166705
AIT-2025-01-003,DXCM,0.01709114,0.03220346,0.01589853,0.08135158
AIT-2025-01-003,EA,-0.18062483,-0.19604190,-0.18563404,-0.08800739
AIT-2025-01-003,ENTG,-0.02647774,-0.03288068,-0.05994472,0.04784743
AIT-2025-01-003,EXC,-0.02968943,-0.02650970,-0.02210674,0.06228303
AIT-2025-01-003,FANG,-0.00593935,-0.02229182,-0.02714836,-0.06928523
AIT-2025-01-003,FAST,-0.01505096,-0.01127921,-0.02090728,-0.00036345
AIT-2025-01-003,FER,0.01762197,0.00897372,0.00136654,0.04446175
AIT-2025-01-003,FTNT,-0.00717927,-0.01261236,0.01406603,0.12333430
AIT-2025-01-003,GEHC,0.00121060,0.01088538,0.01456927,0.06961362
AIT-2025-01-003,GILD,-0.00584962,-0.00490323,0.02070765,0.14173461
AIT-2025-01-003,GOOG,-0.01467072,0.00022761,-0.01104554,-0.08481174
AIT-2025-01-003,GOOGL,-0.01475835,-0.00025242,-0.01214597,-0.08793871
AIT-2025-01-003,HON,-0.00494277,-0.02181700,-0.01811007,-0.07433452
AIT-2025-01-003,IDXX,0.00393606,0.01576533,-0.00657232,0.09187071
AIT-2025-01-003,INTC,-0.02488100,-0.04730089,-0.06125428,0.28184543
AIT-2025-01-003,INTU,-0.02975862,-0.02626257,-0.02062089,-0.05015780
AIT-2025-01-003,ISRG,-0.00552786,-0.04416990,-0.05697649,-0.02901516
AIT-2025-01-003,KDP,-0.02280012,-0.01932862,0.00463271,0.04123151
AIT-2025-01-003,KHC,-0.01410566,-0.00444099,0.01254521,0.04230031
AIT-2025-01-003,KLAC,-0.03102925,-0.03703143,-0.05635725,0.02365969
AIT-2025-01-003,LIN,-0.00800059,-0.00912423,-0.00310254,0.05533176
AIT-2025-01-003,LITE,-0.01243371,-0.04380076,-0.19769259,-0.27174135
AIT-2025-01-003,LRCX,-0.02289814,-0.03255814,-0.05840045,0.12333948
AIT-2025-01-003,MAR,0.01495057,0.01467436,0.04472314,0.02487897
AIT-2025-01-003,MCHP,0.00431612,-0.04056814,-0.01889217,0.14788382
AIT-2025-01-003,MDLZ,-0.01088911,-0.00169574,-0.00280207,0.09231250
AIT-2025-01-003,MELI,-0.01376260,-0.00366164,0.02877872,0.12152190
AIT-2025-01-003,META,0.01710133,0.03803738,0.09472505,0.09982438
AIT-2025-01-003,MNST,-0.02348587,-0.01903657,0.00113966,0.04966013
AIT-2025-01-003,MPWR,0.06682088,0.04733290,-0.00484519,0.09686323
AIT-2025-01-003,MRVL,-0.01363535,-0.02296427,-0.12657365,-0.15397502
AIT-2025-01-003,MSFT,0.03123048,0.02938875,0.03992938,-0.02212937
AIT-2025-01-003,MSTR,-0.08570691,-0.13059545,-0.13932148,-0.27936224
AIT-2025-01-003,MTSI,-0.04134396,-0.04852902,-0.14372982,-0.19713044
AIT-2025-01-003,MU,-0.06175386,-0.06777606,-0.17547966,-0.01054178
AIT-2025-01-003,NFLX,0.11374095,0.10853638,0.11718276,0.12911137
AIT-2025-01-003,NVDA,0.01476853,-0.00997314,-0.10860467,-0.03179597
AIT-2025-01-003,NXPI,0.00682626,-0.01552402,0.00580890,0.15576136
AIT-2025-01-003,ODFL,-0.00204760,-0.00138957,-0.01234739,0.05955764
AIT-2025-01-003,ON,-0.00860046,-0.03179968,-0.01822576,0.02271219
AIT-2025-01-003,ORLY,0.01170523,0.00698175,0.03859901,0.05245363
AIT-2025-01-003,PANW,0.00368291,0.00922754,0.01037728,0.05273260
AIT-2025-01-003,PAYX,-0.01379126,-0.00306996,0.00710211,0.02166780
AIT-2025-01-003,PCAR,-0.00877809,-0.00621539,0.01689795,-0.01554998
AIT-2025-01-003,PDD,-0.00659693,0.06644854,0.08130020,0.19743603
AIT-2025-01-003,PEP,0.00169435,0.00550958,0.01625347,0.01734948
AIT-2025-01-003,PLTR,0.04375963,0.04496475,0.06427237,0.27910413
AIT-2025-01-003,PYPL,-0.01388694,-0.01871235,-0.01470256,-0.16728604
AIT-2025-01-003,QCOM,0.02180122,0.01676717,0.04077990,0.04853409
AIT-2025-01-003,REGN,0.00556443,-0.01736417,0.01317865,0.04852749
AIT-2025-01-003,RKLB,-0.03240388,-0.07293635,-0.12616883,-0.42016831
AIT-2025-01-003,ROP,-0.00269700,-0.00304198,0.02952423,0.10035832
AIT-2025-01-003,ROST,-0.00938033,-0.00296303,0.00984836,-0.07488102
AIT-2025-01-003,SBUX,-0.00821858,0.00222974,0.10692461,0.14423127
AIT-2025-01-003,SHOP,-0.02422624,-0.00480967,0.09482123,0.11696479
AIT-2025-01-003,SNPS,0.02244767,0.02068633,-0.01319161,-0.04569286
AIT-2025-01-003,STX,0.05873972,0.06099781,-0.00773324,0.02066597
AIT-2025-01-003,TER,-0.02796556,-0.03518522,-0.06989385,-0.12086386
AIT-2025-01-003,TMUS,-0.02262280,-0.01136323,0.06286106,0.15964676
AIT-2025-01-003,TRI,0.00754596,0.00031650,0.02876101,0.08420399
AIT-2025-01-003,TSLA,-0.06361337,-0.07332487,-0.10030517,-0.27361782
AIT-2025-01-003,TSM,0.00486011,-0.00304319,-0.06899076,-0.11838564
AIT-2025-01-003,TTWO,-0.01624401,-0.00563917,0.02457291,0.13926704
AIT-2025-01-003,TXN,0.01239821,-0.05850894,-0.07184662,0.04568545
AIT-2025-01-003,UMC,-0.04178251,-0.06206355,-0.03538789,0.10400614
AIT-2025-01-003,VRTX,0.02118636,0.02321771,0.03528327,0.11933746
AIT-2025-01-003,WBD,0.03988017,0.03835325,0.06171507,0.09244395
AIT-2025-01-003,WDAY,0.00928089,0.02457834,0.06457479,0.05274511
AIT-2025-01-003,WDC,0.00192792,-0.00987035,-0.05704927,0.07261360
AIT-2025-01-003,WMT,0.00016178,0.00910176,0.03482984,-0.00102439
AIT-2025-01-003,XEL,-0.02626664,-0.01935355,-0.03128584,-0.00180665
AIT-2025-01-005,AAPL,0.03451891,0.02055508,0.00233672,0.02872500
AIT-2025-01-005,ABNB,0.02617300,0.01503645,0.01958988,0.17275197
AIT-2025-01-005,ADBE,0.00515376,0.01026438,0.00753330,0.04563675
AIT-2025-01-005,ADI,-0.03175301,-0.02868852,-0.04831141,0.11032806
AIT-2025-01-005,ADP,-0.00176821,0.00408103,0.00922516,0.02645862
AIT-2025-01-005,ADSK,0.01215379,0.02414764,0.02054926,-0.03663205
AIT-2025-01-005,AEP,-0.04632548,-0.04690118,-0.05085504,0.03533015
AIT-2025-01-005,ALAB,0.06991653,0.12331513,0.18201795,-0.00796589
AIT-2025-01-005,ALNY,-0.01655677,-0.01002001,-0.03670959,-0.17101137
AIT-2025-01-005,AMAT,-0.00085057,0.02573399,0.02717607,0.03707028
AIT-2025-01-005,AMD,0.01785215,0.02251619,0.04908128,-0.01030334
AIT-2025-01-005,AMGN,-0.00648744,-0.00142175,0.02075608,0.10424611
AIT-2025-01-005,AMZN,0.00091315,-0.01740089,0.02211682,-0.07908626
AIT-2025-01-005,APP,0.04253839,0.01885402,0.05397460,-0.10327992
AIT-2025-01-005,ARM,-0.00004908,0.02147836,0.10058258,0.00695289
AIT-2025-01-005,ASML,0.02932249,0.05441690,0.06637707,0.15633290
AIT-2025-01-005,ASX,0.00534292,0.02283456,0.01491121,0.14458673
AIT-2025-01-005,AVGO,0.00709590,0.03652430,0.07761063,0.04816203
AIT-2025-01-005,AXON,0.04789334,0.06009260,0.07203962,-0.07093470
AIT-2025-01-005,BKNG,0.00378349,0.00843645,-0.00912325,0.06278122
AIT-2025-01-005,BKR,-0.01635843,0.01358604,0.08944908,-0.00283027
AIT-2025-01-005,CCEP,-0.00297845,0.00915019,-0.00850486,0.09095001
AIT-2025-01-005,CDNS,-0.00391271,0.01472224,0.03473647,-0.08337335
AIT-2025-01-005,CEG,0.05250347,0.09966297,0.10074847,-0.00426489
AIT-2025-01-005,CMCSA,-0.02387578,-0.13630384,-0.12202179,-0.05884694
AIT-2025-01-005,COST,-0.00627104,0.00410809,0.04908024,0.05780015
AIT-2025-01-005,CPRT,-0.00788712,0.00969020,0.00369673,-0.00569684
AIT-2025-01-005,CRDO,0.03372516,0.11142568,0.28119395,0.02966614
AIT-2025-01-005,CRWD,0.05791311,0.04766804,0.08520319,0.08509686
AIT-2025-01-005,CSCO,0.00362795,0.01464587,0.03039660,0.07186199
AIT-2025-01-005,CSX,-0.02037221,-0.02691898,-0.01967474,-0.02277128
AIT-2025-01-005,CTAS,-0.02326769,-0.00904464,-0.01389770,0.01085530
AIT-2025-01-005,DASH,0.01255999,0.02158919,0.05633154,0.08256918
AIT-2025-01-005,DDOG,0.02225236,-0.00659695,0.02395747,-0.20156200
AIT-2025-01-005,DXCM,-0.00891423,0.00570479,0.01214247,0.08033772
AIT-2025-01-005,EA,-0.00960797,0.00054057,0.02524583,0.11383982
AIT-2025-01-005,ENTG,-0.00734955,0.02178368,0.03753562,0.13425595
AIT-2025-01-005,EXC,-0.02836430,-0.01712284,-0.00517262,0.08309806
AIT-2025-01-005,FANG,-0.00421391,-0.00867498,-0.02613693,-0.08726276
AIT-2025-01-005,FAST,-0.03071200,-0.02181420,-0.03459817,-0.00803722
AIT-2025-01-005,FER,-0.01243022,-0.00179747,-0.02729776,0.03519092
AIT-2025-01-005,FTNT,0.02087225,0.03211935,0.04875849,0.09254341
AIT-2025-01-005,GEHC,-0.01537044,-0.00040822,-0.02301633,0.04433433
AIT-2025-01-005,GILD,-0.00092952,0.01069892,0.01838137,0.12384070
AIT-2025-01-005,GOOG,0.01171853,0.03237162,0.06292245,-0.09809086
AIT-2025-01-005,GOOGL,0.01288260,0.03384766,0.06666172,-0.09915474
AIT-2025-01-005,HON,-0.02364957,-0.01359337,-0.01330740,-0.06339896
AIT-2025-01-005,IDXX,-0.02166209,-0.01324158,0.09531651,0.11694540
AIT-2025-01-005,INTC,-0.02723879,-0.02207848,-0.03229881,0.28591065
AIT-2025-01-005,INTU,-0.02569580,-0.01153557,-0.02415691,0.06628889
AIT-2025-01-005,ISRG,-0.00775829,-0.00121380,-0.00015527,-0.00231529
AIT-2025-01-005,KDP,0.00041562,0.01150370,-0.01747038,0.06011269
AIT-2025-01-005,KHC,-0.01647681,0.00418684,-0.04454177,0.04067034
AIT-2025-01-005,KLAC,0.00760819,0.03758901,0.06369350,0.10188548
AIT-2025-01-005,LIN,-0.00312309,0.01330104,0.03729409,0.07091535
AIT-2025-01-005,LITE,0.03596031,0.09799933,0.13454137,-0.02774342
AIT-2025-01-005,LRCX,-0.01074213,0.05360661,0.06323045,0.14890514
AIT-2025-01-005,MAR,0.00191776,0.00665112,0.00677114,-0.00401228
AIT-2025-01-005,MCHP,-0.02174002,-0.04361785,-0.07047034,0.14467261
AIT-2025-01-005,MDLZ,-0.01960843,0.00278673,-0.03402470,0.10359300
AIT-2025-01-005,MELI,0.01921317,0.04442928,0.05814569,0.17721098
AIT-2025-01-005,META,0.01950253,0.02781284,0.05962978,0.03191757
AIT-2025-01-005,MNST,-0.00459537,0.00023669,-0.05444844,0.05844305
AIT-2025-01-005,MPWR,0.02243543,0.03879923,0.09030052,0.17988404
AIT-2025-01-005,MRVL,0.04980667,0.06720852,0.07298041,-0.04680257
AIT-2025-01-005,MSFT,0.01499501,-0.05222249,-0.05007543,-0.05361127
AIT-2025-01-005,MSTR,-0.04088694,-0.06801872,-0.03296213,-0.30011471
AIT-2025-01-005,MTSI,0.02823287,0.04820691,0.07143056,-0.01669085
AIT-2025-01-005,MU,-0.02784339,0.00106190,0.00060362,0.14706838
AIT-2025-01-005,NFLX,-0.00027856,-0.01238006,0.01259077,0.00693217
AIT-2025-01-005,NVDA,0.03530388,0.02782295,-0.00949155,0.11189193
AIT-2025-01-005,NXPI,-0.01330995,-0.02865702,-0.05677571,0.12345057
AIT-2025-01-005,ODFL,-0.04687478,-0.04555073,-0.05173737,-0.05158498
AIT-2025-01-005,ON,-0.00797597,-0.02689947,-0.05990337,0.00547802
AIT-2025-01-005,ORLY,0.00222025,0.01690026,0.03703114,0.03719844
AIT-2025-01-005,PANW,-0.02648986,-0.02377709,-0.03906385,0.00742444
AIT-2025-01-005,PAYX,-0.01094287,-0.00647710,0.00507084,0.01068568
AIT-2025-01-005,PCAR,0.00783506,0.01832790,-0.00975712,-0.00185903
AIT-2025-01-005,PDD,0.00916068,0.03653598,0.03522731,0.10791115
AIT-2025-01-005,PEP,-0.02616716,-0.01530311,-0.06957324,-0.00517364
AIT-2025-01-005,PLTR,0.03874200,0.03990411,0.30899765,0.13884247
AIT-2025-01-005,PYPL,-0.02233261,-0.01974586,-0.14892146,-0.22319629
AIT-2025-01-005,QCOM,-0.00225286,-0.01062568,0.01231232,-0.00049444
AIT-2025-01-005,REGN,0.00420020,-0.00409568,0.02644100,0.07907431
AIT-2025-01-005,RKLB,-0.04922906,-0.08469314,-0.09424256,-0.48638293
AIT-2025-01-005,ROP,0.00175740,0.04918476,0.06821133,0.08671572
AIT-2025-01-005,ROST,0.02510428,0.03980358,0.00351646,-0.04717783
AIT-2025-01-005,SBUX,0.08184810,0.08156032,0.09984177,0.13328770
AIT-2025-01-005,SHOP,0.07636286,0.08711248,0.09571367,0.05829728
AIT-2025-01-005,SNPS,0.00025289,0.01793500,0.03013234,-0.01926652
AIT-2025-01-005,STX,-0.04363526,-0.06067243,-0.09044507,-0.00564481
AIT-2025-01-005,TER,0.00523975,-0.06441383,-0.08093909,-0.02190885
AIT-2025-01-005,TMUS,0.05785008,0.05134925,0.06131082,0.15221762
AIT-2025-01-005,TRI,0.01143171,0.02142636,0.01941643,0.08607286
AIT-2025-01-005,TSLA,-0.03793634,-0.02727891,-0.04052612,-0.34209964
AIT-2025-01-005,TSM,0.04257713,0.06038470,0.04896728,0.01164438
AIT-2025-01-005,TTWO,0.00776765,0.00912992,-0.02856341,0.11458504
AIT-2025-01-005,TXN,-0.04167822,-0.02133426,-0.03155598,0.08333764
AIT-2025-01-005,UMC,0.00518757,0.01729924,0.06102203,0.19726796
AIT-2025-01-005,VRTX,-0.00738475,-0.01754172,0.08370147,0.08954279
AIT-2025-01-005,WBD,-0.01029744,0.00260155,-0.04865515,-0.00335267
AIT-2025-01-005,WDAY,0.00251467,-0.02204130,-0.01572426,0.05623605
AIT-2025-01-005,WDC,-0.02871166,0.01094193,-0.00464820,0.08819942
AIT-2025-01-005,WMT,-0.00456125,0.00336288,0.02016183,-0.05006438
AIT-2025-01-005,XEL,-0.03078543,-0.01985523,-0.01720449,0.00134272
AIT-2025-01-006,AAPL,-0.00609078,-0.00871482,-0.03063799,0.00579316
AIT-2025-01-006,ABNB,0.00823539,0.01222118,0.00059136,0.15631559
AIT-2025-01-006,ADBE,0.00922833,-0.00233472,-0.00188206,0.05801363
AIT-2025-01-006,ADI,0.01352404,0.02097815,0.00676873,0.14319298
AIT-2025-01-006,ADP,0.01501935,0.01611575,0.02962391,0.04660457
AIT-2025-01-006,ADSK,-0.00076296,0.01061091,0.00563692,-0.04934300
AIT-2025-01-006,AEP,-0.02116185,-0.01900554,-0.01026777,0.04209285
AIT-2025-01-006,ALAB,0.07183715,0.13080961,0.16259882,-0.11184734
AIT-2025-01-006,ALNY,-0.01227511,-0.03312814,-0.02369635,-0.19507880
AIT-2025-01-006,AMAT,0.05315539,0.06001737,0.05922149,0.03249362
AIT-2025-01-006,AMD,0.04490257,0.03452999,0.00376082,0.00068576
AIT-2025-01-006,AMGN,0.01335298,0.02218252,0.09818268,0.12814186
AIT-2025-01-006,AMZN,-0.01616193,0.00472763,-0.00726966,-0.08121725
AIT-2025-01-006,APP,-0.00289812,0.01601658,-0.01780833,-0.12294576
AIT-2025-01-006,ARM,0.02415262,0.08336756,0.15818685,-0.00439585
AIT-2025-01-006,ASML,0.08010275,0.09712530,0.10054378,0.14964786
AIT-2025-01-006,ASX,0.02700002,0.04374098,0.03483783,0.10262318
AIT-2025-01-006,AVGO,0.03459256,0.07286204,0.10591021,0.01245322
AIT-2025-01-006,AXON,0.01814640,0.01931072,0.04917087,-0.18053464
AIT-2025-01-006,BKNG,0.01625876,0.01314467,-0.00187982,0.06404155
AIT-2025-01-006,BKR,0.02808139,0.06724473,0.11778608,0.02485477
AIT-2025-01-006,CCEP,0.02158516,0.01372324,0.01851540,0.11255398
AIT-2025-01-006,CDNS,-0.00354288,0.00679255,0.01983573,-0.09494654
AIT-2025-01-006,CEG,0.09807517,0.07544585,0.10835321,-0.09954372
AIT-2025-01-006,CMCSA,-0.11425416,-0.09811413,-0.08997873,-0.01812695
AIT-2025-01-006,COST,0.01851912,0.02256489,0.07954300,0.07156346
AIT-2025-01-006,CPRT,0.02217128,0.01651489,0.02841057,0.00399182
AIT-2025-01-006,CRDO,0.09512980,0.18796653,0.28946188,-0.09862515
AIT-2025-01-006,CRWD,-0.03017052,-0.01703973,0.02360473,-0.00032412
AIT-2025-01-006,CSCO,0.01571432,0.02092222,0.04867086,0.08207530
AIT-2025-01-006,CSX,0.00684768,0.01199052,0.01241017,0.02438096
AIT-2025-01-006,CTAS,0.00778703,0.00331362,0.00494101,0.03490871
AIT-2025-01-006,DASH,0.01974262,0.02571542,0.05711441,0.08220016
AIT-2025-01-006,DDOG,-0.06310781,-0.05484230,-0.04529488,-0.23597159
AIT-2025-01-006,DXCM,-0.00335146,-0.00838212,0.02008318,0.05850552
AIT-2025-01-006,EA,0.01769078,0.05647378,0.11633123,0.13730241
AIT-2025-01-006,ENTG,0.04948975,0.06209561,0.08561679,0.13914925
AIT-2025-01-006,EXC,0.00506426,0.00441372,0.02984397,0.10232121
AIT-2025-01-006,FANG,0.00821302,-0.02369067,-0.02053144,-0.04517209
AIT-2025-01-006,FAST,0.00319628,-0.00997970,-0.00695983,0.03253984
AIT-2025-01-006,FER,0.00125593,-0.01213477,-0.02248135,0.03081997
AIT-2025-01-006,FTNT,0.00733337,0.00847489,0.04228413,0.05876297
AIT-2025-01-006,GEHC,0.02052961,0.01218103,-0.00260638,0.06589945
AIT-2025-01-006,GILD,0.02968758,0.03192302,0.05185707,0.15775650
AIT-2025-01-006,GOOG,0.02631174,0.04702579,-0.01784329,-0.11074439
AIT-2025-01-006,GOOGL,0.02656732,0.04824703,-0.01893646,-0.11226638
AIT-2025-01-006,HON,0.01417408,0.01569268,0.00638476,-0.02139734
AIT-2025-01-006,IDXX,0.01712819,0.01998212,0.13116158,0.13248398
AIT-2025-01-006,INTC,0.01767293,0.00561633,0.02131377,0.34965784
AIT-2025-01-006,INTU,0.00728475,0.00902867,-0.01550772,0.06187459
AIT-2025-01-006,ISRG,0.00719641,-0.00320776,0.02211078,-0.01113326
AIT-2025-01-006,KDP,0.02848411,0.02505510,-0.00524517,0.07932966
AIT-2025-01-006,KHC,0.02528248,0.01350802,-0.02526765,0.07241841
AIT-2025-01-006,KLAC,0.05597947,0.06393596,0.08627207,0.10174376
AIT-2025-01-006,LIN,0.02595663,0.02893712,0.04621475,0.08988154
AIT-2025-01-006,LITE,0.07331703,0.09806091,0.13032980,-0.05419695
AIT-2025-01-006,LRCX,0.08574821,0.10441474,0.11385536,0.15680686
AIT-2025-01-006,MAR,0.01303768,0.01198882,0.01478163,0.00268662
AIT-2025-01-006,MCHP,-0.01462413,-0.01717502,-0.02797815,0.16298023
AIT-2025-01-006,MDLZ,0.02797758,0.02263990,0.01560197,0.14544603
AIT-2025-01-006,MELI,0.02547673,0.01657366,0.03901052,0.13763511
AIT-2025-01-006,META,0.01706734,0.02690687,0.04350539,0.01441793
AIT-2025-01-006,MNST,0.01559260,0.00410773,-0.04809792,0.08736328
AIT-2025-01-006,MPWR,0.03248464,0.04990338,0.07123477,0.12711569
AIT-2025-01-006,MRVL,0.05636844,0.09242607,0.11178858,-0.09178762
AIT-2025-01-006,MSFT,-0.07221475,-0.06521478,-0.07179679,-0.07296670
AIT-2025-01-006,MSTR,0.00138385,0.00190969,-0.01790880,-0.27368613
AIT-2025-01-006,MTSI,0.05283235,0.07389682,0.09104305,-0.03065656
AIT-2025-01-006,MU,0.04987646,0.05054438,0.07359094,0.16921519
AIT-2025-01-006,NFLX,-0.00151418,0.00727030,0.03447159,0.00972552
AIT-2025-01-006,NVDA,-0.03817226,-0.06227338,-0.03586429,-0.00190780
AIT-2025-01-006,NXPI,-0.00736359,-0.00952570,0.01287315,0.12092750
AIT-2025-01-006,ODFL,-0.01441442,-0.01367692,0.03120582,-0.00872806
AIT-2025-01-006,ON,-0.00818432,-0.01133304,-0.02373346,0.00756792
AIT-2025-01-006,ORLY,0.02387738,0.01385656,0.05241220,0.06701115
AIT-2025-01-006,PANW,-0.03023631,-0.03926469,-0.03278233,0.01217245
AIT-2025-01-006,PAYX,0.00276512,0.00285274,0.02116156,0.02719757
AIT-2025-01-006,PCAR,0.04946408,0.04096245,0.00426564,0.03818743
AIT-2025-01-006,PDD,0.03015678,0.00434671,-0.00545046,0.11257542
AIT-2025-01-006,PEP,0.01250020,0.00535626,-0.02516404,0.03098575
AIT-2025-01-006,PLTR,0.00069766,0.02373850,0.23115311,0.07709410
AIT-2025-01-006,PYPL,0.01340836,0.00761149,-0.10082489,-0.18585960
AIT-2025-01-006,QCOM,0.00354436,0.02202611,0.03557559,-0.00047179
AIT-2025-01-006,REGN,-0.00141379,-0.01005344,0.05720539,0.09576177
AIT-2025-01-006,RKLB,-0.03741562,-0.01521427,-0.07025614,-0.47567431
AIT-2025-01-006,ROP,0.03978093,0.05365005,0.06302472,0.08637608
AIT-2025-01-006,ROST,0.03269440,0.02077526,-0.00297536,-0.04819855
AIT-2025-01-006,SBUX,0.08410018,0.07563029,0.11388860,0.15930546
AIT-2025-01-006,SHOP,0.01117738,0.00057366,0.03237119,-0.00733862
AIT-2025-01-006,SNPS,0.00301398,0.01392214,0.01696560,-0.03668481
AIT-2025-01-006,STX,-0.01989478,-0.03242474,-0.04476290,0.05652866
AIT-2025-01-006,TER,-0.05812626,-0.03945776,-0.07546863,-0.02977887
AIT-2025-01-006,TMUS,0.05706554,0.05161043,0.08649690,0.16636184
AIT-2025-01-006,TRI,0.01705765,0.01606156,0.02024091,0.09242972
AIT-2025-01-006,TSLA,-0.00285815,0.01919047,-0.06699320,-0.31130656
AIT-2025-01-006,TSM,0.02468389,0.03896143,0.02635863,-0.06845004
AIT-2025-01-006,TTWO,0.02040247,-0.00558474,-0.01284341,0.13663624
AIT-2025-01-006,TXN,0.02520940,0.03658020,0.01525137,0.11748490
AIT-2025-01-006,UMC,0.01841640,0.01726125,0.06422789,0.19175521
AIT-2025-01-006,VRTX,-0.00528348,0.05129931,0.10636702,0.10177879
AIT-2025-01-006,WBD,0.03400337,0.02124882,-0.00753889,0.09401019
AIT-2025-01-006,WDAY,-0.03785768,-0.02412991,0.02885250,0.01947889
AIT-2025-01-006,WDC,0.04807052,0.04921907,0.04093447,0.11439605
AIT-2025-01-006,WMT,0.00920917,0.00363063,0.03887390,-0.03773709
AIT-2025-01-006,XEL,0.00450794,0.00859144,0.01673697,0.04261164
AIT-2025-01-007,AAPL,-0.01448327,-0.02077040,-0.04391996,0.02738889
AIT-2025-01-007,ABNB,0.00053564,-0.01151799,0.03564156,0.18158156
AIT-2025-01-007,ADBE,0.00919282,0.00009790,0.03425570,0.09786211
AIT-2025-01-007,ADI,-0.02656823,-0.01448265,-0.03851608,0.15811853
AIT-2025-01-007,ADP,0.00418944,0.01304188,0.00648841,0.03870784
AIT-2025-01-007,ADSK,-0.01462224,-0.00519504,-0.02728859,-0.09948512
AIT-2025-01-007,AEP,-0.00688207,0.00788692,0.02860177,0.05152214
AIT-2025-01-007,ALAB,0.00010045,0.03421722,-0.00561498,-0.27540805
AIT-2025-01-007,ALNY,-0.00668323,0.00800101,-0.00921697,-0.14638677
AIT-2025-01-007,AMAT,-0.00511655,-0.00025643,0.02114055,-0.00851111
AIT-2025-01-007,AMD,0.03732846,-0.03073899,-0.03700725,0.01585029
AIT-2025-01-007,AMGN,0.01317539,0.07583254,0.03337636,0.13454351
AIT-2025-01-007,AMZN,0.01885658,-0.01141171,-0.02438635,-0.08355226
AIT-2025-01-007,APP,0.01608589,-0.03319775,-0.01242823,-0.09574607
AIT-2025-01-007,ARM,0.01984038,0.07590860,0.00217634,-0.09156986
AIT-2025-01-007,ASML,-0.00504821,0.00459667,0.01304812,0.10869547
AIT-2025-01-007,ASX,-0.02399373,-0.00810078,0.01259130,0.08471300
AIT-2025-01-007,AVGO,0.00318714,0.03452799,0.04238944,-0.07337022
AIT-2025-01-007,AXON,0.01086572,0.03029538,0.01686724,-0.18739921
AIT-2025-01-007,BKNG,-0.01422488,-0.01488854,0.02617333,0.05797953
AIT-2025-01-007,BKR,0.03581980,0.04965379,0.01635085,-0.05588283
AIT-2025-01-007,CCEP,-0.00955445,0.00445142,0.01906717,0.09694952
AIT-2025-01-007,CDNS,0.00971739,0.01374333,0.02598610,-0.09778902
AIT-2025-01-007,CEG,0.01743288,0.03411352,0.05279116,-0.22305855
AIT-2025-01-007,CMCSA,-0.00182590,0.00815718,0.02507317,0.09163015
AIT-2025-01-007,COST,0.04115832,0.05793388,0.07454215,0.07884863
AIT-2025-01-007,CPRT,-0.00014098,0.01183539,0.01112829,-0.01807482
AIT-2025-01-007,CRDO,0.07613953,0.10291408,0.05122719,-0.21743973
AIT-2025-01-007,CRWD,0.02452106,0.04102455,0.06782815,0.07372675
AIT-2025-01-007,CSCO,0.01072304,0.02737389,0.02831874,0.05588087
AIT-2025-01-007,CSX,0.00197417,0.00023951,0.00837929,0.00298536
AIT-2025-01-007,CTAS,-0.00041236,0.00127726,0.01132345,0.04510261
AIT-2025-01-007,DASH,0.02924797,0.03210128,0.01239949,0.05972733
AIT-2025-01-007,DDOG,0.02259228,0.01062760,0.02622824,-0.13787640
AIT-2025-01-007,DXCM,0.01155871,0.02761030,0.02800367,0.01038258
AIT-2025-01-007,EA,-0.01376006,0.05975076,0.07179998,0.09781985
AIT-2025-01-007,ENTG,0.00271608,0.02366999,0.05859735,0.12528608
AIT-2025-01-007,EXC,0.01259187,0.02457802,0.04166290,0.08746105
AIT-2025-01-007,FANG,0.01355777,0.00308371,-0.01312056,-0.07916353
AIT-2025-01-007,FAST,-0.00022924,0.00166378,0.00402002,0.05004988
AIT-2025-01-007,FER,-0.01130378,-0.01006718,0.00943641,0.04694680
AIT-2025-01-007,FTNT,0.01570538,0.03404768,0.07098963,0.04810083
AIT-2025-01-007,GEHC,-0.01401460,-0.01405600,-0.00876796,0.01147867
AIT-2025-01-007,GILD,0.00476210,0.01922485,-0.02850007,0.14275965
AIT-2025-01-007,GOOG,0.01021078,-0.06438855,-0.09262193,-0.12298066
AIT-2025-01-007,GOOGL,0.01146585,-0.06667282,-0.09391994,-0.12555230
AIT-2025-01-007,HON,-0.00116150,-0.00920451,-0.07279434,-0.04388448
AIT-2025-01-007,IDXX,0.10607008,0.11097185,0.10709221,0.13142147
AIT-2025-01-007,INTC,0.00174034,0.01554990,0.03324753,0.31044747
AIT-2025-01-007,INTU,-0.01473011,-0.02433706,-0.02539990,0.06667205
AIT-2025-01-007,ISRG,0.01078281,0.02458480,0.02760201,-0.00873101
AIT-2025-01-007,KDP,-0.02538288,-0.03085745,-0.03894554,0.04996884
AIT-2025-01-007,KHC,-0.03640463,-0.03926673,-0.02386541,0.07197450
AIT-2025-01-007,KLAC,0.01759904,0.02261569,0.01390970,0.07478810
AIT-2025-01-007,LIN,0.02059583,0.01673138,0.03383564,0.06755859
AIT-2025-01-007,LITE,0.01109114,0.03177352,-0.05749222,-0.19205596
AIT-2025-01-007,LRCX,-0.00862075,0.01025028,0.03768994,0.09954426
AIT-2025-01-007,MAR,0.00099742,0.00290653,0.04352416,-0.01963711
AIT-2025-01-007,MCHP,-0.02453566,-0.01120875,-0.03058034,0.22619202
AIT-2025-01-007,MDLZ,-0.03083721,-0.00728570,0.01404951,0.14518525
AIT-2025-01-007,MELI,0.02156265,0.02170449,0.05208382,0.09282521
AIT-2025-01-007,META,0.02160441,0.01712479,0.03319535,-0.01707889
AIT-2025-01-007,MNST,-0.04235484,-0.05210609,-0.01498020,0.14242291
AIT-2025-01-007,MPWR,0.03464582,0.02215183,0.10549210,0.09018507
AIT-2025-01-007,MRVL,-0.02982866,0.02008427,-0.01460838,-0.13630149
AIT-2025-01-007,MSFT,-0.00474819,-0.00636531,-0.00759031,0.00284638
AIT-2025-01-007,MSTR,0.03355634,-0.01879105,-0.03862884,-0.07843952
AIT-2025-01-007,MTSI,0.00171673,0.01678029,-0.08553141,-0.10748344
AIT-2025-01-007,MU,-0.00157599,0.02373764,0.05374647,0.15687478
AIT-2025-01-007,NFLX,0.01697854,0.02778046,0.04042976,0.03044540
AIT-2025-01-007,NVDA,-0.01243898,0.02841697,0.09234644,0.07724646
AIT-2025-01-007,NXPI,-0.02641748,0.02185781,0.01015010,0.12596485
AIT-2025-01-007,ODFL,-0.00732168,0.04447349,0.08931804,0.02270101
AIT-2025-01-007,ON,-0.02853760,-0.01231655,-0.09844193,-0.00961572
AIT-2025-01-007,ORLY,0.02991011,0.03844509,0.00848552,0.05984833
AIT-2025-01-007,PANW,-0.00577924,0.00720064,0.05571164,0.05916030
AIT-2025-01-007,PAYX,0.01132934,0.01759948,-0.00390783,0.04809482
AIT-2025-01-007,PCAR,-0.01998627,-0.03670103,-0.04327610,-0.02562556
AIT-2025-01-007,PDD,0.02517900,-0.01108951,0.04509203,0.06475264
AIT-2025-01-007,PEP,-0.04669089,-0.03097461,-0.03817268,0.03885113
AIT-2025-01-007,PLTR,0.24610524,0.20844992,0.33869683,0.07395303
AIT-2025-01-007,PYPL,-0.12305817,-0.10953509,-0.12561032,-0.23363254
AIT-2025-01-007,QCOM,0.00417228,0.01367372,-0.00876006,0.01183754
AIT-2025-01-007,REGN,0.03997659,0.06686474,0.03473834,0.08155495
AIT-2025-01-007,RKLB,-0.03062326,-0.05273356,-0.00835983,-0.48047280
AIT-2025-01-007,ROP,0.00506345,0.00913869,-0.00118443,0.06605329
AIT-2025-01-007,ROST,-0.02412745,-0.02343690,-0.06075630,-0.07553488
AIT-2025-01-007,SBUX,0.02642916,0.03817346,0.02937253,0.06994406
AIT-2025-01-007,SHOP,0.01943691,0.03182721,0.01211307,-0.06846813
AIT-2025-01-007,SNPS,0.00105555,0.00338164,0.01275696,-0.03249341
AIT-2025-01-007,STX,-0.01841813,-0.01333122,0.01072532,0.03387688
AIT-2025-01-007,TER,-0.03486646,-0.03536819,-0.02426570,0.02772071
AIT-2025-01-007,TMUS,0.01570617,0.03479737,0.08503067,0.12014762
AIT-2025-01-007,TRI,-0.00056464,0.00406305,0.06094039,0.08207490
AIT-2025-01-007,TSLA,-0.03607619,-0.08650052,-0.17381888,-0.33500258
AIT-2025-01-007,TSM,-0.02570321,-0.01173065,-0.01874107,-0.08354558
AIT-2025-01-007,TTWO,-0.01162321,-0.00775201,0.13808557,0.14865671
AIT-2025-01-007,TXN,-0.02192622,-0.02172470,-0.03006942,0.11452624
AIT-2025-01-007,UMC,0.04525167,0.04669798,0.05906988,0.23801381
AIT-2025-01-007,VRTX,0.04426323,0.05453386,0.01586547,0.08142623
AIT-2025-01-007,WBD,-0.03792161,-0.02894727,-0.05242780,0.10836573
AIT-2025-01-007,WDAY,-0.00706342,0.05322411,0.03209931,0.03377274
AIT-2025-01-007,WDC,-0.01672160,-0.00783007,0.06264980,0.02326147
AIT-2025-01-007,WMT,0.02235120,0.03577292,0.03408188,-0.05726437
AIT-2025-01-007,XEL,-0.00067890,0.00740523,-0.01213223,0.01609727
AIT-2025-02-004,AAPL,-0.01646089,-0.02238698,0.02784555,0.06379590
AIT-2025-02-004,ABNB,0.05245891,0.04775166,0.08653056,0.15516256
AIT-2025-02-004,ADBE,-0.00112683,0.03415120,0.04718000,0.11179306
AIT-2025-02-004,ADI,-0.01093222,-0.02347274,-0.01321461,0.18052200
AIT-2025-02-004,ADP,-0.00590028,-0.00660020,-0.00174801,0.00174127
AIT-2025-02-004,ADSK,-0.02718007,-0.02326751,-0.03934335,-0.13241956
AIT-2025-02-004,AEP,0.00640268,0.02003482,0.01875851,0.02952209
AIT-2025-02-004,ALAB,-0.03686657,-0.03724229,-0.21385042,-0.33036534
AIT-2025-02-004,ALNY,-0.00365963,-0.01811173,-0.06561539,-0.16029494
AIT-2025-02-004,AMAT,0.01397425,0.02090285,0.01250533,0.01748784
AIT-2025-02-004,AMD,-0.02238047,-0.00624940,-0.00195026,0.05452564
AIT-2025-02-004,AMGN,-0.04263466,-0.04259178,-0.03977048,0.09994925
AIT-2025-02-004,AMZN,-0.02020474,-0.01297733,-0.03656519,-0.09011044
AIT-2025-02-004,APP,0.02277810,0.02112635,0.20967033,-0.24932313
AIT-2025-02-004,ARM,-0.04370324,-0.07514528,-0.07276798,-0.14395973
AIT-2025-02-004,ASML,-0.00317629,0.00798153,0.04507178,0.14607578
AIT-2025-02-004,ASX,0.01467835,0.02044891,0.06240648,0.10661824
AIT-2025-02-004,AVGO,-0.01869077,0.00781473,-0.01350954,-0.06362465
AIT-2025-02-004,AXON,-0.00181145,-0.01406715,-0.05113283,-0.22943311
AIT-2025-02-004,BKNG,0.04366991,0.04163596,0.05101760,0.02937519
AIT-2025-02-004,BKR,-0.05282131,-0.03377257,-0.06672327,-0.11105586
AIT-2025-02-004,CCEP,0.01254780,0.01412226,0.03739403,0.04804070
AIT-2025-02-004,CDNS,0.00326211,0.01216538,-0.02929798,-0.09672773
AIT-2025-02-004,CEG,-0.00918313,0.01778390,-0.03265799,-0.34783629
AIT-2025-02-004,CMCSA,0.01728859,0.01692446,0.04062701,0.14510556
AIT-2025-02-004,COST,0.00500166,0.01631138,0.02183465,-0.05221991
AIT-2025-02-004,CPRT,-0.00285876,-0.00089017,0.01410029,-0.03801731
AIT-2025-02-004,CRDO,-0.02614541,-0.05359024,-0.18255315,-0.55153351
AIT-2025-02-004,CRWD,0.02172211,0.02686459,0.07023018,-0.11761875
AIT-2025-02-004,CSCO,-0.00255788,0.00084170,0.00967392,0.03763471
AIT-2025-02-004,CSX,-0.00327887,0.00762234,0.00467100,0.00429275
AIT-2025-02-004,CTAS,0.00582672,0.01004109,0.01308029,0.03702978
AIT-2025-02-004,DASH,0.00152243,-0.02065957,0.03560194,-0.05971203
AIT-2025-02-004,DDOG,-0.00618747,0.01620167,-0.06869568,-0.19267023
AIT-2025-02-004,DXCM,-0.00285099,-0.00087189,-0.04580754,-0.07646751
AIT-2025-02-004,EA,-0.01090186,0.01208130,-0.01019326,0.09998517
AIT-2025-02-004,ENTG,0.04475620,0.03503866,0.04632252,0.16111808
AIT-2025-02-004,EXC,0.00488126,0.01607710,0.04162641,0.04187277
AIT-2025-02-004,FANG,-0.03594037,-0.01610422,-0.05113442,-0.10641446
AIT-2025-02-004,FAST,0.00865104,0.00196401,0.01063591,0.12292194
AIT-2025-02-004,FER,0.00070026,0.01821778,0.04468410,0.04045149
AIT-2025-02-004,FTNT,0.02432631,0.03614521,0.03020086,-0.04486834
AIT-2025-02-004,GEHC,0.01194774,0.00494610,0.06958441,0.05404542
AIT-2025-02-004,GILD,-0.03908875,-0.04798482,0.05225496,0.13980439
AIT-2025-02-004,GOOG,-0.02503887,-0.02792759,-0.03988978,-0.03675602
AIT-2025-02-004,GOOGL,-0.02450617,-0.02693170,-0.03894384,-0.03803218
AIT-2025-02-004,HON,-0.07428257,-0.06412077,-0.08577325,-0.00779220
AIT-2025-02-004,IDXX,-0.00977519,-0.00410154,-0.01887016,-0.00221206
AIT-2025-02-004,INTC,-0.00561626,0.01764711,0.21775615,0.28421264
AIT-2025-02-004,INTU,-0.00754205,-0.00029806,-0.01107688,0.12001739
AIT-2025-02-004,ISRG,-0.01071310,0.00253696,-0.01773443,-0.11125988
AIT-2025-02-004,KDP,-0.00236622,-0.00800142,0.02154873,0.07456598
AIT-2025-02-004,KHC,0.02760253,0.01559301,0.02817093,0.16957104
AIT-2025-02-004,KLAC,0.00051256,-0.00893837,-0.00683542,0.07598296
AIT-2025-02-004,LIN,0.00706639,0.01687363,0.01469201,0.06835498
AIT-2025-02-004,LITE,-0.02387279,-0.08980799,-0.16431879,-0.27109316
AIT-2025-02-004,LRCX,0.02281495,0.02695130,0.01151643,0.13446720
AIT-2025-02-004,MAR,0.04505282,0.04025087,-0.02034122,-0.05393658
AIT-2025-02-004,MCHP,-0.01326105,-0.01878257,0.01915867,0.28459975
AIT-2025-02-004,MDLZ,0.01989972,0.02108101,0.06669471,0.18959676
AIT-2025-02-004,MELI,0.01407105,0.03036166,0.03303045,0.04457522
AIT-2025-02-004,META,0.02116073,0.01628740,0.02119273,-0.05328758
AIT-2025-02-004,MNST,0.01081568,0.03697443,0.07295459,0.19888944
AIT-2025-02-004,MPWR,0.12060590,0.08358484,0.06056352,0.10178907
AIT-2025-02-004,MRVL,-0.03555762,-0.03501752,-0.14462915,-0.35584254
AIT-2025-02-004,MSFT,-0.00016728,-0.00101958,-0.01165117,0.02686715
AIT-2025-02-004,MSTR,-0.01414450,-0.02234731,-0.09361101,-0.03613467
AIT-2025-02-004,MTSI,-0.05321852,-0.10229869,-0.12525537,-0.18579759
AIT-2025-02-004,MU,0.00411671,0.02970217,0.01593617,0.16460183
AIT-2025-02-004,NFLX,0.00793116,0.01271707,0.01701200,-0.08090756
AIT-2025-02-004,NVDA,0.05384489,0.06421713,0.05484826,0.02614568
AIT-2025-02-004,NXPI,0.01208981,-0.01124795,0.02554218,0.16845240
AIT-2025-02-004,ODFL,0.02650887,0.04435557,0.06334744,0.00685167
AIT-2025-02-004,ON,0.00884863,-0.08543735,-0.01460951,0.04261965
AIT-2025-02-004,ORLY,-0.02152766,-0.02988264,-0.01473522,-0.00536381
AIT-2025-02-004,PANW,0.04545539,0.04842136,0.06439301,0.03455940
AIT-2025-02-004,PAYX,-0.01939570,-0.02188123,-0.01721808,0.03571896
AIT-2025-02-004,PCAR,-0.00171323,-0.00637976,-0.01566484,0.09882395
AIT-2025-02-004,PDD,0.04159016,0.05575163,0.09584102,0.13393299
AIT-2025-02-004,PEP,-0.00631002,-0.00745629,-0.00427333,0.08076279
AIT-2025-02-004,PLTR,0.09746645,0.12949063,0.10891523,-0.13534898
AIT-2025-02-004,PYPL,-0.01947923,-0.01579566,-0.04828013,-0.07912652
AIT-2025-02-004,QCOM,-0.02987826,-0.02210034,-0.02911030,0.05826526
AIT-2025-02-004,REGN,-0.00043868,-0.03136190,-0.05416235,0.07360004
AIT-2025-02-004,RKLB,-0.04724268,0.04118942,-0.08483754,-0.47195165
AIT-2025-02-004,ROP,-0.00893782,-0.01051617,-0.01622324,0.06535514
AIT-2025-02-004,ROST,-0.02986308,-0.03735093,-0.05444357,-0.05251478
AIT-2025-02-004,SBUX,0.00313163,-0.00889669,-0.00186876,-0.01653525
AIT-2025-02-004,SHOP,-0.02628385,-0.01899782,0.02813171,-0.10928821
AIT-2025-02-004,SNPS,0.01054941,0.00902380,-0.00629406,-0.01797313
AIT-2025-02-004,STX,0.01466852,0.02351811,0.05098466,-0.01699344
AIT-2025-02-004,TER,0.01920453,0.01206394,-0.01479094,0.08502938
AIT-2025-02-004,TMUS,0.01488334,0.05006397,0.07937858,0.08317596
AIT-2025-02-004,TRI,0.04814629,0.05688811,0.05266401,0.09150312
AIT-2025-02-004,TSLA,-0.03509341,-0.08710032,-0.10038044,-0.28859422
AIT-2025-02-004,TSM,-0.00296421,-0.00725254,-0.05404526,-0.08892738
AIT-2025-02-004,TTWO,0.13333259,0.14548280,0.12606318,0.13318869
AIT-2025-02-004,TXN,0.00007488,-0.00735837,-0.01488031,0.12542525
AIT-2025-02-004,UMC,0.00824225,0.01312901,0.04216392,0.21780872
AIT-2025-02-004,VRTX,-0.03558727,-0.03852506,-0.05860609,0.03456005
AIT-2025-02-004,WBD,0.00086177,-0.02311637,-0.00785193,0.12123299
AIT-2025-02-004,WDAY,-0.00817955,-0.02112366,-0.06235706,-0.02061353
AIT-2025-02-004,WDC,0.00973448,0.07046694,0.04005858,-0.02605305
AIT-2025-02-004,WMT,-0.01509407,-0.00192280,0.00975106,-0.13436909
AIT-2025-02-004,XEL,-0.02280685,-0.02016271,-0.00206921,-0.02799126
AIT-2025-02-001,AAPL,0.02131027,0.03117197,0.00817628,-0.07188302
AIT-2025-02-001,ABNB,-0.04629423,-0.04723577,-0.05295989,-0.07648014
AIT-2025-02-001,ADBE,-0.00193563,0.00449190,0.01428007,-0.03474053
AIT-2025-02-001,ADI,0.02736831,0.02832430,0.01069850,0.00930870
AIT-2025-02-001,ADP,-0.00071696,0.00489402,0.00786318,-0.03096716
AIT-2025-02-001,ADSK,-0.02184330,-0.01586566,-0.00212528,-0.02132113
AIT-2025-02-001,AEP,0.01561441,0.02278846,0.00533554,-0.00584769
AIT-2025-02-001,ALAB,0.01649649,0.01769773,-0.02177878,0.01177239
AIT-2025-02-001,ALNY,0.00480828,-0.00276769,-0.05034663,-0.01186391
AIT-2025-02-001,AMAT,0.04495818,0.03816078,0.02252777,0.12389809
AIT-2025-02-001,AMD,0.01737103,0.00561334,-0.02247153,0.17454312
AIT-2025-02-001,AMGN,0.04252616,0.06750353,0.06805826,0.11974262
AIT-2025-02-001,AMZN,-0.01488621,-0.02653373,-0.01659119,-0.03998255
AIT-2025-02-001,APP,-0.12400246,-0.13071055,-0.33288443,-0.35188735
AIT-2025-02-001,ARM,0.00492471,-0.01038146,-0.01826330,0.00786215
AIT-2025-02-001,ASML,0.03762042,0.04757923,0.04538365,0.20449068
AIT-2025-02-001,ASX,0.00237337,-0.01758059,-0.03196235,0.02982894
AIT-2025-02-001,AVGO,0.01220588,-0.02519032,-0.01734076,0.03775550
AIT-2025-02-001,AXON,-0.12287517,-0.14739779,-0.07035929,-0.01267056
AIT-2025-02-001,BKNG,-0.00443180,0.01091442,0.00243593,-0.04033725
AIT-2025-02-001,BKR,-0.01128310,-0.03060373,-0.04032686,-0.00410196
AIT-2025-02-001,CCEP,0.01255962,0.01297896,0.00756145,0.01081764
AIT-2025-02-001,CDNS,-0.01402078,-0.02477774,0.00178550,0.12588998
AIT-2025-02-001,CEG,-0.08709089,-0.14016723,-0.17793457,-0.26716168
AIT-2025-02-001,CMCSA,0.00549566,0.01027340,-0.00216132,0.06093169
AIT-2025-02-001,COST,-0.01294170,-0.01025340,-0.01202221,-0.13300856
AIT-2025-02-001,CPRT,-0.03567297,-0.02883138,-0.03829818,-0.03105504
AIT-2025-02-001,CRDO,-0.01729186,-0.10768415,-0.18377093,-0.25002945
AIT-2025-02-001,CRWD,-0.06021899,-0.08891850,-0.08010770,-0.03892411
AIT-2025-02-001,CSCO,0.00050385,-0.00859059,0.01287477,-0.02603907
AIT-2025-02-001,CSX,0.01180621,0.00023490,0.02179977,-0.00722807
AIT-2025-02-001,CTAS,-0.00466277,-0.00742503,0.00491472,-0.02457513
AIT-2025-02-001,DASH,-0.04635502,-0.06392589,-0.04848013,-0.04660284
AIT-2025-02-001,DDOG,-0.04414033,-0.05568360,-0.06217613,-0.10464310
AIT-2025-02-001,DXCM,0.00081522,0.02620326,0.00616306,-0.10664942
AIT-2025-02-001,EA,0.02414680,0.05061421,0.03689061,0.15602307
AIT-2025-02-001,ENTG,0.01610663,0.01201797,0.01975226,0.16234178
AIT-2025-02-001,EXC,0.01449741,0.02187659,0.02868853,0.03525798
AIT-2025-02-001,FANG,-0.01252539,-0.01475710,0.00173009,0.06625770
AIT-2025-02-001,FAST,0.00554863,0.00905104,0.01537004,0.06365136
AIT-2025-02-001,FER,-0.00415087,-0.01489289,0.01017508,0.02629820
AIT-2025-02-001,FTNT,-0.03242861,-0.04419805,-0.05408749,-0.14864561
AIT-2025-02-001,GEHC,-0.00105957,-0.00374985,-0.00290036,-0.06945491
AIT-2025-02-001,GILD,0.01916628,0.02718863,0.03132058,-0.04749265
AIT-2025-02-001,GOOG,-0.00410428,-0.00078459,-0.03803254,-0.02580513
AIT-2025-02-001,GOOGL,-0.00502322,-0.00191460,-0.03880900,-0.03110913
AIT-2025-02-001,HON,0.01693039,0.00963906,0.03164691,0.04542324
AIT-2025-02-001,IDXX,0.02536204,0.05456837,0.02691438,0.02606127
AIT-2025-02-001,INTC,0.02896069,0.02037390,0.03588456,0.23704318
AIT-2025-02-001,INTU,-0.00468230,0.00422411,0.09376875,0.14656237
AIT-2025-02-001,ISRG,-0.00837200,-0.00642484,-0.03583374,-0.15378997
AIT-2025-02-001,KDP,0.04101129,0.04405982,0.03281228,0.03477429
AIT-2025-02-001,KHC,0.05186941,0.06161521,0.04791702,0.05987163
AIT-2025-02-001,KLAC,0.02582986,0.01786379,0.01785187,0.14443483
AIT-2025-02-001,LIN,0.00217797,0.00582791,0.02073501,0.03900943
AIT-2025-02-001,LITE,0.00821274,0.00827645,0.02582128,0.11226864
AIT-2025-02-001,LRCX,0.03519704,0.01683293,-0.01641689,0.12126127
AIT-2025-02-001,MAR,-0.01592689,-0.01453908,0.00772778,-0.08643545
AIT-2025-02-001,MCHP,0.00660747,0.02239932,0.00910665,0.02854011
AIT-2025-02-001,MDLZ,0.04830789,0.06051288,0.04518345,0.06606601
AIT-2025-02-001,MELI,0.10362648,0.09034389,0.06272745,0.05205770
AIT-2025-02-001,META,-0.00585445,-0.02432718,-0.01797862,-0.11028976
AIT-2025-02-001,MNST,0.02859545,0.02125217,0.01252951,0.11713148
AIT-2025-02-001,MPWR,0.02124120,0.02437142,0.02759412,0.17185567
AIT-2025-02-001,MRVL,-0.00758382,-0.05236483,-0.10316560,-0.20926292
AIT-2025-02-001,MSFT,0.01149935,0.00699804,0.00351097,0.03817143
AIT-2025-02-001,MSTR,0.00488860,-0.04075342,-0.13638337,0.18007946
AIT-2025-02-001,MTSI,0.02042165,0.01888679,0.00842781,0.05628120
AIT-2025-02-001,MU,0.00355578,-0.01727267,0.00554136,0.25385799
AIT-2025-02-001,NFLX,-0.01927659,-0.03089525,-0.03978453,-0.03917972
AIT-2025-02-001,NVDA,0.02707439,0.00967385,-0.00684605,0.09354212
AIT-2025-02-001,NXPI,0.00517811,0.00141202,-0.02604073,0.01096132
AIT-2025-02-001,ODFL,-0.10113857,-0.08715635,-0.10461915,-0.13709965
AIT-2025-02-001,ON,0.02723237,0.02867980,-0.03266720,0.00482950
AIT-2025-02-001,ORLY,0.01192544,0.02141627,0.05540158,0.04564527
AIT-2025-02-001,PANW,-0.04064806,-0.03767449,-0.02439231,0.00574433
AIT-2025-02-001,PAYX,-0.00113688,0.00959501,0.00988132,-0.00804196
AIT-2025-02-001,PCAR,-0.00742599,0.01383507,0.02478970,-0.00844934
AIT-2025-02-001,PDD,0.06928391,-0.01543750,-0.01049982,0.12400093
AIT-2025-02-001,PEP,0.05318854,0.05607370,0.04651625,0.03350206
AIT-2025-02-001,PLTR,-0.06011780,-0.16042422,-0.19537463,-0.14820247
AIT-2025-02-001,PYPL,-0.02255697,-0.01433733,-0.05579949,-0.04174015
AIT-2025-02-001,QCOM,-0.00902657,-0.02420058,-0.01817455,0.10340208
AIT-2025-02-001,REGN,0.04400359,0.06828804,0.07681233,0.08127291
AIT-2025-02-001,RKLB,-0.05616938,-0.09861385,-0.19021073,-0.29057479
AIT-2025-02-001,ROP,0.01273403,0.02101256,0.03154189,0.06609972
AIT-2025-02-001,ROST,-0.00853856,-0.01062980,0.01796860,-0.05918443
AIT-2025-02-001,SBUX,0.00698243,0.02229079,0.04603519,-0.08108915
AIT-2025-02-001,SHOP,-0.05801921,-0.05109341,-0.05494347,-0.08017505
AIT-2025-02-001,SNPS,-0.00377501,-0.00221934,0.01492627,0.10534968
AIT-2025-02-001,STX,0.00777080,0.00659025,0.04066502,-0.02513475
AIT-2025-02-001,TER,0.05248152,0.04465190,0.05588536,-0.02969284
AIT-2025-02-001,TMUS,0.00944437,0.02011032,0.00608223,-0.03378866
AIT-2025-02-001,TRI,0.03807743,0.04220338,0.05450712,0.03787367
AIT-2025-02-001,TSLA,-0.00875971,-0.01957282,-0.12259852,-0.21202422
AIT-2025-02-001,TSM,0.02809439,0.00351699,-0.01064412,0.03718528
AIT-2025-02-001,TTWO,-0.00258325,0.00167876,-0.00379865,0.01690877
AIT-2025-02-001,TXN,0.06035575,0.06129082,0.04462329,0.04897773
AIT-2025-02-001,UMC,0.03239877,0.04476830,0.05702556,0.18513937
AIT-2025-02-001,VRTX,0.03768361,0.03447709,0.02995376,0.11498271
AIT-2025-02-001,WBD,0.00333554,0.03408037,0.03891262,0.01930899
AIT-2025-02-001,WDAY,0.00218012,0.02784240,0.04581947,0.04433878
AIT-2025-02-001,WDC,0.00351822,-0.04233046,-0.01502572,0.00236982
AIT-2025-02-001,WMT,-0.08919941,-0.10213580,-0.07004270,-0.21602579
AIT-2025-02-001,XEL,0.00887613,0.01925806,0.01394791,-0.00901001
AIT-2025-02-002,AAPL,-0.02432970,-0.02333967,-0.01806737,-0.07732314
AIT-2025-02-002,ABNB,0.00430348,-0.00603673,0.03077841,-0.02108713
AIT-2025-02-002,ADBE,0.00117143,0.01039013,0.04988101,-0.01758744
AIT-2025-02-002,ADI,-0.00395875,-0.01817827,0.02357926,-0.01572212
AIT-2025-02-002,ADP,-0.00251945,0.00351479,0.01397098,-0.04048844
AIT-2025-02-002,ADSK,0.00565170,0.01367350,-0.02473594,-0.01473773
AIT-2025-02-002,AEP,0.00289592,-0.01709329,-0.02139379,-0.06134488
AIT-2025-02-002,ALAB,-0.00115650,-0.04179765,-0.08153540,-0.03526112
AIT-2025-02-002,ALNY,-0.02443958,-0.04671033,-0.02363723,0.08472830
AIT-2025-02-002,AMAT,0.01513050,-0.01602024,-0.00057738,0.03946526
AIT-2025-02-002,AMD,-0.01524097,-0.02926552,0.02146957,0.20340311
AIT-2025-02-002,AMGN,-0.00688737,0.00007423,0.02942752,0.02025621
AIT-2025-02-002,AMZN,0.01404634,0.01083613,0.00731627,0.01614793
AIT-2025-02-002,APP,-0.20582820,-0.20216227,-0.16484087,-0.17213986
AIT-2025-02-002,ARM,0.00268134,-0.00918188,-0.02539475,-0.01239246
AIT-2025-02-002,ASML,0.02905263,-0.00252549,0.04772111,0.11347003
AIT-2025-02-002,ASX,0.03126237,-0.01469794,0.00931800,0.00928589
AIT-2025-02-002,AVGO,0.03530089,0.00682140,-0.01066098,-0.01649677
AIT-2025-02-002,AXON,0.14465334,0.07690588,0.08755651,0.13408298
AIT-2025-02-002,BKNG,-0.00014221,-0.00884933,-0.00172566,-0.03296753
AIT-2025-02-002,BKR,-0.02397453,-0.00987342,-0.01814179,0.01444204
AIT-2025-02-002,CCEP,-0.01189045,-0.00576450,-0.00513431,-0.03026439
AIT-2025-02-002,CDNS,0.01546984,0.02672484,0.02832012,0.15500406
AIT-2025-02-002,CEG,0.01309835,-0.03792560,-0.09304490,-0.13196160
AIT-2025-02-002,CMCSA,-0.02951285,-0.01265653,-0.00022139,0.05324769
AIT-2025-02-002,COST,-0.00229103,-0.00205749,0.01925319,-0.10432892
AIT-2025-02-002,CPRT,-0.00422723,-0.00953624,-0.01517493,0.01353581
AIT-2025-02-002,CRDO,0.02204648,-0.07681169,-0.01430435,-0.17633325
AIT-2025-02-002,CRWD,0.01614162,0.00894576,0.05986206,0.05476074
AIT-2025-02-002,CSCO,0.01475207,0.02137509,0.02011541,-0.03055144
AIT-2025-02-002,CSX,0.00960855,0.02165894,0.01134515,-0.03325076
AIT-2025-02-002,CTAS,0.00682449,0.01245079,0.02634133,-0.03650198
AIT-2025-02-002,DASH,0.01516895,0.01515433,0.01058234,0.01794428
AIT-2025-02-002,DDOG,-0.02908378,-0.00596784,0.03103005,-0.00510529
AIT-2025-02-002,DXCM,-0.00424149,-0.02042871,-0.07318335,-0.15773200
AIT-2025-02-002,EA,-0.01719667,-0.01421694,0.00423789,0.09994827
AIT-2025-02-002,ENTG,0.02704392,0.00537040,0.05354144,0.05351487
AIT-2025-02-002,EXC,0.01459861,0.00689039,0.00162806,-0.03004505
AIT-2025-02-002,FANG,-0.01319014,0.01625394,-0.04062285,0.09578026
AIT-2025-02-002,FAST,-0.00839252,0.00638422,0.01926550,0.06035664
AIT-2025-02-002,FER,0.03528045,0.02574273,0.02901492,0.03170537
AIT-2025-02-002,FTNT,0.00064847,-0.00935368,-0.01401388,-0.09255803
AIT-2025-02-002,GEHC,0.00469271,0.00136811,-0.04700306,-0.06918946
AIT-2025-02-002,GILD,-0.00917695,0.00436635,0.02376408,-0.06470627
AIT-2025-02-002,GOOG,-0.03011696,-0.03624808,-0.00415788,0.00335468
AIT-2025-02-002,GOOGL,-0.03076723,-0.03585890,-0.00374928,0.00029283
AIT-2025-02-002,HON,0.00942761,0.02306692,0.01656231,0.03640041
AIT-2025-02-002,IDXX,-0.00686707,-0.02850611,-0.01219712,-0.05392958
AIT-2025-02-002,INTC,-0.00999147,0.01595669,-0.01285279,0.18927014
AIT-2025-02-002,INTU,0.11212235,0.08937320,0.10332662,0.15537268
AIT-2025-02-002,ISRG,-0.01487824,-0.02927292,-0.02928093,-0.11613216
AIT-2025-02-002,KDP,-0.00915184,-0.01121694,-0.00886548,0.00448522
AIT-2025-02-002,KHC,-0.02013025,-0.01504629,0.00182289,-0.02936545
AIT-2025-02-002,KLAC,0.01458889,-0.00057449,0.03539214,0.08810699
AIT-2025-02-002,LIN,0.00919109,0.01490180,0.02466091,0.01895503
AIT-2025-02-002,LITE,0.01123618,0.01722805,-0.01182287,0.07115256
AIT-2025-02-002,LRCX,-0.00935836,-0.03388649,0.00782761,0.06324124
AIT-2025-02-002,MAR,0.02260676,0.02183834,0.01026090,-0.08939434
AIT-2025-02-002,MCHP,-0.00143826,-0.01393891,0.04065471,0.00714557
AIT-2025-02-002,MDLZ,-0.02667514,-0.01587597,0.00877298,0.01449143
AIT-2025-02-002,MELI,-0.00907489,-0.02828091,-0.05267399,0.00331839
AIT-2025-02-002,META,0.01151374,0.00687290,-0.00778812,-0.04531633
AIT-2025-02-002,MNST,-0.01550770,-0.00866917,0.05024889,0.11705073
AIT-2025-02-002,MPWR,0.04692472,0.00311066,0.01664008,0.13559766
AIT-2025-02-002,MRVL,-0.01908245,-0.05167242,-0.00448963,-0.20405742
AIT-2025-02-002,MSFT,-0.00378538,-0.00309279,0.00511956,0.03451663
AIT-2025-02-002,MSTR,-0.05592446,-0.09526730,0.08174095,0.28062298
AIT-2025-02-002,MTSI,0.00592686,-0.01052864,-0.00535197,0.03071320
AIT-2025-02-002,MU,0.04138265,0.02213209,0.05730448,0.14017843
AIT-2025-02-002,NFLX,0.00265240,-0.00896998,0.01018710,0.01114368
AIT-2025-02-002,NVDA,0.02168030,-0.01785847,-0.00880984,0.03678360
AIT-2025-02-002,NXPI,-0.00378272,-0.02839461,-0.02405767,0.01840471
AIT-2025-02-002,ODFL,-0.02930043,-0.01788478,-0.00074566,-0.03335590
AIT-2025-02-002,ON,-0.03748958,-0.06164215,-0.08323568,-0.01414901
AIT-2025-02-002,ORLY,0.01153344,0.03383266,0.03835795,0.03583654
AIT-2025-02-002,PANW,0.00176423,0.01310223,0.01602031,0.04561714
AIT-2025-02-002,PAYX,-0.00355783,0.00040583,0.02669513,-0.03786879
AIT-2025-02-002,PCAR,0.00245242,0.01139755,-0.01375547,-0.02806633
AIT-2025-02-002,PDD,0.00425320,0.00452399,-0.02984712,0.08869808
AIT-2025-02-002,PEP,-0.01323881,-0.00958352,0.00678219,-0.02893094
AIT-2025-02-002,PLTR,-0.01730032,-0.03643239,-0.02767745,0.02737739
AIT-2025-02-002,PYPL,-0.03880248,-0.04112361,-0.07406600,-0.02693904
AIT-2025-02-002,QCOM,0.01920813,0.00650084,0.04096634,0.11051262
AIT-2025-02-002,REGN,-0.00067119,0.00834778,-0.01353697,-0.04124447
AIT-2025-02-002,RKLB,-0.05667534,-0.09000793,-0.11864478,-0.17373793
AIT-2025-02-002,ROP,0.00184214,0.01071382,0.04405618,0.03479072
AIT-2025-02-002,ROST,0.02368764,0.02847415,0.02271802,-0.03239616
AIT-2025-02-002,SBUX,-0.00225562,0.02009904,0.00292487,-0.17899680
AIT-2025-02-002,SHOP,-0.01228566,-0.00359738,-0.06364730,0.00553553
AIT-2025-02-002,SNPS,0.01466272,0.01693425,0.03161724,0.08371067
AIT-2025-02-002,STX,0.00867440,0.03401569,-0.01222085,-0.06318899
AIT-2025-02-002,TER,0.02547055,0.01087896,0.03388482,-0.09469789
AIT-2025-02-002,TMUS,-0.01933442,-0.01416343,-0.00991658,-0.06158620
AIT-2025-02-002,TRI,0.00503839,0.01194233,0.01691274,-0.00142614
AIT-2025-02-002,TSLA,-0.11478689,-0.10240130,-0.10316167,-0.04695909
AIT-2025-02-002,TSM,0.02357084,-0.01470559,0.00663912,0.00716804
AIT-2025-02-002,TTWO,-0.01167130,-0.00529807,0.00456927,0.04026921
AIT-2025-02-002,TXN,-0.00454969,-0.01673246,0.02352347,-0.01961079
AIT-2025-02-002,UMC,0.02375157,0.01186578,0.07730159,0.12209490
AIT-2025-02-002,VRTX,-0.00357982,-0.00391577,0.02748818,0.06598323
AIT-2025-02-002,WBD,-0.05262960,0.00577749,0.04347143,0.00387418
AIT-2025-02-002,WDAY,0.04148863,0.01742615,0.00419907,0.00476012
AIT-2025-02-002,WDC,0.03538798,0.02749445,-0.01610489,-0.01179552
AIT-2025-02-002,WMT,0.02359884,0.03170676,0.00927907,-0.13927575
AIT-2025-02-002,XEL,-0.01443591,-0.00525693,-0.01986659,-0.06150039
AIT-2025-02-006,AAPL,0.00579443,0.00562890,0.01012731,-0.03837984
AIT-2025-02-006,ABNB,-0.03206504,0.00575787,-0.01002354,-0.04225462
AIT-2025-02-006,ADBE,-0.00379382,0.02176494,0.05571422,-0.02230293
AIT-2025-02-006,ADI,-0.01152166,0.01236933,0.02690324,-0.00614031
AIT-2025-02-006,ADP,0.01057483,0.02873996,-0.01685684,-0.01128037
AIT-2025-02-006,ADSK,-0.04162235,-0.02771898,-0.04904229,-0.01563298
AIT-2025-02-006,AEP,-0.00982640,0.00174981,-0.05265819,-0.04277202
AIT-2025-02-006,ALAB,-0.10571945,-0.14406150,-0.15022560,-0.12981813
AIT-2025-02-006,ALNY,0.00704502,0.00057174,0.02080023,0.07848948
AIT-2025-02-006,AMAT,-0.05587487,-0.05075894,-0.00385240,0.02112053
AIT-2025-02-006,AMD,-0.03925632,-0.01657376,0.03860855,0.18177256
AIT-2025-02-006,AMGN,0.00644621,0.02543192,0.05959112,0.03103849
AIT-2025-02-006,AMZN,-0.00856647,-0.01698081,-0.00947240,0.00542102
AIT-2025-02-006,APP,-0.02885417,0.04629069,-0.16681688,-0.19876756
AIT-2025-02-006,ARM,-0.05093864,-0.07639971,-0.04241278,-0.06182382
AIT-2025-02-006,ASML,-0.04410371,-0.01977496,0.04776567,0.06538828
AIT-2025-02-006,ASX,-0.06177932,-0.06907329,-0.01544063,-0.04962556
AIT-2025-02-006,AVGO,-0.06460280,-0.07802347,-0.07091164,-0.10525782
AIT-2025-02-006,AXON,-0.08294989,-0.07264506,-0.11201132,-0.05259284
AIT-2025-02-006,BKNG,-0.00479242,-0.00339506,-0.03954912,-0.03072431
AIT-2025-02-006,BKR,0.02215424,0.01414139,-0.01293401,0.01352970
AIT-2025-02-006,CCEP,0.00155236,0.01564282,-0.00673936,0.01312275
AIT-2025-02-006,CDNS,-0.01047053,-0.01006916,0.03607504,0.14312768
AIT-2025-02-006,CEG,-0.07553886,-0.12130303,-0.20299167,-0.20635176
AIT-2025-02-006,CMCSA,0.02379412,0.03596969,0.05583512,0.10215197
AIT-2025-02-006,COST,0.01439123,0.02406243,0.01489604,-0.08329675
AIT-2025-02-006,CPRT,-0.02521809,-0.01334412,-0.01376992,0.03281619
AIT-2025-02-006,CRDO,-0.10534451,-0.14353394,-0.26714643,-0.30849266
AIT-2025-02-006,CRWD,-0.01181207,0.00186216,-0.05762250,0.01155153
AIT-2025-02-006,CSCO,-0.00127936,0.00085597,0.01076530,-0.03111908
AIT-2025-02-006,CSX,0.00641071,0.01617597,-0.00103532,-0.01985901
AIT-2025-02-006,CTAS,0.01516581,0.02618324,0.00452980,0.03327669
AIT-2025-02-006,DASH,-0.00423182,0.00908912,-0.07032967,-0.01444997
AIT-2025-02-006,DDOG,0.02760038,0.02188273,0.03154893,-0.02203577
AIT-2025-02-006,DXCM,-0.01383479,-0.03312026,-0.09898161,-0.20094690
AIT-2025-02-006,EA,-0.01518792,-0.00452215,0.06386573,0.13194853
AIT-2025-02-006,ENTG,-0.01380453,-0.01920137,0.06734796,0.04559627
AIT-2025-02-006,EXC,0.00164413,0.00788877,-0.03334954,-0.01251460
AIT-2025-02-006,FANG,0.04522493,-0.01419124,-0.05020993,0.10988020
AIT-2025-02-006,FAST,0.02505033,0.02076468,0.08185324,0.08663182
AIT-2025-02-006,FER,-0.01713664,-0.01306375,-0.02361479,0.01580333
AIT-2025-02-006,FTNT,-0.01472630,-0.02008772,-0.06196245,-0.11995594
AIT-2025-02-006,GEHC,-0.03679976,-0.03472296,-0.03284596,-0.07015666
AIT-2025-02-006,GILD,0.03034463,0.04524376,0.04187337,-0.02394940
AIT-2025-02-006,GOOG,-0.01243999,-0.01111117,0.04627397,0.00561781
AIT-2025-02-006,GOOGL,-0.01250897,-0.00988254,0.04636301,0.00483462
AIT-2025-02-006,HON,0.01336012,0.01982644,0.02796795,0.04692683
AIT-2025-02-006,IDXX,-0.04352533,-0.02696408,-0.02608964,-0.02179018
AIT-2025-02-006,INTC,0.01824451,0.02456827,-0.00542172,0.21491648
AIT-2025-02-006,INTU,-0.01498489,-0.01655013,0.01586118,0.05665651
AIT-2025-02-006,ISRG,-0.01540768,-0.00921745,-0.04348270,-0.11196149
AIT-2025-02-006,KDP,-0.00571256,0.01445580,-0.00021953,0.02864742
AIT-2025-02-006,KHC,0.00504701,0.02917597,0.03455461,0.02688625
AIT-2025-02-006,KLAC,-0.03589840,-0.01934805,0.03024387,0.07935783
AIT-2025-02-006,LIN,0.01222635,0.01143786,0.03026168,0.03468071
AIT-2025-02-006,LITE,-0.03164480,-0.04649594,-0.06197041,0.00079790
AIT-2025-02-006,LRCX,-0.05070440,-0.02144607,0.04075584,0.06870204
AIT-2025-02-006,MAR,-0.00456509,0.00148804,-0.03778272,-0.10949866
AIT-2025-02-006,MCHP,-0.00492170,0.01401437,0.06496589,0.01203158
AIT-2025-02-006,MDLZ,0.01410748,0.04065965,0.05996852,0.08687971
AIT-2025-02-006,MELI,-0.03548937,-0.04673947,-0.04525403,-0.01928414
AIT-2025-02-006,META,-0.01003506,-0.00989904,-0.03185474,-0.08011940
AIT-2025-02-006,MNST,0.05911531,0.07042806,0.08306300,0.14449085
AIT-2025-02-006,MPWR,-0.08533594,-0.08731785,-0.04861618,0.06634206
AIT-2025-02-006,MRVL,-0.02943755,-0.04556248,-0.14283905,-0.23823590
AIT-2025-02-006,MSFT,-0.00453789,-0.00553991,0.04000113,0.04463321
AIT-2025-02-006,MSTR,-0.03102472,0.00456261,0.25762356,0.31953997
AIT-2025-02-006,MTSI,-0.02243926,-0.04338842,-0.04687523,-0.03613675
AIT-2025-02-006,MU,-0.03437671,-0.02279631,0.01826072,0.10550740
AIT-2025-02-006,NFLX,-0.01259545,-0.00242731,-0.05533549,0.00120130
AIT-2025-02-006,NVDA,-0.04436787,-0.08250365,-0.05945857,-0.02926414
AIT-2025-02-006,NXPI,-0.05514010,-0.01817909,0.01254338,-0.00110594
AIT-2025-02-006,ODFL,0.00554898,0.00002970,0.05239936,0.02369197
AIT-2025-02-006,ON,-0.06155263,-0.06502693,-0.03332561,0.03526678
AIT-2025-02-006,ORLY,0.03029974,0.03775318,0.00894195,0.06472669
AIT-2025-02-006,PANW,0.00470265,-0.00728979,-0.00623128,-0.02534805
AIT-2025-02-006,PAYX,0.01490103,0.03449846,0.01927425,0.02723219
AIT-2025-02-006,PCAR,0.01272628,0.00753343,0.04414557,-0.02527236
AIT-2025-02-006,PDD,-0.04968822,-0.04932094,0.02651359,0.08113531
AIT-2025-02-006,PEP,0.01467823,0.03150459,0.02485255,0.01588906
AIT-2025-02-006,PLTR,-0.06335003,-0.04690440,-0.05243875,-0.01975754
AIT-2025-02-006,PYPL,-0.01385075,-0.01429403,-0.01854270,-0.00184151
AIT-2025-02-006,QCOM,-0.02536958,-0.01043985,0.05466237,0.10716039
AIT-2025-02-006,REGN,-0.00659209,-0.01014798,0.03194831,-0.01705768
AIT-2025-02-006,RKLB,-0.05221477,-0.10368381,-0.07526780,-0.20305263
AIT-2025-02-006,ROP,0.01697523,0.03434415,0.05530347,0.07057861
AIT-2025-02-006,ROST,0.01149685,-0.00214337,0.01825003,-0.03731345
AIT-2025-02-006,SBUX,0.02093332,0.02757033,-0.05347362,-0.14167116
AIT-2025-02-006,SHOP,-0.01230809,-0.02808835,-0.03182302,-0.02472765
AIT-2025-02-006,SNPS,-0.02345022,-0.01513581,0.03585528,0.07900507
AIT-2025-02-006,STX,0.01756586,0.02252569,-0.09179715,-0.05877018
AIT-2025-02-006,TER,-0.03804491,-0.03432096,0.01101439,-0.13487277
AIT-2025-02-006,TMUS,0.02218392,0.03755486,0.00084926,-0.00919096
AIT-2025-02-006,TRI,0.01131217,0.01986464,0.01152330,0.00256599
AIT-2025-02-006,TSLA,0.00597368,0.02464023,-0.00270301,0.05346974
AIT-2025-02-006,TSM,-0.07324304,-0.08069467,-0.02629463,-0.06117613
AIT-2025-02-006,TTWO,0.01099117,0.00127578,0.00796914,0.02025544
AIT-2025-02-006,TXN,-0.00793835,0.00897186,0.01212737,-0.00788344
AIT-2025-02-006,UMC,-0.01796186,0.00051348,0.06699619,0.10315970
AIT-2025-02-006,VRTX,0.00118170,0.01923316,0.03531502,0.06995808
AIT-2025-02-006,WBD,0.08744547,0.06083591,0.04441265,0.06616163
AIT-2025-02-006,WDAY,-0.02747416,-0.04414466,-0.02855457,-0.05521720
AIT-2025-02-006,WDC,-0.02020093,-0.02570664,-0.10895211,-0.06008623
AIT-2025-02-006,WMT,0.01980827,0.01235457,-0.01975378,-0.15142942
AIT-2025-02-006,XEL,0.02766725,0.02295512,-0.04172022,-0.02758945
AIT-2025-02-007,AAPL,0.00399439,0.00544881,0.01837235,-0.05055256
AIT-2025-02-007,ABNB,0.01672245,0.03565595,-0.00696209,-0.04563496
AIT-2025-02-007,ADBE,0.01235591,0.03860102,0.05116707,-0.03705824
AIT-2025-02-007,ADI,0.02686026,0.04199092,0.04739599,0.00941774
AIT-2025-02-007,ADP,0.02247575,0.01068798,-0.01352555,-0.02472970
AIT-2025-02-007,ADSK,-0.03577663,-0.03810801,-0.06731038,-0.02726735
AIT-2025-02-007,AEP,0.02162753,-0.00424570,-0.01311788,-0.01034770
AIT-2025-02-007,ALAB,-0.10327805,-0.03986662,-0.07213092,-0.06022194
AIT-2025-02-007,ALNY,0.02263009,0.02363479,0.02226571,0.09963489
AIT-2025-02-007,AMAT,-0.01937550,0.01510695,0.04433022,0.08392620
AIT-2025-02-007,AMD,-0.00256408,0.05043300,0.05895076,0.20701048
AIT-2025-02-007,AMGN,0.01816178,0.02979201,0.07210840,0.04107256
AIT-2025-02-007,AMZN,-0.01432258,-0.00284225,-0.02224012,-0.00535552
AIT-2025-02-007,APP,0.04250425,0.03679279,-0.15133628,-0.11684040
AIT-2025-02-007,ARM,-0.06430076,-0.01572762,0.01669956,-0.02757397
AIT-2025-02-007,ASML,0.01181434,0.04971169,0.09469273,0.11538312
AIT-2025-02-007,ASX,-0.02287279,0.02324401,0.03751657,-0.01932828
AIT-2025-02-007,AVGO,-0.04946669,-0.01742005,0.02763921,-0.03714465
AIT-2025-02-007,AXON,-0.00422468,0.00991580,0.00131802,0.00660601
AIT-2025-02-007,BKNG,0.00605588,0.00656019,-0.03860973,-0.02649660
AIT-2025-02-007,BKR,-0.00032263,-0.00822209,-0.01037844,0.00241738
AIT-2025-02-007,CCEP,0.00923054,0.00076087,-0.04015401,0.01357250
AIT-2025-02-007,CDNS,-0.02118819,0.00121428,0.01534335,0.15039405
AIT-2025-02-007,CEG,-0.06962175,-0.05432253,-0.13585510,-0.13490467
AIT-2025-02-007,CMCSA,0.01901391,0.01223298,0.07312772,0.07513279
AIT-2025-02-007,COST,0.02369440,0.02142205,-0.05142730,-0.08081588
AIT-2025-02-007,CPRT,-0.00845803,-0.00573558,-0.01338063,0.04322603
AIT-2025-02-007,CRDO,-0.04437116,0.06352166,-0.15253918,-0.19290572
AIT-2025-02-007,CRWD,0.00952370,0.05003374,-0.10159283,0.02954705
AIT-2025-02-007,CSCO,-0.00550581,-0.00109155,0.00806967,-0.03013472
AIT-2025-02-007,CSX,0.00409030,-0.01025395,-0.00545138,-0.04425483
AIT-2025-02-007,CTAS,0.02036952,0.01402297,0.00662031,0.02488275
AIT-2025-02-007,DASH,0.00920961,-0.00509418,-0.08942640,-0.05802957
AIT-2025-02-007,DDOG,-0.00010341,0.03604749,-0.01367156,-0.04720326
AIT-2025-02-007,DXCM,-0.01685725,-0.05272476,-0.10417048,-0.20097995
AIT-2025-02-007,EA,-0.00842911,0.01803325,0.07983239,0.12714495
AIT-2025-02-007,ENTG,0.00231217,0.04808960,0.10593267,0.07065237
AIT-2025-02-007,EXC,0.01544411,-0.00555835,-0.02127133,0.00202695
AIT-2025-02-007,FANG,-0.04376888,-0.05691898,-0.07966361,0.07385387
AIT-2025-02-007,FAST,0.00570250,0.01281524,0.08973344,0.06686685
AIT-2025-02-007,FER,-0.00351457,0.00330447,-0.00500233,0.03237431
AIT-2025-02-007,FTNT,-0.00948185,-0.00533848,-0.06185829,-0.12746349
AIT-2025-02-007,GEHC,-0.03155589,-0.04788519,-0.01968998,-0.07280944
AIT-2025-02-007,GILD,0.03123690,0.01981559,0.03646031,-0.03328981
AIT-2025-02-007,GOOG,-0.00553978,0.03288160,0.05422943,-0.01288358
AIT-2025-02-007,GOOGL,-0.00536968,0.03292156,0.05320881,-0.01482019
AIT-2025-02-007,HON,0.00590745,-0.00581922,0.02650600,0.02868123
AIT-2025-02-007,IDXX,-0.00528340,0.01638172,-0.00579452,0.00395376
AIT-2025-02-007,INTC,-0.00213372,-0.03084888,-0.04931436,0.19607949
AIT-2025-02-007,INTU,0.00583489,0.01410764,0.03878470,0.07313863
AIT-2025-02-007,ISRG,0.00485148,-0.00015927,-0.07476396,-0.11127407
AIT-2025-02-007,KDP,0.01621851,0.00201343,-0.00475947,0.02161162
AIT-2025-02-007,KHC,0.02401840,0.01627490,0.07107766,0.03022358
AIT-2025-02-007,KLAC,-0.00403211,0.03579337,0.06168630,0.10406488
AIT-2025-02-007,LIN,0.00549024,0.00993754,0.02682366,0.02704931
AIT-2025-02-007,LITE,-0.05257611,-0.02734895,-0.06853283,0.03788780
AIT-2025-02-007,LRCX,0.00347404,0.04109740,0.08835196,0.11245545
AIT-2025-02-007,MAR,0.00305308,-0.01112034,-0.04052996,-0.11490782
AIT-2025-02-007,MCHP,0.02653972,0.05435886,0.09770334,0.02134435
AIT-2025-02-007,MDLZ,0.02960512,0.02386949,0.06317890,0.07775944
AIT-2025-02-007,MELI,-0.02744292,-0.02381706,-0.04799690,-0.00562502
AIT-2025-02-007,META,-0.00481372,-0.01478869,-0.03832057,-0.09423401
AIT-2025-02-007,MNST,0.06337816,0.05838804,0.06489245,0.12589630
AIT-2025-02-007,MPWR,-0.04061876,0.01021152,0.03984311,0.13777717
AIT-2025-02-007,MRVL,-0.01356229,0.04861669,-0.14700072,-0.19053052
AIT-2025-02-007,MSFT,-0.00613843,0.00826984,0.02510649,0.03777804
AIT-2025-02-007,MSTR,0.04490334,0.17626961,0.22051756,0.31605739
AIT-2025-02-007,MTSI,-0.02695410,0.00519139,-0.05370669,-0.01219313
AIT-2025-02-007,MU,-0.00314007,0.03525683,0.06897975,0.14837915
AIT-2025-02-007,NFLX,0.00963837,0.01959492,-0.06760523,-0.00802982
AIT-2025-02-007,NVDA,-0.04210688,0.00776980,-0.01555947,0.05205496
AIT-2025-02-007,NXPI,0.00648066,0.00448659,0.06765358,0.01065023
AIT-2025-02-007,ODFL,-0.01189330,0.01619864,0.04525284,-0.00239724
AIT-2025-02-007,ON,-0.04111878,-0.02100018,0.01622367,0.04054631
AIT-2025-02-007,ORLY,0.01518151,0.00469907,-0.02611251,0.03723874
AIT-2025-02-007,PANW,-0.01784631,0.00169419,-0.01582400,-0.01883092
AIT-2025-02-007,PAYX,0.03028781,0.02678503,0.03537212,0.02765047
AIT-2025-02-007,PCAR,-0.00158478,-0.02463457,0.06044384,-0.02915283
AIT-2025-02-007,PDD,-0.04932772,-0.03518664,0.02503678,0.06122640
AIT-2025-02-007,PEP,0.02755759,0.01651345,0.02941961,0.00834783
AIT-2025-02-007,PLTR,-0.02601236,0.00656195,0.00378808,-0.00120015
AIT-2025-02-007,PYPL,-0.01228360,-0.03288520,0.01258769,-0.03380258
AIT-2025-02-007,QCOM,0.00247953,0.03386106,0.09107498,0.12971113
AIT-2025-02-007,REGN,-0.01909061,-0.02089571,0.03437488,-0.00304972
AIT-2025-02-007,RKLB,-0.06927231,-0.02831444,-0.05601584,-0.10142669
AIT-2025-02-007,ROP,0.02505168,0.03359892,0.04132712,0.06094433
AIT-2025-02-007,ROST,-0.00686832,-0.00522128,-0.00372244,-0.05581463
AIT-2025-02-007,SBUX,0.00556295,-0.01719442,-0.07139775,-0.16125539
AIT-2025-02-007,SHOP,-0.03881334,-0.06395924,-0.08230593,-0.07706053
AIT-2025-02-007,SNPS,-0.01725081,0.01469441,0.03536972,0.10359139
AIT-2025-02-007,STX,-0.00248576,-0.04646504,-0.10783362,-0.08607538
AIT-2025-02-007,TER,-0.01937523,0.02259135,0.04542876,-0.10631605
AIT-2025-02-007,TMUS,0.03204543,0.00381779,-0.00025118,-0.02327190
AIT-2025-02-007,TRI,0.01310346,0.00482803,0.01636363,-0.00193666
AIT-2025-02-007,TSLA,0.01283042,-0.00000421,-0.03398849,0.06575737
AIT-2025-02-007,TSM,-0.04231452,0.02146198,0.00763135,0.00068558
AIT-2025-02-007,TTWO,-0.00236490,0.00547973,-0.01760678,0.00875498
AIT-2025-02-007,TXN,0.02119162,0.04086175,0.02422072,0.00991129
AIT-2025-02-007,UMC,0.01272898,0.06489362,0.08820923,0.12934342
AIT-2025-02-007,VRTX,0.01965999,0.03312391,0.03835495,0.06850330
AIT-2025-02-007,WBD,0.00276453,0.03768002,0.01603461,-0.03456503
AIT-2025-02-007,WDAY,-0.02022326,-0.01247264,-0.01457694,-0.03427059
AIT-2025-02-007,WDC,-0.01738807,-0.04466171,-0.10313060,-0.04289953
AIT-2025-02-007,WMT,0.00381229,-0.02194108,-0.06355474,-0.16195956
AIT-2025-02-007,XEL,0.01347661,-0.01429049,-0.04737087,-0.03397922
AIT-2025-03-005,AAPL,-0.01474684,-0.03702971,-0.08360644,-0.11819538
AIT-2025-03-005,ABNB,0.00664275,-0.03373342,-0.06666291,-0.07330450
AIT-2025-03-005,ADBE,0.00352285,0.01035067,-0.08287123,-0.07646071
AIT-2025-03-005,ADI,0.00793050,-0.01070652,-0.03156202,-0.07947555
AIT-2025-03-005,ADP,0.00979800,-0.02210830,-0.02789447,-0.01200866
AIT-2025-03-005,ADSK,-0.02030806,-0.00036610,-0.00381667,0.08473772
AIT-2025-03-005,AEP,0.03954913,0.01002570,0.02056742,-0.02222290
AIT-2025-03-005,ALAB,0.03768369,0.13258571,0.19217730,0.19924749
AIT-2025-03-005,ALNY,-0.05524643,-0.02909538,-0.03209623,-0.02459684
AIT-2025-03-005,AMAT,0.04465235,0.04651314,0.08360355,0.16015183
AIT-2025-03-005,AMD,0.02643578,0.04753271,0.07552892,0.17467195
AIT-2025-03-005,AMGN,0.04241064,0.02163229,0.00050521,0.00273164
AIT-2025-03-005,AMZN,0.00051644,0.02347077,0.01238878,0.02500530
AIT-2025-03-005,APP,-0.03550152,0.06223572,0.13436473,0.06586567
AIT-2025-03-005,ARM,0.06046969,0.04570035,0.06307966,0.11581903
AIT-2025-03-005,ASML,0.00414253,0.03358288,0.05014886,0.12872333
AIT-2025-03-005,ASX,0.00571995,0.01057883,0.01121486,-0.02171824
AIT-2025-03-005,AVGO,0.08821197,0.14061593,0.13228824,0.11942854
AIT-2025-03-005,AXON,0.04982672,0.07732174,0.11184146,0.06862978
AIT-2025-03-005,BKNG,-0.03319789,-0.04855178,-0.03636511,0.00313055
AIT-2025-03-005,BKR,-0.00093593,0.02177409,0.03051076,-0.07580417
AIT-2025-03-005,CCEP,-0.03473125,-0.00213425,-0.00834484,0.03236280
AIT-2025-03-005,CDNS,0.00632554,0.02537269,0.06128248,0.22815636
AIT-2025-03-005,CEG,0.00779274,0.05129030,0.06482647,-0.01221455
AIT-2025-03-005,CMCSA,0.00927365,0.00980297,-0.00922471,0.00522917
AIT-2025-03-005,COST,-0.07912155,-0.07856881,-0.11868238,-0.04770805
AIT-2025-03-005,CPRT,0.00052884,0.00917217,-0.00537229,0.11655849
AIT-2025-03-005,CRDO,-0.00561045,0.11311036,0.19057130,0.05528519
AIT-2025-03-005,CRWD,-0.07740917,0.00493575,0.05533573,0.14736171
AIT-2025-03-005,CSCO,-0.00724094,-0.02438393,-0.03932764,-0.07111093
AIT-2025-03-005,CSX,0.00667311,-0.02392814,-0.01356704,-0.03044469
AIT-2025-03-005,CTAS,0.01327701,-0.00185385,-0.03071466,0.02150494
AIT-2025-03-005,DASH,0.00259789,0.04103749,0.02195127,-0.02564365
AIT-2025-03-005,DDOG,-0.06134342,-0.04720053,-0.06288182,-0.06461798
AIT-2025-03-005,DXCM,-0.10289571,-0.10532941,-0.09819685,-0.20335776
AIT-2025-03-005,EA,0.03808726,0.02453101,0.02456661,0.05938424
AIT-2025-03-005,ENTG,0.02420504,0.00600576,0.03505214,-0.09893810
AIT-2025-03-005,EXC,0.01753667,0.00800724,0.02519240,0.03566896
AIT-2025-03-005,FANG,0.01771613,0.05201035,0.08768611,-0.02221808
AIT-2025-03-005,FAST,0.04149523,0.01723891,-0.01977126,0.04914733
AIT-2025-03-005,FER,-0.00840616,-0.00468885,0.00141943,0.02349659
AIT-2025-03-005,FTNT,-0.04818193,-0.02238306,-0.05927412,-0.15879225
AIT-2025-03-005,GEHC,0.01517390,0.02399774,-0.02839353,-0.23816133
AIT-2025-03-005,GILD,0.00790203,-0.01724205,-0.04647986,-0.10754782
AIT-2025-03-005,GOOG,-0.00833058,-0.00849084,-0.01208996,-0.00179795
AIT-2025-03-005,GOOGL,-0.00940225,-0.00977968,-0.01426755,-0.00688812
AIT-2025-03-005,HON,0.02517014,0.00589085,0.00326491,-0.02107600
AIT-2025-03-005,IDXX,0.03811125,0.02422882,-0.00772972,0.04970047
AIT-2025-03-005,INTC,0.01920790,0.03548235,0.21675925,0.33544420
AIT-2025-03-005,INTU,-0.01967862,0.00199600,0.01407035,0.07540894
AIT-2025-03-005,ISRG,-0.08811088,-0.05813462,-0.09339410,-0.07692579
AIT-2025-03-005,KDP,-0.02727063,-0.00479541,0.00483942,0.03205337
AIT-2025-03-005,KHC,0.04999246,0.01804913,-0.01018725,0.00998562
AIT-2025-03-005,KLAC,0.03220908,0.03174772,0.07932588,0.12823805
AIT-2025-03-005,LIN,0.00293532,-0.00974892,-0.01014777,0.00908744
AIT-2025-03-005,LITE,0.00184903,0.10651110,0.09448019,0.17305057
AIT-2025-03-005,LRCX,0.01892174,0.03358048,0.08271916,0.06776486
AIT-2025-03-005,MAR,-0.00171987,-0.03675691,-0.06207390,-0.09159272
AIT-2025-03-005,MCHP,-0.03712458,-0.04222152,-0.03020653,-0.16973029
AIT-2025-03-005,MDLZ,0.02419065,0.02129183,-0.03069146,0.02865218
AIT-2025-03-005,MELI,-0.03453214,-0.00523984,-0.00122699,-0.01669283
AIT-2025-03-005,META,-0.02528925,-0.00370971,-0.01633668,-0.09090624
AIT-2025-03-005,MNST,0.00392082,-0.00479322,-0.00767517,0.04176453
AIT-2025-03-005,MPWR,0.09160511,0.09725387,0.13138564,0.22664822
AIT-2025-03-005,MRVL,-0.03471489,0.01080722,-0.00334624,-0.03721045
AIT-2025-03-005,MSFT,-0.01727651,-0.00636528,0.00396898,0.05524828
AIT-2025-03-005,MSTR,-0.16339538,-0.05157670,0.04018386,0.31836930
AIT-2025-03-005,MTSI,-0.02463038,0.03486132,0.09062606,0.12427698
AIT-2025-03-005,MU,0.03409260,0.07937071,0.18443152,0.05471296
AIT-2025-03-005,NFLX,-0.02511238,0.01481829,0.02150229,0.03831987
AIT-2025-03-005,NVDA,0.02695483,0.06663895,0.14594692,0.18064869
AIT-2025-03-005,NXPI,0.01536485,0.01668482,0.00226473,-0.03024588
AIT-2025-03-005,ODFL,0.02438440,-0.02833555,-0.06854807,-0.02194220
AIT-2025-03-005,ON,0.05895646,0.05053981,0.03995714,0.07042753
AIT-2025-03-005,ORLY,0.01791942,0.00337488,-0.00155569,0.06986236
AIT-2025-03-005,PANW,-0.00259536,0.03760099,0.03853204,0.00461435
AIT-2025-03-005,PAYX,0.04041279,-0.00781332,-0.02375297,0.00827683
AIT-2025-03-005,PCAR,0.05351514,0.00842110,-0.05431789,-0.04335464
AIT-2025-03-005,PDD,-0.02268175,0.00256956,0.03531640,-0.05593369
AIT-2025-03-005,PEP,0.02087964,-0.00345716,-0.02504578,-0.02546919
AIT-2025-03-005,PLTR,-0.01013559,0.02400591,0.07832424,0.06894172
AIT-2025-03-005,PYPL,0.02338879,0.02897957,0.02951161,-0.03086974
AIT-2025-03-005,QCOM,0.04100266,0.04765559,0.05067708,0.08868759
AIT-2025-03-005,REGN,0.08761079,0.06095849,-0.01498667,-0.04348712
AIT-2025-03-005,RKLB,-0.04089742,0.01496541,0.01182765,0.04112917
AIT-2025-03-005,ROP,-0.00171595,-0.01296053,-0.01685912,0.02748025
AIT-2025-03-005,ROST,-0.02812505,-0.04877708,-0.09122595,0.03117925
AIT-2025-03-005,SBUX,-0.03017815,-0.04175896,-0.07032251,-0.19805343
AIT-2025-03-005,SHOP,-0.06096097,-0.04527425,-0.05495187,-0.07828094
AIT-2025-03-005,SNPS,0.01430963,0.03624381,0.05250649,0.16781022
AIT-2025-03-005,STX,0.02558831,0.04323629,0.03984546,-0.07136275
AIT-2025-03-005,TER,0.04754292,-0.10256202,-0.12759196,-0.09362862
AIT-2025-03-005,TMUS,0.01692080,-0.01975876,-0.03406995,-0.06002780
AIT-2025-03-005,TRI,0.00558288,-0.00104650,-0.00457388,0.02463597
AIT-2025-03-005,TSLA,-0.10145423,-0.04193058,-0.00008476,0.23706382
AIT-2025-03-005,TSM,0.01178975,0.02988683,0.02405241,0.06233113
AIT-2025-03-005,TTWO,-0.01979452,-0.00732490,-0.01571394,-0.02763367
AIT-2025-03-005,TXN,0.01537817,-0.02153267,-0.04112659,-0.03562057
AIT-2025-03-005,UMC,0.04793912,0.04394196,0.05279077,0.12780453
AIT-2025-03-005,VRTX,0.04268184,0.02463290,0.04987791,0.05374528
AIT-2025-03-005,WBD,0.00549900,-0.00990073,-0.03959703,-0.18734131
AIT-2025-03-005,WDAY,-0.02193850,-0.01398528,-0.01924015,-0.03223794
AIT-2025-03-005,WDC,0.01968544,0.06747964,0.11460109,-0.02798933
AIT-2025-03-005,WMT,-0.07197623,-0.07632339,-0.11242673,-0.13990504
AIT-2025-03-005,XEL,0.02151232,0.01095660,0.03061718,-0.01749564
AIT-2025-03-001,AAPL,0.01270311,0.00394438,0.01495925,-0.02225308
AIT-2025-03-001,ABNB,-0.01362872,-0.02799661,-0.02732900,0.01938343
AIT-2025-03-001,ADBE,-0.00314959,-0.00873679,-0.02363642,-0.05666298
AIT-2025-03-001,ADI,0.00399281,0.00304936,-0.03106790,0.02615788
AIT-2025-03-001,ADP,0.02470585,0.01784533,0.02857295,-0.01383505
AIT-2025-03-001,ADSK,0.00470860,-0.00167312,0.00153500,0.04293395
AIT-2025-03-001,AEP,0.01993762,0.03134552,0.03897146,0.00863766
AIT-2025-03-001,ALAB,-0.09340693,-0.06745367,-0.06083841,0.04346677
AIT-2025-03-001,ALNY,-0.02993087,-0.02767246,-0.05045736,-0.15451766
AIT-2025-03-001,AMAT,-0.00240796,0.02663414,0.01676788,0.14048525
AIT-2025-03-001,AMD,-0.03894097,-0.03026131,-0.05357508,-0.00882749
AIT-2025-03-001,AMGN,0.00137799,0.01275861,0.00143465,-0.07942044
AIT-2025-03-001,AMZN,0.00071207,-0.01206334,-0.01855842,-0.01889230
AIT-2025-03-001,APP,-0.22285756,-0.12706746,-0.12597952,-0.18378490
AIT-2025-03-001,ARM,-0.04831671,-0.02449894,-0.06984248,0.08905377
AIT-2025-03-001,ASML,-0.01730539,0.00142520,-0.03206488,0.07012055
AIT-2025-03-001,ASX,-0.02174237,-0.03626919,-0.03615230,-0.00683572
AIT-2025-03-001,AVGO,-0.05076745,-0.01303510,-0.04367852,0.11555987
AIT-2025-03-001,AXON,-0.03481744,-0.04130414,-0.02756245,0.01691041
AIT-2025-03-001,BKNG,0.00768428,0.00170723,-0.00363740,0.04718337
AIT-2025-03-001,BKR,-0.02372916,-0.01916358,0.00465481,-0.18104867
AIT-2025-03-001,CCEP,0.02886145,0.03547172,0.04155880,0.05415405
AIT-2025-03-001,CDNS,0.00575105,0.02254236,0.02956361,0.17149640
AIT-2025-03-001,CEG,-0.05241533,-0.03293468,-0.01910081,0.06776874
AIT-2025-03-001,CMCSA,0.01997483,0.01069082,0.01254644,-0.06085176
AIT-2025-03-001,COST,0.01858625,0.02275894,0.04774472,0.07157771
AIT-2025-03-001,CPRT,0.01280211,0.01990291,0.04980737,0.14955398
AIT-2025-03-001,CRDO,-0.09924713,-0.08002749,-0.08054549,-0.01172256
AIT-2025-03-001,CRWD,-0.02156318,-0.01084343,0.00129569,0.17427953
AIT-2025-03-001,CSCO,0.01493693,0.01967113,0.01978332,-0.06208459
AIT-2025-03-001,CSX,0.02317431,0.00910536,0.02200280,-0.00737076
AIT-2025-03-001,CTAS,0.07406368,0.07221976,0.08596416,0.10131520
AIT-2025-03-001,DASH,-0.01821656,-0.05907087,-0.04540382,-0.05006622
AIT-2025-03-001,DDOG,-0.03086585,-0.03787619,-0.05178308,-0.01781116
AIT-2025-03-001,DXCM,-0.04475831,-0.05735555,-0.05350432,0.03858577
AIT-2025-03-001,EA,0.01108500,0.01183183,0.00921677,0.02910391
AIT-2025-03-001,ENTG,0.01672692,0.02013414,-0.04128056,0.02230225
AIT-2025-03-001,EXC,0.03116691,0.03861649,0.06506762,0.05719719
AIT-2025-03-001,FANG,0.00255545,-0.00181978,0.01887181,-0.08346741
AIT-2025-03-001,FAST,0.01601605,0.00845211,0.01863914,0.07541057
AIT-2025-03-001,FER,0.02017629,0.02884671,0.04217892,0.08842054
AIT-2025-03-001,FTNT,-0.01853236,-0.03444597,-0.03957220,-0.01629634
AIT-2025-03-001,GEHC,-0.00014344,-0.00675672,-0.02677541,-0.15596987
AIT-2025-03-001,GILD,0.02514013,0.02997161,0.01867046,-0.07920295
AIT-2025-03-001,GOOG,-0.03238039,-0.05648400,-0.05608150,0.00265544
AIT-2025-03-001,GOOGL,-0.03087565,-0.05511074,-0.05485783,0.00162442
AIT-2025-03-001,HON,0.01712016,0.00976871,0.02764844,-0.02604388
AIT-2025-03-001,IDXX,0.02350817,0.02273374,0.03859312,0.11021481
AIT-2025-03-001,INTC,0.01590691,0.02790044,-0.03526582,0.06186489
AIT-2025-03-001,INTU,0.01097524,0.00684465,0.02615510,0.05358324
AIT-2025-03-001,ISRG,-0.00711152,-0.01579876,-0.00544983,0.03065506
AIT-2025-03-001,KDP,0.01390119,0.00671534,0.04744728,0.03476878
AIT-2025-03-001,KHC,0.03508445,0.04311278,0.03850550,0.03234922
AIT-2025-03-001,KLAC,0.00375352,0.01155602,-0.00211326,0.09247261
AIT-2025-03-001,LIN,0.02320075,0.02164062,0.03550791,0.00695559
AIT-2025-03-001,LITE,-0.06012117,-0.02225868,-0.00649845,-0.02977866
AIT-2025-03-001,LRCX,-0.00117865,0.01634250,0.00131973,0.06869914
AIT-2025-03-001,MAR,0.00487863,-0.00687197,0.00043714,0.00139466
AIT-2025-03-001,MCHP,0.00316271,0.00221668,-0.01248570,0.11384007
AIT-2025-03-001,MDLZ,0.04240943,0.04521444,0.02832811,0.01841281
AIT-2025-03-001,MELI,-0.03391491,-0.04249536,-0.11314931,0.02882143
AIT-2025-03-001,META,-0.02162675,-0.04006089,-0.05011177,-0.10586838
AIT-2025-03-001,MNST,0.01248453,0.00056703,0.02420455,0.00880554
AIT-2025-03-001,MPWR,-0.00708500,0.01328171,-0.00408204,0.12123916
AIT-2025-03-001,MRVL,-0.05020317,-0.02980391,-0.05949531,-0.03141415
AIT-2025-03-001,MSFT,0.00590669,-0.00151968,-0.00747447,0.04930902
AIT-2025-03-001,MSTR,-0.00985888,-0.05695150,-0.03631309,0.16148918
AIT-2025-03-001,MTSI,-0.06203256,-0.05230232,-0.03127763,0.07436463
AIT-2025-03-001,MU,0.00774901,0.02923165,0.00073286,0.00364337
AIT-2025-03-001,NFLX,-0.00578469,-0.02703354,-0.04822728,0.12624266
AIT-2025-03-001,NVDA,-0.03397390,0.00919303,-0.02667817,0.04245935
AIT-2025-03-001,NXPI,-0.02610530,-0.04067113,-0.04344665,0.05680957
AIT-2025-03-001,ODFL,0.03071149,0.01993190,0.03505335,0.00398247
AIT-2025-03-001,ON,0.00247666,-0.01619587,-0.04552576,0.07375299
AIT-2025-03-001,ORLY,0.03562180,0.02903166,0.02568741,-0.03683895
AIT-2025-03-001,PANW,-0.06436411,-0.04700547,-0.06800238,-0.01575474
AIT-2025-03-001,PAYX,0.05745030,0.06058507,0.07499047,0.00080644
AIT-2025-03-001,PCAR,0.00039923,0.00291766,0.01201241,-0.03200616
AIT-2025-03-001,PDD,0.00255744,-0.01720849,-0.03437502,-0.14233294
AIT-2025-03-001,PEP,0.02711405,0.02240871,0.02408652,-0.06725462
AIT-2025-03-001,PLTR,-0.04193569,-0.04244615,-0.08436794,0.12113121
AIT-2025-03-001,PYPL,-0.01253658,-0.04414458,-0.03198883,-0.03240938
AIT-2025-03-001,QCOM,0.01852767,0.02644424,0.00990932,0.05818134
AIT-2025-03-001,REGN,0.01422851,0.02970629,0.00728927,0.00817173
AIT-2025-03-001,RKLB,-0.06477813,-0.00077258,-0.03105811,0.08205297
AIT-2025-03-001,ROP,0.03475786,0.03417296,0.03436532,0.00454588
AIT-2025-03-001,ROST,0.01847710,0.00430437,0.04937813,0.13145752
AIT-2025-03-001,SBUX,0.03971552,0.04268195,0.04430703,-0.10825275
AIT-2025-03-001,SHOP,-0.04016100,-0.05624412,-0.05473051,-0.05022049
AIT-2025-03-001,SNPS,0.00928325,0.03356651,0.00876668,0.09656063
AIT-2025-03-001,STX,0.01440189,0.01111389,-0.00047013,0.03619275
AIT-2025-03-001,TER,-0.01351848,-0.00303881,-0.02065876,0.00797268
AIT-2025-03-001,TMUS,0.03698786,0.02895415,0.01603459,-0.01329579
AIT-2025-03-001,TRI,0.00925495,0.01050088,0.02810453,0.08082928
AIT-2025-03-001,TSLA,-0.00977937,0.01496869,0.03659297,0.04067665
AIT-2025-03-001,TSM,-0.04385989,-0.02335187,-0.02381318,-0.00650135
AIT-2025-03-001,TTWO,-0.00924332,-0.01491524,-0.02480762,0.03597789
AIT-2025-03-001,TXN,0.00220727,0.00402618,-0.00445023,-0.03705380
AIT-2025-03-001,UMC,0.00647133,0.01647829,0.03213887,0.10795302
AIT-2025-03-001,VRTX,-0.00581158,-0.01558129,-0.04288597,-0.01495270
AIT-2025-03-001,WBD,0.01284423,-0.02876972,-0.02678559,-0.19789276
AIT-2025-03-001,WDAY,-0.01823755,-0.02180127,-0.05333373,-0.02110083
AIT-2025-03-001,WDC,-0.00292207,0.00606926,0.01110451,0.08353917
AIT-2025-03-001,WMT,0.01421303,0.01653698,0.05834869,0.12078842
AIT-2025-03-001,XEL,0.01687785,0.02020533,0.03389674,0.00750811
AIT-2025-03-003,AAPL,0.01270311,0.00394438,0.01495925,-0.02225308
AIT-2025-03-003,ABNB,-0.01362872,-0.02799661,-0.02732900,0.01938343
AIT-2025-03-003,ADBE,-0.00314959,-0.00873679,-0.02363642,-0.05666298
AIT-2025-03-003,ADI,0.00399281,0.00304936,-0.03106790,0.02615788
AIT-2025-03-003,ADP,0.02470585,0.01784533,0.02857295,-0.01383505
AIT-2025-03-003,ADSK,0.00470860,-0.00167312,0.00153500,0.04293395
AIT-2025-03-003,AEP,0.01993762,0.03134552,0.03897146,0.00863766
AIT-2025-03-003,ALAB,-0.09340693,-0.06745367,-0.06083841,0.04346677
AIT-2025-03-003,ALNY,-0.02993087,-0.02767246,-0.05045736,-0.15451766
AIT-2025-03-003,AMAT,-0.00240796,0.02663414,0.01676788,0.14048525
AIT-2025-03-003,AMD,-0.03894097,-0.03026131,-0.05357508,-0.00882749
AIT-2025-03-003,AMGN,0.00137799,0.01275861,0.00143465,-0.07942044
AIT-2025-03-003,AMZN,0.00071207,-0.01206334,-0.01855842,-0.01889230
AIT-2025-03-003,APP,-0.22285756,-0.12706746,-0.12597952,-0.18378490
AIT-2025-03-003,ARM,-0.04831671,-0.02449894,-0.06984248,0.08905377
AIT-2025-03-003,ASML,-0.01730539,0.00142520,-0.03206488,0.07012055
AIT-2025-03-003,ASX,-0.02174237,-0.03626919,-0.03615230,-0.00683572
AIT-2025-03-003,AVGO,-0.05076745,-0.01303510,-0.04367852,0.11555987
AIT-2025-03-003,AXON,-0.03481744,-0.04130414,-0.02756245,0.01691041
AIT-2025-03-003,BKNG,0.00768428,0.00170723,-0.00363740,0.04718337
AIT-2025-03-003,BKR,-0.02372916,-0.01916358,0.00465481,-0.18104867
AIT-2025-03-003,CCEP,0.02886145,0.03547172,0.04155880,0.05415405
AIT-2025-03-003,CDNS,0.00575105,0.02254236,0.02956361,0.17149640
AIT-2025-03-003,CEG,-0.05241533,-0.03293468,-0.01910081,0.06776874
AIT-2025-03-003,CMCSA,0.01997483,0.01069082,0.01254644,-0.06085176
AIT-2025-03-003,COST,0.01858625,0.02275894,0.04774472,0.07157771
AIT-2025-03-003,CPRT,0.01280211,0.01990291,0.04980737,0.14955398
AIT-2025-03-003,CRDO,-0.09924713,-0.08002749,-0.08054549,-0.01172256
AIT-2025-03-003,CRWD,-0.02156318,-0.01084343,0.00129569,0.17427953
AIT-2025-03-003,CSCO,0.01493693,0.01967113,0.01978332,-0.06208459
AIT-2025-03-003,CSX,0.02317431,0.00910536,0.02200280,-0.00737076
AIT-2025-03-003,CTAS,0.07406368,0.07221976,0.08596416,0.10131520
AIT-2025-03-003,DASH,-0.01821656,-0.05907087,-0.04540382,-0.05006622
AIT-2025-03-003,DDOG,-0.03086585,-0.03787619,-0.05178308,-0.01781116
AIT-2025-03-003,DXCM,-0.04475831,-0.05735555,-0.05350432,0.03858577
AIT-2025-03-003,EA,0.01108500,0.01183183,0.00921677,0.02910391
AIT-2025-03-003,ENTG,0.01672692,0.02013414,-0.04128056,0.02230225
AIT-2025-03-003,EXC,0.03116691,0.03861649,0.06506762,0.05719719
AIT-2025-03-003,FANG,0.00255545,-0.00181978,0.01887181,-0.08346741
AIT-2025-03-003,FAST,0.01601605,0.00845211,0.01863914,0.07541057
AIT-2025-03-003,FER,0.02017629,0.02884671,0.04217892,0.08842054
AIT-2025-03-003,FTNT,-0.01853236,-0.03444597,-0.03957220,-0.01629634
AIT-2025-03-003,GEHC,-0.00014344,-0.00675672,-0.02677541,-0.15596987
AIT-2025-03-003,GILD,0.02514013,0.02997161,0.01867046,-0.07920295
AIT-2025-03-003,GOOG,-0.03238039,-0.05648400,-0.05608150,0.00265544
AIT-2025-03-003,GOOGL,-0.03087565,-0.05511074,-0.05485783,0.00162442
AIT-2025-03-003,HON,0.01712016,0.00976871,0.02764844,-0.02604388
AIT-2025-03-003,IDXX,0.02350817,0.02273374,0.03859312,0.11021481
AIT-2025-03-003,INTC,0.01590691,0.02790044,-0.03526582,0.06186489
AIT-2025-03-003,INTU,0.01097524,0.00684465,0.02615510,0.05358324
AIT-2025-03-003,ISRG,-0.00711152,-0.01579876,-0.00544983,0.03065506
AIT-2025-03-003,KDP,0.01390119,0.00671534,0.04744728,0.03476878
AIT-2025-03-003,KHC,0.03508445,0.04311278,0.03850550,0.03234922
AIT-2025-03-003,KLAC,0.00375352,0.01155602,-0.00211326,0.09247261
AIT-2025-03-003,LIN,0.02320075,0.02164062,0.03550791,0.00695559
AIT-2025-03-003,LITE,-0.06012117,-0.02225868,-0.00649845,-0.02977866
AIT-2025-03-003,LRCX,-0.00117865,0.01634250,0.00131973,0.06869914
AIT-2025-03-003,MAR,0.00487863,-0.00687197,0.00043714,0.00139466
AIT-2025-03-003,MCHP,0.00316271,0.00221668,-0.01248570,0.11384007
AIT-2025-03-003,MDLZ,0.04240943,0.04521444,0.02832811,0.01841281
AIT-2025-03-003,MELI,-0.03391491,-0.04249536,-0.11314931,0.02882143
AIT-2025-03-003,META,-0.02162675,-0.04006089,-0.05011177,-0.10586838
AIT-2025-03-003,MNST,0.01248453,0.00056703,0.02420455,0.00880554
AIT-2025-03-003,MPWR,-0.00708500,0.01328171,-0.00408204,0.12123916
AIT-2025-03-003,MRVL,-0.05020317,-0.02980391,-0.05949531,-0.03141415
AIT-2025-03-003,MSFT,0.00590669,-0.00151968,-0.00747447,0.04930902
AIT-2025-03-003,MSTR,-0.00985888,-0.05695150,-0.03631309,0.16148918
AIT-2025-03-003,MTSI,-0.06203256,-0.05230232,-0.03127763,0.07436463
AIT-2025-03-003,MU,0.00774901,0.02923165,0.00073286,0.00364337
AIT-2025-03-003,NFLX,-0.00578469,-0.02703354,-0.04822728,0.12624266
AIT-2025-03-003,NVDA,-0.03397390,0.00919303,-0.02667817,0.04245935
AIT-2025-03-003,NXPI,-0.02610530,-0.04067113,-0.04344665,0.05680957
AIT-2025-03-003,ODFL,0.03071149,0.01993190,0.03505335,0.00398247
AIT-2025-03-003,ON,0.00247666,-0.01619587,-0.04552576,0.07375299
AIT-2025-03-003,ORLY,0.03562180,0.02903166,0.02568741,-0.03683895
AIT-2025-03-003,PANW,-0.06436411,-0.04700547,-0.06800238,-0.01575474
AIT-2025-03-003,PAYX,0.05745030,0.06058507,0.07499047,0.00080644
AIT-2025-03-003,PCAR,0.00039923,0.00291766,0.01201241,-0.03200616
AIT-2025-03-003,PDD,0.00255744,-0.01720849,-0.03437502,-0.14233294
AIT-2025-03-003,PEP,0.02711405,0.02240871,0.02408652,-0.06725462
AIT-2025-03-003,PLTR,-0.04193569,-0.04244615,-0.08436794,0.12113121
AIT-2025-03-003,PYPL,-0.01253658,-0.04414458,-0.03198883,-0.03240938
AIT-2025-03-003,QCOM,0.01852767,0.02644424,0.00990932,0.05818134
AIT-2025-03-003,REGN,0.01422851,0.02970629,0.00728927,0.00817173
AIT-2025-03-003,RKLB,-0.06477813,-0.00077258,-0.03105811,0.08205297
AIT-2025-03-003,ROP,0.03475786,0.03417296,0.03436532,0.00454588
AIT-2025-03-003,ROST,0.01847710,0.00430437,0.04937813,0.13145752
AIT-2025-03-003,SBUX,0.03971552,0.04268195,0.04430703,-0.10825275
AIT-2025-03-003,SHOP,-0.04016100,-0.05624412,-0.05473051,-0.05022049
AIT-2025-03-003,SNPS,0.00928325,0.03356651,0.00876668,0.09656063
AIT-2025-03-003,STX,0.01440189,0.01111389,-0.00047013,0.03619275
AIT-2025-03-003,TER,-0.01351848,-0.00303881,-0.02065876,0.00797268
AIT-2025-03-003,TMUS,0.03698786,0.02895415,0.01603459,-0.01329579
AIT-2025-03-003,TRI,0.00925495,0.01050088,0.02810453,0.08082928
AIT-2025-03-003,TSLA,-0.00977937,0.01496869,0.03659297,0.04067665
AIT-2025-03-003,TSM,-0.04385989,-0.02335187,-0.02381318,-0.00650135
AIT-2025-03-003,TTWO,-0.00924332,-0.01491524,-0.02480762,0.03597789
AIT-2025-03-003,TXN,0.00220727,0.00402618,-0.00445023,-0.03705380
AIT-2025-03-003,UMC,0.00647133,0.01647829,0.03213887,0.10795302
AIT-2025-03-003,VRTX,-0.00581158,-0.01558129,-0.04288597,-0.01495270
AIT-2025-03-003,WBD,0.01284423,-0.02876972,-0.02678559,-0.19789276
AIT-2025-03-003,WDAY,-0.01823755,-0.02180127,-0.05333373,-0.02110083
AIT-2025-03-003,WDC,-0.00292207,0.00606926,0.01110451,0.08353917
AIT-2025-03-003,WMT,0.01421303,0.01653698,0.05834869,0.12078842
AIT-2025-03-003,XEL,0.01687785,0.02020533,0.03389674,0.00750811
AIT-2025-03-007,AAPL,0.01270311,0.00394438,0.01495925,-0.02225308
AIT-2025-03-007,ABNB,-0.01362872,-0.02799661,-0.02732900,0.01938343
AIT-2025-03-007,ADBE,-0.00314959,-0.00873679,-0.02363642,-0.05666298
AIT-2025-03-007,ADI,0.00399281,0.00304936,-0.03106790,0.02615788
AIT-2025-03-007,ADP,0.02470585,0.01784533,0.02857295,-0.01383505
AIT-2025-03-007,ADSK,0.00470860,-0.00167312,0.00153500,0.04293395
AIT-2025-03-007,AEP,0.01993762,0.03134552,0.03897146,0.00863766
AIT-2025-03-007,ALAB,-0.09340693,-0.06745367,-0.06083841,0.04346677
AIT-2025-03-007,ALNY,-0.02993087,-0.02767246,-0.05045736,-0.15451766
AIT-2025-03-007,AMAT,-0.00240796,0.02663414,0.01676788,0.14048525
AIT-2025-03-007,AMD,-0.03894097,-0.03026131,-0.05357508,-0.00882749
AIT-2025-03-007,AMGN,0.00137799,0.01275861,0.00143465,-0.07942044
AIT-2025-03-007,AMZN,0.00071207,-0.01206334,-0.01855842,-0.01889230
AIT-2025-03-007,APP,-0.22285756,-0.12706746,-0.12597952,-0.18378490
AIT-2025-03-007,ARM,-0.04831671,-0.02449894,-0.06984248,0.08905377
AIT-2025-03-007,ASML,-0.01730539,0.00142520,-0.03206488,0.07012055
AIT-2025-03-007,ASX,-0.02174237,-0.03626919,-0.03615230,-0.00683572
AIT-2025-03-007,AVGO,-0.05076745,-0.01303510,-0.04367852,0.11555987
AIT-2025-03-007,AXON,-0.03481744,-0.04130414,-0.02756245,0.01691041
AIT-2025-03-007,BKNG,0.00768428,0.00170723,-0.00363740,0.04718337
AIT-2025-03-007,BKR,-0.02372916,-0.01916358,0.00465481,-0.18104867
AIT-2025-03-007,CCEP,0.02886145,0.03547172,0.04155880,0.05415405
AIT-2025-03-007,CDNS,0.00575105,0.02254236,0.02956361,0.17149640
AIT-2025-03-007,CEG,-0.05241533,-0.03293468,-0.01910081,0.06776874
AIT-2025-03-007,CMCSA,0.01997483,0.01069082,0.01254644,-0.06085176
AIT-2025-03-007,COST,0.01858625,0.02275894,0.04774472,0.07157771
AIT-2025-03-007,CPRT,0.01280211,0.01990291,0.04980737,0.14955398
AIT-2025-03-007,CRDO,-0.09924713,-0.08002749,-0.08054549,-0.01172256
AIT-2025-03-007,CRWD,-0.02156318,-0.01084343,0.00129569,0.17427953
AIT-2025-03-007,CSCO,0.01493693,0.01967113,0.01978332,-0.06208459
AIT-2025-03-007,CSX,0.02317431,0.00910536,0.02200280,-0.00737076
AIT-2025-03-007,CTAS,0.07406368,0.07221976,0.08596416,0.10131520
AIT-2025-03-007,DASH,-0.01821656,-0.05907087,-0.04540382,-0.05006622
AIT-2025-03-007,DDOG,-0.03086585,-0.03787619,-0.05178308,-0.01781116
AIT-2025-03-007,DXCM,-0.04475831,-0.05735555,-0.05350432,0.03858577
AIT-2025-03-007,EA,0.01108500,0.01183183,0.00921677,0.02910391
AIT-2025-03-007,ENTG,0.01672692,0.02013414,-0.04128056,0.02230225
AIT-2025-03-007,EXC,0.03116691,0.03861649,0.06506762,0.05719719
AIT-2025-03-007,FANG,0.00255545,-0.00181978,0.01887181,-0.08346741
AIT-2025-03-007,FAST,0.01601605,0.00845211,0.01863914,0.07541057
AIT-2025-03-007,FER,0.02017629,0.02884671,0.04217892,0.08842054
AIT-2025-03-007,FTNT,-0.01853236,-0.03444597,-0.03957220,-0.01629634
AIT-2025-03-007,GEHC,-0.00014344,-0.00675672,-0.02677541,-0.15596987
AIT-2025-03-007,GILD,0.02514013,0.02997161,0.01867046,-0.07920295
AIT-2025-03-007,GOOG,-0.03238039,-0.05648400,-0.05608150,0.00265544
AIT-2025-03-007,GOOGL,-0.03087565,-0.05511074,-0.05485783,0.00162442
AIT-2025-03-007,HON,0.01712016,0.00976871,0.02764844,-0.02604388
AIT-2025-03-007,IDXX,0.02350817,0.02273374,0.03859312,0.11021481
AIT-2025-03-007,INTC,0.01590691,0.02790044,-0.03526582,0.06186489
AIT-2025-03-007,INTU,0.01097524,0.00684465,0.02615510,0.05358324
AIT-2025-03-007,ISRG,-0.00711152,-0.01579876,-0.00544983,0.03065506
AIT-2025-03-007,KDP,0.01390119,0.00671534,0.04744728,0.03476878
AIT-2025-03-007,KHC,0.03508445,0.04311278,0.03850550,0.03234922
AIT-2025-03-007,KLAC,0.00375352,0.01155602,-0.00211326,0.09247261
AIT-2025-03-007,LIN,0.02320075,0.02164062,0.03550791,0.00695559
AIT-2025-03-007,LITE,-0.06012117,-0.02225868,-0.00649845,-0.02977866
AIT-2025-03-007,LRCX,-0.00117865,0.01634250,0.00131973,0.06869914
AIT-2025-03-007,MAR,0.00487863,-0.00687197,0.00043714,0.00139466
AIT-2025-03-007,MCHP,0.00316271,0.00221668,-0.01248570,0.11384007
AIT-2025-03-007,MDLZ,0.04240943,0.04521444,0.02832811,0.01841281
AIT-2025-03-007,MELI,-0.03391491,-0.04249536,-0.11314931,0.02882143
AIT-2025-03-007,META,-0.02162675,-0.04006089,-0.05011177,-0.10586838
AIT-2025-03-007,MNST,0.01248453,0.00056703,0.02420455,0.00880554
AIT-2025-03-007,MPWR,-0.00708500,0.01328171,-0.00408204,0.12123916
AIT-2025-03-007,MRVL,-0.05020317,-0.02980391,-0.05949531,-0.03141415
AIT-2025-03-007,MSFT,0.00590669,-0.00151968,-0.00747447,0.04930902
AIT-2025-03-007,MSTR,-0.00985888,-0.05695150,-0.03631309,0.16148918
AIT-2025-03-007,MTSI,-0.06203256,-0.05230232,-0.03127763,0.07436463
AIT-2025-03-007,MU,0.00774901,0.02923165,0.00073286,0.00364337
AIT-2025-03-007,NFLX,-0.00578469,-0.02703354,-0.04822728,0.12624266
AIT-2025-03-007,NVDA,-0.03397390,0.00919303,-0.02667817,0.04245935
AIT-2025-03-007,NXPI,-0.02610530,-0.04067113,-0.04344665,0.05680957
AIT-2025-03-007,ODFL,0.03071149,0.01993190,0.03505335,0.00398247
AIT-2025-03-007,ON,0.00247666,-0.01619587,-0.04552576,0.07375299
AIT-2025-03-007,ORLY,0.03562180,0.02903166,0.02568741,-0.03683895
AIT-2025-03-007,PANW,-0.06436411,-0.04700547,-0.06800238,-0.01575474
AIT-2025-03-007,PAYX,0.05745030,0.06058507,0.07499047,0.00080644
AIT-2025-03-007,PCAR,0.00039923,0.00291766,0.01201241,-0.03200616
AIT-2025-03-007,PDD,0.00255744,-0.01720849,-0.03437502,-0.14233294
AIT-2025-03-007,PEP,0.02711405,0.02240871,0.02408652,-0.06725462
AIT-2025-03-007,PLTR,-0.04193569,-0.04244615,-0.08436794,0.12113121
AIT-2025-03-007,PYPL,-0.01253658,-0.04414458,-0.03198883,-0.03240938
AIT-2025-03-007,QCOM,0.01852767,0.02644424,0.00990932,0.05818134
AIT-2025-03-007,REGN,0.01422851,0.02970629,0.00728927,0.00817173
AIT-2025-03-007,RKLB,-0.06477813,-0.00077258,-0.03105811,0.08205297
AIT-2025-03-007,ROP,0.03475786,0.03417296,0.03436532,0.00454588
AIT-2025-03-007,ROST,0.01847710,0.00430437,0.04937813,0.13145752
AIT-2025-03-007,SBUX,0.03971552,0.04268195,0.04430703,-0.10825275
AIT-2025-03-007,SHOP,-0.04016100,-0.05624412,-0.05473051,-0.05022049
AIT-2025-03-007,SNPS,0.00928325,0.03356651,0.00876668,0.09656063
AIT-2025-03-007,STX,0.01440189,0.01111389,-0.00047013,0.03619275
AIT-2025-03-007,TER,-0.01351848,-0.00303881,-0.02065876,0.00797268
AIT-2025-03-007,TMUS,0.03698786,0.02895415,0.01603459,-0.01329579
AIT-2025-03-007,TRI,0.00925495,0.01050088,0.02810453,0.08082928
AIT-2025-03-007,TSLA,-0.00977937,0.01496869,0.03659297,0.04067665
AIT-2025-03-007,TSM,-0.04385989,-0.02335187,-0.02381318,-0.00650135
AIT-2025-03-007,TTWO,-0.00924332,-0.01491524,-0.02480762,0.03597789
AIT-2025-03-007,TXN,0.00220727,0.00402618,-0.00445023,-0.03705380
AIT-2025-03-007,UMC,0.00647133,0.01647829,0.03213887,0.10795302
AIT-2025-03-007,VRTX,-0.00581158,-0.01558129,-0.04288597,-0.01495270
AIT-2025-03-007,WBD,0.01284423,-0.02876972,-0.02678559,-0.19789276
AIT-2025-03-007,WDAY,-0.01823755,-0.02180127,-0.05333373,-0.02110083
AIT-2025-03-007,WDC,-0.00292207,0.00606926,0.01110451,0.08353917
AIT-2025-03-007,WMT,0.01421303,0.01653698,0.05834869,0.12078842
AIT-2025-03-007,XEL,0.01687785,0.02020533,0.03389674,0.00750811
AIT-2025-04-007,AAPL,-0.00141967,-0.04762183,-0.13623360,-0.02925869
AIT-2025-04-007,ABNB,0.01821495,0.01101565,0.03917908,0.06060330
AIT-2025-04-007,ADBE,-0.00288971,0.00701017,0.02213415,0.00152472
AIT-2025-04-007,ADI,-0.02358265,-0.03497691,0.01363346,0.01476632
AIT-2025-04-007,ADP,-0.00070586,0.01678686,-0.04436090,-0.02960420
AIT-2025-04-007,ADSK,0.01117771,0.02984869,0.04731633,0.04182778
AIT-2025-04-007,AEP,-0.01461881,-0.01267920,-0.10405655,-0.03091589
AIT-2025-04-007,ALAB,0.04359648,0.05588893,0.24182227,0.10607565
AIT-2025-04-007,ALNY,-0.02108402,-0.00828338,-0.11517385,-0.06545018
AIT-2025-04-007,AMAT,0.00302575,0.02829041,0.15236693,0.10843787
AIT-2025-04-007,AMD,-0.00955230,-0.00396372,-0.02960816,0.04459025
AIT-2025-04-007,AMGN,-0.02292954,0.00970715,-0.05968376,-0.06902206
AIT-2025-04-007,AMZN,0.01656722,-0.00024710,0.06947606,-0.01556380
AIT-2025-04-007,APP,0.05221783,0.09384922,0.20733128,-0.09030192
AIT-2025-04-007,ARM,-0.01383718,0.04482594,0.16175795,0.12588952
AIT-2025-04-007,ASML,-0.00330558,0.02324545,0.12827489,0.07334058
AIT-2025-04-007,ASX,0.01634219,0.01238790,0.05187199,0.03196125
AIT-2025-04-007,AVGO,0.00036005,0.02472668,0.23789094,0.13509983
AIT-2025-04-007,AXON,0.04153120,0.06826161,0.09078724,0.08690376
AIT-2025-04-007,BKNG,0.00713305,0.00594820,0.01606277,0.09621531
AIT-2025-04-007,BKR,0.01076084,-0.03557725,-0.11450935,-0.22263332
AIT-2025-04-007,CCEP,0.00009299,0.04305156,-0.02479623,0.03238008
AIT-2025-04-007,CDNS,0.02732751,0.05686083,0.12783764,0.20073842
AIT-2025-04-007,CEG,0.04513912,0.02206335,0.13900271,0.12541022
AIT-2025-04-007,CMCSA,-0.00301453,-0.00029034,-0.03968181,-0.05215626
AIT-2025-04-007,COST,0.01320590,0.05132300,0.04588122,0.04983757
AIT-2025-04-007,CPRT,0.00905452,0.03225004,0.05454562,0.08410853
AIT-2025-04-007,CRDO,0.03275101,0.05567990,0.25505566,0.04556716
AIT-2025-04-007,CRWD,0.03788959,0.05910674,0.12891357,0.22595765
AIT-2025-04-007,CSCO,-0.00806444,-0.03806085,-0.05652036,-0.08138087
AIT-2025-04-007,CSX,0.00550066,-0.01993411,-0.01466501,-0.03100155
AIT-2025-04-007,CTAS,0.00799748,0.02232551,-0.00017318,0.02358095
AIT-2025-04-007,DASH,0.02107547,-0.01037560,0.01560694,0.02019889
AIT-2025-04-007,DDOG,0.01376365,0.01223882,0.04096444,0.05809084
AIT-2025-04-007,DXCM,-0.00325474,-0.06671787,-0.03530748,0.09792050
AIT-2025-04-007,EA,-0.00138503,0.01743393,-0.04005561,0.00486691
AIT-2025-04-007,ENTG,-0.03439383,-0.09112409,-0.05397073,0.00171716
AIT-2025-04-007,EXC,-0.00428720,0.01810557,-0.05035482,-0.00674313
AIT-2025-04-007,FANG,0.00744660,-0.08928460,-0.20344962,-0.13167630
AIT-2025-04-007,FAST,-0.00225792,0.03174842,-0.00675552,0.03638014
AIT-2025-04-007,FER,0.02502359,0.03851804,-0.04039949,0.09659062
AIT-2025-04-007,FTNT,0.00628598,-0.04347401,-0.00034075,0.03939230
AIT-2025-04-007,GEHC,-0.02371991,-0.08234207,-0.21852325,-0.11443479
AIT-2025-04-007,GILD,-0.00878507,-0.00089828,-0.08408231,-0.11116580
AIT-2025-04-007,GOOG,0.00682716,0.02765097,0.08128219,0.04696997
AIT-2025-04-007,GOOGL,0.00563888,0.02488575,0.07735235,0.04438088
AIT-2025-04-007,HON,0.01519480,-0.00185961,-0.08055916,0.00559227
AIT-2025-04-007,IDXX,0.01080718,0.01088933,-0.05753552,0.06409025
AIT-2025-04-007,INTC,-0.04980402,0.08011164,0.04799118,-0.06358510
AIT-2025-04-007,INTU,0.00081106,0.01977802,0.01131777,0.02851788
AIT-2025-04-007,ISRG,0.01208283,0.04390300,0.05674805,0.04519357
AIT-2025-04-007,KDP,0.02616514,0.04261115,-0.01181499,0.01217046
AIT-2025-04-007,KHC,-0.01056210,0.01937096,-0.07368314,-0.03350902
AIT-2025-04-007,KLAC,-0.00875672,0.00379918,0.14024132,0.07537794
AIT-2025-04-007,LIN,0.00368756,0.02356160,-0.05747413,-0.02463479
AIT-2025-04-007,LITE,0.04101544,-0.01470421,0.14472893,-0.03067321
AIT-2025-04-007,LRCX,-0.00240118,-0.00762252,0.09274394,0.04923243
AIT-2025-04-007,MAR,0.00927155,-0.01649954,-0.00312901,0.01123781
AIT-2025-04-007,MCHP,0.00038087,-0.07506935,-0.05866769,0.08943587
AIT-2025-04-007,MDLZ,-0.02511280,0.00045931,-0.05896660,0.00856968
AIT-2025-04-007,MELI,-0.01788817,0.02392908,0.01597883,0.15964352
AIT-2025-04-007,META,0.00013213,-0.02803735,0.02656042,-0.04507082
AIT-2025-04-007,MNST,0.01263430,0.02042767,-0.05517370,0.02002280
AIT-2025-04-007,MPWR,-0.00328008,-0.02469662,0.09699164,0.11032368
AIT-2025-04-007,MRVL,-0.00042078,0.02808288,0.15849845,-0.00246654
AIT-2025-04-007,MSFT,0.00961034,0.03999608,0.07410099,0.07382935
AIT-2025-04-007,MSTR,0.04574639,0.10020416,0.16823213,0.24252322
AIT-2025-04-007,MTSI,0.01428114,0.00612684,0.11626586,0.06177688
AIT-2025-04-007,MU,0.00102480,-0.03991141,0.03314329,-0.03864980
AIT-2025-04-007,NFLX,-0.01088430,0.02620417,0.06167487,0.16740791
AIT-2025-04-007,NVDA,-0.00637308,0.05480848,0.21799672,0.03740169
AIT-2025-04-007,NXPI,0.00734763,-0.02159188,0.00091124,0.04644383
AIT-2025-04-007,ODFL,0.01943285,-0.01473297,0.01497608,-0.05174943
AIT-2025-04-007,ON,-0.01108262,-0.03315857,0.03335136,0.08584671
AIT-2025-04-007,ORLY,-0.01703112,0.01501973,-0.05531076,-0.04212780
AIT-2025-04-007,PANW,0.00126874,0.02098779,0.04483086,0.09207565
AIT-2025-04-007,PAYX,-0.00233930,0.01307155,-0.06152700,-0.06200458
AIT-2025-04-007,PCAR,0.01099601,-0.01744159,-0.02198704,-0.06063899
AIT-2025-04-007,PDD,0.00266557,-0.01464824,-0.15459601,-0.09253309
AIT-2025-04-007,PEP,-0.00388043,0.00673334,-0.07461328,-0.08887475
AIT-2025-04-007,PLTR,-0.00241775,0.07840418,0.19108542,0.22544984
AIT-2025-04-007,PYPL,0.01846225,-0.00624675,0.01005547,0.02199072
AIT-2025-04-007,QCOM,-0.01071211,-0.01038472,0.03239200,0.02446508
AIT-2025-04-007,REGN,-0.01376505,-0.00930625,-0.05235521,-0.00177263
AIT-2025-04-007,RKLB,0.03695003,0.10225251,0.27264580,0.06603128
AIT-2025-04-007,ROP,-0.00590397,0.01569670,-0.02926979,-0.04390800
AIT-2025-04-007,ROST,0.03115691,0.05693053,0.07834211,0.10697957
AIT-2025-04-007,SBUX,0.00389784,-0.06935611,-0.11015575,-0.20741792
AIT-2025-04-007,SHOP,0.02968857,-0.04785615,0.04851659,-0.00430152
AIT-2025-04-007,SNPS,0.00781414,0.05988283,0.12803753,0.11608608
AIT-2025-04-007,STX,-0.00291809,-0.10529737,-0.07885472,0.12025086
AIT-2025-04-007,TER,-0.00144188,0.00415857,0.08239550,-0.01760769
AIT-2025-04-007,TMUS,-0.01447688,0.01093839,-0.05317971,-0.10474452
AIT-2025-04-007,TRI,0.01094832,0.03992308,-0.00257874,0.07814305
AIT-2025-04-007,TSLA,0.05809809,0.14914649,0.19246058,0.08808077
AIT-2025-04-007,TSM,0.00934713,0.02420970,0.06050801,0.01866951
AIT-2025-04-007,TTWO,0.01027985,0.03007674,0.01468420,0.09966313
AIT-2025-04-007,TXN,-0.01865867,-0.03313122,-0.04595985,-0.06600281
AIT-2025-04-007,UMC,-0.06927396,-0.05302085,-0.01233107,0.01691322
AIT-2025-04-007,VRTX,-0.00754212,0.01688663,0.02844611,0.04653755
AIT-2025-04-007,WBD,-0.02567564,-0.11246362,-0.20981786,-0.19311545
AIT-2025-04-007,WDAY,-0.00316331,0.02012910,0.02156511,0.04489511
AIT-2025-04-007,WDC,0.01956862,-0.06987559,0.00339527,0.15731920
AIT-2025-04-007,WMT,0.01570846,0.00886455,-0.02383156,0.08351839
AIT-2025-04-007,XEL,-0.00139719,0.01452207,-0.06150064,-0.02837032
AIT-2025-04-006,AAPL,-0.05375259,-0.08899320,-0.00987272,-0.05129746
AIT-2025-04-006,ABNB,0.01304385,0.02865192,0.02046140,0.05052412
AIT-2025-04-006,ADBE,-0.00177752,0.01524730,-0.03393093,-0.00425131
AIT-2025-04-006,ADI,0.05171205,0.04762443,0.01558307,0.03862383
AIT-2025-04-006,ADP,-0.05186897,-0.06087540,-0.02253994,-0.05039144
AIT-2025-04-006,ADSK,0.01804150,0.01651034,0.00366854,0.00846140
AIT-2025-04-006,AEP,-0.08406632,-0.09110301,-0.04738203,-0.02834815
AIT-2025-04-006,ALAB,0.16711796,0.18553030,0.08450875,0.09873483
AIT-2025-04-006,ALNY,-0.07456623,-0.10305620,-0.10295224,-0.03951210
AIT-2025-04-006,AMAT,0.11562601,0.12189899,0.09531519,0.08481225
AIT-2025-04-006,AMD,0.00747934,-0.02569428,0.04017421,0.05192970
AIT-2025-04-006,AMGN,-0.04349456,-0.07043561,-0.08040809,-0.12633610
AIT-2025-04-006,AMZN,0.07241140,0.06927137,0.04070419,-0.02927883
AIT-2025-04-006,APP,0.06627711,0.11993951,-0.07147976,-0.15063465
AIT-2025-04-006,ARM,0.09508699,0.11272336,0.09641013,0.11914177
AIT-2025-04-006,ASML,0.10466147,0.10251317,0.09091598,0.04775330
AIT-2025-04-006,ASX,0.03148174,0.03719060,0.02539335,0.03509404
AIT-2025-04-006,AVGO,0.16110199,0.21391730,0.17645027,0.12293191
AIT-2025-04-006,AXON,0.00419369,0.02409512,0.03450938,-0.00128581
AIT-2025-04-006,BKNG,0.01465748,0.01122241,0.02933929,0.08703372
AIT-2025-04-006,BKR,-0.07169060,-0.07860672,-0.07045010,-0.17692498
AIT-2025-04-006,CCEP,-0.05927480,-0.06896813,-0.03886575,-0.03006068
AIT-2025-04-006,CDNS,0.04983510,0.06968766,0.05567547,0.15444941
AIT-2025-04-006,CEG,0.06155833,0.11892524,0.10371789,0.18062774
AIT-2025-04-006,CMCSA,-0.02987559,-0.04009487,-0.05284647,-0.05785682
AIT-2025-04-006,COST,-0.01653418,-0.00429715,-0.00407788,0.00614307
AIT-2025-04-006,CPRT,0.00411155,0.02317763,0.05638341,0.03568485
AIT-2025-04-006,CRDO,0.16910434,0.20086375,0.04924106,0.05563780
AIT-2025-04-006,CRWD,0.04017128,0.06984105,0.09555770,0.16815591
AIT-2025-04-006,CSCO,-0.00634576,-0.01796327,-0.00501517,-0.03550760
AIT-2025-04-006,CSX,0.00845340,0.00448128,0.00499265,-0.00741123
AIT-2025-04-006,CTAS,-0.02982679,-0.02199340,0.00550974,-0.01208294
AIT-2025-04-006,DASH,0.01687514,0.02787138,0.03031398,0.06528128
AIT-2025-04-006,DDOG,0.01909584,0.02804246,-0.01496388,0.06382470
AIT-2025-04-006,DXCM,0.03704994,0.03266183,0.08185921,0.28222815
AIT-2025-04-006,EA,-0.04710111,-0.05656836,-0.01296464,0.04219735
AIT-2025-04-006,ENTG,0.05904118,0.03453052,0.01486277,0.12710880
AIT-2025-04-006,EXC,-0.06046356,-0.06721147,-0.03350824,-0.05087678
AIT-2025-04-006,FANG,-0.08206041,-0.11487973,-0.06455546,-0.04684985
AIT-2025-04-006,FAST,-0.03613849,-0.03941727,0.03199031,0.00854448
AIT-2025-04-006,FER,-0.08805715,-0.07849783,-0.03465234,0.04157242
AIT-2025-04-006,FTNT,0.03024821,0.04220181,0.08167659,0.10689837
AIT-2025-04-006,GEHC,-0.11061961,-0.13681222,-0.11896164,-0.05492087
AIT-2025-04-006,GILD,-0.05967764,-0.08265510,-0.09726244,-0.15610008
AIT-2025-04-006,GOOG,0.05254465,0.05430496,0.04919893,0.03297960
AIT-2025-04-006,GOOGL,0.04757107,0.05299120,0.04761454,0.03567452
AIT-2025-04-006,HON,-0.06277099,-0.07909748,-0.03371706,0.01605063
AIT-2025-04-006,IDXX,-0.03362105,-0.06873676,-0.03703194,0.13969776
AIT-2025-04-006,INTC,0.00250775,-0.03637947,-0.09897839,-0.16751061
AIT-2025-04-006,INTU,-0.00530895,-0.01003835,-0.01333885,0.00323464
AIT-2025-04-006,ISRG,0.00790777,0.01241864,0.00677477,0.01086629
AIT-2025-04-006,KDP,-0.05374244,-0.05374375,-0.01185417,-0.03575526
AIT-2025-04-006,KHC,-0.06567104,-0.09247958,-0.04508833,-0.07450599
AIT-2025-04-006,KLAC,0.10849902,0.13456482,0.09574611,0.03105707
AIT-2025-04-006,LIN,-0.05975563,-0.08133560,-0.05177133,-0.05760689
AIT-2025-04-006,LITE,0.15790502,0.15998334,-0.03266848,-0.00678659
AIT-2025-04-006,LRCX,0.09344431,0.09791069,0.06106520,0.06287794
AIT-2025-04-006,MAR,0.01039068,0.01568015,0.00709293,0.04758993
AIT-2025-04-006,MCHP,0.05688732,0.01608398,0.01325862,0.17636691
AIT-2025-04-006,MDLZ,-0.04038345,-0.05850907,-0.01146939,0.00160055
AIT-2025-04-006,MELI,-0.03256322,-0.00375955,0.02093270,0.07530797
AIT-2025-04-006,META,0.04765217,0.05572462,0.02890919,0.05324117
AIT-2025-04-006,MNST,-0.03916549,-0.07549563,-0.02785207,0.00080932
AIT-2025-04-006,MPWR,0.14608689,0.12128859,0.10998289,0.15356047
AIT-2025-04-006,MRVL,0.10128983,0.12942437,-0.00974414,-0.01477251
AIT-2025-04-006,MSFT,0.02535771,0.03381838,0.04841444,0.12375102
AIT-2025-04-006,MSTR,0.13570350,0.06818102,0.06923692,0.08260567
AIT-2025-04-006,MTSI,0.10155652,0.11025650,0.07672779,0.11580901
AIT-2025-04-006,MU,0.07344485,0.07095823,-0.03008103,0.01799636
AIT-2025-04-006,NFLX,0.01725124,0.03750999,-0.00701140,0.11361507
AIT-2025-04-006,NVDA,0.13136641,0.16204875,0.10334758,-0.00654417
AIT-2025-04-006,NXPI,0.05392247,0.02148553,0.01708190,0.04900161
AIT-2025-04-006,ODFL,0.03453100,0.03068001,-0.01492961,-0.03175955
AIT-2025-04-006,ON,0.11878813,0.06481281,0.03378054,0.06809625
AIT-2025-04-006,ORLY,-0.05951942,-0.06984957,-0.04484349,-0.08620728
AIT-2025-04-006,PANW,0.00263638,0.02376346,0.02251223,0.05375936
AIT-2025-04-006,PAYX,-0.05641284,-0.07391547,-0.04759680,-0.07207884
AIT-2025-04-006,PCAR,0.00221876,-0.00482247,-0.01528159,-0.06461258
AIT-2025-04-006,PDD,-0.08834359,-0.13932406,-0.21879765,-0.03783897
AIT-2025-04-006,PEP,-0.05877653,-0.07985817,-0.04321104,-0.12207849
AIT-2025-04-006,PLTR,0.08539226,0.11386333,0.03246059,0.12779854
AIT-2025-04-006,PYPL,0.01800260,0.01662026,0.01706393,0.03747978
AIT-2025-04-006,QCOM,0.04893949,0.04122143,0.02253630,-0.04492449
AIT-2025-04-006,REGN,-0.02478300,-0.04190590,-0.08075080,0.01475771
AIT-2025-04-006,RKLB,0.15258128,0.17268763,0.05946154,-0.08061474
AIT-2025-04-006,ROP,-0.03330978,-0.04602092,-0.03111482,-0.05632676
AIT-2025-04-006,ROST,0.01826992,0.02238306,0.08206682,0.05732677
AIT-2025-04-006,SBUX,-0.04826118,-0.04049147,-0.03247434,-0.13701123
AIT-2025-04-006,SHOP,0.08809360,0.09846220,0.01803848,0.02993366
AIT-2025-04-006,SNPS,0.03243801,0.06674804,0.02431481,0.06984604
AIT-2025-04-006,STX,0.03810769,0.02747486,-0.00628891,0.23864253
AIT-2025-04-006,TER,0.10825353,0.07668755,0.01646260,-0.02972184
AIT-2025-04-006,TMUS,-0.06510937,-0.06385821,-0.04518515,-0.12636157
AIT-2025-04-006,TRI,-0.04380229,-0.04269761,-0.01641138,0.02713706
AIT-2025-04-006,TSLA,0.04726068,0.04360036,-0.04224459,-0.11049448
AIT-2025-04-006,TSM,0.03863964,0.03445285,0.00501114,0.02635396
AIT-2025-04-006,TTWO,-0.01700203,-0.01468461,0.00959088,0.01795663
AIT-2025-04-006,TXN,0.01772542,-0.01352637,-0.08616784,-0.04056402
AIT-2025-04-006,UMC,0.02064590,0.03759227,0.07629100,0.10965480
AIT-2025-04-006,VRTX,0.00922903,0.01191377,-0.00245282,-0.00037466
AIT-2025-04-006,WBD,-0.05953453,-0.09528740,-0.12002182,-0.15804310
AIT-2025-04-006,WDAY,0.00694843,0.00069545,-0.01012351,0.01152618
AIT-2025-04-006,WDC,0.02853119,0.07148516,0.02985882,0.23175108
AIT-2025-04-006,WMT,-0.01256824,-0.03068955,0.05823803,0.08137766
AIT-2025-04-006,XEL,-0.07433306,-0.07623297,-0.04377787,-0.04730135
AIT-2025-04-001,AAPL,0.02179428,0.01961041,0.05796020,-0.00755897
AIT-2025-04-001,ABNB,0.02785453,0.02445103,0.00136111,0.03024853
AIT-2025-04-001,ADBE,-0.03021586,-0.01770783,-0.04067896,0.02732435
AIT-2025-04-001,ADI,0.00742231,-0.01236670,-0.04411712,0.00586019
AIT-2025-04-001,ADP,0.00193903,0.01461588,0.01942003,0.00725590
AIT-2025-04-001,ADSK,-0.02185963,0.00411375,0.00641946,0.01626899
AIT-2025-04-001,AEP,0.02188366,0.02082546,0.05520300,0.05350456
AIT-2025-04-001,ALAB,-0.09351963,-0.05139159,-0.10730657,-0.07774275
AIT-2025-04-001,ALNY,-0.02534372,-0.06642819,-0.07277365,0.02649513
AIT-2025-04-001,AMAT,-0.05110947,-0.03308296,-0.02544796,-0.00682641
AIT-2025-04-001,AMD,0.00937332,0.01002714,0.04311294,0.05071272
AIT-2025-04-001,AMGN,-0.02844913,-0.04546470,-0.00719289,-0.09463422
AIT-2025-04-001,AMZN,-0.03906202,-0.02597818,-0.07160596,-0.08534603
AIT-2025-04-001,APP,-0.10997190,-0.02334441,-0.19221105,-0.22055532
AIT-2025-04-001,ARM,-0.05896426,0.01847765,-0.01906729,0.05503801
AIT-2025-04-001,ASML,-0.04015948,-0.01191600,-0.00057381,-0.01884816
AIT-2025-04-001,ASX,-0.04981786,-0.03183854,-0.00008484,0.01602236
AIT-2025-04-001,AVGO,-0.03622192,0.00897243,-0.01741478,0.00149166
AIT-2025-04-001,AXON,-0.01163802,0.02727433,0.03234532,-0.03781834
AIT-2025-04-001,BKNG,-0.00413005,0.01404827,0.01249178,0.07793182
AIT-2025-04-001,BKR,0.00071719,-0.01415198,-0.00154625,-0.10796814
AIT-2025-04-001,CCEP,-0.00385865,0.00803284,0.03668822,0.04290339
AIT-2025-04-001,CDNS,-0.02315284,0.01579172,0.01557126,0.11543035
AIT-2025-04-001,CEG,0.02521683,0.05545327,0.02626734,0.19831715
AIT-2025-04-001,CMCSA,0.00373098,-0.01513953,-0.00750650,-0.03086524
AIT-2025-04-001,COST,-0.00443235,0.02731245,0.02144778,0.01928479
AIT-2025-04-001,CPRT,0.01036020,0.04664834,0.05840761,0.04117045
AIT-2025-04-001,CRDO,-0.09803672,-0.07104953,-0.14052834,-0.11815659
AIT-2025-04-001,CRWD,0.00941196,0.06162249,0.08400466,0.09195564
AIT-2025-04-001,CSCO,-0.00303226,0.00365205,-0.00941299,-0.02428193
AIT-2025-04-001,CSX,0.00143600,0.00139819,-0.01026926,-0.01385099
AIT-2025-04-001,CTAS,0.00942941,0.03258770,0.04162430,0.03985716
AIT-2025-04-001,DASH,0.03264043,0.02386801,0.00600461,-0.09815324
AIT-2025-04-001,DDOG,-0.01688074,0.00114337,-0.03807598,0.04962646
AIT-2025-04-001,DXCM,0.03732136,0.07143817,0.09100671,0.29087004
AIT-2025-04-001,EA,-0.02135081,0.01639309,0.04962006,0.09499960
AIT-2025-04-001,ENTG,0.00856769,-0.02132572,-0.01991697,0.01465423
AIT-2025-04-001,EXC,-0.00717096,0.00782198,0.04050686,0.01423376
AIT-2025-04-001,FANG,0.04109567,-0.02117441,0.00025849,0.01019195
AIT-2025-04-001,FAST,-0.00269014,0.01793524,0.07491682,0.00067585
AIT-2025-04-001,FER,0.03075890,0.06370228,0.06317544,0.12453476
AIT-2025-04-001,FTNT,0.05652145,0.05386126,0.05552942,0.05603561
AIT-2025-04-001,GEHC,0.00767176,-0.00402868,-0.00793402,0.05247568
AIT-2025-04-001,GILD,-0.02116740,-0.05415791,-0.02454977,-0.13776215
AIT-2025-04-001,GOOG,-0.02698307,-0.00832875,-0.01527886,-0.09424990
AIT-2025-04-001,GOOGL,-0.02379924,-0.00752514,-0.01251689,-0.08497960
AIT-2025-04-001,HON,0.01821843,0.01215262,0.02748896,0.08438936
AIT-2025-04-001,IDXX,-0.00976199,-0.01574105,0.02677482,0.20150266
AIT-2025-04-001,INTC,-0.07578027,-0.05738266,-0.10827500,-0.15800382
AIT-2025-04-001,INTU,-0.02278982,-0.00516060,-0.00337940,0.02766006
AIT-2025-04-001,ISRG,0.02584308,0.01174790,-0.02095993,0.01511522
AIT-2025-04-001,KDP,0.02785531,0.03188043,0.04912297,0.00886667
AIT-2025-04-001,KHC,0.00890450,0.00678687,0.02437228,-0.01720402
AIT-2025-04-001,KLAC,-0.02384465,0.00455119,-0.01559105,-0.06193925
AIT-2025-04-001,LIN,0.00369489,-0.00573480,0.02479380,-0.00216084
AIT-2025-04-001,LITE,-0.11425342,-0.07562087,-0.18456544,-0.10233585
AIT-2025-04-001,LRCX,-0.04110312,-0.01002226,-0.02805535,0.00262308
AIT-2025-04-001,MAR,0.00601885,0.00531751,-0.02009772,0.08222025
AIT-2025-04-001,MCHP,0.03992246,-0.01216894,-0.05082461,0.13848149
AIT-2025-04-001,MDLZ,0.01623587,0.01247386,0.02882544,0.03198196
AIT-2025-04-001,MELI,0.02488803,0.03591308,0.10300195,0.11012785
AIT-2025-04-001,META,0.02135996,0.00891365,-0.07063774,0.00257035
AIT-2025-04-001,MNST,0.01345281,0.00763871,0.01797644,0.03390546
AIT-2025-04-001,MPWR,-0.07126737,-0.08884504,-0.02965618,0.04143251
AIT-2025-04-001,MRVL,-0.06974148,-0.07051255,-0.13503554,-0.20367239
AIT-2025-04-001,MSFT,-0.00157960,0.02269430,0.01049785,0.09790954
AIT-2025-04-001,MSTR,-0.15970804,-0.10733322,-0.06333182,-0.03724282
AIT-2025-04-001,MTSI,0.00439466,0.02794627,-0.02126182,0.02385378
AIT-2025-04-001,MU,-0.05870543,-0.05395115,-0.09108575,-0.00404474
AIT-2025-04-001,NFLX,-0.02346601,0.00268797,0.02663055,0.11854279
AIT-2025-04-001,NVDA,-0.07515091,-0.01107293,-0.03564863,-0.09980150
AIT-2025-04-001,NXPI,0.00628328,-0.02860875,-0.02851751,0.01534678
AIT-2025-04-001,ODFL,0.00443114,-0.00322402,-0.05216816,-0.06773879
AIT-2025-04-001,ON,-0.04235115,-0.05914156,-0.07508518,-0.03716179
AIT-2025-04-001,ORLY,-0.01938409,0.01156019,0.01789920,-0.02824955
AIT-2025-04-001,PANW,0.01272171,0.04412282,0.04012130,0.05640481
AIT-2025-04-001,PAYX,-0.00628625,0.00391694,0.01094615,-0.00443561
AIT-2025-04-001,PCAR,-0.00266757,-0.02244619,-0.04004588,-0.06871700
AIT-2025-04-001,PDD,-0.10873992,-0.14529750,-0.09457988,0.03744201
AIT-2025-04-001,PEP,0.02584026,0.01275375,0.00766384,-0.05881027
AIT-2025-04-001,PLTR,-0.06960616,0.00324269,0.02382783,-0.06514973
AIT-2025-04-001,PYPL,-0.01197668,-0.01411433,-0.02143258,0.02014774
AIT-2025-04-001,QCOM,-0.05002723,-0.03031060,-0.03924197,-0.04543273
AIT-2025-04-001,REGN,-0.03578124,-0.06218330,-0.04668013,-0.02028005
AIT-2025-04-001,RKLB,-0.11241439,-0.03318085,-0.05905770,-0.25795914
AIT-2025-04-001,ROP,-0.02980443,-0.00246124,0.00918885,-0.01298551
AIT-2025-04-001,ROST,0.01277249,0.05771794,0.05973249,0.06074800
AIT-2025-04-001,SBUX,0.03397360,0.02257308,-0.01115202,-0.07129438
AIT-2025-04-001,SHOP,-0.03957573,-0.01862666,-0.08898250,-0.09670285
AIT-2025-04-001,SNPS,-0.04545407,-0.00894633,-0.00597793,0.06004285
AIT-2025-04-001,STX,-0.02239859,-0.02883668,-0.02387296,0.22857020
AIT-2025-04-001,TER,-0.08194027,-0.07668714,-0.09660043,-0.13225810
AIT-2025-04-001,TMUS,0.00155914,0.01799409,0.04506556,-0.04959360
AIT-2025-04-001,TRI,-0.00297807,0.00450197,0.07475233,0.08722416
AIT-2025-04-001,TSLA,-0.09044291,-0.03488766,-0.10649054,-0.16735356
AIT-2025-04-001,TSM,-0.07163693,-0.04025102,-0.04391125,-0.01482889
AIT-2025-04-001,TTWO,-0.00807879,0.00137378,0.02965820,0.03579850
AIT-2025-04-001,TXN,-0.00502247,-0.02425059,-0.08787811,-0.03812202
AIT-2025-04-001,UMC,0.00808955,0.02391356,0.05653433,0.10643151
AIT-2025-04-001,VRTX,-0.02877035,-0.02139985,0.01700566,-0.14323778
AIT-2025-04-001,WBD,0.05737991,-0.02483455,-0.03866170,-0.07942062
AIT-2025-04-001,WDAY,-0.02237281,-0.00401961,0.00441516,0.01934446
AIT-2025-04-001,WDC,0.00359037,0.04603899,0.03723961,0.19985856
AIT-2025-04-001,WMT,0.02551524,0.05661763,0.07777499,0.08894608
AIT-2025-04-001,XEL,0.01892310,0.01516431,0.03740076,0.03038876
AIT-2025-04-004,AAPL,-0.01817482,-0.00570000,0.01655585,-0.03028922
AIT-2025-04-004,ABNB,0.02979698,0.02959581,0.05919558,0.10813291
AIT-2025-04-004,ADBE,0.01321164,0.02656339,0.02014898,0.06286568
AIT-2025-04-004,ADI,0.02798210,0.02827997,0.03979595,0.11532055
AIT-2025-04-004,ADP,-0.01419617,-0.01888566,-0.02927004,-0.03935000
AIT-2025-04-004,ADSK,0.02661529,0.02200727,0.02020118,0.01938845
AIT-2025-04-004,AEP,-0.01426764,0.00158275,-0.00454346,-0.07670754
AIT-2025-04-004,ALAB,0.05971041,0.05713484,0.02827653,0.16140616
AIT-2025-04-004,ALNY,-0.02033815,-0.00466426,0.00984155,0.02972453
AIT-2025-04-004,AMAT,0.01226773,0.00654971,0.02250591,0.06702847
AIT-2025-04-004,AMD,-0.01184777,-0.02129943,-0.01505852,0.10564267
AIT-2025-04-004,AMGN,-0.02920542,-0.04859857,-0.05232904,-0.13999692
AIT-2025-04-004,AMZN,-0.00537260,-0.01746591,0.00271765,0.01627386
AIT-2025-04-004,APP,0.03676734,0.06153187,0.04660768,0.07131511
AIT-2025-04-004,ARM,0.03969059,0.03453857,0.03237437,0.02690282
AIT-2025-04-004,ASML,-0.00590552,0.00181464,0.00441898,0.02783206
AIT-2025-04-004,ASX,0.04518379,0.02815406,0.05556831,0.09516986
AIT-2025-04-004,AVGO,0.04115162,0.01615848,0.00490451,0.03534446
AIT-2025-04-004,AXON,0.02140425,-0.00562588,-0.00803373,0.05698168
AIT-2025-04-004,BKNG,0.02110148,0.02603750,0.04089938,0.03205772
AIT-2025-04-004,BKR,0.02972107,0.04763625,-0.05077340,-0.09677912
AIT-2025-04-004,CCEP,0.00479343,0.01961877,0.00747148,-0.05582283
AIT-2025-04-004,CDNS,0.04079855,0.04306833,0.03654513,0.07911371
AIT-2025-04-004,CEG,0.03385560,0.04319980,0.02909316,0.18060779
AIT-2025-04-004,CMCSA,-0.00379862,0.00921935,0.01362356,-0.03181132
AIT-2025-04-004,COST,0.00577778,0.03196488,-0.00027255,-0.05787521
AIT-2025-04-004,CPRT,0.01311721,0.01610206,0.02583594,-0.02315330
AIT-2025-04-004,CRDO,0.04319141,0.00644890,0.04496101,0.08518542
AIT-2025-04-004,CRWD,0.04858237,0.03525247,0.03355907,0.00267151
AIT-2025-04-004,CSCO,-0.01234324,-0.01479974,-0.03436415,-0.02911103
AIT-2025-04-004,CSX,-0.01522336,-0.00352898,-0.01660248,0.05011355
AIT-2025-04-004,CTAS,-0.00903632,-0.00556588,-0.00882555,-0.04777290
AIT-2025-04-004,DASH,0.01035260,0.01643863,-0.00998992,-0.06544638
AIT-2025-04-004,DDOG,0.03786601,0.02902547,0.04386342,0.15608311
AIT-2025-04-004,DXCM,0.03899157,0.03759378,0.00761438,0.24992272
AIT-2025-04-004,EA,-0.00809987,0.00955829,-0.01029170,-0.02483617
AIT-2025-04-004,ENTG,-0.01788256,-0.00186012,0.02376313,0.00005086
AIT-2025-04-004,EXC,-0.01261127,0.00207799,-0.01031136,-0.11818437
AIT-2025-04-004,FANG,0.03653726,0.09370627,0.07253716,0.10417717
AIT-2025-04-004,FAST,0.00557424,0.01766137,-0.01463163,-0.08439618
AIT-2025-04-004,FER,0.02200220,0.03917158,0.03249202,0.07896423
AIT-2025-04-004,FTNT,0.00833774,0.00499925,-0.00804245,-0.05964760
AIT-2025-04-004,GEHC,-0.02851687,-0.01508582,0.01408804,0.07041326
AIT-2025-04-004,GILD,-0.01702617,-0.02317717,-0.01631452,-0.14235615
AIT-2025-04-004,GOOG,-0.00358966,-0.01819097,-0.00880670,-0.05243598
AIT-2025-04-004,GOOGL,-0.00303309,-0.01799584,-0.00902637,-0.04466717
AIT-2025-04-004,HON,-0.02194310,-0.00547280,-0.01064935,0.03968288
AIT-2025-04-004,IDXX,0.01357623,0.03606422,0.06314807,0.19297756
AIT-2025-04-004,INTC,0.00100268,-0.01644963,0.03593846,-0.09302142
AIT-2025-04-004,INTU,0.01851053,0.01263784,0.01323388,0.00767393
AIT-2025-04-004,ISRG,0.01036855,0.01109262,0.00035093,0.03301104
AIT-2025-04-004,KDP,-0.01538878,-0.00731634,-0.01467525,-0.09421639
AIT-2025-04-004,KHC,-0.03046738,-0.00789618,0.01202282,-0.09655203
AIT-2025-04-004,KLAC,0.01341969,-0.00068104,0.00130144,0.02955439
AIT-2025-04-004,LIN,0.01643820,0.02474770,0.00724999,-0.04685832
AIT-2025-04-004,LITE,0.06871866,0.05888899,0.06401784,0.12175305
AIT-2025-04-004,LRCX,0.01711275,-0.00523624,0.00998110,0.08799445
AIT-2025-04-004,MAR,0.00482955,0.01098936,0.03657674,0.11757708
AIT-2025-04-004,MCHP,0.02779756,0.04430117,0.10613327,0.37050663
AIT-2025-04-004,MDLZ,-0.02772879,-0.01524880,-0.01438503,-0.07211258
AIT-2025-04-004,MELI,0.03341140,0.04780673,0.04845850,0.13231864
AIT-2025-04-004,META,-0.02372266,-0.02784928,-0.01435249,0.09584243
AIT-2025-04-004,MNST,-0.00998757,-0.00305797,0.00442184,0.01485892
AIT-2025-04-004,MPWR,0.04471019,0.04001647,0.02414104,0.12064844
AIT-2025-04-004,MRVL,0.06914025,0.06058518,0.05060792,-0.01315703
AIT-2025-04-004,MSFT,-0.01335247,-0.02418023,-0.02149825,0.08802140
AIT-2025-04-004,MSTR,0.07303971,0.08130571,0.09792334,-0.09024078
AIT-2025-04-004,MTSI,0.03494966,0.03285561,0.03390171,0.04637146
AIT-2025-04-004,MU,0.03763977,0.02892562,0.05588974,0.15028690
AIT-2025-04-004,NFLX,0.06102051,0.06941869,0.11962866,0.07228507
AIT-2025-04-004,NVDA,0.01376279,-0.01819662,-0.05038462,-0.01320620
AIT-2025-04-004,NXPI,0.03489438,0.04701286,0.08064066,0.11267375
AIT-2025-04-004,ODFL,-0.02077735,0.01790328,-0.00264506,0.02968496
AIT-2025-04-004,ON,0.01926629,0.03023441,0.05723601,0.12462069
AIT-2025-04-004,ORLY,-0.03023298,-0.01276936,-0.03036218,-0.12372086
AIT-2025-04-004,PANW,0.03207092,0.01765049,-0.00155549,-0.00399152
AIT-2025-04-004,PAYX,-0.01369990,-0.02009402,-0.04292578,-0.03767951
AIT-2025-04-004,PCAR,-0.01050265,0.00432954,0.00169514,-0.00066669
AIT-2025-04-004,PDD,-0.01043858,0.00333888,0.06363086,0.18162481
AIT-2025-04-004,PEP,-0.04720848,-0.02707279,-0.02836650,-0.11493084
AIT-2025-04-004,PLTR,0.05779834,0.05844395,0.06564913,-0.01694743
AIT-2025-04-004,PYPL,-0.00343134,0.00694733,0.00800844,0.04045001
AIT-2025-04-004,QCOM,0.02345249,0.02909572,0.02901206,-0.02665062
AIT-2025-04-004,REGN,-0.02050930,0.00670154,0.04954149,0.02584080
AIT-2025-04-004,RKLB,0.10785949,0.08354503,0.03701243,-0.17693890
AIT-2025-04-004,ROP,0.00224187,0.00274857,-0.02173346,-0.06938617
AIT-2025-04-004,ROST,-0.01476508,-0.00807698,-0.02799603,0.00386453
AIT-2025-04-004,SBUX,-0.03976397,-0.03300944,-0.03423752,-0.07538616
AIT-2025-04-004,SHOP,0.06679725,0.05759920,0.09760132,0.06675549
AIT-2025-04-004,SNPS,0.03613924,0.02954215,0.02335864,0.07797022
AIT-2025-04-004,STX,0.03428339,0.07417865,0.08688146,0.29758180
AIT-2025-04-004,TER,0.02161959,0.02280927,0.02204240,0.01608457
AIT-2025-04-004,TMUS,-0.00761990,-0.00102842,-0.02275893,-0.17431953
AIT-2025-04-004,TRI,0.03558251,0.04414987,0.03477424,-0.00005802
AIT-2025-04-004,TSLA,0.02883565,0.02155601,0.00354012,0.02508454
AIT-2025-04-004,TSM,0.01840185,0.01643569,0.02593647,0.07575736
AIT-2025-04-004,TTWO,0.00651942,0.01054476,-0.00223896,-0.00942918
AIT-2025-04-004,TXN,0.00378070,0.01530213,0.01947603,0.12981654
AIT-2025-04-004,UMC,0.02541955,0.01928786,0.03484497,0.05139216
AIT-2025-04-004,VRTX,-0.00694220,-0.00134859,-0.00412406,-0.20677778
AIT-2025-04-004,WBD,0.01157560,0.03182246,0.03405494,0.00199513
AIT-2025-04-004,WDAY,0.00663147,-0.02479690,-0.02723234,0.05230028
AIT-2025-04-004,WDC,0.04281730,0.06713758,0.07396373,0.20914092
AIT-2025-04-004,WMT,-0.02804842,-0.00774929,-0.00125454,-0.04334172
AIT-2025-04-004,XEL,-0.02661036,-0.01326366,0.00300998,-0.05712839
AIT-2025-04-005,AAPL,0.01491391,0.02486494,0.03124715,-0.02761613
AIT-2025-04-005,ABNB,0.02209118,0.01921635,0.03107199,0.07173846
AIT-2025-04-005,ADBE,0.02705779,0.01834925,0.02355612,0.09033775
AIT-2025-04-005,ADI,0.03306730,0.01100527,0.02988449,0.07289715
AIT-2025-04-005,ADP,-0.02290869,-0.00939185,-0.03974088,-0.00853315
AIT-2025-04-005,ADSK,0.00258255,-0.00077951,-0.01870395,-0.01189345
AIT-2025-04-005,AEP,-0.01070089,0.01820687,0.01023385,-0.01860134
AIT-2025-04-005,ALAB,-0.01198876,-0.07241779,-0.01860915,0.06691352
AIT-2025-04-005,ALNY,0.02765178,0.02310470,0.04769594,0.11540968
AIT-2025-04-005,AMAT,0.03125595,0.00114267,0.01300628,-0.01147553
AIT-2025-04-005,AMD,0.01695737,-0.02298851,0.01521941,0.09813571
AIT-2025-04-005,AMGN,-0.02399786,-0.01611994,-0.02317157,-0.06941837
AIT-2025-04-005,AMZN,-0.00622389,-0.01000336,0.01401297,-0.00800730
AIT-2025-04-005,APP,0.04667837,0.00278397,0.00496165,-0.05028678
AIT-2025-04-005,ARM,0.02969544,-0.00739979,-0.00874505,-0.01491291
AIT-2025-04-005,ASML,0.02871604,0.00655032,-0.00610284,-0.00536926
AIT-2025-04-005,ASX,0.01650369,-0.00840933,-0.00812855,0.01063892
AIT-2025-04-005,AVGO,0.00670250,-0.03916453,-0.02225574,-0.04665277
AIT-2025-04-005,AXON,-0.03008065,-0.04323704,-0.02759721,0.02262209
AIT-2025-04-005,BKNG,-0.00096450,0.00757879,0.01168645,0.01683058
AIT-2025-04-005,BKR,0.01038970,-0.00102102,-0.09584019,-0.14685671
AIT-2025-04-005,CCEP,0.01112256,0.02801315,-0.01888382,-0.03940197
AIT-2025-04-005,CDNS,0.01113969,-0.00668955,0.03821899,0.02737878
AIT-2025-04-005,CEG,-0.01582484,-0.02150979,0.00226804,0.12954393
AIT-2025-04-005,CMCSA,0.01381683,0.01773818,-0.01347213,-0.00772322
AIT-2025-04-005,COST,0.00623159,0.00877264,-0.02747450,-0.04220663
AIT-2025-04-005,CPRT,0.00533254,0.01338121,-0.01301895,-0.02798948
AIT-2025-04-005,CRDO,-0.00752634,-0.03580501,-0.02017533,0.01089445
AIT-2025-04-005,CRWD,-0.00608537,-0.03520683,0.03590083,-0.05665022
AIT-2025-04-005,CSCO,-0.01050681,-0.01962907,-0.02751483,0.00912884
AIT-2025-04-005,CSX,0.02000688,0.01505986,-0.00969017,0.06806323
AIT-2025-04-005,CTAS,-0.00829437,0.00137282,-0.01656317,-0.01758056
AIT-2025-04-005,DASH,-0.02096772,-0.02578658,-0.02211655,-0.06787605
AIT-2025-04-005,DDOG,0.00217330,-0.00562715,0.04257142,0.10305823
AIT-2025-04-005,DXCM,-0.02046711,-0.03092515,0.02764538,0.20127990
AIT-2025-04-005,EA,0.00130373,0.01853769,0.00564484,0.00561081
AIT-2025-04-005,ENTG,0.04873466,0.02582531,0.10332652,-0.03756078
AIT-2025-04-005,EXC,-0.01065210,0.01410473,-0.01243817,-0.06944454
AIT-2025-04-005,FANG,0.03326948,0.05095240,0.03034403,0.04272480
AIT-2025-04-005,FAST,0.01211337,0.00662475,-0.03107855,-0.07294325
AIT-2025-04-005,FER,0.00623098,0.01980927,0.04381372,0.04830420
AIT-2025-04-005,FTNT,-0.02131130,-0.02793764,0.00447967,-0.06579022
AIT-2025-04-005,GEHC,-0.00038595,0.00098910,0.07756405,0.09628857
AIT-2025-04-005,GILD,-0.00747311,-0.00266269,-0.03918675,-0.09144661
AIT-2025-04-005,GOOG,-0.00626876,-0.01137236,-0.00071034,-0.05752734
AIT-2025-04-005,GOOGL,-0.00722108,-0.01316374,0.00256674,-0.04880970
AIT-2025-04-005,HON,0.01673982,0.02445915,0.00572199,0.08586981
AIT-2025-04-005,IDXX,0.02828315,0.04766822,0.05717877,0.19054821
AIT-2025-04-005,INTC,0.02913351,0.01162753,-0.04381831,-0.10339298
AIT-2025-04-005,INTU,-0.00774824,-0.00988842,0.01146012,0.00526240
AIT-2025-04-005,ISRG,-0.00168999,-0.01043474,0.01009472,0.00505604
AIT-2025-04-005,KDP,0.00677631,0.00928773,-0.02567045,-0.05235929
AIT-2025-04-005,KHC,0.04145389,0.04733155,0.01903745,-0.04850279
AIT-2025-04-005,KLAC,0.01522834,-0.01325873,-0.01278115,-0.02277003
AIT-2025-04-005,LIN,0.00152144,0.01248846,-0.02387070,-0.04527451
AIT-2025-04-005,LITE,0.02231758,-0.02526726,-0.00557397,0.01311000
AIT-2025-04-005,LRCX,0.00852550,-0.02710490,0.00713267,0.04656905
AIT-2025-04-005,MAR,0.00911562,0.00548551,0.03098353,0.10316118
AIT-2025-04-005,MCHP,0.08565056,0.06322879,0.15255211,0.34039889
AIT-2025-04-005,MDLZ,0.01813804,0.02611272,-0.01390744,-0.01977806
AIT-2025-04-005,MELI,0.01352687,0.02572760,0.03157051,0.10690621
AIT-2025-04-005,META,-0.00680275,-0.00937354,0.02257234,0.07609462
AIT-2025-04-005,MNST,0.00157107,0.01983272,0.00220563,0.05052425
AIT-2025-04-005,MPWR,0.03118534,-0.02970917,-0.00631014,0.02423961
AIT-2025-04-005,MRVL,0.01767161,-0.03437600,-0.00772656,-0.14526860
AIT-2025-04-005,MSFT,-0.00811789,-0.01325033,0.01023951,0.09688698
AIT-2025-04-005,MSTR,0.08292555,0.07241420,-0.01188815,-0.25101744
AIT-2025-04-005,MTSI,0.03015951,-0.02035734,-0.00734803,-0.01061841
AIT-2025-04-005,MU,0.01716856,0.01184572,0.04873012,0.11421373
AIT-2025-04-005,NFLX,0.05173920,0.07116443,0.07074519,0.03325106
AIT-2025-04-005,NVDA,-0.01222203,-0.06144700,-0.05996157,-0.05501465
AIT-2025-04-005,NXPI,0.05882013,0.03471429,0.07115187,0.06765709
AIT-2025-04-005,ODFL,0.03833185,0.02619057,-0.05055088,0.03617250
AIT-2025-04-005,ON,0.06630031,0.03532931,0.06839762,0.08566359
AIT-2025-04-005,ORLY,0.00771114,0.01564592,-0.03758529,-0.06054147
AIT-2025-04-005,PANW,-0.02791930,-0.04001861,-0.00668685,-0.03124233
AIT-2025-04-005,PAYX,-0.02767709,-0.02139115,-0.04806249,-0.01546640
AIT-2025-04-005,PCAR,0.02359607,0.01771270,0.02125525,0.01931742
AIT-2025-04-005,PDD,0.03469583,0.06093258,0.09049859,0.16700908
AIT-2025-04-005,PEP,0.01071857,0.02536771,-0.04156233,-0.03997870
AIT-2025-04-005,PLTR,0.02602845,-0.01507866,0.03586186,-0.11506193
AIT-2025-04-005,PYPL,0.02673410,0.01342621,0.02125347,0.02004110
AIT-2025-04-005,QCOM,0.04620915,0.01943252,0.01362444,-0.07338805
AIT-2025-04-005,REGN,0.03900618,0.07146950,0.08689019,0.08823036
AIT-2025-04-005,RKLB,-0.01639637,-0.08062333,-0.06741412,-0.26491962
AIT-2025-04-005,ROP,-0.01342942,-0.01158212,-0.03457475,-0.05234298
AIT-2025-04-005,ROST,-0.00477471,-0.00576457,-0.02314296,0.02160752
AIT-2025-04-005,SBUX,0.01336114,0.00561688,-0.00642651,-0.05085202
AIT-2025-04-005,SHOP,0.01873959,0.00756309,0.03012990,-0.03179309
AIT-2025-04-005,SNPS,0.01364502,-0.00628627,-0.00522941,0.01981774
AIT-2025-04-005,STX,0.04522538,0.03435616,0.08043642,0.27863753
AIT-2025-04-005,TER,0.03362120,0.00363310,0.00193712,-0.03900697
AIT-2025-04-005,TMUS,-0.02094921,-0.01236954,-0.13011833,-0.14512280
AIT-2025-04-005,TRI,0.01144871,0.00899029,-0.01827190,-0.00599137
AIT-2025-04-005,TSLA,0.00530968,-0.02895640,0.02009588,-0.02752653
AIT-2025-04-005,TSM,0.01482347,-0.00753462,0.00293401,0.03331341
AIT-2025-04-005,TTWO,-0.01757238,-0.01287694,0.02550922,-0.03829513
AIT-2025-04-005,TXN,0.02350159,-0.00168392,0.05004370,0.11768670
AIT-2025-04-005,UMC,0.00774030,-0.00855831,-0.04249289,0.02017149
AIT-2025-04-005,VRTX,-0.00565013,0.00764158,-0.00897911,-0.16230439
AIT-2025-04-005,WBD,0.02343383,-0.00567608,0.01939665,-0.02768314
AIT-2025-04-005,WDAY,-0.03689723,-0.03310349,0.00100468,0.04667565
AIT-2025-04-005,WDC,0.05348810,0.02913595,0.06548486,0.16689300
AIT-2025-04-005,WMT,0.02177345,0.03384756,0.01044216,-0.01363137
AIT-2025-04-005,XEL,-0.00507295,0.02855669,-0.00977917,0.01595617
AIT-2025-04-002,AAPL,0.01226622,0.02219547,0.02224878,-0.05358840
AIT-2025-04-002,ABNB,0.01935619,0.02977266,0.03816228,0.06102614
AIT-2025-04-002,ADBE,0.00492737,-0.00522763,0.01421043,0.08744714
AIT-2025-04-002,ADI,0.01089305,0.01204293,0.02585567,0.06250950
AIT-2025-04-002,ADP,-0.00428359,-0.01134000,-0.02983251,0.00668815
AIT-2025-04-002,ADSK,0.00396483,-0.00163886,-0.00897615,-0.01534291
AIT-2025-04-002,AEP,0.00233431,-0.00617790,-0.00378214,-0.02818905
AIT-2025-04-002,ALAB,-0.06945393,-0.02831400,-0.01854620,0.06422208
AIT-2025-04-002,ALNY,0.00643771,0.01498344,0.04194407,0.11415720
AIT-2025-04-002,AMAT,0.00705706,0.01625537,0.01571622,-0.00185835
AIT-2025-04-002,AMD,-0.01324565,0.00704115,0.02444488,0.09043028
AIT-2025-04-002,AMGN,0.00340177,-0.00392430,0.00439277,-0.03698377
AIT-2025-04-002,AMZN,0.00139514,0.02112123,0.01776579,0.00210699
AIT-2025-04-002,APP,-0.02197152,-0.01456532,0.00103873,-0.06265125
AIT-2025-04-002,ARM,-0.00261046,-0.00081151,-0.01390550,-0.03957709
AIT-2025-04-002,ASML,-0.00121066,0.00341310,-0.01563935,-0.01027227
AIT-2025-04-002,ASX,0.00876633,0.02744625,0.00754992,0.01911897
AIT-2025-04-002,AVGO,-0.01414865,-0.01054964,0.00214960,-0.01525662
AIT-2025-04-002,AXON,-0.01664639,-0.00257126,-0.00803770,0.05305626
AIT-2025-04-002,BKNG,0.00265326,0.01487040,0.01639956,0.02179251
AIT-2025-04-002,BKR,-0.01838936,-0.09889267,-0.12116903,-0.16114753
AIT-2025-04-002,CCEP,0.01323114,-0.01280894,-0.03325964,-0.05184370
AIT-2025-04-002,CDNS,-0.00900144,-0.00679589,0.02237909,0.01879373
AIT-2025-04-002,CEG,-0.03087974,-0.01596300,-0.00125277,0.12299320
AIT-2025-04-002,CMCSA,0.00495753,0.00458282,-0.03007718,-0.02077543
AIT-2025-04-002,COST,-0.01731312,-0.03288883,-0.05317904,-0.06208746
AIT-2025-04-002,CPRT,0.01055008,0.00883062,-0.03426963,-0.03874532
AIT-2025-04-002,CRDO,0.00088823,0.03971795,-0.00214899,0.07268740
AIT-2025-04-002,CRWD,-0.02207033,-0.00197454,0.04383350,-0.03586508
AIT-2025-04-002,CSCO,-0.01702841,-0.01958145,-0.02407356,0.01524860
AIT-2025-04-002,CSX,0.00349677,-0.01301393,-0.01981991,0.05349493
AIT-2025-04-002,CTAS,-0.00210452,-0.00383871,-0.02179166,-0.01357078
AIT-2025-04-002,DASH,-0.03230352,-0.02721159,-0.03218812,-0.08229415
AIT-2025-04-002,DDOG,0.00292379,0.01665830,0.05425006,0.10240560
AIT-2025-04-002,DXCM,-0.02995743,-0.02946621,0.02329969,0.21907241
AIT-2025-04-002,EA,0.00105156,-0.01993167,-0.01119733,-0.01845461
AIT-2025-04-002,ENTG,0.00990276,0.02702595,0.07885311,-0.08461384
AIT-2025-04-002,EXC,-0.00045120,-0.01312326,-0.02309477,-0.07912877
AIT-2025-04-002,FANG,-0.00608507,-0.02135118,-0.01817630,-0.02619661
AIT-2025-04-002,FAST,-0.00534635,-0.03294373,-0.05214987,-0.08559043
AIT-2025-04-002,FER,0.00237653,-0.00730332,0.03130886,0.02831272
AIT-2025-04-002,FTNT,-0.02478404,-0.01258176,0.01275465,-0.06526795
AIT-2025-04-002,GEHC,-0.01250707,0.02940709,0.05885465,0.08201042
AIT-2025-04-002,GILD,0.00344281,0.00668524,-0.00526351,-0.05316185
AIT-2025-04-002,GOOG,0.00319607,0.00937063,0.00574479,-0.04060926
AIT-2025-04-002,GOOGL,0.00176944,0.00897426,0.00980348,-0.03197085
AIT-2025-04-002,HON,0.00793793,-0.00560882,-0.00382706,0.07663916
AIT-2025-04-002,IDXX,0.02489382,0.02668978,0.02647267,0.17197003
AIT-2025-04-002,INTC,0.02925641,0.05374417,-0.00192288,-0.09593997
AIT-2025-04-002,INTU,-0.00401201,0.00081035,0.00778361,0.01138788
AIT-2025-04-002,ISRG,-0.01130233,-0.01090377,0.00670352,-0.00276780
AIT-2025-04-002,KDP,0.00126297,-0.00847712,-0.04481097,-0.06212020
AIT-2025-04-002,KHC,0.02493601,0.01972878,-0.02612659,-0.06490384
AIT-2025-04-002,KLAC,0.00114449,0.00234856,0.00096346,-0.01011167
AIT-2025-04-002,LIN,0.00422925,-0.01789767,-0.03359721,-0.04919987
AIT-2025-04-002,LITE,-0.01529873,0.00515444,0.00241199,0.01631698
AIT-2025-04-002,LRCX,-0.00466290,0.01569983,0.03293251,0.06249960
AIT-2025-04-002,MAR,-0.00073776,0.02521724,0.02721158,0.09430467
AIT-2025-04-002,MCHP,0.04694755,0.06261881,0.14159251,0.31708912
AIT-2025-04-002,MDLZ,0.01390307,0.00077073,-0.03317782,-0.02373477
AIT-2025-04-002,MELI,0.01074081,0.00221735,0.00731315,0.08646536
AIT-2025-04-002,META,-0.00541803,0.01369666,0.03020712,0.07823292
AIT-2025-04-002,MNST,0.01279511,0.00699475,-0.00913289,0.04164091
AIT-2025-04-002,MPWR,-0.02475770,-0.01547073,0.00200758,0.01150642
AIT-2025-04-002,MRVL,-0.02551938,-0.00901282,-0.00287488,-0.15485806
AIT-2025-04-002,MSFT,-0.00245312,0.00281703,0.02001465,0.11793826
AIT-2025-04-002,MSTR,0.06336705,0.01555256,-0.02636704,-0.24012696
AIT-2025-04-002,MTSI,-0.01822640,0.00137831,-0.02662744,-0.01770627
AIT-2025-04-002,MU,0.02103731,0.02657189,0.04423334,0.13180819
AIT-2025-04-002,NFLX,0.06250276,0.05074437,0.06808298,0.02130963
AIT-2025-04-002,NVDA,-0.02924864,-0.03170052,-0.04814019,-0.02138107
AIT-2025-04-002,NXPI,0.02275518,0.03361320,0.07406464,0.04545431
AIT-2025-04-002,ODFL,-0.01239771,-0.02076197,-0.07418200,-0.00187758
AIT-2025-04-002,ON,0.02435343,0.02783647,0.06979009,0.05208443
AIT-2025-04-002,ORLY,-0.00159427,-0.01761654,-0.03884923,-0.06898696
AIT-2025-04-002,PANW,-0.02602728,-0.01789356,0.02107368,-0.01216538
AIT-2025-04-002,PAYX,-0.01448389,-0.02410560,-0.03606333,0.00436039
AIT-2025-04-002,PCAR,0.00295129,-0.00334283,0.00775624,0.00597839
AIT-2025-04-002,PDD,0.04794839,0.05994489,0.06938967,0.16517763
AIT-2025-04-002,PEP,0.00523702,-0.00151735,-0.05845399,-0.06128236
AIT-2025-04-002,PLTR,-0.01607862,0.00836636,0.04342372,-0.15108348
AIT-2025-04-002,PYPL,0.00306472,0.00051992,0.00323078,0.00846473
AIT-2025-04-002,QCOM,0.01425252,-0.00005959,0.00316729,-0.06882662
AIT-2025-04-002,REGN,0.04406488,0.04294519,0.07523514,0.06517713
AIT-2025-04-002,RKLB,-0.05722886,-0.04591688,-0.04162334,-0.24983571
AIT-2025-04-002,ROP,-0.01190866,-0.02449611,-0.04541900,-0.05660583
AIT-2025-04-002,ROST,-0.01248252,-0.02118598,-0.03269696,0.02037903
AIT-2025-04-002,SBUX,-0.00136237,-0.00153076,-0.01432782,-0.07316573
AIT-2025-04-002,SHOP,0.01645339,0.04035395,0.05047050,-0.04429774
AIT-2025-04-002,SNPS,0.00039568,-0.00568713,-0.00319416,0.03051608
AIT-2025-04-002,STX,-0.00570739,0.01289326,0.03422926,0.24903517
AIT-2025-04-002,TER,0.00249150,-0.00027516,-0.00068447,-0.05383126
AIT-2025-04-002,TMUS,-0.01876118,-0.02163487,-0.12109704,-0.14542190
AIT-2025-04-002,TRI,0.00028006,-0.00963620,-0.02342867,-0.00235202
AIT-2025-04-002,TSLA,-0.02221597,-0.01748553,0.02595412,-0.05229979
AIT-2025-04-002,TSM,-0.00528556,0.00953025,-0.00552295,0.03145607
AIT-2025-04-002,TTWO,-0.01694428,-0.01287501,0.02035755,-0.01013244
AIT-2025-04-002,TXN,-0.01298237,0.00430004,0.03645635,0.10628304
AIT-2025-04-002,UMC,-0.00141695,0.01498356,-0.02445981,0.04157977
AIT-2025-04-002,VRTX,0.00195521,-0.00231381,-0.00950311,-0.16371295
AIT-2025-04-002,WBD,-0.02624822,0.00240088,0.00842955,-0.06605182
AIT-2025-04-002,WDAY,-0.00187393,-0.00126768,0.03298957,0.07825100
AIT-2025-04-002,WDC,0.00463719,0.00664397,0.04490697,0.15501788
AIT-2025-04-002,WMT,0.01364895,0.00562481,-0.01025643,-0.03801528
AIT-2025-04-002,XEL,0.01517134,0.01585704,-0.01653055,-0.00223730
AIT-2025-04-008,AAPL,0.00189340,-0.05287642,-0.08431179,-0.11580442
AIT-2025-04-008,ABNB,-0.01931566,-0.02785993,-0.02889259,-0.03700865
AIT-2025-04-008,ADBE,0.00695384,0.01167331,0.03801159,0.09349654
AIT-2025-04-008,ADI,-0.00539057,-0.00469563,0.02126894,0.02836912
AIT-2025-04-008,ADP,0.00262734,0.00890246,0.01533799,0.02375197
AIT-2025-04-008,ADSK,-0.00641512,0.00180960,0.02234000,0.01045504
AIT-2025-04-008,AEP,-0.01098551,-0.01047919,-0.01595067,-0.06838636
AIT-2025-04-008,ALAB,0.03249948,0.02531578,0.03852618,0.20475526
AIT-2025-04-008,ALNY,-0.01453914,-0.01194266,0.06299150,0.07861444
AIT-2025-04-008,AMAT,-0.01257971,0.00484878,0.03349533,0.00852945
AIT-2025-04-008,AMD,-0.00324536,-0.00786029,0.03615125,0.09863641
AIT-2025-04-008,AMGN,-0.01872068,-0.03336063,-0.04695803,-0.02340136
AIT-2025-04-008,AMZN,0.00561426,-0.01512753,-0.00839165,0.01443642
AIT-2025-04-008,APP,-0.06320349,-0.00512799,-0.01921539,-0.00616816
AIT-2025-04-008,ARM,0.01831347,0.05164467,0.08874145,0.02938502
AIT-2025-04-008,ASML,-0.00658407,0.00840078,0.04382344,0.06251287
AIT-2025-04-008,ASX,-0.00828285,0.01695876,0.03615825,0.03008845
AIT-2025-04-008,AVGO,0.01394558,0.01416023,0.03629931,0.08138507
AIT-2025-04-008,AXON,-0.00109530,-0.01132226,-0.05507780,0.02502785
AIT-2025-04-008,BKNG,0.02965832,0.03393629,0.03914196,0.03119358
AIT-2025-04-008,BKR,-0.00336468,0.00288410,-0.00383450,-0.05219487
AIT-2025-04-008,CCEP,0.00237532,-0.00181817,0.01298949,-0.01432525
AIT-2025-04-008,CDNS,-0.01804277,-0.01116713,0.00561139,-0.13489614
AIT-2025-04-008,CEG,0.04864523,0.04979648,0.14971659,0.17441860
AIT-2025-04-008,CMCSA,-0.00812987,0.00105570,0.00607746,-0.02819897
AIT-2025-04-008,COST,0.00155089,0.00248794,0.00542108,-0.03309429
AIT-2025-04-008,CPRT,-0.00649484,-0.00511078,-0.00044220,-0.21178460
AIT-2025-04-008,CRDO,0.02608052,0.04130227,0.06107982,0.14974302
AIT-2025-04-008,CRWD,-0.01112841,-0.01479523,-0.04264292,-0.04761051
AIT-2025-04-008,CSCO,0.00426542,0.01098032,0.01908497,0.01219378
AIT-2025-04-008,CSX,-0.00193028,0.00931506,0.00647974,0.08386811
AIT-2025-04-008,CTAS,-0.00546518,-0.00676318,0.01352806,0.01079127
AIT-2025-04-008,DASH,0.01003749,0.03368023,-0.10578660,-0.07028409
AIT-2025-04-008,DDOG,0.03200148,0.00179459,0.02754777,0.08152341
AIT-2025-04-008,DXCM,-0.01675995,0.13556281,0.16947639,0.17656893
AIT-2025-04-008,EA,-0.00910886,0.02661690,0.05860514,-0.04526423
AIT-2025-04-008,ENTG,-0.00165368,0.02053524,-0.00963763,-0.15086051
AIT-2025-04-008,EXC,-0.00856592,-0.01247941,-0.02080902,-0.09313182
AIT-2025-04-008,FANG,-0.01792152,-0.01900359,-0.05586880,-0.01870345
AIT-2025-04-008,FAST,-0.00278545,0.00313926,-0.03883527,-0.04733770
AIT-2025-04-008,FER,0.01067334,0.01347905,0.00982692,0.02058198
AIT-2025-04-008,FTNT,-0.01402496,-0.01375822,-0.00727676,-0.14608020
AIT-2025-04-008,GEHC,-0.01133856,0.01571079,0.00539468,0.00443183
AIT-2025-04-008,GILD,-0.01538796,-0.01760547,-0.06822002,0.00326843
AIT-2025-04-008,GOOG,-0.00185108,0.00199896,-0.06456090,0.01871951
AIT-2025-04-008,GOOGL,0.00092151,0.00326838,-0.06199083,0.02520437
AIT-2025-04-008,HON,-0.00889671,-0.00373348,0.00660222,0.02474712
AIT-2025-04-008,IDXX,0.07516068,0.06500210,0.10654654,0.13657708
AIT-2025-04-008,INTC,-0.02761366,-0.02037634,-0.01204987,-0.07630270
AIT-2025-04-008,INTU,-0.00733935,-0.00855106,0.01657170,0.13683675
AIT-2025-04-008,ISRG,-0.00666503,-0.00217395,0.01977087,-0.02002684
AIT-2025-04-008,KDP,-0.00834635,-0.00123319,-0.01211296,-0.04973374
AIT-2025-04-008,KHC,-0.01439480,-0.01326565,-0.02472054,-0.07819321
AIT-2025-04-008,KLAC,-0.02824786,-0.02208372,-0.00710852,0.02775233
AIT-2025-04-008,LIN,-0.01087363,-0.00519489,-0.01135183,-0.01594054
AIT-2025-04-008,LITE,0.00649492,-0.00892432,0.06536439,0.06431739
AIT-2025-04-008,LRCX,0.00096993,0.01325367,0.04520639,0.09414901
AIT-2025-04-008,MAR,0.01044014,0.01799653,0.05436915,0.03757329
AIT-2025-04-008,MCHP,-0.00807047,0.00444397,0.04123370,0.19419569
AIT-2025-04-008,MDLZ,0.03260026,0.02903527,0.02069196,0.01637633
AIT-2025-04-008,MELI,-0.00190227,-0.02043686,-0.02476565,0.03882762
AIT-2025-04-008,META,0.02152810,0.04479171,0.05618640,0.06241481
AIT-2025-04-008,MNST,0.00033903,0.00354718,0.01238986,0.03163959
AIT-2025-04-008,MPWR,0.00916869,0.03253469,0.06030211,0.02744492
AIT-2025-04-008,MRVL,0.02048219,0.00574451,-0.06643616,-0.06147186
AIT-2025-04-008,MSFT,0.07392217,0.08433330,0.09097888,0.11423532
AIT-2025-04-008,MSTR,-0.03237358,-0.04336670,-0.04360706,-0.32584561
AIT-2025-04-008,MTSI,0.01506877,0.04373817,0.07314764,0.06387877
AIT-2025-04-008,MU,0.00006260,0.00825816,0.06022314,0.14878247
AIT-2025-04-008,NFLX,-0.00437849,-0.00074298,0.00258776,-0.05075765
AIT-2025-04-008,NVDA,0.00799903,0.00257472,0.04605844,0.11636174
AIT-2025-04-008,NXPI,-0.01399538,-0.00455600,0.01300350,0.00095764
AIT-2025-04-008,ODFL,-0.00019124,0.03451190,0.03109677,0.03397275
AIT-2025-04-008,ON,0.01009783,0.04126928,-0.00251220,0.04899346
AIT-2025-04-008,ORLY,0.00080696,-0.00559620,-0.02836720,-0.08479970
AIT-2025-04-008,PANW,-0.01201831,-0.02290775,-0.00972644,-0.08745809
AIT-2025-04-008,PAYX,-0.00595728,0.00570872,0.01048440,0.01222857
AIT-2025-04-008,PCAR,-0.01167595,-0.02258716,-0.02723959,-0.00116897
AIT-2025-04-008,PDD,0.01564203,0.05489710,0.05098255,-0.05215178
AIT-2025-04-008,PEP,-0.00555899,-0.00543382,-0.01653129,-0.01545179
AIT-2025-04-008,PLTR,-0.02891366,0.00227980,-0.10883306,-0.21641534
AIT-2025-04-008,PYPL,-0.02420663,-0.01460123,0.01634355,-0.02249111
AIT-2025-04-008,QCOM,-0.08807698,-0.07732834,-0.02445835,-0.05851613
AIT-2025-04-008,REGN,0.04015477,0.06168374,0.00304123,0.10769263
AIT-2025-04-008,RKLB,-0.04739312,-0.05096328,-0.08656131,-0.11039529
AIT-2025-04-008,ROP,-0.00334120,0.00089379,0.02168163,-0.03614757
AIT-2025-04-008,ROST,-0.01762846,-0.01528959,0.00862703,-0.04406028
AIT-2025-04-008,SBUX,-0.04263347,-0.02658339,-0.04371928,-0.09061106
AIT-2025-04-008,SHOP,-0.03850513,-0.04821335,-0.08281879,-0.07955101
AIT-2025-04-008,SNPS,-0.01123006,-0.00367793,0.03295410,-0.06851688
AIT-2025-04-008,STX,0.09768788,0.11373379,0.15692663,0.33227443
AIT-2025-04-008,TER,-0.02261572,-0.01877331,-0.00111416,0.03302674
AIT-2025-04-008,TMUS,0.01554491,0.01586501,0.02276935,-0.07470814
AIT-2025-04-008,TRI,0.00310949,-0.01182168,0.01425063,0.02620606
AIT-2025-04-008,TSLA,-0.05996454,-0.07287951,-0.09141106,0.03747126
AIT-2025-04-008,TSM,0.03918637,0.05554904,0.04480753,0.09908883
AIT-2025-04-008,TTWO,0.01003614,-0.06853436,-0.03666624,-0.10430910
AIT-2025-04-008,TXN,-0.01533516,0.00472760,0.02373798,0.09086519
AIT-2025-04-008,UMC,0.00710386,0.04152151,0.06992166,0.06217886
AIT-2025-04-008,VRTX,-0.01187055,-0.01269139,-0.14551306,-0.13527653
AIT-2025-04-008,WBD,-0.05432131,-0.06733504,-0.05243383,0.00618035
AIT-2025-04-008,WDAY,0.00509152,-0.00125416,0.01461382,-0.06731054
AIT-2025-04-008,WDC,0.07344979,0.06706768,0.08212042,0.20245648
AIT-2025-04-008,WMT,0.00612614,0.00883005,0.01081393,-0.06161783
AIT-2025-04-008,XEL,-0.00835724,-0.00704418,-0.00235404,-0.05995219
AIT-2025-05-002,AAPL,-0.07904304,-0.07052829,-0.08113220,-0.11551401
AIT-2025-05-002,ABNB,-0.00313027,-0.01721329,0.01592916,-0.01358458
AIT-2025-05-002,ADBE,0.01280966,0.02782866,0.02565556,0.06324769
AIT-2025-05-002,ADI,0.00711776,0.01141727,0.05718371,0.02863643
AIT-2025-05-002,ADP,0.00959761,0.01097150,0.01551808,0.02346812
AIT-2025-05-002,ADSK,0.01387542,0.01673463,0.03691772,0.00635722
AIT-2025-05-002,AEP,-0.00301913,-0.00411976,-0.02418012,-0.05271418
AIT-2025-05-002,ALAB,0.01618934,0.02207183,-0.01011161,0.12163941
AIT-2025-05-002,ALNY,0.06291737,0.05736055,-0.02030659,0.13824773
AIT-2025-05-002,AMAT,0.02628473,0.03258622,0.03834380,0.00111710
AIT-2025-05-002,AMD,0.02747086,0.02718722,0.05756222,0.11147393
AIT-2025-05-002,AMGN,-0.01622119,-0.04685530,-0.06646190,0.01104180
AIT-2025-05-002,AMZN,-0.03206424,-0.02822050,0.00197628,0.00957297
AIT-2025-05-002,APP,0.04556846,0.06622979,0.10312375,0.08305694
AIT-2025-05-002,ARM,0.03864513,0.06479723,-0.00791390,-0.01106101
AIT-2025-05-002,ASML,0.01526031,0.02456217,0.05343392,0.06402274
AIT-2025-05-002,ASX,0.03158786,0.03775625,0.05540114,0.02164573
AIT-2025-05-002,AVGO,-0.00359553,0.00893197,0.02485739,0.08497676
AIT-2025-05-002,AXON,-0.01874647,-0.04516310,0.06842897,0.04960001
AIT-2025-05-002,BKNG,0.00678621,0.00832442,-0.02164289,0.00368510
AIT-2025-05-002,BKR,0.00278623,0.00854318,-0.00382708,-0.05499344
AIT-2025-05-002,CCEP,-0.00177537,0.00719480,-0.01063928,-0.01066317
AIT-2025-05-002,CDNS,0.01786712,0.02063438,0.00754728,-0.09605038
AIT-2025-05-002,CEG,0.01408294,0.13021363,0.10148724,0.14965240
AIT-2025-05-002,CMCSA,0.01293976,0.01989365,0.00690634,-0.02043306
AIT-2025-05-002,COST,0.00975617,0.00951350,-0.00164964,0.00266968
AIT-2025-05-002,CPRT,0.00187704,0.00266685,0.00612367,-0.21937789
AIT-2025-05-002,CRDO,0.03617349,0.03440237,0.06161290,0.08699849
AIT-2025-05-002,CRWD,0.01065211,0.02197719,-0.07064239,-0.00456858
AIT-2025-05-002,CSCO,0.01032427,0.01448582,0.01147239,0.01756512
AIT-2025-05-002,CSX,0.00807380,0.00136668,0.01983364,0.08574656
AIT-2025-05-002,CTAS,0.00278124,0.01440365,0.01157232,0.02007553
AIT-2025-05-002,DASH,0.02895119,-0.03839780,-0.09275238,-0.05321080
AIT-2025-05-002,DDOG,-0.01489301,0.00042369,0.00905074,0.05433438
AIT-2025-05-002,DXCM,0.14158568,0.16519030,0.20102344,0.19958875
AIT-2025-05-002,EA,0.06159255,0.06317050,0.05087610,-0.01791987
AIT-2025-05-002,ENTG,0.04321377,0.05410260,-0.04112744,-0.21071793
AIT-2025-05-002,EXC,-0.01619157,-0.01173323,-0.03996610,-0.08646671
AIT-2025-05-002,FANG,-0.01952235,-0.01593633,0.02342835,-0.00025185
AIT-2025-05-002,FAST,0.01210643,-0.03127707,-0.04090782,-0.05513166
AIT-2025-05-002,FER,0.00054161,0.00000222,-0.00408008,0.02086930
AIT-2025-05-002,FTNT,0.02682947,0.01808867,-0.09292083,-0.13879519
AIT-2025-05-002,GEHC,0.01774753,-0.00505123,0.02821861,-0.00534154
AIT-2025-05-002,GILD,-0.01163440,-0.05970734,-0.07956982,-0.00805484
AIT-2025-05-002,GOOG,0.01170758,0.01578654,-0.05731016,0.00041189
AIT-2025-05-002,GOOGL,0.00984904,0.01305135,-0.05869976,0.00267747
AIT-2025-05-002,HON,0.01014029,-0.00364308,0.00433515,0.03270795
AIT-2025-05-002,IDXX,0.00185868,0.00664946,0.03847523,0.05651150
AIT-2025-05-002,INTC,0.00234652,0.00277249,0.06295887,-0.07775834
AIT-2025-05-002,INTU,0.00547512,0.00500106,0.03858881,0.15142872
AIT-2025-05-002,ISRG,0.01533898,0.02216344,0.01889212,-0.02278922
AIT-2025-05-002,KDP,0.00883670,0.00040151,-0.02057391,-0.04832148
AIT-2025-05-002,KHC,0.00096355,-0.00329339,-0.01709791,-0.06444413
AIT-2025-05-002,KLAC,0.01004270,0.00559390,0.02130440,0.03181818
AIT-2025-05-002,LIN,0.00362252,-0.00338209,0.00197424,-0.00753314
AIT-2025-05-002,LITE,0.00303081,0.04257559,0.02373070,0.05787782
AIT-2025-05-002,LRCX,0.01650596,0.02378921,0.03961707,0.06469023
AIT-2025-05-002,MAR,0.00492722,0.03252665,0.04681188,0.01641596
AIT-2025-05-002,MCHP,0.02616286,0.03702210,0.19154105,0.23089925
AIT-2025-05-002,MDLZ,-0.00267358,-0.00641994,-0.02542848,-0.01780834
AIT-2025-05-002,MELI,-0.03064296,-0.03354342,0.05165946,0.05151847
AIT-2025-05-002,META,0.03397718,0.02433483,0.01849107,0.07272861
AIT-2025-05-002,MNST,0.01847723,0.00560303,0.01604066,0.03230657
AIT-2025-05-002,MPWR,0.02373191,0.03823483,0.04116804,-0.00762740
AIT-2025-05-002,MRVL,-0.00527028,0.00383190,-0.04184172,-0.12502407
AIT-2025-05-002,MSFT,0.01828440,0.01991686,0.02533834,0.04374517
AIT-2025-05-002,MSTR,-0.02285003,-0.01064314,0.02190156,-0.30898860
AIT-2025-05-002,MTSI,0.05221465,0.04149332,0.08870863,0.03953240
AIT-2025-05-002,MU,0.01905300,0.04038006,0.09090731,0.15701496
AIT-2025-05-002,NBIS,-0.03342899,0.03347178,0.12040289,0.18647585
AIT-2025-05-002,NFLX,-0.01298705,-0.00402585,-0.01877780,-0.03651446
AIT-2025-05-002,NVDA,0.00054863,0.01541720,0.02170627,0.08370039
AIT-2025-05-002,NXPI,0.00486016,0.00821428,0.04692314,-0.00533917
AIT-2025-05-002,ODFL,0.03026958,0.02127621,0.04549768,0.02293616
AIT-2025-05-002,ON,-0.03740071,-0.01465934,0.03761769,0.02762406
AIT-2025-05-002,ORLY,-0.02027552,-0.02012532,-0.04743606,-0.07585849
AIT-2025-05-002,PANW,-0.00217265,0.01044400,-0.01251437,-0.03553688
AIT-2025-05-002,PAYX,0.01121578,0.01182460,0.01928341,0.01407954
AIT-2025-05-002,PCAR,-0.01062663,-0.00858549,0.00337910,-0.01539855
AIT-2025-05-002,PDD,0.04319444,0.05378308,0.03677648,-0.08773694
AIT-2025-05-002,PEP,-0.01164034,-0.01947097,-0.02118596,-0.01434742
AIT-2025-05-002,PLTR,0.03066774,-0.08025942,-0.04672468,-0.14331724
AIT-2025-05-002,PYPL,0.03537996,0.03759839,0.05651546,-0.00047643
AIT-2025-05-002,QCOM,0.01908519,0.03758554,0.06292230,0.01321420
AIT-2025-05-002,REGN,0.02469657,-0.04195551,-0.09310923,-0.11548893
AIT-2025-05-002,RKLB,-0.02122821,-0.01617214,-0.14459727,-0.11315037
AIT-2025-05-002,ROP,0.01706674,0.02031911,0.01384160,-0.03202289
AIT-2025-05-002,ROST,0.01301773,0.01926628,0.01857827,-0.00101695
AIT-2025-05-002,SBUX,-0.01466945,0.00647531,-0.03715577,-0.03516934
AIT-2025-05-002,SHOP,-0.00895329,-0.04039668,-0.08947606,-0.06494443
AIT-2025-05-002,SNPS,0.02838873,0.03411506,0.04348784,-0.03691708
AIT-2025-05-002,STX,0.03047153,0.04649498,0.05726201,0.23865207
AIT-2025-05-002,TER,0.01188275,0.01238473,0.04785053,0.03515035
AIT-2025-05-002,TMUS,-0.00247344,0.02029492,-0.02990738,-0.08028093
AIT-2025-05-002,TRI,-0.00620023,-0.00094599,-0.00077417,0.01839192
AIT-2025-05-002,TSLA,-0.02477800,-0.02391962,0.02984053,0.03712759
AIT-2025-05-002,TSM,0.00913964,-0.00169526,0.00908691,0.04236840
AIT-2025-05-002,TTWO,-0.05016358,-0.01768786,-0.05303605,-0.10926454
AIT-2025-05-002,TXN,0.01615601,0.02051305,0.07792723,0.09574887
AIT-2025-05-002,UMC,0.04751279,0.05639849,0.05533384,0.05248981
AIT-2025-05-002,VRTX,-0.00125576,-0.09880212,-0.15986099,-0.13331120
AIT-2025-05-002,WBD,-0.02489893,-0.00528387,0.04856462,0.04519537
AIT-2025-05-002,WDAY,-0.00260880,0.00290317,0.03755061,-0.05230499
AIT-2025-05-002,WDC,0.01277513,0.01268555,-0.00264119,0.11379692
AIT-2025-05-002,WMT,0.01018824,0.00581890,-0.02216278,-0.04962425
AIT-2025-05-002,XEL,0.00231070,0.00447454,-0.00806166,-0.05001634
AIT-2025-05-004,AAPL,-0.00575473,-0.02721217,-0.02385091,-0.02018635
AIT-2025-05-004,ABNB,-0.01160363,-0.00956344,-0.01932090,0.00304990
AIT-2025-05-004,ADBE,0.01128553,0.00352290,0.00556019,-0.06385817
AIT-2025-05-004,ADI,-0.02778181,-0.02265424,-0.02606897,0.03253734
AIT-2025-05-004,ADP,0.00467275,0.00621715,0.00215526,-0.06674431
AIT-2025-05-004,ADSK,0.01272105,0.02023874,0.00521188,-0.01209166
AIT-2025-05-004,AEP,-0.01948825,-0.00932862,-0.01540347,-0.03361036
AIT-2025-05-004,ALAB,0.02820345,0.04310575,0.01012500,-0.09615746
AIT-2025-05-004,ALNY,0.00446602,0.01327952,0.00327201,0.03722044
AIT-2025-05-004,AMAT,0.00114211,-0.00490052,-0.01813429,0.05201445
AIT-2025-05-004,AMD,0.01040102,0.02170919,0.01602419,0.15674730
AIT-2025-05-004,AMGN,-0.00257555,0.00028185,0.03765293,0.06540310
AIT-2025-05-004,AMZN,0.01732278,0.01604999,0.01485925,0.02312971
AIT-2025-05-004,APP,-0.01122948,0.00401567,0.01872123,-0.29270757
AIT-2025-05-004,ARM,0.02666250,0.02715529,-0.00607279,0.10514776
AIT-2025-05-004,ASML,0.01530004,0.01525699,0.01377739,0.03647212
AIT-2025-05-004,ASX,0.02210329,0.00829486,-0.02973485,0.02693546
AIT-2025-05-004,AVGO,0.02384320,0.02766705,0.04334035,0.03887128
AIT-2025-05-004,AXON,-0.01499864,-0.00073630,-0.03639822,-0.04789031
AIT-2025-05-004,BKNG,0.01852994,0.02176392,0.02955335,-0.04044096
AIT-2025-05-004,BKR,-0.00095693,0.01112360,0.00721705,0.04226434
AIT-2025-05-004,CCEP,0.00350307,0.01432492,0.01821800,0.01943644
AIT-2025-05-004,CDNS,0.00959935,0.01499886,-0.11111711,-0.09869878
AIT-2025-05-004,CEG,0.02017128,0.05004561,0.03295094,-0.00616863
AIT-2025-05-004,CMCSA,-0.01587431,-0.01260659,-0.02941354,-0.01578270
AIT-2025-05-004,COST,-0.01048533,-0.01696742,-0.03115762,-0.08044816
AIT-2025-05-004,CPRT,-0.00644449,-0.11799338,-0.17516733,-0.26217779
AIT-2025-05-004,CRDO,0.01436256,0.04482462,0.01318944,0.23226979
AIT-2025-05-004,CRWD,0.02336518,0.05654755,0.02429365,-0.00333578
AIT-2025-05-004,CSCO,0.01158565,0.01265412,-0.00824505,0.01830206
AIT-2025-05-004,CSX,-0.00502639,0.00673709,0.01616878,0.05050070
AIT-2025-05-004,CTAS,0.00495394,0.01200197,0.00836176,-0.03410707
AIT-2025-05-004,DASH,-0.00705230,0.02448782,-0.01626196,-0.00120250
AIT-2025-05-004,DDOG,0.01660590,0.01516608,0.01532973,0.09813871
AIT-2025-05-004,DXCM,-0.01478260,-0.01293054,-0.02973122,-0.11293722
AIT-2025-05-004,EA,-0.02911920,-0.02492200,-0.05930959,-0.01344842
AIT-2025-05-004,ENTG,-0.00074085,0.00454251,-0.02963526,0.02199434
AIT-2025-05-004,EXC,-0.02133045,-0.01676562,-0.02036288,-0.06554096
AIT-2025-05-004,FANG,0.00860494,0.01554212,0.01367016,0.11267062
AIT-2025-05-004,FAST,0.00346010,0.00546230,0.00397452,-0.02127357
AIT-2025-05-004,FER,0.00718313,0.00903936,-0.01884269,-0.06693332
AIT-2025-05-004,FTNT,-0.00024623,-0.00079573,-0.04179630,-0.12453318
AIT-2025-05-004,GEHC,-0.01293413,-0.00820882,0.00774536,0.00992438
AIT-2025-05-004,GILD,-0.02027458,-0.01402261,0.00957487,-0.03508963
AIT-2025-05-004,GOOG,0.05736714,0.05073648,0.05215797,0.01809515
AIT-2025-05-004,GOOGL,0.05893340,0.05211054,0.05393638,0.02004097
AIT-2025-05-004,HON,0.00558704,0.00329463,0.00266701,-0.02393083
AIT-2025-05-004,IDXX,-0.00963970,-0.01030875,0.00158734,0.00969911
AIT-2025-05-004,INTC,-0.00169238,-0.01232795,-0.03058124,0.02390114
AIT-2025-05-004,INTU,0.00918490,0.09726226,0.13002014,0.12753505
AIT-2025-05-004,ISRG,-0.00752323,-0.00570978,-0.00189042,-0.11256793
AIT-2025-05-004,KDP,-0.02251249,-0.02401274,-0.01211828,-0.01229670
AIT-2025-05-004,KHC,-0.04449978,-0.04945220,-0.02424920,-0.04493361
AIT-2025-05-004,KLAC,0.00042857,-0.00068259,-0.00735406,0.08389512
AIT-2025-05-004,LIN,0.00869749,0.01283297,0.01254043,-0.00735189
AIT-2025-05-004,LITE,0.02037789,0.03373918,-0.01997605,0.11068220
AIT-2025-05-004,LRCX,0.01126713,0.00648024,0.01337933,0.08847026
AIT-2025-05-004,MAR,-0.00848048,-0.01066693,-0.00832991,-0.03662984
AIT-2025-05-004,MCHP,0.00355251,-0.01067988,-0.00817370,0.19056959
AIT-2025-05-004,MDLZ,-0.00465016,0.00570153,0.02375971,0.03409155
AIT-2025-05-004,MELI,0.01920791,-0.01509852,-0.01936356,-0.10808389
AIT-2025-05-004,META,0.01839033,0.01122362,0.01148579,0.03964088
AIT-2025-05-004,MNST,0.00148668,0.01052258,0.00610856,-0.01955329
AIT-2025-05-004,MPWR,0.00068128,0.00296542,-0.00910070,-0.00073043
AIT-2025-05-004,MRVL,0.04748534,0.04524741,0.04905323,0.17468761
AIT-2025-05-004,MSFT,0.00801986,0.00400339,0.00473780,0.03305433
AIT-2025-05-004,MSTR,-0.01386201,-0.07813620,-0.13941902,-0.25504692
AIT-2025-05-004,MTSI,0.01267044,0.02514551,0.00370502,0.07956710
AIT-2025-05-004,MU,0.00378537,0.00410241,0.00439885,0.25008509
AIT-2025-05-004,NBIS,-0.00483309,0.02752805,-0.04451321,0.11977358
AIT-2025-05-004,NFLX,0.00681302,0.00834470,-0.01980542,-0.03708060
AIT-2025-05-004,NVDA,0.02166746,0.02377861,0.04502741,0.05860896
AIT-2025-05-004,NXPI,-0.03351950,-0.04211572,-0.04973239,0.02782601
AIT-2025-05-004,ODFL,-0.01500256,-0.01871629,-0.03134152,-0.05098327
AIT-2025-05-004,ON,-0.00536684,-0.01246358,0.00198324,0.25543864
AIT-2025-05-004,ORLY,-0.01312102,-0.00530007,-0.03020340,-0.05339188
AIT-2025-05-004,PANW,-0.02237744,-0.01147891,-0.04181379,0.00592616
AIT-2025-05-004,PAYX,-0.00115379,0.00156395,-0.00387678,-0.07695745
AIT-2025-05-004,PCAR,-0.00802314,-0.01351598,-0.01679260,-0.05445905
AIT-2025-05-004,PDD,0.03142870,0.03113132,-0.16198762,-0.13593682
AIT-2025-05-004,PEP,-0.00802007,-0.01184221,0.00919801,0.01602412
AIT-2025-05-004,PLTR,-0.00830455,0.00578252,-0.06810709,-0.09369798
AIT-2025-05-004,PYPL,0.00288958,-0.01169893,-0.01894371,-0.04360374
AIT-2025-05-004,QCOM,-0.01502247,-0.01696211,-0.02099154,0.01143215
AIT-2025-05-004,REGN,-0.01379277,-0.02107037,0.00614661,-0.10413166
AIT-2025-05-004,RKLB,0.01353456,0.00466699,0.01745810,-0.03084662
AIT-2025-05-004,ROP,-0.00469780,-0.00367971,-0.02223414,-0.03572958
AIT-2025-05-004,ROST,-0.00260062,-0.09676147,-0.09572333,-0.18153007
AIT-2025-05-004,SBUX,-0.00226030,0.00955092,-0.01482853,0.07284471
AIT-2025-05-004,SHOP,-0.00189194,-0.00829506,0.00616266,-0.06242792
AIT-2025-05-004,SNPS,0.00146289,0.00273020,-0.10802995,-0.07479038
AIT-2025-05-004,STX,0.04122272,0.08627210,0.10954279,0.20589486
AIT-2025-05-004,TER,-0.00046313,-0.00504634,0.02290739,0.11430206
AIT-2025-05-004,TMUS,0.00080847,0.01006972,-0.01679510,-0.11820474
AIT-2025-05-004,TRI,-0.00274160,0.00491997,-0.00041304,-0.02900439
AIT-2025-05-004,TSLA,0.02758538,0.03692977,0.04571578,-0.09015243
AIT-2025-05-004,TSM,0.03671769,0.02445262,0.02333801,0.06806075
AIT-2025-05-004,TTWO,-0.04163792,-0.04365955,-0.06109271,-0.04345816
AIT-2025-05-004,TXN,-0.02035591,-0.03142090,-0.00564414,0.06731302
AIT-2025-05-004,UMC,0.04379837,0.01949617,-0.01068253,0.05217086
AIT-2025-05-004,VRTX,-0.02295211,-0.01572057,0.00161062,-0.01712458
AIT-2025-05-004,WBD,0.00479203,0.01388164,0.09414420,0.12839942
AIT-2025-05-004,WDAY,0.00944675,-0.10932636,-0.11412467,-0.14518579
AIT-2025-05-004,WDC,0.01262063,0.03117486,0.04842705,0.16420962
AIT-2025-05-004,WMT,-0.01208512,-0.00519468,-0.01575871,-0.06142510
AIT-2025-05-004,XEL,-0.04211422,-0.03429464,-0.04563245,-0.09835357
AIT-2025-05-012,AAPL,-0.00575473,-0.02721217,-0.02385091,-0.02018635
AIT-2025-05-012,ABNB,-0.01160363,-0.00956344,-0.01932090,0.00304990
AIT-2025-05-012,ADBE,0.01128553,0.00352290,0.00556019,-0.06385817
AIT-2025-05-012,ADI,-0.02778181,-0.02265424,-0.02606897,0.03253734
AIT-2025-05-012,ADP,0.00467275,0.00621715,0.00215526,-0.06674431
AIT-2025-05-012,ADSK,0.01272105,0.02023874,0.00521188,-0.01209166
AIT-2025-05-012,AEP,-0.01948825,-0.00932862,-0.01540347,-0.03361036
AIT-2025-05-012,ALAB,0.02820345,0.04310575,0.01012500,-0.09615746
AIT-2025-05-012,ALNY,0.00446602,0.01327952,0.00327201,0.03722044
AIT-2025-05-012,AMAT,0.00114211,-0.00490052,-0.01813429,0.05201445
AIT-2025-05-012,AMD,0.01040102,0.02170919,0.01602419,0.15674730
AIT-2025-05-012,AMGN,-0.00257555,0.00028185,0.03765293,0.06540310
AIT-2025-05-012,AMZN,0.01732278,0.01604999,0.01485925,0.02312971
AIT-2025-05-012,APP,-0.01122948,0.00401567,0.01872123,-0.29270757
AIT-2025-05-012,ARM,0.02666250,0.02715529,-0.00607279,0.10514776
AIT-2025-05-012,ASML,0.01530004,0.01525699,0.01377739,0.03647212
AIT-2025-05-012,ASX,0.02210329,0.00829486,-0.02973485,0.02693546
AIT-2025-05-012,AVGO,0.02384320,0.02766705,0.04334035,0.03887128
AIT-2025-05-012,AXON,-0.01499864,-0.00073630,-0.03639822,-0.04789031
AIT-2025-05-012,BKNG,0.01852994,0.02176392,0.02955335,-0.04044096
AIT-2025-05-012,BKR,-0.00095693,0.01112360,0.00721705,0.04226434
AIT-2025-05-012,CCEP,0.00350307,0.01432492,0.01821800,0.01943644
AIT-2025-05-012,CDNS,0.00959935,0.01499886,-0.11111711,-0.09869878
AIT-2025-05-012,CEG,0.02017128,0.05004561,0.03295094,-0.00616863
AIT-2025-05-012,CMCSA,-0.01587431,-0.01260659,-0.02941354,-0.01578270
AIT-2025-05-012,COST,-0.01048533,-0.01696742,-0.03115762,-0.08044816
AIT-2025-05-012,CPRT,-0.00644449,-0.11799338,-0.17516733,-0.26217779
AIT-2025-05-012,CRDO,0.01436256,0.04482462,0.01318944,0.23226979
AIT-2025-05-012,CRWD,0.02336518,0.05654755,0.02429365,-0.00333578
AIT-2025-05-012,CSCO,0.01158565,0.01265412,-0.00824505,0.01830206
AIT-2025-05-012,CSX,-0.00502639,0.00673709,0.01616878,0.05050070
AIT-2025-05-012,CTAS,0.00495394,0.01200197,0.00836176,-0.03410707
AIT-2025-05-012,DASH,-0.00705230,0.02448782,-0.01626196,-0.00120250
AIT-2025-05-012,DDOG,0.01660590,0.01516608,0.01532973,0.09813871
AIT-2025-05-012,DXCM,-0.01478260,-0.01293054,-0.02973122,-0.11293722
AIT-2025-05-012,EA,-0.02911920,-0.02492200,-0.05930959,-0.01344842
AIT-2025-05-012,ENTG,-0.00074085,0.00454251,-0.02963526,0.02199434
AIT-2025-05-012,EXC,-0.02133045,-0.01676562,-0.02036288,-0.06554096
AIT-2025-05-012,FANG,0.00860494,0.01554212,0.01367016,0.11267062
AIT-2025-05-012,FAST,0.00346010,0.00546230,0.00397452,-0.02127357
AIT-2025-05-012,FER,0.00718313,0.00903936,-0.01884269,-0.06693332
AIT-2025-05-012,FTNT,-0.00024623,-0.00079573,-0.04179630,-0.12453318
AIT-2025-05-012,GEHC,-0.01293413,-0.00820882,0.00774536,0.00992438
AIT-2025-05-012,GILD,-0.02027458,-0.01402261,0.00957487,-0.03508963
AIT-2025-05-012,GOOG,0.05736714,0.05073648,0.05215797,0.01809515
AIT-2025-05-012,GOOGL,0.05893340,0.05211054,0.05393638,0.02004097
AIT-2025-05-012,HON,0.00558704,0.00329463,0.00266701,-0.02393083
AIT-2025-05-012,IDXX,-0.00963970,-0.01030875,0.00158734,0.00969911
AIT-2025-05-012,INTC,-0.00169238,-0.01232795,-0.03058124,0.02390114
AIT-2025-05-012,INTU,0.00918490,0.09726226,0.13002014,0.12753505
AIT-2025-05-012,ISRG,-0.00752323,-0.00570978,-0.00189042,-0.11256793
AIT-2025-05-012,KDP,-0.02251249,-0.02401274,-0.01211828,-0.01229670
AIT-2025-05-012,KHC,-0.04449978,-0.04945220,-0.02424920,-0.04493361
AIT-2025-05-012,KLAC,0.00042857,-0.00068259,-0.00735406,0.08389512
AIT-2025-05-012,LIN,0.00869749,0.01283297,0.01254043,-0.00735189
AIT-2025-05-012,LITE,0.02037789,0.03373918,-0.01997605,0.11068220
AIT-2025-05-012,LRCX,0.01126713,0.00648024,0.01337933,0.08847026
AIT-2025-05-012,MAR,-0.00848048,-0.01066693,-0.00832991,-0.03662984
AIT-2025-05-012,MCHP,0.00355251,-0.01067988,-0.00817370,0.19056959
AIT-2025-05-012,MDLZ,-0.00465016,0.00570153,0.02375971,0.03409155
AIT-2025-05-012,MELI,0.01920791,-0.01509852,-0.01936356,-0.10808389
AIT-2025-05-012,META,0.01839033,0.01122362,0.01148579,0.03964088
AIT-2025-05-012,MNST,0.00148668,0.01052258,0.00610856,-0.01955329
AIT-2025-05-012,MPWR,0.00068128,0.00296542,-0.00910070,-0.00073043
AIT-2025-05-012,MRVL,0.04748534,0.04524741,0.04905323,0.17468761
AIT-2025-05-012,MSFT,0.00801986,0.00400339,0.00473780,0.03305433
AIT-2025-05-012,MSTR,-0.01386201,-0.07813620,-0.13941902,-0.25504692
AIT-2025-05-012,MTSI,0.01267044,0.02514551,0.00370502,0.07956710
AIT-2025-05-012,MU,0.00378537,0.00410241,0.00439885,0.25008509
AIT-2025-05-012,NBIS,-0.00483309,0.02752805,-0.04451321,0.11977358
AIT-2025-05-012,NFLX,0.00681302,0.00834470,-0.01980542,-0.03708060
AIT-2025-05-012,NVDA,0.02166746,0.02377861,0.04502741,0.05860896
AIT-2025-05-012,NXPI,-0.03351950,-0.04211572,-0.04973239,0.02782601
AIT-2025-05-012,ODFL,-0.01500256,-0.01871629,-0.03134152,-0.05098327
AIT-2025-05-012,ON,-0.00536684,-0.01246358,0.00198324,0.25543864
AIT-2025-05-012,ORLY,-0.01312102,-0.00530007,-0.03020340,-0.05339188
AIT-2025-05-012,PANW,-0.02237744,-0.01147891,-0.04181379,0.00592616
AIT-2025-05-012,PAYX,-0.00115379,0.00156395,-0.00387678,-0.07695745
AIT-2025-05-012,PCAR,-0.00802314,-0.01351598,-0.01679260,-0.05445905
AIT-2025-05-012,PDD,0.03142870,0.03113132,-0.16198762,-0.13593682
AIT-2025-05-012,PEP,-0.00802007,-0.01184221,0.00919801,0.01602412
AIT-2025-05-012,PLTR,-0.00830455,0.00578252,-0.06810709,-0.09369798
AIT-2025-05-012,PYPL,0.00288958,-0.01169893,-0.01894371,-0.04360374
AIT-2025-05-012,QCOM,-0.01502247,-0.01696211,-0.02099154,0.01143215
AIT-2025-05-012,REGN,-0.01379277,-0.02107037,0.00614661,-0.10413166
AIT-2025-05-012,RKLB,0.01353456,0.00466699,0.01745810,-0.03084662
AIT-2025-05-012,ROP,-0.00469780,-0.00367971,-0.02223414,-0.03572958
AIT-2025-05-012,ROST,-0.00260062,-0.09676147,-0.09572333,-0.18153007
AIT-2025-05-012,SBUX,-0.00226030,0.00955092,-0.01482853,0.07284471
AIT-2025-05-012,SHOP,-0.00189194,-0.00829506,0.00616266,-0.06242792
AIT-2025-05-012,SNPS,0.00146289,0.00273020,-0.10802995,-0.07479038
AIT-2025-05-012,STX,0.04122272,0.08627210,0.10954279,0.20589486
AIT-2025-05-012,TER,-0.00046313,-0.00504634,0.02290739,0.11430206
AIT-2025-05-012,TMUS,0.00080847,0.01006972,-0.01679510,-0.11820474
AIT-2025-05-012,TRI,-0.00274160,0.00491997,-0.00041304,-0.02900439
AIT-2025-05-012,TSLA,0.02758538,0.03692977,0.04571578,-0.09015243
AIT-2025-05-012,TSM,0.03671769,0.02445262,0.02333801,0.06806075
AIT-2025-05-012,TTWO,-0.04163792,-0.04365955,-0.06109271,-0.04345816
AIT-2025-05-012,TXN,-0.02035591,-0.03142090,-0.00564414,0.06731302
AIT-2025-05-012,UMC,0.04379837,0.01949617,-0.01068253,0.05217086
AIT-2025-05-012,VRTX,-0.02295211,-0.01572057,0.00161062,-0.01712458
AIT-2025-05-012,WBD,0.00479203,0.01388164,0.09414420,0.12839942
AIT-2025-05-012,WDAY,0.00944675,-0.10932636,-0.11412467,-0.14518579
AIT-2025-05-012,WDC,0.01262063,0.03117486,0.04842705,0.16420962
AIT-2025-05-012,WMT,-0.01208512,-0.00519468,-0.01575871,-0.06142510
AIT-2025-05-012,XEL,-0.04211422,-0.03429464,-0.04563245,-0.09835357
AIT-2025-05-003,AAPL,-0.02005462,-0.01118675,-0.01242842,-0.03781010
AIT-2025-05-003,ABNB,-0.00323190,-0.00114880,-0.00349671,-0.01099982
AIT-2025-05-003,ADBE,-0.01208699,-0.00711930,-0.03087256,-0.07941083
AIT-2025-05-003,ADI,0.00188004,0.00584609,-0.00725537,0.04964749
AIT-2025-05-003,ADP,0.00284589,0.00084545,-0.00118960,-0.06720194
AIT-2025-05-003,ADSK,0.00265136,0.00381243,-0.02036240,-0.02855495
AIT-2025-05-003,AEP,0.00919946,-0.00294455,0.00987502,0.00242293
AIT-2025-05-003,ALAB,-0.00472822,-0.00623693,-0.07145924,-0.23585225
AIT-2025-05-003,ALNY,-0.01046037,-0.02028323,0.04152832,0.07525354
AIT-2025-05-003,AMAT,-0.01151615,-0.00282287,-0.04014480,0.07178765
AIT-2025-05-003,AMD,0.01150807,0.00945423,0.01466978,0.18573456
AIT-2025-05-003,AMGN,0.02330323,0.02310747,0.05788469,0.02337495
AIT-2025-05-003,AMZN,-0.00399900,-0.00317115,-0.00560123,-0.01438292
AIT-2025-05-003,APP,0.03365293,0.06254041,0.04677637,-0.27642552
AIT-2025-05-003,ARM,0.00397853,0.02871700,-0.06259690,0.08988579
AIT-2025-05-003,ASML,0.00492767,0.00000718,-0.00866385,0.05644103
AIT-2025-05-003,ASX,-0.02118534,-0.03510507,-0.06865522,0.01419053
AIT-2025-05-003,AVGO,-0.00815871,0.01705285,0.03352789,0.01868948
AIT-2025-05-003,AXON,0.00622770,0.01558825,0.00445642,-0.03994899
AIT-2025-05-003,BKNG,0.00318880,0.01076560,0.00793510,-0.05672388
AIT-2025-05-003,BKR,0.00178274,-0.00654223,0.00146467,-0.01018932
AIT-2025-05-003,CCEP,-0.00448858,0.00351740,0.02133990,0.00906257
AIT-2025-05-003,CDNS,-0.00100863,-0.10045107,-0.10125118,-0.13721873
AIT-2025-05-003,CEG,0.03149805,0.03450345,0.03003035,-0.02931769
AIT-2025-05-003,CMCSA,0.00283463,-0.00181695,-0.01368400,0.00642561
AIT-2025-05-003,COST,-0.01054528,-0.01257340,0.02234926,-0.05996860
AIT-2025-05-003,CPRT,-0.14171404,-0.15324179,-0.18516691,-0.25631560
AIT-2025-05-003,CRDO,-0.00024627,-0.00388228,-0.03986367,0.22738288
AIT-2025-05-003,CRWD,0.03407372,0.03256864,0.03198322,-0.04312350
AIT-2025-05-003,CSCO,-0.00844335,-0.01090187,-0.01370549,0.00794405
AIT-2025-05-003,CSX,0.01797101,0.02023520,0.01852935,0.05544239
AIT-2025-05-003,CTAS,0.00811946,0.00805393,0.00761906,-0.03463540
AIT-2025-05-003,DASH,-0.00185994,0.01202406,0.02521687,0.06800670
AIT-2025-05-003,DDOG,0.00028362,-0.00344203,-0.00079620,0.07782384
AIT-2025-05-003,DXCM,-0.00961633,0.01486729,-0.01249503,-0.02101994
AIT-2025-05-003,EA,-0.00410390,-0.00103194,-0.01149307,0.05465866
AIT-2025-05-003,ENTG,-0.00233806,-0.01899037,-0.09129567,0.06337900
AIT-2025-05-003,EXC,0.00841531,-0.00686363,0.00112156,-0.03227255
AIT-2025-05-003,FANG,-0.00345663,-0.00352002,0.00275356,0.01878168
AIT-2025-05-003,FAST,0.01177085,0.01080497,-0.01064603,-0.02410197
AIT-2025-05-003,FER,-0.01742805,-0.02168572,-0.01974132,-0.05188619
AIT-2025-05-003,FTNT,-0.01066248,-0.00995085,-0.04828788,-0.10572522
AIT-2025-05-003,GEHC,0.00914752,0.01896455,-0.00111153,0.01338145
AIT-2025-05-003,GILD,0.01445419,0.00893823,0.00654396,-0.03105409
AIT-2025-05-003,GOOG,-0.00081457,0.00232560,-0.02158257,-0.05069139
AIT-2025-05-003,GOOGL,-0.00047432,0.00293956,-0.02291178,-0.04976874
AIT-2025-05-003,HON,0.00176997,-0.00215601,-0.00507523,-0.03201961
AIT-2025-05-003,IDXX,0.01124556,0.01190448,0.00538949,0.01221894
AIT-2025-05-003,INTC,-0.02190727,-0.02100599,-0.06506275,0.03620675
AIT-2025-05-003,INTU,0.11151880,0.12059466,0.12624281,0.09257730
AIT-2025-05-003,ISRG,-0.00487741,0.00578846,-0.00515414,-0.10231643
AIT-2025-05-003,KDP,-0.00717414,-0.01010826,0.00432706,0.00879662
AIT-2025-05-003,KHC,0.01102558,0.00288267,0.02236963,0.00914787
AIT-2025-05-003,KLAC,0.00604184,0.00111830,-0.03149865,0.08426002
AIT-2025-05-003,LIN,0.01091573,0.00319774,0.00283477,-0.01080320
AIT-2025-05-003,LITE,-0.00451930,0.00086823,-0.04973742,0.04837887
AIT-2025-05-003,LRCX,-0.00670770,0.00442448,-0.02694286,0.08354025
AIT-2025-05-003,MAR,0.00789413,0.00719395,-0.01624908,-0.02485767
AIT-2025-05-003,MCHP,-0.01269810,-0.01871628,0.01436002,0.15910634
AIT-2025-05-003,MDLZ,0.02019528,0.01670958,0.02951131,0.04285153
AIT-2025-05-003,MELI,-0.03250099,-0.03089997,-0.02477399,-0.08762358
AIT-2025-05-003,META,-0.01090032,-0.00196280,0.02655922,0.04146380
AIT-2025-05-003,MNST,0.01535248,0.00909782,0.00469180,-0.02042388
AIT-2025-05-003,MPWR,-0.01001456,-0.00707216,-0.03606897,-0.00623733
AIT-2025-05-003,MRVL,-0.00059985,0.02549665,-0.04216592,0.10722361
AIT-2025-05-003,MSFT,-0.00029214,-0.00216498,-0.00037906,0.03255005
AIT-2025-05-003,MSTR,-0.11440764,-0.12799932,-0.14565429,-0.28971056
AIT-2025-05-003,MTSI,-0.00951021,-0.00702382,-0.01615727,0.04924430
AIT-2025-05-003,MU,-0.01095584,-0.00047623,0.00535070,0.22727010
AIT-2025-05-003,NBIS,0.00817762,0.01051321,-0.12005845,0.10713091
AIT-2025-05-003,NFLX,-0.00031184,-0.00021111,-0.00911365,-0.03405068
AIT-2025-05-003,NVDA,-0.00818302,-0.00199333,0.00003838,0.01696626
AIT-2025-05-003,NXPI,-0.00821793,-0.01034583,-0.03773552,0.06762609
AIT-2025-05-003,ODFL,-0.00811595,-0.01159021,-0.03157422,-0.02391472
AIT-2025-05-003,ON,0.00662709,0.00825277,-0.00581068,0.24413586
AIT-2025-05-003,ORLY,-0.00836360,-0.01049276,-0.00613421,-0.05117011
AIT-2025-05-003,PANW,-0.01157108,-0.00362399,0.02117298,0.01140282
AIT-2025-05-003,PAYX,0.00758004,-0.00213991,-0.00661844,-0.06901424
AIT-2025-05-003,PCAR,-0.00392825,-0.00853354,-0.03888975,-0.03121156
AIT-2025-05-003,PDD,-0.14927941,-0.19497007,-0.21419993,-0.11959135
AIT-2025-05-003,PEP,0.01035980,0.00737294,0.01222450,0.04217193
AIT-2025-05-003,PLTR,-0.03701867,-0.02994798,-0.00480760,-0.09515491
AIT-2025-05-003,PYPL,-0.01600160,-0.01019153,-0.02814843,-0.02425225
AIT-2025-05-003,QCOM,-0.01027051,-0.00798023,-0.02460346,0.01492447
AIT-2025-05-003,REGN,0.00949764,-0.00239576,-0.16333526,-0.06308475
AIT-2025-05-003,RKLB,0.06635101,0.07637892,-0.05187522,0.00147430
AIT-2025-05-003,ROP,-0.00179569,-0.00609024,-0.01677938,-0.03028528
AIT-2025-05-003,ROST,-0.07775035,-0.08543902,-0.07123324,-0.18811294
AIT-2025-05-003,SBUX,0.02054090,0.01449404,-0.00483714,0.03394104
AIT-2025-05-003,SHOP,0.00099606,0.01301665,-0.01757015,-0.03505692
AIT-2025-05-003,SNPS,-0.00158420,-0.08950949,-0.09136137,-0.09217962
AIT-2025-05-003,STX,0.05555397,0.06564342,0.06995103,0.17216444
AIT-2025-05-003,TER,0.02343595,0.01765635,0.00148751,0.12550692
AIT-2025-05-003,TMUS,0.00218602,-0.00483241,-0.00244429,-0.08961737
AIT-2025-05-003,TRI,-0.00546295,0.00521601,0.00306661,-0.02421238
AIT-2025-05-003,TSLA,0.02897984,0.02415563,-0.04023761,-0.11292937
AIT-2025-05-003,TSM,-0.01265421,-0.01310288,-0.03345544,0.04660048
AIT-2025-05-003,TTWO,-0.01266684,-0.00208571,-0.01773139,-0.00353311
AIT-2025-05-003,TXN,-0.00002208,0.01374527,0.00489761,0.09293047
AIT-2025-05-003,UMC,-0.05258325,-0.03939028,-0.05562389,0.01257496
AIT-2025-05-003,VRTX,0.02278028,0.02392319,0.02311198,0.03340769
AIT-2025-05-003,WBD,0.03506820,0.09376171,0.07697456,0.12199607
AIT-2025-05-003,WDAY,-0.13497434,-0.12735596,-0.10520612,-0.17581365
AIT-2025-05-003,WDC,0.01728394,0.03681357,0.02064987,0.15636171
AIT-2025-05-003,WMT,0.00406603,0.00265517,0.01733940,-0.04548238
AIT-2025-05-003,XEL,0.00331597,-0.00900028,-0.00249637,-0.03714753
AIT-2025-05-009,AAPL,-0.00000681,-0.00201815,-0.00603322,-0.04145773
AIT-2025-05-009,ABNB,-0.00158663,-0.00421843,0.05236841,-0.02050897
AIT-2025-05-009,ADBE,0.00791609,-0.02363204,0.01029562,-0.06924792
AIT-2025-05-009,ADI,-0.01173441,-0.01387502,0.00252148,0.02682014
AIT-2025-05-009,ADP,0.00132911,-0.00180602,-0.00277765,-0.10152722
AIT-2025-05-009,ADSK,-0.01446074,-0.02351968,-0.01593396,-0.04048879
AIT-2025-05-009,AEP,0.01704368,0.01375944,-0.00101069,0.00134736
AIT-2025-05-009,ALAB,-0.07446328,-0.06778034,-0.10433094,-0.23834299
AIT-2025-05-009,ALNY,0.06292793,0.06223824,0.06847913,0.07870034
AIT-2025-05-009,AMAT,-0.03268637,-0.03757657,0.00821426,0.07205066
AIT-2025-05-009,AMD,-0.02075374,0.00515201,0.01933626,0.19472971
AIT-2025-05-009,AMGN,0.03507157,0.03430513,0.03159380,-0.00758711
AIT-2025-05-009,AMZN,-0.00341961,-0.00343275,0.00023430,0.01297875
AIT-2025-05-009,APP,-0.01697470,-0.01617558,-0.01330439,-0.44295532
AIT-2025-05-009,ARM,-0.08916524,-0.09003260,-0.06363060,0.09548391
AIT-2025-05-009,ASML,-0.01469827,-0.00822042,-0.00389777,0.02330350
AIT-2025-05-009,ASX,-0.03098625,-0.03370412,-0.01294987,0.02883892
AIT-2025-05-009,AVGO,0.00164454,0.01619118,0.05399353,-0.01026810
AIT-2025-05-009,AXON,-0.01023720,-0.00947052,0.01867180,-0.04051435
AIT-2025-05-009,BKNG,0.00154231,-0.00208078,-0.00235381,-0.04293582
AIT-2025-05-009,BKR,0.00705286,0.00804758,0.00280344,-0.01576096
AIT-2025-05-009,CCEP,0.02371489,0.01866326,0.02091709,-0.01371267
AIT-2025-05-009,CDNS,-0.01006564,0.00065661,0.01123813,-0.02011835
AIT-2025-05-009,CEG,-0.01520432,-0.00286168,-0.08733237,-0.08326307
AIT-2025-05-009,CMCSA,-0.00202196,-0.01187487,-0.01320883,0.00491408
AIT-2025-05-009,COST,0.02343621,0.03532210,-0.01140653,-0.07247313
AIT-2025-05-009,CPRT,-0.01450938,-0.03226533,-0.04822089,-0.12610435
AIT-2025-05-009,CRDO,-0.04370350,-0.03588985,0.11507157,0.20002552
AIT-2025-05-009,CRWD,-0.00360939,0.00140611,-0.03972054,-0.06326558
AIT-2025-05-009,CSCO,-0.00961621,-0.00288541,0.00499776,0.01411429
AIT-2025-05-009,CSX,0.01188440,-0.00236643,0.01597003,0.03778342
AIT-2025-05-009,CTAS,0.00339878,-0.00010266,-0.00106235,-0.06239778
AIT-2025-05-009,DASH,0.00292823,0.01340041,0.02241072,0.06122952
AIT-2025-05-009,DDOG,0.01067448,0.00273210,0.03673300,0.07609069
AIT-2025-05-009,DXCM,-0.01746984,-0.02712298,-0.02687710,-0.06363596
AIT-2025-05-009,EA,-0.02214958,-0.00961775,0.00354837,0.05374079
AIT-2025-05-009,ENTG,-0.05613480,-0.07187393,-0.01431923,0.07028979
AIT-2025-05-009,EXC,0.01042474,0.00880126,-0.01560077,-0.02843847
AIT-2025-05-009,FANG,-0.01188678,0.00597794,0.01096715,0.01413687
AIT-2025-05-009,FAST,-0.00665758,-0.02168248,-0.01396777,-0.03718646
AIT-2025-05-009,FER,-0.00832116,0.00286737,-0.01543730,-0.01364079
AIT-2025-05-009,FTNT,-0.03216839,-0.03311981,-0.02775438,-0.09544731
AIT-2025-05-009,GEHC,-0.00988843,-0.02108149,0.00100690,0.00935929
AIT-2025-05-009,GILD,0.01077930,-0.00368178,0.00502379,-0.02485475
AIT-2025-05-009,GOOG,-0.00476778,-0.02423823,-0.02623349,-0.00535130
AIT-2025-05-009,GOOGL,-0.00535815,-0.02628245,-0.02989450,0.00182471
AIT-2025-05-009,HON,0.00661732,-0.00298172,0.00113679,-0.02185944
AIT-2025-05-009,IDXX,-0.00436776,-0.00639997,0.00749533,-0.00893547
AIT-2025-05-009,INTC,-0.04571163,-0.04542438,-0.03437635,0.03248121
AIT-2025-05-009,INTU,-0.00393635,0.00591577,0.00763907,-0.01651971
AIT-2025-05-009,ISRG,-0.00458574,-0.01046478,-0.00394082,-0.10295816
AIT-2025-05-009,KDP,0.02827127,0.01480156,-0.00578393,0.00458736
AIT-2025-05-009,KHC,0.02347235,0.01926644,0.02174327,-0.01189029
AIT-2025-05-009,KLAC,-0.03080900,-0.03280437,0.00533190,0.06230774
AIT-2025-05-009,LIN,0.00957395,-0.00017576,0.01558541,-0.01946705
AIT-2025-05-009,LITE,-0.08490489,-0.05111905,0.01479332,0.03798103
AIT-2025-05-009,LRCX,-0.04272394,-0.03184013,-0.00280848,0.07021138
AIT-2025-05-009,MAR,-0.00693971,-0.02347882,-0.03129559,-0.03011293
AIT-2025-05-009,MCHP,0.00719484,0.03026137,0.10623820,0.13854681
AIT-2025-05-009,MDLZ,0.01310283,0.01307888,-0.00353285,0.01742917
AIT-2025-05-009,MELI,0.00004488,0.00587744,-0.00292259,-0.06041281
AIT-2025-05-009,META,0.00085470,0.02860583,0.04655788,0.05411685
AIT-2025-05-009,MNST,0.00008318,-0.00448046,-0.02046873,-0.06666584
AIT-2025-05-009,MPWR,-0.02735401,-0.02947511,-0.00851939,-0.00275302
AIT-2025-05-009,MRVL,-0.07588511,-0.06843510,-0.00960805,0.07249247
AIT-2025-05-009,MSFT,0.00371354,0.00186074,0.01332530,0.03415862
AIT-2025-05-009,MSTR,-0.00624188,-0.01699635,-0.04589206,-0.19160765
AIT-2025-05-009,MTSI,-0.01536314,-0.00883886,0.02016502,0.04795571
AIT-2025-05-009,MU,-0.02296773,0.00486967,0.08539175,0.17072598
AIT-2025-05-009,NBIS,-0.09329128,-0.13351551,0.11246778,0.04871489
AIT-2025-05-009,NFLX,-0.00872114,-0.00694459,0.01021419,-0.00931223
AIT-2025-05-009,NVDA,-0.00292726,0.00226045,0.01939623,0.05805371
AIT-2025-05-009,NXPI,-0.02829332,-0.02816285,0.04737884,0.05241726
AIT-2025-05-009,ODFL,-0.01518150,-0.02166914,-0.01938926,-0.02256442
AIT-2025-05-009,ON,-0.01915904,-0.01524148,0.15263510,0.18821757
AIT-2025-05-009,ORLY,0.00490272,0.00496809,0.00298935,-0.04363040
AIT-2025-05-009,PANW,0.02031220,0.02559028,0.03476414,-0.00369192
AIT-2025-05-009,PAYX,0.00236930,-0.00450265,0.00392311,-0.12892810
AIT-2025-05-009,PCAR,-0.00444293,-0.03138039,-0.02412973,-0.03029753
AIT-2025-05-009,PDD,-0.01503513,-0.01909169,0.01144268,0.05015529
AIT-2025-05-009,PEP,0.00817995,0.00452454,0.00990246,0.03505719
AIT-2025-05-009,PLTR,0.04476994,0.02752406,-0.08917529,-0.18842841
AIT-2025-05-009,PYPL,-0.01990909,-0.01735540,0.00317380,-0.02560674
AIT-2025-05-009,QCOM,-0.01869956,-0.01644784,-0.00236281,0.02504010
AIT-2025-05-009,REGN,-0.16218615,-0.16146777,-0.16719675,-0.06376515
AIT-2025-05-009,RKLB,-0.09796124,-0.12598202,-0.15756462,-0.05331820
AIT-2025-05-009,ROP,-0.00019224,-0.01047949,-0.00649917,-0.04611977
AIT-2025-05-009,ROST,0.00071769,0.01361830,0.01160203,-0.11816956
AIT-2025-05-009,SBUX,-0.02754914,-0.01913863,0.00051137,0.01245056
AIT-2025-05-009,SHOP,-0.00832563,-0.02812402,-0.04859909,-0.07137125
AIT-2025-05-009,SNPS,0.00084733,-0.00173524,0.03322049,0.02977618
AIT-2025-05-009,STX,0.00130717,0.00398454,0.07365562,0.12969955
AIT-2025-05-009,TER,-0.02047709,-0.01673352,0.01770266,0.08842347
AIT-2025-05-009,TMUS,0.00336999,0.00380657,0.00770768,-0.06135436
AIT-2025-05-009,TRI,0.00840747,-0.00103388,-0.01382744,-0.02758810
AIT-2025-05-009,TSLA,-0.03967969,-0.06558676,-0.24651714,-0.23098685
AIT-2025-05-009,TSM,-0.01909736,-0.01962315,0.02140943,0.08241654
AIT-2025-05-009,TTWO,-0.01553123,-0.01560769,-0.00822892,-0.02391529
AIT-2025-05-009,TXN,-0.00997325,-0.00999529,0.02455424,0.06165440
AIT-2025-05-009,UMC,-0.02584585,-0.01580948,-0.04021787,0.01830776
AIT-2025-05-009,VRTX,-0.00712650,-0.00144937,-0.00398283,-0.01882766
AIT-2025-05-009,WBD,-0.01050799,-0.01730216,-0.05491475,0.03799880
AIT-2025-05-009,WDAY,0.02805765,0.02189165,0.02859224,-0.07279662
AIT-2025-05-009,WDC,-0.01929509,-0.01581705,0.03983163,0.12078244
AIT-2025-05-009,WMT,0.01012588,0.01544402,-0.00803872,-0.06481537
AIT-2025-05-009,XEL,0.01467156,0.00756408,-0.01185260,-0.03415602
AIT-2025-06-002,AAPL,-0.00521431,-0.00066813,-0.02819309,0.00393684
AIT-2025-06-002,ABNB,0.03858610,0.04944535,0.02500331,-0.04486649
AIT-2025-06-002,ADBE,0.01447574,0.01080014,0.00242660,-0.09309724
AIT-2025-06-002,ADI,0.01183238,0.01480536,0.05566700,0.04869005
AIT-2025-06-002,ADP,0.00043235,-0.00468668,-0.05413900,-0.09529675
AIT-2025-06-002,ADSK,-0.00054928,-0.01235458,-0.02140762,-0.00556735
AIT-2025-06-002,AEP,-0.01131119,-0.01156155,-0.01151944,0.00062465
AIT-2025-06-002,ALAB,-0.04307882,-0.07140751,-0.05217334,-0.24205416
AIT-2025-06-002,ALNY,0.01907960,-0.01511377,-0.02665782,0.03489798
AIT-2025-06-002,AMAT,0.02645264,0.02692046,0.06161373,0.11982189
AIT-2025-06-002,AMD,-0.00017201,-0.01450904,0.02611522,0.10478631
AIT-2025-06-002,AMGN,-0.00459467,0.00308480,0.00924338,0.02916757
AIT-2025-06-002,AMZN,0.01662073,0.02978647,0.02220865,0.00799681
AIT-2025-06-002,APP,0.03383395,0.01139112,-0.10500961,-0.43397193
AIT-2025-06-002,ARM,0.01779389,0.02187888,0.06764462,0.07633879
AIT-2025-06-002,ASML,0.01023083,0.00411102,0.04335963,0.01789079
AIT-2025-06-002,ASX,0.02406427,0.01694609,0.06259633,0.06311903
AIT-2025-06-002,AVGO,0.01855878,-0.05281949,-0.04035961,-0.05655950
AIT-2025-06-002,AXON,0.03741135,0.02588812,-0.00574028,-0.08490175
AIT-2025-06-002,BKNG,0.01881161,0.01704214,-0.01822861,-0.03755926
AIT-2025-06-002,BKR,-0.00486512,0.00367910,0.02884615,-0.00317164
AIT-2025-06-002,CCEP,0.01266577,0.02279974,0.01432591,0.02804335
AIT-2025-06-002,CDNS,0.01628223,0.00406639,0.03198132,0.03204984
AIT-2025-06-002,CEG,-0.07168324,-0.05998280,-0.09496422,-0.13021367
AIT-2025-06-002,CMCSA,-0.00825042,-0.00020330,0.01347629,0.02800451
AIT-2025-06-002,COST,-0.04099362,-0.04340873,-0.06547646,-0.10875884
AIT-2025-06-002,CPRT,-0.01558944,-0.02338559,-0.02114612,-0.08488916
AIT-2025-06-002,CRDO,0.02298567,-0.01027745,-0.05015366,0.04702554
AIT-2025-06-002,CRWD,-0.04941265,-0.05642002,-0.05143444,-0.07816900
AIT-2025-06-002,CSCO,0.00561365,0.01740256,-0.01877984,0.00663856
AIT-2025-06-002,CSX,0.00110503,0.00961141,0.01164622,0.02875487
AIT-2025-06-002,CTAS,-0.00057385,-0.00486336,-0.03537443,-0.08225616
AIT-2025-06-002,DASH,0.01389401,0.01005643,-0.00343413,0.00545322
AIT-2025-06-002,DDOG,0.03283343,0.02366342,-0.00929963,0.22336339
AIT-2025-06-002,DXCM,-0.00842957,-0.00850007,-0.05736448,-0.10443938
AIT-2025-06-002,EA,0.01270048,0.02044797,0.00613975,0.04111691
AIT-2025-06-002,ENTG,0.01892570,0.01154066,0.08716481,0.13757360
AIT-2025-06-002,EXC,-0.01610180,-0.02271910,-0.01981674,-0.02978198
AIT-2025-06-002,FANG,-0.02419662,-0.01191570,0.04789181,-0.02523339
AIT-2025-06-002,FAST,0.00522187,0.01470463,0.02327744,-0.00806815
AIT-2025-06-002,FER,0.00666526,0.00103688,-0.00687783,-0.01376803
AIT-2025-06-002,FTNT,0.00904852,0.00954761,-0.02722154,-0.06198413
AIT-2025-06-002,GEHC,0.01381496,0.00401655,0.02831799,0.03387740
AIT-2025-06-002,GILD,0.00869186,0.02134789,-0.01338890,-0.02411004
AIT-2025-06-002,GOOG,0.01838874,0.03840661,0.05903014,0.03294820
AIT-2025-06-002,GOOGL,0.01805215,0.04048339,0.06007223,0.03640592
AIT-2025-06-002,HON,0.00274199,0.00356963,-0.01358817,0.01042239
AIT-2025-06-002,IDXX,-0.00263942,-0.00612051,-0.01051378,-0.00329623
AIT-2025-06-002,INTC,-0.00684653,-0.01958196,0.01008684,0.03195291
AIT-2025-06-002,INTU,0.00782890,0.00452668,-0.00742022,-0.02450442
AIT-2025-06-002,ISRG,0.01691040,0.00169553,-0.06680393,-0.08442108
AIT-2025-06-002,KDP,-0.00661226,-0.00209817,0.00033839,0.02936135
AIT-2025-06-002,KHC,-0.00306476,-0.00045708,-0.00992440,0.00489375
AIT-2025-06-002,KLAC,0.03040492,0.03399523,0.10669869,0.10457793
AIT-2025-06-002,LIN,0.00346975,0.00241538,-0.00812196,-0.01671205
AIT-2025-06-002,LITE,0.05815540,0.02921671,0.02429697,0.01121452
AIT-2025-06-002,LRCX,0.02525188,0.02409965,0.07156174,0.09068004
AIT-2025-06-002,MAR,-0.01350027,-0.00288003,-0.00749493,-0.01190319
AIT-2025-06-002,MCHP,0.02313935,0.01627530,0.07935914,0.06559846
AIT-2025-06-002,MDLZ,-0.00921357,-0.01300291,-0.00047648,0.03833263
AIT-2025-06-002,MELI,-0.00637922,-0.05484511,-0.10099718,-0.10245910
AIT-2025-06-002,META,0.03286351,0.03753565,0.02615096,-0.00042170
AIT-2025-06-002,MNST,-0.01650185,-0.01534967,-0.03412359,-0.06338494
AIT-2025-06-002,MPWR,0.00838592,-0.00539974,0.03944993,0.02050854
AIT-2025-06-002,MRVL,0.05901910,0.08362567,0.07429963,0.08439959
AIT-2025-06-002,MSFT,0.01475883,0.01083524,0.01187312,0.02552052
AIT-2025-06-002,MSTR,-0.04970692,-0.06402901,-0.05712068,-0.19712318
AIT-2025-06-002,MTSI,0.01508909,-0.02504336,0.01613353,0.00266589
AIT-2025-06-002,MU,0.05079429,0.05079990,0.11141282,0.08242078
AIT-2025-06-002,NBIS,0.23125199,0.24189191,0.26306992,0.06934928
AIT-2025-06-002,NFLX,0.02564170,0.00591660,-0.02337821,-0.04308549
AIT-2025-06-002,NVDA,0.00084745,-0.00716426,-0.00724031,0.01817939
AIT-2025-06-002,NXPI,0.05241724,0.03953101,0.08358255,0.10277869
AIT-2025-06-002,ODFL,-0.01106877,-0.01765523,-0.00646644,0.01609562
AIT-2025-06-002,ON,0.06316918,0.05852508,0.09412474,0.14993661
AIT-2025-06-002,ORLY,-0.00103437,-0.00031690,-0.02400904,-0.03429913
AIT-2025-06-002,PANW,0.00567838,0.00578170,-0.02581435,-0.04126925
AIT-2025-06-002,PAYX,0.00778789,0.00359931,-0.03792152,-0.11830152
AIT-2025-06-002,PCAR,-0.00762849,-0.00520696,-0.00448454,-0.00123884
AIT-2025-06-002,PDD,0.01478518,0.02158143,0.04633626,0.03494195
AIT-2025-06-002,PEP,-0.00228506,0.00010838,0.00261548,0.05824851
AIT-2025-06-002,PLTR,-0.10602007,-0.06942078,-0.03297832,-0.23931119
AIT-2025-06-002,PYPL,0.02173838,0.02301803,0.03446537,0.01348876
AIT-2025-06-002,QCOM,0.00633263,0.00364520,0.06883040,0.04039981
AIT-2025-06-002,REGN,0.00086802,0.01876430,0.07878577,0.16111088
AIT-2025-06-002,RKLB,-0.01589796,0.04520041,-0.04112927,0.01453102
AIT-2025-06-002,ROP,0.00586106,0.00455018,-0.00448102,-0.03025186
AIT-2025-06-002,ROST,-0.00957670,-0.00526871,-0.05770509,-0.12240546
AIT-2025-06-002,SBUX,0.01144697,0.03267061,0.09476094,0.05707821
AIT-2025-06-002,SHOP,0.00626705,0.04390618,0.05613800,-0.03458553
AIT-2025-06-002,SNPS,0.04226464,0.03669786,0.06383763,0.10989880
AIT-2025-06-002,STX,0.04283758,0.02316602,0.01447669,0.13006499
AIT-2025-06-002,TER,0.01801703,0.04554685,0.06611366,0.10678763
AIT-2025-06-002,TMUS,0.00371711,0.00297950,-0.06348081,-0.05166700
AIT-2025-06-002,TRI,0.00358903,-0.00345044,-0.00821769,-0.00624862
AIT-2025-06-002,TSLA,-0.17105836,-0.16060070,-0.07309318,-0.23338946
AIT-2025-06-002,TSM,0.03553734,0.02998156,0.06702311,0.10292314
AIT-2025-06-002,TTWO,0.00483793,0.00363432,0.00349005,-0.03154227
AIT-2025-06-002,TXN,0.02130905,0.01769437,0.05235455,0.08268378
AIT-2025-06-002,UMC,-0.03510992,-0.02842179,0.00981418,0.03753997
AIT-2025-06-002,VRTX,-0.00291947,0.00808032,0.01212151,0.01675337
AIT-2025-06-002,WBD,-0.02250989,-0.02365952,0.03775069,0.02039149
AIT-2025-06-002,WDAY,-0.00068549,-0.00127446,-0.01291960,-0.10543234
AIT-2025-06-002,WDC,0.03420983,0.02482737,0.02375198,0.13005631
AIT-2025-06-002,WMT,-0.02029912,-0.03383348,-0.05856658,-0.08532520
AIT-2025-06-002,XEL,-0.01233362,-0.01609833,-0.02383503,-0.03966211
AIT-2025-06-003,AAPL,-0.01659273,-0.01559337,-0.01296669,0.01653738
AIT-2025-06-003,ABNB,-0.00026596,-0.00977702,-0.03646282,-0.07548948
AIT-2025-06-003,ADBE,-0.00327909,-0.04458889,-0.07405167,-0.12817011
AIT-2025-06-003,ADI,-0.00622103,-0.01826477,0.00264719,-0.00146009
AIT-2025-06-003,ADP,-0.01784888,-0.01673105,-0.02031058,-0.07416184
AIT-2025-06-003,ADSK,0.00096520,-0.01036893,-0.00263732,-0.10592516
AIT-2025-06-003,AEP,0.01027394,0.00861427,-0.00949623,0.02365846
AIT-2025-06-003,ALAB,0.01772265,-0.01078897,0.07871152,-0.13258216
AIT-2025-06-003,ALNY,0.00592742,0.02832960,0.04080815,-0.00041422
AIT-2025-06-003,AMAT,0.00825142,0.00241212,0.01927270,0.10516435
AIT-2025-06-003,AMD,-0.03718345,-0.03319909,0.06220903,0.15057291
AIT-2025-06-003,AMGN,0.01451670,0.01322832,-0.00345158,0.01266632
AIT-2025-06-003,AMZN,-0.02240823,-0.01343169,-0.01355702,-0.02193484
AIT-2025-06-003,APP,-0.02768569,-0.05342031,-0.13637459,-0.38914392
AIT-2025-06-003,ARM,-0.01690450,-0.01371831,0.06029626,-0.04020397
AIT-2025-06-003,ASML,0.00248614,-0.01297454,-0.00921421,-0.00074781
AIT-2025-06-003,ASX,0.00777229,0.00648904,0.03987210,0.01735190
AIT-2025-06-003,AVGO,0.04041487,0.03098699,0.03416187,0.01134839
AIT-2025-06-003,AXON,0.00753942,0.02432498,-0.00074324,-0.16093981
AIT-2025-06-003,BKNG,-0.00941466,-0.03066339,-0.03897059,-0.02970506
AIT-2025-06-003,BKR,-0.01353201,0.00933087,0.00600870,-0.00615985
AIT-2025-06-003,CCEP,0.00477480,-0.00027443,-0.00468208,-0.00042118
AIT-2025-06-003,CDNS,0.00452995,-0.00625669,-0.01940947,-0.01071710
AIT-2025-06-003,CEG,0.02444898,0.02814150,0.05049068,-0.01646794
AIT-2025-06-003,CMCSA,-0.00914644,-0.00871238,-0.02867175,-0.01668639
AIT-2025-06-003,COST,-0.00644958,-0.01322020,-0.03124167,-0.07168863
AIT-2025-06-003,CPRT,-0.00669949,-0.02723608,-0.04278957,-0.08356479
AIT-2025-06-003,CRDO,0.07033293,0.08462768,0.22576400,0.17615043
AIT-2025-06-003,CRWD,0.02256650,0.03519314,0.03539425,-0.08885363
AIT-2025-06-003,CSCO,-0.00378313,-0.01091288,0.01220181,-0.00584625
AIT-2025-06-003,CSX,-0.00656540,-0.00619523,-0.00139596,0.02907889
AIT-2025-06-003,CTAS,0.00397524,0.00389151,-0.00571902,-0.06900853
AIT-2025-06-003,DASH,0.00134920,0.02500990,0.02424519,0.01627655
AIT-2025-06-003,DDOG,0.02234836,0.01827578,0.09548754,0.10792508
AIT-2025-06-003,DXCM,-0.02595591,-0.02617234,-0.04116375,-0.06294679
AIT-2025-06-003,EA,0.01915079,0.01248481,0.02914031,-0.00130011
AIT-2025-06-003,ENTG,0.00235004,-0.02484286,-0.00672104,0.07421148
AIT-2025-06-003,EXC,0.01475142,0.00460653,-0.01891383,-0.00648505
AIT-2025-06-003,FANG,0.02781683,0.08025245,0.04475973,-0.01186732
AIT-2025-06-003,FAST,0.00046781,-0.00900019,-0.02875341,-0.03281373
AIT-2025-06-003,FER,0.00101834,-0.00570738,-0.02365265,-0.03166288
AIT-2025-06-003,FTNT,-0.00404145,-0.00072555,-0.00603844,-0.09537289
AIT-2025-06-003,GEHC,-0.01004014,-0.00759311,-0.00978426,-0.00130647
AIT-2025-06-003,GILD,0.01346126,0.00394974,-0.02032728,-0.05070428
AIT-2025-06-003,GOOG,-0.01792274,-0.01282907,-0.02402908,-0.02566702
AIT-2025-06-003,GOOGL,-0.01731595,-0.01194856,-0.02016763,-0.02426450
AIT-2025-06-003,HON,-0.00283077,-0.00226886,-0.01523566,0.00305114
AIT-2025-06-003,IDXX,0.00089810,0.00233670,-0.00371159,-0.01701808
AIT-2025-06-003,INTC,-0.06074379,-0.07346998,-0.00878839,0.01277512
AIT-2025-06-003,INTU,0.00362240,-0.00214431,-0.00257867,-0.05826184
AIT-2025-06-003,ISRG,-0.03381933,-0.02159153,-0.02891048,-0.08721302
AIT-2025-06-003,KDP,0.00617947,0.00515312,0.01173235,0.02290169
AIT-2025-06-003,KHC,-0.00251245,-0.01255261,-0.02416004,0.04033248
AIT-2025-06-003,KLAC,0.02039904,0.03113481,0.03575018,0.02622679
AIT-2025-06-003,LIN,-0.01107344,-0.01367806,-0.02963459,-0.03516158
AIT-2025-06-003,LITE,0.03667154,0.02522880,0.08901297,0.00649431
AIT-2025-06-003,LRCX,0.00594303,0.00307614,0.03603134,0.05800689
AIT-2025-06-003,MAR,-0.02045729,-0.04036167,-0.03307030,-0.00142375
AIT-2025-06-003,MCHP,-0.02293882,-0.02935493,0.00886060,0.02785453
AIT-2025-06-003,MDLZ,0.01346424,-0.00299834,-0.01109512,0.00898220
AIT-2025-06-003,MELI,-0.01495967,-0.00578605,0.00366979,-0.05623386
AIT-2025-06-003,META,-0.01592206,-0.01658880,-0.00004732,-0.04167334
AIT-2025-06-003,MNST,0.00682528,-0.00049119,-0.00327067,-0.11457773
AIT-2025-06-003,MPWR,-0.01792973,-0.05379209,-0.02031967,-0.04214201
AIT-2025-06-003,MRVL,0.00983836,0.00159161,0.11353914,-0.01355311
AIT-2025-06-003,MSFT,0.01544277,0.01759713,0.02742879,0.02916624
AIT-2025-06-003,MSTR,-0.04527656,-0.01785159,-0.07618482,-0.10901339
AIT-2025-06-003,MTSI,0.02760832,0.02255241,0.05999804,-0.02057808
AIT-2025-06-003,MU,0.01662248,0.03565168,0.08877207,0.02622324
AIT-2025-06-003,NBIS,-0.05992043,-0.10255421,-0.09806853,-0.38944770
AIT-2025-06-003,NFLX,0.00305041,0.00839991,0.00788036,-0.05534296
AIT-2025-06-003,NVDA,0.00486854,0.00548829,0.02800721,0.06383038
AIT-2025-06-003,NXPI,-0.00499428,-0.01385022,-0.00743019,0.02147131
AIT-2025-06-003,ODFL,-0.03164565,-0.03144406,-0.05513293,-0.01624428
AIT-2025-06-003,ON,-0.01017810,-0.02199329,0.01176264,0.10698653
AIT-2025-06-003,ORLY,-0.00935853,-0.02003545,-0.04097386,-0.03046964
AIT-2025-06-003,PANW,0.00766727,0.01425267,0.03146601,-0.08338522
AIT-2025-06-003,PAYX,-0.01476668,-0.01093809,-0.03391425,-0.12148302
AIT-2025-06-003,PCAR,-0.01292765,-0.02198993,-0.03506038,-0.00355712
AIT-2025-06-003,PDD,0.01019941,-0.00985807,0.00749689,0.01152885
AIT-2025-06-003,PEP,0.00656872,-0.00119010,-0.01050994,0.05209321
AIT-2025-06-003,PLTR,0.00076148,0.03268769,0.02760207,-0.15734957
AIT-2025-06-003,PYPL,-0.00012709,-0.04024194,-0.07198050,-0.07836780
AIT-2025-06-003,QCOM,-0.00241604,-0.01015815,-0.01531854,-0.04280097
AIT-2025-06-003,REGN,0.00343128,0.02856347,0.00946757,0.13593212
AIT-2025-06-003,RKLB,-0.04675973,-0.06742515,0.00059836,0.13390768
AIT-2025-06-003,ROP,-0.00114254,-0.01343026,-0.02302936,-0.06800740
AIT-2025-06-003,ROST,-0.04765186,-0.05227073,-0.08064158,-0.07939195
AIT-2025-06-003,SBUX,0.03199854,0.03243618,0.02282990,0.01387931
AIT-2025-06-003,SHOP,-0.01364100,-0.02755765,-0.02768326,-0.08844746
AIT-2025-06-003,SNPS,-0.01886807,-0.03542781,-0.04539582,0.07139820
AIT-2025-06-003,STX,-0.01754634,0.00639589,0.03540163,0.08884400
AIT-2025-06-003,TER,-0.02800536,-0.03873950,0.00740706,0.09131033
AIT-2025-06-003,TMUS,-0.03803769,-0.03846202,-0.07269911,-0.07560384
AIT-2025-06-003,TRI,0.02379475,0.01850826,0.01931816,0.00099361
AIT-2025-06-003,TSLA,-0.02914026,0.01344365,-0.00527168,-0.16631729
AIT-2025-06-003,TSM,0.01483875,0.00975282,0.01837631,0.02401743
AIT-2025-06-003,TTWO,-0.00655648,-0.01941774,0.01012927,-0.06729673
AIT-2025-06-003,TXN,-0.01310211,-0.02002765,-0.00166393,0.05511254
AIT-2025-06-003,UMC,0.02937301,0.03943678,0.05952255,-0.00331290
AIT-2025-06-003,VRTX,0.01945923,0.01486368,0.00086357,0.03463487
AIT-2025-06-003,WBD,0.01293606,0.01851328,0.06954271,0.08390979
AIT-2025-06-003,WDAY,-0.00938718,-0.02272382,-0.05525255,-0.15960562
AIT-2025-06-003,WDC,-0.00507715,0.01157549,0.07140179,0.10741141
AIT-2025-06-003,WMT,-0.02906953,-0.02729744,-0.02483002,-0.08025270
AIT-2025-06-003,XEL,-0.00039383,-0.01210046,-0.03485418,-0.02242818
AIT-2025-07-001,AAPL,0.00250847,-0.01116860,-0.00873616,0.04258280
AIT-2025-07-001,ABNB,-0.01017217,0.01108911,0.00973506,-0.14372354
AIT-2025-07-001,ADBE,-0.02271043,-0.01270121,-0.01355700,-0.07159809
AIT-2025-07-001,ADI,0.00967078,0.00186651,-0.01593230,-0.09918258
AIT-2025-07-001,ADP,-0.01917913,-0.01838156,-0.02661359,-0.03177867
AIT-2025-07-001,ADSK,-0.08878962,-0.04046512,-0.05439047,-0.06111789
AIT-2025-07-001,AEP,0.00545385,0.00222710,0.01037066,0.08012777
AIT-2025-07-001,ALAB,-0.04593356,-0.11229934,-0.05219709,0.49404551
AIT-2025-07-001,ALNY,-0.01876896,-0.01873707,0.00293006,0.29309749
AIT-2025-07-001,AMAT,0.01567788,0.00928052,-0.01961568,-0.06570722
AIT-2025-07-001,AMD,0.06092254,0.05721874,0.14568145,0.22925247
AIT-2025-07-001,AMGN,-0.00174739,0.00438453,0.00958789,-0.02254682
AIT-2025-07-001,AMZN,0.01171798,0.01204309,-0.00316331,-0.01314797
AIT-2025-07-001,APP,-0.06123978,-0.00944976,-0.01688906,0.07488380
AIT-2025-07-001,ARM,-0.01285119,-0.02683446,0.04642060,-0.10764914
AIT-2025-07-001,ASML,0.00435016,0.00817623,-0.07335250,-0.11515717
AIT-2025-07-001,ASX,0.00591720,-0.01680983,0.01308018,-0.05490433
AIT-2025-07-001,AVGO,-0.01598100,-0.01719938,0.00575872,0.02106285
AIT-2025-07-001,AXON,-0.10191006,-0.07972635,-0.10325737,0.00039426
AIT-2025-07-001,BKNG,0.00692996,0.01251017,-0.01012928,-0.07857710
AIT-2025-07-001,BKR,0.03483829,0.01204229,-0.01166256,0.08109109
AIT-2025-07-001,CCEP,-0.00498034,-0.00662898,-0.00336861,-0.04457465
AIT-2025-07-001,CDNS,-0.00632974,-0.01864538,-0.01495537,0.08011318
AIT-2025-07-001,CEG,0.01006375,0.01820627,-0.05374672,-0.01269507
AIT-2025-07-001,CMCSA,-0.01592614,0.00207998,-0.02558904,-0.10887887
AIT-2025-07-001,COST,-0.01245750,-0.00307396,-0.03500268,-0.01905482
AIT-2025-07-001,CPRT,-0.00222594,-0.00996653,-0.03827990,-0.02972531
AIT-2025-07-001,CRDO,-0.00234444,-0.01243206,-0.04807430,0.04088272
AIT-2025-07-001,CRWD,-0.07392330,-0.08452526,-0.11465699,-0.26556829
AIT-2025-07-001,CSCO,-0.02114509,-0.02600007,-0.02716936,-0.02864768
AIT-2025-07-001,CSX,0.02438110,0.01984704,0.03320341,0.05695538
AIT-2025-07-001,CTAS,-0.00559154,-0.00037432,0.01900754,0.01741559
AIT-2025-07-001,DASH,-0.02698224,-0.02217138,-0.06950411,0.02648145
AIT-2025-07-001,DDOG,-0.03788994,-0.03033327,-0.00689754,-0.06689392
AIT-2025-07-001,DXCM,-0.01802843,0.00295798,-0.01854433,-0.12453250
AIT-2025-07-001,EA,-0.02700695,-0.02716004,-0.02355895,0.05352294
AIT-2025-07-001,ENTG,0.01317765,-0.00397621,0.03835438,-0.13306395
AIT-2025-07-001,EXC,0.00737166,0.00494096,-0.00788856,0.04266154
AIT-2025-07-001,FANG,0.01906748,0.00179633,-0.00641423,0.00942641
AIT-2025-07-001,FAST,-0.00391279,0.03566059,0.04783761,0.07256267
AIT-2025-07-001,FER,-0.00646653,-0.00961743,-0.01476107,-0.02901709
AIT-2025-07-001,FTNT,-0.08240939,-0.04652600,-0.03751192,-0.36727472
AIT-2025-07-001,GEHC,-0.00126396,-0.01123677,0.01054937,-0.04226334
AIT-2025-07-001,GILD,-0.03377416,-0.01352805,-0.04896936,-0.05658622
AIT-2025-07-001,GOOG,0.02126488,0.02774326,0.03318674,0.09468720
AIT-2025-07-001,GOOGL,0.02092131,0.02671619,0.03290163,0.09652509
AIT-2025-07-001,HON,-0.01184291,-0.00464905,-0.00832069,-0.11207703
AIT-2025-07-001,IDXX,-0.01267010,-0.01790692,-0.04627695,0.21299108
AIT-2025-07-001,INTC,0.00114960,-0.00716021,-0.03612944,-0.18074477
AIT-2025-07-001,INTU,-0.02750036,-0.02353420,-0.02701253,-0.03399962
AIT-2025-07-001,ISRG,-0.02955955,-0.02339406,-0.03036175,-0.13107605
AIT-2025-07-001,KDP,-0.00351980,-0.01024289,0.00950108,0.01806259
AIT-2025-07-001,KHC,0.02907648,0.05425931,0.06944731,0.07385957
AIT-2025-07-001,KLAC,0.00179125,-0.00470016,0.00211866,-0.03840673
AIT-2025-07-001,LIN,-0.00415171,-0.00510320,-0.02337088,-0.00499920
AIT-2025-07-001,LITE,0.02539657,0.01087824,0.10208766,0.13749041
AIT-2025-07-001,LRCX,0.01916052,-0.00559753,-0.00488029,-0.03992624
AIT-2025-07-001,MAR,0.00905383,0.01100777,-0.03574930,-0.08751913
AIT-2025-07-001,MCHP,0.00149578,-0.00869554,-0.01397648,-0.12793557
AIT-2025-07-001,MDLZ,0.00565437,0.01264847,0.04530530,-0.05956260
AIT-2025-07-001,MELI,-0.03750263,-0.04283073,-0.06137460,-0.08488381
AIT-2025-07-001,META,-0.02199469,-0.02087506,-0.05830659,0.00739521
AIT-2025-07-001,MNST,-0.01425109,-0.00177167,-0.01660610,-0.00446642
AIT-2025-07-001,MPWR,-0.01582002,-0.03910287,-0.05743957,0.06738671
AIT-2025-07-001,MRVL,0.00909736,0.00210432,-0.01593857,0.02961572
AIT-2025-07-001,MSFT,-0.00030821,-0.00297247,0.00851598,0.01668050
AIT-2025-07-001,MSTR,0.03464999,0.06204907,0.03333443,-0.18066263
AIT-2025-07-001,MTSI,-0.02763773,-0.02922709,-0.00521672,-0.13685550
AIT-2025-07-001,MU,0.01703148,-0.03598714,-0.09653755,-0.14229001
AIT-2025-07-001,NBIS,-0.05050291,0.11030567,0.10939498,0.20070419
AIT-2025-07-001,NFLX,-0.03863987,-0.02964232,-0.03289463,-0.15470069
AIT-2025-07-001,NVDA,0.01209268,0.00254276,0.04419732,0.06459560
AIT-2025-07-001,NXPI,-0.00338793,-0.02464666,-0.03122438,-0.11518225
AIT-2025-07-001,ODFL,0.00193826,-0.01102731,-0.03446755,-0.12661622
AIT-2025-07-001,ON,0.03887343,0.02591998,0.02705360,-0.16150544
AIT-2025-07-001,ORLY,-0.01216166,0.00273623,-0.01788843,0.08909815
AIT-2025-07-001,PANW,-0.09271864,-0.07787536,-0.05706623,-0.22442585
AIT-2025-07-001,PAYX,-0.01881468,-0.01337442,-0.02476484,-0.04763649
AIT-2025-07-001,PCAR,-0.01325127,-0.02811383,-0.05073020,-0.01953581
AIT-2025-07-001,PDD,-0.00142124,-0.02683191,0.02210060,0.06936070
AIT-2025-07-001,PEP,0.00905530,0.01249026,0.08909977,0.10192513
AIT-2025-07-001,PLTR,-0.02028411,0.01818927,0.01813241,0.06956796
AIT-2025-07-001,PYPL,-0.04434228,-0.01087669,-0.01646093,-0.09465857
AIT-2025-07-001,QCOM,-0.00926330,-0.03130073,-0.04715635,-0.08580035
AIT-2025-07-001,REGN,0.03609458,0.04402478,0.01717724,0.09488922
AIT-2025-07-001,RKLB,-0.01865379,0.07545837,0.21548241,-0.07119370
AIT-2025-07-001,ROP,-0.01943068,-0.01905180,-0.02591254,-0.04617252
AIT-2025-07-001,ROST,0.00211783,0.00185745,-0.00334390,0.11566520
AIT-2025-07-001,SBUX,-0.00177817,-0.01930225,-0.02569662,-0.04682565
AIT-2025-07-001,SHOP,-0.02127030,0.01429691,0.08300746,0.24211018
AIT-2025-07-001,SNPS,0.01771977,-0.00161780,0.06387140,0.12087278
AIT-2025-07-001,STX,0.03453290,0.04367088,0.01719883,0.00346263
AIT-2025-07-001,TER,0.05294245,0.03314937,0.00589205,0.18381017
AIT-2025-07-001,TMUS,-0.02068357,-0.02029302,-0.02884857,0.02928447
AIT-2025-07-001,TRI,-0.00523278,0.06871312,0.04112944,-0.10856981
AIT-2025-07-001,TSLA,0.05615404,0.06028281,0.05017793,0.01599777
AIT-2025-07-001,TSM,-0.00725787,-0.01833972,0.04428924,0.01055082
AIT-2025-07-001,TTWO,-0.03863468,-0.02274834,-0.05197430,-0.12261054
AIT-2025-07-001,TXN,0.02380098,0.01595681,-0.00634588,-0.14698198
AIT-2025-07-001,UMC,-0.02481801,-0.03395475,-0.02481545,-0.14440098
AIT-2025-07-001,VRTX,-0.01989345,-0.01281245,-0.03283360,-0.21193994
AIT-2025-07-001,WBD,0.01987519,0.03948208,0.09564621,-0.00629898
AIT-2025-07-001,WDAY,-0.06947890,-0.06466123,-0.04124156,-0.08204424
AIT-2025-07-001,WDC,0.02276543,0.03093715,0.02199651,0.11216637
AIT-2025-07-001,WMT,-0.02654199,-0.01415897,-0.02773726,0.03484533
AIT-2025-07-001,XEL,0.01084182,0.01807114,0.02291376,0.06674974
AIT-2025-07-006,AAPL,-0.00469533,-0.00282414,0.00216323,0.07408948
AIT-2025-07-006,ABNB,0.01263220,0.00983411,0.01133567,-0.14895809
AIT-2025-07-006,ADBE,0.00818150,0.00023077,0.01510889,-0.06408151
AIT-2025-07-006,ADI,-0.01308749,-0.01729224,-0.02843186,-0.11150714
AIT-2025-07-006,ADP,-0.01382587,-0.00905330,-0.01201205,-0.01263417
AIT-2025-07-006,ADSK,0.03325638,0.03146635,0.04315093,-0.00693588
AIT-2025-07-006,AEP,-0.00932840,0.00087141,0.02884021,0.06652352
AIT-2025-07-006,ALAB,-0.03798933,-0.05421850,0.21862281,0.56541631
AIT-2025-07-006,ALNY,-0.01100602,0.02238804,0.00569494,0.30178775
AIT-2025-07-006,AMAT,0.01193809,-0.01510724,-0.03567410,-0.08478716
AIT-2025-07-006,AMD,0.06902924,0.09216204,0.06145946,0.15123220
AIT-2025-07-006,AMGN,-0.00650810,0.01519590,0.00419865,-0.02208922
AIT-2025-07-006,AMZN,0.00859890,-0.00991170,0.00717828,-0.04148423
AIT-2025-07-006,APP,0.04676049,0.04038912,0.03563318,0.17308922
AIT-2025-07-006,ARM,0.01272779,0.05112001,0.08547991,-0.07161466
AIT-2025-07-006,ASML,0.02990857,-0.05757308,-0.11320865,-0.11712681
AIT-2025-07-006,ASX,-0.00906073,0.00000116,-0.00403021,-0.05956745
AIT-2025-07-006,AVGO,0.02338859,0.01462581,0.02104688,0.02114217
AIT-2025-07-006,AXON,0.01766722,0.00577662,-0.00230901,0.02822840
AIT-2025-07-006,BKNG,-0.00764125,-0.01526786,-0.02295328,-0.11009916
AIT-2025-07-006,BKR,-0.03986911,-0.05151537,-0.02958937,0.03950112
AIT-2025-07-006,CCEP,-0.02143772,-0.00275661,0.01556150,-0.02700104
AIT-2025-07-006,CDNS,-0.00488756,-0.02025788,-0.02421797,0.06423701
AIT-2025-07-006,CEG,-0.01189798,-0.05048784,-0.03762636,-0.04837782
AIT-2025-07-006,CMCSA,-0.00412522,-0.01478616,0.00041879,-0.10190047
AIT-2025-07-006,COST,-0.00191809,-0.02098989,-0.03009152,0.00303294
AIT-2025-07-006,CPRT,-0.03033412,-0.03029878,-0.03246940,-0.01672714
AIT-2025-07-006,CRDO,0.03341657,0.00388013,-0.08989618,0.00047595
AIT-2025-07-006,CRWD,-0.01278333,-0.02667443,-0.02266208,-0.20032433
AIT-2025-07-006,CSCO,-0.01189702,-0.01322881,-0.00894486,-0.00340525
AIT-2025-07-006,CSX,-0.01542294,-0.02398604,0.00532085,0.03047195
AIT-2025-07-006,CTAS,-0.00895360,-0.00780130,0.02075924,0.02143335
AIT-2025-07-006,DASH,-0.01678787,-0.03326756,-0.02473844,-0.01043229
AIT-2025-07-006,DDOG,0.02521572,0.01218443,0.04405762,-0.09061004
AIT-2025-07-006,DXCM,0.01802723,0.00622443,-0.00456571,-0.09692535
AIT-2025-07-006,EA,-0.00019389,0.00213855,0.02467822,0.15423528
AIT-2025-07-006,ENTG,0.00841913,0.00348285,0.04089071,-0.17908832
AIT-2025-07-006,EXC,-0.01416300,-0.01707538,0.00155533,0.02444629
AIT-2025-07-006,FANG,-0.03934712,-0.05192179,-0.03079682,-0.04040684
AIT-2025-07-006,FAST,0.04328169,0.05075642,0.05302347,0.08019389
AIT-2025-07-006,FER,-0.01151646,0.00165423,-0.00465105,-0.02695649
AIT-2025-07-006,FTNT,0.05858839,0.03905356,0.05980343,-0.30492778
AIT-2025-07-006,GEHC,-0.00413755,0.00757588,-0.01365571,-0.01664494
AIT-2025-07-006,GILD,-0.00638047,-0.00174048,-0.02282087,0.06511606
AIT-2025-07-006,GOOG,0.01211954,0.01249396,0.04511307,0.08811888
AIT-2025-07-006,GOOGL,0.01226454,0.01428737,0.04568276,0.09090107
AIT-2025-07-006,HON,-0.00129725,0.00250866,-0.01103540,-0.10509503
AIT-2025-07-006,IDXX,-0.01042703,-0.02484623,-0.03032992,0.22358371
AIT-2025-07-006,INTC,-0.01867491,-0.03404167,-0.02090353,-0.15383773
AIT-2025-07-006,INTU,-0.00139622,0.00121750,0.00978130,-0.08510964
AIT-2025-07-006,ISRG,0.00349176,0.00005584,-0.00233288,-0.10476042
AIT-2025-07-006,KDP,-0.02082420,-0.00659384,-0.00279494,0.04342373
AIT-2025-07-006,KHC,0.00341115,0.02084314,0.01974744,0.03855669
AIT-2025-07-006,KLAC,0.01587419,0.00678859,-0.00168891,-0.05270879
AIT-2025-07-006,LIN,-0.01554450,-0.01931845,0.00014199,-0.00272461
AIT-2025-07-006,LITE,0.05709541,0.06265386,0.08195393,0.13166607
AIT-2025-07-006,LRCX,-0.00343158,-0.01704673,-0.01859557,-0.04441709
AIT-2025-07-006,MAR,-0.02149815,-0.03004497,-0.04591401,-0.11061052
AIT-2025-07-006,MCHP,-0.01310628,-0.00164917,-0.02321108,-0.22381722
AIT-2025-07-006,MDLZ,-0.00543417,0.00557983,0.03516360,-0.07715822
AIT-2025-07-006,MELI,0.00106430,0.00383504,-0.01491000,-0.07407187
AIT-2025-07-006,META,-0.00837223,-0.02436696,-0.02269938,0.02745124
AIT-2025-07-006,MNST,0.00127480,-0.00589235,0.00176405,0.05665052
AIT-2025-07-006,MPWR,-0.01697512,-0.02825912,-0.02574800,0.07238401
AIT-2025-07-006,MRVL,0.00116188,-0.02820781,-0.01359518,0.02089343
AIT-2025-07-006,MSFT,0.00649580,0.00266985,0.00374277,0.01204299
AIT-2025-07-006,MSTR,0.01144859,0.02887910,-0.07015669,-0.24028857
AIT-2025-07-006,MTSI,0.00994184,0.00618686,0.01049263,-0.19330455
AIT-2025-07-006,MU,-0.03345005,-0.07279487,-0.12058276,-0.07577168
AIT-2025-07-006,NBIS,0.19448660,0.17510494,0.11835298,0.29896077
AIT-2025-07-006,NFLX,0.00844864,-0.00538842,-0.03272889,-0.09743154
AIT-2025-07-006,NVDA,0.03739645,0.03398307,0.01719810,0.04128989
AIT-2025-07-006,NXPI,-0.02893115,-0.03605988,-0.01169434,-0.12465791
AIT-2025-07-006,ODFL,-0.03261669,-0.03826213,-0.02732053,-0.14293735
AIT-2025-07-006,ON,-0.00497682,0.00038460,0.00921972,-0.21707630
AIT-2025-07-006,ORLY,-0.00540916,-0.00657591,0.02062590,0.10194232
AIT-2025-07-006,PANW,0.02710070,0.02413051,0.05074156,-0.14171701
AIT-2025-07-006,PAYX,-0.01684071,-0.00785520,-0.00223252,-0.03892947
AIT-2025-07-006,PCAR,-0.01873662,-0.01860700,-0.05019901,-0.00796697
AIT-2025-07-006,PDD,0.00209621,0.00013822,0.05482754,0.05232214
AIT-2025-07-006,PEP,-0.00720879,0.00511428,0.05678830,0.10075935
AIT-2025-07-006,PLTR,0.03599281,0.03749005,0.00665989,0.06483645
AIT-2025-07-006,PYPL,0.02681097,0.02362740,0.04203465,-0.06646932
AIT-2025-07-006,QCOM,-0.01499016,-0.02036991,0.00367556,-0.06798138
AIT-2025-07-006,REGN,-0.02482279,-0.02301859,-0.01986486,0.03698959
AIT-2025-07-006,RKLB,0.12729148,0.18036388,0.13370491,-0.06414194
AIT-2025-07-006,ROP,-0.00289850,-0.00425168,0.00355766,-0.04626858
AIT-2025-07-006,ROST,-0.02349385,-0.01267394,0.02399959,0.12436851
AIT-2025-07-006,SBUX,-0.02276544,-0.02530017,-0.02939604,-0.04035440
AIT-2025-07-006,SHOP,0.02831108,0.06271254,0.11200516,0.22569534
AIT-2025-07-006,SNPS,0.02252454,0.02232643,0.04976226,0.08842022
AIT-2025-07-006,STX,0.01306902,-0.00570491,-0.00248118,-0.02034190
AIT-2025-07-006,TER,-0.03311684,-0.04782981,-0.02281104,0.10860299
AIT-2025-07-006,TMUS,-0.00846630,0.00158514,0.01371175,0.06736764
AIT-2025-07-006,TRI,0.05742886,0.05928824,0.01692426,-0.14355934
AIT-2025-07-006,TSLA,-0.00626071,0.01950926,0.01951633,0.00743091
AIT-2025-07-006,TSM,0.02976978,0.02680491,0.02009706,0.00485185
AIT-2025-07-006,TTWO,0.01319280,0.01309599,-0.02833959,-0.10774675
AIT-2025-07-006,TXN,-0.00925386,-0.02150395,-0.04035719,-0.18924838
AIT-2025-07-006,UMC,0.00003658,-0.00757965,-0.00407111,-0.11567934
AIT-2025-07-006,VRTX,-0.00798243,0.00245562,-0.02331166,-0.19776385
AIT-2025-07-006,WBD,0.02719205,0.06603573,0.06766471,-0.13334074
AIT-2025-07-006,WDAY,0.01033952,0.01557674,0.04042030,-0.04940654
AIT-2025-07-006,WDC,0.02285718,0.00177360,0.02021744,0.07714663
AIT-2025-07-006,WMT,0.01008522,0.00436306,0.00202207,0.06309346
AIT-2025-07-006,XEL,-0.00438694,0.00681612,0.03845776,0.04651889
AIT-2025-07-005,AAPL,-0.00120512,-0.00258355,-0.01331395,0.08188906
AIT-2025-07-005,ABNB,0.00186418,0.01435719,-0.02060293,-0.10555368
AIT-2025-07-005,ADBE,0.00881959,0.00836770,0.01024305,0.00843487
AIT-2025-07-005,ADI,-0.06539221,-0.07315758,-0.05523618,-0.06297634
AIT-2025-07-005,ADP,0.00496716,0.01092268,0.01663377,-0.00318563
AIT-2025-07-005,ADSK,0.01048073,0.01019761,0.02601012,-0.04292516
AIT-2025-07-005,AEP,0.00262086,0.00302818,0.00457115,0.04003149
AIT-2025-07-005,ALAB,-0.04500911,-0.03039873,-0.06865710,0.28638345
AIT-2025-07-005,ALNY,0.00544822,0.01161009,0.01597449,0.33722216
AIT-2025-07-005,AMAT,-0.04079324,-0.03450412,-0.03200353,-0.16698968
AIT-2025-07-005,AMD,-0.00257799,0.02019429,0.11403026,0.06754825
AIT-2025-07-005,AMGN,0.04187454,0.03996103,0.02447102,0.00284558
AIT-2025-07-005,AMZN,-0.01637059,0.00010884,-0.00789190,-0.03068137
AIT-2025-07-005,APP,-0.04022122,-0.05272447,-0.06768741,-0.02220310
AIT-2025-07-005,ARM,-0.03442175,-0.03049812,-0.01110171,-0.21086353
AIT-2025-07-005,ASML,-0.01351236,-0.00189289,-0.00757208,0.02944071
AIT-2025-07-005,ASX,-0.00126139,-0.00243547,-0.01205827,-0.07662997
AIT-2025-07-005,AVGO,-0.03480735,-0.01983560,0.00127231,-0.04955202
AIT-2025-07-005,AXON,-0.08009109,-0.07838298,-0.06306052,-0.06869574
AIT-2025-07-005,BKNG,-0.00004438,-0.01658028,-0.03174869,-0.05647973
AIT-2025-07-005,BKR,0.11080047,0.13355368,0.13249327,0.06497055
AIT-2025-07-005,CCEP,0.01824307,0.02025809,0.00760746,-0.10065298
AIT-2025-07-005,CDNS,0.01929220,0.01280511,0.13496694,0.06509888
AIT-2025-07-005,CEG,0.00238870,-0.00540167,0.01680719,-0.04619886
AIT-2025-07-005,CMCSA,0.01809013,0.00695526,-0.06458126,-0.02395679
AIT-2025-07-005,COST,-0.01228979,-0.02067478,-0.02163974,0.01947853
AIT-2025-07-005,CPRT,0.01256025,0.00092436,0.00570183,0.03872386
AIT-2025-07-005,CRDO,-0.00593498,0.01489044,0.07255345,-0.05404973
AIT-2025-07-005,CRWD,-0.06071595,-0.06273287,-0.06490328,-0.21832956
AIT-2025-07-005,CSCO,-0.00559898,-0.01182837,-0.02114740,-0.05985501
AIT-2025-07-005,CSX,0.01226796,0.01327992,0.02568080,0.05753030
AIT-2025-07-005,CTAS,-0.00672524,0.00046180,-0.00173163,-0.03519846
AIT-2025-07-005,DASH,-0.01584844,-0.00550626,-0.01547663,-0.03250006
AIT-2025-07-005,DDOG,-0.02212817,-0.00600661,0.01386368,-0.16087978
AIT-2025-07-005,DXCM,0.01791086,0.02033008,0.04647682,-0.06622110
AIT-2025-07-005,EA,-0.00088706,-0.00847566,-0.04196100,0.09888196
AIT-2025-07-005,ENTG,-0.01475023,-0.01879800,0.00356950,-0.10636196
AIT-2025-07-005,EXC,-0.00624142,-0.00106984,0.01023435,0.02111928
AIT-2025-07-005,FANG,0.01982937,0.03191554,0.08343666,0.00957187
AIT-2025-07-005,FAST,0.02296276,0.03248954,0.00598845,0.05856002
AIT-2025-07-005,FER,0.01229545,0.01022754,-0.01727362,0.00302606
AIT-2025-07-005,FTNT,-0.03020305,-0.03454023,-0.03967811,-0.32759985
AIT-2025-07-005,GEHC,0.03394763,0.02879179,0.04437767,0.01217956
AIT-2025-07-005,GILD,0.04173884,0.03688596,0.04154197,0.05165097
AIT-2025-07-005,GOOG,-0.00677455,0.00162992,0.01674959,0.03964769
AIT-2025-07-005,GOOGL,-0.00800479,0.00175534,0.01871491,0.04027506
AIT-2025-07-005,HON,0.00931866,-0.05326479,-0.06809733,-0.09841872
AIT-2025-07-005,IDXX,0.03010747,0.04696457,0.08728235,0.22349182
AIT-2025-07-005,INTC,-0.00217760,-0.03872654,-0.13836983,0.08406164
AIT-2025-07-005,INTU,0.00598064,0.01149797,0.03943370,-0.11769068
AIT-2025-07-005,ISRG,-0.03897686,-0.06611279,-0.05133232,-0.09805980
AIT-2025-07-005,KDP,0.00461656,0.00710810,0.01697840,0.06222443
AIT-2025-07-005,KHC,0.05306305,0.04877985,0.04492355,0.03298399
AIT-2025-07-005,KLAC,-0.05765635,-0.05063215,-0.04043169,-0.09296385
AIT-2025-07-005,LIN,-0.00577816,-0.00249229,-0.00227533,0.01560426
AIT-2025-07-005,LITE,-0.03802940,-0.03326404,0.02225588,0.06214261
AIT-2025-07-005,LRCX,-0.06195115,-0.05592294,-0.04747539,-0.04678232
AIT-2025-07-005,MAR,-0.00249543,-0.00523396,-0.00439355,-0.03680539
AIT-2025-07-005,MCHP,-0.06417645,-0.09867080,-0.05684559,-0.14169254
AIT-2025-07-005,MDLZ,0.01053151,0.01084210,0.00471272,-0.09667407
AIT-2025-07-005,MELI,-0.00217653,-0.00474237,-0.01088892,-0.04583549
AIT-2025-07-005,META,-0.01228327,-0.01172434,-0.03623438,0.02231093
AIT-2025-07-005,MNST,-0.00918482,0.00657830,0.02370699,0.05337041
AIT-2025-07-005,MPWR,-0.02329557,-0.03228765,-0.01428144,0.15518420
AIT-2025-07-005,MRVL,-0.01685774,-0.00712637,0.02061748,-0.04560305
AIT-2025-07-005,MSFT,-0.01704974,-0.00785938,-0.00699735,-0.02389158
AIT-2025-07-005,MSTR,-0.06044416,-0.06066754,-0.12797856,-0.36535148
AIT-2025-07-005,MTSI,-0.04071149,-0.04125392,-0.02588022,-0.18705953
AIT-2025-07-005,MU,-0.04808968,-0.03170338,-0.03306186,0.04195357
AIT-2025-07-005,NBIS,-0.04347965,-0.04565309,-0.10202916,0.09558138
AIT-2025-07-005,NFLX,-0.05974941,-0.05954638,-0.07959907,-0.08947564
AIT-2025-07-005,NVDA,-0.02076306,-0.00493312,0.00025896,-0.02424126
AIT-2025-07-005,NXPI,-0.02889454,-0.02990499,-0.01923833,-0.00383158
AIT-2025-07-005,ODFL,0.00901639,0.02057660,-0.01181237,-0.04093311
AIT-2025-07-005,ON,-0.02701050,-0.09563930,-0.03983756,-0.16745428
AIT-2025-07-005,ORLY,0.00945946,0.03722189,0.04193071,0.06918886
AIT-2025-07-005,PANW,-0.01440942,-0.00556591,-0.04424451,-0.12059714
AIT-2025-07-005,PAYX,0.01190173,0.01929336,0.02350948,-0.04310379
AIT-2025-07-005,PCAR,0.07948976,0.08255217,0.06264224,0.06297665
AIT-2025-07-005,PDD,0.05767089,0.05662460,0.03591197,0.08383673
AIT-2025-07-005,PEP,0.02841732,0.02154296,0.02048156,0.09264837
AIT-2025-07-005,PLTR,-0.01179842,-0.01774652,-0.03149106,-0.12752009
AIT-2025-07-005,PYPL,0.01544871,0.03071696,-0.05068896,-0.08351064
AIT-2025-07-005,QCOM,-0.00500012,-0.01124431,0.00940779,-0.02236856
AIT-2025-07-005,REGN,0.04963829,0.03930627,0.03717111,0.11137587
AIT-2025-07-005,RKLB,0.00770232,-0.02097584,-0.13825668,-0.32279025
AIT-2025-07-005,ROP,0.00393561,0.00985021,0.01417168,-0.04388087
AIT-2025-07-005,ROST,0.01970822,0.01512689,0.04003293,0.10925358
AIT-2025-07-005,SBUX,0.02795775,0.00492525,-0.00291845,-0.01635751
AIT-2025-07-005,SHOP,-0.06974308,-0.07300234,-0.05736665,0.03874256
AIT-2025-07-005,SNPS,0.02745596,0.01942983,0.06273098,0.01924773
AIT-2025-07-005,STX,0.00761309,0.00562875,-0.00033127,0.00759855
AIT-2025-07-005,TER,-0.02887216,-0.04527822,-0.04867264,0.19512484
AIT-2025-07-005,TMUS,0.00089283,0.05792824,0.02137139,0.08309545
AIT-2025-07-005,TRI,-0.00498499,0.00414434,-0.02487461,-0.16389575
AIT-2025-07-005,TSLA,-0.00890427,-0.09238123,-0.04577154,-0.04655840
AIT-2025-07-005,TSM,-0.00711120,-0.00336222,-0.00932370,-0.06928413
AIT-2025-07-005,TTWO,-0.02241523,-0.03783281,-0.05301803,-0.06830365
AIT-2025-07-005,TXN,-0.14329027,-0.14651775,-0.11714205,-0.09086802
AIT-2025-07-005,UMC,-0.00808323,-0.02922889,-0.05630757,-0.09963487
AIT-2025-07-005,VRTX,0.03633757,0.02649430,0.01837276,-0.13688898
AIT-2025-07-005,WBD,0.02268607,0.03525905,0.00205980,-0.14388570
AIT-2025-07-005,WDAY,0.02327980,0.00745271,0.01781341,-0.02165134
AIT-2025-07-005,WDC,-0.00598485,-0.01155881,0.00720985,0.06248503
AIT-2025-07-005,WMT,-0.00729567,0.00124054,0.01559702,0.03104544
AIT-2025-07-005,XEL,0.01054924,0.01396318,0.00684519,0.01208799
AIT-2025-07-007,AAPL,-0.01693691,-0.01849611,-0.03046735,0.07504875
AIT-2025-07-007,ABNB,-0.04735678,-0.05975680,-0.06904465,-0.11988178
AIT-2025-07-007,ADBE,-0.00709300,-0.01894240,-0.06078990,-0.00627306
AIT-2025-07-007,ADI,0.00791513,-0.01405645,-0.02135947,0.08811189
AIT-2025-07-007,ADP,0.01525587,0.01276076,-0.01638196,-0.02060573
AIT-2025-07-007,ADSK,0.01620360,0.00370596,-0.00216822,-0.08085706
AIT-2025-07-007,AEP,0.04777797,0.04639645,0.04616348,0.04176421
AIT-2025-07-007,ALAB,0.04485695,0.11100864,0.10854039,0.31202814
AIT-2025-07-007,ALNY,0.04859734,0.20627084,0.27805371,0.31618166
AIT-2025-07-007,AMAT,0.00257916,-0.04031667,-0.03368401,-0.13784071
AIT-2025-07-007,AMD,0.04357307,0.03424505,0.03971248,-0.02873407
AIT-2025-07-007,AMGN,0.00274438,-0.01608203,0.00464683,-0.02657777
AIT-2025-07-007,AMZN,-0.00705076,0.01439869,-0.06605242,-0.03880432
AIT-2025-07-007,APP,-0.02233295,0.05614530,0.02335029,0.11499827
AIT-2025-07-007,ARM,0.00280127,-0.12302323,-0.13738520,-0.16875092
AIT-2025-07-007,ASML,-0.00289690,-0.03446227,-0.03167591,0.04387798
AIT-2025-07-007,ASX,-0.01754169,-0.09278832,-0.05865610,-0.06304030
AIT-2025-07-007,AVGO,0.03093748,0.00610185,0.00926095,-0.05087259
AIT-2025-07-007,AXON,0.01585054,0.02662159,0.17551192,-0.01495140
AIT-2025-07-007,BKNG,-0.01043723,-0.02758947,-0.03361056,-0.03325993
AIT-2025-07-007,BKR,-0.01782544,-0.02428034,-0.03934020,-0.05565898
AIT-2025-07-007,CCEP,0.00988398,-0.01371833,-0.00095731,-0.11799491
AIT-2025-07-007,CDNS,0.11459708,0.10169990,0.09786159,0.00787821
AIT-2025-07-007,CEG,0.05529767,0.06815200,0.06555152,-0.06707831
AIT-2025-07-007,CMCSA,-0.02649554,-0.00062625,-0.01537412,0.01729174
AIT-2025-07-007,COST,-0.00534730,0.00952731,0.01795279,-0.00286449
AIT-2025-07-007,CPRT,0.00861621,-0.00857381,0.02480909,0.06384750
AIT-2025-07-007,CRDO,0.07113974,0.03609087,0.02526869,-0.04572852
AIT-2025-07-007,CRWD,-0.01749422,-0.03237988,-0.05705010,-0.18505138
AIT-2025-07-007,CSCO,0.00658043,0.00584629,0.00028100,-0.02359580
AIT-2025-07-007,CSX,-0.00828208,0.00190620,0.01077951,-0.09765212
AIT-2025-07-007,CTAS,0.01501865,0.01492273,0.02062873,-0.04095043
AIT-2025-07-007,DASH,0.00729979,0.01910888,0.04144780,-0.04892518
AIT-2025-07-007,DDOG,-0.00823603,-0.06360003,-0.10633476,-0.19277092
AIT-2025-07-007,DXCM,-0.00297384,-0.09309726,-0.15628197,-0.18287220
AIT-2025-07-007,EA,0.03046336,0.00731537,0.06349038,0.12122041
AIT-2025-07-007,ENTG,-0.12308849,-0.12412735,-0.17131270,-0.04056178
AIT-2025-07-007,EXC,0.01831268,0.03303325,0.02566189,0.01942259
AIT-2025-07-007,FANG,0.01147331,0.00215645,-0.00506654,-0.01240365
AIT-2025-07-007,FAST,-0.00278873,-0.00714321,-0.02052208,0.04298567
AIT-2025-07-007,FER,-0.00289334,-0.01862432,-0.00277032,0.01479680
AIT-2025-07-007,FTNT,-0.02736796,-0.04159076,-0.07371602,-0.30037207
AIT-2025-07-007,GEHC,-0.07095434,-0.06951254,-0.06560622,-0.02857336
AIT-2025-07-007,GILD,0.01400316,-0.00742757,-0.00736731,-0.01524729
AIT-2025-07-007,GOOG,0.02446591,0.00492799,0.02422965,0.06044978
AIT-2025-07-007,GOOGL,0.02417674,0.00426479,0.02518868,0.06055924
AIT-2025-07-007,HON,-0.01093811,-0.00766045,-0.00982321,-0.02647390
AIT-2025-07-007,IDXX,0.01270151,-0.05036106,0.17164653,0.14532282
AIT-2025-07-007,INTC,-0.01055473,-0.03139148,-0.00138575,0.15738577
AIT-2025-07-007,INTU,0.01300257,-0.01176727,-0.02819198,-0.21562949
AIT-2025-07-007,ISRG,0.01859724,-0.01521200,-0.01508148,-0.05227890
AIT-2025-07-007,KDP,0.02735751,-0.00608046,0.01685875,-0.11393180
AIT-2025-07-007,KHC,0.01188017,-0.02207656,-0.03204104,0.00218411
AIT-2025-07-007,KLAC,0.00758078,-0.03646800,-0.02137053,-0.05801613
AIT-2025-07-007,LIN,0.00041803,-0.00976468,0.01569304,0.02748521
AIT-2025-07-007,LITE,0.03115794,0.04041647,0.03469694,0.10070919
AIT-2025-07-007,LRCX,0.01032504,-0.02659239,0.00221002,0.01838413
AIT-2025-07-007,MAR,-0.01686968,-0.03584251,-0.04432049,-0.04048882
AIT-2025-07-007,MCHP,0.00615167,-0.02361647,-0.01503315,-0.04427781
AIT-2025-07-007,MDLZ,-0.06357053,-0.06936136,-0.10565203,-0.10882271
AIT-2025-07-007,MELI,0.01288096,0.01180082,0.02836415,-0.00510327
AIT-2025-07-007,META,-0.02696536,0.09026749,0.08573040,0.03042642
AIT-2025-07-007,MNST,0.01417406,-0.02248862,-0.01648434,0.01680331
AIT-2025-07-007,MPWR,0.00149551,-0.01473522,0.13281682,0.15707016
AIT-2025-07-007,MRVL,0.08595485,0.07814229,0.04901962,-0.03777332
AIT-2025-07-007,MSFT,0.00379475,0.04611458,0.03969400,-0.04282826
AIT-2025-07-007,MSTR,-0.02412057,-0.00422500,-0.06840968,-0.26476255
AIT-2025-07-007,MTSI,0.00877697,-0.00579697,0.00496270,-0.11187078
AIT-2025-07-007,MU,0.03791368,-0.00383638,0.00756176,0.01368608
AIT-2025-07-007,NBIS,-0.02922924,0.03521791,0.04826950,0.16493161
AIT-2025-07-007,NFLX,0.00653442,-0.01364053,-0.02556442,-0.02165344
AIT-2025-07-007,NVDA,0.01969004,0.01786026,0.02970427,-0.01472892
AIT-2025-07-007,NXPI,-0.02533557,-0.05073001,-0.06291349,0.03610997
AIT-2025-07-007,ODFL,-0.10333536,-0.07884766,-0.08094822,-0.04357236
AIT-2025-07-007,ON,0.00001593,-0.02035858,-0.16669684,-0.11722507
AIT-2025-07-007,ORLY,0.02031870,0.00979799,0.04823035,0.03828188
AIT-2025-07-007,PANW,-0.10341691,-0.15057488,-0.16956049,-0.11410678
AIT-2025-07-007,PAYX,0.00008662,-0.00838820,-0.04022450,-0.06496573
AIT-2025-07-007,PCAR,-0.01200528,-0.01067618,-0.00902415,-0.00049639
AIT-2025-07-007,PDD,-0.02713856,-0.01841390,-0.01589322,0.09573013
AIT-2025-07-007,PEP,0.01210828,-0.02065021,-0.00516106,0.05822476
AIT-2025-07-007,PLTR,-0.00064717,-0.00133394,0.08551163,-0.13696481
AIT-2025-07-007,PYPL,-0.10446364,-0.11277357,-0.11586310,-0.09697447
AIT-2025-07-007,QCOM,-0.00508625,-0.07628079,-0.06523329,-0.00855917
AIT-2025-07-007,REGN,0.00153818,-0.00928095,0.04857830,0.11117958
AIT-2025-07-007,RKLB,0.02458337,0.01410146,-0.02045503,-0.11415654
AIT-2025-07-007,ROP,-0.00870684,-0.00944394,-0.02712853,-0.06603168
AIT-2025-07-007,ROST,-0.01270212,-0.02356009,0.02105906,0.06092581
AIT-2025-07-007,SBUX,-0.00517423,-0.03991426,-0.02016719,-0.07402483
AIT-2025-07-007,SHOP,-0.02474928,-0.02471379,0.02514473,0.07919161
AIT-2025-07-007,SNPS,0.09283509,0.07935081,0.08022502,-0.01114812
AIT-2025-07-007,STX,-0.01729767,0.05134292,0.02164869,0.05259941
AIT-2025-07-007,TER,0.19302002,0.19938220,0.21204718,0.30412368
AIT-2025-07-007,TMUS,0.01454668,0.00223086,0.00526857,0.03927917
AIT-2025-07-007,TRI,-0.00493861,0.00162760,-0.00319144,-0.14972333
AIT-2025-07-007,TSLA,-0.01329062,-0.03946041,-0.02626728,0.03052910
AIT-2025-07-007,TSM,0.00407674,0.00288042,-0.02923033,-0.05071812
AIT-2025-07-007,TTWO,-0.01193345,-0.01653538,-0.00441034,-0.02905721
AIT-2025-07-007,TXN,0.00674865,-0.02588231,0.00635820,0.07457172
AIT-2025-07-007,UMC,-0.00985131,-0.04299833,-0.04094994,-0.06508633
AIT-2025-07-007,VRTX,0.01960744,-0.00500793,-0.17503685,-0.15399106
AIT-2025-07-007,WBD,-0.02863320,-0.03082770,-0.06003944,-0.19767766
AIT-2025-07-007,WDAY,0.00392091,-0.02651374,-0.03681799,-0.05883946
AIT-2025-07-007,WDC,0.03931887,0.14595228,0.11666336,0.10956754
AIT-2025-07-007,WMT,0.00121710,0.00707629,0.02295994,-0.03237294
AIT-2025-07-007,XEL,0.01743921,0.03227535,0.03620459,0.00728040
AIT-2025-08-002,AAPL,0.07597926,0.10956044,0.11574334,0.14856156
AIT-2025-08-002,ABNB,-0.08437425,-0.08587592,-0.07101784,-0.06866602
AIT-2025-08-002,ADBE,-0.00329750,-0.00025416,0.02451422,0.02970864
AIT-2025-08-002,ADI,0.00094861,-0.00730504,0.03479742,0.07063506
AIT-2025-08-002,ADP,0.00934217,0.01228607,0.00241902,-0.01387154
AIT-2025-08-002,ADSK,-0.02618081,-0.04137214,-0.06485706,0.04413797
AIT-2025-08-002,AEP,0.00280915,-0.00065801,0.00251753,-0.04808332
AIT-2025-08-002,ALAB,0.24311586,0.27031284,0.31026668,0.21798814
AIT-2025-08-002,ALNY,0.03004845,0.03005180,0.00112312,0.03584892
AIT-2025-08-002,AMAT,0.01382076,0.01213871,0.02409239,-0.14086424
AIT-2025-08-002,AMD,-0.01890206,-0.03097139,0.01494133,-0.11488455
AIT-2025-08-002,AMGN,-0.05329579,-0.04379001,-0.04367021,-0.06370866
AIT-2025-08-002,AMZN,0.03365668,0.02095385,0.01190298,0.04455831
AIT-2025-08-002,APP,0.12665123,0.14617492,0.08219045,0.10231060
AIT-2025-08-002,ARM,-0.02652225,-0.02179255,-0.02512249,-0.07469150
AIT-2025-08-002,ASML,0.02767297,0.03173105,0.06540565,0.07444138
AIT-2025-08-002,ASX,0.00926397,0.00468999,-0.00560752,0.01528604
AIT-2025-08-002,AVGO,0.02010306,0.00792831,-0.00645953,-0.05963277
AIT-2025-08-002,AXON,-0.00946647,-0.05433430,-0.17090145,-0.26620265
AIT-2025-08-002,BKNG,-0.01319437,-0.02651395,-0.03344310,-0.03156035
AIT-2025-08-002,BKR,-0.02800313,-0.02869759,-0.05260002,0.01783200
AIT-2025-08-002,CCEP,-0.05478848,-0.04159077,-0.07834658,-0.14854539
AIT-2025-08-002,CDNS,-0.02674172,-0.04379531,-0.06887291,-0.07997310
AIT-2025-08-002,CEG,-0.03382409,-0.04929135,-0.09532814,-0.17609349
AIT-2025-08-002,CMCSA,-0.02852271,-0.03266606,0.00225757,0.04347183
AIT-2025-08-002,COST,0.03152002,0.03068009,0.02148070,-0.00760064
AIT-2025-08-002,CPRT,-0.01143803,-0.01375769,0.01291934,0.07475494
AIT-2025-08-002,CRDO,0.05539000,0.03443052,-0.00619913,0.00838310
AIT-2025-08-002,CRWD,-0.05109255,-0.06635537,-0.07289888,-0.15655820
AIT-2025-08-002,CSCO,0.02716349,0.04649117,0.01384661,-0.03967177
AIT-2025-08-002,CSX,-0.01544801,-0.01584051,-0.00553029,-0.09876497
AIT-2025-08-002,CTAS,-0.00230894,0.00517625,-0.00831604,-0.09522002
AIT-2025-08-002,DASH,0.04774334,-0.00822423,-0.04866383,-0.10945215
AIT-2025-08-002,DDOG,0.01670061,-0.03357647,-0.06668773,-0.05175053
AIT-2025-08-002,DXCM,0.00383585,0.02726378,0.02681624,0.02310098
AIT-2025-08-002,EA,0.00799748,0.03514342,0.09360952,0.02825386
AIT-2025-08-002,ENTG,-0.01045010,-0.02993846,0.03910246,0.04834392
AIT-2025-08-002,EXC,0.01755751,0.01206816,0.01700548,-0.03575389
AIT-2025-08-002,FANG,-0.03606372,-0.03715408,-0.05994526,-0.01157767
AIT-2025-08-002,FAST,0.03817840,0.04278445,0.05741364,0.06283094
AIT-2025-08-002,FER,0.00788575,-0.00101693,0.02220896,0.01290199
AIT-2025-08-002,FTNT,-0.22659017,-0.24891199,-0.20058100,-0.25781685
AIT-2025-08-002,GEHC,0.00007195,0.00491625,0.04047922,0.03966899
AIT-2025-08-002,GILD,-0.02478061,0.05355917,0.05086459,-0.03466475
AIT-2025-08-002,GOOG,0.00239915,0.01864623,0.01011982,0.13768454
AIT-2025-08-002,GOOGL,0.00181654,0.01858389,0.00801281,0.13916075
AIT-2025-08-002,HON,-0.02613931,-0.03370432,-0.02800335,-0.05154859
AIT-2025-08-002,IDXX,0.00742865,0.01273293,0.01062944,-0.03368918
AIT-2025-08-002,INTC,-0.03054997,-0.03315692,0.05894517,0.16387294
AIT-2025-08-002,INTU,-0.01787918,-0.04272100,-0.10613135,-0.18680168
AIT-2025-08-002,ISRG,-0.02358556,-0.03283691,-0.02199258,-0.08523555
AIT-2025-08-002,KDP,0.01672844,0.03080093,0.04102739,-0.11815015
AIT-2025-08-002,KHC,0.02273628,0.02556946,0.03515571,0.03063625
AIT-2025-08-002,KLAC,0.02091386,0.01124848,0.02894727,-0.06178829
AIT-2025-08-002,LIN,-0.00461139,-0.00289805,-0.00289404,-0.00638133
AIT-2025-08-002,LITE,0.00811450,0.03487283,0.03614678,0.16451831
AIT-2025-08-002,LRCX,0.01275541,0.02472342,0.05035635,-0.02519380
AIT-2025-08-002,MAR,-0.00374759,-0.01475543,0.00989324,0.00586070
AIT-2025-08-002,MCHP,-0.02702785,-0.10889504,-0.07036281,-0.08655530
AIT-2025-08-002,MDLZ,0.00080218,-0.00917235,-0.00468491,-0.02681862
AIT-2025-08-002,MELI,-0.03672341,-0.03537847,-0.05730778,-0.03138052
AIT-2025-08-002,META,-0.01251115,-0.01401361,-0.01786900,-0.07565230
AIT-2025-08-002,MNST,0.02570704,0.08601134,0.07115169,0.04852037
AIT-2025-08-002,MPWR,-0.01826912,-0.02646426,0.02169624,0.01755368
AIT-2025-08-002,MRVL,-0.02505469,-0.02307751,-0.02439155,-0.22216459
AIT-2025-08-002,MSFT,-0.02086923,-0.02648340,-0.04236489,-0.08197710
AIT-2025-08-002,MSTR,0.04567853,0.00709842,-0.04598973,-0.29569046
AIT-2025-08-002,MTSI,-0.08164377,-0.14933205,-0.12962285,-0.10184199
AIT-2025-08-002,MU,0.01183541,0.05854362,0.07966665,0.06969511
AIT-2025-08-002,NBIS,0.15424052,0.18177179,0.16380826,-0.02801034
AIT-2025-08-002,NFLX,0.01680512,0.03361267,0.00895801,0.00728914
AIT-2025-08-002,NVDA,-0.00011361,-0.00463915,-0.03533415,-0.11368028
AIT-2025-08-002,NXPI,-0.02265233,-0.02934973,0.06238356,0.04091534
AIT-2025-08-002,ODFL,-0.01696395,-0.03065512,0.02121180,0.00890045
AIT-2025-08-002,ON,-0.00320612,-0.01565278,0.05231070,-0.01472726
AIT-2025-08-002,ORLY,0.00895179,0.00476527,-0.00731919,0.00250194
AIT-2025-08-002,PANW,-0.01321597,-0.02852433,0.01528704,0.09271496
AIT-2025-08-002,PAYX,0.00540105,0.00526469,-0.01984093,-0.03192890
AIT-2025-08-002,PCAR,-0.01877969,-0.01879259,0.00719811,-0.00485974
AIT-2025-08-002,PDD,0.01158546,0.00839427,0.02481144,0.09770310
AIT-2025-08-002,PEP,0.03238177,0.04066895,0.06943000,0.06718501
AIT-2025-08-002,PLTR,0.02374751,0.02735575,-0.03060719,-0.30501933
AIT-2025-08-002,PYPL,-0.00038397,-0.01714282,0.01485032,-0.01219749
AIT-2025-08-002,QCOM,-0.01323070,-0.01188829,0.03423520,0.06542879
AIT-2025-08-002,REGN,-0.01566976,-0.01202465,-0.01242261,0.04545306
AIT-2025-08-002,RKLB,-0.04526127,-0.06098938,-0.15289359,-0.28273253
AIT-2025-08-002,ROP,-0.00623444,-0.01552099,-0.04502268,-0.03593203
AIT-2025-08-002,ROST,0.02066946,0.01667922,0.04492986,0.06592788
AIT-2025-08-002,SBUX,0.00321339,0.00782777,0.01901461,-0.05372815
AIT-2025-08-002,SHOP,0.17699163,0.14926938,0.12186461,0.04859966
AIT-2025-08-002,SNPS,-0.02232387,-0.03432030,-0.05191500,-0.08797022
AIT-2025-08-002,STX,-0.03555028,-0.03132847,-0.00886947,0.12500460
AIT-2025-08-002,TER,-0.01152026,-0.01325566,0.03419211,0.10323086
AIT-2025-08-002,TMUS,0.01348453,0.01879463,0.03717101,0.03753806
AIT-2025-08-002,TRI,-0.09545988,-0.10872733,-0.17476243,-0.13573161
AIT-2025-08-002,TSLA,0.02375424,0.02658421,0.02199584,-0.02328025
AIT-2025-08-002,TSM,0.03289071,0.01820734,-0.00230868,-0.04885013
AIT-2025-08-002,TTWO,-0.00565300,-0.05274964,0.01799308,0.00415888
AIT-2025-08-002,TXN,-0.00640271,-0.00999622,0.00702042,-0.02984197
AIT-2025-08-002,UMC,-0.02547722,-0.02240117,-0.01479608,-0.00823851
AIT-2025-08-002,VRTX,0.00017300,-0.02707967,0.04683389,0.05218334
AIT-2025-08-002,WBD,-0.08403658,-0.18011039,-0.10567734,-0.17595650
AIT-2025-08-002,WDAY,-0.02302278,-0.02540468,-0.03009670,0.00727638
AIT-2025-08-002,WDC,-0.03170090,-0.03837307,-0.04686503,0.10252027
AIT-2025-08-002,WMT,0.03254509,0.03265932,-0.00385310,-0.01611034
AIT-2025-08-002,XEL,-0.00982932,-0.01094130,-0.02144268,-0.04347641
AIT-2025-08-004,AAPL,0.07597926,0.10956044,0.11574334,0.14856156
AIT-2025-08-004,ABNB,-0.08437425,-0.08587592,-0.07101784,-0.06866602
AIT-2025-08-004,ADBE,-0.00329750,-0.00025416,0.02451422,0.02970864
AIT-2025-08-004,ADI,0.00094861,-0.00730504,0.03479742,0.07063506
AIT-2025-08-004,ADP,0.00934217,0.01228607,0.00241902,-0.01387154
AIT-2025-08-004,ADSK,-0.02618081,-0.04137214,-0.06485706,0.04413797
AIT-2025-08-004,AEP,0.00280915,-0.00065801,0.00251753,-0.04808332
AIT-2025-08-004,ALAB,0.24311586,0.27031284,0.31026668,0.21798814
AIT-2025-08-004,ALNY,0.03004845,0.03005180,0.00112312,0.03584892
AIT-2025-08-004,AMAT,0.01382076,0.01213871,0.02409239,-0.14086424
AIT-2025-08-004,AMD,-0.01890206,-0.03097139,0.01494133,-0.11488455
AIT-2025-08-004,AMGN,-0.05329579,-0.04379001,-0.04367021,-0.06370866
AIT-2025-08-004,AMZN,0.03365668,0.02095385,0.01190298,0.04455831
AIT-2025-08-004,APP,0.12665123,0.14617492,0.08219045,0.10231060
AIT-2025-08-004,ARM,-0.02652225,-0.02179255,-0.02512249,-0.07469150
AIT-2025-08-004,ASML,0.02767297,0.03173105,0.06540565,0.07444138
AIT-2025-08-004,ASX,0.00926397,0.00468999,-0.00560752,0.01528604
AIT-2025-08-004,AVGO,0.02010306,0.00792831,-0.00645953,-0.05963277
AIT-2025-08-004,AXON,-0.00946647,-0.05433430,-0.17090145,-0.26620265
AIT-2025-08-004,BKNG,-0.01319437,-0.02651395,-0.03344310,-0.03156035
AIT-2025-08-004,BKR,-0.02800313,-0.02869759,-0.05260002,0.01783200
AIT-2025-08-004,CCEP,-0.05478848,-0.04159077,-0.07834658,-0.14854539
AIT-2025-08-004,CDNS,-0.02674172,-0.04379531,-0.06887291,-0.07997310
AIT-2025-08-004,CEG,-0.03382409,-0.04929135,-0.09532814,-0.17609349
AIT-2025-08-004,CMCSA,-0.02852271,-0.03266606,0.00225757,0.04347183
AIT-2025-08-004,COST,0.03152002,0.03068009,0.02148070,-0.00760064
AIT-2025-08-004,CPRT,-0.01143803,-0.01375769,0.01291934,0.07475494
AIT-2025-08-004,CRDO,0.05539000,0.03443052,-0.00619913,0.00838310
AIT-2025-08-004,CRWD,-0.05109255,-0.06635537,-0.07289888,-0.15655820
AIT-2025-08-004,CSCO,0.02716349,0.04649117,0.01384661,-0.03967177
AIT-2025-08-004,CSX,-0.01544801,-0.01584051,-0.00553029,-0.09876497
AIT-2025-08-004,CTAS,-0.00230894,0.00517625,-0.00831604,-0.09522002
AIT-2025-08-004,DASH,0.04774334,-0.00822423,-0.04866383,-0.10945215
AIT-2025-08-004,DDOG,0.01670061,-0.03357647,-0.06668773,-0.05175053
AIT-2025-08-004,DXCM,0.00383585,0.02726378,0.02681624,0.02310098
AIT-2025-08-004,EA,0.00799748,0.03514342,0.09360952,0.02825386
AIT-2025-08-004,ENTG,-0.01045010,-0.02993846,0.03910246,0.04834392
AIT-2025-08-004,EXC,0.01755751,0.01206816,0.01700548,-0.03575389
AIT-2025-08-004,FANG,-0.03606372,-0.03715408,-0.05994526,-0.01157767
AIT-2025-08-004,FAST,0.03817840,0.04278445,0.05741364,0.06283094
AIT-2025-08-004,FER,0.00788575,-0.00101693,0.02220896,0.01290199
AIT-2025-08-004,FTNT,-0.22659017,-0.24891199,-0.20058100,-0.25781685
AIT-2025-08-004,GEHC,0.00007195,0.00491625,0.04047922,0.03966899
AIT-2025-08-004,GILD,-0.02478061,0.05355917,0.05086459,-0.03466475
AIT-2025-08-004,GOOG,0.00239915,0.01864623,0.01011982,0.13768454
AIT-2025-08-004,GOOGL,0.00181654,0.01858389,0.00801281,0.13916075
AIT-2025-08-004,HON,-0.02613931,-0.03370432,-0.02800335,-0.05154859
AIT-2025-08-004,IDXX,0.00742865,0.01273293,0.01062944,-0.03368918
AIT-2025-08-004,INTC,-0.03054997,-0.03315692,0.05894517,0.16387294
AIT-2025-08-004,INTU,-0.01787918,-0.04272100,-0.10613135,-0.18680168
AIT-2025-08-004,ISRG,-0.02358556,-0.03283691,-0.02199258,-0.08523555
AIT-2025-08-004,KDP,0.01672844,0.03080093,0.04102739,-0.11815015
AIT-2025-08-004,KHC,0.02273628,0.02556946,0.03515571,0.03063625
AIT-2025-08-004,KLAC,0.02091386,0.01124848,0.02894727,-0.06178829
AIT-2025-08-004,LIN,-0.00461139,-0.00289805,-0.00289404,-0.00638133
AIT-2025-08-004,LITE,0.00811450,0.03487283,0.03614678,0.16451831
AIT-2025-08-004,LRCX,0.01275541,0.02472342,0.05035635,-0.02519380
AIT-2025-08-004,MAR,-0.00374759,-0.01475543,0.00989324,0.00586070
AIT-2025-08-004,MCHP,-0.02702785,-0.10889504,-0.07036281,-0.08655530
AIT-2025-08-004,MDLZ,0.00080218,-0.00917235,-0.00468491,-0.02681862
AIT-2025-08-004,MELI,-0.03672341,-0.03537847,-0.05730778,-0.03138052
AIT-2025-08-004,META,-0.01251115,-0.01401361,-0.01786900,-0.07565230
AIT-2025-08-004,MNST,0.02570704,0.08601134,0.07115169,0.04852037
AIT-2025-08-004,MPWR,-0.01826912,-0.02646426,0.02169624,0.01755368
AIT-2025-08-004,MRVL,-0.02505469,-0.02307751,-0.02439155,-0.22216459
AIT-2025-08-004,MSFT,-0.02086923,-0.02648340,-0.04236489,-0.08197710
AIT-2025-08-004,MSTR,0.04567853,0.00709842,-0.04598973,-0.29569046
AIT-2025-08-004,MTSI,-0.08164377,-0.14933205,-0.12962285,-0.10184199
AIT-2025-08-004,MU,0.01183541,0.05854362,0.07966665,0.06969511
AIT-2025-08-004,NBIS,0.15424052,0.18177179,0.16380826,-0.02801034
AIT-2025-08-004,NFLX,0.01680512,0.03361267,0.00895801,0.00728914
AIT-2025-08-004,NVDA,-0.00011361,-0.00463915,-0.03533415,-0.11368028
AIT-2025-08-004,NXPI,-0.02265233,-0.02934973,0.06238356,0.04091534
AIT-2025-08-004,ODFL,-0.01696395,-0.03065512,0.02121180,0.00890045
AIT-2025-08-004,ON,-0.00320612,-0.01565278,0.05231070,-0.01472726
AIT-2025-08-004,ORLY,0.00895179,0.00476527,-0.00731919,0.00250194
AIT-2025-08-004,PANW,-0.01321597,-0.02852433,0.01528704,0.09271496
AIT-2025-08-004,PAYX,0.00540105,0.00526469,-0.01984093,-0.03192890
AIT-2025-08-004,PCAR,-0.01877969,-0.01879259,0.00719811,-0.00485974
AIT-2025-08-004,PDD,0.01158546,0.00839427,0.02481144,0.09770310
AIT-2025-08-004,PEP,0.03238177,0.04066895,0.06943000,0.06718501
AIT-2025-08-004,PLTR,0.02374751,0.02735575,-0.03060719,-0.30501933
AIT-2025-08-004,PYPL,-0.00038397,-0.01714282,0.01485032,-0.01219749
AIT-2025-08-004,QCOM,-0.01323070,-0.01188829,0.03423520,0.06542879
AIT-2025-08-004,REGN,-0.01566976,-0.01202465,-0.01242261,0.04545306
AIT-2025-08-004,RKLB,-0.04526127,-0.06098938,-0.15289359,-0.28273253
AIT-2025-08-004,ROP,-0.00623444,-0.01552099,-0.04502268,-0.03593203
AIT-2025-08-004,ROST,0.02066946,0.01667922,0.04492986,0.06592788
AIT-2025-08-004,SBUX,0.00321339,0.00782777,0.01901461,-0.05372815
AIT-2025-08-004,SHOP,0.17699163,0.14926938,0.12186461,0.04859966
AIT-2025-08-004,SNPS,-0.02232387,-0.03432030,-0.05191500,-0.08797022
AIT-2025-08-004,STX,-0.03555028,-0.03132847,-0.00886947,0.12500460
AIT-2025-08-004,TER,-0.01152026,-0.01325566,0.03419211,0.10323086
AIT-2025-08-004,TMUS,0.01348453,0.01879463,0.03717101,0.03753806
AIT-2025-08-004,TRI,-0.09545988,-0.10872733,-0.17476243,-0.13573161
AIT-2025-08-004,TSLA,0.02375424,0.02658421,0.02199584,-0.02328025
AIT-2025-08-004,TSM,0.03289071,0.01820734,-0.00230868,-0.04885013
AIT-2025-08-004,TTWO,-0.00565300,-0.05274964,0.01799308,0.00415888
AIT-2025-08-004,TXN,-0.00640271,-0.00999622,0.00702042,-0.02984197
AIT-2025-08-004,UMC,-0.02547722,-0.02240117,-0.01479608,-0.00823851
AIT-2025-08-004,VRTX,0.00017300,-0.02707967,0.04683389,0.05218334
AIT-2025-08-004,WBD,-0.08403658,-0.18011039,-0.10567734,-0.17595650
AIT-2025-08-004,WDAY,-0.02302278,-0.02540468,-0.03009670,0.00727638
AIT-2025-08-004,WDC,-0.03170090,-0.03837307,-0.04686503,0.10252027
AIT-2025-08-004,WMT,0.03254509,0.03265932,-0.00385310,-0.01611034
AIT-2025-08-004,XEL,-0.00982932,-0.01094130,-0.02144268,-0.04347641
AIT-2025-08-005,AAPL,0.02861476,0.02720249,0.03700713,0.06786303
AIT-2025-08-005,ABNB,-0.02117575,-0.00652169,0.02126647,0.01143094
AIT-2025-08-005,ADBE,-0.01507971,-0.00862220,0.04412456,0.07681400
AIT-2025-08-005,ADI,-0.00383536,0.01561968,0.01399505,0.08663819
AIT-2025-08-005,ADP,-0.00277772,-0.02267887,-0.01613134,-0.03254837
AIT-2025-08-005,ADSK,-0.03394632,-0.04954882,-0.03692879,0.09304101
AIT-2025-08-005,AEP,-0.00835965,-0.00914542,-0.01087966,-0.05988849
AIT-2025-08-005,ALAB,0.02947011,0.07142050,0.02610863,0.12238851
AIT-2025-08-005,ALNY,-0.00671746,-0.02989729,0.01189092,0.01493719
AIT-2025-08-005,AMAT,-0.00126772,0.00507384,-0.13719199,-0.13797883
AIT-2025-08-005,AMD,-0.01081023,-0.01507383,0.00040753,-0.16250073
AIT-2025-08-005,AMGN,-0.00064868,-0.00543772,0.03445214,-0.01433977
AIT-2025-08-005,AMZN,-0.01682671,-0.03041634,0.00923880,0.01294495
AIT-2025-08-005,APP,0.03971116,0.01341860,-0.06661652,0.06543635
AIT-2025-08-005,ARM,0.02774809,0.01412323,-0.01233217,-0.02107389
AIT-2025-08-005,ASML,0.00441116,0.01944957,0.01921172,0.08339368
AIT-2025-08-005,ASX,0.00243729,-0.00001995,-0.03099277,0.12445507
AIT-2025-08-005,AVGO,-0.01430914,-0.00608700,-0.03555756,0.04354018
AIT-2025-08-005,AXON,-0.07295815,-0.14931744,-0.17699299,-0.24015703
AIT-2025-08-005,BKNG,-0.02021630,-0.01318457,-0.01891334,-0.02017891
AIT-2025-08-005,BKR,-0.01362499,-0.03098222,-0.02764661,0.01685230
AIT-2025-08-005,CCEP,0.00945775,-0.00845053,-0.04029766,-0.06972887
AIT-2025-08-005,CDNS,-0.02399928,-0.02590854,-0.04012414,-0.03026670
AIT-2025-08-005,CEG,-0.02555802,-0.02213504,-0.07515547,-0.17314747
AIT-2025-08-005,CMCSA,-0.01017131,0.00569846,0.04942487,0.07482641
AIT-2025-08-005,COST,0.00809735,0.00465162,-0.01579158,-0.02143326
AIT-2025-08-005,CPRT,0.01074849,0.01557972,0.01557742,0.06203089
AIT-2025-08-005,CRDO,-0.03699744,-0.01342915,-0.10428778,0.03830876
AIT-2025-08-005,CRWD,-0.00902440,-0.00516564,-0.03020865,-0.06578187
AIT-2025-08-005,CSCO,0.00496299,0.00511251,-0.07218262,-0.07965767
AIT-2025-08-005,CSX,-0.00427056,0.00482945,0.01879406,-0.08980563
AIT-2025-08-005,CTAS,-0.00162744,-0.01138961,-0.04045547,-0.11073794
AIT-2025-08-005,DASH,-0.06726291,-0.05121695,-0.12149839,-0.15174505
AIT-2025-08-005,DDOG,-0.06402468,-0.07672431,-0.09186501,-0.03332481
AIT-2025-08-005,DXCM,0.01178024,0.02997259,0.03593827,-0.01662003
AIT-2025-08-005,EA,0.07802117,0.08445979,0.06501303,0.02066907
AIT-2025-08-005,ENTG,-0.02936830,0.00346402,0.02109014,0.08803490
AIT-2025-08-005,EXC,-0.01054896,-0.01323587,-0.01536278,-0.05864124
AIT-2025-08-005,FANG,-0.03397951,-0.03305268,-0.01017800,-0.01585596
AIT-2025-08-005,FAST,0.00193583,0.00655301,0.01222485,-0.01876111
AIT-2025-08-005,FER,-0.00242698,0.00666732,0.02329221,0.02303126
AIT-2025-08-005,FTNT,-0.01834169,0.02046562,0.02520935,0.02048593
AIT-2025-08-005,GEHC,0.02209124,0.02997283,0.01894442,0.09215010
AIT-2025-08-005,GILD,0.08638868,0.07686872,0.05824062,0.01235061
AIT-2025-08-005,GOOG,0.01560078,0.01726763,0.01866490,0.14356657
AIT-2025-08-005,GOOGL,0.01629887,0.01702985,0.01745890,0.14664722
AIT-2025-08-005,HON,-0.00561097,-0.01159319,-0.00874530,-0.02757797
AIT-2025-08-005,IDXX,-0.00284616,-0.01242113,-0.01689259,-0.02821693
AIT-2025-08-005,INTC,0.03521653,0.07517008,0.19510897,0.18567859
AIT-2025-08-005,INTU,-0.08132068,-0.08198361,-0.08137583,-0.16711614
AIT-2025-08-005,ISRG,-0.00259023,-0.00243363,0.00119580,-0.02461354
AIT-2025-08-005,KDP,0.02069087,0.02427333,0.02438400,-0.19042036
AIT-2025-08-005,KHC,-0.00772140,-0.01284753,0.00169986,0.00418929
AIT-2025-08-005,KLAC,-0.01295264,-0.00265038,-0.07026532,-0.05468051
AIT-2025-08-005,LIN,-0.00083793,-0.00112585,0.01373408,0.00630574
AIT-2025-08-005,LITE,0.01899690,0.03360951,-0.00541741,0.21047981
AIT-2025-08-005,LRCX,0.01675653,0.02949708,-0.02867517,0.00006409
AIT-2025-08-005,MAR,-0.01604837,-0.00027747,0.00004563,0.00884975
AIT-2025-08-005,MCHP,-0.09140164,-0.05501430,-0.03643752,-0.03947991
AIT-2025-08-005,MDLZ,-0.01413276,-0.01798167,-0.00679421,-0.00965109
AIT-2025-08-005,MELI,-0.02405090,-0.00739151,0.00759872,-0.02624760
AIT-2025-08-005,META,-0.00389056,0.01230896,0.00292633,-0.05966026
AIT-2025-08-005,MNST,0.04498743,0.04624353,0.05409461,0.02005377
AIT-2025-08-005,MPWR,-0.01046885,0.02094423,0.00698335,0.05878990
AIT-2025-08-005,MRVL,0.00695684,-0.01013098,-0.03060960,-0.15686060
AIT-2025-08-005,MSFT,-0.00489874,-0.00107644,-0.02125489,-0.07987534
AIT-2025-08-005,MSTR,-0.02571238,-0.06769066,-0.15648614,-0.33973659
AIT-2025-08-005,MTSI,-0.08597587,-0.04524131,-0.06760828,-0.03073295
AIT-2025-08-005,MU,0.09217290,0.10328684,0.04765660,0.12446805
AIT-2025-08-005,NBIS,0.04744603,0.08762217,0.01869006,-0.20241477
AIT-2025-08-005,NFLX,0.02189157,0.01562533,0.01873657,-0.01989077
AIT-2025-08-005,NVDA,-0.00497285,-0.01927353,-0.03838583,-0.13236472
AIT-2025-08-005,NXPI,-0.01224482,0.04272757,0.08278488,0.06560909
AIT-2025-08-005,ODFL,-0.01992323,0.01251025,0.02858047,0.04488258
AIT-2025-08-005,ON,-0.01906268,0.02336435,0.04692573,0.00786521
AIT-2025-08-005,ORLY,-0.00198151,-0.02209927,-0.02836845,0.00361698
AIT-2025-08-005,PANW,-0.00621197,0.02436713,0.03323531,0.13406918
AIT-2025-08-005,PAYX,-0.01729276,-0.05012064,-0.02662328,-0.05192820
AIT-2025-08-005,PCAR,-0.00027621,0.00939931,0.00582194,0.00691607
AIT-2025-08-005,PDD,-0.01298949,0.01092995,0.03324637,0.08470762
AIT-2025-08-005,PEP,0.00701512,0.01934678,0.04554281,0.00746035
AIT-2025-08-005,PLTR,-0.02231148,-0.02730045,-0.10362687,-0.34443506
AIT-2025-08-005,PYPL,-0.02222259,-0.02070982,-0.00077380,-0.01160020
AIT-2025-08-005,QCOM,0.00758237,0.03232515,0.05977188,0.08162327
AIT-2025-08-005,REGN,-0.02259159,-0.00748516,0.04307486,0.04745905
AIT-2025-08-005,RKLB,-0.01146142,-0.07918869,-0.08681051,-0.13365161
AIT-2025-08-005,ROP,-0.02049082,-0.04238116,-0.02281607,-0.03445632
AIT-2025-08-005,ROST,0.00664975,0.01068470,0.00480768,0.04007483
AIT-2025-08-005,SBUX,0.00261574,0.01000614,-0.01371279,-0.09054854
AIT-2025-08-005,SHOP,-0.03908411,-0.05048704,-0.11077937,-0.11808108
AIT-2025-08-005,SNPS,-0.01580293,-0.01490522,-0.03096051,-0.06474239
AIT-2025-08-005,STX,0.01365150,0.02384866,0.01082243,0.18672039
AIT-2025-08-005,TER,-0.02222756,0.02811843,0.01299830,0.11578729
AIT-2025-08-005,TMUS,0.02159368,0.03126774,0.03922335,-0.01136185
AIT-2025-08-005,TRI,-0.04207836,-0.07333209,-0.07033328,-0.07027396
AIT-2025-08-005,TSLA,0.03406767,0.01288937,-0.02602438,-0.02360926
AIT-2025-08-005,TSM,-0.01198230,-0.01824341,-0.04502700,-0.03417572
AIT-2025-08-005,TTWO,-0.02327362,0.01263518,0.00482195,0.04194258
AIT-2025-08-005,TXN,-0.01812326,0.01868635,0.02746683,-0.01760895
AIT-2025-08-005,UMC,0.00337844,0.00852632,0.01862857,0.01850598
AIT-2025-08-005,VRTX,-0.00477960,0.02629642,0.03951330,0.04531698
AIT-2025-08-005,WBD,-0.10669707,-0.08658319,-0.03804260,-0.04297612
AIT-2025-08-005,WDAY,-0.03801921,-0.04412546,0.00873012,0.03138397
AIT-2025-08-005,WDC,-0.00893114,-0.01022888,-0.02664123,0.16572490
AIT-2025-08-005,WMT,0.00276353,-0.00780671,-0.04337688,-0.03432704
AIT-2025-08-005,XEL,-0.01026084,-0.01730665,-0.02611604,-0.04122209
AIT-2025-08-006,AAPL,-0.00171411,0.00345241,0.01862753,0.08853150
AIT-2025-08-006,ABNB,0.00128048,-0.01325020,0.01746912,-0.05745522
AIT-2025-08-006,ADBE,0.02182835,-0.00273647,0.00873757,0.02952336
AIT-2025-08-006,ADI,0.01484437,0.01357596,-0.00095294,-0.05733007
AIT-2025-08-006,ADP,-0.01008724,-0.01388688,-0.01168145,-0.06189706
AIT-2025-08-006,ADSK,-0.01261888,-0.02667552,0.08592217,0.08366883
AIT-2025-08-006,AEP,-0.00330419,-0.00775868,-0.02515993,-0.07702963
AIT-2025-08-006,ALAB,-0.05484339,-0.04448964,-0.03697429,0.08198430
AIT-2025-08-006,ALNY,-0.06723644,-0.05657347,-0.07287385,-0.11096924
AIT-2025-08-006,AMAT,-0.00158994,0.00836030,-0.01203215,0.17071476
AIT-2025-08-006,AMD,-0.02185884,-0.00966843,-0.03271196,-0.11312123
AIT-2025-08-006,AMGN,-0.02028102,-0.01767894,-0.02253205,-0.03475390
AIT-2025-08-006,AMZN,0.01228818,0.00994854,0.01085032,-0.04372402
AIT-2025-08-006,APP,0.04056366,0.06758111,0.07378343,0.22347204
AIT-2025-08-006,ARM,0.01213379,0.02211933,0.01235949,0.00189505
AIT-2025-08-006,ASML,0.01290246,0.01958861,-0.00607431,0.21458925
AIT-2025-08-006,ASX,0.01186791,0.02276804,0.01089098,0.14055239
AIT-2025-08-006,AVGO,-0.00854439,-0.00566326,-0.01396951,0.02699851
AIT-2025-08-006,AXON,-0.01981346,-0.02105242,-0.05937064,-0.11676603
AIT-2025-08-006,BKNG,-0.01313498,-0.01749427,-0.03832431,-0.10677306
AIT-2025-08-006,BKR,0.00886633,0.00397207,0.02396112,0.02505332
AIT-2025-08-006,CCEP,-0.02172695,-0.02791898,-0.03564808,-0.06191449
AIT-2025-08-006,CDNS,-0.02264498,-0.03223379,-0.01535782,-0.00380965
AIT-2025-08-006,CEG,-0.02625073,-0.01536185,-0.04593796,-0.00029456
AIT-2025-08-006,CMCSA,0.00809552,-0.00284851,0.01043101,-0.06591695
AIT-2025-08-006,COST,-0.03578703,-0.03864019,-0.03735204,-0.06110758
AIT-2025-08-006,CPRT,0.00957746,0.01298711,0.01874699,-0.06385277
AIT-2025-08-006,CRDO,-0.00096163,0.02226683,0.03317622,0.14263986
AIT-2025-08-006,CRWD,-0.00839129,-0.01933131,-0.00733509,0.07424677
AIT-2025-08-006,CSCO,-0.00941289,0.00472048,0.01262276,-0.05022326
AIT-2025-08-006,CSX,-0.09557908,-0.11102037,-0.10418454,-0.11110674
AIT-2025-08-006,CTAS,-0.02747824,-0.02515492,-0.03926988,-0.10172276
AIT-2025-08-006,DASH,-0.01844673,-0.01189145,-0.03253385,-0.04300255
AIT-2025-08-006,DDOG,-0.01958116,-0.04104412,0.04173505,0.01000894
AIT-2025-08-006,DXCM,-0.06738587,-0.06956057,-0.07985217,-0.18764086
AIT-2025-08-006,EA,0.00257360,-0.00232846,-0.00426445,-0.01403570
AIT-2025-08-006,ENTG,0.03926149,0.01997132,0.00596904,0.10830221
AIT-2025-08-006,EXC,-0.00262443,-0.00755423,-0.02694097,-0.04647050
AIT-2025-08-006,FANG,0.04183550,0.02918829,0.06646855,-0.02258504
AIT-2025-08-006,FAST,0.01409252,0.00432815,-0.00372108,-0.09042160
AIT-2025-08-006,FER,-0.01604304,-0.01960522,-0.01946203,0.00709028
AIT-2025-08-006,FTNT,-0.01485461,-0.02035015,-0.00769758,0.01811738
AIT-2025-08-006,GEHC,0.00999383,-0.00013227,-0.00007156,-0.00204022
AIT-2025-08-006,GILD,-0.02404575,-0.02169186,-0.04079562,-0.06957759
AIT-2025-08-006,GOOG,0.03086498,0.02069109,0.04684652,0.18286695
AIT-2025-08-006,GOOGL,0.03196766,0.02106788,0.04812282,0.18530378
AIT-2025-08-006,HON,0.00604829,0.01146701,-0.00259253,-0.08133514
AIT-2025-08-006,IDXX,-0.00063320,-0.00571894,-0.00179039,-0.06386286
AIT-2025-08-006,INTC,0.03015121,0.01638928,0.01900918,0.16595505
AIT-2025-08-006,INTU,-0.07111789,-0.07206394,-0.06325420,-0.05827697
AIT-2025-08-006,ISRG,-0.01458889,-0.00643051,-0.00542344,-0.09459036
AIT-2025-08-006,KDP,-0.11921070,-0.18934456,-0.18442520,-0.30593975
AIT-2025-08-006,KHC,0.00597155,0.00609648,0.03369143,-0.01686695
AIT-2025-08-006,KLAC,-0.01038704,-0.00796574,-0.02804792,0.11425475
AIT-2025-08-006,LIN,-0.01231051,-0.00616663,-0.01279285,-0.02875811
AIT-2025-08-006,LITE,0.02100302,0.01890329,0.07873683,0.18667650
AIT-2025-08-006,LRCX,0.00881618,0.02416403,-0.01099864,0.20079533
AIT-2025-08-006,MAR,0.01378189,0.00682477,0.00852014,-0.03718183
AIT-2025-08-006,MCHP,0.02383545,0.00254158,-0.03315704,-0.08537269
AIT-2025-08-006,MDLZ,-0.01564158,-0.01417409,-0.02262757,0.01384774
AIT-2025-08-006,MELI,0.02095848,0.01626969,0.04247882,0.00320589
AIT-2025-08-006,META,0.00239278,-0.00320159,-0.02615031,-0.05261479
AIT-2025-08-006,MNST,-0.03763858,-0.04272526,-0.03952483,-0.03559912
AIT-2025-08-006,MPWR,-0.00113736,0.00588125,-0.00769039,0.02941489
AIT-2025-08-006,MRVL,0.00044567,0.00940259,-0.13422717,-0.01943398
AIT-2025-08-006,MSFT,-0.01133512,-0.02024871,-0.01273772,-0.03970449
AIT-2025-08-006,MSTR,-0.01001962,0.00193285,-0.05514369,-0.16663432
AIT-2025-08-006,MTSI,0.00504366,0.01024836,0.00955253,-0.04801595
AIT-2025-08-006,MU,-0.01640570,-0.02409432,-0.00097559,0.26181107
AIT-2025-08-006,NBIS,0.01948362,0.01017864,-0.03652311,0.33435830
AIT-2025-08-006,NFLX,-0.00392251,-0.00308302,-0.02355216,-0.06854565
AIT-2025-08-006,NVDA,0.00564057,0.00802366,-0.03619971,-0.05886594
AIT-2025-08-006,NXPI,0.04063123,0.03975472,0.03185154,-0.04240716
AIT-2025-08-006,ODFL,0.03070498,0.02137973,0.00478359,-0.08767285
AIT-2025-08-006,ON,0.03009457,0.02585222,0.00676129,0.02080922
AIT-2025-08-006,ORLY,-0.00973393,-0.00539857,-0.00502242,-0.03838764
AIT-2025-08-006,PANW,-0.00468529,-0.01066681,0.02525707,0.08191105
AIT-2025-08-006,PAYX,-0.00575320,-0.01158406,-0.00064111,-0.08710733
AIT-2025-08-006,PCAR,0.02249605,0.01684301,0.01597869,-0.03465084
AIT-2025-08-006,PDD,0.03631974,0.00050604,-0.02876738,0.02224003
AIT-2025-08-006,PEP,-0.00602671,-0.01426738,-0.00076013,-0.03900015
AIT-2025-08-006,PLTR,-0.03051410,-0.02287229,-0.07068497,-0.11591894
AIT-2025-08-006,PYPL,0.01791776,0.02408320,0.02752685,-0.03461970
AIT-2025-08-006,QCOM,0.00237728,0.01536647,0.02884189,0.05773624
AIT-2025-08-006,REGN,-0.04545943,-0.01888901,-0.02254227,0.02095077
AIT-2025-08-006,RKLB,0.09259326,0.09473334,0.08292545,-0.06316915
AIT-2025-08-006,ROP,-0.00004027,-0.01350590,-0.00881438,-0.05922097
AIT-2025-08-006,ROST,0.00523318,0.00839222,0.00061389,-0.03731633
AIT-2025-08-006,SBUX,-0.04073359,-0.03468236,-0.01441152,-0.07203124
AIT-2025-08-006,SHOP,-0.00065666,-0.01029505,-0.01615270,-0.02997281
AIT-2025-08-006,SNPS,-0.01699777,-0.02459090,-0.01267086,-0.12193097
AIT-2025-08-006,STX,0.04228711,0.04269694,0.05150448,0.29932710
AIT-2025-08-006,TER,0.05304113,0.05976663,0.05887294,0.15239666
AIT-2025-08-006,TMUS,-0.02947842,-0.03347200,-0.02791645,-0.10474683
AIT-2025-08-006,TRI,-0.00192029,-0.01300949,0.00050756,-0.10288251
AIT-2025-08-006,TSLA,0.05472349,0.05890700,0.00554075,0.17995420
AIT-2025-08-006,TSM,0.02003465,0.02707330,-0.00723811,0.10751043
AIT-2025-08-006,TTWO,0.00723231,-0.00134872,0.00469589,0.03558166
AIT-2025-08-006,TXN,0.01330996,0.00862931,-0.00565978,-0.15887815
AIT-2025-08-006,UMC,-0.02021290,-0.01138775,-0.03477342,0.03826987
AIT-2025-08-006,VRTX,-0.02461535,-0.03007126,-0.01691880,-0.03761795
AIT-2025-08-006,WBD,0.01563808,-0.01369956,-0.03276706,0.44640990
AIT-2025-08-006,WDAY,-0.02817269,-0.03415891,0.00315776,0.02864335
AIT-2025-08-006,WDC,0.03970826,0.03771008,0.04162668,0.30524519
AIT-2025-08-006,WMT,-0.02864762,-0.03263872,-0.02595886,-0.00567703
AIT-2025-08-006,XEL,-0.00565347,-0.01414883,-0.01881374,-0.03235515
AIT-2025-08-007,AAPL,0.00787396,0.01404178,0.04077729,0.09926090
AIT-2025-08-007,ABNB,0.02317040,0.03273859,-0.01133534,-0.04111864
AIT-2025-08-007,ADBE,-0.00330716,0.01218227,-0.02140682,0.02807547
AIT-2025-08-007,ADI,-0.01299182,-0.01462891,-0.03915357,-0.04801629
AIT-2025-08-007,ADP,-0.00136477,0.00216092,-0.01097060,-0.05632006
AIT-2025-08-007,ADSK,0.01678700,0.11396473,0.12614018,0.11996444
AIT-2025-08-007,AEP,-0.00954365,-0.01712907,-0.04165373,-0.06281185
AIT-2025-08-007,ALAB,0.03492682,0.00707215,0.01050946,-0.02126209
AIT-2025-08-007,ALNY,-0.00781916,-0.01687033,-0.01428645,-0.07051185
AIT-2025-08-007,AMAT,-0.00297238,-0.02069594,-0.04401562,0.17755160
AIT-2025-08-007,AMD,0.00027537,-0.02411498,-0.04205067,-0.07666077
AIT-2025-08-007,AMGN,-0.01512474,-0.00462343,-0.03231386,-0.06127333
AIT-2025-08-007,AMZN,0.00513694,0.00169673,0.02332666,-0.07313588
AIT-2025-08-007,APP,0.00611304,0.00296073,0.01460761,0.14246526
AIT-2025-08-007,ARM,0.00491188,-0.01137002,-0.04255731,-0.02458428
AIT-2025-08-007,ASML,-0.00655578,-0.02618938,-0.01860427,0.20036156
AIT-2025-08-007,ASX,-0.01431389,-0.01217175,0.02024377,0.11304917
AIT-2025-08-007,AVGO,0.01998028,-0.00853022,0.00143086,0.03923923
AIT-2025-08-007,AXON,0.00349104,-0.03737562,-0.07742018,-0.16449296
AIT-2025-08-007,BKNG,-0.01521724,-0.01882867,-0.02749244,-0.04429704
AIT-2025-08-007,BKR,0.01791952,0.02109828,0.03368615,0.09229197
AIT-2025-08-007,CCEP,-0.00890113,-0.00829529,-0.02967172,-0.02788210
AIT-2025-08-007,CDNS,0.02126676,0.01779447,0.00551656,-0.01031247
AIT-2025-08-007,CEG,-0.00357516,-0.03183759,-0.04394861,-0.03716628
AIT-2025-08-007,CMCSA,-0.00368037,0.01406533,0.01446284,-0.04088736
AIT-2025-08-007,COST,0.00008420,0.00130727,0.01024447,-0.01604702
AIT-2025-08-007,CPRT,0.00009255,0.00618062,0.02904687,-0.07359449
AIT-2025-08-007,CRDO,0.06853996,0.01168545,0.06464179,0.02207050
AIT-2025-08-007,CRWD,0.04648933,0.01297601,-0.02708040,0.07505578
AIT-2025-08-007,CSCO,0.00845647,0.00795685,-0.01594437,-0.04416875
AIT-2025-08-007,CSX,0.00340471,0.00738712,0.00746679,0.03071095
AIT-2025-08-007,CTAS,-0.02605292,-0.01385600,-0.03351766,-0.06899671
AIT-2025-08-007,DASH,-0.01744351,-0.01986212,-0.01971863,-0.01727366
AIT-2025-08-007,DDOG,0.10629087,0.08386194,0.04057424,0.06285186
AIT-2025-08-007,DXCM,-0.01992018,-0.01069331,0.05390032,-0.12536736
AIT-2025-08-007,EA,-0.00948009,-0.00264895,-0.02981621,-0.04337911
AIT-2025-08-007,ENTG,-0.02804112,-0.01405682,-0.06936111,0.08327938
AIT-2025-08-007,EXC,-0.01711179,-0.02011203,-0.03127988,-0.03762655
AIT-2025-08-007,FANG,0.03257510,0.03885765,-0.00321331,0.02780475
AIT-2025-08-007,FAST,-0.00121452,-0.00825216,-0.00265855,-0.07384128
AIT-2025-08-007,FER,0.00256117,-0.00019764,-0.00513466,-0.02021255
AIT-2025-08-007,FTNT,0.01544340,0.01676673,-0.01850518,0.05934962
AIT-2025-08-007,GEHC,-0.00903328,-0.00019392,0.00262456,-0.02762188
AIT-2025-08-007,GILD,-0.02472662,-0.02008094,-0.02917130,-0.06651641
AIT-2025-08-007,GOOG,0.01463443,0.02564414,0.10779031,0.14592072
AIT-2025-08-007,GOOGL,0.01502511,0.02654416,0.11004985,0.14611222
AIT-2025-08-007,HON,-0.00981632,-0.01329737,-0.03776800,-0.08389308
AIT-2025-08-007,IDXX,-0.00137244,0.00221283,-0.02023129,-0.10094028
AIT-2025-08-007,INTC,0.01676351,0.00313341,0.00713871,0.34815755
AIT-2025-08-007,INTU,0.00699957,0.01062661,0.00575942,0.02309528
AIT-2025-08-007,ISRG,-0.00599919,0.00133343,-0.04160909,-0.08106980
AIT-2025-08-007,KDP,0.01021098,0.00428613,0.00744350,-0.12607011
AIT-2025-08-007,KHC,-0.00195916,0.02742994,-0.00531180,-0.03866661
AIT-2025-08-007,KLAC,-0.00427571,-0.02058645,-0.03077782,0.12578448
AIT-2025-08-007,LIN,-0.00275986,-0.00689485,-0.01945850,-0.02328458
AIT-2025-08-007,LITE,0.06885337,0.05966570,0.10583407,0.15752761
AIT-2025-08-007,LRCX,-0.00746348,-0.03599641,-0.04619728,0.16248693
AIT-2025-08-007,MAR,0.00358218,0.00190810,0.00035952,-0.03857317
AIT-2025-08-007,MCHP,-0.04421501,-0.03393715,-0.05069306,-0.05266983
AIT-2025-08-007,MDLZ,-0.01220241,-0.00863699,-0.01680914,0.01531625
AIT-2025-08-007,MELI,0.02250827,0.02701110,-0.00054612,0.01327968
AIT-2025-08-007,META,-0.01383786,-0.02319362,-0.02132294,-0.05667957
AIT-2025-08-007,MNST,-0.00539180,0.00272881,0.01463185,0.01661513
AIT-2025-08-007,MPWR,-0.00221630,-0.01539287,-0.01259390,0.01072609
AIT-2025-08-007,MRVL,0.02818832,-0.14287237,-0.13393369,0.11710459
AIT-2025-08-007,MSFT,0.00823981,0.00700144,0.00139874,-0.02652979
AIT-2025-08-007,MSTR,-0.05509806,-0.05858377,-0.10207289,-0.26712790
AIT-2025-08-007,MTSI,0.03378163,0.00183198,0.02127853,-0.06186454
AIT-2025-08-007,MU,0.03412597,0.02143481,0.05104254,0.25395858
AIT-2025-08-007,NBIS,-0.00621744,-0.05085510,-0.13833966,0.32359833
AIT-2025-08-007,NFLX,-0.00503000,-0.02061620,0.00769890,-0.07688235
AIT-2025-08-007,NVDA,-0.02106166,-0.04417643,-0.07258597,-0.07674832
AIT-2025-08-007,NXPI,-0.00172943,-0.00778877,-0.05506311,-0.04951085
AIT-2025-08-007,ODFL,-0.03324430,-0.01540903,-0.02836199,-0.06882798
AIT-2025-08-007,ON,-0.00956263,-0.01938224,-0.05421742,-0.00793428
AIT-2025-08-007,ORLY,0.00343940,0.00052936,0.00764180,-0.02206654
AIT-2025-08-007,PANW,0.03155244,0.03686570,0.04176689,0.08741673
AIT-2025-08-007,PAYX,0.00161317,0.01103502,-0.00746527,-0.09446485
AIT-2025-08-007,PCAR,0.00061907,-0.00051222,-0.02132503,-0.05171158
AIT-2025-08-007,PDD,-0.01634978,-0.02873198,-0.00114212,0.05285517
AIT-2025-08-007,PEP,-0.00012310,0.01314951,0.00192826,-0.03004557
AIT-2025-08-007,PLTR,-0.04373026,-0.04822242,-0.08727678,-0.09217825
AIT-2025-08-007,PYPL,-0.00594464,0.00444496,-0.02383625,-0.04736236
AIT-2025-08-007,QCOM,0.00457531,0.01350793,0.00794210,0.06462732
AIT-2025-08-007,REGN,-0.01276986,-0.00488143,-0.02516960,-0.01868134
AIT-2025-08-007,RKLB,-0.03110894,-0.01089443,-0.16254957,-0.20509808
AIT-2025-08-007,ROP,0.00126312,0.00519726,0.00419314,-0.06103947
AIT-2025-08-007,ROST,0.00123556,-0.00740194,0.02673405,-0.00175700
AIT-2025-08-007,SBUX,0.01140654,0.02012915,0.00276263,-0.04013253
AIT-2025-08-007,SHOP,-0.01269287,-0.00463950,0.00163039,-0.08195155
AIT-2025-08-007,SNDK,0.05806453,0.09906980,0.27127420,0.64404680
AIT-2025-08-007,SNPS,0.01880401,0.01227666,0.00089791,-0.13016646
AIT-2025-08-007,STX,0.03173319,0.00885671,0.09137716,0.22632692
AIT-2025-08-007,TER,-0.01462225,-0.00102850,-0.00011926,0.09863404
AIT-2025-08-007,TMUS,-0.00564562,0.00516441,0.00205913,-0.06858380
AIT-2025-08-007,TRI,0.01523019,0.01397141,0.01726000,-0.11348510
AIT-2025-08-007,TSLA,-0.03196791,-0.05437882,-0.05837909,0.11851387
AIT-2025-08-007,TSM,-0.01118713,-0.03479933,-0.02664248,0.10907678
AIT-2025-08-007,TTWO,0.01117883,0.00655301,0.03012014,0.01852679
AIT-2025-08-007,TXN,-0.01497099,-0.01383618,-0.09605697,-0.13054381
AIT-2025-08-007,UMC,-0.01141820,-0.02287900,0.01819591,0.09023391
AIT-2025-08-007,VRTX,0.01224391,0.01370320,0.02976781,0.00257983
AIT-2025-08-007,WBD,0.01036520,-0.01498211,-0.01719191,0.51263877
AIT-2025-08-007,WDAY,0.02163474,0.03895823,0.03737336,0.08972511
AIT-2025-08-007,WDC,0.01668360,0.00387368,0.11201895,0.23672165
AIT-2025-08-007,WMT,-0.00507651,0.00705663,0.04028895,0.03719493
AIT-2025-08-007,XEL,-0.00529367,-0.00366533,-0.00898466,0.05587524
AIT-2025-09-004,AAPL,0.02060735,0.00822335,-0.00326332,0.01744016
AIT-2025-09-004,ABNB,-0.00224889,0.00711223,-0.01449774,0.04173248
AIT-2025-09-004,ADBE,-0.00983737,0.00472723,-0.04457627,0.01967585
AIT-2025-09-004,ADI,0.01476001,0.00579760,-0.04388617,-0.03811508
AIT-2025-09-004,ADP,0.00406959,0.01016996,0.00543289,-0.01645551
AIT-2025-09-004,ADSK,-0.00785558,-0.00478796,-0.03674110,-0.06246438
AIT-2025-09-004,AEP,-0.00340700,0.00747309,0.03778352,0.06773721
AIT-2025-09-004,ALAB,-0.12118484,-0.15301831,-0.20569056,-0.46188382
AIT-2025-09-004,ALNY,-0.00894581,-0.02453825,-0.01149875,-0.04505053
AIT-2025-09-004,AMAT,0.00740214,0.02139597,0.07681610,0.11163429
AIT-2025-09-004,AMD,0.01735754,-0.00473073,0.00473723,0.38655116
AIT-2025-09-004,AMGN,-0.05234974,-0.04810151,0.03903234,0.02989169
AIT-2025-09-004,AMZN,-0.00181846,-0.00194869,-0.01140175,-0.02304434
AIT-2025-09-004,APP,-0.00584508,0.02543368,0.04678982,-0.19623948
AIT-2025-09-004,ARM,0.01587046,-0.00355502,0.05201817,0.16926799
AIT-2025-09-004,ASML,-0.00481444,-0.01047178,0.02940532,0.03852958
AIT-2025-09-004,ASX,-0.01130818,-0.04489536,-0.06363414,0.04959593
AIT-2025-09-004,AVGO,-0.00201127,-0.02053216,-0.05248191,-0.07903435
AIT-2025-09-004,AXON,-0.07550320,-0.08708679,-0.09663391,-0.11713768
AIT-2025-09-004,BKNG,0.01968411,0.00906687,-0.03679898,-0.05650619
AIT-2025-09-004,BKR,0.03268258,0.03454366,-0.01982641,-0.03891417
AIT-2025-09-004,CCEP,0.00064844,-0.00060786,-0.00005429,0.01490618
AIT-2025-09-004,CDNS,-0.03273833,-0.04336516,-0.05238523,-0.11839243
AIT-2025-09-004,CEG,-0.01973007,-0.01486610,0.02591787,0.01536322
AIT-2025-09-004,CMCSA,0.00767411,0.00839695,-0.00852484,-0.03833482
AIT-2025-09-004,COST,0.00411735,-0.02771812,-0.03083716,0.00252648
AIT-2025-09-004,CPRT,-0.00065850,-0.00328904,-0.00029671,0.01975094
AIT-2025-09-004,CRDO,-0.10239074,-0.13802537,-0.17052849,-0.29636170
AIT-2025-09-004,CRWD,-0.01254359,-0.00442516,0.01615240,0.00969387
AIT-2025-09-004,CSCO,0.01065689,-0.00401557,0.00871074,0.03784086
AIT-2025-09-004,CSX,-0.00152836,0.00206335,0.02765502,0.06653159
AIT-2025-09-004,CTAS,0.01367779,0.02144747,0.01403171,-0.02486877
AIT-2025-09-004,DASH,-0.00654089,-0.01404824,-0.01127274,-0.08895277
AIT-2025-09-004,DDOG,0.00506316,0.01677437,0.10389566,0.13296904
AIT-2025-09-004,DXCM,0.01056992,-0.01293187,-0.03796150,0.03643641
AIT-2025-09-004,EA,-0.03070193,0.11609972,0.15551927,0.14911121
AIT-2025-09-004,ENTG,-0.01976688,-0.01782053,-0.02438473,-0.03344637
AIT-2025-09-004,EXC,-0.01178790,-0.00554206,0.01388287,0.06776825
AIT-2025-09-004,FANG,0.03757159,0.04901387,0.00962252,0.02515588
AIT-2025-09-004,FAST,0.00106155,0.01431123,-0.01433633,-0.13363929
AIT-2025-09-004,FER,-0.02512835,-0.01615685,0.00791912,0.06259151
AIT-2025-09-004,FTNT,-0.01262550,-0.00510495,-0.00359777,0.00871309
AIT-2025-09-004,GEHC,-0.03068123,-0.02379134,0.00731497,0.02809807
AIT-2025-09-004,GILD,-0.02934929,-0.02271907,-0.03847602,0.03455910
AIT-2025-09-004,GOOG,-0.01779037,-0.02237832,-0.04290066,-0.03257424
AIT-2025-09-004,GOOGL,-0.01833696,-0.02240654,-0.04312735,-0.03411248
AIT-2025-09-004,HON,-0.00041326,-0.00204689,0.00123509,-0.00559783
AIT-2025-09-004,IDXX,-0.04382853,-0.02861566,-0.06313961,-0.07119615
AIT-2025-09-004,INTC,0.16397721,0.19995835,0.20065736,0.23144680
AIT-2025-09-004,INTU,-0.00235344,0.00042242,-0.03592568,-0.04657525
AIT-2025-09-004,ISRG,-0.00950420,-0.00867383,-0.02431082,0.18948252
AIT-2025-09-004,KDP,-0.02550946,-0.02670233,-0.02255028,0.05717802
AIT-2025-09-004,KHC,-0.02439043,-0.01617008,-0.00823665,-0.02229918
AIT-2025-09-004,KLAC,-0.00150718,-0.00684369,0.03382819,0.01197567
AIT-2025-09-004,LIN,-0.00798258,-0.01019614,-0.03234151,-0.06805690
AIT-2025-09-004,LITE,-0.01514743,-0.02017257,0.01529036,-0.09696825
AIT-2025-09-004,LRCX,-0.01563886,-0.02515529,0.06345666,0.04435065
AIT-2025-09-004,MAR,0.00642810,0.01349306,-0.00476986,0.04712877
AIT-2025-09-004,MCHP,0.02016725,0.00201976,-0.02237248,0.00200036
AIT-2025-09-004,MDLZ,-0.01841076,-0.00614895,-0.00177342,-0.01813586
AIT-2025-09-004,MELI,0.00401757,-0.01103616,-0.14247196,-0.18545299
AIT-2025-09-004,META,0.00059141,-0.01507633,-0.06725500,-0.05553151
AIT-2025-09-004,MNST,0.00349268,0.01227439,0.03835962,0.06402175
AIT-2025-09-004,MPWR,-0.01150628,-0.03015153,-0.02336224,0.05156884
AIT-2025-09-004,MRVL,0.14210300,0.12295567,0.11426649,0.11924301
AIT-2025-09-004,MSFT,0.00175399,0.00490396,0.01063794,0.00628997
AIT-2025-09-004,MSTR,-0.06567570,-0.04973969,0.02378477,-0.14140915
AIT-2025-09-004,MTSI,-0.02388255,0.01137845,-0.02466976,0.06586156
AIT-2025-09-004,MU,-0.04511895,-0.05526770,0.07219253,0.14903242
AIT-2025-09-004,NBIS,0.01077086,-0.01142538,0.01800910,-0.20982428
AIT-2025-09-004,NFLX,-0.00433484,-0.00897060,-0.05537241,-0.11795980
AIT-2025-09-004,NVDA,0.00893101,0.00060521,0.03048765,-0.01291860
AIT-2025-09-004,NXPI,0.02005223,0.00720683,-0.01346743,-0.03247340
AIT-2025-09-004,ODFL,0.02128796,0.00401911,0.00454947,0.05534826
AIT-2025-09-004,ON,0.00677632,0.00624597,-0.04181188,0.08145248
AIT-2025-09-004,ORLY,0.00731000,0.01936362,0.00976351,-0.05174267
AIT-2025-09-004,PANW,0.00440889,-0.00110782,0.01002291,0.04354686
AIT-2025-09-004,PAYX,-0.01460463,-0.00565600,-0.04336773,-0.01495903
AIT-2025-09-004,PCAR,-0.01400347,0.03374714,0.00026602,0.03759970
AIT-2025-09-004,PDD,0.02180476,0.00900572,0.03221059,-0.01753874
AIT-2025-09-004,PEP,-0.01122991,-0.00816828,0.01059363,0.08760563
AIT-2025-09-004,PLTR,-0.01241402,-0.03692393,-0.02919315,-0.14237941
AIT-2025-09-004,PYPL,0.00427969,0.00726646,-0.00838585,0.04361242
AIT-2025-09-004,QCOM,0.01304043,0.00267576,-0.02580006,0.00233166
AIT-2025-09-004,REGN,-0.01322635,-0.00008207,0.06261174,0.06253831
AIT-2025-09-004,RKLB,-0.11333554,-0.13755177,-0.13433907,0.05589443
AIT-2025-09-004,ROP,-0.01140502,-0.00576917,-0.01286020,0.02180368
AIT-2025-09-004,ROST,0.03191673,0.04213506,0.04739177,0.07317857
AIT-2025-09-004,SBUX,-0.01127329,-0.02134289,-0.01578986,0.01809024
AIT-2025-09-004,SHOP,-0.02878067,-0.06442443,-0.02269955,0.05066849
AIT-2025-09-004,SNDK,-0.11189599,-0.09820775,0.10373382,0.25639585
AIT-2025-09-004,SNPS,0.00545182,-0.00082177,-0.01130265,-0.07791656
AIT-2025-09-004,STX,-0.03230678,-0.05357614,0.09905755,-0.11571452
AIT-2025-09-004,TER,-0.00027548,0.00839209,0.03417334,0.02813225
AIT-2025-09-004,TMUS,-0.00416648,-0.00793037,-0.02862770,-0.05347550
AIT-2025-09-004,TRI,-0.01477624,-0.02335275,-0.05689897,0.00779975
AIT-2025-09-004,TSLA,0.01412248,0.04189447,0.06368687,0.03215231
AIT-2025-09-004,TSM,-0.01252528,-0.03343320,0.00427604,-0.00011934
AIT-2025-09-004,TTWO,-0.02245113,0.01764212,0.00490094,-0.01379686
AIT-2025-09-004,TXN,0.01169021,0.01857777,-0.01525548,-0.05662911
AIT-2025-09-004,UMC,0.01682600,0.02415598,-0.00144405,-0.00333324
AIT-2025-09-004,VRTX,0.01082842,0.01918750,0.06470131,0.13157219
AIT-2025-09-004,WBD,0.02374055,-0.00045147,-0.02653487,0.03355466
AIT-2025-09-004,WDAY,0.01893288,0.03023963,-0.03671037,0.02104472
AIT-2025-09-004,WDC,-0.02021409,-0.03475165,0.15063794,0.04246824
AIT-2025-09-004,WMT,0.00962160,0.00652649,-0.01282235,0.03346724
AIT-2025-09-004,XEL,0.05998773,0.08467461,0.09474265,0.09818158
AIT-2025-09-001,AAPL,0.01235485,0.00532528,0.00705051,0.02179405
AIT-2025-09-001,ABNB,0.00556540,-0.00351837,-0.02329082,0.03296310
AIT-2025-09-001,ADBE,0.02345654,0.02052171,-0.00186077,0.03680333
AIT-2025-09-001,ADI,-0.00636259,-0.02211418,-0.04806163,-0.04757889
AIT-2025-09-001,ADP,0.00008642,0.00254581,-0.01107561,-0.03847709
AIT-2025-09-001,ADSK,-0.00317632,-0.00848900,-0.01967356,-0.05950948
AIT-2025-09-001,AEP,0.00090497,0.00584333,0.03636872,0.04890970
AIT-2025-09-001,ALAB,-0.04661642,-0.05156522,-0.02573480,-0.30289568
AIT-2025-09-001,ALNY,-0.03397798,-0.03757756,-0.02564697,-0.07139431
AIT-2025-09-001,AMAT,0.01271605,0.01447668,0.09410199,0.13018692
AIT-2025-09-001,AMD,-0.01104273,-0.00455666,0.03061991,0.38704229
AIT-2025-09-001,AMGN,-0.02278187,-0.02036725,0.06015444,0.04253358
AIT-2025-09-001,AMZN,-0.00359974,0.00348947,-0.00653669,-0.01763587
AIT-2025-09-001,APP,0.03611440,0.09080033,0.02427371,-0.15148680
AIT-2025-09-001,ARM,-0.03439838,-0.03890220,0.03060502,0.13049109
AIT-2025-09-001,ASML,0.00285082,0.01057887,0.06778045,0.06846358
AIT-2025-09-001,ASX,-0.03469440,-0.04252630,-0.05332758,0.08217582
AIT-2025-09-001,AVGO,-0.02312431,-0.05142078,-0.04562115,-0.08018754
AIT-2025-09-001,AXON,0.01340235,0.02004467,0.01609897,0.00465145
AIT-2025-09-001,BKNG,0.00295373,-0.01662598,-0.03024564,-0.09472139
AIT-2025-09-001,BKR,0.01177853,0.00920171,-0.04295378,-0.03423243
AIT-2025-09-001,CCEP,-0.00464966,-0.00539713,-0.02944904,-0.00402785
AIT-2025-09-001,CDNS,-0.02148311,-0.03008926,-0.04570129,-0.08335204
AIT-2025-09-001,CEG,-0.02652472,-0.02304078,0.02985898,0.03689935
AIT-2025-09-001,CMCSA,0.00535336,-0.00242798,-0.02845163,-0.04724988
AIT-2025-09-001,COST,-0.03131627,-0.03161167,-0.03547933,-0.00672542
AIT-2025-09-001,CPRT,-0.00902833,-0.01526670,-0.01643035,0.00778289
AIT-2025-09-001,CRDO,-0.05514923,-0.04526029,-0.05494007,-0.08806423
AIT-2025-09-001,CRWD,0.00779710,0.01747017,0.02000846,0.05810783
AIT-2025-09-001,CSCO,-0.00320022,0.00137571,0.00164126,0.02713020
AIT-2025-09-001,CSX,0.00639416,0.05872183,0.04822973,0.05655235
AIT-2025-09-001,CTAS,0.02151874,0.01875555,0.01052509,-0.03372185
AIT-2025-09-001,DASH,0.00191329,0.03482358,0.01034005,-0.07550195
AIT-2025-09-001,DDOG,0.01846204,0.06020827,0.09729312,0.14213785
AIT-2025-09-001,DXCM,-0.00620430,-0.01842525,-0.02640504,0.04380967
AIT-2025-09-001,EA,0.15411423,0.19822653,0.19040332,0.18682390
AIT-2025-09-001,ENTG,-0.00267466,-0.00234732,0.02065438,-0.00653543
AIT-2025-09-001,EXC,-0.00481325,-0.00159740,0.01163199,0.05629882
AIT-2025-09-001,FANG,0.02671978,-0.00664978,-0.01483541,0.03246321
AIT-2025-09-001,FAST,0.02230502,0.02329188,0.00184315,-0.12024240
AIT-2025-09-001,FER,-0.00702631,0.00276493,0.04081581,0.07948909
AIT-2025-09-001,FTNT,0.00962107,0.01128688,0.02405106,0.02140734
AIT-2025-09-001,GEHC,-0.02026986,-0.01449765,0.02717716,0.03845331
AIT-2025-09-001,GILD,-0.01652201,-0.01421577,-0.03951458,0.02992863
AIT-2025-09-001,GOOG,-0.00660945,-0.02227734,-0.02646846,-0.02158280
AIT-2025-09-001,GOOGL,-0.00651126,-0.02092501,-0.02702365,-0.02231353
AIT-2025-09-001,HON,-0.00182779,0.00168432,0.00485580,0.05762350
AIT-2025-09-001,IDXX,0.00316543,-0.00420377,-0.01237739,-0.03945415
AIT-2025-09-001,INTC,0.13074113,0.09752146,0.16631900,0.18141272
AIT-2025-09-001,INTU,0.00393416,-0.00377069,-0.02992861,-0.03757083
AIT-2025-09-001,ISRG,-0.00537805,-0.01201233,-0.00982712,0.23310660
AIT-2025-09-001,KDP,-0.01865387,-0.01184197,-0.00862155,0.07023646
AIT-2025-09-001,KHC,-0.02449599,-0.03811324,-0.02417136,-0.04032732
AIT-2025-09-001,KLAC,-0.00833616,-0.01417121,0.03834881,0.03930648
AIT-2025-09-001,LIN,-0.00004241,0.00262733,-0.01710049,-0.06088848
AIT-2025-09-001,LITE,0.04423003,0.04679241,0.06514044,0.01925255
AIT-2025-09-001,LRCX,-0.00415066,0.01132814,0.11066933,0.09808830
AIT-2025-09-001,MAR,0.00826437,0.01581161,0.00782223,0.02861457
AIT-2025-09-001,MCHP,-0.02361609,-0.03477171,-0.01957747,-0.03235943
AIT-2025-09-001,MDLZ,-0.01571304,-0.02752492,-0.03371088,-0.04538281
AIT-2025-09-001,MELI,-0.01974139,-0.00962823,-0.12135397,-0.17660293
AIT-2025-09-001,META,-0.02537779,-0.03048660,-0.06605569,-0.07210229
AIT-2025-09-001,MNST,0.00449705,0.02748395,0.03133931,0.05388503
AIT-2025-09-001,MPWR,-0.02886501,-0.03778509,-0.01002900,0.10896623
AIT-2025-09-001,MRVL,0.03997153,0.02586297,0.05770713,0.04367477
AIT-2025-09-001,MSFT,0.00072516,0.00389957,-0.00263131,-0.00344262
AIT-2025-09-001,MSTR,-0.04360609,0.00695718,0.06887760,-0.13392879
AIT-2025-09-001,MTSI,0.02227257,-0.02887469,-0.00225215,0.09589821
AIT-2025-09-001,MU,-0.03234252,0.00273826,0.10000809,0.19891478
AIT-2025-09-001,NBIS,-0.06729844,-0.05864099,0.03449225,-0.24491133
AIT-2025-09-001,NFLX,0.00148980,-0.00601244,-0.05474475,-0.11759664
AIT-2025-09-001,NVDA,0.00358505,0.01834180,0.03954577,-0.01096276
AIT-2025-09-001,NXPI,-0.00807387,-0.01217211,-0.01798100,-0.04223473
AIT-2025-09-001,ODFL,-0.01429093,0.00248416,-0.00312072,-0.00460286
AIT-2025-09-001,ON,-0.01293489,-0.02404129,-0.05368468,0.04592226
AIT-2025-09-001,ORLY,0.02243889,0.03421944,0.00452620,-0.08059579
AIT-2025-09-001,PANW,0.00762102,0.01255141,0.02993182,0.05872354
AIT-2025-09-001,PAYX,-0.00006995,0.00117383,-0.04274118,-0.02702729
AIT-2025-09-001,PCAR,0.03908280,0.03129423,0.01991382,0.03613847
AIT-2025-09-001,PDD,-0.01086549,-0.00882426,0.01627594,-0.01896002
AIT-2025-09-001,PEP,-0.01145523,-0.01352016,0.00142779,0.07191625
AIT-2025-09-001,PLTR,-0.02199383,-0.02463945,-0.00903396,-0.11203957
AIT-2025-09-001,PYPL,-0.00637483,0.02711938,0.01212660,0.04735522
AIT-2025-09-001,QCOM,-0.02575578,-0.05224179,-0.04103592,-0.02845492
AIT-2025-09-001,REGN,-0.01976351,-0.02556914,0.04364457,0.02407886
AIT-2025-09-001,RKLB,-0.06092639,-0.05488411,0.02903660,0.16255319
AIT-2025-09-001,ROP,-0.01176016,-0.00956912,-0.01958046,-0.04375882
AIT-2025-09-001,ROST,0.01387724,0.01453614,0.03804516,0.04497569
AIT-2025-09-001,SBUX,-0.00920969,0.01604373,0.02394949,0.02517229
AIT-2025-09-001,SHOP,-0.06272806,-0.00732192,-0.01263341,0.07089627
AIT-2025-09-001,SNDK,-0.03758797,0.12057062,0.18226371,0.43833009
AIT-2025-09-001,SNPS,0.04064229,0.02446541,-0.00705651,-0.03842736
AIT-2025-09-001,STX,-0.03591733,0.01052678,0.10289251,-0.06134772
AIT-2025-09-001,TER,0.01450592,0.00280179,0.06368354,0.07441428
AIT-2025-09-001,TMUS,-0.00430205,-0.00312656,-0.03873224,-0.08413975
AIT-2025-09-001,TRI,-0.00541334,-0.01225139,-0.04676463,0.02403506
AIT-2025-09-001,TSLA,-0.00550631,-0.00508700,-0.03724388,-0.00663644
AIT-2025-09-001,TSM,-0.02973401,-0.03505175,0.00436888,0.00177861
AIT-2025-09-001,TTWO,0.04563210,0.05759306,0.03697889,0.00575773
AIT-2025-09-001,TXN,0.00040908,-0.00988877,-0.02393693,-0.07487802
AIT-2025-09-001,UMC,0.00675550,0.01092685,-0.03630798,-0.00755308
AIT-2025-09-001,VRTX,0.02492299,0.04915001,0.08174092,0.12439800
AIT-2025-09-001,WBD,-0.01862875,-0.05734954,-0.05275597,0.04051515
AIT-2025-09-001,WDAY,0.02185581,0.02410988,-0.04539738,0.01235121
AIT-2025-09-001,WDC,-0.03263907,0.05258113,0.15292489,0.07296381
AIT-2025-09-001,WMT,0.00283503,-0.00010976,-0.01996517,0.02391873
AIT-2025-09-001,XEL,0.01696282,0.02580117,0.01764504,0.02474598
AIT-2025-09-005,AAPL,0.01235485,0.00532528,0.00705051,0.02179405
AIT-2025-09-005,ABNB,0.00556540,-0.00351837,-0.02329082,0.03296310
AIT-2025-09-005,ADBE,0.02345654,0.02052171,-0.00186077,0.03680333
AIT-2025-09-005,ADI,-0.00636259,-0.02211418,-0.04806163,-0.04757889
AIT-2025-09-005,ADP,0.00008642,0.00254581,-0.01107561,-0.03847709
AIT-2025-09-005,ADSK,-0.00317632,-0.00848900,-0.01967356,-0.05950948
AIT-2025-09-005,AEP,0.00090497,0.00584333,0.03636872,0.04890970
AIT-2025-09-005,ALAB,-0.04661642,-0.05156522,-0.02573480,-0.30289568
AIT-2025-09-005,ALNY,-0.03397798,-0.03757756,-0.02564697,-0.07139431
AIT-2025-09-005,AMAT,0.01271605,0.01447668,0.09410199,0.13018692
AIT-2025-09-005,AMD,-0.01104273,-0.00455666,0.03061991,0.38704229
AIT-2025-09-005,AMGN,-0.02278187,-0.02036725,0.06015444,0.04253358
AIT-2025-09-005,AMZN,-0.00359974,0.00348947,-0.00653669,-0.01763587
AIT-2025-09-005,APP,0.03611440,0.09080033,0.02427371,-0.15148680
AIT-2025-09-005,ARM,-0.03439838,-0.03890220,0.03060502,0.13049109
AIT-2025-09-005,ASML,0.00285082,0.01057887,0.06778045,0.06846358
AIT-2025-09-005,ASX,-0.03469440,-0.04252630,-0.05332758,0.08217582
AIT-2025-09-005,AVGO,-0.02312431,-0.05142078,-0.04562115,-0.08018754
AIT-2025-09-005,AXON,0.01340235,0.02004467,0.01609897,0.00465145
AIT-2025-09-005,BKNG,0.00295373,-0.01662598,-0.03024564,-0.09472139
AIT-2025-09-005,BKR,0.01177853,0.00920171,-0.04295378,-0.03423243
AIT-2025-09-005,CCEP,-0.00464966,-0.00539713,-0.02944904,-0.00402785
AIT-2025-09-005,CDNS,-0.02148311,-0.03008926,-0.04570129,-0.08335204
AIT-2025-09-005,CEG,-0.02652472,-0.02304078,0.02985898,0.03689935
AIT-2025-09-005,CMCSA,0.00535336,-0.00242798,-0.02845163,-0.04724988
AIT-2025-09-005,COST,-0.03131627,-0.03161167,-0.03547933,-0.00672542
AIT-2025-09-005,CPRT,-0.00902833,-0.01526670,-0.01643035,0.00778289
AIT-2025-09-005,CRDO,-0.05514923,-0.04526029,-0.05494007,-0.08806423
AIT-2025-09-005,CRWD,0.00779710,0.01747017,0.02000846,0.05810783
AIT-2025-09-005,CSCO,-0.00320022,0.00137571,0.00164126,0.02713020
AIT-2025-09-005,CSX,0.00639416,0.05872183,0.04822973,0.05655235
AIT-2025-09-005,CTAS,0.02151874,0.01875555,0.01052509,-0.03372185
AIT-2025-09-005,DASH,0.00191329,0.03482358,0.01034005,-0.07550195
AIT-2025-09-005,DDOG,0.01846204,0.06020827,0.09729312,0.14213785
AIT-2025-09-005,DXCM,-0.00620430,-0.01842525,-0.02640504,0.04380967
AIT-2025-09-005,EA,0.15411423,0.19822653,0.19040332,0.18682390
AIT-2025-09-005,ENTG,-0.00267466,-0.00234732,0.02065438,-0.00653543
AIT-2025-09-005,EXC,-0.00481325,-0.00159740,0.01163199,0.05629882
AIT-2025-09-005,FANG,0.02671978,-0.00664978,-0.01483541,0.03246321
AIT-2025-09-005,FAST,0.02230502,0.02329188,0.00184315,-0.12024240
AIT-2025-09-005,FER,-0.00702631,0.00276493,0.04081581,0.07948909
AIT-2025-09-005,FTNT,0.00962107,0.01128688,0.02405106,0.02140734
AIT-2025-09-005,GEHC,-0.02026986,-0.01449765,0.02717716,0.03845331
AIT-2025-09-005,GILD,-0.01652201,-0.01421577,-0.03951458,0.02992863
AIT-2025-09-005,GOOG,-0.00660945,-0.02227734,-0.02646846,-0.02158280
AIT-2025-09-005,GOOGL,-0.00651126,-0.02092501,-0.02702365,-0.02231353
AIT-2025-09-005,HON,-0.00182779,0.00168432,0.00485580,0.05762350
AIT-2025-09-005,IDXX,0.00316543,-0.00420377,-0.01237739,-0.03945415
AIT-2025-09-005,INTC,0.13074113,0.09752146,0.16631900,0.18141272
AIT-2025-09-005,INTU,0.00393416,-0.00377069,-0.02992861,-0.03757083
AIT-2025-09-005,ISRG,-0.00537805,-0.01201233,-0.00982712,0.23310660
AIT-2025-09-005,KDP,-0.01865387,-0.01184197,-0.00862155,0.07023646
AIT-2025-09-005,KHC,-0.02449599,-0.03811324,-0.02417136,-0.04032732
AIT-2025-09-005,KLAC,-0.00833616,-0.01417121,0.03834881,0.03930648
AIT-2025-09-005,LIN,-0.00004241,0.00262733,-0.01710049,-0.06088848
AIT-2025-09-005,LITE,0.04423003,0.04679241,0.06514044,0.01925255
AIT-2025-09-005,LRCX,-0.00415066,0.01132814,0.11066933,0.09808830
AIT-2025-09-005,MAR,0.00826437,0.01581161,0.00782223,0.02861457
AIT-2025-09-005,MCHP,-0.02361609,-0.03477171,-0.01957747,-0.03235943
AIT-2025-09-005,MDLZ,-0.01571304,-0.02752492,-0.03371088,-0.04538281
AIT-2025-09-005,MELI,-0.01974139,-0.00962823,-0.12135397,-0.17660293
AIT-2025-09-005,META,-0.02537779,-0.03048660,-0.06605569,-0.07210229
AIT-2025-09-005,MNST,0.00449705,0.02748395,0.03133931,0.05388503
AIT-2025-09-005,MPWR,-0.02886501,-0.03778509,-0.01002900,0.10896623
AIT-2025-09-005,MRVL,0.03997153,0.02586297,0.05770713,0.04367477
AIT-2025-09-005,MSFT,0.00072516,0.00389957,-0.00263131,-0.00344262
AIT-2025-09-005,MSTR,-0.04360609,0.00695718,0.06887760,-0.13392879
AIT-2025-09-005,MTSI,0.02227257,-0.02887469,-0.00225215,0.09589821
AIT-2025-09-005,MU,-0.03234252,0.00273826,0.10000809,0.19891478
AIT-2025-09-005,NBIS,-0.06729844,-0.05864099,0.03449225,-0.24491133
AIT-2025-09-005,NFLX,0.00148980,-0.00601244,-0.05474475,-0.11759664
AIT-2025-09-005,NVDA,0.00358505,0.01834180,0.03954577,-0.01096276
AIT-2025-09-005,NXPI,-0.00807387,-0.01217211,-0.01798100,-0.04223473
AIT-2025-09-005,ODFL,-0.01429093,0.00248416,-0.00312072,-0.00460286
AIT-2025-09-005,ON,-0.01293489,-0.02404129,-0.05368468,0.04592226
AIT-2025-09-005,ORLY,0.02243889,0.03421944,0.00452620,-0.08059579
AIT-2025-09-005,PANW,0.00762102,0.01255141,0.02993182,0.05872354
AIT-2025-09-005,PAYX,-0.00006995,0.00117383,-0.04274118,-0.02702729
AIT-2025-09-005,PCAR,0.03908280,0.03129423,0.01991382,0.03613847
AIT-2025-09-005,PDD,-0.01086549,-0.00882426,0.01627594,-0.01896002
AIT-2025-09-005,PEP,-0.01145523,-0.01352016,0.00142779,0.07191625
AIT-2025-09-005,PLTR,-0.02199383,-0.02463945,-0.00903396,-0.11203957
AIT-2025-09-005,PYPL,-0.00637483,0.02711938,0.01212660,0.04735522
AIT-2025-09-005,QCOM,-0.02575578,-0.05224179,-0.04103592,-0.02845492
AIT-2025-09-005,REGN,-0.01976351,-0.02556914,0.04364457,0.02407886
AIT-2025-09-005,RKLB,-0.06092639,-0.05488411,0.02903660,0.16255319
AIT-2025-09-005,ROP,-0.01176016,-0.00956912,-0.01958046,-0.04375882
AIT-2025-09-005,ROST,0.01387724,0.01453614,0.03804516,0.04497569
AIT-2025-09-005,SBUX,-0.00920969,0.01604373,0.02394949,0.02517229
AIT-2025-09-005,SHOP,-0.06272806,-0.00732192,-0.01263341,0.07089627
AIT-2025-09-005,SNDK,-0.03758797,0.12057062,0.18226371,0.43833009
AIT-2025-09-005,SNPS,0.04064229,0.02446541,-0.00705651,-0.03842736
AIT-2025-09-005,STX,-0.03591733,0.01052678,0.10289251,-0.06134772
AIT-2025-09-005,TER,0.01450592,0.00280179,0.06368354,0.07441428
AIT-2025-09-005,TMUS,-0.00430205,-0.00312656,-0.03873224,-0.08413975
AIT-2025-09-005,TRI,-0.00541334,-0.01225139,-0.04676463,0.02403506
AIT-2025-09-005,TSLA,-0.00550631,-0.00508700,-0.03724388,-0.00663644
AIT-2025-09-005,TSM,-0.02973401,-0.03505175,0.00436888,0.00177861
AIT-2025-09-005,TTWO,0.04563210,0.05759306,0.03697889,0.00575773
AIT-2025-09-005,TXN,0.00040908,-0.00988877,-0.02393693,-0.07487802
AIT-2025-09-005,UMC,0.00675550,0.01092685,-0.03630798,-0.00755308
AIT-2025-09-005,VRTX,0.02492299,0.04915001,0.08174092,0.12439800
AIT-2025-09-005,WBD,-0.01862875,-0.05734954,-0.05275597,0.04051515
AIT-2025-09-005,WDAY,0.02185581,0.02410988,-0.04539738,0.01235121
AIT-2025-09-005,WDC,-0.03263907,0.05258113,0.15292489,0.07296381
AIT-2025-09-005,WMT,0.00283503,-0.00010976,-0.01996517,0.02391873
AIT-2025-09-005,XEL,0.01696282,0.02580117,0.01764504,0.02474598
AIT-2025-09-007,AAPL,-0.00390057,0.00183757,0.00140469,0.02606086
AIT-2025-09-007,ABNB,-0.01222436,-0.01954385,-0.02997884,0.01625846
AIT-2025-09-007,ADBE,-0.04516814,-0.02095490,-0.02179200,0.02890133
AIT-2025-09-007,ADI,-0.03390434,-0.02588605,-0.05887793,-0.07647933
AIT-2025-09-007,ADP,-0.00711826,-0.01343158,-0.00178022,-0.05891237
AIT-2025-09-007,ADSK,-0.02584514,-0.01034366,-0.03044908,-0.06200775
AIT-2025-09-007,AEP,0.02481077,0.03016048,0.06846537,0.02781445
AIT-2025-09-007,ALAB,-0.04583336,0.02538603,0.03271429,-0.28903891
AIT-2025-09-007,ALNY,0.01625767,0.01285525,0.00105404,-0.03345150
AIT-2025-09-007,AMAT,0.05271172,0.07838413,0.02730499,0.07247209
AIT-2025-09-007,AMD,0.00225757,0.03470457,0.27981162,0.44126744
AIT-2025-09-007,AMGN,0.08467254,0.08040208,0.07390898,0.05010051
AIT-2025-09-007,AMZN,-0.01525104,-0.00822558,-0.00943668,-0.00202404
AIT-2025-09-007,APP,-0.03172360,-0.06553877,-0.13706167,-0.22981688
AIT-2025-09-007,ARM,0.05932322,0.06856807,0.11562833,0.15465761
AIT-2025-09-007,ASML,0.03196691,0.05692036,0.02944971,0.04137117
AIT-2025-09-007,ASX,-0.01003936,-0.01001827,0.01027000,0.13979141
AIT-2025-09-007,AVGO,-0.00295215,0.00588961,-0.00956891,0.00231990
AIT-2025-09-007,AXON,-0.01513780,-0.00395133,-0.01350468,0.01203216
AIT-2025-09-007,BKNG,-0.02583375,-0.01293479,-0.04588526,-0.08969917
AIT-2025-09-007,BKR,-0.05250823,-0.05335337,-0.05042384,-0.09760244
AIT-2025-09-007,CCEP,0.00154603,-0.02383639,-0.02235812,0.00153101
AIT-2025-09-007,CDNS,0.00015518,-0.01497947,-0.02007242,-0.06692766
AIT-2025-09-007,CEG,0.03667575,0.05224215,0.05083562,0.06868654
AIT-2025-09-007,CMCSA,-0.00882782,-0.02558408,-0.01431722,-0.05324059
AIT-2025-09-007,COST,-0.00254322,-0.00346531,-0.00462411,-0.00279183
AIT-2025-09-007,CPRT,0.00946769,-0.00126125,-0.00402645,-0.00082899
AIT-2025-09-007,CRDO,-0.03520038,-0.01009735,-0.10627379,-0.04461993
AIT-2025-09-007,CRWD,0.01151748,0.00290659,-0.02289969,0.05405688
AIT-2025-09-007,CSCO,0.00832208,0.00062853,0.01591422,0.04039992
AIT-2025-09-007,CSX,-0.02730988,-0.01131776,0.00219237,-0.01683679
AIT-2025-09-007,CTAS,-0.00452572,-0.00815027,-0.02437498,-0.07723507
AIT-2025-09-007,DASH,-0.03035896,-0.02426712,-0.00339016,-0.11649270
AIT-2025-09-007,DDOG,0.04651984,0.03909695,0.06360169,0.07383267
AIT-2025-09-007,DXCM,-0.01259194,-0.00806642,-0.01304216,0.01228166
AIT-2025-09-007,EA,-0.00474928,-0.00846285,-0.01401278,-0.02447990
AIT-2025-09-007,ENTG,-0.00730435,0.02216096,-0.01681631,-0.04194360
AIT-2025-09-007,EXC,0.01592087,0.01298466,0.05021137,0.05577635
AIT-2025-09-007,FANG,-0.00644053,-0.00902002,0.03456778,-0.03078265
AIT-2025-09-007,FAST,-0.02957140,-0.02157710,-0.03849398,-0.18832905
AIT-2025-09-007,FER,0.01472130,0.03764379,0.04019020,0.07009230
AIT-2025-09-007,FTNT,0.00049270,0.01353256,0.00207019,0.00262890
AIT-2025-09-007,GEHC,0.02533944,0.04194545,0.01377009,0.05617775
AIT-2025-09-007,GILD,-0.01825749,-0.02522835,0.02652103,0.00868416
AIT-2025-09-007,GOOG,-0.00500021,-0.00387092,-0.00457148,0.03315225
AIT-2025-09-007,GOOGL,-0.00644957,-0.00576692,-0.00912846,0.02994877
AIT-2025-09-007,HON,-0.00022556,0.00338775,-0.00439398,0.01246972
AIT-2025-09-007,IDXX,-0.02676352,-0.00760836,-0.02354960,-0.06545305
AIT-2025-09-007,INTC,0.03251984,0.06803420,0.06301835,0.13076362
AIT-2025-09-007,INTU,-0.02790447,-0.02520556,-0.05963953,-0.04611352
AIT-2025-09-007,ISRG,-0.00826685,0.00314775,0.00359049,0.21635944
AIT-2025-09-007,KDP,-0.00246024,0.00361221,-0.00969355,0.13154060
AIT-2025-09-007,KHC,0.02162294,0.01395211,-0.00877058,-0.00247056
AIT-2025-09-007,KLAC,0.04565078,0.05141646,0.00007296,0.04682588
AIT-2025-09-007,LIN,-0.02513905,-0.02028738,-0.01872816,-0.09775651
AIT-2025-09-007,LITE,0.03301218,0.01813303,-0.06581275,0.08164983
AIT-2025-09-007,LRCX,0.07173747,0.09736736,0.04817843,0.08482361
AIT-2025-09-007,MAR,-0.02538160,-0.00765350,-0.00063426,-0.02306574
AIT-2025-09-007,MCHP,-0.01505430,0.01383634,-0.00383934,-0.07629537
AIT-2025-09-007,MDLZ,0.01569308,-0.00652562,0.00671721,-0.03542313
AIT-2025-09-007,MELI,-0.14155802,-0.11124525,-0.13934255,-0.11958239
AIT-2025-09-007,META,-0.04635800,-0.03497290,-0.05557979,-0.04746222
AIT-2025-09-007,MNST,0.00219657,0.00296014,0.00851352,0.00115192
AIT-2025-09-007,MPWR,0.01653675,0.02859409,0.04238947,0.11270229
AIT-2025-09-007,MRVL,0.00744915,0.03521904,0.05384745,0.06084302
AIT-2025-09-007,MSFT,0.00270203,-0.00636569,0.00867985,0.01297204
AIT-2025-09-007,MSTR,0.02358583,0.06303531,-0.00038521,-0.18098077
AIT-2025-09-007,MTSI,0.01548750,0.02631454,0.02872960,0.14663490
AIT-2025-09-007,MU,0.09073829,0.09512685,0.10120225,0.20393589
AIT-2025-09-007,NBIS,0.01856811,0.09833923,0.01519707,-0.08449998
AIT-2025-09-007,NFLX,-0.03791578,-0.04708064,-0.02536331,-0.13491218
AIT-2025-09-007,NVDA,0.01497850,0.02096506,-0.00144098,0.02593011
AIT-2025-09-007,NXPI,-0.01686303,-0.00597400,-0.03929706,-0.10414463
AIT-2025-09-007,ODFL,-0.01685149,-0.00635434,0.00542465,-0.02918540
AIT-2025-09-007,ON,-0.03808651,-0.03020820,-0.03449231,0.03168221
AIT-2025-09-007,ORLY,-0.02142938,-0.02967063,-0.06343984,-0.14328196
AIT-2025-09-007,PANW,0.00682542,0.01812817,0.02855280,0.05557157
AIT-2025-09-007,PAYX,-0.03908262,-0.04415363,-0.01386554,-0.04783479
AIT-2025-09-007,PCAR,-0.02607312,-0.01227884,-0.03422702,-0.01901079
AIT-2025-09-007,PDD,0.02120085,0.02545258,0.00873089,0.00891766
AIT-2025-09-007,PEP,0.02032747,0.01463457,0.00514015,0.07089880
AIT-2025-09-007,PLTR,0.01119018,0.01607365,-0.01893896,-0.09219385
AIT-2025-09-007,PYPL,-0.04840347,-0.01382219,0.07277914,0.05331992
AIT-2025-09-007,QCOM,-0.00212864,0.01076336,-0.00819949,0.05981495
AIT-2025-09-007,REGN,0.06863558,0.06971509,0.04686217,0.17867135
AIT-2025-09-007,RKLB,-0.00384445,0.08307554,0.23357118,0.15419204
AIT-2025-09-007,ROP,-0.00928907,-0.01015967,0.01935699,-0.09794034
AIT-2025-09-007,ROST,0.00485958,0.02393579,-0.01224556,0.04486871
AIT-2025-09-007,SBUX,-0.01943503,0.00813278,-0.05119680,-0.00917629
AIT-2025-09-007,SHOP,-0.01275170,-0.00424611,0.06060648,0.10408527
AIT-2025-09-007,SNDK,0.04140159,0.05789328,0.01596319,0.28937903
AIT-2025-09-007,SNPS,0.00786861,-0.02870832,-0.01136395,-0.07042883
AIT-2025-09-007,STX,0.10511976,0.09201437,-0.03842157,-0.12809962
AIT-2025-09-007,TER,0.03904624,0.06186729,0.03459608,0.03685614
AIT-2025-09-007,TMUS,-0.02184682,-0.03559806,-0.04602499,-0.08778955
AIT-2025-09-007,TRI,-0.02630524,-0.03369622,-0.03348881,0.02178486
AIT-2025-09-007,TSLA,0.02088711,-0.03255437,-0.03580442,-0.02663630
AIT-2025-09-007,TSM,0.04311959,0.03931560,0.05809919,0.03839636
AIT-2025-09-007,TTWO,-0.02443412,-0.02034146,-0.01011790,-0.07920469
AIT-2025-09-007,TXN,-0.02379500,-0.01407022,-0.04116442,-0.12414879
AIT-2025-09-007,UMC,-0.02969778,-0.04693194,-0.04705274,-0.02065032
AIT-2025-09-007,VRTX,0.02113739,0.03286871,0.03898224,0.06856356
AIT-2025-09-007,WBD,0.00758338,-0.00307891,-0.04495646,-0.00772585
AIT-2025-09-007,WDAY,-0.06790976,-0.06827549,-0.05948750,-0.04896938
AIT-2025-09-007,WDC,0.09926786,0.09980447,0.00344699,-0.03253855
AIT-2025-09-007,WMT,-0.01609946,-0.01964456,-0.00517102,-0.02530171
AIT-2025-09-007,XEL,0.00074635,-0.00872784,0.01831057,-0.01856167
AIT-2025-09-009,AAPL,-0.00390057,0.00183757,0.00140469,0.02606086
AIT-2025-09-009,ABNB,-0.01222436,-0.01954385,-0.02997884,0.01625846
AIT-2025-09-009,ADBE,-0.04516814,-0.02095490,-0.02179200,0.02890133
AIT-2025-09-009,ADI,-0.03390434,-0.02588605,-0.05887793,-0.07647933
AIT-2025-09-009,ADP,-0.00711826,-0.01343158,-0.00178022,-0.05891237
AIT-2025-09-009,ADSK,-0.02584514,-0.01034366,-0.03044908,-0.06200775
AIT-2025-09-009,AEP,0.02481077,0.03016048,0.06846537,0.02781445
AIT-2025-09-009,ALAB,-0.04583336,0.02538603,0.03271429,-0.28903891
AIT-2025-09-009,ALNY,0.01625767,0.01285525,0.00105404,-0.03345150
AIT-2025-09-009,AMAT,0.05271172,0.07838413,0.02730499,0.07247209
AIT-2025-09-009,AMD,0.00225757,0.03470457,0.27981162,0.44126744
AIT-2025-09-009,AMGN,0.08467254,0.08040208,0.07390898,0.05010051
AIT-2025-09-009,AMZN,-0.01525104,-0.00822558,-0.00943668,-0.00202404
AIT-2025-09-009,APP,-0.03172360,-0.06553877,-0.13706167,-0.22981688
AIT-2025-09-009,ARM,0.05932322,0.06856807,0.11562833,0.15465761
AIT-2025-09-009,ASML,0.03196691,0.05692036,0.02944971,0.04137117
AIT-2025-09-009,ASX,-0.01003936,-0.01001827,0.01027000,0.13979141
AIT-2025-09-009,AVGO,-0.00295215,0.00588961,-0.00956891,0.00231990
AIT-2025-09-009,AXON,-0.01513780,-0.00395133,-0.01350468,0.01203216
AIT-2025-09-009,BKNG,-0.02583375,-0.01293479,-0.04588526,-0.08969917
AIT-2025-09-009,BKR,-0.05250823,-0.05335337,-0.05042384,-0.09760244
AIT-2025-09-009,CCEP,0.00154603,-0.02383639,-0.02235812,0.00153101
AIT-2025-09-009,CDNS,0.00015518,-0.01497947,-0.02007242,-0.06692766
AIT-2025-09-009,CEG,0.03667575,0.05224215,0.05083562,0.06868654
AIT-2025-09-009,CMCSA,-0.00882782,-0.02558408,-0.01431722,-0.05324059
AIT-2025-09-009,COST,-0.00254322,-0.00346531,-0.00462411,-0.00279183
AIT-2025-09-009,CPRT,0.00946769,-0.00126125,-0.00402645,-0.00082899
AIT-2025-09-009,CRDO,-0.03520038,-0.01009735,-0.10627379,-0.04461993
AIT-2025-09-009,CRWD,0.01151748,0.00290659,-0.02289969,0.05405688
AIT-2025-09-009,CSCO,0.00832208,0.00062853,0.01591422,0.04039992
AIT-2025-09-009,CSX,-0.02730988,-0.01131776,0.00219237,-0.01683679
AIT-2025-09-009,CTAS,-0.00452572,-0.00815027,-0.02437498,-0.07723507
AIT-2025-09-009,DASH,-0.03035896,-0.02426712,-0.00339016,-0.11649270
AIT-2025-09-009,DDOG,0.04651984,0.03909695,0.06360169,0.07383267
AIT-2025-09-009,DXCM,-0.01259194,-0.00806642,-0.01304216,0.01228166
AIT-2025-09-009,EA,-0.00474928,-0.00846285,-0.01401278,-0.02447990
AIT-2025-09-009,ENTG,-0.00730435,0.02216096,-0.01681631,-0.04194360
AIT-2025-09-009,EXC,0.01592087,0.01298466,0.05021137,0.05577635
AIT-2025-09-009,FANG,-0.00644053,-0.00902002,0.03456778,-0.03078265
AIT-2025-09-009,FAST,-0.02957140,-0.02157710,-0.03849398,-0.18832905
AIT-2025-09-009,FER,0.01472130,0.03764379,0.04019020,0.07009230
AIT-2025-09-009,FTNT,0.00049270,0.01353256,0.00207019,0.00262890
AIT-2025-09-009,GEHC,0.02533944,0.04194545,0.01377009,0.05617775
AIT-2025-09-009,GILD,-0.01825749,-0.02522835,0.02652103,0.00868416
AIT-2025-09-009,GOOG,-0.00500021,-0.00387092,-0.00457148,0.03315225
AIT-2025-09-009,GOOGL,-0.00644957,-0.00576692,-0.00912846,0.02994877
AIT-2025-09-009,HON,-0.00022556,0.00338775,-0.00439398,0.01246972
AIT-2025-09-009,IDXX,-0.02676352,-0.00760836,-0.02354960,-0.06545305
AIT-2025-09-009,INTC,0.03251984,0.06803420,0.06301835,0.13076362
AIT-2025-09-009,INTU,-0.02790447,-0.02520556,-0.05963953,-0.04611352
AIT-2025-09-009,ISRG,-0.00826685,0.00314775,0.00359049,0.21635944
AIT-2025-09-009,KDP,-0.00246024,0.00361221,-0.00969355,0.13154060
AIT-2025-09-009,KHC,0.02162294,0.01395211,-0.00877058,-0.00247056
AIT-2025-09-009,KLAC,0.04565078,0.05141646,0.00007296,0.04682588
AIT-2025-09-009,LIN,-0.02513905,-0.02028738,-0.01872816,-0.09775651
AIT-2025-09-009,LITE,0.03301218,0.01813303,-0.06581275,0.08164983
AIT-2025-09-009,LRCX,0.07173747,0.09736736,0.04817843,0.08482361
AIT-2025-09-009,MAR,-0.02538160,-0.00765350,-0.00063426,-0.02306574
AIT-2025-09-009,MCHP,-0.01505430,0.01383634,-0.00383934,-0.07629537
AIT-2025-09-009,MDLZ,0.01569308,-0.00652562,0.00671721,-0.03542313
AIT-2025-09-009,MELI,-0.14155802,-0.11124525,-0.13934255,-0.11958239
AIT-2025-09-009,META,-0.04635800,-0.03497290,-0.05557979,-0.04746222
AIT-2025-09-009,MNST,0.00219657,0.00296014,0.00851352,0.00115192
AIT-2025-09-009,MPWR,0.01653675,0.02859409,0.04238947,0.11270229
AIT-2025-09-009,MRVL,0.00744915,0.03521904,0.05384745,0.06084302
AIT-2025-09-009,MSFT,0.00270203,-0.00636569,0.00867985,0.01297204
AIT-2025-09-009,MSTR,0.02358583,0.06303531,-0.00038521,-0.18098077
AIT-2025-09-009,MTSI,0.01548750,0.02631454,0.02872960,0.14663490
AIT-2025-09-009,MU,0.09073829,0.09512685,0.10120225,0.20393589
AIT-2025-09-009,NBIS,0.01856811,0.09833923,0.01519707,-0.08449998
AIT-2025-09-009,NFLX,-0.03791578,-0.04708064,-0.02536331,-0.13491218
AIT-2025-09-009,NVDA,0.01497850,0.02096506,-0.00144098,0.02593011
AIT-2025-09-009,NXPI,-0.01686303,-0.00597400,-0.03929706,-0.10414463
AIT-2025-09-009,ODFL,-0.01685149,-0.00635434,0.00542465,-0.02918540
AIT-2025-09-009,ON,-0.03808651,-0.03020820,-0.03449231,0.03168221
AIT-2025-09-009,ORLY,-0.02142938,-0.02967063,-0.06343984,-0.14328196
AIT-2025-09-009,PANW,0.00682542,0.01812817,0.02855280,0.05557157
AIT-2025-09-009,PAYX,-0.03908262,-0.04415363,-0.01386554,-0.04783479
AIT-2025-09-009,PCAR,-0.02607312,-0.01227884,-0.03422702,-0.01901079
AIT-2025-09-009,PDD,0.02120085,0.02545258,0.00873089,0.00891766
AIT-2025-09-009,PEP,0.02032747,0.01463457,0.00514015,0.07089880
AIT-2025-09-009,PLTR,0.01119018,0.01607365,-0.01893896,-0.09219385
AIT-2025-09-009,PYPL,-0.04840347,-0.01382219,0.07277914,0.05331992
AIT-2025-09-009,QCOM,-0.00212864,0.01076336,-0.00819949,0.05981495
AIT-2025-09-009,REGN,0.06863558,0.06971509,0.04686217,0.17867135
AIT-2025-09-009,RKLB,-0.00384445,0.08307554,0.23357118,0.15419204
AIT-2025-09-009,ROP,-0.00928907,-0.01015967,0.01935699,-0.09794034
AIT-2025-09-009,ROST,0.00485958,0.02393579,-0.01224556,0.04486871
AIT-2025-09-009,SBUX,-0.01943503,0.00813278,-0.05119680,-0.00917629
AIT-2025-09-009,SHOP,-0.01275170,-0.00424611,0.06060648,0.10408527
AIT-2025-09-009,SNDK,0.04140159,0.05789328,0.01596319,0.28937903
AIT-2025-09-009,SNPS,0.00786861,-0.02870832,-0.01136395,-0.07042883
AIT-2025-09-009,STX,0.10511976,0.09201437,-0.03842157,-0.12809962
AIT-2025-09-009,TER,0.03904624,0.06186729,0.03459608,0.03685614
AIT-2025-09-009,TMUS,-0.02184682,-0.03559806,-0.04602499,-0.08778955
AIT-2025-09-009,TRI,-0.02630524,-0.03369622,-0.03348881,0.02178486
AIT-2025-09-009,TSLA,0.02088711,-0.03255437,-0.03580442,-0.02663630
AIT-2025-09-009,TSM,0.04311959,0.03931560,0.05809919,0.03839636
AIT-2025-09-009,TTWO,-0.02443412,-0.02034146,-0.01011790,-0.07920469
AIT-2025-09-009,TXN,-0.02379500,-0.01407022,-0.04116442,-0.12414879
AIT-2025-09-009,UMC,-0.02969778,-0.04693194,-0.04705274,-0.02065032
AIT-2025-09-009,VRTX,0.02113739,0.03286871,0.03898224,0.06856356
AIT-2025-09-009,WBD,0.00758338,-0.00307891,-0.04495646,-0.00772585
AIT-2025-09-009,WDAY,-0.06790976,-0.06827549,-0.05948750,-0.04896938
AIT-2025-09-009,WDC,0.09926786,0.09980447,0.00344699,-0.03253855
AIT-2025-09-009,WMT,-0.01609946,-0.01964456,-0.00517102,-0.02530171
AIT-2025-09-009,XEL,0.00074635,-0.00872784,0.01831057,-0.01856167
AIT-2025-09-008,AAPL,0.00541182,0.00962571,0.00451599,0.03401180
AIT-2025-09-008,ABNB,-0.00302598,-0.01231073,-0.01839303,0.02459540
AIT-2025-09-008,ADBE,-0.00165920,-0.01244839,-0.00362794,-0.01015887
AIT-2025-09-008,ADI,-0.02331416,-0.02201573,-0.04732004,-0.09030803
AIT-2025-09-008,ADP,-0.01448894,-0.00922803,-0.01380126,-0.12647056
AIT-2025-09-008,ADSK,0.00651336,0.00042784,-0.02756283,-0.08989465
AIT-2025-09-008,AEP,0.00650408,0.01092012,0.04385282,0.06419125
AIT-2025-09-008,ALAB,0.05325121,0.00742365,0.07788133,-0.23116000
AIT-2025-09-008,ALNY,0.00069486,-0.01229351,-0.03882705,-0.03525375
AIT-2025-09-008,AMAT,0.08445383,0.05787234,0.05281863,0.11301064
AIT-2025-09-008,AMD,0.03892020,0.00862117,0.38507313,0.46372579
AIT-2025-09-008,AMGN,0.05230636,0.05399628,0.04080480,0.02355377
AIT-2025-09-008,AMZN,0.00783934,-0.00476053,0.01477209,0.01792233
AIT-2025-09-008,APP,-0.06510404,-0.06935342,-0.15834994,-0.23961985
AIT-2025-09-008,ARM,0.06458515,0.06785024,0.14510526,0.13327694
AIT-2025-09-008,ASML,0.05588249,0.05724701,0.00463004,0.05291872
AIT-2025-09-008,ASX,-0.00121949,-0.00774464,0.05293223,0.22723670
AIT-2025-09-008,AVGO,0.00992664,0.00703578,0.00756039,0.03723615
AIT-2025-09-008,AXON,-0.00231811,-0.01010866,-0.00201422,0.01261801
AIT-2025-09-008,BKNG,0.00035769,-0.00082197,-0.06013407,-0.08905563
AIT-2025-09-008,BKR,-0.01228298,-0.01045249,-0.03114841,-0.04588281
AIT-2025-09-008,CCEP,-0.03101443,-0.03232496,-0.04196551,-0.03941251
AIT-2025-09-008,CDNS,-0.01778497,-0.01788742,-0.01781702,-0.07049591
AIT-2025-09-008,CEG,0.07453523,0.08008220,0.09686381,0.12595795
AIT-2025-09-008,CMCSA,-0.02308575,-0.00558581,-0.01022066,-0.08244031
AIT-2025-09-008,COST,-0.01125748,-0.01242125,-0.01503611,-0.02233711
AIT-2025-09-008,CPRT,-0.00849440,0.00526261,0.00269628,-0.04059473
AIT-2025-09-008,CRDO,0.00612638,-0.03723290,-0.02669405,0.01552940
AIT-2025-09-008,CRWD,0.00483271,-0.00981328,0.02093663,0.04842710
AIT-2025-09-008,CSCO,-0.00627386,-0.00632881,0.02265486,0.01365949
AIT-2025-09-008,CSX,-0.00032412,0.01253305,0.00824254,-0.01703180
AIT-2025-09-008,CTAS,-0.01349889,-0.01452251,-0.03569254,-0.11841715
AIT-2025-09-008,DASH,-0.01593181,-0.01330026,0.01097242,-0.09281062
AIT-2025-09-008,DDOG,0.06159268,0.06442497,0.14122732,0.08444957
AIT-2025-09-008,DXCM,-0.01651315,-0.00684528,-0.00049838,-0.00868179
AIT-2025-09-008,EA,-0.00535148,-0.00713510,-0.01304236,-0.02238438
AIT-2025-09-008,ENTG,0.03989779,0.06015520,0.01417523,0.00818347
AIT-2025-09-008,EXC,-0.00289619,0.00433540,0.02948618,0.02731644
AIT-2025-09-008,FANG,-0.00203637,0.02928834,0.03733687,-0.00230512
AIT-2025-09-008,FAST,-0.02195622,-0.02867613,-0.04160054,-0.20350657
AIT-2025-09-008,FER,0.01813551,0.01386019,0.02561037,0.03651304
AIT-2025-09-008,FTNT,0.02314193,0.01862657,0.02348034,-0.00872661
AIT-2025-09-008,GEHC,0.01851053,0.01587666,-0.00780433,0.00774553
AIT-2025-09-008,GILD,-0.00816659,0.00987823,0.05260740,0.02948589
AIT-2025-09-008,GOOG,0.00423613,0.00284408,-0.01113302,0.06164868
AIT-2025-09-008,GOOGL,0.00295380,0.00004334,-0.01304782,0.06029016
AIT-2025-09-008,HON,-0.00001676,-0.00870940,-0.00775873,0.00230922
AIT-2025-09-008,IDXX,-0.01495917,-0.02080939,-0.03342505,-0.08182305
AIT-2025-09-008,INTC,0.10093387,0.08760908,0.09317814,0.15582549
AIT-2025-09-008,INTU,-0.00509823,-0.00762479,-0.04492106,-0.05976527
AIT-2025-09-008,ISRG,-0.01157752,0.01117067,-0.00027444,0.19106242
AIT-2025-09-008,KDP,0.01024100,0.01520710,0.00743066,0.08460252
AIT-2025-09-008,KHC,0.00172514,0.00228665,-0.03441604,-0.05370500
AIT-2025-09-008,KLAC,0.04533193,0.01061835,-0.03753247,0.06222936
AIT-2025-09-008,LIN,-0.01462635,-0.02061579,-0.02227062,-0.11644566
AIT-2025-09-008,LITE,0.02785509,-0.01006756,-0.03504848,0.16320367
AIT-2025-09-008,LRCX,0.08438637,0.07467300,0.03880116,0.10265059
AIT-2025-09-008,MAR,0.01951831,0.02479629,0.02277574,-0.00455233
AIT-2025-09-008,MCHP,0.02065113,0.02721031,0.02208307,-0.07904692
AIT-2025-09-008,MDLZ,-0.01163074,0.00261034,-0.01447291,-0.08131620
AIT-2025-09-008,MELI,-0.04212282,-0.07597662,-0.08021823,-0.05322540
AIT-2025-09-008,META,-0.01722449,-0.04052112,-0.04023452,-0.03201148
AIT-2025-09-008,MNST,0.00049027,-0.00643972,0.01179326,-0.03963488
AIT-2025-09-008,MPWR,-0.00161461,-0.01533468,0.03594841,0.09083148
AIT-2025-09-008,MRVL,0.02031252,0.02329335,0.09093978,0.06355325
AIT-2025-09-008,MSFT,-0.00907634,-0.00631861,0.00198508,0.00885199
AIT-2025-09-008,MSTR,0.08282033,0.08141909,0.01389275,-0.19799962
AIT-2025-09-008,MTSI,0.02246489,0.01795992,0.05643448,0.17629463
AIT-2025-09-008,MU,0.08436008,0.10537884,0.13533578,0.21480439
AIT-2025-09-008,NBIS,0.09396773,0.10398828,0.02442748,-0.08016558
AIT-2025-09-008,NFLX,-0.03679966,-0.04584040,-0.00239559,-0.13040248
AIT-2025-09-008,NVDA,0.00252000,-0.00492719,-0.00963550,0.03526096
AIT-2025-09-008,NXPI,-0.00660702,-0.00073645,-0.02150758,-0.14008132
AIT-2025-09-008,ODFL,-0.00213158,0.00518943,0.02939753,-0.02180733
AIT-2025-09-008,ON,-0.01562499,-0.00252155,0.02791377,0.04360374
AIT-2025-09-008,ORLY,-0.02988013,-0.03281058,-0.07666389,-0.16220676
AIT-2025-09-008,PANW,0.02299115,0.01316069,0.05797660,0.03587531
AIT-2025-09-008,PAYX,-0.02827507,-0.01814784,-0.00427878,-0.08375247
AIT-2025-09-008,PCAR,0.00550548,-0.00371844,-0.03046803,-0.01023830
AIT-2025-09-008,PDD,0.01860928,0.01056172,0.00089788,0.01014433
AIT-2025-09-008,PEP,0.01350873,0.01171676,-0.01005557,0.04695677
AIT-2025-09-008,PLTR,0.00754525,-0.07151366,-0.03640527,-0.06001676
AIT-2025-09-008,PYPL,0.02652291,0.03316226,0.12842350,0.05031456
AIT-2025-09-008,QCOM,0.00953161,0.01195872,-0.00288323,0.04777963
AIT-2025-09-008,REGN,0.06759986,0.06929234,0.00941996,0.17515178
AIT-2025-09-008,RKLB,0.07595154,0.14163178,0.26999975,0.17467125
AIT-2025-09-008,ROP,-0.00368187,0.00344621,0.04147806,-0.11117588
AIT-2025-09-008,ROST,0.02266353,0.00060558,-0.00569628,0.03020819
AIT-2025-09-008,SBUX,0.02285687,0.02066078,-0.05693441,-0.00908593
AIT-2025-09-008,SHOP,0.00668637,0.07098605,0.08932955,0.11018348
AIT-2025-09-008,SNDK,0.08261659,0.11071211,0.11215818,0.46739378
AIT-2025-09-008,SNPS,-0.04918318,-0.05234472,-0.01412439,-0.09263447
AIT-2025-09-008,STX,0.06633381,0.05500424,-0.07965058,0.02728695
AIT-2025-09-008,TER,0.04306110,0.05141678,0.03838056,0.22352663
AIT-2025-09-008,TMUS,-0.04087308,-0.04059425,-0.05899609,-0.12067222
AIT-2025-09-008,TRI,-0.02655869,-0.01690524,-0.02772185,-0.02650941
AIT-2025-09-008,TSLA,-0.02785798,-0.04183306,-0.03157089,-0.02189077
AIT-2025-09-008,TSM,0.02323071,0.03640291,0.06815217,0.03131495
AIT-2025-09-008,TTWO,-0.01073831,-0.00912816,-0.01483979,-0.07119726
AIT-2025-09-008,TXN,-0.01196435,-0.02216924,-0.01980827,-0.15796897
AIT-2025-09-008,UMC,-0.04259843,-0.04824665,-0.01212226,-0.04924043
AIT-2025-09-008,VRTX,0.04341168,0.03079100,0.07481579,0.07070432
AIT-2025-09-008,WBD,-0.02915418,-0.04513843,-0.12330970,-0.02310632
AIT-2025-09-008,WDAY,-0.03715622,-0.01672804,-0.00974323,-0.03440078
AIT-2025-09-008,WDC,0.07968570,0.07712502,-0.01922520,0.07183697
AIT-2025-09-008,WMT,-0.01685779,-0.01351638,-0.01017010,-0.03134804
AIT-2025-09-008,XEL,-0.01501190,-0.00710411,0.00993490,-0.02791845
AIT-2025-10-003,AAPL,0.01482571,0.04135356,0.03241707,0.09320815
AIT-2025-10-003,ABNB,0.01725509,0.01509731,0.01868710,-0.01435147
AIT-2025-10-003,ADBE,0.01222796,0.03545410,0.07134783,0.03789957
AIT-2025-10-003,ADI,0.02155886,0.01913822,0.00649265,-0.01619015
AIT-2025-10-003,ADP,-0.00905671,-0.00857812,-0.01334156,-0.10739275
AIT-2025-10-003,ADSK,-0.00311646,0.00186485,0.00787986,-0.03078206
AIT-2025-10-003,AEP,-0.01080955,-0.01011016,-0.02776504,0.00867890
AIT-2025-10-003,ALAB,-0.01096328,-0.05868072,-0.01814669,-0.14962323
AIT-2025-10-003,ALNY,0.01913036,0.02597817,-0.04013555,-0.10389687
AIT-2025-10-003,AMAT,-0.01054379,-0.01304984,-0.01306944,-0.04021839
AIT-2025-10-003,AMD,-0.02222661,-0.01059869,-0.03630869,0.02108806
AIT-2025-10-003,AMGN,0.00483924,0.01537615,-0.02074057,0.11548557
AIT-2025-10-003,AMZN,-0.00861723,-0.00497205,0.01832366,0.10890677
AIT-2025-10-003,APP,-0.01017841,-0.09211815,-0.06264537,-0.17094134
AIT-2025-10-003,ARM,-0.02645782,-0.01353434,-0.04288657,-0.20532149
AIT-2025-10-003,ASML,0.01865464,0.01612932,0.00708318,-0.02180714
AIT-2025-10-003,ASX,0.06733035,0.07471709,0.06173133,0.20317317
AIT-2025-10-003,AVGO,-0.00592404,-0.02503249,-0.04366341,-0.07032819
AIT-2025-10-003,AXON,0.03952745,0.04666451,0.09257339,-0.15744239
AIT-2025-10-003,BKNG,-0.00008462,0.00434784,-0.00445598,-0.00461905
AIT-2025-10-003,BKR,0.01611495,0.02817736,0.08127709,0.05151020
AIT-2025-10-003,CCEP,0.01821772,0.01767316,0.02063082,0.01307974
AIT-2025-10-003,CDNS,0.00746153,0.00438615,0.02623571,-0.04034391
AIT-2025-10-003,CEG,-0.04514483,-0.10654447,-0.12239218,-0.22724342
AIT-2025-10-003,CMCSA,-0.00281528,-0.00711574,-0.01288162,-0.03932293
AIT-2025-10-003,COST,-0.01779174,-0.02293194,-0.01571910,-0.02620927
AIT-2025-10-003,CPRT,-0.00069577,0.00404156,0.00721024,-0.03562301
AIT-2025-10-003,CRDO,0.08629912,0.11149835,0.10104900,0.01675638
AIT-2025-10-003,CRWD,-0.00918440,0.01345383,0.04616532,0.04711835
AIT-2025-10-003,CRWV,-0.03423002,-0.13728070,-0.19804370,-0.77175574
AIT-2025-10-003,CSCO,0.00919632,0.00717817,0.00017925,0.09367675
AIT-2025-10-003,CSX,0.01049834,0.00495534,-0.02723930,-0.04830064
AIT-2025-10-003,CTAS,0.00420448,0.01995420,0.01944417,-0.00596535
AIT-2025-10-003,DASH,-0.03766662,-0.04403173,-0.09127201,-0.36525416
AIT-2025-10-003,DDOG,-0.04130079,-0.03116279,-0.02794172,0.17937444
AIT-2025-10-003,DXCM,0.02179345,0.03954617,0.08048850,-0.05871710
AIT-2025-10-003,EA,-0.00524098,-0.00867521,-0.01376877,-0.03557266
AIT-2025-10-003,ENTG,-0.03366881,-0.03679704,-0.05356704,-0.13957983
AIT-2025-10-003,EXC,-0.00328077,0.00505659,-0.01173997,-0.06619015
AIT-2025-10-003,FANG,-0.01702974,-0.01359366,0.03021169,0.03151353
AIT-2025-10-003,FAST,0.00369041,0.00823245,0.00447385,-0.06122397
AIT-2025-10-003,FER,0.02816210,0.01762202,0.01771078,0.02174138
AIT-2025-10-003,FTNT,0.00208549,0.00775043,0.01127950,-0.01542208
AIT-2025-10-003,GEHC,0.01444440,0.02127167,0.04631826,0.01634529
AIT-2025-10-003,GILD,0.03690370,0.03455201,0.01241345,0.03686601
AIT-2025-10-003,GOOG,0.00805330,0.00984641,-0.00546112,0.08263793
AIT-2025-10-003,GOOGL,0.00876289,0.01060081,-0.00549764,0.08286833
AIT-2025-10-003,HON,0.00468493,0.01237776,0.08513006,0.05681091
AIT-2025-10-003,IDXX,-0.00885032,-0.00822237,-0.02240943,0.05069778
AIT-2025-10-003,INTC,-0.00712675,0.00489544,-0.00103477,-0.09364516
AIT-2025-10-003,INTU,0.01468292,0.01059117,0.02965865,-0.01035445
AIT-2025-10-003,ISRG,0.02875320,0.04493899,0.24302149,0.29214896
AIT-2025-10-003,KDP,0.04293028,0.03206096,0.02805835,0.03007997
AIT-2025-10-003,KHC,0.01484729,0.01991660,0.01008839,0.00414398
AIT-2025-10-003,KLAC,0.01581998,0.03897705,0.03834950,0.01205188
AIT-2025-10-003,LIN,-0.00079691,-0.00605713,-0.01062785,-0.06313298
AIT-2025-10-003,LITE,0.04854834,-0.00015698,0.03754781,0.33500464
AIT-2025-10-003,LRCX,-0.02554647,-0.02842739,-0.01171979,-0.00358343
AIT-2025-10-003,MAR,-0.01659450,-0.03019031,0.00936085,0.08967109
AIT-2025-10-003,MCHP,0.00164181,0.00872072,-0.02135555,-0.18917412
AIT-2025-10-003,MDLZ,0.01225834,0.01652930,-0.01358338,-0.08664192
AIT-2025-10-003,MELI,-0.01311351,0.01580693,0.03393079,-0.03627199
AIT-2025-10-003,META,-0.00000604,0.00650427,0.00688873,-0.17651370
AIT-2025-10-003,MNST,0.02098098,0.00924234,0.00751195,0.00982077
AIT-2025-10-003,MPWR,-0.00311341,-0.00065514,0.03357239,-0.12887419
AIT-2025-10-003,MRVL,-0.00370233,-0.04920131,-0.07963818,0.01451457
AIT-2025-10-003,MSFT,0.00047110,-0.00298652,0.00238913,-0.03708521
AIT-2025-10-003,MSTR,-0.01847452,-0.01588752,-0.05251871,-0.33975484
AIT-2025-10-003,MTSI,0.00417199,0.01290933,0.00834423,0.18888283
AIT-2025-10-003,MU,0.05139833,0.04904352,0.04049390,0.14824618
AIT-2025-10-003,NBIS,-0.11409938,-0.18658877,-0.23438575,-0.51379937
AIT-2025-10-003,NFLX,-0.00399208,0.01874117,-0.08568227,-0.06394229
AIT-2025-10-003,NVDA,0.01927552,-0.00413986,-0.01042669,0.00820516
AIT-2025-10-003,NXPI,-0.01051080,-0.00295257,0.00149652,-0.08424947
AIT-2025-10-003,ODFL,0.02703033,0.03616642,0.00680776,0.03072465
AIT-2025-10-003,ON,0.05012900,0.07744614,0.02613372,-0.01147155
AIT-2025-10-003,ORLY,-0.00768319,-0.01738648,-0.04848274,-0.06769536
AIT-2025-10-003,PANW,0.00731962,0.01468665,0.02940793,-0.01685887
AIT-2025-10-003,PAYX,-0.00536690,-0.01060631,-0.02329375,-0.11048355
AIT-2025-10-003,PCAR,-0.00335434,0.01815125,0.03922478,0.02494802
AIT-2025-10-003,PDD,0.00502736,0.02053677,0.02923318,0.01733692
AIT-2025-10-003,PEP,0.01769240,0.01534072,0.00225527,-0.03584252
AIT-2025-10-003,PLTR,-0.01366798,-0.01868420,-0.03684091,-0.12837140
AIT-2025-10-003,PYPL,-0.00256749,0.01360913,0.02597102,-0.00583582
AIT-2025-10-003,QCOM,0.00521337,0.01309163,0.03091533,0.07005388
AIT-2025-10-003,REGN,0.00634736,-0.00112285,0.00063745,0.21600704
AIT-2025-10-003,RKLB,-0.04780695,-0.05612378,-0.12057025,-0.48839076
AIT-2025-10-003,ROP,0.01154281,0.00824754,-0.04107465,-0.10025958
AIT-2025-10-003,ROST,-0.00304778,-0.00269847,-0.00755433,0.02810900
AIT-2025-10-003,SBUX,0.03252758,0.01248324,0.02463255,0.04860214
AIT-2025-10-003,SHOP,0.01057267,0.03135257,0.04169595,-0.09754099
AIT-2025-10-003,SNDK,-0.04090778,-0.01306315,0.09326212,0.41852515
AIT-2025-10-003,SNPS,0.02849508,0.02778659,0.03338752,-0.10806585
AIT-2025-10-003,STX,0.01957805,-0.04823545,-0.00761545,0.09824936
AIT-2025-10-003,TER,-0.01809647,-0.02832115,0.01412728,0.19693590
AIT-2025-10-003,TMUS,0.01137892,0.01123677,-0.03446867,-0.06326318
AIT-2025-10-003,TRI,-0.00336916,0.00714839,0.02404542,-0.11709636
AIT-2025-10-003,TSLA,0.01404717,0.01012912,0.01473215,-0.07554790
AIT-2025-10-003,TSM,-0.03240679,-0.03916702,-0.06680504,-0.11174738
AIT-2025-10-003,TTWO,-0.00292127,-0.00709023,-0.04199112,-0.13054650
AIT-2025-10-003,TXN,0.01027389,0.01419485,-0.02518243,-0.06542478
AIT-2025-10-003,UMC,0.00660818,0.00419245,0.00227963,-0.05848073
AIT-2025-10-003,VRTX,0.02273542,0.02413786,0.03309661,0.06495740
AIT-2025-10-003,WBD,-0.01772679,-0.03259921,0.11218716,0.11090900
AIT-2025-10-003,WDAY,0.00174338,0.02248796,0.03355016,-0.03580228
AIT-2025-10-003,WDC,0.04074910,-0.01754370,0.00292133,0.17894845
AIT-2025-10-003,WMT,-0.01145382,-0.02494251,-0.02796332,-0.07358758
AIT-2025-10-003,XEL,-0.00951142,-0.01152795,-0.02537627,-0.04320683
AIT-2025-11-001,AAPL,-0.02262876,-0.00423056,0.00645654,0.00125077
AIT-2025-11-001,ABNB,-0.02241992,-0.00520236,0.01369500,0.00544488
AIT-2025-11-001,ADBE,-0.00672629,0.00606553,0.01819551,0.05206109
AIT-2025-11-001,ADI,-0.02926950,-0.02659348,0.00675063,0.16235439
AIT-2025-11-001,ADP,-0.00176218,0.00189955,0.00430095,0.02408145
AIT-2025-11-001,ADSK,-0.00133116,0.00736470,0.01449495,0.01009947
AIT-2025-11-001,AEP,0.02995278,0.03007906,0.01594234,-0.04797880
AIT-2025-11-001,ALAB,0.02507740,-0.01722183,-0.12746437,0.03048814
AIT-2025-11-001,ALNY,-0.01758662,0.00083709,0.00106842,-0.09475888
AIT-2025-11-001,AMAT,-0.01933407,-0.05033302,-0.03640015,0.11307791
AIT-2025-11-001,AMD,-0.01089142,-0.04462618,0.02200915,-0.15546433
AIT-2025-11-001,AMGN,0.01757151,0.06190356,0.06259253,0.01126482
AIT-2025-11-001,AMZN,0.00249392,0.00329060,-0.03208815,-0.07258884
AIT-2025-11-001,APP,0.00823464,-0.08590489,-0.12359914,0.01865248
AIT-2025-11-001,ARM,-0.05747466,-0.09522580,-0.12520151,-0.15783619
AIT-2025-11-001,ASML,-0.01541713,-0.03529405,-0.03035424,0.04242705
AIT-2025-11-001,ASX,-0.02280723,-0.05229473,-0.05556092,-0.00737631
AIT-2025-11-001,AVGO,-0.02317623,-0.04639996,-0.04838902,0.06879492
AIT-2025-11-001,AXON,-0.02231530,-0.04682277,-0.06313752,-0.09346245
AIT-2025-11-001,BKNG,-0.00395320,0.01234670,0.02736310,0.04054257
AIT-2025-11-001,BKR,0.01301154,0.01378432,0.03017305,-0.01084790
AIT-2025-11-001,CCEP,0.02230800,0.04185250,0.02753216,0.00501435
AIT-2025-11-001,CDNS,-0.00793851,-0.04248252,-0.03135117,0.01979286
AIT-2025-11-001,CEG,-0.00181702,-0.03144585,-0.03942906,-0.00926672
AIT-2025-11-001,CMCSA,-0.01465311,-0.00259155,0.01393802,-0.00723040
AIT-2025-11-001,COST,-0.01657381,-0.01935239,-0.00051086,-0.04407651
AIT-2025-11-001,CPRT,0.02852313,0.02701269,0.03540490,-0.01776279
AIT-2025-11-001,CRDO,-0.00458177,-0.08200115,-0.12576275,0.01460889
AIT-2025-11-001,CRWD,0.01960326,0.01365467,0.00015303,-0.08207158
AIT-2025-11-001,CRWV,-0.06166251,-0.23752519,-0.35861690,-0.39664640
AIT-2025-11-001,CSCO,-0.00075363,-0.00845163,0.09040144,0.08092890
AIT-2025-11-001,CSX,-0.01302883,-0.01875030,-0.00983511,0.02146517
AIT-2025-11-001,CTAS,-0.00768351,-0.00589699,0.01365111,-0.00957999
AIT-2025-11-001,DASH,0.01479725,-0.00637211,0.04366032,0.09415652
AIT-2025-11-001,DDOG,0.02488916,0.01250038,-0.03311184,-0.23337622
AIT-2025-11-001,DXCM,-0.06964173,-0.01069298,0.00987480,0.13613002
AIT-2025-11-001,EA,-0.00342058,-0.00332018,-0.00860938,-0.02862684
AIT-2025-11-001,ENTG,-0.03185262,-0.06198440,-0.08493058,0.04012238
AIT-2025-11-001,EXC,0.00127531,-0.00026740,0.00718744,-0.06667184
AIT-2025-11-001,FANG,0.01004679,0.03231306,0.07200097,0.12825950
AIT-2025-11-001,FAST,0.00323744,-0.00074400,-0.01179195,-0.01900127
AIT-2025-11-001,FER,-0.01489582,-0.02336347,-0.01600988,-0.00483305
AIT-2025-11-001,FTNT,0.00359595,0.01870748,0.02587333,0.03814223
AIT-2025-11-001,GEHC,-0.02844846,-0.03111926,-0.00909696,0.11863630
AIT-2025-11-001,GILD,-0.05176977,-0.01673214,0.00492680,-0.05300789
AIT-2025-11-001,GOOG,0.00128392,0.00218879,-0.03569362,0.06647765
AIT-2025-11-001,GOOGL,0.00160535,0.00268560,-0.03577580,0.06575682
AIT-2025-11-001,HON,-0.01072583,0.01035628,0.02497081,-0.01276842
AIT-2025-11-001,IDXX,-0.02526944,-0.02521238,-0.04706098,-0.06297286
AIT-2025-11-001,INTC,0.00307582,-0.01772012,-0.06530969,0.01020226
AIT-2025-11-001,INTU,-0.01563912,-0.01621547,0.01048520,-0.01386395
AIT-2025-11-001,ISRG,0.03367572,0.02516075,0.00856088,0.03840621
AIT-2025-11-001,KDP,-0.01066884,0.01291135,0.03253734,0.10675461
AIT-2025-11-001,KHC,0.02440105,0.03623426,0.04952074,0.05588781
AIT-2025-11-001,KLAC,-0.02038658,-0.04769798,-0.07250517,-0.03916052
AIT-2025-11-001,LIN,0.00300263,0.01600123,0.01906362,-0.06810464
AIT-2025-11-001,LITE,0.04342808,0.00775656,-0.04025362,0.31919474
AIT-2025-11-001,LRCX,-0.00819973,-0.05780010,-0.10384702,-0.06842161
AIT-2025-11-001,MAR,0.01621099,0.01923329,0.01772458,0.01961228
AIT-2025-11-001,MCHP,-0.10449480,-0.12220118,-0.10743539,0.10534832
AIT-2025-11-001,MDLZ,-0.00093338,0.01381556,0.00874096,-0.03734263
AIT-2025-11-001,MELI,-0.03096917,-0.02960459,-0.04207945,-0.03734462
AIT-2025-11-001,META,-0.00302706,-0.01390886,-0.02029087,0.04326235
AIT-2025-11-001,MNST,0.04669289,0.07103187,0.06338807,0.06865524
AIT-2025-11-001,MPWR,-0.02164840,-0.05059688,-0.05530508,-0.04992650
AIT-2025-11-001,MRVL,-0.03319698,-0.07760904,-0.06478063,0.01229889
AIT-2025-11-001,MSFT,0.00219699,0.00489526,0.02047772,-0.03882303
AIT-2025-11-001,MSTR,-0.02161628,-0.05572863,-0.16067081,-0.23517442
AIT-2025-11-001,MTSI,0.04079080,-0.00945025,-0.02098641,0.10173368
AIT-2025-11-001,MU,0.02348260,-0.03189839,0.01916917,-0.03965799
AIT-2025-11-001,NBIS,-0.04848092,-0.13057565,-0.30382563,-0.23447611
AIT-2025-11-001,NFLX,0.00483037,0.01650752,0.00658220,-0.15688698
AIT-2025-11-001,NVDA,0.02668912,-0.00770902,0.00534521,-0.05793272
AIT-2025-11-001,NXPI,-0.03546518,-0.05010063,-0.04710543,0.08665911
AIT-2025-11-001,ODFL,-0.01462139,-0.00259739,-0.03025871,0.12371041
AIT-2025-11-001,ON,-0.03569952,-0.04154904,-0.03809237,0.13370988
AIT-2025-11-001,ORLY,0.02775740,0.03777660,0.03297387,0.00844262
AIT-2025-11-001,PANW,0.00487903,0.00998469,-0.03275286,-0.10225536
AIT-2025-11-001,PAYX,-0.01033423,-0.00935413,0.00707767,0.01450234
AIT-2025-11-001,PCAR,-0.00521821,-0.01599857,-0.02117126,0.11768356
AIT-2025-11-001,PDD,-0.00325994,-0.01329219,-0.05090842,-0.18213041
AIT-2025-11-001,PEP,0.00415596,0.02072752,0.02759641,0.02863610
AIT-2025-11-001,PLTR,0.06391376,0.04150589,-0.03006394,-0.08208452
AIT-2025-11-001,PYPL,-0.01608076,0.00048613,-0.04369794,-0.05810731
AIT-2025-11-001,QCOM,-0.03205081,-0.02076883,0.00410432,0.00189014
AIT-2025-11-001,REGN,0.00398536,0.03373588,0.07407536,0.09630697
AIT-2025-11-001,RKLB,0.00688379,-0.01373275,-0.10556574,-0.04956092
AIT-2025-11-001,ROP,0.00252282,-0.01295752,0.01337320,0.00424906
AIT-2025-11-001,ROST,-0.00118037,0.00223672,0.00061398,0.09626623
AIT-2025-11-001,SBUX,0.01400564,0.03416786,0.04271822,0.02633182
AIT-2025-11-001,SHOP,-0.01998009,-0.02611169,-0.07782304,-0.05116684
AIT-2025-11-001,SNDK,0.21972760,0.22010237,0.17655084,-0.05639964
AIT-2025-11-001,SNPS,-0.00875495,-0.02387142,-0.01405258,0.15662815
AIT-2025-11-001,STX,0.02580074,-0.00129448,-0.09619994,-0.06451187
AIT-2025-11-001,TER,-0.03437864,-0.07545223,-0.08555893,0.07437166
AIT-2025-11-001,TMUS,0.01956241,0.04841243,0.07114508,0.01343698
AIT-2025-11-001,TRI,-0.03100627,-0.01962603,0.01507966,-0.06955732
AIT-2025-11-001,TSLA,-0.03581226,-0.05303346,-0.09729437,-0.04204868
AIT-2025-11-001,TSM,-0.00504368,-0.02320398,-0.02373720,-0.00347114
AIT-2025-11-001,TTWO,-0.08453953,-0.05900024,-0.07787865,-0.05889880
AIT-2025-11-001,TXN,-0.02508063,-0.03234063,-0.00925342,0.11478219
AIT-2025-11-001,UMC,0.00011278,-0.00960287,-0.03149541,0.06025052
AIT-2025-11-001,VRTX,0.00562670,0.02375265,0.04881609,0.05693817
AIT-2025-11-001,WBD,-0.01289594,-0.01761554,0.00234577,0.08956783
AIT-2025-11-001,WDAY,0.00052486,-0.00547367,0.02918014,-0.01751667
AIT-2025-11-001,WDC,0.03053526,-0.00143530,-0.05994014,-0.06139888
AIT-2025-11-001,WMT,-0.00444770,0.00354412,0.00335122,0.09066999
AIT-2025-11-001,XEL,-0.00722725,0.00074244,-0.00592309,-0.08564976
AIT-2025-11-002,AAPL,0.01892895,0.01343154,0.03589926,0.02185399
AIT-2025-11-002,ABNB,0.02593969,0.00252209,-0.02194269,0.07664671
AIT-2025-11-002,ADBE,0.00000777,-0.00856566,-0.02605680,0.09416826
AIT-2025-11-002,ADI,-0.00020448,-0.00625200,0.00565176,0.16469739
AIT-2025-11-002,ADP,0.00531967,0.00273308,0.00889880,0.06769339
AIT-2025-11-002,ADSK,0.00809691,-0.00799512,-0.00633065,-0.00256435
AIT-2025-11-002,AEP,-0.01148085,0.00843240,-0.01522884,-0.08657102
AIT-2025-11-002,ALAB,-0.05509924,-0.05836348,-0.03937938,-0.08412510
AIT-2025-11-002,ALNY,0.00226510,0.03351556,0.01191523,-0.17365458
AIT-2025-11-002,AMAT,0.00479372,0.03061495,0.02681759,0.11784485
AIT-2025-11-002,AMD,-0.02064784,-0.03118928,-0.15260915,-0.26145974
AIT-2025-11-002,AMGN,0.00846227,0.02717351,0.01905552,-0.04814616
AIT-2025-11-002,AMZN,-0.01557070,-0.01026038,-0.05025755,-0.05034196
AIT-2025-11-002,APP,-0.01717506,-0.03370910,-0.03548502,0.09376243
AIT-2025-11-002,ARM,-0.02321356,0.00104414,-0.01036000,-0.11369324
AIT-2025-11-002,ASML,-0.00912218,0.01527787,0.00180567,0.02010264
AIT-2025-11-002,ASX,-0.00485281,-0.01453923,-0.02987795,0.03468747
AIT-2025-11-002,AVGO,-0.01202691,0.00189892,0.04139971,-0.01516246
AIT-2025-11-002,AXON,-0.01060503,-0.02165401,-0.04728559,-0.02337095
AIT-2025-11-002,BKNG,-0.00866952,-0.04807925,-0.07561784,0.03557791
AIT-2025-11-002,BKR,0.04480833,0.03822174,0.06540634,-0.00749394
AIT-2025-11-002,CCEP,-0.01436957,-0.01728112,-0.02471870,-0.02738069
AIT-2025-11-002,CDNS,0.01977861,0.02029650,0.01655885,0.02835555
AIT-2025-11-002,CEG,-0.01700492,-0.00066118,0.05255006,-0.01177822
AIT-2025-11-002,CMCSA,0.00031107,-0.00269292,-0.00694972,0.01409285
AIT-2025-11-002,COST,0.01952937,0.01359146,0.00418711,-0.01922750
AIT-2025-11-002,CPRT,0.00901374,0.02254319,0.03243182,-0.02487219
AIT-2025-11-002,CRDO,-0.05760573,-0.03836107,-0.07787294,-0.17259276
AIT-2025-11-002,CRWD,0.00787465,0.00615567,-0.02183442,-0.09679999
AIT-2025-11-002,CRWV,-0.07834155,-0.09411244,-0.16083476,-0.23167887
AIT-2025-11-002,CSCO,0.06770735,0.07242851,0.05823002,0.04300375
AIT-2025-11-002,CSX,-0.00166752,-0.02041542,-0.01569901,0.06371806
AIT-2025-11-002,CTAS,0.02266616,0.01363254,0.02572802,0.03278108
AIT-2025-11-002,DASH,0.07304694,0.10182718,0.01273831,0.13557689
AIT-2025-11-002,DDOG,-0.00884062,-0.02224884,-0.11294814,-0.25565576
AIT-2025-11-002,DXCM,-0.00501224,0.01384152,0.03913501,0.15762862
AIT-2025-11-002,EA,-0.00489530,-0.00616394,-0.00643281,-0.04731487
AIT-2025-11-002,ENTG,-0.02809314,-0.04968432,-0.08018272,0.14640750
AIT-2025-11-002,EXC,-0.00169619,0.01166020,-0.01709086,-0.07288756
AIT-2025-11-002,FANG,0.05236574,0.04679274,0.07623469,0.11511678
AIT-2025-11-002,FAST,-0.00277626,-0.01576253,-0.01795562,0.02376814
AIT-2025-11-002,FER,-0.00974461,-0.01612962,-0.01635797,-0.00200598
AIT-2025-11-002,FTNT,0.02518690,0.03328546,0.01283103,0.03202809
AIT-2025-11-002,GEHC,0.00049816,-0.02018156,0.06772102,0.15010525
AIT-2025-11-002,GILD,0.01730393,0.01229563,0.02435963,-0.04450857
AIT-2025-11-002,GOOG,-0.02231968,0.01685249,0.04863765,0.06136587
AIT-2025-11-002,GOOGL,-0.02188391,0.01732148,0.04935541,0.05928752
AIT-2025-11-002,HON,0.00853387,0.00189875,-0.02093917,-0.01610608
AIT-2025-11-002,IDXX,-0.02078399,-0.04392512,0.00071445,-0.04155218
AIT-2025-11-002,INTC,-0.04576303,-0.05853774,-0.07090434,-0.05340201
AIT-2025-11-002,INTU,0.02011675,0.00373326,0.00848381,0.02150299
AIT-2025-11-002,ISRG,-0.01819331,-0.01104688,0.02663914,-0.02863462
AIT-2025-11-002,KDP,0.01292408,0.00905210,0.02413999,0.10326272
AIT-2025-11-002,KHC,0.01039676,-0.00066309,0.02729184,0.02116501
AIT-2025-11-002,KLAC,-0.03066141,-0.01598308,-0.01440258,-0.03332488
AIT-2025-11-002,LIN,-0.00191347,-0.00887876,-0.01807659,-0.01596617
AIT-2025-11-002,LITE,-0.05523819,0.00332344,0.00954025,0.21763272
AIT-2025-11-002,LRCX,-0.05805479,-0.04917189,-0.07298325,-0.04961128
AIT-2025-11-002,MAR,0.00037040,0.00193193,0.02785735,0.05551802
AIT-2025-11-002,MCHP,-0.00009982,-0.01180706,-0.01805618,0.22431196
AIT-2025-11-002,MDLZ,-0.00191936,-0.02417495,-0.02026314,-0.05878702
AIT-2025-11-002,MELI,-0.01378166,-0.00268281,-0.06487577,-0.04818136
AIT-2025-11-002,META,0.02473947,0.02583415,0.03280382,0.06591355
AIT-2025-11-002,MNST,0.01457562,0.02375774,0.03149295,0.01680447
AIT-2025-11-002,MPWR,-0.00704616,-0.01370460,-0.01950466,-0.04550244
AIT-2025-11-002,MRVL,0.00824564,-0.00398886,-0.03556565,-0.00008492
AIT-2025-11-002,MSFT,0.01172250,0.01395857,-0.02711172,-0.07245671
AIT-2025-11-002,MSTR,-0.07708313,-0.07859021,-0.12449419,-0.18296447
AIT-2025-11-002,MTSI,-0.02000236,-0.02030365,-0.01321569,0.04861672
AIT-2025-11-002,MU,0.03623854,0.03189117,-0.11413455,-0.06873212
AIT-2025-11-002,NBIS,-0.09511870,-0.05217226,-0.03695604,-0.21493350
AIT-2025-11-002,NFLX,-0.02579319,-0.02661844,-0.05159386,-0.19082591
AIT-2025-11-002,NVDA,0.00803557,0.00398521,0.00255812,-0.13095270
AIT-2025-11-002,NXPI,-0.00169025,-0.01700892,-0.01079362,0.14874249
AIT-2025-11-002,ODFL,-0.02310033,-0.02778277,-0.02475394,0.20370674
AIT-2025-11-002,ON,-0.01326591,-0.01310605,0.00476215,0.14622181
AIT-2025-11-002,ORLY,0.00854977,0.01704362,0.01277901,-0.05178996
AIT-2025-11-002,PANW,-0.00360832,-0.00440659,-0.07091087,-0.08694400
AIT-2025-11-002,PAYX,0.02162286,0.01396233,0.01105070,0.06640922
AIT-2025-11-002,PCAR,-0.01309475,-0.01918728,0.03728484,0.15238369
AIT-2025-11-002,PDD,-0.02767784,-0.03658060,-0.15479698,-0.20725069
AIT-2025-11-002,PEP,0.01302435,0.02822924,0.02005244,0.05428074
AIT-2025-11-002,PLTR,-0.03067843,-0.03285183,-0.10025963,-0.08027231
AIT-2025-11-002,PYPL,-0.04244236,-0.04397477,-0.07454485,-0.03948380
AIT-2025-11-002,QCOM,0.01018143,-0.01728849,-0.02994830,0.03138581
AIT-2025-11-002,REGN,0.02832139,0.04998546,0.11195530,0.09978143
AIT-2025-11-002,RKLB,-0.06304820,-0.09770489,-0.15807475,0.16522519
AIT-2025-11-002,ROP,0.00059427,-0.00479842,0.00465467,0.00839715
AIT-2025-11-002,ROST,-0.00224561,-0.00299398,0.01763158,0.11732199
AIT-2025-11-002,SBUX,-0.00078945,-0.00227880,0.01029919,0.01905123
AIT-2025-11-002,SHOP,-0.03397656,-0.05699393,0.01492255,0.02828059
AIT-2025-11-002,SNDK,-0.07750536,-0.02004086,-0.28153295,-0.42301299
AIT-2025-11-002,SNPS,0.00113775,0.01531359,0.03213495,0.15316875
AIT-2025-11-002,STX,-0.07415573,-0.05288087,-0.11671173,-0.03793878
AIT-2025-11-002,TER,-0.02198867,-0.02031274,-0.05321310,0.08999932
AIT-2025-11-002,TMUS,0.02046078,0.02186820,0.00236683,-0.07832479
AIT-2025-11-002,TRI,0.02774131,0.00344508,-0.02376957,-0.04408103
AIT-2025-11-002,TSLA,-0.02321556,0.00883074,0.01943882,0.07934684
AIT-2025-11-002,TSM,0.00090703,0.00266385,0.01024467,-0.01887782
AIT-2025-11-002,TTWO,-0.01492483,-0.01690202,-0.00093541,-0.01894412
AIT-2025-11-002,TXN,0.00183687,-0.01165310,0.00827948,0.12857361
AIT-2025-11-002,UMC,-0.00189256,-0.01196662,0.01572666,0.05977278
AIT-2025-11-002,VRTX,0.01430291,0.01126925,-0.00642569,0.05233733
AIT-2025-11-002,WBD,0.06310921,0.06483511,0.10000788,0.25043404
AIT-2025-11-002,WDAY,0.04052404,0.02526490,0.01154215,0.02536135
AIT-2025-11-002,WDC,-0.03144110,0.00840305,-0.11383040,-0.00482517
AIT-2025-11-002,WMT,0.00185903,0.01263190,0.06759685,0.12939159
AIT-2025-11-002,XEL,0.00035107,0.01064455,-0.00998550,-0.08803916
AIT-2025-11-003,AAPL,0.01037363,0.02233861,0.01658817,0.00659297
AIT-2025-11-003,ABNB,-0.01943900,-0.02431603,-0.00348908,0.13906681
AIT-2025-11-003,ADBE,-0.01380042,-0.01673406,-0.01706437,0.12225279
AIT-2025-11-003,ADI,0.01756154,0.01178391,0.07360513,0.16440452
AIT-2025-11-003,ADP,0.00282075,0.00728285,0.02007244,0.08137642
AIT-2025-11-003,ADSK,0.00263532,0.00208483,0.00009263,0.01016005
AIT-2025-11-003,AEP,-0.01837723,-0.02506520,-0.02577418,-0.10103630
AIT-2025-11-003,ALAB,0.00796653,0.01893109,-0.02580953,-0.05939926
AIT-2025-11-003,ALNY,0.00004477,-0.02077175,-0.09516504,-0.21141774
AIT-2025-11-003,AMAT,0.03460519,-0.00387158,0.03940957,0.06598122
AIT-2025-11-003,AMD,-0.06939489,-0.12092697,-0.19529426,-0.26986445
AIT-2025-11-003,AMGN,0.00360614,-0.00844920,-0.00162115,-0.04572686
AIT-2025-11-003,AMZN,-0.03670096,-0.04113324,-0.02755489,-0.04934766
AIT-2025-11-003,APP,-0.01306694,-0.00160172,-0.01259922,0.13211285
AIT-2025-11-003,ARM,-0.01233617,-0.01095963,-0.09242808,-0.20698535
AIT-2025-11-003,ASML,0.02333167,-0.01288134,-0.04088983,-0.03508911
AIT-2025-11-003,ASX,-0.01406281,-0.01844416,-0.03878814,-0.01799862
AIT-2025-11-003,AVGO,0.03803168,0.04009457,0.08716662,-0.08961471
AIT-2025-11-003,AXON,-0.01845835,-0.02432757,-0.04395992,-0.00338003
AIT-2025-11-003,BKNG,-0.01896642,-0.02736050,0.01037820,0.10793505
AIT-2025-11-003,BKR,0.01784039,0.02692661,0.01616196,-0.06178606
AIT-2025-11-003,CCEP,-0.00645705,-0.00673646,0.00788345,0.01043519
AIT-2025-11-003,CDNS,-0.00839932,-0.00375835,-0.04273475,-0.00254655
AIT-2025-11-003,CEG,0.06242333,0.05515953,0.01444768,-0.00518638
AIT-2025-11-003,CMCSA,-0.00740351,-0.00500813,-0.02139929,0.13087024
AIT-2025-11-003,COST,-0.02061480,-0.00920209,-0.02331478,-0.04601087
AIT-2025-11-003,CPRT,0.00761931,0.01032465,-0.05230293,-0.01810996
AIT-2025-11-003,CRDO,-0.02355359,-0.04023667,0.00006125,-0.18407922
AIT-2025-11-003,CRWD,-0.01219330,-0.02772640,-0.05831200,-0.14874900
AIT-2025-11-003,CRWV,-0.01256194,-0.06590743,-0.12878886,-0.31914974
AIT-2025-11-003,CSCO,0.01069419,-0.01440993,-0.03369521,-0.04087210
AIT-2025-11-003,CSX,0.00154618,0.00413531,0.01512713,0.06645904
AIT-2025-11-003,CTAS,0.00311678,0.01239599,-0.00415772,0.03298391
AIT-2025-11-003,DASH,-0.03516525,-0.08823560,-0.09424760,0.02721679
AIT-2025-11-003,DDOG,-0.01637233,-0.09193472,-0.13946123,-0.28382480
AIT-2025-11-003,DXCM,0.03100241,0.02714778,0.05518142,0.16281012
AIT-2025-11-003,EA,0.00004016,-0.00015334,-0.01634801,-0.04475710
AIT-2025-11-003,ENTG,0.00028215,-0.03006998,-0.03360130,0.15147603
AIT-2025-11-003,EXC,-0.02427485,-0.02842689,-0.02323602,-0.07085098
AIT-2025-11-003,FANG,0.02457564,0.02893250,-0.00477936,0.07225947
AIT-2025-11-003,FAST,-0.00147001,-0.00251623,-0.00017284,0.04345117
AIT-2025-11-003,FER,-0.00555165,0.00015457,0.01981043,0.01251108
AIT-2025-11-003,FTNT,-0.01896519,-0.02042201,-0.02181513,-0.01164635
AIT-2025-11-003,GEHC,0.03302509,0.08877362,0.11629594,0.18074704
AIT-2025-11-003,GILD,0.03143000,0.01210792,0.01291878,-0.04005983
AIT-2025-11-003,GOOG,0.02786786,0.03109809,0.10686746,0.01337514
AIT-2025-11-003,GOOGL,0.02928309,0.03133336,0.10814190,0.01026866
AIT-2025-11-003,HON,-0.02324999,-0.02301227,-0.03334585,0.02653554
AIT-2025-11-003,IDXX,0.04278792,0.04446709,0.11528037,-0.00207843
AIT-2025-11-003,INTC,0.01157450,-0.01206564,-0.00722828,-0.03007210
AIT-2025-11-003,INTU,0.01117345,0.00468662,-0.00893569,0.01664258
AIT-2025-11-003,ISRG,0.04041483,0.03791598,0.04746906,0.03214867
AIT-2025-11-003,KDP,0.00023244,0.01608019,0.00577626,0.05590277
AIT-2025-11-003,KHC,0.02032187,0.02839455,0.03978286,0.04383929
AIT-2025-11-003,KLAC,0.03418858,0.00202183,-0.02033626,-0.01215471
AIT-2025-11-003,LIN,-0.00698230,-0.00822880,-0.02872038,0.02489478
AIT-2025-11-003,LITE,0.11106879,0.00737900,0.16245582,0.23178143
AIT-2025-11-003,LRCX,0.01317875,-0.02359048,-0.00718304,-0.01163691
AIT-2025-11-003,MAR,0.01210641,0.02612939,0.06776976,0.11356048
AIT-2025-11-003,MCHP,-0.00674714,-0.00697273,-0.01819490,0.21798299
AIT-2025-11-003,MDLZ,0.00940017,0.00472667,0.01591898,-0.03322234
AIT-2025-11-003,MELI,0.01177669,-0.06229514,-0.01130135,-0.08304815
AIT-2025-11-003,META,-0.01086739,0.01011067,0.04241692,0.08891962
AIT-2025-11-003,MNST,0.00531571,0.00832626,0.02737212,0.00229500
AIT-2025-11-003,MPWR,-0.00542343,-0.00458421,-0.02494498,-0.02958930
AIT-2025-11-003,MRVL,-0.01027714,-0.03159748,-0.01561653,0.01028369
AIT-2025-11-003,MSFT,-0.03780274,-0.04108054,-0.07576798,-0.08128811
AIT-2025-11-003,MSTR,-0.02743155,-0.04511856,-0.13486902,-0.15998795
AIT-2025-11-003,MTSI,0.01932830,0.00763945,0.01589048,0.04805963
AIT-2025-11-003,MU,-0.06515874,-0.14627748,-0.11545809,-0.14942511
AIT-2025-11-003,NBIS,0.09795738,0.01593634,-0.03242872,-0.28595185
AIT-2025-11-003,NFLX,0.00173838,-0.02525712,-0.06599184,-0.15921950
AIT-2025-11-003,NVDA,0.00496755,-0.00161640,-0.08120782,-0.13410038
AIT-2025-11-003,NXPI,0.00780724,0.00571683,-0.01683446,0.17219397
AIT-2025-11-003,ODFL,-0.00880632,0.00153594,0.03148361,0.22299315
AIT-2025-11-003,ON,0.01326911,0.01773177,0.02833792,0.16141730
AIT-2025-11-003,ORLY,-0.00870559,-0.00372470,0.01426978,-0.07724997
AIT-2025-11-003,PANW,-0.01013740,-0.06717361,-0.10013595,-0.11122883
AIT-2025-11-003,PAYX,-0.00281743,-0.00219343,0.01553449,0.08122916
AIT-2025-11-003,PCAR,0.03117034,0.05687345,0.10515383,0.19041837
AIT-2025-11-003,PDD,-0.08443377,-0.11745415,-0.13394700,-0.22022131
AIT-2025-11-003,PEP,-0.00387752,-0.00804232,-0.01362346,0.02574461
AIT-2025-11-003,PLTR,-0.03416911,-0.06780032,-0.09565585,-0.06519452
AIT-2025-11-003,PYPL,-0.01717436,-0.02988740,-0.01261083,0.00721028
AIT-2025-11-003,QCOM,0.00368975,-0.01291015,-0.03797357,0.03676399
AIT-2025-11-003,REGN,0.00210113,0.06181468,0.10874448,0.07082380
AIT-2025-11-003,RKLB,0.00840618,-0.06047651,-0.06174178,0.15041245
AIT-2025-11-003,ROP,0.00809228,0.01025702,0.00701059,0.04819190
AIT-2025-11-003,ROST,0.01002745,0.02129231,0.09605326,0.13962079
AIT-2025-11-003,SBUX,0.00892371,0.01482762,0.02439397,0.05414683
AIT-2025-11-003,SHOP,0.05093061,0.07315140,0.08221444,0.11039436
AIT-2025-11-003,SNDK,-0.08376374,-0.26346992,-0.23918708,-0.40735083
AIT-2025-11-003,SNPS,-0.00215195,0.01696202,0.01671466,0.16287208
AIT-2025-11-003,STX,-0.01122387,-0.06744503,-0.03897238,-0.03487511
AIT-2025-11-003,TER,0.00983406,-0.03801992,-0.02956312,0.05940842
AIT-2025-11-003,TMUS,-0.01884149,-0.01753656,-0.04271044,-0.06337037
AIT-2025-11-003,TRI,-0.01339767,-0.02621262,-0.02198632,-0.02197736
AIT-2025-11-003,TSLA,-0.00168193,0.01047776,-0.00300900,0.12255303
AIT-2025-11-003,TSM,0.00537917,0.00821075,-0.01698442,-0.05030352
AIT-2025-11-003,TTWO,0.02938936,0.01584715,0.01933226,-0.00165395
AIT-2025-11-003,TXN,0.02212019,0.01988894,0.03220751,0.13597541
AIT-2025-11-003,UMC,0.03098016,0.02746950,0.01591664,0.09724235
AIT-2025-11-003,VRTX,-0.02756948,-0.01808867,-0.01363247,0.03983877
AIT-2025-11-003,WBD,0.01809001,0.03389813,-0.03586124,0.13537729
AIT-2025-11-003,WDAY,0.00134235,-0.01457345,0.03148649,-0.02427752
AIT-2025-11-003,WDC,-0.05497604,-0.12509915,-0.08857793,-0.08092772
AIT-2025-11-003,WMT,-0.01949519,0.05526981,0.03313992,0.12045799
AIT-2025-11-003,XEL,-0.02136558,-0.02134048,-0.02073457,-0.12869512
AIT-2025-11-004,AAPL,0.01112593,0.01754687,-0.00155333,-0.01260680
AIT-2025-11-004,ABNB,-0.01741540,-0.00493694,-0.01989540,0.13895481
AIT-2025-11-004,ADBE,-0.02408179,0.00693217,-0.03485268,0.11309405
AIT-2025-11-004,ADI,-0.00246702,0.01375039,0.07234533,0.15392570
AIT-2025-11-004,ADP,0.00635899,0.01807558,0.00883607,0.06175606
AIT-2025-11-004,ADSK,-0.00679029,-0.00146140,0.00940823,0.01698690
AIT-2025-11-004,AEP,-0.02272130,-0.02519963,-0.01569799,-0.09226422
AIT-2025-11-004,ALAB,0.01756805,0.01054762,0.01996604,-0.03696287
AIT-2025-11-004,ALNY,-0.02970195,-0.06202162,-0.07618290,-0.21605072
AIT-2025-11-004,AMAT,-0.00077089,0.00024229,0.06180908,0.07620139
AIT-2025-11-004,AMD,-0.09202134,-0.12599481,-0.14438901,-0.24663905
AIT-2025-11-004,AMGN,-0.01839741,-0.01133931,-0.00436221,-0.06255367
AIT-2025-11-004,AMZN,-0.00846251,-0.00477726,-0.00618281,-0.00310494
AIT-2025-11-004,APP,0.00872980,-0.01567885,0.03577052,0.18399756
AIT-2025-11-004,ARM,0.00104755,-0.02746912,-0.08532508,-0.21435597
AIT-2025-11-004,ASML,-0.00756730,-0.03730823,-0.00866438,-0.02032726
AIT-2025-11-004,ASX,-0.01849171,-0.02867495,-0.03449865,-0.02149389
AIT-2025-11-004,AVGO,0.03502959,-0.00263136,0.10198877,-0.09200335
AIT-2025-11-004,AXON,-0.01522285,-0.02153369,-0.03415108,0.02312607
AIT-2025-11-004,BKNG,-0.03102738,0.00020102,0.00177281,0.09906460
AIT-2025-11-004,BKR,0.01397832,0.01961820,-0.00207318,-0.09769269
AIT-2025-11-004,CCEP,-0.01044380,0.00657849,0.00294526,0.00136418
AIT-2025-11-004,CDNS,0.01155200,-0.00640784,-0.02713855,0.01147359
AIT-2025-11-004,CEG,0.03904678,-0.00040576,0.00738374,0.02278911
AIT-2025-11-004,CMCSA,-0.01638483,0.00541857,-0.03939735,0.11874023
AIT-2025-11-004,COST,0.00495000,0.00683441,0.00319672,-0.04232607
AIT-2025-11-004,CPRT,0.00345893,-0.00769730,-0.06941316,-0.02536654
AIT-2025-11-004,CRDO,-0.01345617,-0.05269614,0.07013360,-0.13505077
AIT-2025-11-004,CRWD,-0.00872837,-0.04564456,-0.07168426,-0.12677524
AIT-2025-11-004,CRWV,-0.06824769,-0.06100855,-0.10947543,-0.28808915
AIT-2025-11-004,CSCO,-0.01587581,-0.01629996,-0.04518977,-0.03790940
AIT-2025-11-004,CSX,-0.00107142,0.00951480,0.01650574,0.05978209
AIT-2025-11-004,CTAS,0.00528681,0.01393092,-0.00969171,0.03567087
AIT-2025-11-004,DASH,-0.10447000,-0.10798768,-0.11666999,0.04967226
AIT-2025-11-004,DDOG,-0.08131255,-0.10677606,-0.14124620,-0.27001539
AIT-2025-11-004,DXCM,-0.01304976,0.00999405,0.02313661,0.11580944
AIT-2025-11-004,EA,-0.00477713,-0.01262083,-0.02398891,-0.04940363
AIT-2025-11-004,ENTG,-0.02378512,0.02519026,-0.02319418,0.13765452
AIT-2025-11-004,EXC,-0.02283166,-0.01636346,-0.00141317,-0.06510847
AIT-2025-11-004,FANG,-0.00528383,-0.01522720,-0.03083058,-0.01719096
AIT-2025-11-004,FAST,-0.01408713,-0.00107328,-0.01111759,0.03722251
AIT-2025-11-004,FER,0.00268600,-0.00538752,0.02162951,0.01152233
AIT-2025-11-004,FTNT,-0.01006954,-0.01031793,-0.02259839,-0.00491428
AIT-2025-11-004,GEHC,0.07039821,0.08149446,0.09880490,0.15585427
AIT-2025-11-004,GILD,-0.01503032,-0.00682236,-0.01522282,-0.07165969
AIT-2025-11-004,GOOG,0.02663763,0.04917060,0.08427705,0.02075148
AIT-2025-11-004,GOOGL,0.02723760,0.05162196,0.08544163,0.01821602
AIT-2025-11-004,HON,-0.00661256,-0.00392939,-0.02682468,0.03060618
AIT-2025-11-004,IDXX,0.03490492,0.07590370,0.08018074,-0.03312073
AIT-2025-11-004,INTC,-0.01007856,-0.00179894,0.00871425,-0.03662138
AIT-2025-11-004,INTU,-0.00879689,0.02237803,-0.05821903,0.00735005
AIT-2025-11-004,ISRG,0.02632849,0.03223724,0.02011885,0.01914300
AIT-2025-11-004,KDP,-0.00334832,0.01493209,0.00936328,0.03911701
AIT-2025-11-004,KHC,0.00549210,0.01602266,0.02230134,0.02015758
AIT-2025-11-004,KLAC,-0.00081633,-0.02390758,-0.02491034,0.01349605
AIT-2025-11-004,LIN,-0.00641638,-0.00143481,-0.02998106,0.01664179
AIT-2025-11-004,LITE,-0.02856383,0.04212540,0.16687755,0.23218438
AIT-2025-11-004,LRCX,-0.00766958,-0.00659319,0.01440800,0.04985912
AIT-2025-11-004,MAR,0.01546626,0.05329017,0.05219329,0.08415045
AIT-2025-11-004,MCHP,-0.01018488,0.00574390,-0.02257174,0.19901178
AIT-2025-11-004,MDLZ,0.00036848,0.02193957,0.02316312,-0.01965945
AIT-2025-11-004,MELI,-0.06885113,-0.04989575,-0.03442574,-0.07122464
AIT-2025-11-004,META,0.00449531,0.00004683,0.02441412,0.09949504
AIT-2025-11-004,MNST,-0.00814851,-0.01570244,0.00987002,-0.00381378
AIT-2025-11-004,MPWR,0.02338866,0.01782032,0.00468447,0.00095699
AIT-2025-11-004,MRVL,0.00602092,-0.00432768,0.06091332,0.07385758
AIT-2025-11-004,MSFT,-0.02071645,-0.04323765,-0.04410712,-0.05088664
AIT-2025-11-004,MSTR,-0.12186661,-0.17773938,-0.20352202,-0.26201393
AIT-2025-11-004,MTSI,0.00314120,0.00464639,0.01282587,0.05029708
AIT-2025-11-004,MU,-0.10465741,-0.09940361,-0.06732759,-0.02978778
AIT-2025-11-004,NBIS,-0.04750185,-0.09424346,-0.05194798,-0.32760740
AIT-2025-11-004,NFLX,-0.06609336,-0.08744601,-0.09570484,-0.21237616
AIT-2025-11-004,NVDA,0.01292410,-0.01605716,-0.06743607,-0.12016010
AIT-2025-11-004,NXPI,-0.00054303,0.02096323,-0.02060899,0.14723167
AIT-2025-11-004,ODFL,-0.01603459,0.03769557,0.01265161,0.21899498
AIT-2025-11-004,ON,0.01009916,0.03166057,0.03555445,0.15789357
AIT-2025-11-004,ORLY,0.00794068,0.02056076,0.02631518,-0.07662332
AIT-2025-11-004,PANW,-0.06721292,-0.09053579,-0.11321529,-0.10709429
AIT-2025-11-004,PAYX,-0.00377508,0.01947251,0.00541691,0.05731853
AIT-2025-11-004,PCAR,0.01825784,0.06610511,0.06214107,0.14546568
AIT-2025-11-004,PDD,-0.04974185,-0.05473477,-0.05625876,-0.15321446
AIT-2025-11-004,PEP,-0.01583537,-0.01584010,-0.00945407,0.01305749
AIT-2025-11-004,PLTR,-0.05667121,-0.08577626,-0.08866971,-0.02588371
AIT-2025-11-004,PYPL,-0.02280825,0.00943881,-0.00179405,-0.00415846
AIT-2025-11-004,QCOM,-0.01523211,-0.00601554,-0.03839649,0.03627050
AIT-2025-11-004,REGN,0.02650993,0.04638329,0.06624437,0.03022420
AIT-2025-11-004,RKLB,-0.06014310,-0.06264766,-0.09357111,0.24815798
AIT-2025-11-004,ROP,0.00239427,0.00451154,-0.00410937,0.03425748
AIT-2025-11-004,ROST,0.01183512,0.08892258,0.08813894,0.12159892
AIT-2025-11-004,SBUX,0.00790765,0.03219183,0.02115954,0.08998171
AIT-2025-11-004,SHOP,0.05222959,0.05190610,0.05780254,0.10344707
AIT-2025-11-004,SNDK,-0.19366052,-0.20294373,-0.21921688,-0.30501431
AIT-2025-11-004,SNPS,0.02173535,0.01691388,0.03400038,0.17241345
AIT-2025-11-004,STX,-0.04576875,-0.07647973,0.00757436,0.01901493
AIT-2025-11-004,TER,-0.02885199,-0.02910637,0.03545965,0.08270251
AIT-2025-11-004,TMUS,-0.00743573,-0.01441500,-0.02920658,-0.04752441
AIT-2025-11-004,TRI,-0.02393131,-0.00226662,-0.02055907,-0.02858282
AIT-2025-11-004,TSLA,0.01061341,-0.02184541,-0.00109364,0.14053995
AIT-2025-11-004,TSM,0.01228427,-0.01169142,-0.00532749,-0.03010988
AIT-2025-11-004,TTWO,-0.01167287,-0.01843906,-0.00639914,-0.01170185
AIT-2025-11-004,TXN,-0.00748386,0.02000312,0.01912203,0.11073211
AIT-2025-11-004,UMC,0.01569284,0.02258207,0.00473752,0.08433598
AIT-2025-11-004,VRTX,-0.02445845,-0.01761503,-0.01637698,0.03111332
AIT-2025-11-004,WBD,-0.02007043,-0.02923198,-0.06579827,0.04313983
AIT-2025-11-004,WDAY,-0.02634653,0.00348601,-0.06413711,-0.03044826
AIT-2025-11-004,WDC,-0.07477975,-0.10358999,-0.04057862,-0.00030112
AIT-2025-11-004,WMT,0.06469191,0.04163869,0.05778197,0.11753129
AIT-2025-11-004,XEL,-0.01823778,-0.01920617,-0.00943379,-0.12135432
AIT-2025-11-006,AAPL,0.00314435,-0.00557964,0.00597826,-0.05102277
AIT-2025-11-006,ABNB,-0.00417671,0.02094922,0.01615434,0.16243769
AIT-2025-11-006,ADBE,0.00340297,-0.00024824,0.00901030,0.13307507
AIT-2025-11-006,ADI,0.02327218,0.06121024,0.10571343,0.13055619
AIT-2025-11-006,ADP,-0.00763837,0.01287904,0.00991882,0.04330619
AIT-2025-11-006,ADSK,-0.01028456,-0.00212983,0.02880090,0.01443744
AIT-2025-11-006,AEP,0.00497144,-0.00078729,-0.01347926,-0.08201059
AIT-2025-11-006,ALAB,-0.00038861,-0.04418889,0.06514263,0.08614490
AIT-2025-11-006,ALNY,-0.05324792,-0.07433748,-0.03132617,-0.17690979
AIT-2025-11-006,AMAT,0.00762869,0.04206660,0.07725641,0.06891211
AIT-2025-11-006,AMD,-0.01092394,-0.07427794,-0.03456286,-0.12013389
AIT-2025-11-006,AMGN,-0.01001295,0.00568541,-0.00960470,-0.03777620
AIT-2025-11-006,AMZN,0.01031456,0.01347392,0.02320040,-0.00408640
AIT-2025-11-006,APP,0.01869021,-0.01005189,0.08359370,0.19790700
AIT-2025-11-006,ARM,-0.03591038,-0.07996826,-0.06710674,-0.24413670
AIT-2025-11-006,ASML,-0.02955510,-0.02826928,0.03961074,-0.01683782
AIT-2025-11-006,ASX,-0.00767345,-0.02098565,0.00807559,0.00236884
AIT-2025-11-006,AVGO,0.04670063,0.04775354,0.03348341,-0.11948466
AIT-2025-11-006,AXON,-0.01592285,-0.01738411,-0.01630070,0.10043390
AIT-2025-11-006,BKNG,0.04024023,0.03801481,0.02857728,0.12816858
AIT-2025-11-006,BKR,-0.00116427,-0.01021343,-0.00284840,-0.09897550
AIT-2025-11-006,CCEP,0.00064744,0.01460708,0.02277324,0.00095771
AIT-2025-11-006,CDNS,-0.02372317,-0.03834383,-0.02818136,-0.00963265
AIT-2025-11-006,CEG,-0.01735279,-0.04067510,-0.03312068,-0.04742091
AIT-2025-11-006,CMCSA,-0.01934556,-0.01602475,-0.02131975,0.08969836
AIT-2025-11-006,COST,-0.01899284,-0.01377057,0.00410605,-0.05930952
AIT-2025-11-006,CPRT,-0.06252898,-0.06230041,-0.05856369,-0.02843022
AIT-2025-11-006,CRDO,0.04896031,0.04271324,0.12097150,-0.07734304
AIT-2025-11-006,CRWD,-0.02636983,-0.03016202,-0.05972786,-0.12565763
AIT-2025-11-006,CRWV,-0.00265821,-0.06054959,-0.01767767,-0.00583184
AIT-2025-11-006,CSCO,-0.01168519,-0.01922131,-0.03075609,-0.01754285
AIT-2025-11-006,CSX,0.00339645,0.01150233,0.00831390,0.04899188
AIT-2025-11-006,CTAS,-0.01980086,-0.01682011,-0.00999003,0.03084846
AIT-2025-11-006,DASH,-0.03114919,-0.00446470,0.03513171,0.15400644
AIT-2025-11-006,DDOG,-0.03822386,-0.04658953,-0.06259448,-0.17689673
AIT-2025-11-006,DXCM,0.04351888,0.02796805,0.05654865,0.14301236
AIT-2025-11-006,EA,-0.01351490,-0.01612169,-0.02171543,-0.05737436
AIT-2025-11-006,ENTG,0.02055670,-0.00350116,0.01797635,0.13623838
AIT-2025-11-006,EXC,0.01602806,0.00534011,0.00134787,-0.05926404
AIT-2025-11-006,FANG,-0.01866927,-0.03324497,0.02235536,-0.01531948
AIT-2025-11-006,FAST,-0.00452593,0.00193198,-0.00260169,0.02505431
AIT-2025-11-006,FER,0.01974196,0.01891843,-0.00077271,-0.03272172
AIT-2025-11-006,FTNT,-0.00505349,-0.00125019,0.00534369,0.01678963
AIT-2025-11-006,GEHC,0.01610904,0.02698066,0.01193527,0.08090151
AIT-2025-11-006,GILD,-0.00941555,0.00057804,-0.02794614,-0.04259423
AIT-2025-11-006,GOOG,0.06989490,0.07584684,0.03831969,0.00174271
AIT-2025-11-006,GOOGL,0.07199144,0.07689650,0.03915983,-0.00212628
AIT-2025-11-006,HON,-0.01564722,-0.01000674,-0.01816144,0.01534664
AIT-2025-11-006,IDXX,0.06099735,0.06912582,0.00576924,-0.07048200
AIT-2025-11-006,INTC,0.02037614,0.00422857,0.09823568,-0.05308519
AIT-2025-11-006,INTU,0.00261495,-0.01397586,-0.04657762,0.01195327
AIT-2025-11-006,ISRG,0.00116420,0.00896881,-0.01768078,0.00724651
AIT-2025-11-006,KDP,0.00179578,-0.01088280,0.03046921,0.04235914
AIT-2025-11-006,KHC,0.00456554,0.01098454,0.02416170,-0.01586276
AIT-2025-11-006,KLAC,-0.01332165,-0.02267990,-0.03087988,0.01969777
AIT-2025-11-006,LIN,-0.01555453,-0.02012058,-0.02427478,0.02598817
AIT-2025-11-006,LITE,0.20392189,0.15173966,0.21186083,0.35064171
AIT-2025-11-006,LRCX,0.02487001,0.01494627,0.01067898,0.08106920
AIT-2025-11-006,MAR,0.02346059,0.04054411,0.03201097,0.06813253
AIT-2025-11-006,MCHP,-0.00172171,-0.01174338,0.00140434,0.20564597
AIT-2025-11-006,MDLZ,0.00576508,0.01084974,0.00773741,-0.03256847
AIT-2025-11-006,MELI,0.03646960,0.05158801,0.04885971,0.00205320
AIT-2025-11-006,META,0.00725467,0.03276407,0.03298287,0.07221086
AIT-2025-11-006,MNST,0.00169645,0.01808541,0.02491959,0.01756442
AIT-2025-11-006,MPWR,-0.01560734,-0.02010818,-0.01960432,-0.04069123
AIT-2025-11-006,MRVL,0.03919655,0.01519265,0.09190800,0.03227042
AIT-2025-11-006,MSFT,-0.03190369,-0.03438125,-0.02235975,-0.04209906
AIT-2025-11-006,MSTR,-0.03396646,-0.08950391,-0.10304263,-0.12382361
AIT-2025-11-006,MTSI,0.02443978,0.00765441,0.03677646,0.04112102
AIT-2025-11-006,MU,0.04974571,0.02858206,0.06894892,0.13978003
AIT-2025-11-006,NBIS,0.01541345,-0.04653840,0.03739922,-0.13688996
AIT-2025-11-006,NFLX,-0.00813426,-0.04010076,-0.00228942,-0.16605305
AIT-2025-11-006,NVDA,-0.03567734,-0.07970459,-0.08636026,-0.10583852
AIT-2025-11-006,NXPI,-0.00411552,-0.02358796,0.00773914,0.14683638
AIT-2025-11-006,ODFL,0.02407874,0.03024355,0.06646149,0.22203494
AIT-2025-11-006,ON,0.00791305,0.00961272,0.03997528,0.15180398
AIT-2025-11-006,ORLY,-0.00392804,0.01849717,0.01506998,-0.08810818
AIT-2025-11-006,PANW,-0.03485409,-0.03283354,-0.03406383,-0.03715319
AIT-2025-11-006,PAYX,0.00204225,0.01795725,0.00383666,0.06053690
AIT-2025-11-006,PCAR,0.03057634,0.04734537,0.03411382,0.13391123
AIT-2025-11-006,PDD,-0.01320460,-0.01581035,0.01374006,-0.05707775
AIT-2025-11-006,PEP,-0.00873631,-0.00633635,0.01506451,0.00573625
AIT-2025-11-006,PLTR,-0.00997098,-0.02238486,-0.02078231,0.07476381
AIT-2025-11-006,PYPL,0.01386645,0.01427091,0.03067618,-0.00448942
AIT-2025-11-006,QCOM,-0.00129652,-0.02530519,-0.00647710,0.02921884
AIT-2025-11-006,REGN,0.01884622,0.04754213,-0.00345389,0.03862909
AIT-2025-11-006,RKLB,0.01830325,-0.00023506,-0.07854852,0.55247755
AIT-2025-11-006,ROP,-0.01440290,-0.00305520,-0.00904370,0.02373196
AIT-2025-11-006,ROST,0.06726785,0.07413149,0.07387187,0.08493059
AIT-2025-11-006,SBUX,-0.01333378,0.00927876,-0.00453629,0.03207322
AIT-2025-11-006,SHOP,0.01779482,0.00975364,-0.06042159,0.03928494
AIT-2025-11-006,SNDK,0.08124913,0.02222106,-0.06978858,-0.07348459
AIT-2025-11-006,SNPS,0.01919526,0.00069989,0.08366895,0.18983248
AIT-2025-11-006,STX,0.01042433,0.02599669,0.03164475,-0.00499526
AIT-2025-11-006,TER,0.01589539,0.00709620,0.05807586,0.10713816
AIT-2025-11-006,TMUS,-0.02049877,-0.02449209,-0.02060178,-0.06452200
AIT-2025-11-006,TRI,-0.00188842,0.00432436,0.00019854,0.00898031
AIT-2025-11-006,TSLA,0.00280477,-0.01428453,-0.00636709,0.10324565
AIT-2025-11-006,TSM,-0.01090974,-0.02514171,-0.02896311,-0.03607289
AIT-2025-11-006,TTWO,-0.00173161,0.00285584,0.02456037,-0.00552559
AIT-2025-11-006,TXN,0.02016545,0.01172973,0.04354479,0.11000969
AIT-2025-11-006,UMC,0.02045960,-0.01182976,0.01310664,0.06419714
AIT-2025-11-006,VRTX,-0.00466989,0.00593020,-0.00454978,0.08567212
AIT-2025-11-006,WBD,-0.05369412,-0.07041029,-0.05638810,0.06153859
AIT-2025-11-006,WDAY,0.02333788,0.04640951,-0.04569424,-0.01655709
AIT-2025-11-006,WDC,0.02567501,0.03446111,0.05641092,0.04396478
AIT-2025-11-006,WMT,-0.04415341,-0.02173199,0.01583038,0.02626678
AIT-2025-11-006,XEL,0.00214424,0.00065090,-0.01186812,-0.10503054
AIT-2025-11-007,AAPL,-0.01593918,-0.01860254,-0.00091541,-0.05610423
AIT-2025-11-007,ABNB,0.00191259,-0.00196678,0.02686219,0.15749734
AIT-2025-11-007,ADBE,-0.01416370,-0.00880076,0.01682952,0.11359537
AIT-2025-11-007,ADI,0.05069078,0.07099505,0.11820808,0.10252204
AIT-2025-11-007,ADP,0.01009642,0.01197623,0.03444646,0.04484742
AIT-2025-11-007,ADSK,0.02625528,0.02855528,0.04267125,0.01127242
AIT-2025-11-007,AEP,0.00193271,0.00887093,-0.04148418,-0.08317166
AIT-2025-11-007,ALAB,0.00365518,0.01068869,-0.01786089,0.05576529
AIT-2025-11-007,ALNY,0.00603141,0.01252758,0.05335399,-0.15336260
AIT-2025-11-007,AMAT,0.05412715,0.05404092,0.11478893,0.05826730
AIT-2025-11-007,AMD,-0.04159590,-0.04056243,-0.05154537,-0.13448229
AIT-2025-11-007,AMGN,0.02253153,0.02232018,0.02124806,-0.02198994
AIT-2025-11-007,AMZN,-0.00783141,0.00315553,0.00006965,-0.00822731
AIT-2025-11-007,APP,0.00872290,0.01712325,0.10916868,0.14508479
AIT-2025-11-007,ARM,-0.04881943,-0.03735904,-0.00861540,-0.23428784
AIT-2025-11-007,ASML,0.02823100,0.03777799,0.10786526,0.00849456
AIT-2025-11-007,ASX,-0.00880501,0.02017326,0.04383347,0.01226354
AIT-2025-11-007,AVGO,0.02066567,0.02345355,-0.03865965,-0.15347902
AIT-2025-11-007,AXON,-0.00006070,0.00776716,0.01542728,0.09949150
AIT-2025-11-007,BKNG,-0.00723991,-0.01149892,0.01655958,0.08818981
AIT-2025-11-007,BKR,-0.01509603,-0.00767787,-0.00163573,-0.11810431
AIT-2025-11-007,CCEP,0.01210746,0.01482228,0.01203105,-0.00198896
AIT-2025-11-007,CDNS,-0.01450304,-0.00345408,0.07299427,0.00425864
AIT-2025-11-007,CEG,-0.01402357,-0.00886218,-0.01901358,-0.02710859
AIT-2025-11-007,CMCSA,-0.00380193,-0.00150421,0.02975089,0.12784799
AIT-2025-11-007,COST,0.01837440,0.02237419,0.03418442,-0.01373565
AIT-2025-11-007,CPRT,-0.00951315,-0.00464614,-0.00161977,0.03149658
AIT-2025-11-007,CRDO,0.03610607,0.10113439,0.15707964,-0.14740485
AIT-2025-11-007,CRWD,-0.03580939,-0.02944837,-0.00337993,-0.12566336
AIT-2025-11-007,CRWV,-0.03631842,-0.06994890,-0.00667422,-0.09361678
AIT-2025-11-007,CSCO,-0.01708348,-0.01072782,-0.00170240,-0.01327267
AIT-2025-11-007,CSX,0.01445040,0.01585226,0.03201986,0.04448713
AIT-2025-11-007,CTAS,0.00449962,0.00949843,0.00442687,0.04402355
AIT-2025-11-007,DASH,0.02021216,0.02523190,0.14212646,0.17396189
AIT-2025-11-007,DDOG,-0.02224848,-0.01984244,-0.05063684,-0.20274313
AIT-2025-11-007,DXCM,-0.00591711,0.00626779,0.03523529,0.10314275
AIT-2025-11-007,EA,-0.00516681,-0.00851943,-0.00853114,-0.03751376
AIT-2025-11-007,ENTG,-0.01945480,-0.00283940,0.11729276,0.11115402
AIT-2025-11-007,EXC,0.00573226,0.01667365,-0.04145298,-0.07644698
AIT-2025-11-007,FANG,-0.00718522,0.00888105,0.04839180,-0.02578784
AIT-2025-11-007,FAST,0.00729670,0.00614741,0.02515878,0.02883558
AIT-2025-11-007,FER,-0.00131830,-0.00578078,0.00023090,-0.05773280
AIT-2025-11-007,FTNT,-0.00684596,-0.00466883,0.01950212,0.01287308
AIT-2025-11-007,GEHC,0.01178680,-0.00184395,0.04691001,0.05360105
AIT-2025-11-007,GILD,0.00955531,-0.00665796,-0.01665186,-0.02371414
AIT-2025-11-007,GOOG,-0.01306009,-0.02038855,-0.02385810,-0.07200753
AIT-2025-11-007,GOOGL,-0.01458631,-0.02075341,-0.02761795,-0.07816652
AIT-2025-11-007,HON,-0.00529834,0.00226555,0.00973197,0.02411587
AIT-2025-11-007,IDXX,-0.01472970,-0.02618925,-0.06884360,-0.16410801
AIT-2025-11-007,INTC,-0.00262706,0.08769704,0.15580301,-0.09972099
AIT-2025-11-007,INTU,-0.05228115,-0.04952535,-0.02914288,0.00031532
AIT-2025-11-007,ISRG,-0.00785619,-0.01496740,-0.02005927,-0.00931580
AIT-2025-11-007,KDP,0.00991685,0.01744632,0.03505223,0.03343145
AIT-2025-11-007,KHC,0.01145026,0.02294553,0.00617359,-0.02644307
AIT-2025-11-007,KLAC,-0.01094772,-0.00756887,0.01718225,0.02667614
AIT-2025-11-007,LIN,-0.00793387,-0.00459323,-0.00189951,0.04107119
AIT-2025-11-007,LITE,-0.01312852,0.02521814,-0.05937721,0.13623862
AIT-2025-11-007,LRCX,-0.00399079,-0.01121241,0.00490153,0.05163953
AIT-2025-11-007,MAR,0.01201808,0.00723642,0.01466513,0.04123060
AIT-2025-11-007,MCHP,-0.01089921,-0.00379817,0.17568429,0.18091047
AIT-2025-11-007,MDLZ,0.01651137,0.02224515,-0.00500355,-0.03261024
AIT-2025-11-007,MELI,-0.00062832,0.01392905,0.03655915,-0.02941903
AIT-2025-11-007,META,0.01277359,0.02884643,0.01897282,0.06584857
AIT-2025-11-007,MNST,0.01447367,0.00977642,-0.00974722,0.00148721
AIT-2025-11-007,MPWR,-0.00303440,-0.01287100,0.01364465,-0.03591922
AIT-2025-11-007,MRVL,0.01434873,0.02317269,0.14466605,0.00618159
AIT-2025-11-007,MSFT,0.00885295,0.01697909,-0.01421644,-0.01058310
AIT-2025-11-007,MSTR,-0.04852359,-0.04929915,0.01879865,-0.14256162
AIT-2025-11-007,MTSI,-0.01683903,0.01427683,0.05881670,-0.01319772
AIT-2025-11-007,MU,-0.01408757,-0.00262717,-0.02634280,0.10192230
AIT-2025-11-007,NBIS,-0.01994292,-0.03784208,-0.01568807,-0.20666548
AIT-2025-11-007,NFLX,-0.02108229,-0.01214387,-0.04595520,-0.16021118
AIT-2025-11-007,NVDA,-0.04313245,-0.07199322,-0.06235515,-0.05101135
AIT-2025-11-007,NXPI,-0.01639068,-0.01932213,0.14176248,0.12873353
AIT-2025-11-007,ODFL,0.00501415,0.00372372,0.12376921,0.19862646
AIT-2025-11-007,ON,0.01695262,0.01933610,0.15563700,0.11183235
AIT-2025-11-007,ORLY,0.02214835,0.02280028,-0.00940083,-0.08190297
AIT-2025-11-007,PANW,-0.01088416,0.00853194,0.02578880,-0.02320056
AIT-2025-11-007,PAYX,0.00718988,0.00804461,0.02796754,0.05646611
AIT-2025-11-007,PCAR,0.01184507,0.01242282,0.04393028,0.08615897
AIT-2025-11-007,PDD,0.00759557,0.00548534,0.01231854,-0.03919533
AIT-2025-11-007,PEP,0.01393275,0.01802705,0.01318469,-0.00869972
AIT-2025-11-007,PLTR,-0.01372307,-0.01004726,0.02738776,0.07527561
AIT-2025-11-007,PYPL,0.00315496,0.01162133,-0.00797123,-0.02099533
AIT-2025-11-007,QCOM,-0.02250639,-0.01220891,0.02934519,0.02292770
AIT-2025-11-007,REGN,0.02165089,0.01320515,-0.05986479,0.02200781
AIT-2025-11-007,RKLB,-0.05184542,-0.06119174,-0.00934984,0.50690646
AIT-2025-11-007,ROP,0.00809169,0.00676613,0.01066472,0.04057263
AIT-2025-11-007,ROST,0.00836664,-0.00321985,0.00471787,0.01512220
AIT-2025-11-007,SBUX,0.02589839,0.02648387,0.03157635,0.01772520
AIT-2025-11-007,SHOP,-0.01123689,-0.02822721,-0.01996793,0.00339638
AIT-2025-11-007,SNDK,-0.11024948,-0.09449394,-0.26277544,-0.16835216
AIT-2025-11-007,SNPS,-0.00582440,0.00887380,0.12457268,0.15500060
AIT-2025-11-007,STX,0.04055774,0.04403507,-0.03957939,-0.02724778
AIT-2025-11-007,TER,0.04671814,0.04886957,0.11343310,0.08118859
AIT-2025-11-007,TMUS,-0.00079159,0.00959897,0.00993508,-0.02543974
AIT-2025-11-007,TRI,0.00677769,0.01700062,0.01266483,0.01934906
AIT-2025-11-007,TSLA,-0.01565224,-0.01954791,0.01697394,0.07391433
AIT-2025-11-007,TSM,-0.00620343,-0.00953904,-0.00007235,-0.01663919
AIT-2025-11-007,TTWO,0.00725395,0.01298987,0.00495962,0.00916717
AIT-2025-11-007,TXN,0.00559159,0.01702430,0.10279360,0.07279402
AIT-2025-11-007,UMC,-0.03120161,-0.01936090,0.02849142,0.02156021
AIT-2025-11-007,VRTX,0.01410175,0.01601616,0.08678438,0.09542080
AIT-2025-11-007,WBD,0.00671936,-0.00215058,0.00881465,0.10789417
AIT-2025-11-007,WDAY,-0.06021199,-0.06269947,-0.06246883,-0.04166511
AIT-2025-11-007,WDC,0.00669963,0.02746886,-0.03942929,0.00588607
AIT-2025-11-007,WMT,0.03789505,0.04756736,0.08281119,0.05694708
AIT-2025-11-007,XEL,0.00657106,0.01488688,-0.03428019,-0.10819666
AIT-2025-11-008,AAPL,-0.00967232,0.01146722,-0.00513911,-0.04824435
AIT-2025-11-008,ABNB,-0.02651275,-0.00382562,0.00931904,0.13998321
AIT-2025-11-008,ADBE,-0.00497663,0.00939017,0.02807159,0.12272508
AIT-2025-11-008,ADI,0.03312397,0.04492273,0.07603526,0.06346198
AIT-2025-11-008,ADP,-0.00851878,-0.00249784,0.01171875,0.02902484
AIT-2025-11-008,ADSK,0.02045794,0.03087817,0.02989439,0.01176432
AIT-2025-11-008,AEP,0.01436397,-0.01281110,-0.03766501,-0.07705433
AIT-2025-11-008,ALAB,0.05402929,0.11000890,0.02090705,0.07839320
AIT-2025-11-008,ALNY,0.03386068,0.04325814,0.05535420,-0.13266358
AIT-2025-11-008,AMAT,0.01945451,0.03586753,0.08145250,0.02764993
AIT-2025-11-008,AMD,0.02294012,0.03888366,-0.00071951,-0.07624654
AIT-2025-11-008,AMGN,0.00636510,-0.01513131,-0.01092853,-0.04276291
AIT-2025-11-008,AMZN,-0.00002277,0.00915575,-0.01818222,-0.01260858
AIT-2025-11-008,APP,0.04579682,0.09284140,0.16602722,0.15190025
AIT-2025-11-008,ARM,0.00659178,0.01381822,0.04446844,-0.19949463
AIT-2025-11-008,ASML,0.03642006,0.06804691,0.07728046,0.01269661
AIT-2025-11-008,ASX,0.03359512,0.03003687,0.03935566,0.03732338
AIT-2025-11-008,AVGO,0.02208511,-0.01380508,-0.04200519,-0.15202617
AIT-2025-11-008,AXON,0.00990498,0.00291239,0.03164610,0.09592188
AIT-2025-11-008,BKNG,-0.00891092,-0.00878764,0.01565625,0.09417345
AIT-2025-11-008,BKR,0.00157577,0.00637366,0.00927550,-0.11025215
AIT-2025-11-008,CCEP,0.00096147,0.00811917,-0.01207383,-0.01425415
AIT-2025-11-008,CDNS,0.01130269,0.01027809,0.09071022,0.02379932
AIT-2025-11-008,CEG,0.01485984,0.00803570,0.02424864,-0.01011107
AIT-2025-11-008,CMCSA,-0.00470004,-0.00434796,0.01951813,0.12424256
AIT-2025-11-008,COST,0.01719906,0.01866154,0.00120375,-0.01481068
AIT-2025-11-008,CPRT,-0.00531246,0.00400159,-0.00224427,0.03591654
AIT-2025-11-008,CRDO,0.10718021,0.07900183,0.11379042,-0.18090324
AIT-2025-11-008,CRWD,-0.02570754,-0.02955039,-0.02243066,-0.11335685
AIT-2025-11-008,CRWV,-0.01203331,0.04496678,0.12430040,-0.07032393
AIT-2025-11-008,CSCO,-0.00320961,-0.01121080,0.00513447,-0.00347632
AIT-2025-11-008,CSX,0.00811236,-0.00311099,0.03043641,0.03426889
AIT-2025-11-008,CTAS,0.00653427,0.00710789,-0.00179690,0.04212441
AIT-2025-11-008,DASH,-0.00122053,0.04171742,0.10975976,0.15905453
AIT-2025-11-008,DDOG,-0.01121306,-0.02019700,-0.06284499,-0.19614098
AIT-2025-11-008,DXCM,0.02179808,0.03003291,0.05941510,0.12622563
AIT-2025-11-008,EA,-0.00655284,-0.00454083,-0.00832117,-0.03986024
AIT-2025-11-008,ENTG,0.02148211,0.02317813,0.16430166,0.15060232
AIT-2025-11-008,EXC,0.02747462,-0.00359300,-0.04536073,-0.06429631
AIT-2025-11-008,FANG,0.02410246,0.05419707,0.07100860,-0.01242810
AIT-2025-11-008,FAST,-0.00050563,-0.00421753,0.03046674,0.01471842
AIT-2025-11-008,FER,-0.00498300,-0.01939919,-0.00754886,-0.05496437
AIT-2025-11-008,FTNT,-0.00810262,0.00802101,0.04721804,0.02120101
AIT-2025-11-008,GEHC,-0.01264278,-0.01428485,0.02426646,0.04883550
AIT-2025-11-008,GILD,-0.01674867,-0.02814192,-0.04723082,-0.04306678
AIT-2025-11-008,GOOG,-0.02646617,-0.03938044,-0.04009354,-0.08641477
AIT-2025-11-008,GOOGL,-0.02580327,-0.03963919,-0.04223762,-0.09138570
AIT-2025-11-008,HON,-0.00308208,-0.00927914,-0.00242980,0.02043149
AIT-2025-11-008,IDXX,-0.03397071,-0.06316418,-0.09057636,-0.17126870
AIT-2025-11-008,INTC,0.10422743,0.09400259,0.09357100,-0.08402169
AIT-2025-11-008,INTU,-0.03286904,-0.03274510,0.01041965,0.01914168
AIT-2025-11-008,ISRG,-0.02282314,-0.02720185,-0.03007968,-0.01595734
AIT-2025-11-008,KDP,0.03005571,0.04157424,0.05714345,0.05050843
AIT-2025-11-008,KHC,0.01665570,0.01333290,-0.01686217,-0.02605466
AIT-2025-11-008,KLAC,0.00177770,-0.00789741,0.02062575,0.03673693
AIT-2025-11-008,LIN,0.00006832,-0.00412997,-0.01012671,0.04650177
AIT-2025-11-008,LITE,0.07611034,0.05866530,0.06529634,0.15958896
AIT-2025-11-008,LRCX,-0.00164381,-0.00375207,-0.00635496,0.06236850
AIT-2025-11-008,MAR,-0.00946744,-0.00806302,-0.03617630,0.02994174
AIT-2025-11-008,MCHP,0.00673568,0.01476971,0.20330287,0.19039866
AIT-2025-11-008,MDLZ,0.01743592,-0.00247858,-0.01347714,-0.03425003
AIT-2025-11-008,MELI,-0.00119918,-0.00099710,0.03054777,-0.03877617
AIT-2025-11-008,META,0.00353182,0.00068244,0.02871696,0.03795991
AIT-2025-11-008,MNST,-0.00621246,0.00629389,-0.03767490,-0.01685210
AIT-2025-11-008,MPWR,-0.00730035,0.00248213,0.01350099,-0.02606654
AIT-2025-11-008,MRVL,0.04641887,0.07731705,0.14723260,0.02562190
AIT-2025-11-008,MSFT,0.01929938,0.01203769,-0.00676158,-0.01043962
AIT-2025-11-008,MSTR,0.00757134,-0.01332486,0.06478859,-0.07600969
AIT-2025-11-008,MTSI,0.03131853,0.02598706,0.09291959,-0.00380349
AIT-2025-11-008,MU,0.01793870,0.03985852,-0.04436172,0.10818956
AIT-2025-11-008,NBIS,0.02595242,0.08666776,0.08248747,-0.17079238
AIT-2025-11-008,NFLX,0.01979411,0.03790948,-0.02176194,-0.11903718
AIT-2025-11-008,NVDA,-0.02870532,-0.00545056,-0.00053764,0.00082035
AIT-2025-11-008,NXPI,0.00012128,0.03286333,0.15518630,0.14116427
AIT-2025-11-008,ODFL,-0.00212603,0.03789559,0.13725926,0.20091750
AIT-2025-11-008,ON,0.01757140,0.03134168,0.11237214,0.10964483
AIT-2025-11-008,ORLY,0.00032709,-0.00413912,-0.02369104,-0.10821479
AIT-2025-11-008,PANW,0.00676094,-0.00051486,0.03455066,-0.01409196
AIT-2025-11-008,PAYX,-0.00779913,-0.01370371,-0.00088937,0.03930463
AIT-2025-11-008,PCAR,-0.00418460,-0.01321548,0.02718152,0.07324254
AIT-2025-11-008,PDD,0.00822816,0.02942917,0.01076434,-0.02207009
AIT-2025-11-008,PEP,0.01564171,0.02157977,0.00287144,-0.01070012
AIT-2025-11-008,PLTR,0.00122207,0.00214300,0.04477792,0.05217552
AIT-2025-11-008,PYPL,0.01140872,0.01692417,0.00065263,-0.01931584
AIT-2025-11-008,QCOM,0.01218803,0.01925144,0.05465394,0.05066388
AIT-2025-11-008,REGN,-0.01545144,-0.05079916,-0.08964393,-0.00426406
AIT-2025-11-008,RKLB,-0.04186501,-0.07775761,0.10992139,0.44207615
AIT-2025-11-008,ROP,-0.00464203,-0.00615430,-0.00219290,0.02919635
AIT-2025-11-008,ROST,-0.00994648,-0.00060644,-0.00801283,0.00475158
AIT-2025-11-008,SBUX,0.00459270,-0.01374772,-0.01266756,0.00800385
AIT-2025-11-008,SHOP,-0.02028295,-0.06985863,0.00023429,0.01928709
AIT-2025-11-008,SNDK,-0.03590617,-0.09529279,-0.12047612,-0.12771068
AIT-2025-11-008,SNPS,0.02723987,0.08347869,0.13782506,0.17811427
AIT-2025-11-008,STX,0.02811075,0.00501867,-0.03541458,-0.04736044
AIT-2025-11-008,TER,0.05791434,0.05175259,0.13788339,0.09294708
AIT-2025-11-008,TMUS,0.01360733,0.00443486,0.01241704,-0.00969133
AIT-2025-11-008,TRI,0.01068348,-0.00230299,0.00330074,0.01837420
AIT-2025-11-008,TSLA,-0.00243590,0.00744025,0.04942730,0.06854534
AIT-2025-11-008,TSM,0.00432780,-0.00358194,0.00283031,0.00814550
AIT-2025-11-008,TTWO,0.00909543,0.02500017,0.01316633,0.03679276
AIT-2025-11-008,TXN,0.02566012,0.03227880,0.09827746,0.08276502
AIT-2025-11-008,UMC,0.01313561,0.02564992,0.06223032,0.05739617
AIT-2025-11-008,VRTX,0.00486300,-0.01103521,0.06283768,0.08070132
AIT-2025-11-008,WBD,0.01499729,0.01426985,0.02013566,0.10946986
AIT-2025-11-008,WDAY,-0.08626018,-0.09094365,-0.07716877,-0.04686540
AIT-2025-11-008,WDC,0.01825986,0.02088017,-0.02072497,-0.00099772
AIT-2025-11-008,WMT,0.02521206,0.03762368,0.06402389,0.03618992
AIT-2025-11-008,XEL,0.01653618,-0.01248525,-0.04167401,-0.10271759
AIT-2025-12-005,AAPL,-0.00333667,-0.01651808,-0.02677808,-0.04919830
AIT-2025-12-005,ABNB,0.00712671,0.01330118,0.05804561,0.15651436
AIT-2025-12-005,ADBE,0.01184486,0.01929837,0.07536286,0.12288493
AIT-2025-12-005,ADI,0.03502993,0.03028002,0.03314817,0.01198063
AIT-2025-12-005,ADP,0.01643180,0.01407143,0.01440966,0.03498512
AIT-2025-12-005,ADSK,0.00336881,-0.00134812,-0.01495618,-0.02503428
AIT-2025-12-005,AEP,-0.02300973,-0.02429090,-0.04394336,-0.06592882
AIT-2025-12-005,ALAB,-0.08500342,-0.08918422,0.00536684,-0.01692535
AIT-2025-12-005,ALNY,0.03085459,0.01082887,-0.10638765,-0.18764951
AIT-2025-12-005,AMAT,0.04465185,0.04602369,0.03905463,-0.00678786
AIT-2025-12-005,AMD,-0.02743394,-0.03992044,-0.02075143,-0.10701189
AIT-2025-12-005,AMGN,0.01977214,0.00355804,-0.07698369,-0.04510927
AIT-2025-12-005,AMZN,-0.01245413,-0.02702791,-0.02820122,-0.00984003
AIT-2025-12-005,APP,0.04614554,0.07518160,0.13258588,0.03301385
AIT-2025-12-005,ARM,0.02172429,0.03079962,0.04956832,-0.18992713
AIT-2025-12-005,ASML,0.03879308,0.00978450,0.01109105,-0.04075885
AIT-2025-12-005,ASX,0.02798736,0.00990638,0.06079186,0.04680021
AIT-2025-12-005,AVGO,-0.02567361,-0.02707280,0.03734798,-0.13193531
AIT-2025-12-005,AXON,0.01562962,0.02884188,0.02681892,0.08225659
AIT-2025-12-005,BKNG,0.02843261,0.02419571,0.06284053,0.09873431
AIT-2025-12-005,BKR,0.00134512,0.00319473,-0.05189134,-0.09348158
AIT-2025-12-005,CCEP,-0.00980390,-0.02008565,-0.03065769,-0.03189466
AIT-2025-12-005,CDNS,0.07766686,0.08047467,0.07694553,0.00958458
AIT-2025-12-005,CEG,-0.00234129,0.01703642,-0.00454132,-0.01153045
AIT-2025-12-005,CMCSA,0.03098114,0.02346628,0.01389223,0.14570062
AIT-2025-12-005,COST,0.01062595,-0.01739382,-0.02183335,-0.03714936
AIT-2025-12-005,CPRT,-0.00663464,-0.00623779,-0.00796142,0.04171859
AIT-2025-12-005,CRDO,0.08432930,0.03529227,-0.02855446,-0.24082668
AIT-2025-12-005,CRWD,0.03058449,0.00796551,0.01900030,-0.08791258
AIT-2025-12-005,CRWV,0.01000981,0.08437009,0.13230771,-0.13698704
AIT-2025-12-005,CSCO,0.01638200,0.01514223,0.03689899,-0.00657079
AIT-2025-12-005,CSX,0.02773164,0.03361722,0.04025378,0.03625978
AIT-2025-12-005,CTAS,-0.00567461,-0.00905937,-0.01005083,0.02758629
AIT-2025-12-005,DASH,0.07491993,0.06879060,0.11279809,0.10806122
AIT-2025-12-005,DDOG,-0.02136059,-0.04128835,-0.04405527,-0.17246498
AIT-2025-12-005,DXCM,0.01954653,0.02699316,0.05147867,0.08206298
AIT-2025-12-005,EA,-0.00220308,-0.00351908,-0.00774300,-0.03913378
AIT-2025-12-005,ENTG,0.11929886,0.14155478,0.20301582,0.14191012
AIT-2025-12-005,EXC,-0.02648752,-0.04119082,-0.04612709,-0.05791612
AIT-2025-12-005,FANG,0.00919017,0.01618174,0.01250313,-0.02591898
AIT-2025-12-005,FAST,0.02262072,0.03471475,0.00083555,-0.00919685
AIT-2025-12-005,FER,0.02069981,0.01219171,0.01365680,-0.04123285
AIT-2025-12-005,FTNT,0.00883836,0.03911123,0.02839647,0.00677945
AIT-2025-12-005,GEHC,0.05013592,0.03776513,0.05173677,0.05959772
AIT-2025-12-005,GILD,0.00139973,-0.01893506,-0.04804097,-0.02825175
AIT-2025-12-005,GOOG,0.00881997,-0.00053610,-0.00461237,-0.04257630
AIT-2025-12-005,GOOGL,0.00631529,-0.00241987,-0.00630645,-0.04529514
AIT-2025-12-005,HON,0.01312030,0.00629060,-0.00233546,0.02500330
AIT-2025-12-005,IDXX,-0.01325569,-0.02759144,-0.05743530,-0.12059791
AIT-2025-12-005,INTC,0.08064865,0.00277638,-0.00051049,-0.12763375
AIT-2025-12-005,INTU,0.02004457,0.04293380,0.03338353,0.03977416
AIT-2025-12-005,ISRG,-0.00072191,-0.00271855,-0.01634670,0.00916545
AIT-2025-12-005,KDP,0.00592783,0.01530429,0.03461774,0.00900937
AIT-2025-12-005,KHC,-0.01374898,-0.03097784,-0.04335363,-0.03407079
AIT-2025-12-005,KLAC,0.03465853,0.02883825,0.04182776,0.01080612
AIT-2025-12-005,LIN,0.00671660,-0.00632076,-0.03642263,0.06170390
AIT-2025-12-005,LITE,-0.06882664,0.00661348,0.09228230,0.05637050
AIT-2025-12-005,LRCX,0.01852606,-0.00204337,0.04846844,0.04525667
AIT-2025-12-005,MAR,0.00597301,-0.02895442,-0.06667738,0.03101255
AIT-2025-12-005,MCHP,0.17228530,0.18867458,0.22765715,0.18663940
AIT-2025-12-005,MDLZ,-0.00664893,-0.01064710,-0.04054669,-0.03388274
AIT-2025-12-005,MELI,0.02295803,0.03191212,0.00394942,-0.02078509
AIT-2025-12-005,META,-0.00635820,0.02845428,0.02939979,0.05713422
AIT-2025-12-005,MNST,-0.03169991,-0.04374364,-0.04452473,-0.03158981
AIT-2025-12-005,MPWR,0.01857127,0.01075206,0.02429598,-0.04592912
AIT-2025-12-005,MRVL,0.08969803,0.06958057,-0.01760297,-0.03787770
AIT-2025-12-005,MSFT,-0.02424512,-0.01899580,0.00400332,-0.02319357
AIT-2025-12-005,MSTR,0.09100914,0.07952732,0.10903718,-0.06402841
AIT-2025-12-005,MTSI,0.04962788,0.06716740,0.07381522,-0.03065568
AIT-2025-12-005,MU,-0.04594443,-0.08384613,0.01710185,0.08627384
AIT-2025-12-005,NBIS,-0.03367511,-0.00102021,-0.07280425,-0.26893997
AIT-2025-12-005,NFLX,-0.05218031,-0.06015803,-0.12341037,-0.15814999
AIT-2025-12-005,NVDA,-0.01324216,0.00556084,0.01461089,0.00710167
AIT-2025-12-005,NXPI,0.12890901,0.12261794,0.13814968,0.10959204
AIT-2025-12-005,ODFL,0.08108434,0.09977368,0.07963412,0.17016338
AIT-2025-12-005,ON,0.12214103,0.08023567,0.09526129,0.08623991
AIT-2025-12-005,ORLY,-0.02800241,-0.01953999,-0.07442773,-0.11535986
AIT-2025-12-005,PANW,0.02573336,0.03581455,0.03591575,-0.01656336
AIT-2025-12-005,PAYX,0.02577850,0.01265188,0.02724252,0.04617477
AIT-2025-12-005,PCAR,0.04037897,0.04010241,0.04789491,0.07677452
AIT-2025-12-005,PDD,-0.01357812,-0.01781241,-0.01518791,-0.05372419
AIT-2025-12-005,PEP,-0.01100143,-0.01907382,-0.02506815,-0.03474832
AIT-2025-12-005,PLTR,0.03726314,0.04477616,0.06614256,0.02331636
AIT-2025-12-005,PYPL,-0.02513710,-0.01663864,-0.02518337,-0.04550625
AIT-2025-12-005,QCOM,0.03458812,0.03496487,0.04869716,0.02630955
AIT-2025-12-005,REGN,-0.03911052,-0.04097975,-0.08288757,0.02324511
AIT-2025-12-005,RKLB,0.08941648,0.18941349,0.26686270,0.53512096
AIT-2025-12-005,ROP,0.00508070,0.00369576,0.00028953,0.03309405
AIT-2025-12-005,ROST,-0.00182902,-0.00792735,-0.00609746,0.00371908
AIT-2025-12-005,SBUX,0.02373907,0.00054670,-0.02410261,0.02698023
AIT-2025-12-005,SHOP,0.05853628,0.07110547,0.05988791,0.06278465
AIT-2025-12-005,SNDK,-0.10936345,-0.02405852,-0.01946543,-0.07935084
AIT-2025-12-005,SNPS,0.05911544,0.05379708,0.06527062,0.09599987
AIT-2025-12-005,STX,-0.05974622,-0.03869779,0.01385227,-0.07734038
AIT-2025-12-005,TER,0.07144017,0.08659766,0.09192253,0.03393979
AIT-2025-12-005,TMUS,0.00958906,0.00788013,-0.02103763,0.00103896
AIT-2025-12-005,TRI,0.00856555,0.00491145,-0.02846350,0.01493220
AIT-2025-12-005,TSLA,0.02619386,0.04172962,0.02526032,0.03232474
AIT-2025-12-005,TSM,0.01732304,0.00673354,0.04184706,0.03123352
AIT-2025-12-005,TTWO,-0.02181597,-0.01221771,-0.00721656,0.01581389
AIT-2025-12-005,TXN,0.07903853,0.06548095,0.06789658,0.04713933
AIT-2025-12-005,UMC,0.03590213,0.03701594,0.06418579,0.02281316
AIT-2025-12-005,VRTX,0.08523652,0.07272681,0.02932151,0.06995959
AIT-2025-12-005,WBD,0.01183034,0.00541008,0.14210391,0.10379694
AIT-2025-12-005,WDAY,0.00423987,0.01299934,0.04422534,0.02755724
AIT-2025-12-005,WDC,-0.06873422,-0.03976582,-0.00004982,-0.05925030
AIT-2025-12-005,WMT,0.02296322,0.02658727,0.03092504,0.00549969
AIT-2025-12-005,XEL,-0.01998472,-0.02902288,-0.05799971,-0.08925321
AIT-2025-12-001,AAPL,-0.02484056,-0.03420773,-0.03792894,-0.06238565
AIT-2025-12-001,ABNB,0.01665519,0.04445705,0.07125035,0.13723979
AIT-2025-12-001,ADBE,0.01878557,0.07254217,0.06761669,0.07433660
AIT-2025-12-001,ADI,0.00918984,0.02073827,0.02115686,-0.00123643
AIT-2025-12-001,ADP,0.00881161,0.01759237,0.01110282,0.01410036
AIT-2025-12-001,ADSK,-0.01693834,-0.01521322,-0.03794882,-0.07276319
AIT-2025-12-001,AEP,-0.01260287,-0.01813006,-0.05063983,-0.05234688
AIT-2025-12-001,ALAB,0.05210841,0.10231303,0.11220537,0.19549608
AIT-2025-12-001,ALNY,-0.00778982,-0.02761260,-0.15953613,-0.20441358
AIT-2025-12-001,AMAT,0.00778190,-0.00108887,0.01969817,-0.00323309
AIT-2025-12-001,AMD,-0.01224708,-0.01051783,-0.01124227,-0.04465802
AIT-2025-12-001,AMGN,0.00245713,-0.02923781,-0.07680598,-0.04672350
AIT-2025-12-001,AMZN,-0.02732405,-0.02750604,-0.01972105,-0.03033673
AIT-2025-12-001,APP,0.03634274,0.04350962,0.05309157,-0.07320631
AIT-2025-12-001,ARM,0.02310895,0.02633526,0.02660191,-0.14676440
AIT-2025-12-001,ASML,-0.00551539,-0.01853527,-0.00674728,0.03071596
AIT-2025-12-001,ASX,-0.01527157,-0.01580913,0.05487295,0.06897376
AIT-2025-12-001,AVGO,-0.01131425,0.00823923,0.05654017,-0.11883602
AIT-2025-12-001,AXON,0.02122111,0.02077386,0.05273491,0.06514956
AIT-2025-12-001,BKNG,-0.02427964,0.01006746,0.02404532,0.04232596
AIT-2025-12-001,BKR,0.01810246,-0.01187154,-0.03792616,-0.04956164
AIT-2025-12-001,CCEP,-0.02023095,-0.02250235,-0.03193636,-0.05928924
AIT-2025-12-001,CDNS,0.05572050,0.05416894,0.05282637,-0.02456226
AIT-2025-12-001,CEG,0.00670389,-0.02035058,-0.01856379,0.00867752
AIT-2025-12-001,CMCSA,0.00701707,0.01130223,0.02448766,0.12000667
AIT-2025-12-001,COST,-0.02840490,-0.02964062,-0.05073125,-0.05639745
AIT-2025-12-001,CPRT,-0.00217157,-0.00314517,0.01416853,0.01355016
AIT-2025-12-001,CRDO,-0.05823073,-0.09392990,-0.21649649,-0.35294442
AIT-2025-12-001,CRWD,-0.01330048,-0.01861822,-0.00926418,-0.14348595
AIT-2025-12-001,CRWV,0.10646194,0.12768755,0.10867188,-0.01369243
AIT-2025-12-001,CSCO,0.00659047,0.00696391,0.03140614,-0.02463506
AIT-2025-12-001,CSX,0.03144551,0.03341327,0.05315654,0.03309311
AIT-2025-12-001,CTAS,-0.00192674,0.01244243,0.00683050,0.01776448
AIT-2025-12-001,DASH,0.01466239,0.02971052,0.00714739,0.01741643
AIT-2025-12-001,DDOG,-0.03019784,-0.04428601,-0.05283703,-0.18952611
AIT-2025-12-001,DXCM,0.01239662,0.01628413,0.05120496,0.07219655
AIT-2025-12-001,EA,-0.00393599,-0.00444438,-0.01416293,-0.04309896
AIT-2025-12-001,ENTG,0.09749718,0.10692277,0.16936115,0.16089341
AIT-2025-12-001,EXC,-0.02561040,-0.02850728,-0.04233420,-0.03624783
AIT-2025-12-001,FANG,0.01841498,0.01090126,0.01975808,-0.01600912
AIT-2025-12-001,FAST,0.02836703,0.02098764,0.00508336,-0.00769315
AIT-2025-12-001,FER,0.00719597,0.00366585,0.00147613,-0.04823165
AIT-2025-12-001,FTNT,0.02569846,0.04568215,-0.01416202,-0.02704431
AIT-2025-12-001,GEHC,0.02741117,0.06239727,0.05318098,0.06624709
AIT-2025-12-001,GILD,-0.01358574,-0.02660225,-0.02908810,-0.03164703
AIT-2025-12-001,GOOG,0.00022067,0.00834589,-0.00161607,-0.03942860
AIT-2025-12-001,GOOGL,-0.00167061,0.00627722,-0.00373510,-0.04012201
AIT-2025-12-001,HON,-0.00789585,-0.01399003,-0.01195346,0.01263511
AIT-2025-12-001,IDXX,-0.02885958,-0.03732539,-0.06296513,-0.13414187
AIT-2025-12-001,INTC,-0.07788951,-0.06016028,-0.08497638,-0.13945546
AIT-2025-12-001,INTU,0.03832421,0.05220807,0.03240268,-0.01807676
AIT-2025-12-001,ISRG,-0.00169947,0.00868505,-0.02611786,0.00289669
AIT-2025-12-001,KDP,0.01641908,0.02055431,0.05111591,0.00852166
AIT-2025-12-001,KHC,-0.01458677,-0.02460470,-0.02282983,-0.00959154
AIT-2025-12-001,KLAC,0.00550104,0.00617668,0.01725875,0.03414215
AIT-2025-12-001,LIN,-0.00979029,-0.02053026,-0.03711170,0.06528438
AIT-2025-12-001,LITE,0.06262624,0.06391534,0.14299843,0.14487125
AIT-2025-12-001,LRCX,-0.01765797,-0.01330892,0.03351795,0.10821975
AIT-2025-12-001,MAR,-0.03168293,-0.04474638,-0.06531215,0.03583664
AIT-2025-12-001,MCHP,0.13093205,0.14412378,0.17146052,0.14675425
AIT-2025-12-001,MDLZ,-0.00327923,-0.01915810,-0.03738613,-0.02883456
AIT-2025-12-001,MELI,0.00837031,-0.02705300,-0.07449118,-0.06502763
AIT-2025-12-001,META,0.01970332,0.03646457,0.00206990,0.03165538
AIT-2025-12-001,MNST,-0.02459835,-0.02052433,-0.02527575,-0.01964451
AIT-2025-12-001,MPWR,-0.01032026,-0.00428526,0.00399874,-0.04053215
AIT-2025-12-001,MRVL,0.05212444,0.05664152,-0.00867536,-0.00878107
AIT-2025-12-001,MSFT,-0.02365803,-0.02122299,-0.03486636,-0.05409374
AIT-2025-12-001,MSTR,0.02302699,-0.01593598,0.01863434,-0.08590356
AIT-2025-12-001,MTSI,0.04171112,0.02167710,0.02581851,-0.04040222
AIT-2025-12-001,MU,-0.07185517,-0.03357411,0.05532367,0.19317844
AIT-2025-12-001,NBIS,0.04617040,-0.00899387,-0.07355536,-0.14713501
AIT-2025-12-001,NFLX,-0.05992596,-0.09039150,-0.16935945,-0.18489275
AIT-2025-12-001,NVDA,0.00129147,-0.00843301,-0.00893142,0.01060014
AIT-2025-12-001,NXPI,0.04527838,0.05092012,0.06640773,0.04961802
AIT-2025-12-001,ODFL,0.08680221,0.09803103,0.11886779,0.17566056
AIT-2025-12-001,ON,0.06245516,0.05873765,0.06332097,0.11489944
AIT-2025-12-001,ORLY,-0.00486142,-0.01189975,-0.06773844,-0.11080054
AIT-2025-12-001,PANW,0.02629719,0.04065413,0.00885437,-0.05298518
AIT-2025-12-001,PAYX,0.01001336,0.01309428,0.02357914,0.01235320
AIT-2025-12-001,PCAR,0.02274066,0.03881712,0.06799788,0.07940614
AIT-2025-12-001,PDD,-0.02093431,-0.01564947,-0.03831265,-0.03364751
AIT-2025-12-001,PEP,-0.01258851,-0.01632450,0.01499702,-0.03810541
AIT-2025-12-001,PLTR,0.03050014,0.04670719,0.07016449,-0.05438488
AIT-2025-12-001,PYPL,-0.02053791,-0.01245270,-0.02915792,-0.05144774
AIT-2025-12-001,QCOM,0.02135401,0.02167074,0.06108695,0.02160178
AIT-2025-12-001,REGN,-0.02871405,-0.03614561,-0.02594654,0.04107420
AIT-2025-12-001,RKLB,0.15773606,0.14498303,0.29570007,0.58617185
AIT-2025-12-001,ROP,0.00200519,0.00866303,-0.00011135,0.01016455
AIT-2025-12-001,ROST,-0.00648958,-0.00384703,0.01751508,0.01851259
AIT-2025-12-001,SBUX,-0.00269665,-0.00151738,-0.01359897,0.02078308
AIT-2025-12-001,SHOP,0.02530328,0.01348636,0.05333983,-0.00707628
AIT-2025-12-001,SNDK,0.01318084,0.06931228,0.05250081,0.09941452
AIT-2025-12-001,SNPS,0.02993775,0.03555669,0.05620778,0.09713018
AIT-2025-12-001,STX,-0.01906564,0.02312787,0.07673642,-0.01852335
AIT-2025-12-001,TER,0.03414879,0.03972383,0.04579898,0.04783545
AIT-2025-12-001,TMUS,-0.00911973,-0.00078760,-0.06823246,-0.02986841
AIT-2025-12-001,TRI,0.00367668,0.00228091,-0.02156313,-0.02686219
AIT-2025-12-001,TSLA,0.04856987,0.04522847,0.03161539,0.01154008
AIT-2025-12-001,TSM,-0.00548655,-0.00332764,0.04049541,0.06262460
AIT-2025-12-001,TTWO,-0.00050874,-0.00056074,-0.01080262,0.00950493
AIT-2025-12-001,TXN,0.02480024,0.03674891,0.03155246,0.02909575
AIT-2025-12-001,UMC,0.00660264,0.02336498,0.01663752,-0.00956660
AIT-2025-12-001,VRTX,0.05562928,0.05103770,0.02738280,0.05059770
AIT-2025-12-001,WBD,-0.01518382,0.04013460,0.15003898,0.06315880
AIT-2025-12-001,WDAY,0.01460057,0.02918959,0.04215219,-0.01674443
AIT-2025-12-001,WDC,-0.00980352,0.03057227,0.08651421,0.05016377
AIT-2025-12-001,WMT,0.01963132,0.02114803,0.00390838,0.01056892
AIT-2025-12-001,XEL,-0.01890899,-0.02784086,-0.06468738,-0.06874789
AIT-2025-12-004,AAPL,-0.02484056,-0.03420773,-0.03792894,-0.06238565
AIT-2025-12-004,ABNB,0.01665519,0.04445705,0.07125035,0.13723979
AIT-2025-12-004,ADBE,0.01878557,0.07254217,0.06761669,0.07433660
AIT-2025-12-004,ADI,0.00918984,0.02073827,0.02115686,-0.00123643
AIT-2025-12-004,ADP,0.00881161,0.01759237,0.01110282,0.01410036
AIT-2025-12-004,ADSK,-0.01693834,-0.01521322,-0.03794882,-0.07276319
AIT-2025-12-004,AEP,-0.01260287,-0.01813006,-0.05063983,-0.05234688
AIT-2025-12-004,ALAB,0.05210841,0.10231303,0.11220537,0.19549608
AIT-2025-12-004,ALNY,-0.00778982,-0.02761260,-0.15953613,-0.20441358
AIT-2025-12-004,AMAT,0.00778190,-0.00108887,0.01969817,-0.00323309
AIT-2025-12-004,AMD,-0.01224708,-0.01051783,-0.01124227,-0.04465802
AIT-2025-12-004,AMGN,0.00245713,-0.02923781,-0.07680598,-0.04672350
AIT-2025-12-004,AMZN,-0.02732405,-0.02750604,-0.01972105,-0.03033673
AIT-2025-12-004,APP,0.03634274,0.04350962,0.05309157,-0.07320631
AIT-2025-12-004,ARM,0.02310895,0.02633526,0.02660191,-0.14676440
AIT-2025-12-004,ASML,-0.00551539,-0.01853527,-0.00674728,0.03071596
AIT-2025-12-004,ASX,-0.01527157,-0.01580913,0.05487295,0.06897376
AIT-2025-12-004,AVGO,-0.01131425,0.00823923,0.05654017,-0.11883602
AIT-2025-12-004,AXON,0.02122111,0.02077386,0.05273491,0.06514956
AIT-2025-12-004,BKNG,-0.02427964,0.01006746,0.02404532,0.04232596
AIT-2025-12-004,BKR,0.01810246,-0.01187154,-0.03792616,-0.04956164
AIT-2025-12-004,CCEP,-0.02023095,-0.02250235,-0.03193636,-0.05928924
AIT-2025-12-004,CDNS,0.05572050,0.05416894,0.05282637,-0.02456226
AIT-2025-12-004,CEG,0.00670389,-0.02035058,-0.01856379,0.00867752
AIT-2025-12-004,CMCSA,0.00701707,0.01130223,0.02448766,0.12000667
AIT-2025-12-004,COST,-0.02840490,-0.02964062,-0.05073125,-0.05639745
AIT-2025-12-004,CPRT,-0.00217157,-0.00314517,0.01416853,0.01355016
AIT-2025-12-004,CRDO,-0.05823073,-0.09392990,-0.21649649,-0.35294442
AIT-2025-12-004,CRWD,-0.01330048,-0.01861822,-0.00926418,-0.14348595
AIT-2025-12-004,CRWV,0.10646194,0.12768755,0.10867188,-0.01369243
AIT-2025-12-004,CSCO,0.00659047,0.00696391,0.03140614,-0.02463506
AIT-2025-12-004,CSX,0.03144551,0.03341327,0.05315654,0.03309311
AIT-2025-12-004,CTAS,-0.00192674,0.01244243,0.00683050,0.01776448
AIT-2025-12-004,DASH,0.01466239,0.02971052,0.00714739,0.01741643
AIT-2025-12-004,DDOG,-0.03019784,-0.04428601,-0.05283703,-0.18952611
AIT-2025-12-004,DXCM,0.01239662,0.01628413,0.05120496,0.07219655
AIT-2025-12-004,EA,-0.00393599,-0.00444438,-0.01416293,-0.04309896
AIT-2025-12-004,ENTG,0.09749718,0.10692277,0.16936115,0.16089341
AIT-2025-12-004,EXC,-0.02561040,-0.02850728,-0.04233420,-0.03624783
AIT-2025-12-004,FANG,0.01841498,0.01090126,0.01975808,-0.01600912
AIT-2025-12-004,FAST,0.02836703,0.02098764,0.00508336,-0.00769315
AIT-2025-12-004,FER,0.00719597,0.00366585,0.00147613,-0.04823165
AIT-2025-12-004,FTNT,0.02569846,0.04568215,-0.01416202,-0.02704431
AIT-2025-12-004,GEHC,0.02741117,0.06239727,0.05318098,0.06624709
AIT-2025-12-004,GILD,-0.01358574,-0.02660225,-0.02908810,-0.03164703
AIT-2025-12-004,GOOG,0.00022067,0.00834589,-0.00161607,-0.03942860
AIT-2025-12-004,GOOGL,-0.00167061,0.00627722,-0.00373510,-0.04012201
AIT-2025-12-004,HON,-0.00789585,-0.01399003,-0.01195346,0.01263511
AIT-2025-12-004,IDXX,-0.02885958,-0.03732539,-0.06296513,-0.13414187
AIT-2025-12-004,INTC,-0.07788951,-0.06016028,-0.08497638,-0.13945546
AIT-2025-12-004,INTU,0.03832421,0.05220807,0.03240268,-0.01807676
AIT-2025-12-004,ISRG,-0.00169947,0.00868505,-0.02611786,0.00289669
AIT-2025-12-004,KDP,0.01641908,0.02055431,0.05111591,0.00852166
AIT-2025-12-004,KHC,-0.01458677,-0.02460470,-0.02282983,-0.00959154
AIT-2025-12-004,KLAC,0.00550104,0.00617668,0.01725875,0.03414215
AIT-2025-12-004,LIN,-0.00979029,-0.02053026,-0.03711170,0.06528438
AIT-2025-12-004,LITE,0.06262624,0.06391534,0.14299843,0.14487125
AIT-2025-12-004,LRCX,-0.01765797,-0.01330892,0.03351795,0.10821975
AIT-2025-12-004,MAR,-0.03168293,-0.04474638,-0.06531215,0.03583664
AIT-2025-12-004,MCHP,0.13093205,0.14412378,0.17146052,0.14675425
AIT-2025-12-004,MDLZ,-0.00327923,-0.01915810,-0.03738613,-0.02883456
AIT-2025-12-004,MELI,0.00837031,-0.02705300,-0.07449118,-0.06502763
AIT-2025-12-004,META,0.01970332,0.03646457,0.00206990,0.03165538
AIT-2025-12-004,MNST,-0.02459835,-0.02052433,-0.02527575,-0.01964451
AIT-2025-12-004,MPWR,-0.01032026,-0.00428526,0.00399874,-0.04053215
AIT-2025-12-004,MRVL,0.05212444,0.05664152,-0.00867536,-0.00878107
AIT-2025-12-004,MSFT,-0.02365803,-0.02122299,-0.03486636,-0.05409374
AIT-2025-12-004,MSTR,0.02302699,-0.01593598,0.01863434,-0.08590356
AIT-2025-12-004,MTSI,0.04171112,0.02167710,0.02581851,-0.04040222
AIT-2025-12-004,MU,-0.07185517,-0.03357411,0.05532367,0.19317844
AIT-2025-12-004,NBIS,0.04617040,-0.00899387,-0.07355536,-0.14713501
AIT-2025-12-004,NFLX,-0.05992596,-0.09039150,-0.16935945,-0.18489275
AIT-2025-12-004,NVDA,0.00129147,-0.00843301,-0.00893142,0.01060014
AIT-2025-12-004,NXPI,0.04527838,0.05092012,0.06640773,0.04961802
AIT-2025-12-004,ODFL,0.08680221,0.09803103,0.11886779,0.17566056
AIT-2025-12-004,ON,0.06245516,0.05873765,0.06332097,0.11489944
AIT-2025-12-004,ORLY,-0.00486142,-0.01189975,-0.06773844,-0.11080054
AIT-2025-12-004,PANW,0.02629719,0.04065413,0.00885437,-0.05298518
AIT-2025-12-004,PAYX,0.01001336,0.01309428,0.02357914,0.01235320
AIT-2025-12-004,PCAR,0.02274066,0.03881712,0.06799788,0.07940614
AIT-2025-12-004,PDD,-0.02093431,-0.01564947,-0.03831265,-0.03364751
AIT-2025-12-004,PEP,-0.01258851,-0.01632450,0.01499702,-0.03810541
AIT-2025-12-004,PLTR,0.03050014,0.04670719,0.07016449,-0.05438488
AIT-2025-12-004,PYPL,-0.02053791,-0.01245270,-0.02915792,-0.05144774
AIT-2025-12-004,QCOM,0.02135401,0.02167074,0.06108695,0.02160178
AIT-2025-12-004,REGN,-0.02871405,-0.03614561,-0.02594654,0.04107420
AIT-2025-12-004,RKLB,0.15773606,0.14498303,0.29570007,0.58617185
AIT-2025-12-004,ROP,0.00200519,0.00866303,-0.00011135,0.01016455
AIT-2025-12-004,ROST,-0.00648958,-0.00384703,0.01751508,0.01851259
AIT-2025-12-004,SBUX,-0.00269665,-0.00151738,-0.01359897,0.02078308
AIT-2025-12-004,SHOP,0.02530328,0.01348636,0.05333983,-0.00707628
AIT-2025-12-004,SNDK,0.01318084,0.06931228,0.05250081,0.09941452
AIT-2025-12-004,SNPS,0.02993775,0.03555669,0.05620778,0.09713018
AIT-2025-12-004,STX,-0.01906564,0.02312787,0.07673642,-0.01852335
AIT-2025-12-004,TER,0.03414879,0.03972383,0.04579898,0.04783545
AIT-2025-12-004,TMUS,-0.00911973,-0.00078760,-0.06823246,-0.02986841
AIT-2025-12-004,TRI,0.00367668,0.00228091,-0.02156313,-0.02686219
AIT-2025-12-004,TSLA,0.04856987,0.04522847,0.03161539,0.01154008
AIT-2025-12-004,TSM,-0.00548655,-0.00332764,0.04049541,0.06262460
AIT-2025-12-004,TTWO,-0.00050874,-0.00056074,-0.01080262,0.00950493
AIT-2025-12-004,TXN,0.02480024,0.03674891,0.03155246,0.02909575
AIT-2025-12-004,UMC,0.00660264,0.02336498,0.01663752,-0.00956660
AIT-2025-12-004,VRTX,0.05562928,0.05103770,0.02738280,0.05059770
AIT-2025-12-004,WBD,-0.01518382,0.04013460,0.15003898,0.06315880
AIT-2025-12-004,WDAY,0.01460057,0.02918959,0.04215219,-0.01674443
AIT-2025-12-004,WDC,-0.00980352,0.03057227,0.08651421,0.05016377
AIT-2025-12-004,WMT,0.01963132,0.02114803,0.00390838,0.01056892
AIT-2025-12-004,XEL,-0.01890899,-0.02784086,-0.06468738,-0.06874789
AIT-2025-12-002,AAPL,0.00244723,0.00806708,-0.00207008,-0.07125306
AIT-2025-12-002,ABNB,0.04886651,0.05560595,0.07812939,0.11460121
AIT-2025-12-002,ADBE,0.01720760,0.01246246,0.03709524,-0.08140920
AIT-2025-12-002,ADI,0.01020187,0.00779794,-0.01342184,0.04238855
AIT-2025-12-002,ADP,0.01725779,0.00968619,-0.00547207,0.00125479
AIT-2025-12-002,ADSK,-0.01087408,-0.00930431,0.00762908,-0.10435333
AIT-2025-12-002,AEP,0.01296115,0.00211129,-0.00138536,0.00407826
AIT-2025-12-002,ALAB,-0.15650629,-0.14447876,-0.03123389,-0.01164883
AIT-2025-12-002,ALNY,-0.04611942,-0.04716054,-0.03702086,-0.16671515
AIT-2025-12-002,AMAT,-0.01537277,-0.02155395,-0.04241311,0.08867272
AIT-2025-12-002,AMD,-0.04400965,-0.03360123,-0.02978791,-0.07174434
AIT-2025-12-002,AMGN,0.02991854,0.03524000,0.03371496,0.01264548
AIT-2025-12-002,AMZN,-0.01687871,-0.01277975,0.00258141,0.04944251
AIT-2025-12-002,APP,-0.03693736,-0.03006482,0.01935847,-0.11359312
AIT-2025-12-002,ARM,-0.05943767,-0.07860204,-0.14563704,-0.22244787
AIT-2025-12-002,ASML,-0.01561991,-0.02353247,-0.05088841,0.10085351
AIT-2025-12-002,ASX,-0.03613517,-0.05147912,-0.07029801,0.10185639
AIT-2025-12-002,AVGO,-0.15458481,-0.14815588,-0.16655741,-0.19312970
AIT-2025-12-002,AXON,-0.03823592,-0.02950204,0.03439850,0.09406514
AIT-2025-12-002,BKNG,0.04704396,0.04663795,0.03555371,0.01344518
AIT-2025-12-002,BKR,0.00192495,-0.03488260,-0.04817988,0.02326318
AIT-2025-12-002,CCEP,0.03316475,0.03526748,0.03360903,-0.00265024
AIT-2025-12-002,CDNS,-0.03656277,-0.03002517,-0.05235580,-0.05375128
AIT-2025-12-002,CEG,-0.03666177,-0.00907971,-0.04483685,-0.14597071
AIT-2025-12-002,CMCSA,0.03388827,0.09127714,0.08815744,0.13144732
AIT-2025-12-002,COST,-0.01880702,-0.01653514,-0.02136332,0.08418957
AIT-2025-12-002,CPRT,0.01092789,0.02715567,0.02881794,0.07412253
AIT-2025-12-002,CRDO,-0.05845612,-0.06775236,-0.02438511,-0.06614587
AIT-2025-12-002,CRWD,-0.04305242,-0.03775820,-0.06249472,-0.12869128
AIT-2025-12-002,CRWV,-0.16162713,-0.19902643,-0.01863670,-0.04650883
AIT-2025-12-002,CSCO,-0.00325563,-0.01033015,-0.00480479,-0.06048998
AIT-2025-12-002,CSX,0.00951082,0.00119324,-0.01111504,-0.04917739
AIT-2025-12-002,CTAS,0.00747808,0.00571256,0.00503922,0.03551452
AIT-2025-12-002,DASH,0.02851715,0.03693504,0.05966956,-0.03086771
AIT-2025-12-002,DDOG,-0.04023652,-0.05213701,-0.05992526,-0.20928176
AIT-2025-12-002,DXCM,-0.03027297,-0.01555607,-0.01917534,0.05905429
AIT-2025-12-002,EA,0.00204040,0.00069808,-0.00890965,-0.04542622
AIT-2025-12-002,ENTG,-0.03008034,-0.04277634,-0.09266511,0.10270482
AIT-2025-12-002,EXC,0.01748439,0.01463848,0.01121288,-0.00240078
AIT-2025-12-002,FANG,-0.00288963,-0.03139055,-0.04080871,-0.03062575
AIT-2025-12-002,FAST,0.02705987,0.02298336,0.01960695,0.00934303
AIT-2025-12-002,FER,0.01413533,0.01427336,-0.01019429,-0.02602735
AIT-2025-12-002,FTNT,0.00756099,0.02462553,-0.00263206,-0.01777500
AIT-2025-12-002,GEHC,0.00025513,-0.02084835,-0.01614279,0.00436935
AIT-2025-12-002,GILD,-0.01813138,-0.02612064,0.01565146,-0.02023632
AIT-2025-12-002,GOOG,-0.00707818,-0.01211833,-0.02180761,0.00711118
AIT-2025-12-002,GOOGL,-0.00662490,-0.01191708,-0.02271624,0.00858449
AIT-2025-12-002,HON,0.02987203,0.03684403,0.03856210,0.08861200
AIT-2025-12-002,IDXX,-0.00191785,-0.01193767,-0.01421442,-0.04713743
AIT-2025-12-002,INTC,-0.03681003,-0.04005811,-0.06659334,0.14024080
AIT-2025-12-002,INTU,-0.02152244,0.00313351,0.00021532,-0.12060341
AIT-2025-12-002,ISRG,0.03854000,0.03363517,0.06075776,0.03006187
AIT-2025-12-002,KDP,-0.00286147,-0.02288980,-0.04498668,-0.02806470
AIT-2025-12-002,KHC,0.01023512,0.01943790,0.01404474,-0.01641385
AIT-2025-12-002,KLAC,0.00155075,0.00315693,0.00931161,0.10714506
AIT-2025-12-002,LIN,0.04343648,0.06179721,0.05677343,0.11127830
AIT-2025-12-002,LITE,-0.08176794,-0.13767472,-0.00364154,-0.15572857
AIT-2025-12-002,LRCX,-0.00689634,-0.01052653,0.02973898,0.18727910
AIT-2025-12-002,MAR,0.05394539,0.04889665,0.05707978,0.08006232
AIT-2025-12-002,MCHP,0.00326851,-0.00795018,-0.03003152,0.09237753
AIT-2025-12-002,MDLZ,0.01143381,0.00707145,0.01843981,0.06384011
AIT-2025-12-002,MELI,-0.01415062,-0.02785666,0.00228449,0.03792485
AIT-2025-12-002,META,0.01256314,0.03237585,0.03008483,-0.02496353
AIT-2025-12-002,MNST,0.03331250,0.03912678,0.04432126,0.03997174
AIT-2025-12-002,MPWR,-0.00650030,0.00097157,-0.02781889,-0.02853247
AIT-2025-12-002,MRVL,-0.02759915,-0.02232310,-0.02951583,-0.06011859
AIT-2025-12-002,MSFT,-0.00811977,-0.00283937,0.01104167,-0.04302047
AIT-2025-12-002,MSTR,-0.08914856,-0.04773694,-0.06595678,-0.01072325
AIT-2025-12-002,MTSI,-0.05806598,-0.05200379,-0.07082024,0.09552438
AIT-2025-12-002,MU,-0.06360338,-0.08255545,0.03633896,0.19503980
AIT-2025-12-002,NBIS,-0.12679590,-0.12812318,-0.04446106,0.00938182
AIT-2025-12-002,NFLX,0.00683057,0.01764145,0.01145185,-0.04645695
AIT-2025-12-002,NVDA,-0.00579779,0.00622381,0.01391055,-0.00465817
AIT-2025-12-002,NXPI,0.02623352,0.02408483,0.00484234,0.05863519
AIT-2025-12-002,ODFL,0.00845887,0.01022409,0.01334597,0.11190944
AIT-2025-12-002,ON,0.01073240,0.00763124,0.01242988,0.07037378
AIT-2025-12-002,ORLY,0.01302843,-0.01075011,-0.03395593,-0.00615530
AIT-2025-12-002,PANW,-0.00777232,0.00259762,-0.00255256,0.00902118
AIT-2025-12-002,PAYX,0.01740358,0.01942411,-0.00395513,-0.01055922
AIT-2025-12-002,PCAR,0.01304332,0.00879193,0.01309055,0.07432622
AIT-2025-12-002,PDD,-0.00406346,-0.01405922,-0.01078866,0.01147457
AIT-2025-12-002,PEP,0.01738392,0.01252533,-0.00253313,-0.03356157
AIT-2025-12-002,PLTR,-0.00408101,0.02328253,0.03793719,-0.11041907
AIT-2025-12-002,PYPL,0.00356388,0.01845908,-0.00830165,-0.06194560
AIT-2025-12-002,QCOM,0.00825812,-0.00459105,-0.01538673,-0.08906840
AIT-2025-12-002,REGN,0.01403479,0.00685536,0.03131107,0.00472714
AIT-2025-12-002,RKLB,-0.11317724,-0.10974501,0.12790128,0.25896057
AIT-2025-12-002,ROP,0.00601484,0.00988551,0.01491941,-0.00969452
AIT-2025-12-002,ROST,0.01297900,0.00370516,-0.00315240,0.02664284
AIT-2025-12-002,SBUX,0.02514960,0.02639444,0.06512206,0.10205133
AIT-2025-12-002,SHOP,-0.00482651,0.02085371,0.04538251,-0.01898867
AIT-2025-12-002,SNDK,-0.15353113,-0.11789225,-0.02303069,0.36210295
AIT-2025-12-002,SNPS,-0.02944230,-0.00593196,-0.00928304,0.08119921
AIT-2025-12-002,STX,-0.06465685,-0.05649361,-0.04822290,-0.05037652
AIT-2025-12-002,TER,-0.02551661,-0.03435018,-0.03276705,0.07738521
AIT-2025-12-002,TMUS,0.01020899,0.02169610,0.01823738,-0.00067882
AIT-2025-12-002,TRI,0.00766935,0.01464426,0.01187551,-0.00891453
AIT-2025-12-002,TSLA,0.08810460,0.12398421,0.09296703,-0.03211488
AIT-2025-12-002,TSM,-0.04224496,-0.04280453,-0.04652640,0.04473794
AIT-2025-12-002,TTWO,0.01566410,0.01679165,0.02404327,0.00650322
AIT-2025-12-002,TXN,-0.00058434,0.00249386,-0.00686193,0.06471282
AIT-2025-12-002,UMC,0.00366370,0.01203674,0.03220577,0.08317305
AIT-2025-12-002,VRTX,0.02821302,0.02835639,0.03100456,0.03185470
AIT-2025-12-002,WBD,0.02251353,-0.00334332,-0.06303093,-0.10925999
AIT-2025-12-002,WDAY,-0.02671722,-0.01741720,-0.00828247,-0.10123565
AIT-2025-12-002,WDC,-0.07282439,-0.05892622,-0.04483182,0.03631120
AIT-2025-12-002,WMT,0.01979186,0.00946608,-0.00350748,0.03508383
AIT-2025-12-002,XEL,0.01513718,-0.01126656,-0.02903708,-0.00521762
AIT-2025-12-003,AAPL,-0.01513543,-0.03319119,-0.03468742,-0.11188909
AIT-2025-12-003,ABNB,-0.00667627,-0.00055947,-0.00623038,0.00277998
AIT-2025-12-003,ADBE,-0.00660106,-0.00508927,-0.01568401,-0.15974767
AIT-2025-12-003,ADI,-0.01358575,-0.01831840,-0.02681174,0.07350158
AIT-2025-12-003,ADP,-0.03531039,-0.03048419,-0.03404635,-0.01399574
AIT-2025-12-003,ADSK,0.00941510,0.00516404,-0.00109662,-0.14979446
AIT-2025-12-003,AEP,-0.00491962,-0.00509669,0.00125453,0.02448468
AIT-2025-12-003,ALAB,0.12387364,0.15679428,0.09794588,0.19585743
AIT-2025-12-003,ALNY,0.00017458,0.01050399,-0.02277056,-0.16514047
AIT-2025-12-003,AMAT,0.00265376,0.00110551,-0.00605972,0.19776858
AIT-2025-12-003,AMD,0.03652254,0.02793374,0.00280714,0.07535827
AIT-2025-12-003,AMGN,-0.00417866,0.00484055,0.00488489,0.00557580
AIT-2025-12-003,AMZN,0.00610186,0.00292956,0.01111860,0.03513303
AIT-2025-12-003,APP,0.05615163,0.05762962,0.00640623,-0.21963838
AIT-2025-12-003,ARM,-0.03880362,-0.05788359,-0.09970082,-0.07606378
AIT-2025-12-003,ASML,0.01358853,0.00438311,0.00373671,0.22877144
AIT-2025-12-003,ASX,0.00255257,0.00525912,0.01371898,0.20021586
AIT-2025-12-003,AVGO,0.01046393,0.00248260,0.01212113,-0.05053584
AIT-2025-12-003,AXON,0.06266475,0.06669827,0.03215395,0.12178805
AIT-2025-12-003,BKNG,-0.00526442,-0.00835107,-0.00842111,-0.06050689
AIT-2025-12-003,BKR,-0.03169558,-0.01978903,-0.03559040,0.11520179
AIT-2025-12-003,CCEP,-0.00448343,-0.01450105,-0.01375762,-0.02930880
AIT-2025-12-003,CDNS,-0.01579776,-0.01567624,-0.02312679,-0.04302731
AIT-2025-12-003,CEG,0.01338161,0.00862663,-0.00099833,-0.17852524
AIT-2025-12-003,CMCSA,-0.03183179,-0.04450125,-0.03045434,0.03516287
AIT-2025-12-003,COST,-0.01417345,-0.02274341,0.00373682,0.12824282
AIT-2025-12-003,CPRT,-0.00605832,0.00001740,0.00053891,0.08097743
AIT-2025-12-003,CRDO,0.06145208,0.03803034,-0.03451160,-0.01278638
AIT-2025-12-003,CRWD,-0.00144444,-0.00721540,-0.02463016,-0.08827894
AIT-2025-12-003,CRWV,0.23191983,0.23687453,0.10585620,0.32518979
AIT-2025-12-003,CSCO,0.01649505,0.00677281,-0.00069747,-0.04859457
AIT-2025-12-003,CSX,-0.01210434,-0.01554248,-0.01908939,-0.03503813
AIT-2025-12-003,CTAS,-0.00690761,0.01387463,0.00775040,0.04943476
AIT-2025-12-003,DASH,0.03597459,0.03057380,0.01680657,-0.07904352
AIT-2025-12-003,DDOG,0.00390439,0.00540789,-0.03259762,-0.18720102
AIT-2025-12-003,DXCM,-0.00803948,0.00841889,0.00851223,0.10540211
AIT-2025-12-003,EA,-0.00827980,-0.01312106,-0.01749237,-0.04954998
AIT-2025-12-003,ENTG,-0.04564014,-0.04526446,-0.04341970,0.33326616
AIT-2025-12-003,EXC,-0.01356012,-0.01648205,-0.01717200,0.01185258
AIT-2025-12-003,FANG,-0.05738925,-0.06226138,-0.08525472,-0.03781600
AIT-2025-12-003,FAST,0.00120684,-0.01682672,-0.02646488,0.01055228
AIT-2025-12-003,FER,-0.00980546,-0.03774378,-0.04229202,-0.03792476
AIT-2025-12-003,FTNT,-0.00545412,0.00765706,0.00194479,-0.02118480
AIT-2025-12-003,GEHC,-0.01314380,-0.00738750,-0.01785047,-0.02916911
AIT-2025-12-003,GILD,0.01719219,0.01348514,0.01405427,0.01547199
AIT-2025-12-003,GOOG,0.01360143,0.01370576,0.00975264,0.01215661
AIT-2025-12-003,GOOGL,0.01316929,0.01289338,0.00912531,0.01506160
AIT-2025-12-003,HON,-0.01619386,-0.03645456,-0.03366616,0.08056317
AIT-2025-12-003,IDXX,-0.01458140,-0.02059858,-0.05445663,-0.06954190
AIT-2025-12-003,INTC,-0.00894123,-0.03319481,-0.05814199,0.23551673
AIT-2025-12-003,INTU,0.00207800,0.00281395,-0.00113676,-0.21842470
AIT-2025-12-003,ISRG,0.00957443,0.01578617,0.00524463,-0.04893739
AIT-2025-12-003,KDP,-0.00780155,0.00419938,0.00028199,0.02294058
AIT-2025-12-003,KHC,-0.01285405,-0.02846111,-0.02837348,-0.02020012
AIT-2025-12-003,KLAC,0.03099137,0.03497154,0.02751035,0.19230365
AIT-2025-12-003,LIN,-0.00998049,-0.00772271,-0.00629710,0.04113620
AIT-2025-12-003,LITE,0.10194562,0.13016726,0.09316861,-0.03004269
AIT-2025-12-003,LRCX,0.07229845,0.07535211,0.06846504,0.29766310
AIT-2025-12-003,MAR,-0.01708500,-0.01198655,-0.01390634,0.00744322
AIT-2025-12-003,MCHP,-0.02038190,-0.01257857,-0.04620754,0.14287190
AIT-2025-12-003,MDLZ,0.01202026,0.00846088,0.01578152,0.10077450
AIT-2025-12-003,MELI,0.02833580,0.02132741,0.02163724,0.06351586
AIT-2025-12-003,META,-0.00740803,-0.01119334,-0.01673493,-0.06574854
AIT-2025-12-003,MNST,0.01708870,0.03188802,0.02046352,0.05994646
AIT-2025-12-003,MPWR,-0.01234125,-0.01885468,-0.03908425,0.07759871
AIT-2025-12-003,MRVL,-0.00586476,-0.01046640,-0.00729832,-0.03096655
AIT-2025-12-003,MSFT,0.00500927,-0.00299897,-0.00581137,-0.06758317
AIT-2025-12-003,MSTR,0.00007573,-0.01289640,-0.05467308,0.04124409
AIT-2025-12-003,MTSI,0.00434738,-0.00346479,-0.02265133,0.23639209
AIT-2025-12-003,MU,0.12916136,0.15224423,0.15361235,0.39842246
AIT-2025-12-003,NBIS,0.13054522,0.15230400,0.05410691,0.14099273
AIT-2025-12-003,NFLX,-0.01770122,-0.03507896,-0.02848586,-0.09353028
AIT-2025-12-003,NVDA,0.02791714,0.03121882,0.05121840,-0.00313612
AIT-2025-12-003,NXPI,-0.01432007,-0.01272737,-0.05044542,0.04186852
AIT-2025-12-003,ODFL,-0.00402329,0.00298860,0.00059637,0.11338998
AIT-2025-12-003,ON,0.00313818,0.01232315,-0.02787752,0.10875194
AIT-2025-12-003,ORLY,-0.02325904,-0.01633002,-0.01324654,0.01621032
AIT-2025-12-003,PANW,0.00087273,0.00832523,-0.00434535,0.00521346
AIT-2025-12-003,PAYX,-0.04425029,-0.02284264,-0.02759418,-0.04520976
AIT-2025-12-003,PCAR,-0.00081340,0.00555611,-0.00866438,0.08220660
AIT-2025-12-003,PDD,0.03042636,0.04777597,0.06963207,-0.00698655
AIT-2025-12-003,PEP,-0.01577031,-0.02431708,-0.04756768,-0.01364213
AIT-2025-12-003,PLTR,0.05089975,0.03911643,-0.01176281,-0.12514634
AIT-2025-12-003,PYPL,-0.02438066,-0.03004533,-0.03395524,-0.07219489
AIT-2025-12-003,QCOM,-0.00652137,-0.02105079,-0.02807134,-0.11813938
AIT-2025-12-003,REGN,0.01416634,0.02514638,0.02687398,-0.03220253
AIT-2025-12-003,RKLB,0.24706654,0.33073650,0.21455803,0.44568215
AIT-2025-12-003,ROP,-0.02236437,-0.01466819,-0.01025785,-0.07726590
AIT-2025-12-003,ROST,-0.01514436,-0.02985872,-0.03557246,0.01021874
AIT-2025-12-003,SBUX,0.02323999,-0.00588229,-0.02024474,0.13279195
AIT-2025-12-003,SHOP,0.01001511,-0.00380320,-0.01667837,-0.14701498
AIT-2025-12-003,SNDK,0.08888226,0.08107671,0.07781061,0.67517855
AIT-2025-12-003,SNPS,0.00260344,0.03264547,0.01480716,0.11445088
AIT-2025-12-003,STX,0.03346642,-0.02567917,-0.03628983,0.07290739
AIT-2025-12-003,TER,0.01823407,0.01506684,0.00243402,0.12968286
AIT-2025-12-003,TMUS,-0.01478217,-0.01994946,0.00870041,-0.05382649
AIT-2025-12-003,TRI,-0.00695856,0.00254695,0.00593311,-0.05416701
AIT-2025-12-003,TSLA,-0.00862831,-0.00769195,-0.05600022,-0.15100203
AIT-2025-12-003,TSM,0.01622225,0.02076523,0.03655705,0.11671288
AIT-2025-12-003,TTWO,0.01718323,0.01762814,0.04123464,-0.01599729
AIT-2025-12-003,TXN,-0.00938004,-0.00207628,-0.01966868,0.09963105
AIT-2025-12-003,UMC,-0.00364140,-0.00615632,-0.02877062,0.29313666
AIT-2025-12-003,VRTX,0.00936314,0.01645491,0.02087377,-0.00405804
AIT-2025-12-003,WBD,-0.05221498,-0.03153948,-0.05408632,-0.09020919
AIT-2025-12-003,WDAY,-0.00043566,-0.00768830,0.00207680,-0.14111260
AIT-2025-12-003,WDC,0.04872298,0.00900744,0.00593788,0.18594457
AIT-2025-12-003,WMT,-0.02169134,-0.04107814,-0.05434334,0.01265040
AIT-2025-12-003,XEL,-0.01113851,0.00317804,0.00756788,0.03645969
AIT-2025-12-006,AAPL,-0.01513543,-0.03319119,-0.03468742,-0.11188909
AIT-2025-12-006,ABNB,-0.00667627,-0.00055947,-0.00623038,0.00277998
AIT-2025-12-006,ADBE,-0.00660106,-0.00508927,-0.01568401,-0.15974767
AIT-2025-12-006,ADI,-0.01358575,-0.01831840,-0.02681174,0.07350158
AIT-2025-12-006,ADP,-0.03531039,-0.03048419,-0.03404635,-0.01399574
AIT-2025-12-006,ADSK,0.00941510,0.00516404,-0.00109662,-0.14979446
AIT-2025-12-006,AEP,-0.00491962,-0.00509669,0.00125453,0.02448468
AIT-2025-12-006,ALAB,0.12387364,0.15679428,0.09794588,0.19585743
AIT-2025-12-006,ALNY,0.00017458,0.01050399,-0.02277056,-0.16514047
AIT-2025-12-006,AMAT,0.00265376,0.00110551,-0.00605972,0.19776858
AIT-2025-12-006,AMD,0.03652254,0.02793374,0.00280714,0.07535827
AIT-2025-12-006,AMGN,-0.00417866,0.00484055,0.00488489,0.00557580
AIT-2025-12-006,AMZN,0.00610186,0.00292956,0.01111860,0.03513303
AIT-2025-12-006,APP,0.05615163,0.05762962,0.00640623,-0.21963838
AIT-2025-12-006,ARM,-0.03880362,-0.05788359,-0.09970082,-0.07606378
AIT-2025-12-006,ASML,0.01358853,0.00438311,0.00373671,0.22877144
AIT-2025-12-006,ASX,0.00255257,0.00525912,0.01371898,0.20021586
AIT-2025-12-006,AVGO,0.01046393,0.00248260,0.01212113,-0.05053584
AIT-2025-12-006,AXON,0.06266475,0.06669827,0.03215395,0.12178805
AIT-2025-12-006,BKNG,-0.00526442,-0.00835107,-0.00842111,-0.06050689
AIT-2025-12-006,BKR,-0.03169558,-0.01978903,-0.03559040,0.11520179
AIT-2025-12-006,CCEP,-0.00448343,-0.01450105,-0.01375762,-0.02930880
AIT-2025-12-006,CDNS,-0.01579776,-0.01567624,-0.02312679,-0.04302731
AIT-2025-12-006,CEG,0.01338161,0.00862663,-0.00099833,-0.17852524
AIT-2025-12-006,CMCSA,-0.03183179,-0.04450125,-0.03045434,0.03516287
AIT-2025-12-006,COST,-0.01417345,-0.02274341,0.00373682,0.12824282
AIT-2025-12-006,CPRT,-0.00605832,0.00001740,0.00053891,0.08097743
AIT-2025-12-006,CRDO,0.06145208,0.03803034,-0.03451160,-0.01278638
AIT-2025-12-006,CRWD,-0.00144444,-0.00721540,-0.02463016,-0.08827894
AIT-2025-12-006,CRWV,0.23191983,0.23687453,0.10585620,0.32518979
AIT-2025-12-006,CSCO,0.01649505,0.00677281,-0.00069747,-0.04859457
AIT-2025-12-006,CSX,-0.01210434,-0.01554248,-0.01908939,-0.03503813
AIT-2025-12-006,CTAS,-0.00690761,0.01387463,0.00775040,0.04943476
AIT-2025-12-006,DASH,0.03597459,0.03057380,0.01680657,-0.07904352
AIT-2025-12-006,DDOG,0.00390439,0.00540789,-0.03259762,-0.18720102
AIT-2025-12-006,DXCM,-0.00803948,0.00841889,0.00851223,0.10540211
AIT-2025-12-006,EA,-0.00827980,-0.01312106,-0.01749237,-0.04954998
AIT-2025-12-006,ENTG,-0.04564014,-0.04526446,-0.04341970,0.33326616
AIT-2025-12-006,EXC,-0.01356012,-0.01648205,-0.01717200,0.01185258
AIT-2025-12-006,FANG,-0.05738925,-0.06226138,-0.08525472,-0.03781600
AIT-2025-12-006,FAST,0.00120684,-0.01682672,-0.02646488,0.01055228
AIT-2025-12-006,FER,-0.00980546,-0.03774378,-0.04229202,-0.03792476
AIT-2025-12-006,FTNT,-0.00545412,0.00765706,0.00194479,-0.02118480
AIT-2025-12-006,GEHC,-0.01314380,-0.00738750,-0.01785047,-0.02916911
AIT-2025-12-006,GILD,0.01719219,0.01348514,0.01405427,0.01547199
AIT-2025-12-006,GOOG,0.01360143,0.01370576,0.00975264,0.01215661
AIT-2025-12-006,GOOGL,0.01316929,0.01289338,0.00912531,0.01506160
AIT-2025-12-006,HON,-0.01619386,-0.03645456,-0.03366616,0.08056317
AIT-2025-12-006,IDXX,-0.01458140,-0.02059858,-0.05445663,-0.06954190
AIT-2025-12-006,INTC,-0.00894123,-0.03319481,-0.05814199,0.23551673
AIT-2025-12-006,INTU,0.00207800,0.00281395,-0.00113676,-0.21842470
AIT-2025-12-006,ISRG,0.00957443,0.01578617,0.00524463,-0.04893739
AIT-2025-12-006,KDP,-0.00780155,0.00419938,0.00028199,0.02294058
AIT-2025-12-006,KHC,-0.01285405,-0.02846111,-0.02837348,-0.02020012
AIT-2025-12-006,KLAC,0.03099137,0.03497154,0.02751035,0.19230365
AIT-2025-12-006,LIN,-0.00998049,-0.00772271,-0.00629710,0.04113620
AIT-2025-12-006,LITE,0.10194562,0.13016726,0.09316861,-0.03004269
AIT-2025-12-006,LRCX,0.07229845,0.07535211,0.06846504,0.29766310
AIT-2025-12-006,MAR,-0.01708500,-0.01198655,-0.01390634,0.00744322
AIT-2025-12-006,MCHP,-0.02038190,-0.01257857,-0.04620754,0.14287190
AIT-2025-12-006,MDLZ,0.01202026,0.00846088,0.01578152,0.10077450
AIT-2025-12-006,MELI,0.02833580,0.02132741,0.02163724,0.06351586
AIT-2025-12-006,META,-0.00740803,-0.01119334,-0.01673493,-0.06574854
AIT-2025-12-006,MNST,0.01708870,0.03188802,0.02046352,0.05994646
AIT-2025-12-006,MPWR,-0.01234125,-0.01885468,-0.03908425,0.07759871
AIT-2025-12-006,MRVL,-0.00586476,-0.01046640,-0.00729832,-0.03096655
AIT-2025-12-006,MSFT,0.00500927,-0.00299897,-0.00581137,-0.06758317
AIT-2025-12-006,MSTR,0.00007573,-0.01289640,-0.05467308,0.04124409
AIT-2025-12-006,MTSI,0.00434738,-0.00346479,-0.02265133,0.23639209
AIT-2025-12-006,MU,0.12916136,0.15224423,0.15361235,0.39842246
AIT-2025-12-006,NBIS,0.13054522,0.15230400,0.05410691,0.14099273
AIT-2025-12-006,NFLX,-0.01770122,-0.03507896,-0.02848586,-0.09353028
AIT-2025-12-006,NVDA,0.02791714,0.03121882,0.05121840,-0.00313612
AIT-2025-12-006,NXPI,-0.01432007,-0.01272737,-0.05044542,0.04186852
AIT-2025-12-006,ODFL,-0.00402329,0.00298860,0.00059637,0.11338998
AIT-2025-12-006,ON,0.00313818,0.01232315,-0.02787752,0.10875194
AIT-2025-12-006,ORLY,-0.02325904,-0.01633002,-0.01324654,0.01621032
AIT-2025-12-006,PANW,0.00087273,0.00832523,-0.00434535,0.00521346
AIT-2025-12-006,PAYX,-0.04425029,-0.02284264,-0.02759418,-0.04520976
AIT-2025-12-006,PCAR,-0.00081340,0.00555611,-0.00866438,0.08220660
AIT-2025-12-006,PDD,0.03042636,0.04777597,0.06963207,-0.00698655
AIT-2025-12-006,PEP,-0.01577031,-0.02431708,-0.04756768,-0.01364213
AIT-2025-12-006,PLTR,0.05089975,0.03911643,-0.01176281,-0.12514634
AIT-2025-12-006,PYPL,-0.02438066,-0.03004533,-0.03395524,-0.07219489
AIT-2025-12-006,QCOM,-0.00652137,-0.02105079,-0.02807134,-0.11813938
AIT-2025-12-006,REGN,0.01416634,0.02514638,0.02687398,-0.03220253
AIT-2025-12-006,RKLB,0.24706654,0.33073650,0.21455803,0.44568215
AIT-2025-12-006,ROP,-0.02236437,-0.01466819,-0.01025785,-0.07726590
AIT-2025-12-006,ROST,-0.01514436,-0.02985872,-0.03557246,0.01021874
AIT-2025-12-006,SBUX,0.02323999,-0.00588229,-0.02024474,0.13279195
AIT-2025-12-006,SHOP,0.01001511,-0.00380320,-0.01667837,-0.14701498
AIT-2025-12-006,SNDK,0.08888226,0.08107671,0.07781061,0.67517855
AIT-2025-12-006,SNPS,0.00260344,0.03264547,0.01480716,0.11445088
AIT-2025-12-006,STX,0.03346642,-0.02567917,-0.03628983,0.07290739
AIT-2025-12-006,TER,0.01823407,0.01506684,0.00243402,0.12968286
AIT-2025-12-006,TMUS,-0.01478217,-0.01994946,0.00870041,-0.05382649
AIT-2025-12-006,TRI,-0.00695856,0.00254695,0.00593311,-0.05416701
AIT-2025-12-006,TSLA,-0.00862831,-0.00769195,-0.05600022,-0.15100203
AIT-2025-12-006,TSM,0.01622225,0.02076523,0.03655705,0.11671288
AIT-2025-12-006,TTWO,0.01718323,0.01762814,0.04123464,-0.01599729
AIT-2025-12-006,TXN,-0.00938004,-0.00207628,-0.01966868,0.09963105
AIT-2025-12-006,UMC,-0.00364140,-0.00615632,-0.02877062,0.29313666
AIT-2025-12-006,VRTX,0.00936314,0.01645491,0.02087377,-0.00405804
AIT-2025-12-006,WBD,-0.05221498,-0.03153948,-0.05408632,-0.09020919
AIT-2025-12-006,WDAY,-0.00043566,-0.00768830,0.00207680,-0.14111260
AIT-2025-12-006,WDC,0.04872298,0.00900744,0.00593788,0.18594457
AIT-2025-12-006,WMT,-0.02169134,-0.04107814,-0.05434334,0.01265040
AIT-2025-12-006,XEL,-0.01113851,0.00317804,0.00756788,0.03645969
AIT-2025-12-007,AAPL,0.00023239,-0.00083136,0.01073590,-0.09022173
AIT-2025-12-007,ABNB,-0.00857821,-0.00657891,0.00593725,-0.00885706
AIT-2025-12-007,ADBE,-0.01575363,-0.01129148,-0.00516308,-0.13065903
AIT-2025-12-007,ADI,-0.00640247,-0.00870136,-0.00923756,0.09753602
AIT-2025-12-007,ADP,-0.00853926,-0.00439139,0.00018380,0.01579155
AIT-2025-12-007,ADSK,-0.01478646,-0.00638698,-0.01151084,-0.10858839
AIT-2025-12-007,AEP,0.00357519,0.00589361,0.00157693,0.00040268
AIT-2025-12-007,ALAB,-0.04120833,-0.06097264,-0.05099149,-0.10095882
AIT-2025-12-007,ALNY,-0.02959004,-0.03241807,-0.03706574,-0.18549063
AIT-2025-12-007,AMAT,-0.00948999,-0.00681021,-0.01167287,0.18048988
AIT-2025-12-007,AMD,-0.02177013,-0.02453768,-0.01144231,0.12515968
AIT-2025-12-007,AMGN,0.00392922,0.00093158,-0.01003894,0.03991418
AIT-2025-12-007,AMZN,0.00757282,0.00874900,0.01872204,0.04908346
AIT-2025-12-007,APP,-0.03257936,-0.05481832,-0.10105853,-0.42275751
AIT-2025-12-007,ARM,-0.03137262,-0.04195623,-0.02246830,0.02983603
AIT-2025-12-007,ASML,-0.00540431,0.00038959,0.01122589,0.25041145
AIT-2025-12-007,ASX,-0.00036241,0.00930792,0.04515898,0.19929324
AIT-2025-12-007,AVGO,0.00657114,0.00935981,0.00386174,-0.13058444
AIT-2025-12-007,AXON,-0.02303320,-0.03520273,-0.05009491,0.02116768
AIT-2025-12-007,BKNG,0.00011883,-0.00065757,-0.00367216,-0.05748639
AIT-2025-12-007,BKR,-0.01500519,-0.01595097,0.00492371,0.16680472
AIT-2025-12-007,CCEP,-0.00070216,0.00068143,-0.00874433,-0.02474223
AIT-2025-12-007,CDNS,-0.01094478,-0.00791481,-0.01435270,-0.01627081
AIT-2025-12-007,CEG,0.00071523,-0.01039344,-0.01589632,-0.24721291
AIT-2025-12-007,CMCSA,0.01619675,0.01416857,0.03584964,0.11601735
AIT-2025-12-007,COST,0.02400270,0.02687724,0.02335874,0.16782454
AIT-2025-12-007,CPRT,-0.00679913,0.00057244,0.01030813,0.09511223
AIT-2025-12-007,CRDO,-0.03174572,-0.07329002,-0.06589568,-0.25106996
AIT-2025-12-007,CRWD,-0.02612259,-0.01828832,-0.02898595,-0.09063632
AIT-2025-12-007,CRWV,-0.09767367,-0.13325207,-0.18599791,0.00139231
AIT-2025-12-007,CSCO,-0.00890677,-0.00740254,-0.01251279,-0.05373751
AIT-2025-12-007,CSX,0.00010838,-0.00439349,-0.00613684,-0.00521872
AIT-2025-12-007,CTAS,-0.00734632,-0.00658921,-0.01252013,0.02065300
AIT-2025-12-007,DASH,-0.02321753,-0.01512456,-0.03171274,-0.13522485
AIT-2025-12-007,DDOG,-0.03862853,-0.03728179,-0.04111720,-0.10171795
AIT-2025-12-007,DXCM,-0.00487700,-0.00092274,-0.00173810,0.10829423
AIT-2025-12-007,EA,-0.00165909,-0.00349670,-0.00747395,-0.04152872
AIT-2025-12-007,ENTG,-0.01024263,0.00142024,0.01401630,0.34296492
AIT-2025-12-007,EXC,-0.00141491,-0.00080025,-0.00080154,0.00591940
AIT-2025-12-007,FANG,-0.01985620,-0.02361383,0.01918310,0.03695308
AIT-2025-12-007,FAST,-0.00298787,-0.00923245,-0.03573935,0.05193236
AIT-2025-12-007,FER,-0.00644162,-0.00463699,-0.01260164,-0.00707379
AIT-2025-12-007,FTNT,-0.01319563,-0.00666829,-0.01320273,0.02970741
AIT-2025-12-007,GEHC,-0.01516265,-0.01125217,-0.01048802,-0.03227143
AIT-2025-12-007,GILD,0.00880983,0.00105218,-0.01015352,0.09047564
AIT-2025-12-007,GOOG,0.00108994,-0.00344480,-0.00211267,-0.00213437
AIT-2025-12-007,GOOGL,0.00092590,-0.00324407,0.00014000,0.00043135
AIT-2025-12-007,HON,-0.00005179,0.00316473,0.00453550,0.13770871
AIT-2025-12-007,IDXX,-0.03196430,-0.03339715,-0.04408870,-0.05770143
AIT-2025-12-007,INTC,-0.02349473,-0.02509144,0.00389427,0.18243234
AIT-2025-12-007,INTU,-0.00719024,-0.00436259,-0.01423698,-0.17276892
AIT-2025-12-007,ISRG,-0.01289416,-0.01097679,-0.01450973,-0.09325993
AIT-2025-12-007,KDP,-0.00884987,-0.00443922,-0.00214239,0.00738106
AIT-2025-12-007,KHC,-0.00529307,0.00055237,0.01324037,-0.01220717
AIT-2025-12-007,KLAC,-0.00774854,-0.00713467,-0.04286683,0.14451415
AIT-2025-12-007,LIN,0.00100047,0.00207974,0.01731813,0.08848352
AIT-2025-12-007,LITE,-0.01806947,-0.03847913,-0.09087431,-0.28224202
AIT-2025-12-007,LRCX,-0.00806447,-0.00604938,-0.02940026,0.16919958
AIT-2025-12-007,MAR,-0.00351788,-0.00169551,-0.00432570,0.02164407
AIT-2025-12-007,MCHP,-0.02996198,-0.03525272,-0.02351665,0.13278623
AIT-2025-12-007,MDLZ,0.00657684,0.00791914,0.00674186,0.10366816
AIT-2025-12-007,MELI,-0.00351997,0.00089838,0.01740073,0.08224692
AIT-2025-12-007,META,-0.00078502,-0.00618220,0.00909442,0.00704845
AIT-2025-12-007,MNST,-0.00835983,-0.01094588,-0.01848074,0.02804076
AIT-2025-12-007,MPWR,-0.01160177,-0.01979386,-0.03739998,0.08587145
AIT-2025-12-007,MRVL,0.00264654,0.00094407,0.01100221,-0.06819164
AIT-2025-12-007,MSFT,-0.00110806,-0.00189842,-0.00045545,-0.04902359
AIT-2025-12-007,MSTR,-0.04250208,-0.03775261,-0.04493332,0.07551832
AIT-2025-12-007,MTSI,-0.01366665,-0.01970856,-0.02504362,0.19116115
AIT-2025-12-007,MU,0.01218559,0.00214767,0.02030463,0.29664603
AIT-2025-12-007,NBIS,-0.05304902,-0.09816340,-0.13558368,-0.11831816
AIT-2025-12-007,NFLX,-0.00161000,0.00739921,0.00933124,-0.08121222
AIT-2025-12-007,NVDA,0.01099643,0.02011597,0.01538905,-0.01281421
AIT-2025-12-007,NXPI,-0.02882239,-0.03812492,-0.03849546,0.03269481
AIT-2025-12-007,ODFL,-0.00562821,-0.00313425,-0.00153009,0.11954171
AIT-2025-12-007,ON,-0.03846698,-0.04079818,-0.03049405,0.09244722
AIT-2025-12-007,ORLY,0.00490473,0.00278934,-0.00830479,0.06828484
AIT-2025-12-007,PANW,-0.02049911,-0.01336560,-0.02056279,-0.04642062
AIT-2025-12-007,PAYX,-0.00365168,-0.00507066,-0.00957700,-0.03616250
AIT-2025-12-007,PCAR,-0.01747991,-0.01434522,-0.02267624,0.08623327
AIT-2025-12-007,PDD,0.00882151,0.02334963,0.02017326,-0.03871174
AIT-2025-12-007,PEP,-0.02363590,-0.02308957,-0.02168216,-0.01187541
AIT-2025-12-007,PLTR,-0.02045220,-0.05135553,-0.09618340,-0.20445695
AIT-2025-12-007,PYPL,-0.00407146,-0.00356778,-0.01024790,-0.02983679
AIT-2025-12-007,QCOM,-0.00759412,-0.00664964,-0.00863128,-0.10584774
AIT-2025-12-007,REGN,0.00102258,0.00274197,-0.00681934,-0.03376876
AIT-2025-12-007,RKLB,-0.02910929,-0.11776627,-0.11921761,0.05478977
AIT-2025-12-007,ROP,0.00331740,0.00458792,0.00533654,-0.05640999
AIT-2025-12-007,ROST,-0.00165066,-0.00534333,-0.00476256,0.02258087
AIT-2025-12-007,SBUX,-0.02331388,-0.01521747,-0.00614354,0.16154153
AIT-2025-12-007,SHOP,-0.02054259,-0.01296342,-0.04752553,-0.23008228
AIT-2025-12-007,SNDK,0.00203407,-0.00533106,-0.04904461,0.56850851
AIT-2025-12-007,SNPS,-0.02135020,-0.01796479,-0.01654735,0.04264086
AIT-2025-12-007,STX,-0.01094889,-0.01281481,-0.04981075,0.10452530
AIT-2025-12-007,TER,-0.01270264,-0.01285175,-0.02397525,0.09898666
AIT-2025-12-007,TMUS,0.01699976,0.02823352,0.04534857,-0.02434443
AIT-2025-12-007,TRI,-0.00006274,0.00323350,0.00347066,-0.04022283
AIT-2025-12-007,TSLA,-0.02730163,-0.04947295,-0.08119176,-0.12297279
AIT-2025-12-007,TSM,0.00435027,0.01645658,0.03239127,0.09534844
AIT-2025-12-007,TTWO,0.00638904,0.02386034,0.02971805,-0.02329728
AIT-2025-12-007,TXN,-0.01807339,-0.01817510,-0.01738795,0.09886062
AIT-2025-12-007,UMC,-0.02425225,-0.02220851,-0.03298389,0.26420839
AIT-2025-12-007,VRTX,0.00343459,0.00381030,-0.01010662,0.02923957
AIT-2025-12-007,WBD,-0.00515581,-0.02326879,-0.01123500,-0.09255797
AIT-2025-12-007,WDAY,-0.00976447,0.00960152,-0.00139322,-0.11214180
AIT-2025-12-007,WDC,-0.00999607,-0.00511878,-0.05616199,0.17848610
AIT-2025-12-007,WMT,-0.01448923,-0.01384056,-0.01146815,0.02993263
AIT-2025-12-007,XEL,0.00014603,0.00395523,0.00477174,0.00855001
AIT-2025-12-009,AAPL,0.00023239,-0.00083136,0.01073590,-0.09022173
AIT-2025-12-009,ABNB,-0.00857821,-0.00657891,0.00593725,-0.00885706
AIT-2025-12-009,ADBE,-0.01575363,-0.01129148,-0.00516308,-0.13065903
AIT-2025-12-009,ADI,-0.00640247,-0.00870136,-0.00923756,0.09753602
AIT-2025-12-009,ADP,-0.00853926,-0.00439139,0.00018380,0.01579155
AIT-2025-12-009,ADSK,-0.01478646,-0.00638698,-0.01151084,-0.10858839
AIT-2025-12-009,AEP,0.00357519,0.00589361,0.00157693,0.00040268
AIT-2025-12-009,ALAB,-0.04120833,-0.06097264,-0.05099149,-0.10095882
AIT-2025-12-009,ALNY,-0.02959004,-0.03241807,-0.03706574,-0.18549063
AIT-2025-12-009,AMAT,-0.00948999,-0.00681021,-0.01167287,0.18048988
AIT-2025-12-009,AMD,-0.02177013,-0.02453768,-0.01144231,0.12515968
AIT-2025-12-009,AMGN,0.00392922,0.00093158,-0.01003894,0.03991418
AIT-2025-12-009,AMZN,0.00757282,0.00874900,0.01872204,0.04908346
AIT-2025-12-009,APP,-0.03257936,-0.05481832,-0.10105853,-0.42275751
AIT-2025-12-009,ARM,-0.03137262,-0.04195623,-0.02246830,0.02983603
AIT-2025-12-009,ASML,-0.00540431,0.00038959,0.01122589,0.25041145
AIT-2025-12-009,ASX,-0.00036241,0.00930792,0.04515898,0.19929324
AIT-2025-12-009,AVGO,0.00657114,0.00935981,0.00386174,-0.13058444
AIT-2025-12-009,AXON,-0.02303320,-0.03520273,-0.05009491,0.02116768
AIT-2025-12-009,BKNG,0.00011883,-0.00065757,-0.00367216,-0.05748639
AIT-2025-12-009,BKR,-0.01500519,-0.01595097,0.00492371,0.16680472
AIT-2025-12-009,CCEP,-0.00070216,0.00068143,-0.00874433,-0.02474223
AIT-2025-12-009,CDNS,-0.01094478,-0.00791481,-0.01435270,-0.01627081
AIT-2025-12-009,CEG,0.00071523,-0.01039344,-0.01589632,-0.24721291
AIT-2025-12-009,CMCSA,0.01619675,0.01416857,0.03584964,0.11601735
AIT-2025-12-009,COST,0.02400270,0.02687724,0.02335874,0.16782454
AIT-2025-12-009,CPRT,-0.00679913,0.00057244,0.01030813,0.09511223
AIT-2025-12-009,CRDO,-0.03174572,-0.07329002,-0.06589568,-0.25106996
AIT-2025-12-009,CRWD,-0.02612259,-0.01828832,-0.02898595,-0.09063632
AIT-2025-12-009,CRWV,-0.09767367,-0.13325207,-0.18599791,0.00139231
AIT-2025-12-009,CSCO,-0.00890677,-0.00740254,-0.01251279,-0.05373751
AIT-2025-12-009,CSX,0.00010838,-0.00439349,-0.00613684,-0.00521872
AIT-2025-12-009,CTAS,-0.00734632,-0.00658921,-0.01252013,0.02065300
AIT-2025-12-009,DASH,-0.02321753,-0.01512456,-0.03171274,-0.13522485
AIT-2025-12-009,DDOG,-0.03862853,-0.03728179,-0.04111720,-0.10171795
AIT-2025-12-009,DXCM,-0.00487700,-0.00092274,-0.00173810,0.10829423
AIT-2025-12-009,EA,-0.00165909,-0.00349670,-0.00747395,-0.04152872
AIT-2025-12-009,ENTG,-0.01024263,0.00142024,0.01401630,0.34296492
AIT-2025-12-009,EXC,-0.00141491,-0.00080025,-0.00080154,0.00591940
AIT-2025-12-009,FANG,-0.01985620,-0.02361383,0.01918310,0.03695308
AIT-2025-12-009,FAST,-0.00298787,-0.00923245,-0.03573935,0.05193236
AIT-2025-12-009,FER,-0.00644162,-0.00463699,-0.01260164,-0.00707379
AIT-2025-12-009,FTNT,-0.01319563,-0.00666829,-0.01320273,0.02970741
AIT-2025-12-009,GEHC,-0.01516265,-0.01125217,-0.01048802,-0.03227143
AIT-2025-12-009,GILD,0.00880983,0.00105218,-0.01015352,0.09047564
AIT-2025-12-009,GOOG,0.00108994,-0.00344480,-0.00211267,-0.00213437
AIT-2025-12-009,GOOGL,0.00092590,-0.00324407,0.00014000,0.00043135
AIT-2025-12-009,HON,-0.00005179,0.00316473,0.00453550,0.13770871
AIT-2025-12-009,IDXX,-0.03196430,-0.03339715,-0.04408870,-0.05770143
AIT-2025-12-009,INTC,-0.02349473,-0.02509144,0.00389427,0.18243234
AIT-2025-12-009,INTU,-0.00719024,-0.00436259,-0.01423698,-0.17276892
AIT-2025-12-009,ISRG,-0.01289416,-0.01097679,-0.01450973,-0.09325993
AIT-2025-12-009,KDP,-0.00884987,-0.00443922,-0.00214239,0.00738106
AIT-2025-12-009,KHC,-0.00529307,0.00055237,0.01324037,-0.01220717
AIT-2025-12-009,KLAC,-0.00774854,-0.00713467,-0.04286683,0.14451415
AIT-2025-12-009,LIN,0.00100047,0.00207974,0.01731813,0.08848352
AIT-2025-12-009,LITE,-0.01806947,-0.03847913,-0.09087431,-0.28224202
AIT-2025-12-009,LRCX,-0.00806447,-0.00604938,-0.02940026,0.16919958
AIT-2025-12-009,MAR,-0.00351788,-0.00169551,-0.00432570,0.02164407
AIT-2025-12-009,MCHP,-0.02996198,-0.03525272,-0.02351665,0.13278623
AIT-2025-12-009,MDLZ,0.00657684,0.00791914,0.00674186,0.10366816
AIT-2025-12-009,MELI,-0.00351997,0.00089838,0.01740073,0.08224692
AIT-2025-12-009,META,-0.00078502,-0.00618220,0.00909442,0.00704845
AIT-2025-12-009,MNST,-0.00835983,-0.01094588,-0.01848074,0.02804076
AIT-2025-12-009,MPWR,-0.01160177,-0.01979386,-0.03739998,0.08587145
AIT-2025-12-009,MRVL,0.00264654,0.00094407,0.01100221,-0.06819164
AIT-2025-12-009,MSFT,-0.00110806,-0.00189842,-0.00045545,-0.04902359
AIT-2025-12-009,MSTR,-0.04250208,-0.03775261,-0.04493332,0.07551832
AIT-2025-12-009,MTSI,-0.01366665,-0.01970856,-0.02504362,0.19116115
AIT-2025-12-009,MU,0.01218559,0.00214767,0.02030463,0.29664603
AIT-2025-12-009,NBIS,-0.05304902,-0.09816340,-0.13558368,-0.11831816
AIT-2025-12-009,NFLX,-0.00161000,0.00739921,0.00933124,-0.08121222
AIT-2025-12-009,NVDA,0.01099643,0.02011597,0.01538905,-0.01281421
AIT-2025-12-009,NXPI,-0.02882239,-0.03812492,-0.03849546,0.03269481
AIT-2025-12-009,ODFL,-0.00562821,-0.00313425,-0.00153009,0.11954171
AIT-2025-12-009,ON,-0.03846698,-0.04079818,-0.03049405,0.09244722
AIT-2025-12-009,ORLY,0.00490473,0.00278934,-0.00830479,0.06828484
AIT-2025-12-009,PANW,-0.02049911,-0.01336560,-0.02056279,-0.04642062
AIT-2025-12-009,PAYX,-0.00365168,-0.00507066,-0.00957700,-0.03616250
AIT-2025-12-009,PCAR,-0.01747991,-0.01434522,-0.02267624,0.08623327
AIT-2025-12-009,PDD,0.00882151,0.02334963,0.02017326,-0.03871174
AIT-2025-12-009,PEP,-0.02363590,-0.02308957,-0.02168216,-0.01187541
AIT-2025-12-009,PLTR,-0.02045220,-0.05135553,-0.09618340,-0.20445695
AIT-2025-12-009,PYPL,-0.00407146,-0.00356778,-0.01024790,-0.02983679
AIT-2025-12-009,QCOM,-0.00759412,-0.00664964,-0.00863128,-0.10584774
AIT-2025-12-009,REGN,0.00102258,0.00274197,-0.00681934,-0.03376876
AIT-2025-12-009,RKLB,-0.02910929,-0.11776627,-0.11921761,0.05478977
AIT-2025-12-009,ROP,0.00331740,0.00458792,0.00533654,-0.05640999
AIT-2025-12-009,ROST,-0.00165066,-0.00534333,-0.00476256,0.02258087
AIT-2025-12-009,SBUX,-0.02331388,-0.01521747,-0.00614354,0.16154153
AIT-2025-12-009,SHOP,-0.02054259,-0.01296342,-0.04752553,-0.23008228
AIT-2025-12-009,SNDK,0.00203407,-0.00533106,-0.04904461,0.56850851
AIT-2025-12-009,SNPS,-0.02135020,-0.01796479,-0.01654735,0.04264086
AIT-2025-12-009,STX,-0.01094889,-0.01281481,-0.04981075,0.10452530
AIT-2025-12-009,TER,-0.01270264,-0.01285175,-0.02397525,0.09898666
AIT-2025-12-009,TMUS,0.01699976,0.02823352,0.04534857,-0.02434443
AIT-2025-12-009,TRI,-0.00006274,0.00323350,0.00347066,-0.04022283
AIT-2025-12-009,TSLA,-0.02730163,-0.04947295,-0.08119176,-0.12297279
AIT-2025-12-009,TSM,0.00435027,0.01645658,0.03239127,0.09534844
AIT-2025-12-009,TTWO,0.00638904,0.02386034,0.02971805,-0.02329728
AIT-2025-12-009,TXN,-0.01807339,-0.01817510,-0.01738795,0.09886062
AIT-2025-12-009,UMC,-0.02425225,-0.02220851,-0.03298389,0.26420839
AIT-2025-12-009,VRTX,0.00343459,0.00381030,-0.01010662,0.02923957
AIT-2025-12-009,WBD,-0.00515581,-0.02326879,-0.01123500,-0.09255797
AIT-2025-12-009,WDAY,-0.00976447,0.00960152,-0.00139322,-0.11214180
AIT-2025-12-009,WDC,-0.00999607,-0.00511878,-0.05616199,0.17848610
AIT-2025-12-009,WMT,-0.01448923,-0.01384056,-0.01146815,0.02993263
AIT-2025-12-009,XEL,0.00014603,0.00395523,0.00477174,0.00855001
AIT-2026-01-003,AAPL,0.00264884,0.01098127,0.08590284,0.07013246
AIT-2026-01-003,ABNB,0.00073561,-0.01293697,-0.03467241,0.06982035
AIT-2026-01-003,ADBE,-0.01498818,-0.00595072,-0.03981656,-0.09694527
AIT-2026-01-003,ADI,0.05118423,0.03094185,0.07388804,0.16135325
AIT-2026-01-003,ADP,-0.03066273,-0.02459360,-0.06623896,-0.12170602
AIT-2026-01-003,ADSK,-0.04305260,-0.05077401,-0.07777413,-0.10849270
AIT-2026-01-003,AEP,-0.00320230,0.00107611,0.00146181,0.09504641
AIT-2026-01-003,ALAB,-0.06310287,-0.12040390,-0.14519280,-0.29132225
AIT-2026-01-003,ALNY,-0.02484878,-0.04971326,-0.00826817,-0.09604548
AIT-2026-01-003,AMAT,0.02596939,-0.02630360,-0.09391143,0.11550841
AIT-2026-01-003,AMD,0.00167077,-0.05486157,-0.19173938,-0.20084851
AIT-2026-01-003,AMGN,-0.02283373,-0.02440188,0.05189957,0.09244789
AIT-2026-01-003,AMZN,-0.00856534,-0.01422855,-0.02806145,-0.13939721
AIT-2026-01-003,APP,0.04537135,-0.12106428,-0.29907263,-0.16231232
AIT-2026-01-003,ARM,-0.04797141,-0.06766209,-0.04715616,0.19207796
AIT-2026-01-003,ASML,0.00111943,-0.01787450,-0.06881432,-0.00533082
AIT-2026-01-003,ASX,-0.01698070,-0.05634510,-0.05289256,0.15296088
AIT-2026-01-003,AVGO,-0.00492207,0.00095536,-0.05917403,-0.03903465
AIT-2026-01-003,AXON,-0.16964944,-0.21748513,-0.32197108,-0.05609906
AIT-2026-01-003,BKNG,-0.00559167,-0.02455055,-0.09383652,-0.16936867
AIT-2026-01-003,BKR,0.00512835,-0.00470550,0.05665390,0.14425608
AIT-2026-01-003,CCEP,0.00450852,0.00983348,0.04407394,0.17267686
AIT-2026-01-003,CDNS,-0.04540381,-0.06191164,-0.13457504,-0.03225457
AIT-2026-01-003,CEG,-0.00261683,-0.02209402,-0.12176385,0.12387719
AIT-2026-01-003,CMCSA,0.02287855,0.04332314,0.07720667,0.10606881
AIT-2026-01-003,COST,-0.01592049,-0.02597551,0.01955644,0.03618198
AIT-2026-01-003,CPRT,0.00427908,0.01608886,0.01931503,-0.01735186
AIT-2026-01-003,CRDO,-0.00313296,-0.03155893,-0.26496414,-0.14511715
AIT-2026-01-003,CRWD,-0.06403910,-0.06642019,-0.11268475,-0.18084391
AIT-2026-01-003,CRWV,-0.08607968,-0.14503117,-0.24950942,-0.07885971
AIT-2026-01-003,CSCO,-0.00218349,-0.00149765,0.04104489,0.00273480
AIT-2026-01-003,CSX,0.00627104,0.00516246,0.06447565,0.12497020
AIT-2026-01-003,CTAS,-0.00506596,0.00678944,0.02087036,0.06381278
AIT-2026-01-003,DASH,0.00558716,-0.00460148,-0.03471504,-0.09936628
AIT-2026-01-003,DDOG,-0.06908080,-0.05691861,-0.15569968,-0.13402946
AIT-2026-01-003,DXCM,0.00774790,-0.00189746,-0.02316049,0.03693074
AIT-2026-01-003,EA,-0.00550082,-0.00690125,-0.04582809,-0.05426932
AIT-2026-01-003,ENTG,0.02765524,-0.00145137,-0.02465459,0.15669502
AIT-2026-01-003,EXC,-0.00950767,-0.00124638,-0.03178454,0.08701229
AIT-2026-01-003,FANG,0.02732609,0.03589803,0.07668192,0.06643064
AIT-2026-01-003,FAST,-0.00715538,-0.00407645,0.11142900,0.05758028
AIT-2026-01-003,FER,-0.02562617,-0.02762136,-0.02892108,0.02990845
AIT-2026-01-003,FTNT,0.00510850,0.00818836,0.02470759,0.03893071
AIT-2026-01-003,GEHC,-0.01702408,-0.01122336,0.04492107,0.05386564
AIT-2026-01-003,GILD,-0.00985198,0.00827819,0.04075408,0.02050931
AIT-2026-01-003,GOOG,0.00780866,0.00782170,-0.00657114,-0.13047297
AIT-2026-01-003,GOOGL,0.00785909,0.00749165,-0.00639874,-0.12929301
AIT-2026-01-003,HON,0.03192491,0.03587672,0.07766401,0.10227477
AIT-2026-01-003,IDXX,-0.02744735,-0.03513458,-0.07181932,-0.07524242
AIT-2026-01-003,INTC,0.10689021,0.06472636,0.11834921,0.01458774
AIT-2026-01-003,INTU,-0.07605373,-0.08128184,-0.17916109,-0.29037944
AIT-2026-01-003,ISRG,-0.02973450,-0.03216342,-0.07209446,-0.00863944
AIT-2026-01-003,KDP,-0.02507282,-0.00018193,0.04146110,0.12395576
AIT-2026-01-003,KHC,-0.02049081,0.00773819,0.04560217,0.06742317
AIT-2026-01-003,KLAC,0.04264205,-0.10604292,-0.18278624,-0.05519793
AIT-2026-01-003,LIN,0.00686101,0.01359120,0.05586843,0.11570009
AIT-2026-01-003,LITE,0.01956418,0.04617791,0.22099494,0.49492861
AIT-2026-01-003,LRCX,0.03726485,-0.01989394,-0.11691134,-0.04458018
AIT-2026-01-003,MAR,0.01968323,0.00820703,0.04428765,0.11372923
AIT-2026-01-003,MCHP,0.06014196,0.02284824,0.07037507,0.01678025
AIT-2026-01-003,MDLZ,-0.02680244,-0.00500512,0.01541519,0.03998813
AIT-2026-01-003,MELI,-0.03069514,-0.05906415,-0.09434797,-0.24805385
AIT-2026-01-003,META,0.10299853,0.07888191,0.02652179,0.01970934
AIT-2026-01-003,MNST,-0.01870573,-0.00996058,-0.00244927,0.04013300
AIT-2026-01-003,MPWR,0.08333225,0.04016508,0.07129333,0.10120613
AIT-2026-01-003,MRVL,-0.01291413,-0.03534144,-0.08166384,-0.00442293
AIT-2026-01-003,MSFT,-0.09587566,-0.10057812,-0.13059228,-0.16042663
AIT-2026-01-003,MSTR,-0.10071591,-0.04363569,-0.15453770,0.00661670
AIT-2026-01-003,MTSI,0.04106329,0.00767098,0.00434427,0.12769863
AIT-2026-01-003,MU,0.05532152,0.00789913,-0.07385332,-0.06812888
AIT-2026-01-003,NBIS,-0.03665448,-0.13879361,-0.16819238,0.00331795
AIT-2026-01-003,NFLX,-0.02536075,-0.01858066,-0.05061231,0.01835532
AIT-2026-01-003,NVDA,0.02366478,0.02114522,-0.05735637,-0.00850905
AIT-2026-01-003,NXPI,0.02429729,-0.00093900,0.02159562,0.04931824
AIT-2026-01-003,ODFL,-0.00581241,0.00249029,0.20915796,0.17507452
AIT-2026-01-003,ON,-0.00176867,-0.03317034,0.02028264,0.10272202
AIT-2026-01-003,ORLY,-0.01771198,-0.02212901,-0.03914344,-0.09790919
AIT-2026-01-003,PANW,-0.03561604,-0.02691694,-0.07285826,-0.16740548
AIT-2026-01-003,PAYX,-0.01088667,0.00145329,-0.03292175,-0.04603826
AIT-2026-01-003,PCAR,0.02219842,0.02139042,0.07548394,0.03461579
AIT-2026-01-003,PDD,-0.03897421,-0.05363694,-0.03882730,-0.01424887
AIT-2026-01-003,PEP,0.00009420,0.03405799,0.11611229,0.12689149
AIT-2026-01-003,PLTR,-0.08416823,-0.11460792,-0.14269453,-0.19146214
AIT-2026-01-003,PYPL,-0.03693112,-0.03902197,-0.24838084,-0.11277369
AIT-2026-01-003,QCOM,-0.00144813,-0.00083668,-0.00470830,-0.02242158
AIT-2026-01-003,REGN,-0.02931802,-0.03927324,0.00719193,-0.01487922
AIT-2026-01-003,RKLB,-0.02185099,-0.08685106,-0.16505475,-0.25001906
AIT-2026-01-003,ROP,-0.00638431,0.01418641,-0.00455793,0.00398095
AIT-2026-01-003,ROST,0.00240401,0.01525470,0.02212708,0.07743329
AIT-2026-01-003,SBUX,-0.01523566,-0.03181623,0.03363130,0.06361813
AIT-2026-01-003,SHOP,0.04738630,-0.03339094,-0.15227660,-0.05694101
AIT-2026-01-003,SNDK,0.10293455,0.16865491,0.19913991,0.15913000
AIT-2026-01-003,SNPS,-0.04091168,-0.06758548,-0.15603237,-0.13681440
AIT-2026-01-003,STX,0.19026018,0.10117003,0.12466355,0.01476359
AIT-2026-01-003,TER,0.05122918,0.01060809,0.13653289,0.30201199
AIT-2026-01-003,TMUS,0.02868863,0.07239551,0.10104051,0.17669026
AIT-2026-01-003,TRI,-0.04797173,-0.06401042,-0.20930562,-0.09713807
AIT-2026-01-003,TSLA,-0.02927358,0.01015149,-0.03008384,-0.03614062
AIT-2026-01-003,TSM,0.00265697,-0.02155613,-0.02922749,0.08354655
AIT-2026-01-003,TTWO,-0.02512488,-0.10304999,-0.18971704,-0.13003338
AIT-2026-01-003,TXN,0.11657341,0.11214348,0.16019895,0.11815324
AIT-2026-01-003,UMC,-0.15786612,-0.19357609,-0.21038712,-0.18738292
AIT-2026-01-003,VRTX,0.00591923,-0.00386210,0.00439766,0.03779023
AIT-2026-01-003,WBD,-0.02289313,-0.02503289,-0.04451819,-0.05875733
AIT-2026-01-003,WDAY,-0.06822739,-0.05809518,-0.07248123,-0.24448729
AIT-2026-01-003,WDC,0.09047002,-0.01375157,0.05849592,-0.00107758
AIT-2026-01-003,WMT,0.00299662,0.01813166,0.09202617,0.04913063
AIT-2026-01-003,XEL,-0.00500737,-0.00357379,-0.00070763,0.08537083
AIT-2026-01-004,AAPL,0.01688270,0.05201722,0.10118615,0.04632742
AIT-2026-01-004,ABNB,-0.00933465,0.00055842,-0.04358266,0.06523090
AIT-2026-01-004,ADBE,-0.01423419,-0.01618636,-0.07326413,-0.08483563
AIT-2026-01-004,ADI,-0.01462192,-0.00314030,0.05086421,0.12737096
AIT-2026-01-004,ADP,-0.01102228,-0.00922337,-0.04945148,-0.12320243
AIT-2026-01-004,ADSK,-0.05314573,-0.04564402,-0.09314470,-0.05543456
AIT-2026-01-004,AEP,0.00447225,-0.00884113,0.01053167,0.11148585
AIT-2026-01-004,ALAB,-0.09811605,-0.10264773,-0.10152008,-0.30539661
AIT-2026-01-004,ALNY,-0.03270913,-0.03476264,-0.04184821,-0.06569483
AIT-2026-01-004,AMAT,-0.03606812,-0.02828631,-0.05885825,0.10490428
AIT-2026-01-004,AMD,-0.05677575,-0.02875241,-0.20869769,-0.21418028
AIT-2026-01-004,AMGN,0.00236773,0.00725586,0.09278109,0.14786442
AIT-2026-01-004,AMZN,-0.00682210,0.00141506,-0.04369021,-0.11135822
AIT-2026-01-004,APP,-0.11540383,-0.10682324,-0.30223309,-0.17203506
AIT-2026-01-004,ARM,-0.02776614,-0.02110252,0.07673754,0.22911378
AIT-2026-01-004,ASML,0.00562691,0.00909940,-0.01780279,0.01617300
AIT-2026-01-004,ASX,-0.06308251,-0.04992786,0.02154014,0.15053559
AIT-2026-01-004,AVGO,0.00076214,-0.01037657,-0.02935496,-0.03932445
AIT-2026-01-004,AXON,-0.11918881,-0.17246007,-0.28415797,0.03217861
AIT-2026-01-004,BKNG,-0.01185696,0.00822972,-0.10675164,-0.15453292
AIT-2026-01-004,BKR,-0.00665502,-0.00385508,0.03451083,0.15470145
AIT-2026-01-004,CCEP,0.00633320,0.01150874,0.04938749,0.18620011
AIT-2026-01-004,CDNS,-0.06919042,-0.09942236,-0.13013428,-0.01985026
AIT-2026-01-004,CEG,-0.01830995,-0.06192677,-0.11103015,0.15706332
AIT-2026-01-004,CMCSA,0.05127878,0.04457192,0.10254415,0.11742631
AIT-2026-01-004,COST,-0.01787297,0.01100678,0.04116057,0.06665228
AIT-2026-01-004,CPRT,0.00656734,-0.01549025,0.01036807,0.00151443
AIT-2026-01-004,CRDO,-0.02635375,-0.08780302,-0.21036430,-0.14530213
AIT-2026-01-004,CRWD,-0.05168615,-0.06396429,-0.17248492,-0.18291291
AIT-2026-01-004,CRWV,-0.11383192,-0.17573012,-0.27190473,-0.22002660
AIT-2026-01-004,CSCO,-0.00502591,0.02029399,0.06126243,0.01936705
AIT-2026-01-004,CSX,0.01312146,0.02599365,0.08151509,0.14038574
AIT-2026-01-004,CTAS,0.01599842,0.01184698,0.04414821,0.08946972
AIT-2026-01-004,DASH,-0.00202345,0.00711455,-0.07644296,-0.11144513
AIT-2026-01-004,DDOG,-0.07373437,-0.08200829,-0.23529813,-0.18426253
AIT-2026-01-004,DXCM,0.00054966,-0.01010023,-0.02482728,0.02495025
AIT-2026-01-004,EA,-0.00297524,-0.00761214,-0.03583031,-0.05394684
AIT-2026-01-004,ENTG,-0.00507760,-0.00456626,-0.01191816,0.17144841
AIT-2026-01-004,EXC,0.00065386,-0.01889462,-0.01460695,0.10407072
AIT-2026-01-004,FANG,0.02683380,-0.00900774,0.04964449,0.10026585
AIT-2026-01-004,FAST,0.00306014,0.03333329,0.10673090,0.07604881
AIT-2026-01-004,FER,-0.00637292,-0.00589643,0.00481659,0.05224356
AIT-2026-01-004,FTNT,0.00079991,-0.00219925,0.00707541,0.03739520
AIT-2026-01-004,GEHC,0.00281976,0.01079906,0.07272385,0.08075230
AIT-2026-01-004,GILD,0.01843638,0.02179180,0.08132110,0.07086594
AIT-2026-01-004,GOOG,0.00682863,0.01775734,-0.00228001,-0.11467418
AIT-2026-01-004,GOOGL,0.00614530,0.01491542,-0.00124112,-0.11302820
AIT-2026-01-004,HON,0.05452536,0.05116627,0.09935193,0.14041779
AIT-2026-01-004,IDXX,-0.02245117,-0.07674472,-0.04229251,-0.06303154
AIT-2026-01-004,INTC,-0.04325268,-0.00357363,0.02260094,-0.08075120
AIT-2026-01-004,INTU,-0.06983912,-0.09663124,-0.18284329,-0.23742030
AIT-2026-01-004,ISRG,-0.02792500,-0.04712941,-0.06026243,-0.00544750
AIT-2026-01-004,KDP,0.03005453,0.03158313,0.05810574,0.15324246
AIT-2026-01-004,KHC,0.02737932,0.01711746,0.06720751,0.08968963
AIT-2026-01-004,KLAC,-0.11087560,-0.13405631,-0.14661847,-0.05233905
AIT-2026-01-004,LIN,0.01552165,0.02071145,0.03415575,0.13795795
AIT-2026-01-004,LITE,0.01696930,0.07816081,0.30408868,0.51514452
AIT-2026-01-004,LRCX,-0.01991420,-0.01678347,-0.07498648,-0.05694406
AIT-2026-01-004,MAR,0.01500960,0.02192620,0.07020140,0.10190429
AIT-2026-01-004,MCHP,-0.04630234,-0.02815266,0.02026994,-0.04920724
AIT-2026-01-004,MDLZ,0.01530408,0.01945038,0.05232358,0.08791471
AIT-2026-01-004,MELI,-0.04743942,-0.05218301,-0.07662492,-0.21841816
AIT-2026-01-004,META,0.08423326,0.06410735,0.05369322,0.02188458
AIT-2026-01-004,MNST,-0.00373974,-0.00175453,0.00670780,0.02774276
AIT-2026-01-004,MPWR,-0.02002649,0.01162102,0.05806131,0.02106063
AIT-2026-01-004,MRVL,-0.04386856,-0.05792043,-0.05267511,0.03142083
AIT-2026-01-004,MSFT,-0.10304109,-0.12345090,-0.17209664,-0.18113807
AIT-2026-01-004,MSTR,-0.03162818,-0.10319399,-0.28861785,-0.00337183
AIT-2026-01-004,MTSI,-0.02648422,0.00738475,0.04429815,0.08921551
AIT-2026-01-004,MU,-0.04610941,-0.00778645,-0.09244462,-0.11982406
AIT-2026-01-004,NBIS,-0.15694504,-0.14154132,-0.25964703,-0.14035308
AIT-2026-01-004,NFLX,-0.00941036,-0.01987881,-0.02688793,0.16651022
AIT-2026-01-004,NVDA,0.00537253,-0.03245172,-0.06608287,-0.05857777
AIT-2026-01-004,NXPI,-0.04851876,-0.03486789,-0.02469188,-0.01163220
AIT-2026-01-004,ODFL,0.01160892,0.08094270,0.20590307,0.21628350
AIT-2026-01-004,ON,-0.06970138,-0.05211304,0.02475110,0.05501170
AIT-2026-01-004,ORLY,-0.03021924,-0.03463707,-0.08934859,-0.08192409
AIT-2026-01-004,PANW,-0.02971748,-0.04306503,-0.13392744,-0.16856602
AIT-2026-01-004,PAYX,0.01287457,0.00573145,-0.01683919,-0.03913979
AIT-2026-01-004,PCAR,0.00339867,0.01213361,0.05997919,0.03889930
AIT-2026-01-004,PDD,-0.01188880,0.00649570,0.01527405,0.02507879
AIT-2026-01-004,PEP,0.03491065,0.04474614,0.12466631,0.13828547
AIT-2026-01-004,PLTR,-0.06248414,-0.06585801,-0.13448651,-0.12126436
AIT-2026-01-004,PYPL,-0.01467052,-0.02614106,-0.23096846,-0.06244120
AIT-2026-01-004,QCOM,0.00124410,0.00164537,-0.06793509,-0.03039224
AIT-2026-01-004,REGN,-0.01033302,0.00299929,0.03781345,0.03820526
AIT-2026-01-004,RKLB,-0.09817310,-0.18958778,-0.24403111,-0.30415356
AIT-2026-01-004,ROP,0.03592869,0.03913962,-0.00004258,0.02224344
AIT-2026-01-004,ROST,0.01589807,0.01892475,0.03111887,0.09116287
AIT-2026-01-004,SBUX,-0.02756726,-0.03417676,0.04039531,0.07065436
AIT-2026-01-004,SHOP,-0.04180983,-0.04676378,-0.15364276,-0.09372057
AIT-2026-01-004,SNDK,0.08875939,0.21625062,0.14908468,0.07410737
AIT-2026-01-004,SNPS,-0.08408522,-0.10735801,-0.17128920,-0.17238094
AIT-2026-01-004,STX,-0.08320399,-0.03560007,-0.07520160,-0.17343928
AIT-2026-01-004,TER,-0.03342530,-0.01202101,0.12529449,0.22768217
AIT-2026-01-004,TMUS,0.06100463,0.05063188,0.09114494,0.18989873
AIT-2026-01-004,TRI,-0.05275450,-0.06699326,-0.25003858,-0.11920443
AIT-2026-01-004,TSLA,0.00887928,-0.02217417,-0.02630535,-0.04259600
AIT-2026-01-004,TSM,-0.03029199,-0.00775992,-0.00223024,0.07593330
AIT-2026-01-004,TTWO,-0.09312309,-0.08944622,-0.21021526,-0.12532333
AIT-2026-01-004,TXN,0.01115224,0.04962230,0.07860734,0.02000678
AIT-2026-01-004,UMC,-0.10523766,-0.12409752,-0.11046512,-0.08322672
AIT-2026-01-004,VRTX,-0.01099080,-0.00935680,-0.01432538,0.07438577
AIT-2026-01-004,WBD,-0.01851176,-0.03068824,-0.03791158,-0.07352857
AIT-2026-01-004,WDAY,-0.06269891,-0.07876047,-0.13000663,-0.28135610
AIT-2026-01-004,WDC,-0.11305776,-0.04911770,-0.06146727,-0.11186495
AIT-2026-01-004,WMT,0.01992500,0.05912201,0.08219348,0.07121431
AIT-2026-01-004,XEL,0.00093681,-0.02087257,0.00478889,0.08940338
AIT-2026-02-001,AAPL,-0.02809029,-0.02859790,-0.07861386,-0.05328143
AIT-2026-02-001,ABNB,-0.02650810,-0.03088430,-0.00116348,0.11798910
AIT-2026-02-001,ADBE,-0.02482746,-0.02911028,-0.01318324,0.09071725
AIT-2026-02-001,ADI,-0.03343192,-0.02394899,0.03117280,-0.02421727
AIT-2026-02-001,ADP,-0.04094904,-0.04321064,-0.09214330,-0.01784094
AIT-2026-02-001,ADSK,-0.00017040,0.00770232,-0.02506327,0.12183148
AIT-2026-02-001,AEP,0.00062123,0.00928538,0.07935266,0.08666632
AIT-2026-02-001,ALAB,0.22026255,0.19898998,-0.07965271,-0.15735786
AIT-2026-02-001,ALNY,-0.05079470,-0.04188804,-0.06508560,-0.05773094
AIT-2026-02-001,AMAT,0.03658060,0.03479882,0.13610026,0.07561269
AIT-2026-02-001,AMD,0.06492140,0.05569760,0.04679559,-0.00495219
AIT-2026-02-001,AMGN,0.00808747,-0.02071747,0.00543172,0.02210239
AIT-2026-02-001,AMZN,-0.10065309,-0.10418624,-0.11800406,-0.02713622
AIT-2026-02-001,APP,0.16090852,0.19192197,0.05189074,0.33458973
AIT-2026-02-001,ARM,0.07439557,0.09306858,0.12767348,0.11125886
AIT-2026-02-001,ASML,0.01600357,0.00849185,0.02198796,-0.02850310
AIT-2026-02-001,ASX,0.05410319,0.06982856,0.12136555,0.01205647
AIT-2026-02-001,AVGO,0.05656775,0.05053216,0.03158585,0.09081086
AIT-2026-02-001,AXON,0.06006036,0.09387214,0.07236939,0.36949831
AIT-2026-02-001,BKNG,-0.06719569,-0.05380669,-0.07106917,0.02378233
AIT-2026-02-001,BKR,0.01679102,0.01146004,0.05607105,0.03634303
AIT-2026-02-001,CCEP,0.00978202,0.00420389,0.03549253,0.05241647
AIT-2026-02-001,CDNS,0.04325749,0.07542165,0.10257111,0.12626076
AIT-2026-02-001,CEG,0.05662127,0.05800535,0.14901864,0.28341778
AIT-2026-02-001,CMCSA,0.01727205,0.04116480,0.02608191,0.02419322
AIT-2026-02-001,COST,0.00161099,-0.02352245,0.03055691,0.02678363
AIT-2026-02-001,CPRT,0.00217960,0.00756936,-0.04642535,0.00037341
AIT-2026-02-001,CRDO,0.16480564,0.26052083,0.19250139,0.13237695
AIT-2026-02-001,CRWD,0.04533069,0.06363301,0.12972116,0.17809351
AIT-2026-02-001,CRWV,0.20403602,0.19195628,0.23865691,-0.00441316
AIT-2026-02-001,CSCO,0.03250255,0.02856184,-0.06780044,-0.07730015
AIT-2026-02-001,CSX,0.00282375,0.00859596,0.01720684,0.01079711
AIT-2026-02-001,CTAS,-0.00742598,0.01828900,0.00180564,0.05654377
AIT-2026-02-001,DASH,-0.01657077,-0.01546619,-0.13465569,-0.01065478
AIT-2026-02-001,DDOG,0.03439921,0.17529293,0.16069272,0.20763592
AIT-2026-02-001,DXCM,-0.01847446,-0.04353588,0.00456149,0.00517070
AIT-2026-02-001,EA,0.00557779,0.01321077,0.00269148,-0.02500688
AIT-2026-02-001,ENTG,0.04939162,0.14641984,0.17099814,0.08185932
AIT-2026-02-001,EXC,-0.00260547,0.01284070,0.09875859,0.12326485
AIT-2026-02-001,FANG,-0.00628571,-0.01128435,0.02287556,0.11168709
AIT-2026-02-001,FAST,-0.03255934,-0.02741096,-0.02084038,-0.00271770
AIT-2026-02-001,FER,0.05272202,0.04588782,0.04488493,-0.06635667
AIT-2026-02-001,FTNT,0.06290207,0.06418245,0.09228995,0.12248664
AIT-2026-02-001,GEHC,-0.07225553,-0.06632313,-0.02966777,-0.07318923
AIT-2026-02-001,GILD,0.00144959,-0.02705590,0.03273117,-0.02712529
AIT-2026-02-001,GOOG,-0.05240462,-0.06985566,-0.10110046,-0.13207379
AIT-2026-02-001,GOOGL,-0.05311219,-0.07044944,-0.10223304,-0.13148788
AIT-2026-02-001,HON,0.00766734,0.02425173,0.02749568,0.02205468
AIT-2026-02-001,IDXX,-0.04228356,-0.02902126,-0.03625716,-0.07236150
AIT-2026-02-001,INTC,-0.00588091,-0.06716334,-0.05969946,-0.12625028
AIT-2026-02-001,INTU,-0.00982872,-0.04296564,-0.07845797,0.12947583
AIT-2026-02-001,ISRG,0.01280677,0.02086621,0.01960306,0.05337003
AIT-2026-02-001,KDP,0.01839108,0.02670380,0.06549489,0.03322309
AIT-2026-02-001,KHC,0.00524467,0.01982915,0.02189398,0.04505398
AIT-2026-02-001,KLAC,0.03039072,0.02711614,0.07453469,0.03765271
AIT-2026-02-001,LIN,-0.01590960,-0.00493397,0.04751288,0.06634280
AIT-2026-02-001,LITE,0.06282012,0.03438586,0.05452665,0.12965273
AIT-2026-02-001,LRCX,0.01438409,0.00470765,0.06590199,-0.08043520
AIT-2026-02-001,MAR,-0.01363776,0.07387540,0.07435007,0.00360732
AIT-2026-02-001,MCHP,-0.09394725,-0.05764622,-0.01119206,-0.20496208
AIT-2026-02-001,MDLZ,0.00818313,0.00751315,0.04115267,-0.01969079
AIT-2026-02-001,MELI,-0.02215549,-0.02281706,-0.02025501,-0.10173103
AIT-2026-02-001,META,-0.02367489,-0.02833891,-0.04955724,-0.01491742
AIT-2026-02-001,MNST,-0.01513508,-0.02577395,-0.01395376,-0.11053153
AIT-2026-02-001,MPWR,-0.00840890,-0.05709995,-0.00136554,-0.09916243
AIT-2026-02-001,MRVL,0.05342601,0.05556371,0.04890501,0.24642778
AIT-2026-02-001,MSFT,0.02962870,0.03127722,0.01563447,0.04615911
AIT-2026-02-001,MSTR,0.25362222,0.22477278,0.28123951,0.42858026
AIT-2026-02-001,MTSI,-0.00880372,-0.02892536,0.04578350,-0.08249471
AIT-2026-02-001,MU,-0.06681340,-0.09360115,0.02554040,-0.10167512
AIT-2026-02-001,NBIS,0.16349348,0.15379405,0.25065424,0.17869927
AIT-2026-02-001,NFLX,-0.00180343,0.00983005,-0.04444272,0.23485049
AIT-2026-02-001,NVDA,0.06043311,0.05632809,0.04950833,0.04933167
AIT-2026-02-001,NXPI,-0.00954392,0.02910925,0.09051049,-0.06523395
AIT-2026-02-001,ODFL,-0.06190919,-0.06542834,-0.04583642,0.00514393
AIT-2026-02-001,ON,-0.01431053,0.02455354,0.12008177,-0.07816849
AIT-2026-02-001,ORLY,-0.00190436,0.00541173,0.03808759,0.01255811
AIT-2026-02-001,PANW,0.04559834,0.04682084,0.07666147,0.09317650
AIT-2026-02-001,PAYX,-0.01022406,0.00307577,-0.02835085,0.05169922
AIT-2026-02-001,PCAR,-0.02567307,-0.02521287,-0.00943435,-0.06282121
AIT-2026-02-001,PDD,0.01637411,0.01837836,-0.01353499,0.02524770
AIT-2026-02-001,PEP,-0.00578932,-0.00335204,-0.01136132,-0.03511893
AIT-2026-02-001,PLTR,0.04480090,0.02626459,-0.00094055,0.18258539
AIT-2026-02-001,PYPL,0.00207100,0.01632736,0.01623216,0.20196669
AIT-2026-02-001,QCOM,-0.01349910,-0.00019974,0.02959308,0.04272826
AIT-2026-02-001,REGN,-0.00144271,-0.03281174,0.03864767,0.00648616
AIT-2026-02-001,RKLB,0.06518471,0.01660962,-0.02340609,-0.02302888
AIT-2026-02-001,ROP,-0.00495641,-0.00936206,-0.07439569,0.08728284
AIT-2026-02-001,ROST,0.00449900,-0.00470691,0.02944553,0.10674907
AIT-2026-02-001,SBUX,0.00993321,-0.00233720,-0.02105111,0.04759991
AIT-2026-02-001,SHOP,0.00046239,0.08305584,0.00957852,0.21521998
AIT-2026-02-001,SNDK,-0.08958828,-0.16385365,0.00389701,-0.19289748
AIT-2026-02-001,SNPS,0.02915022,0.03064990,0.05708392,0.07817082
AIT-2026-02-001,STX,-0.00539875,-0.07456312,0.00792890,-0.19211582
AIT-2026-02-001,TER,0.08157793,0.06697011,0.12167126,0.03285912
AIT-2026-02-001,TMUS,-0.01890030,-0.00798657,0.09605955,0.12037051
AIT-2026-02-001,TRI,0.00999175,0.03037595,-0.00247967,0.30804727
AIT-2026-02-001,TSLA,-0.00611186,0.01875195,0.03499263,-0.00007677
AIT-2026-02-001,TSM,0.02815646,0.04931810,0.08320075,0.02028847
AIT-2026-02-001,TTWO,0.04773238,0.07689664,0.00370875,0.11240919
AIT-2026-02-001,TXN,-0.05214284,-0.03919972,0.00257202,-0.13225958
AIT-2026-02-001,UMC,-0.00974320,-0.02459069,0.02752117,-0.06904488
AIT-2026-02-001,VRTX,0.00977200,-0.00254819,0.07357611,0.03424601
AIT-2026-02-001,WBD,-0.02056383,-0.00158141,0.00491390,-0.08143111
AIT-2026-02-001,WDAY,-0.04611206,-0.04957481,-0.08413650,-0.01100272
AIT-2026-02-001,WDC,0.03793018,-0.04702177,0.02851828,-0.13886505
AIT-2026-02-001,WMT,0.01161523,-0.00729505,0.04678301,-0.04270911
AIT-2026-02-001,XEL,0.00020320,0.01405261,0.06653672,0.06689110
AIT-2026-02-002,AAPL,-0.02809029,-0.02859790,-0.07861386,-0.05328143
AIT-2026-02-002,ABNB,-0.02650810,-0.03088430,-0.00116348,0.11798910
AIT-2026-02-002,ADBE,-0.02482746,-0.02911028,-0.01318324,0.09071725
AIT-2026-02-002,ADI,-0.03343192,-0.02394899,0.03117280,-0.02421727
AIT-2026-02-002,ADP,-0.04094904,-0.04321064,-0.09214330,-0.01784094
AIT-2026-02-002,ADSK,-0.00017040,0.00770232,-0.02506327,0.12183148
AIT-2026-02-002,AEP,0.00062123,0.00928538,0.07935266,0.08666632
AIT-2026-02-002,ALAB,0.22026255,0.19898998,-0.07965271,-0.15735786
AIT-2026-02-002,ALNY,-0.05079470,-0.04188804,-0.06508560,-0.05773094
AIT-2026-02-002,AMAT,0.03658060,0.03479882,0.13610026,0.07561269
AIT-2026-02-002,AMD,0.06492140,0.05569760,0.04679559,-0.00495219
AIT-2026-02-002,AMGN,0.00808747,-0.02071747,0.00543172,0.02210239
AIT-2026-02-002,AMZN,-0.10065309,-0.10418624,-0.11800406,-0.02713622
AIT-2026-02-002,APP,0.16090852,0.19192197,0.05189074,0.33458973
AIT-2026-02-002,ARM,0.07439557,0.09306858,0.12767348,0.11125886
AIT-2026-02-002,ASML,0.01600357,0.00849185,0.02198796,-0.02850310
AIT-2026-02-002,ASX,0.05410319,0.06982856,0.12136555,0.01205647
AIT-2026-02-002,AVGO,0.05656775,0.05053216,0.03158585,0.09081086
AIT-2026-02-002,AXON,0.06006036,0.09387214,0.07236939,0.36949831
AIT-2026-02-002,BKNG,-0.06719569,-0.05380669,-0.07106917,0.02378233
AIT-2026-02-002,BKR,0.01679102,0.01146004,0.05607105,0.03634303
AIT-2026-02-002,CCEP,0.00978202,0.00420389,0.03549253,0.05241647
AIT-2026-02-002,CDNS,0.04325749,0.07542165,0.10257111,0.12626076
AIT-2026-02-002,CEG,0.05662127,0.05800535,0.14901864,0.28341778
AIT-2026-02-002,CMCSA,0.01727205,0.04116480,0.02608191,0.02419322
AIT-2026-02-002,COST,0.00161099,-0.02352245,0.03055691,0.02678363
AIT-2026-02-002,CPRT,0.00217960,0.00756936,-0.04642535,0.00037341
AIT-2026-02-002,CRDO,0.16480564,0.26052083,0.19250139,0.13237695
AIT-2026-02-002,CRWD,0.04533069,0.06363301,0.12972116,0.17809351
AIT-2026-02-002,CRWV,0.20403602,0.19195628,0.23865691,-0.00441316
AIT-2026-02-002,CSCO,0.03250255,0.02856184,-0.06780044,-0.07730015
AIT-2026-02-002,CSX,0.00282375,0.00859596,0.01720684,0.01079711
AIT-2026-02-002,CTAS,-0.00742598,0.01828900,0.00180564,0.05654377
AIT-2026-02-002,DASH,-0.01657077,-0.01546619,-0.13465569,-0.01065478
AIT-2026-02-002,DDOG,0.03439921,0.17529293,0.16069272,0.20763592
AIT-2026-02-002,DXCM,-0.01847446,-0.04353588,0.00456149,0.00517070
AIT-2026-02-002,EA,0.00557779,0.01321077,0.00269148,-0.02500688
AIT-2026-02-002,ENTG,0.04939162,0.14641984,0.17099814,0.08185932
AIT-2026-02-002,EXC,-0.00260547,0.01284070,0.09875859,0.12326485
AIT-2026-02-002,FANG,-0.00628571,-0.01128435,0.02287556,0.11168709
AIT-2026-02-002,FAST,-0.03255934,-0.02741096,-0.02084038,-0.00271770
AIT-2026-02-002,FER,0.05272202,0.04588782,0.04488493,-0.06635667
AIT-2026-02-002,FTNT,0.06290207,0.06418245,0.09228995,0.12248664
AIT-2026-02-002,GEHC,-0.07225553,-0.06632313,-0.02966777,-0.07318923
AIT-2026-02-002,GILD,0.00144959,-0.02705590,0.03273117,-0.02712529
AIT-2026-02-002,GOOG,-0.05240462,-0.06985566,-0.10110046,-0.13207379
AIT-2026-02-002,GOOGL,-0.05311219,-0.07044944,-0.10223304,-0.13148788
AIT-2026-02-002,HON,0.00766734,0.02425173,0.02749568,0.02205468
AIT-2026-02-002,IDXX,-0.04228356,-0.02902126,-0.03625716,-0.07236150
AIT-2026-02-002,INTC,-0.00588091,-0.06716334,-0.05969946,-0.12625028
AIT-2026-02-002,INTU,-0.00982872,-0.04296564,-0.07845797,0.12947583
AIT-2026-02-002,ISRG,0.01280677,0.02086621,0.01960306,0.05337003
AIT-2026-02-002,KDP,0.01839108,0.02670380,0.06549489,0.03322309
AIT-2026-02-002,KHC,0.00524467,0.01982915,0.02189398,0.04505398
AIT-2026-02-002,KLAC,0.03039072,0.02711614,0.07453469,0.03765271
AIT-2026-02-002,LIN,-0.01590960,-0.00493397,0.04751288,0.06634280
AIT-2026-02-002,LITE,0.06282012,0.03438586,0.05452665,0.12965273
AIT-2026-02-002,LRCX,0.01438409,0.00470765,0.06590199,-0.08043520
AIT-2026-02-002,MAR,-0.01363776,0.07387540,0.07435007,0.00360732
AIT-2026-02-002,MCHP,-0.09394725,-0.05764622,-0.01119206,-0.20496208
AIT-2026-02-002,MDLZ,0.00818313,0.00751315,0.04115267,-0.01969079
AIT-2026-02-002,MELI,-0.02215549,-0.02281706,-0.02025501,-0.10173103
AIT-2026-02-002,META,-0.02367489,-0.02833891,-0.04955724,-0.01491742
AIT-2026-02-002,MNST,-0.01513508,-0.02577395,-0.01395376,-0.11053153
AIT-2026-02-002,MPWR,-0.00840890,-0.05709995,-0.00136554,-0.09916243
AIT-2026-02-002,MRVL,0.05342601,0.05556371,0.04890501,0.24642778
AIT-2026-02-002,MSFT,0.02962870,0.03127722,0.01563447,0.04615911
AIT-2026-02-002,MSTR,0.25362222,0.22477278,0.28123951,0.42858026
AIT-2026-02-002,MTSI,-0.00880372,-0.02892536,0.04578350,-0.08249471
AIT-2026-02-002,MU,-0.06681340,-0.09360115,0.02554040,-0.10167512
AIT-2026-02-002,NBIS,0.16349348,0.15379405,0.25065424,0.17869927
AIT-2026-02-002,NFLX,-0.00180343,0.00983005,-0.04444272,0.23485049
AIT-2026-02-002,NVDA,0.06043311,0.05632809,0.04950833,0.04933167
AIT-2026-02-002,NXPI,-0.00954392,0.02910925,0.09051049,-0.06523395
AIT-2026-02-002,ODFL,-0.06190919,-0.06542834,-0.04583642,0.00514393
AIT-2026-02-002,ON,-0.01431053,0.02455354,0.12008177,-0.07816849
AIT-2026-02-002,ORLY,-0.00190436,0.00541173,0.03808759,0.01255811
AIT-2026-02-002,PANW,0.04559834,0.04682084,0.07666147,0.09317650
AIT-2026-02-002,PAYX,-0.01022406,0.00307577,-0.02835085,0.05169922
AIT-2026-02-002,PCAR,-0.02567307,-0.02521287,-0.00943435,-0.06282121
AIT-2026-02-002,PDD,0.01637411,0.01837836,-0.01353499,0.02524770
AIT-2026-02-002,PEP,-0.00578932,-0.00335204,-0.01136132,-0.03511893
AIT-2026-02-002,PLTR,0.04480090,0.02626459,-0.00094055,0.18258539
AIT-2026-02-002,PYPL,0.00207100,0.01632736,0.01623216,0.20196669
AIT-2026-02-002,QCOM,-0.01349910,-0.00019974,0.02959308,0.04272826
AIT-2026-02-002,REGN,-0.00144271,-0.03281174,0.03864767,0.00648616
AIT-2026-02-002,RKLB,0.06518471,0.01660962,-0.02340609,-0.02302888
AIT-2026-02-002,ROP,-0.00495641,-0.00936206,-0.07439569,0.08728284
AIT-2026-02-002,ROST,0.00449900,-0.00470691,0.02944553,0.10674907
AIT-2026-02-002,SBUX,0.00993321,-0.00233720,-0.02105111,0.04759991
AIT-2026-02-002,SHOP,0.00046239,0.08305584,0.00957852,0.21521998
AIT-2026-02-002,SNDK,-0.08958828,-0.16385365,0.00389701,-0.19289748
AIT-2026-02-002,SNPS,0.02915022,0.03064990,0.05708392,0.07817082
AIT-2026-02-002,STX,-0.00539875,-0.07456312,0.00792890,-0.19211582
AIT-2026-02-002,TER,0.08157793,0.06697011,0.12167126,0.03285912
AIT-2026-02-002,TMUS,-0.01890030,-0.00798657,0.09605955,0.12037051
AIT-2026-02-002,TRI,0.00999175,0.03037595,-0.00247967,0.30804727
AIT-2026-02-002,TSLA,-0.00611186,0.01875195,0.03499263,-0.00007677
AIT-2026-02-002,TSM,0.02815646,0.04931810,0.08320075,0.02028847
AIT-2026-02-002,TTWO,0.04773238,0.07689664,0.00370875,0.11240919
AIT-2026-02-002,TXN,-0.05214284,-0.03919972,0.00257202,-0.13225958
AIT-2026-02-002,UMC,-0.00974320,-0.02459069,0.02752117,-0.06904488
AIT-2026-02-002,VRTX,0.00977200,-0.00254819,0.07357611,0.03424601
AIT-2026-02-002,WBD,-0.02056383,-0.00158141,0.00491390,-0.08143111
AIT-2026-02-002,WDAY,-0.04611206,-0.04957481,-0.08413650,-0.01100272
AIT-2026-02-002,WDC,0.03793018,-0.04702177,0.02851828,-0.13886505
AIT-2026-02-002,WMT,0.01161523,-0.00729505,0.04678301,-0.04270911
AIT-2026-02-002,XEL,0.00020320,0.01405261,0.06653672,0.06689110
AIT-2026-02-005,AAPL,-0.05720022,-0.02706371,-0.03374129,-0.04543982
AIT-2026-02-005,ABNB,0.03615591,0.05898126,0.07976767,0.13472810
AIT-2026-02-005,ADBE,0.04224394,0.02956010,0.02070767,0.05231721
AIT-2026-02-005,ADI,0.02072708,0.01900130,0.05457616,-0.03901098
AIT-2026-02-005,ADP,-0.01610721,-0.01103156,-0.00482897,0.01350274
AIT-2026-02-005,ADSK,0.01054889,-0.01527219,-0.01279256,0.14397819
AIT-2026-02-005,AEP,0.06080255,0.06232156,0.05346773,0.07600525
AIT-2026-02-005,ALAB,-0.06108366,-0.11195391,-0.09868264,-0.08924458
AIT-2026-02-005,ALNY,-0.01859512,0.03688275,0.03786207,-0.03193956
AIT-2026-02-005,AMAT,0.07249010,0.07925513,0.10034572,0.06500099
AIT-2026-02-005,AMD,-0.00366514,-0.03046413,-0.07383388,-0.05792488
AIT-2026-02-005,AMGN,0.02153404,0.03119590,0.02737176,0.01966166
AIT-2026-02-005,AMZN,-0.00084695,0.00897221,0.03907524,0.10257419
AIT-2026-02-005,APP,-0.10444500,-0.14575386,-0.06150880,0.10943854
AIT-2026-02-005,ARM,0.03828915,0.04995207,0.02539681,0.07388916
AIT-2026-02-005,ASML,0.00089579,0.00544755,0.01792977,-0.02674869
AIT-2026-02-005,ASX,0.00017831,-0.00209538,-0.00331723,-0.09332403
AIT-2026-02-005,AVGO,-0.02373191,-0.00500763,-0.02610638,0.01531264
AIT-2026-02-005,AXON,0.00488118,0.00931763,0.00711878,0.21198149
AIT-2026-02-005,BKNG,-0.02631398,-0.02713148,-0.04610796,0.04651533
AIT-2026-02-005,BKR,0.01054768,-0.01050032,0.01547401,-0.09982909
AIT-2026-02-005,CCEP,0.01534877,0.06487161,0.07651202,0.01104962
AIT-2026-02-005,CDNS,0.02331304,-0.03135136,0.00566317,0.04808178
AIT-2026-02-005,CEG,0.06776277,0.11595908,0.07396550,0.17771942
AIT-2026-02-005,CMCSA,-0.02056552,-0.02116045,-0.02970548,-0.03894164
AIT-2026-02-005,COST,0.04467436,0.03824206,0.01014151,0.04713598
AIT-2026-02-005,CPRT,-0.03660093,-0.03380477,-0.05782520,-0.05990346
AIT-2026-02-005,CRDO,-0.01584500,0.00403058,-0.03786214,0.01429246
AIT-2026-02-005,CRWD,0.05818000,0.02103496,-0.05100261,0.16322567
AIT-2026-02-005,CRWV,0.04694761,-0.01374094,-0.06739607,-0.05865962
AIT-2026-02-005,CSCO,-0.08752125,-0.08969378,-0.06999706,-0.05724285
AIT-2026-02-005,CSX,-0.00113886,0.00087358,0.02233619,-0.02490059
AIT-2026-02-005,CTAS,-0.02387514,-0.01595341,0.00863023,0.01375284
AIT-2026-02-005,DASH,-0.06667321,-0.05542409,0.01970858,0.00004636
AIT-2026-02-005,DDOG,0.00276916,-0.02088286,-0.09218121,0.04645000
AIT-2026-02-005,DXCM,0.04654165,0.05154574,0.08193404,0.00411072
AIT-2026-02-005,EA,-0.00902024,-0.01640401,-0.01866321,-0.04234410
AIT-2026-02-005,ENTG,-0.00607048,-0.02377843,-0.00909211,-0.09988969
AIT-2026-02-005,EXC,0.08865613,0.07957195,0.07468094,0.12289935
AIT-2026-02-005,FANG,0.00722988,0.00272992,0.04023547,0.09738206
AIT-2026-02-005,FAST,-0.00112203,-0.01737098,-0.01140210,0.00794836
AIT-2026-02-005,FER,-0.01777643,-0.01895693,-0.02692924,-0.16832090
AIT-2026-02-005,FTNT,-0.00271479,-0.04750848,-0.07247746,0.05585002
AIT-2026-02-005,GEHC,0.03661190,0.05090634,0.07151468,-0.03199885
AIT-2026-02-005,GILD,0.00242552,0.00236041,-0.03143687,-0.05699248
AIT-2026-02-005,GOOG,-0.00574353,-0.02051949,0.00099061,-0.03442181
AIT-2026-02-005,GOOGL,-0.00516911,-0.02166941,0.00246791,-0.02980362
AIT-2026-02-005,HON,0.00618926,0.01024212,0.00842552,0.00712573
AIT-2026-02-005,IDXX,-0.00850761,-0.01672082,-0.01813892,-0.06835919
AIT-2026-02-005,INTC,-0.00981907,-0.02786808,-0.09667320,-0.01415901
AIT-2026-02-005,INTU,0.01273575,-0.03765673,-0.03610747,0.16833795
AIT-2026-02-005,ISRG,-0.00504448,0.00982416,0.02531709,0.01076469
AIT-2026-02-005,KDP,-0.00300546,-0.02099961,-0.00482513,-0.05692330
AIT-2026-02-005,KHC,-0.00192124,-0.04228607,-0.01505072,-0.04943386
AIT-2026-02-005,KLAC,0.01688947,0.01692044,0.00817722,0.01666776
AIT-2026-02-005,LIN,0.03582600,0.03810664,0.06464867,0.08739468
AIT-2026-02-005,LITE,0.00627006,0.06171592,0.12416284,0.09849210
AIT-2026-02-005,LRCX,0.02954054,0.02229272,0.02822058,-0.06491486
AIT-2026-02-005,MAR,0.00268866,0.01782450,-0.02714971,-0.08368699
AIT-2026-02-005,MCHP,-0.00057487,0.00077962,-0.03373988,-0.18380984
AIT-2026-02-005,MDLZ,0.02018558,-0.02311599,-0.04010914,-0.09678546
AIT-2026-02-005,MELI,0.00405864,-0.00314377,-0.00006682,-0.10862423
AIT-2026-02-005,META,-0.01962198,-0.02224026,-0.00980914,-0.00265688
AIT-2026-02-005,MNST,0.00512723,0.02072644,0.02583099,-0.08085823
AIT-2026-02-005,MPWR,0.01019901,0.00733004,0.01026569,-0.04165643
AIT-2026-02-005,MRVL,0.00191354,0.00383106,-0.01082803,0.20930532
AIT-2026-02-005,MSFT,0.00432139,-0.00825824,-0.01336392,0.01481844
AIT-2026-02-005,MSTR,0.10483867,0.06881786,0.08752176,0.33548201
AIT-2026-02-005,MTSI,0.05109438,0.05228268,0.02222891,-0.04105425
AIT-2026-02-005,MU,0.02701871,-0.01190662,0.01652000,0.02947811
AIT-2026-02-005,NBIS,0.13917905,0.12422977,0.09085287,0.31393294
AIT-2026-02-005,NFLX,-0.02512436,-0.02238625,0.00082190,0.24432820
AIT-2026-02-005,NVDA,-0.01410080,-0.00598977,0.00049275,0.01059061
AIT-2026-02-005,NXPI,0.00771752,0.00869187,-0.05803612,-0.16184753
AIT-2026-02-005,ODFL,0.01998788,0.01935281,0.04998467,0.03096759
AIT-2026-02-005,ON,0.04211487,0.03525572,-0.02352851,-0.11275819
AIT-2026-02-005,ORLY,0.02495869,-0.01768883,-0.00962879,-0.04134916
AIT-2026-02-005,PANW,0.02843327,0.00708059,-0.09245647,0.08551149
AIT-2026-02-005,PAYX,0.00776464,-0.00269720,-0.02299014,0.04938050
AIT-2026-02-005,PCAR,-0.00445932,-0.01015541,-0.00500416,-0.07589884
AIT-2026-02-005,PDD,-0.02365531,-0.00889560,0.01462427,0.04993299
AIT-2026-02-005,PEP,-0.02034196,-0.04531381,-0.02901218,-0.06076502
AIT-2026-02-005,PLTR,0.00069197,0.00959665,0.00613911,0.20636389
AIT-2026-02-005,PYPL,0.02390282,0.03700406,0.05100087,0.23300675
AIT-2026-02-005,QCOM,0.02385836,0.03664077,0.02833257,0.02587768
AIT-2026-02-005,REGN,0.04022384,0.02630956,0.00073492,-0.02262421
AIT-2026-02-005,RKLB,-0.00062072,0.02638942,0.00472846,0.00718176
AIT-2026-02-005,ROP,-0.02529367,-0.04163337,0.02527565,0.12767469
AIT-2026-02-005,ROST,0.03362552,0.04020878,0.04628011,0.10699722
AIT-2026-02-005,SBUX,-0.03436240,-0.01852698,-0.00461785,0.05311174
AIT-2026-02-005,SHOP,-0.00480489,-0.00058084,0.08460813,0.20160977
AIT-2026-02-005,SNDK,0.07862408,0.00421335,0.03293738,0.05876502
AIT-2026-02-005,SNPS,0.02545201,-0.01115292,0.01761904,0.03924795
AIT-2026-02-005,STX,0.06141001,0.02874785,-0.01803519,-0.09405533
AIT-2026-02-005,TER,0.00629212,-0.02986327,-0.00001824,-0.07138203
AIT-2026-02-005,TMUS,0.04893525,0.05111056,0.03790093,0.07343378
AIT-2026-02-005,TRI,-0.01726183,-0.05048146,-0.04496325,0.16560519
AIT-2026-02-005,TSLA,0.00933277,-0.01080939,-0.03066543,0.01396872
AIT-2026-02-005,TSM,0.00266781,-0.00779297,-0.01248846,-0.05089839
AIT-2026-02-005,TTWO,-0.04373032,-0.04343709,-0.01726045,0.04151248
AIT-2026-02-005,TXN,0.01614376,0.01237737,-0.02469833,-0.11363459
AIT-2026-02-005,UMC,0.01508618,-0.00319636,-0.00486020,-0.13292351
AIT-2026-02-005,VRTX,0.07954248,0.05044086,0.04484814,0.08389071
AIT-2026-02-005,WBD,0.00612135,0.02610279,-0.00079043,-0.09262922
AIT-2026-02-005,WDAY,0.01812559,0.00984302,-0.03019311,0.01735166
AIT-2026-02-005,WDC,0.04274309,0.04085256,0.00546943,-0.06494808
AIT-2026-02-005,WMT,0.03786109,-0.00094788,-0.05076394,-0.03644545
AIT-2026-02-005,XEL,0.04630562,0.03537098,0.04329282,0.04943699
AIT-2026-02-008,AAPL,-0.02695105,-0.02204025,-0.03584650,-0.02116994
AIT-2026-02-008,ABNB,-0.01921780,-0.00877608,0.01145321,0.02365598
AIT-2026-02-008,ADBE,0.01635999,0.06545693,0.12985566,0.03529351
AIT-2026-02-008,ADI,-0.00197773,-0.02618961,-0.08308634,-0.05002303
AIT-2026-02-008,ADP,-0.00977377,0.00196683,0.05827825,0.00389196
AIT-2026-02-008,ADSK,0.06507822,0.10117069,0.14734486,0.10061464
AIT-2026-02-008,AEP,0.00712676,-0.00409366,-0.00721739,-0.03412589
AIT-2026-02-008,ALAB,-0.02472733,-0.08885159,0.02358839,0.11064694
AIT-2026-02-008,ALNY,-0.01748637,-0.03268745,-0.02110590,-0.00626372
AIT-2026-02-008,AMAT,-0.00462191,-0.04438188,-0.10217488,0.02686085
AIT-2026-02-008,AMD,-0.01854578,-0.03781203,-0.00537815,0.15631239
AIT-2026-02-008,AMGN,0.01731422,-0.00089715,-0.01655815,-0.05578576
AIT-2026-02-008,AMZN,0.01118581,0.02753596,0.07128468,0.10881234
AIT-2026-02-008,APP,-0.01756379,0.01582776,0.18254750,0.04354601
AIT-2026-02-008,ARM,-0.02511949,-0.02467607,-0.05332212,0.34837881
AIT-2026-02-008,ASML,-0.02411101,-0.05453645,-0.08906286,-0.00855066
AIT-2026-02-008,ASX,-0.00302094,-0.07316398,-0.12271072,-0.08342900
AIT-2026-02-008,AVGO,-0.00152885,0.00039425,0.07531623,0.09145758
AIT-2026-02-008,AXON,0.05087192,0.07541828,0.08788551,-0.08822729
AIT-2026-02-008,BKNG,-0.00890443,-0.00500110,0.10868567,0.07776341
AIT-2026-02-008,BKR,-0.00050726,-0.02922675,-0.06762203,0.01906848
AIT-2026-02-008,CCEP,-0.00382905,-0.03281687,-0.08523267,-0.19283059
AIT-2026-02-008,CDNS,0.02842525,0.03357461,0.04283950,0.05838192
AIT-2026-02-008,CEG,0.02251269,0.03350041,0.04325104,0.12541105
AIT-2026-02-008,CMCSA,0.00070042,0.01004270,0.04374679,-0.05231674
AIT-2026-02-008,COST,0.01810394,0.02542088,0.01987431,0.02362779
AIT-2026-02-008,CPRT,0.03845715,0.04981505,0.04413970,-0.03792826
AIT-2026-02-008,CRDO,0.00597341,-0.11713697,0.04136872,0.04962370
AIT-2026-02-008,CRWD,0.02170388,0.05576502,0.17486045,0.15435422
AIT-2026-02-008,CRWV,-0.19304171,-0.21996405,-0.19167578,0.00877184
AIT-2026-02-008,CSCO,0.01812746,0.01856010,0.02124343,0.06810745
AIT-2026-02-008,CSX,0.01617503,0.00948106,-0.05016448,-0.03355914
AIT-2026-02-008,CTAS,0.02009893,0.02440318,0.04218153,-0.12512846
AIT-2026-02-008,DASH,-0.01514634,-0.00896110,0.02973160,-0.08466255
AIT-2026-02-008,DDOG,-0.03893891,-0.01883320,0.12084925,0.12683054
AIT-2026-02-008,DXCM,-0.00131028,-0.00235643,-0.05771703,-0.07627529
AIT-2026-02-008,EA,-0.00209406,-0.00129327,-0.01957861,-0.01124646
AIT-2026-02-008,ENTG,0.03581112,-0.00457572,-0.08798213,0.07578913
AIT-2026-02-008,EXC,0.01567507,0.01092188,0.01826244,-0.00614247
AIT-2026-02-008,FANG,0.07050787,0.06511396,0.09011072,0.21270179
AIT-2026-02-008,FAST,0.01610070,0.01902770,0.03046438,0.02741364
AIT-2026-02-008,FER,-0.01642033,-0.06964264,-0.10740613,-0.15756512
AIT-2026-02-008,FTNT,0.00914517,0.04697501,0.09970860,0.13613743
AIT-2026-02-008,GEHC,-0.03826695,-0.05229863,-0.08600513,-0.07714200
AIT-2026-02-008,GILD,0.04238180,0.03127888,0.00661209,-0.04878578
AIT-2026-02-008,GOOG,-0.00323332,-0.00565581,-0.01875164,-0.08323975
AIT-2026-02-008,GOOGL,-0.00341284,-0.00612261,-0.01839355,-0.08045387
AIT-2026-02-008,HON,0.03699243,0.02584583,-0.00231190,-0.02128085
AIT-2026-02-008,IDXX,-0.03111389,-0.02095702,-0.04771682,-0.05840351
AIT-2026-02-008,INTC,0.00244756,-0.03749580,-0.01508356,0.04285731
AIT-2026-02-008,INTU,0.07114485,0.11556236,0.24131324,0.19300098
AIT-2026-02-008,ISRG,-0.01445894,-0.00254636,-0.00225540,-0.00871204
AIT-2026-02-008,KDP,-0.00998717,-0.02173408,-0.06331877,-0.11105368
AIT-2026-02-008,KHC,-0.00070764,-0.01061553,0.02307762,-0.06497791
AIT-2026-02-008,KLAC,0.01328164,-0.02948143,-0.07505380,0.10177969
AIT-2026-02-008,LIN,0.02363502,0.01197129,-0.01731246,0.02321090
AIT-2026-02-008,LITE,0.14522042,0.04583671,-0.15710369,0.11804819
AIT-2026-02-008,LRCX,-0.03046773,-0.07150394,-0.13428375,0.01985012
AIT-2026-02-008,MAR,-0.05516071,-0.03021853,-0.05649968,-0.02716550
AIT-2026-02-008,MCHP,-0.00332230,-0.02827780,-0.10649752,-0.06537436
AIT-2026-02-008,MDLZ,0.00974342,-0.01719504,-0.02192913,-0.01431904
AIT-2026-02-008,MELI,0.02895822,0.00487485,0.06574434,0.04567601
AIT-2026-02-008,META,0.00221773,0.01752322,0.02069311,-0.08878785
AIT-2026-02-008,MNST,-0.06855090,-0.09559971,-0.14359473,-0.21679943
AIT-2026-02-008,MPWR,-0.02449319,-0.06586320,-0.09035584,0.04873702
AIT-2026-02-008,MRVL,0.03089861,0.01099772,0.20005258,0.40143427
AIT-2026-02-008,MSFT,-0.00151877,0.02084547,0.04699324,-0.02242112
AIT-2026-02-008,MSTR,0.06013266,0.05401947,0.12040425,0.32739314
AIT-2026-02-008,MTSI,0.04858574,-0.00751831,-0.13955970,0.00649168
AIT-2026-02-008,MU,-0.00759087,-0.07114472,-0.08004838,-0.05023659
AIT-2026-02-008,NBIS,-0.12672368,-0.14740645,-0.08222096,0.19864720
AIT-2026-02-008,NFLX,0.15203652,0.16344300,0.18702532,0.17997120
AIT-2026-02-008,NVDA,-0.00520494,-0.00286305,0.00489732,0.04073824
AIT-2026-02-008,NXPI,-0.02372000,-0.04961883,-0.09063372,-0.02758801
AIT-2026-02-008,ODFL,0.05314236,0.06660072,0.01989189,0.07512264
AIT-2026-02-008,ON,-0.01943088,-0.05074413,-0.13968602,-0.02823453
AIT-2026-02-008,ORLY,0.04004044,0.02812598,0.03597180,-0.01065538
AIT-2026-02-008,PANW,0.01415493,0.06664154,0.14331977,0.12954538
AIT-2026-02-008,PAYX,0.00484067,0.02577823,0.09386016,0.06746023
AIT-2026-02-008,PCAR,0.00531643,-0.01317726,-0.01017111,-0.03535461
AIT-2026-02-008,PDD,-0.01768693,-0.02773399,0.00060966,0.05838447
AIT-2026-02-008,PEP,-0.00494119,-0.02109708,-0.05104167,-0.11729013
AIT-2026-02-008,PLTR,0.07790199,0.11089721,0.20399246,0.24282073
AIT-2026-02-008,PYPL,0.01808365,0.05347003,0.10176901,0.18702780
AIT-2026-02-008,QCOM,-0.02090527,-0.02499475,-0.01152364,0.04320830
AIT-2026-02-008,REGN,0.02650129,0.00122983,-0.00195925,-0.00721517
AIT-2026-02-008,RKLB,-0.01818830,-0.00922375,0.01155503,-0.00321309
AIT-2026-02-008,ROP,0.01344171,0.02685628,0.07399783,0.08446558
AIT-2026-02-008,ROST,-0.00313381,-0.01869705,0.06220381,0.10568928
AIT-2026-02-008,SBUX,-0.01016426,-0.00353355,0.02974770,-0.05208267
AIT-2026-02-008,SHOP,-0.03830117,0.00879667,0.11466375,0.14236202
AIT-2026-02-008,SNDK,-0.05913065,-0.12514104,-0.18184460,0.02613282
AIT-2026-02-008,SNPS,0.00884884,0.02584129,0.08323074,0.07504159
AIT-2026-02-008,STX,-0.07738269,-0.12345551,-0.12954327,-0.01779089
AIT-2026-02-008,TER,-0.02076953,-0.07204568,-0.16307279,-0.02352086
AIT-2026-02-008,TMUS,0.02017861,0.03138138,0.04668294,0.00583536
AIT-2026-02-008,TRI,0.00702739,0.07511998,0.14903365,0.02039508
AIT-2026-02-008,TSLA,-0.00337527,-0.01054627,0.02726884,0.06257963
AIT-2026-02-008,TSM,-0.01698961,-0.04647879,-0.07181125,-0.03171947
AIT-2026-02-008,TTWO,0.00772787,0.02955459,0.01469597,-0.03942864
AIT-2026-02-008,TXN,-0.01014891,-0.03563053,-0.07260061,-0.03753319
AIT-2026-02-008,UMC,0.02012511,-0.03367382,-0.06108505,-0.12329577
AIT-2026-02-008,VRTX,0.01734832,0.00107397,-0.02497290,-0.02000255
AIT-2026-02-008,WBD,-0.01568641,-0.02130542,-0.03241272,-0.07867657
AIT-2026-02-008,WDAY,-0.02467788,0.06007672,0.13478821,0.05799402
AIT-2026-02-008,WDC,-0.04939177,-0.10973336,-0.12582726,0.01351581
AIT-2026-02-008,WMT,0.01915965,0.02469898,-0.01081567,-0.03284251
AIT-2026-02-008,XEL,0.00272375,-0.00521542,-0.01472686,-0.06994336
AIT-2026-03-002,AAPL,0.00210405,0.00697329,-0.01334551,0.01703825
AIT-2026-03-002,ABNB,-0.00558789,-0.01425638,-0.03122769,-0.00157854
AIT-2026-03-002,ADBE,0.01138102,-0.01050224,-0.08056934,-0.05605770
AIT-2026-03-002,ADI,-0.02702934,-0.02915678,-0.04528837,0.00647851
AIT-2026-03-002,ADP,0.00840778,-0.01396967,-0.02886983,-0.01379012
AIT-2026-03-002,ADSK,-0.00438829,-0.02722391,-0.00966774,-0.03060608
AIT-2026-03-002,AEP,-0.00375845,-0.00157553,0.00560631,-0.02256445
AIT-2026-03-002,ALAB,0.03197957,-0.01123177,0.09324880,0.09202245
AIT-2026-03-002,ALNY,0.01015105,0.00642643,-0.01373230,0.03413733
AIT-2026-03-002,AMAT,-0.01546767,0.00569167,0.03142032,0.03511516
AIT-2026-03-002,AMD,0.02600388,0.03126724,0.03340983,0.15304032
AIT-2026-03-002,AMGN,0.02466745,0.01990209,0.00318559,-0.08573348
AIT-2026-03-002,AMZN,-0.01641373,-0.00907550,-0.00528500,0.04032876
AIT-2026-03-002,APP,0.03011251,-0.04203797,-0.02152928,-0.09907283
AIT-2026-03-002,ARM,-0.01017201,0.01995803,0.03479085,0.33969849
AIT-2026-03-002,ASML,-0.00212220,0.01757808,0.02231425,-0.03419632
AIT-2026-03-002,ASX,-0.01928270,-0.01879181,-0.01147347,-0.01479891
AIT-2026-03-002,AVGO,0.04728555,0.04092768,0.02459769,0.00171003
AIT-2026-03-002,AXON,-0.00886975,-0.05599266,-0.08816999,-0.21273623
AIT-2026-03-002,BKNG,-0.02769891,-0.03988173,-0.04277259,0.02635038
AIT-2026-03-002,BKR,-0.00147348,-0.01465162,-0.08777468,-0.00078076
AIT-2026-03-002,CCEP,-0.00364787,-0.00392481,-0.02289389,-0.11380251
AIT-2026-03-002,CDNS,0.00350085,-0.00863805,0.00845073,0.00542612
AIT-2026-03-002,CEG,-0.01563746,-0.02999907,-0.03505138,-0.09919337
AIT-2026-03-002,CMCSA,-0.01532389,-0.01349655,-0.03419385,-0.10241050
AIT-2026-03-002,COST,0.02402749,0.01653648,0.03184312,0.04454942
AIT-2026-03-002,CPRT,-0.00313958,-0.03265027,-0.07210230,-0.06115595
AIT-2026-03-002,CRDO,0.02225176,-0.00651461,0.10637610,-0.04428821
AIT-2026-03-002,CRWD,0.02878746,0.03797393,0.09221885,0.01891413
AIT-2026-03-002,CRWV,0.00522599,0.01543324,0.16321455,0.16213356
AIT-2026-03-002,CSCO,-0.04437265,-0.02357089,0.00583462,0.03573995
AIT-2026-03-002,CSX,-0.01239077,-0.00485304,-0.03419108,0.00601824
AIT-2026-03-002,CTAS,-0.01471810,-0.03547911,-0.03254371,-0.13960308
AIT-2026-03-002,DASH,-0.02930740,-0.06347174,-0.08088677,-0.09282560
AIT-2026-03-002,DDOG,0.05782588,0.01821970,0.06622038,0.01733686
AIT-2026-03-002,DXCM,-0.02069451,-0.03175447,-0.06112377,-0.05364140
AIT-2026-03-002,EA,-0.00901317,-0.00599349,-0.00839192,-0.00512356
AIT-2026-03-002,ENTG,-0.04336279,-0.04363662,-0.05851163,0.00681574
AIT-2026-03-002,EXC,0.00598595,0.00255627,0.01539647,-0.01091214
AIT-2026-03-002,FANG,0.02057243,-0.00449574,0.02230763,0.07266378
AIT-2026-03-002,FAST,-0.00807879,-0.01795161,-0.02209081,-0.01471414
AIT-2026-03-002,FER,-0.01997966,-0.01883788,-0.05227250,-0.02654029
AIT-2026-03-002,FTNT,0.00264413,0.01147936,0.03786152,0.05988056
AIT-2026-03-002,GEHC,-0.01333143,-0.04972347,-0.05108536,-0.04963014
AIT-2026-03-002,GILD,0.00822068,0.02002647,0.00526978,-0.05819438
AIT-2026-03-002,GOOG,0.01771099,0.02001583,0.01868380,-0.02559133
AIT-2026-03-002,GOOGL,0.01895062,0.02045850,0.02166021,-0.01739074
AIT-2026-03-002,HON,-0.00097462,0.01246528,0.00078930,-0.02961274
AIT-2026-03-002,IDXX,-0.00763134,-0.02447176,-0.03392728,-0.02784844
AIT-2026-03-002,INTC,-0.00323023,0.02305997,0.03608674,0.11169716
AIT-2026-03-002,INTU,0.02552361,-0.01144341,-0.01331483,-0.01156329
AIT-2026-03-002,ISRG,0.00019376,-0.01273683,-0.01673991,-0.03817371
AIT-2026-03-002,KDP,0.00647870,0.00184227,-0.01665421,-0.06298102
AIT-2026-03-002,KHC,0.02771647,-0.00331908,-0.04283225,0.01073826
AIT-2026-03-002,KLAC,0.00950380,0.02793091,0.04764046,0.11324436
AIT-2026-03-002,LIN,-0.01191950,-0.02324129,0.02063763,0.03114519
AIT-2026-03-002,LITE,-0.00294847,0.04034074,-0.00542697,0.10801278
AIT-2026-03-002,LRCX,-0.00935986,0.01001075,0.03904409,0.03577243
AIT-2026-03-002,MAR,-0.00945062,-0.01736009,-0.03592929,0.03009739
AIT-2026-03-002,MCHP,-0.03532544,-0.02817350,-0.04649297,0.03560585
AIT-2026-03-002,MDLZ,0.00059011,-0.02640026,-0.05431639,0.02149244
AIT-2026-03-002,MELI,0.00277539,-0.00893901,-0.01948710,0.04061389
AIT-2026-03-002,META,-0.01251206,0.00075323,-0.03085681,-0.07605980
AIT-2026-03-002,MNST,-0.01585935,-0.00466690,-0.00414915,-0.06553453
AIT-2026-03-002,MPWR,-0.00701032,-0.01085053,0.02843537,0.13709530
AIT-2026-03-002,MRVL,0.22941381,0.24080539,0.23659489,0.48591387
AIT-2026-03-002,MSFT,0.00332357,-0.00288311,-0.00492525,-0.04156911
AIT-2026-03-002,MSTR,0.02298605,0.03152521,0.12512807,0.16289991
AIT-2026-03-002,MTSI,-0.03833112,-0.03003134,-0.01584585,0.02492648
AIT-2026-03-002,MU,-0.01804913,0.01495659,0.10829099,-0.08563204
AIT-2026-03-002,NBIS,0.00059718,0.01648800,0.24164469,0.20677622
AIT-2026-03-002,NFLX,-0.00133098,-0.01204340,-0.00951709,0.06777026
AIT-2026-03-002,NVDA,0.00425047,0.01841866,0.03328341,0.01924597
AIT-2026-03-002,NXPI,-0.01610332,-0.02365199,-0.04495497,0.00446193
AIT-2026-03-002,ODFL,-0.05705408,-0.06615445,-0.11153761,0.00487812
AIT-2026-03-002,ON,-0.01961711,-0.01233906,0.00297186,0.07415454
AIT-2026-03-002,ORLY,0.00280262,0.00389156,-0.02845176,-0.02155803
AIT-2026-03-002,PANW,0.02137397,0.02833128,0.07050876,0.07874866
AIT-2026-03-002,PAYX,0.00793236,-0.02068297,-0.02600584,0.01069111
AIT-2026-03-002,PCAR,-0.01942069,-0.03251364,-0.04647967,-0.03123608
AIT-2026-03-002,PDD,0.02581311,0.05039315,0.05549294,0.06348270
AIT-2026-03-002,PEP,0.01092646,0.00471277,-0.00653997,-0.04757272
AIT-2026-03-002,PLTR,0.03668131,0.00756167,0.05907178,0.06682339
AIT-2026-03-002,PYPL,-0.01556467,-0.03338594,0.01547168,0.09439090
AIT-2026-03-002,QCOM,0.01855082,0.00166727,0.00300115,-0.00365238
AIT-2026-03-002,REGN,0.02092566,0.00789124,-0.02041813,-0.01830155
AIT-2026-03-002,RKLB,0.02545809,-0.00977238,0.03894579,0.00332180
AIT-2026-03-002,ROP,0.00116299,-0.01988427,-0.00480552,0.07492015
AIT-2026-03-002,ROST,-0.01070301,-0.00661786,-0.02063381,0.03803547
AIT-2026-03-002,SBUX,0.01385249,0.02492164,0.02482966,-0.01554383
AIT-2026-03-002,SHOP,0.00595815,-0.01929097,-0.00417393,-0.00903232
AIT-2026-03-002,SNDK,0.03890928,0.08310913,0.19808300,0.12648992
AIT-2026-03-002,SNPS,-0.00016159,-0.00601219,-0.00651921,-0.01448587
AIT-2026-03-002,STX,0.01667275,0.03984275,0.06093242,0.15629706
AIT-2026-03-002,TER,-0.02187943,-0.00914969,-0.02166901,0.00669206
AIT-2026-03-002,TMUS,-0.01357093,-0.00754953,-0.01531464,-0.09911510
AIT-2026-03-002,TRI,0.03032819,-0.03446448,-0.08065027,-0.07274963
AIT-2026-03-002,TSLA,-0.00599955,-0.00045622,0.03137211,-0.05507733
AIT-2026-03-002,TSM,-0.00970135,-0.01349295,-0.00451586,-0.01340598
AIT-2026-03-002,TTWO,0.01653797,-0.00652139,0.01462392,-0.01965614
AIT-2026-03-002,TXN,-0.00581585,0.00151297,-0.01404724,0.02652774
AIT-2026-03-002,UMC,-0.00240573,-0.02870913,-0.04195723,-0.12534797
AIT-2026-03-002,VRTX,0.00365496,0.08804151,0.04466802,-0.02958749
AIT-2026-03-002,WBD,-0.01473553,-0.01796388,-0.03007233,-0.10151260
AIT-2026-03-002,WDAY,0.01972261,-0.01266099,-0.04463544,-0.00376166
AIT-2026-03-002,WDC,0.00811621,0.01915238,0.06585644,0.07972621
AIT-2026-03-002,WMT,0.00527302,0.01001053,0.01690415,-0.00129248
AIT-2026-03-002,XEL,-0.00419138,-0.00734155,0.00138812,-0.02613052
AIT-2026-02-006,AAPL,-0.00412636,-0.02110124,-0.02232847,-0.02093755
AIT-2026-02-006,ABNB,-0.01394476,-0.01712765,0.02579101,-0.00364761
AIT-2026-02-006,ADBE,0.00001075,-0.06809448,-0.07023238,-0.11159553
AIT-2026-02-006,ADI,-0.01845853,-0.01677145,-0.01162061,0.05857589
AIT-2026-02-006,ADP,-0.03217040,-0.01307105,-0.00568431,-0.04213142
AIT-2026-02-006,ADSK,0.00551930,0.01863373,0.01602241,-0.07623740
AIT-2026-02-006,AEP,-0.00305423,0.00617483,-0.01783757,0.00694444
AIT-2026-02-006,ALAB,0.08325331,0.10406738,0.15625973,0.09416995
AIT-2026-02-006,ALNY,-0.00961544,-0.01961420,-0.01595901,-0.01189377
AIT-2026-02-006,AMAT,0.00363202,0.02493732,0.04149249,0.07247709
AIT-2026-02-006,AMD,0.01050372,0.00082777,0.02999669,0.10896949
AIT-2026-02-006,AMGN,-0.01433723,-0.01709194,-0.06164729,-0.08893492
AIT-2026-02-006,AMZN,0.00351877,0.00390851,0.01969839,0.10022588
AIT-2026-02-006,APP,-0.01408700,0.02266425,-0.00654107,-0.21704263
AIT-2026-02-006,ARM,-0.00572993,0.01384111,0.12702595,0.26079264
AIT-2026-02-006,ASML,0.00065690,0.00364682,0.00577265,-0.00993702
AIT-2026-02-006,ASX,-0.01971117,0.00785199,0.00491604,0.03648075
AIT-2026-02-006,AVGO,0.01328440,-0.01677130,-0.03547479,0.01639967
AIT-2026-02-006,AXON,-0.03484456,-0.03210303,0.00416082,-0.32748323
AIT-2026-02-006,BKNG,-0.01360161,0.00025102,0.04170403,0.05548696
AIT-2026-02-006,BKR,-0.04858096,-0.07530875,-0.02301946,0.01619274
AIT-2026-02-006,CCEP,-0.00983583,-0.01957919,-0.06712647,-0.06107109
AIT-2026-02-006,CDNS,0.01991708,0.01946064,0.03591509,-0.01597211
AIT-2026-02-006,CEG,-0.01739237,-0.00550706,0.05014598,-0.10319323
AIT-2026-02-006,CMCSA,-0.02325034,-0.02100826,-0.07255696,-0.07595576
AIT-2026-02-006,COST,0.00929382,0.01560435,-0.01180382,0.03999723
AIT-2026-02-006,CPRT,-0.04931413,-0.03923902,-0.06079444,-0.02958757
AIT-2026-02-006,CRDO,0.04119966,0.11143536,-0.03097986,-0.08959996
AIT-2026-02-006,CRWD,0.04484125,0.05742258,0.05378764,-0.05491678
AIT-2026-02-006,CRWV,0.11573104,0.14771271,0.17467891,0.21164284
AIT-2026-02-006,CSCO,0.01654392,0.02950087,0.02020300,0.05832737
AIT-2026-02-006,CSX,-0.03382678,-0.02945032,-0.02341099,0.00995084
AIT-2026-02-006,CTAS,-0.00574751,0.00303406,-0.03954254,-0.10093706
AIT-2026-02-006,DASH,-0.02222301,-0.01508171,0.01564336,-0.05966373
AIT-2026-02-006,DDOG,0.06254868,0.05230448,0.11145197,-0.09590368
AIT-2026-02-006,DXCM,-0.02017163,-0.02936530,0.02815916,-0.00698635
AIT-2026-02-006,EA,-0.00325251,-0.00229229,0.00075822,-0.02044338
AIT-2026-02-006,ENTG,-0.01616794,-0.01719704,0.04826348,0.08902592
AIT-2026-02-006,EXC,0.00681319,0.01250276,-0.00094945,-0.00302084
AIT-2026-02-006,FANG,-0.00430438,0.02674679,0.06335674,0.01999515
AIT-2026-02-006,FAST,-0.01199472,-0.00378701,-0.01170155,0.05320987
AIT-2026-02-006,FER,-0.01694011,-0.03204170,-0.01747534,0.05122618
AIT-2026-02-006,FTNT,0.02928491,0.02790879,0.03642326,0.00177459
AIT-2026-02-006,GEHC,-0.01470149,-0.00215417,-0.00781737,-0.00272862
AIT-2026-02-006,GILD,-0.01811283,-0.01287948,-0.04258710,-0.07349831
AIT-2026-02-006,GOOG,0.00062693,-0.00159766,0.00797246,-0.02908924
AIT-2026-02-006,GOOGL,0.00155894,0.00097025,0.01230025,-0.02296987
AIT-2026-02-006,HON,-0.01976190,-0.01159439,-0.03141489,-0.02898402
AIT-2026-02-006,IDXX,-0.02199461,-0.00919573,-0.00178976,-0.03608146
AIT-2026-02-006,INTC,-0.00629649,0.01283294,-0.00952878,0.22305173
AIT-2026-02-006,INTU,-0.01935573,0.00065194,0.02928925,-0.14382825
AIT-2026-02-006,ISRG,0.00470988,-0.00359263,0.01325799,-0.04499726
AIT-2026-02-006,KDP,-0.03758571,-0.01880243,-0.02959994,-0.03950133
AIT-2026-02-006,KHC,-0.05263681,-0.03979656,-0.05983373,-0.00483499
AIT-2026-02-006,KLAC,0.00240945,0.01922867,0.06029103,0.12474113
AIT-2026-02-006,LIN,0.03453217,0.04340218,0.03228389,0.04850713
AIT-2026-02-006,LITE,-0.06313657,-0.04910601,0.04437511,0.09272240
AIT-2026-02-006,LRCX,0.00611652,0.02883257,0.07789333,0.09847175
AIT-2026-02-006,MAR,-0.01529557,-0.01846019,0.00850480,0.06098889
AIT-2026-02-006,MCHP,-0.01409444,-0.01808414,0.02674418,0.07201379
AIT-2026-02-006,MDLZ,-0.03876480,-0.02838787,0.00207420,0.05979689
AIT-2026-02-006,MELI,-0.01105959,-0.00803868,0.01342452,0.07552357
AIT-2026-02-006,META,-0.00106852,-0.03116659,-0.02274416,-0.02149850
AIT-2026-02-006,MNST,0.00058118,0.00049940,-0.04332542,-0.03838819
AIT-2026-02-006,MPWR,0.01058387,0.03883542,0.05835803,0.20275983
AIT-2026-02-006,MRVL,-0.02132530,-0.00535833,-0.00337791,0.25568024
AIT-2026-02-006,MSFT,0.00817417,-0.00092622,-0.00464895,-0.05763082
AIT-2026-02-006,MSTR,0.05382991,0.09452387,0.13119813,0.07902355
AIT-2026-02-006,MTSI,-0.00090121,0.01371503,0.01296816,0.05897177
AIT-2026-02-006,MU,0.03450323,0.09333077,0.15896669,-0.08424614
AIT-2026-02-006,NBIS,0.16499536,0.22242972,0.27692292,0.28350324
AIT-2026-02-006,NFLX,-0.01245675,0.00407350,0.00635966,0.10559163
AIT-2026-02-006,NVDA,0.01965871,0.01343674,0.01467491,-0.02799602
AIT-2026-02-006,NXPI,-0.02980831,-0.02152796,-0.00832840,0.01975281
AIT-2026-02-006,ODFL,-0.07751178,-0.04471455,-0.03301449,0.06750785
AIT-2026-02-006,ON,-0.00766219,0.01516629,0.04509614,0.10683438
AIT-2026-02-006,ORLY,-0.01814543,-0.03364169,-0.07656315,-0.00582971
AIT-2026-02-006,PANW,0.04044755,0.04325788,0.06306628,0.05647470
AIT-2026-02-006,PAYX,-0.02009789,-0.00313993,-0.01375249,-0.01181243
AIT-2026-02-006,PCAR,-0.00518943,-0.01353307,-0.02080213,0.04192965
AIT-2026-02-006,PDD,-0.01251516,0.00438188,-0.00936797,-0.02099535
AIT-2026-02-006,PEP,-0.01650235,-0.01214151,-0.05721512,-0.05213164
AIT-2026-02-006,PLTR,0.05444817,0.05155994,0.06968670,-0.12899479
AIT-2026-02-006,PYPL,0.02018069,0.04536638,0.05197194,0.08740348
AIT-2026-02-006,QCOM,0.00078864,0.00177729,0.01355576,-0.03637032
AIT-2026-02-006,REGN,-0.02785189,-0.02766584,-0.03283901,-0.03316762
AIT-2026-02-006,RKLB,0.03429478,0.04740918,0.06665201,-0.10376889
AIT-2026-02-006,ROP,-0.00432413,0.01426797,0.02388164,0.05439443
AIT-2026-02-006,ROST,-0.00309476,-0.01432468,-0.01151262,0.03339887
AIT-2026-02-006,SBUX,0.00689822,0.00092986,-0.06493126,-0.04249369
AIT-2026-02-006,SHOP,0.02398591,0.01565282,0.02984416,-0.12931817
AIT-2026-02-006,SNDK,0.03586783,0.11199840,0.20845785,0.04100258
AIT-2026-02-006,SNPS,0.00256284,0.00053105,0.04671352,-0.03917341
AIT-2026-02-006,STX,-0.00883538,0.02135918,0.06571345,0.14218371
AIT-2026-02-006,TER,-0.01973825,-0.01290436,0.01943583,0.06906445
AIT-2026-02-006,TMUS,-0.02242141,-0.00909448,-0.05896189,-0.09487654
AIT-2026-02-006,TRI,-0.02329132,-0.04467288,-0.05498729,-0.09933998
AIT-2026-02-006,TSLA,0.02821260,0.03187027,0.04040019,-0.14392344
AIT-2026-02-006,TSM,-0.00417747,0.00836153,0.01058452,0.00217699
AIT-2026-02-006,TTWO,0.01848662,0.02215404,0.00689958,-0.02549069
AIT-2026-02-006,TXN,-0.02371160,-0.01534263,-0.01532121,0.07360852
AIT-2026-02-006,UMC,-0.00652736,-0.01341348,-0.01396158,-0.02722894
AIT-2026-02-006,VRTX,-0.02963491,-0.04357595,-0.08090373,-0.11417323
AIT-2026-02-006,WBD,-0.00296460,-0.01221236,-0.01969858,-0.13518206
AIT-2026-02-006,WDAY,-0.03225596,-0.02929198,-0.02007654,-0.13601728
AIT-2026-02-006,WDC,0.00105823,0.04788367,0.14546032,0.08203059
AIT-2026-02-006,WMT,-0.00165760,0.00616324,-0.03449128,0.00547518
AIT-2026-02-006,XEL,-0.01322828,0.00739174,-0.01828399,0.00086184
AIT-2026-03-003,AAPL,-0.00152782,-0.00373451,0.01202291,-0.01005651
AIT-2026-03-003,ABNB,0.03645913,0.03733728,0.04229534,0.03048429
AIT-2026-03-003,ADBE,-0.00797875,-0.00311599,-0.01725711,-0.00179207
AIT-2026-03-003,ADI,0.00370243,0.01113047,0.05171711,0.01771860
AIT-2026-03-003,ADP,0.00748899,0.02282287,0.00698200,-0.03250700
AIT-2026-03-003,ADSK,0.00965329,0.01046927,-0.01063831,-0.04828818
AIT-2026-03-003,AEP,-0.02671476,-0.04540997,-0.04886853,-0.03022974
AIT-2026-03-003,ALAB,0.02919056,0.03612827,0.03077109,0.17950341
AIT-2026-03-003,ALNY,-0.00860400,-0.01977551,-0.02780358,0.01577964
AIT-2026-03-003,AMAT,0.02832287,0.05286317,0.10615358,-0.02694387
AIT-2026-03-003,AMD,0.04114232,0.07520915,0.09028643,0.12470373
AIT-2026-03-003,AMGN,-0.03832792,-0.04314525,-0.04860619,-0.10630092
AIT-2026-03-003,AMZN,0.01045953,0.00984328,0.01674951,0.11331777
AIT-2026-03-003,APP,0.00868527,0.00996860,0.02408342,-0.07568986
AIT-2026-03-003,ARM,0.08366158,0.10240925,0.16376476,0.22106982
AIT-2026-03-003,ASML,0.00136308,0.01187401,0.04376023,-0.04950086
AIT-2026-03-003,ASX,0.01367730,0.02398464,0.00489903,0.09372672
AIT-2026-03-003,AVGO,-0.00401505,0.01345032,0.02685837,0.10203817
AIT-2026-03-003,AXON,0.05610117,0.04896718,-0.02540172,-0.18547693
AIT-2026-03-003,BKNG,0.03774566,0.02266753,0.03646163,0.07297130
AIT-2026-03-003,BKR,0.04624459,0.10214034,0.14661631,-0.00552471
AIT-2026-03-003,CCEP,-0.04929866,-0.06531085,-0.09625499,-0.06531091
AIT-2026-03-003,CDNS,0.01195892,0.00997898,0.01705026,-0.00496958
AIT-2026-03-003,CEG,0.06086689,0.06398982,0.01624314,-0.09844820
AIT-2026-03-003,CMCSA,-0.05501752,-0.03970115,-0.02858652,-0.06428476
AIT-2026-03-003,COST,-0.02045912,-0.02537168,-0.02532112,-0.02053227
AIT-2026-03-003,CPRT,-0.01594469,-0.02718506,-0.00726011,0.00398904
AIT-2026-03-003,CRDO,-0.09771541,-0.03821767,-0.08244725,0.22458622
AIT-2026-03-003,CRWD,0.05285258,0.04209947,-0.02140986,-0.05260766
AIT-2026-03-003,CRWV,0.00670134,-0.00867709,0.05178118,0.26037297
AIT-2026-03-003,CSCO,-0.00510810,0.00880903,0.04515909,-0.01160062
AIT-2026-03-003,CSX,0.00060343,-0.02828571,-0.01797327,0.00327477
AIT-2026-03-003,CTAS,-0.03133539,-0.04889017,-0.06350139,-0.08734448
AIT-2026-03-003,DASH,0.00413663,-0.02519200,-0.03723632,0.04215750
AIT-2026-03-003,DDOG,0.05758139,0.05266246,0.01198320,-0.08898261
AIT-2026-03-003,DXCM,0.03218629,0.02979525,0.02990482,-0.08917155
AIT-2026-03-003,EA,0.00209863,0.00165051,0.00368497,-0.03105205
AIT-2026-03-003,ENTG,0.06504846,0.07322874,0.14053803,0.05360810
AIT-2026-03-003,EXC,-0.02375338,-0.05007669,-0.06792988,-0.06014022
AIT-2026-03-003,FANG,0.04026270,0.04292526,0.07619995,-0.01662953
AIT-2026-03-003,FAST,-0.00661557,-0.01842328,-0.00544563,-0.05694133
AIT-2026-03-003,FER,-0.00048876,-0.01269460,-0.02078935,0.03610191
AIT-2026-03-003,FTNT,0.00692815,0.00931811,-0.01937279,-0.07221187
AIT-2026-03-003,GEHC,-0.01470466,-0.01036230,0.00561128,-0.03259779
AIT-2026-03-003,GILD,-0.02548559,-0.02727560,-0.04999139,-0.08930466
AIT-2026-03-003,GOOG,0.01494821,0.01369911,-0.03946785,-0.00480460
AIT-2026-03-003,GOOGL,0.01583004,0.01461771,-0.03869987,-0.00127901
AIT-2026-03-003,HON,-0.01328424,-0.01595945,-0.04501495,-0.04570384
AIT-2026-03-003,IDXX,0.00032333,0.00835497,0.00131303,-0.08783802
AIT-2026-03-003,INTC,0.00032901,0.02734463,-0.01431096,0.20830421
AIT-2026-03-003,INTU,0.00602918,0.03092983,-0.00114281,-0.10110671
AIT-2026-03-003,ISRG,0.00096558,0.00898124,0.00226374,-0.05321027
AIT-2026-03-003,KDP,-0.01608134,-0.01271674,-0.04644117,-0.04687203
AIT-2026-03-003,KHC,-0.02629099,-0.04043952,-0.05965705,-0.02860571
AIT-2026-03-003,KLAC,0.05200189,0.07520579,0.12159901,0.05443482
AIT-2026-03-003,LIN,-0.01471539,-0.01166447,-0.03044373,-0.01898284
AIT-2026-03-003,LITE,0.12737118,0.22517454,0.25975387,-0.02630060
AIT-2026-03-003,LRCX,0.04579882,0.08965487,0.11813862,0.00487585
AIT-2026-03-003,MAR,0.01129151,0.02018875,0.02317330,0.06626525
AIT-2026-03-003,MCHP,0.03010648,0.01147848,0.05787214,0.07714340
AIT-2026-03-003,MDLZ,-0.01158822,-0.01109314,0.00156909,0.00534286
AIT-2026-03-003,MELI,-0.00605078,-0.01437235,-0.03076991,0.08179792
AIT-2026-03-003,META,-0.00178605,-0.01216347,-0.02222719,0.03038940
AIT-2026-03-003,MNST,-0.04147520,-0.04783662,-0.06273989,-0.05781010
AIT-2026-03-003,MPWR,0.01958871,0.03972239,0.05980192,0.11286468
AIT-2026-03-003,MRVL,-0.01562535,0.01236279,0.06234465,0.29254327
AIT-2026-03-003,MSFT,-0.00703142,-0.01034543,-0.04147045,0.01725820
AIT-2026-03-003,MSTR,0.00209676,0.00008650,0.02892332,-0.01243568
AIT-2026-03-003,MTSI,-0.01403472,0.01308924,0.07365486,0.02707032
AIT-2026-03-003,MU,0.06140149,0.02364570,-0.09046405,-0.19650743
AIT-2026-03-003,NBIS,-0.05621834,-0.02703424,-0.06995482,0.05573381
AIT-2026-03-003,NFLX,0.00372736,-0.02476664,-0.02506842,0.13061206
AIT-2026-03-003,NVDA,0.00578144,0.00018738,-0.00467276,-0.00632240
AIT-2026-03-003,NXPI,0.02440235,0.02726538,0.06183069,0.02078671
AIT-2026-03-003,ODFL,0.01349208,0.01486983,0.03709696,0.05328834
AIT-2026-03-003,ON,0.02580446,0.00917745,0.06805485,0.09439483
AIT-2026-03-003,ORLY,-0.03113638,-0.02926017,-0.02903499,0.03098086
AIT-2026-03-003,PANW,0.02593168,0.03571575,-0.02485396,-0.02391466
AIT-2026-03-003,PAYX,-0.01378380,0.00250867,0.00436689,0.00676493
AIT-2026-03-003,PCAR,-0.00027597,-0.01516775,0.01447206,0.00516139
AIT-2026-03-003,PDD,-0.01237207,-0.04068613,-0.02089622,-0.06085488
AIT-2026-03-003,PEP,-0.03181480,-0.03912745,-0.05940512,-0.04577320
AIT-2026-03-003,PLTR,0.02862843,0.05429940,0.07133601,-0.15191158
AIT-2026-03-003,PYPL,0.00886183,0.00761530,0.03185486,0.07830404
AIT-2026-03-003,QCOM,0.03120250,0.04315756,0.04009475,-0.02711880
AIT-2026-03-003,REGN,-0.01522880,-0.02461384,-0.02016602,-0.04948071
AIT-2026-03-003,RKLB,0.01055606,0.04908632,-0.02393900,-0.14177915
AIT-2026-03-003,ROP,0.00839773,0.01979756,0.01202248,0.05459261
AIT-2026-03-003,ROST,0.00106500,0.01779728,0.04228703,0.01209848
AIT-2026-03-003,SBUX,-0.04498000,-0.00919243,-0.04472523,-0.03047791
AIT-2026-03-003,SHOP,0.01208345,0.00902107,-0.01683882,-0.09477614
AIT-2026-03-003,SNDK,0.08479256,0.10473707,-0.00039324,-0.18969336
AIT-2026-03-003,SNPS,0.03329471,0.03925552,0.03110283,-0.02056913
AIT-2026-03-003,STX,0.03239158,0.09985359,0.07712304,0.07445995
AIT-2026-03-003,TER,0.02178373,0.02970912,0.08982459,-0.01927956
AIT-2026-03-003,TMUS,-0.03993888,-0.04028348,-0.01837895,-0.10579594
AIT-2026-03-003,TRI,-0.00580592,-0.00653771,-0.05218867,0.01029924
AIT-2026-03-003,TSLA,0.02039925,-0.00492438,0.02228129,-0.09134757
AIT-2026-03-003,TSM,0.01802358,0.01821833,0.03929048,-0.02553478
AIT-2026-03-003,TTWO,-0.00498150,-0.01398158,-0.05652962,0.01121908
AIT-2026-03-003,TXN,-0.00930337,-0.02088384,0.01703261,0.06433999
AIT-2026-03-003,UMC,-0.01332801,-0.01757419,-0.04035599,-0.01192475
AIT-2026-03-003,VRTX,-0.02356648,-0.00769467,-0.02386628,-0.09086915
AIT-2026-03-003,WBD,-0.00376714,0.00391389,-0.01668837,-0.17722857
AIT-2026-03-003,WDAY,0.00934906,0.02383870,0.01312414,-0.03609484
AIT-2026-03-003,WDC,0.07824478,0.11555175,0.06046237,-0.00236264
AIT-2026-03-003,WMT,-0.03646176,-0.04565103,-0.04108581,-0.03433785
AIT-2026-03-003,XEL,-0.02156067,-0.02868955,-0.05094666,-0.06006566
AIT-2026-03-004,AAPL,-0.00643765,-0.00648454,-0.00161259,-0.05760482
AIT-2026-03-004,ABNB,-0.03505699,-0.04203455,-0.05015836,-0.02234918
AIT-2026-03-004,ADBE,0.02150446,0.01118653,0.01465572,-0.01950799
AIT-2026-03-004,ADI,-0.00771557,0.00114773,0.00877162,0.06617976
AIT-2026-03-004,ADP,0.01994955,-0.00313423,0.00345996,-0.03428891
AIT-2026-03-004,ADSK,0.00589204,-0.00458962,-0.02000646,-0.08181626
AIT-2026-03-004,AEP,0.01540795,0.01239078,0.01711715,0.01237570
AIT-2026-03-004,ALAB,-0.05303686,-0.05733331,-0.02503570,0.22585428
AIT-2026-03-004,ALNY,-0.02610115,0.00444473,-0.00391557,-0.11709737
AIT-2026-03-004,AMAT,-0.00367463,-0.01632080,-0.02314969,-0.11230265
AIT-2026-03-004,AMD,0.01256198,-0.02916943,0.01050460,0.19888826
AIT-2026-03-004,AMGN,-0.00370571,-0.01200713,-0.04923809,-0.11747457
AIT-2026-03-004,AMZN,0.00062061,-0.00519697,-0.00040854,0.09914058
AIT-2026-03-004,APP,0.00747480,-0.00272635,0.00078562,-0.10119820
AIT-2026-03-004,ARM,-0.06716638,-0.02925351,-0.07061393,0.15951560
AIT-2026-03-004,ASML,-0.02222144,-0.02759879,-0.07152162,-0.16130521
AIT-2026-03-004,ASX,-0.00277330,-0.01127110,-0.00170350,0.14516740
AIT-2026-03-004,AVGO,-0.00940020,-0.01803873,-0.03238653,0.07249400
AIT-2026-03-004,AXON,-0.05179215,-0.05936304,-0.09430962,-0.15977983
AIT-2026-03-004,BKNG,0.00274758,-0.00318309,0.03513946,-0.00974144
AIT-2026-03-004,BKR,-0.01273895,-0.03371452,-0.05668278,-0.03369378
AIT-2026-03-004,CCEP,-0.02015282,-0.02449692,0.00283170,0.02933468
AIT-2026-03-004,CDNS,0.00064288,-0.02036452,-0.03359378,0.04215514
AIT-2026-03-004,CEG,0.05112814,-0.06645937,-0.10258570,-0.10026187
AIT-2026-03-004,CMCSA,0.01205006,-0.00152436,-0.02970305,-0.03910977
AIT-2026-03-004,COST,0.01900850,0.01665539,0.03801260,0.01364169
AIT-2026-03-004,CPRT,0.00153152,0.00733881,-0.00369341,-0.00255606
AIT-2026-03-004,CRDO,-0.02565538,-0.05425518,-0.01248443,0.30243121
AIT-2026-03-004,CRWD,0.00586216,-0.01404669,-0.01153583,0.01101882
AIT-2026-03-004,CRWV,-0.07917455,-0.04221173,-0.02715596,0.11680802
AIT-2026-03-004,CSCO,-0.04275295,-0.06632519,-0.03934173,-0.03645948
AIT-2026-03-004,CSX,0.01683348,0.02956757,0.02902602,0.05771968
AIT-2026-03-004,CTAS,0.00874576,0.00144103,0.01443890,0.01089914
AIT-2026-03-004,DASH,0.00837857,-0.01796753,0.00169556,0.03510228
AIT-2026-03-004,DDOG,-0.03407133,-0.06114513,-0.09403600,-0.08271897
AIT-2026-03-004,DXCM,-0.04053848,-0.05228041,-0.05304643,-0.13181475
AIT-2026-03-004,EA,0.00648152,0.00275704,-0.00408773,-0.05881130
AIT-2026-03-004,ENTG,-0.00321086,-0.01196650,-0.06738701,-0.01819346
AIT-2026-03-004,EXC,0.01038919,0.01086561,0.00782185,-0.04608159
AIT-2026-03-004,FANG,-0.01680260,-0.02744360,-0.05092264,-0.07154024
AIT-2026-03-004,FAST,0.01203910,0.02242611,0.00211037,-0.06023987
AIT-2026-03-004,FER,0.00473538,0.02508235,0.02954608,-0.02537064
AIT-2026-03-004,FTNT,0.00612125,0.00376440,-0.00092520,-0.03622737
AIT-2026-03-004,GEHC,-0.01374593,-0.01235825,-0.03633434,-0.12053660
AIT-2026-03-004,GILD,0.00292740,0.01072668,0.00632446,-0.14171229
AIT-2026-03-004,GOOG,-0.00781469,0.00598949,0.02101038,0.04964106
AIT-2026-03-004,GOOGL,-0.00707794,0.00761000,0.02799437,0.05277126
AIT-2026-03-004,HON,0.00554678,-0.00262660,-0.00248323,-0.13232877
AIT-2026-03-004,IDXX,0.00243052,-0.03278131,-0.02518895,-0.15062121
AIT-2026-03-004,INTC,-0.03229322,-0.02557869,0.08030896,0.40021264
AIT-2026-03-004,INTU,0.01486820,0.00388265,-0.03156605,-0.09985052
AIT-2026-03-004,ISRG,-0.01184293,-0.02037823,-0.04755771,-0.06496074
AIT-2026-03-004,KDP,0.01862210,0.01244142,-0.01030965,0.08856083
AIT-2026-03-004,KHC,0.03702991,0.04362702,0.09237832,0.02561463
AIT-2026-03-004,KLAC,-0.00235220,-0.00890191,-0.00051780,-0.00926423
AIT-2026-03-004,LIN,0.01464800,-0.00205990,0.00127150,-0.00260598
AIT-2026-03-004,LITE,-0.00627344,-0.03208707,0.00026899,-0.28382181
AIT-2026-03-004,LRCX,-0.00689072,-0.02060396,-0.03365630,-0.13864984
AIT-2026-03-004,MAR,-0.00226273,-0.00500298,0.01444389,-0.00145979
AIT-2026-03-004,MCHP,-0.03348794,-0.00121538,0.02054273,0.16805325
AIT-2026-03-004,MDLZ,0.01329414,0.01179998,0.02676218,0.02166071
AIT-2026-03-004,MELI,0.02192624,0.05755143,0.03811468,0.05001758
AIT-2026-03-004,META,0.00990353,0.03862270,0.02581518,0.10463867
AIT-2026-03-004,MNST,-0.01075635,0.00309073,0.02274229,0.04068333
AIT-2026-03-004,MPWR,-0.01000860,0.01704598,0.06224846,0.16656481
AIT-2026-03-004,MRVL,-0.06088957,0.00452889,0.07815153,0.27238717
AIT-2026-03-004,MSFT,0.00140541,0.00844773,0.00809353,0.08888737
AIT-2026-03-004,MSTR,-0.01304179,-0.06800194,-0.06371524,0.07748353
AIT-2026-03-004,MTSI,-0.05051464,-0.04666266,-0.02784878,-0.02664665
AIT-2026-03-004,MU,-0.05058448,-0.08513978,-0.02251357,0.00743783
AIT-2026-03-004,NBIS,-0.07102806,-0.05070134,-0.02391955,-0.09929463
AIT-2026-03-004,NFLX,0.01040681,0.03049792,0.05715823,-0.03657249
AIT-2026-03-004,NVDA,0.00160978,0.00296943,-0.00407856,0.03883254
AIT-2026-03-004,NXPI,-0.01048736,-0.01048589,-0.02926053,0.02956434
AIT-2026-03-004,ODFL,0.03623243,0.02718751,0.04356774,0.02032941
AIT-2026-03-004,ON,-0.05292187,0.00976206,0.01215278,0.31802822
AIT-2026-03-004,ORLY,-0.00162041,0.00024374,-0.00237315,-0.00698232
AIT-2026-03-004,PANW,0.01485879,0.02423439,0.02517478,0.09110590
AIT-2026-03-004,PAYX,0.01076774,-0.01103623,-0.01159117,-0.02686619
AIT-2026-03-004,PCAR,-0.00743550,-0.00845815,0.00111402,-0.01359364
AIT-2026-03-004,PDD,0.00564104,0.00689564,-0.02069782,-0.13913216
AIT-2026-03-004,PEP,0.03403428,0.02635548,0.03301283,0.00563398
AIT-2026-03-004,PLTR,-0.02512542,-0.02371172,-0.04016966,-0.23690036
AIT-2026-03-004,PYPL,0.02971727,-0.00282447,-0.00908385,-0.00353599
AIT-2026-03-004,QCOM,0.01206617,-0.02380722,-0.06618869,-0.00282977
AIT-2026-03-004,REGN,-0.00577969,0.01124863,-0.01333845,-0.10506086
AIT-2026-03-004,RKLB,-0.08723163,-0.05132252,-0.04673198,-0.12170742
AIT-2026-03-004,ROP,0.01944776,0.01205086,0.03369649,0.01120171
AIT-2026-03-004,ROST,-0.01438305,0.00027177,0.00665105,-0.05516679
AIT-2026-03-004,SBUX,-0.03671141,-0.02334611,0.02412621,-0.00410351
AIT-2026-03-004,SHOP,0.02608601,0.00721832,-0.02605926,-0.19163978
AIT-2026-03-004,SNDK,0.00412575,-0.01643621,0.02473543,-0.09959317
AIT-2026-03-004,SNPS,-0.00502368,-0.02478687,-0.04508300,0.05167416
AIT-2026-03-004,STX,-0.01034161,0.00399360,0.11116643,0.13821318
AIT-2026-03-004,TER,-0.02906809,-0.03733901,-0.02454195,-0.06921778
AIT-2026-03-004,TMUS,0.00774760,-0.00407685,-0.05543149,-0.11224300
AIT-2026-03-004,TRI,0.02958114,-0.00001626,0.00850384,-0.01154143
AIT-2026-03-004,TSLA,-0.00329769,-0.01967630,-0.09976123,-0.20929611
AIT-2026-03-004,TSM,0.00646221,0.01623045,-0.00326274,-0.01422466
AIT-2026-03-004,TTWO,0.01171342,0.01027681,-0.00222410,0.02658955
AIT-2026-03-004,TXN,-0.01927678,-0.00207109,0.01435380,0.26773263
AIT-2026-03-004,UMC,-0.03346829,-0.01362904,-0.05989884,0.17149454
AIT-2026-03-004,VRTX,-0.00768156,-0.02170326,-0.05964213,-0.14205133
AIT-2026-03-004,WBD,0.01291216,-0.01094936,-0.04307845,-0.23484642
AIT-2026-03-004,WDAY,0.03176852,0.01944720,0.01776487,-0.08192224
AIT-2026-03-004,WDC,-0.04305195,-0.04750290,0.02036234,-0.01202633
AIT-2026-03-004,WMT,0.00606149,0.01358182,0.03054869,0.02535438
AIT-2026-03-004,XEL,0.01465152,0.01582357,0.02415366,-0.00559529
