event_id,ticker,car_sym14
AIT-2022-04-002,ADBE,0.00746596327353
AIT-2022-10-001,ADBE,0.0687241297445
AIT-2022-12-001,ADBE,0.0469755846863
AIT-2023-03-002,ADBE,0.0819787599885
AIT-2023-05-002,ADBE,0.105577149766
AIT-2023-07-001,ADBE,0.0203090215891
AIT-2023-07-002,ADBE,-0.011840990091
AIT-2023-07-003,ADBE,-0.005727784523
AIT-2023-10-001,ADBE,0.0767281927755
AIT-2023-12-001,ADBE,-0.170053863816
AIT-2023-12-002,ADBE,-0.178739549107
AIT-2024-02-001,ADBE,-0.220352713241
AIT-2024-02-003,ADBE,-0.237638930126
AIT-2024-03-002,ADBE,-0.313973068711
AIT-2024-04-001,ADBE,-0.132584156375
AIT-2024-04-003,ADBE,0.00915060523312
AIT-2024-04-004,ADBE,0.0203355220022
AIT-2024-04-005,ADBE,-0.00172706038163
AIT-2024-05-001,ADBE,-0.107497824161
AIT-2024-05-002,ADBE,-0.0791907839361
AIT-2024-06-001,ADBE,0.174170786165
AIT-2024-06-003,ADBE,0.175701062488
AIT-2024-06-004,ADBE,0.175701062488
AIT-2024-06-005,ADBE,0.148968712294
AIT-2024-07-001,ADBE,0.0715512986513
AIT-2024-07-002,ADBE,0.0127400126116
AIT-2024-07-006,ADBE,0.0127400126116
AIT-2024-07-007,ADBE,-0.00211704889741
AIT-2024-07-008,ADBE,0.0258708096184
AIT-2024-08-001,ADBE,0.0514508425428
AIT-2024-08-002,ADBE,0.0442147529992
AIT-2024-08-003,ADBE,0.098552082226
AIT-2024-08-004,ADBE,0.098552082226
AIT-2024-08-006,ADBE,-0.0403653230592
AIT-2024-09-002,ADBE,-0.0795800558775
AIT-2024-09-003,ADBE,-0.124112818331
AIT-2024-09-006,ADBE,-0.145955088611
AIT-2024-09-007,ADBE,-0.140773154363
AIT-2024-09-008,ADBE,-0.113568933468
AIT-2024-09-010,ADBE,-0.102320122817
AIT-2024-10-001,ADBE,-0.162074706688
AIT-2024-10-010,ADBE,-0.00274894330541
AIT-2024-10-011,ADBE,-0.00274894330541
AIT-2024-10-013,ADBE,0.0433076631009
AIT-2024-11-001,ADBE,-0.0550958411928
AIT-2024-11-002,ADBE,0.0723005743584
AIT-2024-11-005,ADBE,0.150516006482
AIT-2024-11-007,ADBE,0.04584359031
AIT-2024-12-001,ADBE,-0.0549392991138
AIT-2024-12-002,ADBE,-0.127775978919
AIT-2024-12-004,ADBE,-0.0663282679606
AIT-2024-12-005,ADBE,-0.153363582927
AIT-2024-12-006,ADBE,-0.129299676185
AIT-2024-12-008,ADBE,-0.108074538581
AIT-2024-12-009,ADBE,-0.127238404176
AIT-2024-12-013,ADBE,-0.163495005952
AIT-2025-01-002,ADBE,0.032756126752
AIT-2025-01-003,ADBE,0.032756126752
AIT-2025-01-005,ADBE,0.0368386313628
AIT-2025-01-006,ADBE,0.0843575027798
AIT-2025-01-007,ADBE,0.0801672269886
AIT-2025-02-001,ADBE,0.106478523486
AIT-2025-02-002,ADBE,0.0242065177596
AIT-2025-02-004,ADBE,0.0857717417894
AIT-2025-02-006,ADBE,0.00773930821443
AIT-2025-02-007,ADBE,-0.00667464682244
AIT-2025-03-001,ADBE,-0.156233278905
AIT-2025-03-003,ADBE,-0.156233278905
AIT-2025-03-005,ADBE,-0.0489500556181
AIT-2025-03-007,ADBE,-0.156233278905
AIT-2025-04-001,ADBE,-0.00801047831905
AIT-2025-04-002,ADBE,0.0258594380298
AIT-2025-04-004,ADBE,0.0291005478289
AIT-2025-04-005,ADBE,0.0321235938278
AIT-2025-04-006,ADBE,-0.0155986293076
AIT-2025-04-007,ADBE,-0.106871360288
AIT-2025-04-008,ADBE,0.113300624085
AIT-2025-05-002,ADBE,0.131529125869
AIT-2025-05-003,ADBE,0.0794475214922
AIT-2025-05-004,ADBE,0.0930025869066
AIT-2025-05-009,ADBE,-0.00643145204987
AIT-2025-05-012,ADBE,0.0930025869066
AIT-2025-06-002,ADBE,-0.0236535557962
AIT-2025-06-003,ADBE,-0.0537089106433
AIT-2025-07-001,ADBE,-0.0781654673126
AIT-2025-07-005,ADBE,-0.0979752202112
AIT-2025-07-006,ADBE,-0.0568675691432
AIT-2025-07-007,ADBE,-0.0314181239231
AIT-2025-08-002,ADBE,0.0272992546987
AIT-2025-08-004,ADBE,0.0272992546987
AIT-2025-08-005,ADBE,0.00247000944687
AIT-2025-08-006,ADBE,0.00824066256693
AIT-2025-08-007,ADBE,0.0660245117857
AIT-2025-09-001,ADBE,0.00193588003405
AIT-2025-09-004,ADBE,0.0120636011812
AIT-2025-09-005,ADBE,0.00193588003405
AIT-2025-09-007,ADBE,-0.017678359181
AIT-2025-09-008,ADBE,0.0194890264218
AIT-2025-09-009,ADBE,-0.017678359181
AIT-2025-10-003,ADBE,-0.0183606586325
AIT-2025-11-001,ADBE,-0.0134707716761
AIT-2025-11-002,ADBE,-0.0519603340884
AIT-2025-11-003,ADBE,0.00749574869664
AIT-2025-11-004,ADBE,0.0191912553276
AIT-2025-11-006,ADBE,0.0781870767426
AIT-2025-11-007,ADBE,0.100758396236
AIT-2025-11-008,ADBE,0.0914059101275
AIT-2025-12-001,ADBE,0.140214041128
AIT-2025-12-002,ADBE,0.0860877088032
AIT-2025-12-003,ADBE,0.107052354706
AIT-2025-12-004,ADBE,0.140214041128
AIT-2025-12-005,ADBE,0.134685888621
AIT-2025-12-006,ADBE,0.107052354706
AIT-2025-12-007,ADBE,0.0040625610886
AIT-2025-12-009,ADBE,0.0040625610886
AIT-2026-01-003,ADBE,-0.189665763931
AIT-2026-01-004,ADBE,-0.188280065185
AIT-2026-02-001,ADBE,-0.0966587738989
AIT-2026-02-002,ADBE,-0.0966587738989
AIT-2026-02-005,ADBE,-0.0094879851688
AIT-2026-02-006,ADBE,0.0842422327562
AIT-2026-02-008,ADBE,-0.00848622448605
AIT-2026-03-002,ADBE,0.0451917025057
AIT-2026-03-003,ADBE,0.107463253471
AIT-2026-03-004,ADBE,-0.0676533094765
AIT-2022-04-002,AMD,-0.249247361317
AIT-2022-10-001,AMD,-0.0808428418633
AIT-2022-12-001,AMD,-0.0604018613417
AIT-2023-03-002,AMD,0.187316992449
AIT-2023-05-002,AMD,0.284551608112
AIT-2023-07-001,AMD,-0.0515793773847
AIT-2023-07-002,AMD,-0.153615349661
AIT-2023-07-003,AMD,-0.0258094992492
AIT-2023-10-001,AMD,0.0214115355408
AIT-2023-12-001,AMD,0.0683780246537
AIT-2023-12-002,AMD,0.0499141987935
AIT-2024-02-001,AMD,-0.0213853513121
AIT-2024-02-003,AMD,0.00329425095529
AIT-2024-03-002,AMD,-0.0674743427411
AIT-2024-04-001,AMD,-0.24120703319
AIT-2024-04-003,AMD,-0.139556346313
AIT-2024-04-004,AMD,-0.13707366125
AIT-2024-04-005,AMD,-0.175519751401
AIT-2024-05-001,AMD,-0.0490625355035
AIT-2024-05-002,AMD,-0.067227727278
AIT-2024-06-001,AMD,-0.109825619181
AIT-2024-06-003,AMD,-0.0701424312659
AIT-2024-06-004,AMD,-0.0701424312659
AIT-2024-06-005,AMD,-0.0482076280344
AIT-2024-07-001,AMD,-0.0593485229424
AIT-2024-07-002,AMD,-0.070248294004
AIT-2024-07-006,AMD,-0.070248294004
AIT-2024-07-007,AMD,-0.0987793822189
AIT-2024-07-008,AMD,-0.124588628138
AIT-2024-08-001,AMD,-0.11850934475
AIT-2024-08-002,AMD,-0.112744432689
AIT-2024-08-003,AMD,-0.0557905427868
AIT-2024-08-004,AMD,-0.0557905427868
AIT-2024-08-006,AMD,0.019804261181
AIT-2024-09-002,AMD,0.0159368679387
AIT-2024-09-003,AMD,0.115347861862
AIT-2024-09-006,AMD,0.0145238078511
AIT-2024-09-007,AMD,0.0861281552817
AIT-2024-09-008,AMD,0.138336851251
AIT-2024-09-010,AMD,0.142207384037
AIT-2024-10-001,AMD,-0.0498301177453
AIT-2024-10-010,AMD,-0.165032658683
AIT-2024-10-011,AMD,-0.165032658683
AIT-2024-10-013,AMD,-0.194754184635
AIT-2024-11-001,AMD,-0.0980946134528
AIT-2024-11-002,AMD,-0.0825685433489
AIT-2024-11-005,AMD,-0.20912855973
AIT-2024-11-007,AMD,-0.139797838487
AIT-2024-12-001,AMD,-0.0667247351125
AIT-2024-12-002,AMD,-0.0479549049278
AIT-2024-12-004,AMD,-0.0445300977192
AIT-2024-12-005,AMD,0.0210430499495
AIT-2024-12-006,AMD,0.0412472404693
AIT-2024-12-008,AMD,-0.0128910891778
AIT-2024-12-009,AMD,-0.0337015103201
AIT-2024-12-013,AMD,-0.018937110626
AIT-2025-01-002,AMD,-0.0349649065074
AIT-2025-01-003,AMD,-0.0349649065074
AIT-2025-01-005,AMD,-0.0573276432984
AIT-2025-01-006,AMD,-0.0637384916362
AIT-2025-01-007,AMD,-0.0360485313868
AIT-2025-02-001,AMD,0.113824378645
AIT-2025-02-002,AMD,0.0996390241754
AIT-2025-02-004,AMD,-0.0511466448757
AIT-2025-02-006,AMD,0.0989526473704
AIT-2025-02-007,AMD,0.172472576936
AIT-2025-03-001,AMD,0.172173974064
AIT-2025-03-003,AMD,0.172173974064
AIT-2025-03-005,AMD,0.194375465735
AIT-2025-03-007,AMD,0.172173974064
AIT-2025-04-001,AMD,0.0602193986985
AIT-2025-04-002,AMD,0.0581752799117
AIT-2025-04-004,AMD,0.00469528314648
AIT-2025-04-005,AMD,0.0259670567355
AIT-2025-04-006,AMD,0.0706582775701
AIT-2025-04-007,AMD,0.142599963589
AIT-2025-04-008,AMD,0.0914112874259
AIT-2025-05-002,AMD,0.110588739688
AIT-2025-05-003,AMD,0.109510102775
AIT-2025-05-004,AMD,0.146331804315
AIT-2025-05-009,AMD,0.183940684158
AIT-2025-05-012,AMD,0.146331804315
AIT-2025-06-002,AMD,0.221032258492
AIT-2025-06-003,AMD,0.157553267746
AIT-2025-07-001,AMD,0.276608487391
AIT-2025-07-005,AMD,0.171067172459
AIT-2025-07-006,AMD,0.249633278066
AIT-2025-07-007,AMD,0.258055512361
AIT-2025-08-002,AMD,0.0182854070573
AIT-2025-08-004,AMD,0.0182854070573
AIT-2025-08-005,AMD,0.00967580524291
AIT-2025-08-006,AMD,-0.18479427697
AIT-2025-08-007,AMD,-0.17252755868
AIT-2025-09-001,AMD,0.273473934362
AIT-2025-09-004,AMD,0.255910563916
AIT-2025-09-005,AMD,0.273473934362
AIT-2025-09-007,AMD,0.414210270861
AIT-2025-09-008,AMD,0.393947573846
AIT-2025-09-009,AMD,0.414210270861
AIT-2025-10-003,AMD,0.42815659257
AIT-2025-11-001,AMD,-0.204994007967
AIT-2025-11-002,AMD,-0.178913081721
AIT-2025-11-003,AMD,-0.233375434544
AIT-2025-11-004,AMD,-0.221458781244
AIT-2025-11-006,AMD,-0.245332585615
AIT-2025-11-007,AMD,-0.295884157078
AIT-2025-11-008,AMD,-0.272360632026
AIT-2025-12-001,AMD,-0.231670534634
AIT-2025-12-002,AMD,-0.137617733689
AIT-2025-12-003,AMD,-0.136362692145
AIT-2025-12-004,AMD,-0.231670534634
AIT-2025-12-005,AMD,-0.210551454043
AIT-2025-12-006,AMD,-0.136362692145
AIT-2025-12-007,AMD,-0.112107973569
AIT-2025-12-009,AMD,-0.112107973569
AIT-2026-01-003,AMD,-0.0884074535242
AIT-2026-01-004,AMD,-0.0748868341647
AIT-2026-02-001,AMD,-0.150988122975
AIT-2026-02-002,AMD,-0.150988122975
AIT-2026-02-005,AMD,-0.263834677766
AIT-2026-02-006,AMD,0.116419606304
AIT-2026-02-008,AMD,0.0439631146511
AIT-2026-03-002,AMD,0.124089746881
AIT-2026-03-003,AMD,0.169461286182
AIT-2026-03-004,AMD,0.205945648284
AIT-2022-04-002,GOOGL,-0.106864969434
AIT-2022-10-001,GOOGL,-0.138061305221
AIT-2022-12-001,GOOGL,-0.0375076428062
AIT-2023-03-002,GOOGL,0.109261328789
AIT-2023-05-002,GOOGL,0.16512403383
AIT-2023-07-001,GOOGL,0.078189056627
AIT-2023-07-002,GOOGL,0.0149901715862
AIT-2023-07-003,GOOGL,0.0582458141778
AIT-2023-10-001,GOOGL,-0.0704590218629
AIT-2023-12-001,GOOGL,-0.0373720726215
AIT-2023-12-002,GOOGL,-0.0660296549033
AIT-2024-02-001,GOOGL,-0.0983250976053
AIT-2024-02-003,GOOGL,-0.200931592303
AIT-2024-03-002,GOOGL,-0.0333511512618
AIT-2024-04-001,GOOGL,0.167295117538
AIT-2024-04-003,GOOGL,0.132476584886
AIT-2024-04-004,GOOGL,0.129981997107
AIT-2024-04-005,GOOGL,0.0855203334144
AIT-2024-05-001,GOOGL,0.0107324888146
AIT-2024-05-002,GOOGL,0.0242675066086
AIT-2024-06-001,GOOGL,-0.0167803994496
AIT-2024-06-003,GOOGL,0.00347905250772
AIT-2024-06-004,GOOGL,0.00347905250772
AIT-2024-06-005,GOOGL,-0.0290813878076
AIT-2024-07-001,GOOGL,-0.0789190478777
AIT-2024-07-002,GOOGL,-0.0869320311769
AIT-2024-07-006,GOOGL,-0.0869320311769
AIT-2024-07-007,GOOGL,-0.0991648795076
AIT-2024-07-008,GOOGL,-0.12715845382
AIT-2024-08-001,GOOGL,-0.111445017316
AIT-2024-08-002,GOOGL,-0.0826165115826
AIT-2024-08-003,GOOGL,-0.116361416413
AIT-2024-08-004,GOOGL,-0.116361416413
AIT-2024-08-006,GOOGL,-0.0796001125761
AIT-2024-09-002,GOOGL,-0.00731330664697
AIT-2024-09-003,GOOGL,-0.0389174144894
AIT-2024-09-006,GOOGL,0.00521374585459
AIT-2024-09-007,GOOGL,-0.0112531236138
AIT-2024-09-008,GOOGL,-0.0159814153874
AIT-2024-09-010,GOOGL,-0.0233346142851
AIT-2024-10-001,GOOGL,0.026386429106
AIT-2024-10-010,GOOGL,0.0219163320595
AIT-2024-10-011,GOOGL,0.0219163320595
AIT-2024-10-013,GOOGL,0.0825688449441
AIT-2024-11-001,GOOGL,0.0681573257492
AIT-2024-11-002,GOOGL,0.0150004181013
AIT-2024-11-005,GOOGL,0.00532142874642
AIT-2024-11-007,GOOGL,-0.00415902991348
AIT-2024-12-001,GOOGL,0.0853137029328
AIT-2024-12-002,GOOGL,0.0787248559318
AIT-2024-12-004,GOOGL,0.0739365999136
AIT-2024-12-005,GOOGL,0.147326062845
AIT-2024-12-006,GOOGL,0.184869937369
AIT-2024-12-008,GOOGL,0.0848084430238
AIT-2024-12-009,GOOGL,0.0908246360529
AIT-2024-12-013,GOOGL,0.120788654253
AIT-2025-01-002,GOOGL,-0.0598344631949
AIT-2025-01-003,GOOGL,-0.0598344631949
AIT-2025-01-005,GOOGL,-0.080386266476
AIT-2025-01-006,GOOGL,-0.0887460198536
AIT-2025-01-007,GOOGL,-0.0993282726295
AIT-2025-02-001,GOOGL,-0.0692055877226
AIT-2025-02-002,GOOGL,-0.114165244709
AIT-2025-02-004,GOOGL,-0.117154684821
AIT-2025-02-006,GOOGL,-0.144505854026
AIT-2025-02-007,GOOGL,-0.0605221904514
AIT-2025-03-001,GOOGL,0.0206459052644
AIT-2025-03-003,GOOGL,0.0206459052644
AIT-2025-03-005,GOOGL,-0.01954939015
AIT-2025-03-007,GOOGL,0.0206459052644
AIT-2025-04-001,GOOGL,0.022976450102
AIT-2025-04-002,GOOGL,-0.0188627017337
AIT-2025-04-004,GOOGL,0.0281914752733
AIT-2025-04-005,GOOGL,-0.0423365179915
AIT-2025-04-006,GOOGL,-0.000697786812569
AIT-2025-04-007,GOOGL,-0.00200553506598
AIT-2025-04-008,GOOGL,-0.0197725092546
AIT-2025-05-002,GOOGL,0.0199881447375
AIT-2025-05-003,GOOGL,0.0335262437055
AIT-2025-05-004,GOOGL,0.0380566890877
AIT-2025-05-009,GOOGL,0.0299114476921
AIT-2025-05-012,GOOGL,0.0380566890877
AIT-2025-06-002,GOOGL,0.0216262952688
AIT-2025-06-003,GOOGL,0.0198632545772
AIT-2025-07-001,GOOGL,0.0520374073704
AIT-2025-07-005,GOOGL,0.0844275150127
AIT-2025-07-006,GOOGL,0.0456786144108
AIT-2025-07-007,GOOGL,0.107163525537
AIT-2025-08-002,GOOGL,0.0926147925579
AIT-2025-08-004,GOOGL,0.0926147925579
AIT-2025-08-005,GOOGL,0.0839749376241
AIT-2025-08-006,GOOGL,0.184743063397
AIT-2025-08-007,GOOGL,0.19981534851
AIT-2025-09-001,GOOGL,-0.00909286803003
AIT-2025-09-004,GOOGL,0.073792992429
AIT-2025-09-005,GOOGL,-0.00909286803003
AIT-2025-09-007,GOOGL,0.0147577956624
AIT-2025-09-008,GOOGL,-0.00900801846751
AIT-2025-09-009,GOOGL,0.0147577956624
AIT-2025-10-003,GOOGL,0.0779135464605
AIT-2025-11-001,GOOGL,0.195550040911
AIT-2025-11-002,GOOGL,0.18905474816
AIT-2025-11-003,GOOGL,0.125284823623
AIT-2025-11-004,GOOGL,0.148285674788
AIT-2025-11-006,GOOGL,0.063362360831
AIT-2025-11-007,GOOGL,0.0484116438642
AIT-2025-11-008,GOOGL,0.0485027614142
AIT-2025-12-001,GOOGL,0.0154690224681
AIT-2025-12-002,GOOGL,-0.0320420877321
AIT-2025-12-003,GOOGL,-0.0919138672392
AIT-2025-12-004,GOOGL,0.0154690224681
AIT-2025-12-005,GOOGL,0.0364246939663
AIT-2025-12-006,GOOGL,-0.0919138672392
AIT-2025-12-007,GOOGL,-0.0255713916801
AIT-2025-12-009,GOOGL,-0.0255713916801
AIT-2026-01-003,GOOGL,-0.114432496573
AIT-2026-01-004,GOOGL,-0.100910427204
AIT-2026-02-001,GOOGL,-0.160492279163
AIT-2026-02-002,GOOGL,-0.160492279163
AIT-2026-02-005,GOOGL,-0.151552384846
AIT-2026-02-006,GOOGL,-0.0901074786085
AIT-2026-02-008,GOOGL,-0.115786274169
AIT-2026-03-002,GOOGL,-0.081262050226
AIT-2026-03-003,GOOGL,-0.061691377897
AIT-2026-03-004,GOOGL,0.0090714140638
AIT-2022-04-002,GOOG,-0.0979217056291
AIT-2022-10-001,GOOG,-0.144034567125
AIT-2022-12-001,GOOG,-0.0358167106272
AIT-2023-03-002,GOOG,0.111092595044
AIT-2023-05-002,GOOG,0.160487808054
AIT-2023-07-001,GOOG,0.0754290710963
AIT-2023-07-002,GOOG,0.0131932766303
AIT-2023-07-003,GOOG,0.053901680897
AIT-2023-10-001,GOOG,-0.0662556852141
AIT-2023-12-001,GOOG,-0.0383318740423
AIT-2023-12-002,GOOG,-0.0744793481173
AIT-2024-02-001,GOOG,-0.104511380977
AIT-2024-02-003,GOOG,-0.207462108716
AIT-2024-03-002,GOOG,-0.0356541374279
AIT-2024-04-001,GOOG,0.169523231276
AIT-2024-04-003,GOOG,0.135253406557
AIT-2024-04-004,GOOG,0.133105609214
AIT-2024-04-005,GOOG,0.0868688057412
AIT-2024-05-001,GOOG,0.00629744568901
AIT-2024-05-002,GOOG,0.0204378651967
AIT-2024-06-001,GOOG,-0.0182925329028
AIT-2024-06-003,GOOG,0.00369429766206
AIT-2024-06-004,GOOG,0.00369429766206
AIT-2024-06-005,GOOG,-0.0276963234415
AIT-2024-07-001,GOOG,-0.0772932279796
AIT-2024-07-002,GOOG,-0.0862694002316
AIT-2024-07-006,GOOG,-0.0862694002316
AIT-2024-07-007,GOOG,-0.0968423941375
AIT-2024-07-008,GOOG,-0.125315460723
AIT-2024-08-001,GOOG,-0.110534770117
AIT-2024-08-002,GOOG,-0.0815616838244
AIT-2024-08-003,GOOG,-0.11919524752
AIT-2024-08-004,GOOG,-0.11919524752
AIT-2024-08-006,GOOG,-0.0868284601399
AIT-2024-09-002,GOOG,-0.00916754097414
AIT-2024-09-003,GOOG,-0.0411125345122
AIT-2024-09-006,GOOG,0.00574696390693
AIT-2024-09-007,GOOG,-0.00966854083929
AIT-2024-09-008,GOOG,-0.017741825183
AIT-2024-09-010,GOOG,-0.0253624829716
AIT-2024-10-001,GOOG,0.0310314312265
AIT-2024-10-010,GOOG,0.023163373881
AIT-2024-10-011,GOOG,0.023163373881
AIT-2024-10-013,GOOG,0.0837191782185
AIT-2024-11-001,GOOG,0.0655279419152
AIT-2024-11-002,GOOG,0.014794160751
AIT-2024-11-005,GOOG,0.00599120358779
AIT-2024-11-007,GOOG,-0.00171457963131
AIT-2024-12-001,GOOG,0.0830313050663
AIT-2024-12-002,GOOG,0.0770035004972
AIT-2024-12-004,GOOG,0.0715225403245
AIT-2024-12-005,GOOG,0.144398760424
AIT-2024-12-006,GOOG,0.179998370421
AIT-2024-12-008,GOOG,0.0838452000198
AIT-2024-12-009,GOOG,0.0873351208043
AIT-2024-12-013,GOOG,0.119223133614
AIT-2025-01-002,GOOG,-0.0581780567726
AIT-2025-01-003,GOOG,-0.0581780567726
AIT-2025-01-005,GOOG,-0.0781957293613
AIT-2025-01-006,GOOG,-0.0845884850509
AIT-2025-01-007,GOOG,-0.0960857890639
AIT-2025-02-001,GOOG,-0.0650114951668
AIT-2025-02-002,GOOG,-0.108158325259
AIT-2025-02-004,GOOG,-0.11324084795
AIT-2025-02-006,GOOG,-0.137760067336
AIT-2025-02-007,GOOG,-0.0551945887735
AIT-2025-03-001,GOOG,0.0262669010853
AIT-2025-03-003,GOOG,0.0262669010853
AIT-2025-03-005,GOOG,-0.016176032748
AIT-2025-03-007,GOOG,0.0262669010853
AIT-2025-04-001,GOOG,0.0201728232177
AIT-2025-04-002,GOOG,-0.0210851954597
AIT-2025-04-004,GOOG,0.025872497941
AIT-2025-04-005,GOOG,-0.0456794396696
AIT-2025-04-006,GOOG,0.000395890174177
AIT-2025-04-007,GOOG,0.00174914598079
AIT-2025-04-008,GOOG,-0.0305559930467
AIT-2025-05-002,GOOG,0.0127649599601
AIT-2025-05-003,GOOG,0.0312122154193
AIT-2025-05-004,GOOG,0.0332625349583
AIT-2025-05-009,GOOG,0.0257819989784
AIT-2025-05-012,GOOG,0.0332625349583
AIT-2025-06-002,GOOG,0.0207829279509
AIT-2025-06-003,GOOG,0.0182447010874
AIT-2025-07-001,GOOG,0.0490228202522
AIT-2025-07-005,GOOG,0.0896933510034
AIT-2025-07-006,GOOG,0.0470864432054
AIT-2025-07-007,GOOG,0.108329344261
AIT-2025-08-002,GOOG,0.0903235866403
AIT-2025-08-004,GOOG,0.0903235866403
AIT-2025-08-005,GOOG,0.0819041557549
AIT-2025-08-006,GOOG,0.182292355975
AIT-2025-08-007,GOOG,0.198290582941
AIT-2025-09-001,GOOG,-0.00662358291619
AIT-2025-09-004,GOOG,0.0739994217515
AIT-2025-09-005,GOOG,-0.00662358291619
AIT-2025-09-007,GOOG,0.0174271032131
AIT-2025-09-008,GOOG,-0.0069858905788
AIT-2025-09-009,GOOG,0.0174271032131
AIT-2025-10-003,GOOG,0.0778025784861
AIT-2025-11-001,GOOG,0.195480737649
AIT-2025-11-002,GOOG,0.189681134741
AIT-2025-11-003,GOOG,0.12593924668
AIT-2025-11-004,GOOG,0.147544372639
AIT-2025-11-006,GOOG,0.0665444405659
AIT-2025-11-007,GOOG,0.0512164958932
AIT-2025-11-008,GOOG,0.0514279933821
AIT-2025-12-001,GOOG,0.0197857356218
AIT-2025-12-002,GOOG,-0.0304565070458
AIT-2025-12-003,GOOG,-0.0892602272207
AIT-2025-12-004,GOOG,0.0197857356218
AIT-2025-12-005,GOOG,0.0391079088555
AIT-2025-12-006,GOOG,-0.0892602272207
AIT-2025-12-007,GOOG,-0.0235995008263
AIT-2025-12-009,GOOG,-0.0235995008263
AIT-2026-01-003,GOOG,-0.112805140823
AIT-2026-01-004,GOOG,-0.0988282987052
AIT-2026-02-001,GOOG,-0.161449595503
AIT-2026-02-002,GOOG,-0.161449595503
AIT-2026-02-005,GOOG,-0.149656517581
AIT-2026-02-006,GOOG,-0.0945300961431
AIT-2026-02-008,GOOG,-0.121309846668
AIT-2026-03-002,GOOG,-0.0870883729471
AIT-2026-03-003,GOOG,-0.0700803171124
AIT-2026-03-004,GOOG,6.92580819903e-05
AIT-2022-04-002,ADI,0.0224849990227
AIT-2022-10-001,ADI,-0.0175320189812
AIT-2022-12-001,ADI,0.0214014875304
AIT-2023-03-002,ADI,-0.00274469999098
AIT-2023-05-002,ADI,-0.0789332056905
AIT-2023-07-001,ADI,-0.0491292954047
AIT-2023-07-002,ADI,-0.00258904961023
AIT-2023-07-003,ADI,-0.0439266966254
AIT-2023-10-001,ADI,-0.05870723242
AIT-2023-12-001,ADI,0.00299280331068
AIT-2023-12-002,ADI,0.0691959745761
AIT-2024-02-001,ADI,-0.0214208701769
AIT-2024-02-003,ADI,-0.0443226102482
AIT-2024-03-002,ADI,-0.0234947750891
AIT-2024-04-001,ADI,0.0114441362659
AIT-2024-04-003,ADI,0.111637303452
AIT-2024-04-004,ADI,0.107293757625
AIT-2024-04-005,ADI,0.0885467939095
AIT-2024-05-001,ADI,0.166566058402
AIT-2024-05-002,ADI,0.162061728336
AIT-2024-06-001,ADI,0.00869020491527
AIT-2024-06-003,ADI,-0.0735018237074
AIT-2024-06-004,ADI,-0.0735018237074
AIT-2024-06-005,ADI,-0.0557007218458
AIT-2024-07-001,ADI,-0.0418250178078
AIT-2024-07-002,ADI,-0.0166283174788
AIT-2024-07-006,ADI,-0.0166283174788
AIT-2024-07-007,ADI,-0.0135845341263
AIT-2024-07-008,ADI,-0.0228239329527
AIT-2024-08-001,ADI,-0.0255438391707
AIT-2024-08-002,ADI,-0.0586697602746
AIT-2024-08-003,ADI,-0.0318061988547
AIT-2024-08-004,ADI,-0.0318061988547
AIT-2024-08-006,ADI,-0.00664096138418
AIT-2024-09-002,ADI,-0.00475618637755
AIT-2024-09-003,ADI,-0.0107755615712
AIT-2024-09-006,ADI,-0.0541929430019
AIT-2024-09-007,ADI,-0.00722724409431
AIT-2024-09-008,ADI,-0.022688457016
AIT-2024-09-010,ADI,0.00064400597886
AIT-2024-10-001,ADI,-0.0718224727069
AIT-2024-10-010,ADI,-0.0834559565142
AIT-2024-10-011,ADI,-0.0834559565142
AIT-2024-10-013,ADI,-0.118198212542
AIT-2024-11-001,ADI,-0.0331668719382
AIT-2024-11-002,ADI,-0.0540917502134
AIT-2024-11-005,ADI,-0.099576721817
AIT-2024-11-007,ADI,-0.103948402767
AIT-2024-12-001,ADI,0.00897603753336
AIT-2024-12-002,ADI,0.0381764193085
AIT-2024-12-004,ADI,0.0383899581757
AIT-2024-12-005,ADI,0.0575923893574
AIT-2024-12-006,ADI,0.0502365317927
AIT-2024-12-008,ADI,0.0362022258225
AIT-2024-12-009,ADI,0.0461665924145
AIT-2024-12-013,ADI,0.0607518042662
AIT-2025-01-002,ADI,-0.0545998061082
AIT-2025-01-003,ADI,-0.0545998061082
AIT-2025-01-005,ADI,-0.0412888739346
AIT-2025-01-006,ADI,-0.0108478919669
AIT-2025-01-007,ADI,0.0737724303188
AIT-2025-02-001,ADI,0.18900661378
AIT-2025-02-002,ADI,0.143307557301
AIT-2025-02-004,ADI,0.0774761595137
AIT-2025-02-006,ADI,0.178913644008
AIT-2025-02-007,ADI,0.155171270771
AIT-2025-03-001,ADI,-0.0913341295277
AIT-2025-03-003,ADI,-0.0913341295277
AIT-2025-03-005,ADI,0.148203758882
AIT-2025-03-007,ADI,-0.0913341295277
AIT-2025-04-001,ADI,-0.00571950962559
AIT-2025-04-002,ADI,0.0171965013297
AIT-2025-04-004,ADI,-0.00405529352257
AIT-2025-04-005,ADI,0.00756234376566
AIT-2025-04-006,ADI,0.00586560920019
AIT-2025-04-007,ADI,-0.0314433757788
AIT-2025-04-008,ADI,0.0274733800208
AIT-2025-05-002,ADI,0.0526001531102
AIT-2025-05-003,ADI,0.0762707342527
AIT-2025-05-004,ADI,0.0856633596166
AIT-2025-05-009,ADI,0.0577035521132
AIT-2025-05-012,ADI,0.0856633596166
AIT-2025-06-002,ADI,-0.000323868650856
AIT-2025-06-003,ADI,0.022942768351
AIT-2025-07-001,ADI,-0.0852412651491
AIT-2025-07-005,ADI,-0.104048222186
AIT-2025-07-006,ADI,-0.105508538303
AIT-2025-07-007,ADI,-0.0936255818752
AIT-2025-08-002,ADI,0.0194183002307
AIT-2025-08-004,ADI,0.0194183002307
AIT-2025-08-005,ADI,0.0312052497709
AIT-2025-08-006,ADI,0.0666176746902
AIT-2025-08-007,ADI,0.0513795198937
AIT-2025-09-001,ADI,-0.089365467008
AIT-2025-09-004,ADI,-0.117810162995
AIT-2025-09-005,ADI,-0.089365467008
AIT-2025-09-007,ADI,-0.0681931882059
AIT-2025-09-008,ADI,-0.0598500254115
AIT-2025-09-009,ADI,-0.0681931882059
AIT-2025-10-003,ADI,-0.109163979683
AIT-2025-11-001,ADI,0.0312692400589
AIT-2025-11-002,ADI,0.125014004248
AIT-2025-11-003,ADI,0.159081812708
AIT-2025-11-004,ADI,0.171085012156
AIT-2025-11-006,ADI,0.18527457177
AIT-2025-11-007,ADI,0.201448789997
AIT-2025-11-008,ADI,0.199521076625
AIT-2025-12-001,ADI,0.168698143369
AIT-2025-12-002,ADI,0.134047514655
AIT-2025-12-003,ADI,0.145228169998
AIT-2025-12-004,ADI,0.168698143369
AIT-2025-12-005,ADI,0.162085172492
AIT-2025-12-006,ADI,0.145228169998
AIT-2025-12-007,ADI,0.0799878269198
AIT-2025-12-009,ADI,0.0799878269198
AIT-2026-01-003,ADI,0.19904806661
AIT-2026-01-004,ADI,0.171394581969
AIT-2026-02-001,ADI,0.148907268638
AIT-2026-02-002,ADI,0.148907268638
AIT-2026-02-005,ADI,0.103134957859
AIT-2026-02-006,ADI,-0.0518658517973
AIT-2026-02-008,ADI,-0.014100746926
AIT-2026-03-002,ADI,-0.0149399908079
AIT-2026-03-003,ADI,-0.0825607847074
AIT-2026-03-004,ADI,-0.00261419200144
AIT-2022-04-002,AAPL,0.00617709096783
AIT-2022-10-001,AAPL,-0.0988010208281
AIT-2022-12-001,AAPL,-0.106103318041
AIT-2023-03-002,AAPL,0.0631505360707
AIT-2023-05-002,AAPL,0.0417191840649
AIT-2023-07-001,AAPL,-0.0773254444266
AIT-2023-07-002,AAPL,0.0042756677218
AIT-2023-07-003,AAPL,-0.0894246063229
AIT-2023-10-001,AAPL,0.0201298011125
AIT-2023-12-001,AAPL,-0.0886492103686
AIT-2023-12-002,AAPL,-0.0571081077339
AIT-2024-02-001,AAPL,-0.133346850466
AIT-2024-02-003,AAPL,-0.184206837634
AIT-2024-03-002,AAPL,-0.11320408167
AIT-2024-04-001,AAPL,0.0180272729962
AIT-2024-04-003,AAPL,0.122862791573
AIT-2024-04-004,AAPL,0.112639240938
AIT-2024-04-005,AAPL,0.144062011589
AIT-2024-05-001,AAPL,0.143964259874
AIT-2024-05-002,AAPL,0.14650416989
AIT-2024-06-001,AAPL,0.122885323089
AIT-2024-06-003,AAPL,0.155451439519
AIT-2024-06-004,AAPL,0.155451439519
AIT-2024-06-005,AAPL,0.143255703667
AIT-2024-07-001,AAPL,0.035586279019
AIT-2024-07-002,AAPL,0.0296741456097
AIT-2024-07-006,AAPL,0.0296741456097
AIT-2024-07-007,AAPL,0.0201316683976
AIT-2024-07-008,AAPL,-0.017997176713
AIT-2024-08-001,AAPL,-0.00658910286114
AIT-2024-08-002,AAPL,-0.020092078406
AIT-2024-08-003,AAPL,0.00162442726089
AIT-2024-08-004,AAPL,0.00162442726089
AIT-2024-08-006,AAPL,-0.0293840581684
AIT-2024-09-002,AAPL,-0.00950117974019
AIT-2024-09-003,AAPL,-0.0163577156074
AIT-2024-09-006,AAPL,0.0120351729036
AIT-2024-09-007,AAPL,-0.0144154555707
AIT-2024-09-008,AAPL,-0.0274707502578
AIT-2024-09-010,AAPL,-0.0341608697249
AIT-2024-10-001,AAPL,0.0185600912584
AIT-2024-10-010,AAPL,-0.0612187006788
AIT-2024-10-011,AAPL,-0.0612187006788
AIT-2024-10-013,AAPL,-0.0326135653261
AIT-2024-11-001,AAPL,0.107914185583
AIT-2024-11-002,AAPL,-0.00875958411458
AIT-2024-11-005,AAPL,0.0120990858683
AIT-2024-11-007,AAPL,-0.0271153188462
AIT-2024-12-001,AAPL,0.124437550729
AIT-2024-12-002,AAPL,0.120146536695
AIT-2024-12-004,AAPL,0.0585216018078
AIT-2024-12-005,AAPL,-0.00420958924871
AIT-2024-12-006,AAPL,0.0442289307026
AIT-2024-12-008,AAPL,0.0415539654331
AIT-2024-12-009,AAPL,0.0972373146054
AIT-2024-12-013,AAPL,-0.0716288149912
AIT-2025-01-002,AAPL,-0.169256470057
AIT-2025-01-003,AAPL,-0.169256470057
AIT-2025-01-005,AAPL,-0.0707416122582
AIT-2025-01-006,AAPL,-0.0577288760259
AIT-2025-01-007,AAPL,-0.0247427598463
AIT-2025-02-001,AAPL,-0.0141304036812
AIT-2025-02-002,AAPL,-0.0506556717564
AIT-2025-02-004,AAPL,-0.00203113449193
AIT-2025-02-006,AAPL,-0.0356912964852
AIT-2025-02-007,AAPL,-0.0315185391413
AIT-2025-03-001,AAPL,-0.0953006894834
AIT-2025-03-003,AAPL,-0.0953006894834
AIT-2025-03-005,AAPL,-0.033121966563
AIT-2025-03-007,AAPL,-0.0953006894834
AIT-2025-04-001,AAPL,0.0228357163142
AIT-2025-04-002,AAPL,-0.111766442241
AIT-2025-04-004,AAPL,-0.0761747756554
AIT-2025-04-005,AAPL,-0.0972239264026
AIT-2025-04-006,AAPL,0.0178886888505
AIT-2025-04-007,AAPL,-0.0788979251366
AIT-2025-04-008,AAPL,-0.0343573799484
AIT-2025-05-002,AAPL,-0.0409757452808
AIT-2025-05-003,AAPL,-0.132897086023
AIT-2025-05-004,AAPL,-0.118352814948
AIT-2025-05-009,AAPL,-0.0739957513
AIT-2025-05-012,AAPL,-0.118352814948
AIT-2025-06-002,AAPL,-0.0803860908998
AIT-2025-06-003,AAPL,-0.0262403185738
AIT-2025-07-001,AAPL,0.0155323373145
AIT-2025-07-005,AAPL,0.115362427603
AIT-2025-07-006,AAPL,0.0108975867605
AIT-2025-07-007,AAPL,0.0822415187031
AIT-2025-08-002,AAPL,0.0718728532988
AIT-2025-08-004,AAPL,0.0718728532988
AIT-2025-08-005,AAPL,0.0871845151663
AIT-2025-08-006,AAPL,0.0848891181666
AIT-2025-08-007,AAPL,0.118361652309
AIT-2025-09-001,AAPL,0.0184576935477
AIT-2025-09-004,AAPL,0.0430086358456
AIT-2025-09-005,AAPL,0.0184576935477
AIT-2025-09-007,AAPL,0.0461601764105
AIT-2025-09-008,AAPL,0.0927997325568
AIT-2025-09-009,AAPL,0.0461601764105
AIT-2025-10-003,AAPL,0.0613518520905
AIT-2025-11-001,AAPL,0.0741600814483
AIT-2025-11-002,AAPL,0.0652660945361
AIT-2025-11-003,AAPL,0.0397011630503
AIT-2025-11-004,AAPL,0.0423647234441
AIT-2025-11-006,AAPL,0.00596172313864
AIT-2025-11-007,AAPL,0.0213319034075
AIT-2025-11-008,AAPL,0.00786751364565
AIT-2025-12-001,AAPL,-0.00565560888835
AIT-2025-12-002,AAPL,-0.0289988666568
AIT-2025-12-003,AAPL,-0.097635463458
AIT-2025-12-004,AAPL,-0.00565560888835
AIT-2025-12-005,AAPL,-0.00465901356776
AIT-2025-12-006,AAPL,-0.097635463458
AIT-2025-12-007,AAPL,-0.102363924551
AIT-2025-12-009,AAPL,-0.102363924551
AIT-2026-01-003,AAPL,0.000387392808739
AIT-2026-01-004,AAPL,0.0171271298052
AIT-2026-02-001,AAPL,0.0608838626475
AIT-2026-02-002,AAPL,0.0608838626475
AIT-2026-02-005,AAPL,0.0677896128558
AIT-2026-02-006,AAPL,-0.0095111995518
AIT-2026-02-008,AAPL,-0.0774011480297
AIT-2026-03-002,AAPL,-0.0456289451331
AIT-2026-03-003,AAPL,-0.0161420404951
AIT-2026-03-004,AAPL,-0.0396626248319
AIT-2022-04-002,AMAT,-0.0940347401244
AIT-2022-10-001,AMAT,0.0898423981883
AIT-2022-12-001,AMAT,-0.0574984222354
AIT-2023-03-002,AMAT,0.0308824746221
AIT-2023-05-002,AMAT,0.172508019904
AIT-2023-07-001,AMAT,-0.0369201957028
AIT-2023-07-002,AMAT,-0.0143968462677
AIT-2023-07-003,AMAT,-0.0298505311556
AIT-2023-10-001,AMAT,-0.0204682727054
AIT-2023-12-001,AMAT,-0.0602410646162
AIT-2023-12-002,AMAT,-0.0426723406088
AIT-2024-02-001,AMAT,0.0854053676264
AIT-2024-02-003,AMAT,0.107768346039
AIT-2024-03-002,AMAT,0.0418338128538
AIT-2024-04-001,AMAT,-0.0396829188422
AIT-2024-04-003,AMAT,-0.00156652900387
AIT-2024-04-004,AMAT,0.00367567470862
AIT-2024-04-005,AMAT,-0.0211667899663
AIT-2024-05-001,AMAT,0.00189448829756
AIT-2024-05-002,AMAT,-0.00100980497124
AIT-2024-06-001,AMAT,0.0186259565001
AIT-2024-06-003,AMAT,0.0297289495877
AIT-2024-06-004,AMAT,0.0297289495877
AIT-2024-06-005,AMAT,-0.010099306045
AIT-2024-07-001,AMAT,-0.171008628746
AIT-2024-07-002,AMAT,-0.161140179026
AIT-2024-07-006,AMAT,-0.161140179026
AIT-2024-07-007,AMAT,-0.155616554827
AIT-2024-07-008,AMAT,-0.179744183893
AIT-2024-08-001,AMAT,-0.126514318787
AIT-2024-08-002,AMAT,-0.181309714107
AIT-2024-08-003,AMAT,-0.140218683096
AIT-2024-08-004,AMAT,-0.140218683096
AIT-2024-08-006,AMAT,-0.117607084237
AIT-2024-09-002,AMAT,-0.0396157734143
AIT-2024-09-003,AMAT,0.0158770934136
AIT-2024-09-006,AMAT,-0.0381744620748
AIT-2024-09-007,AMAT,0.0486193566525
AIT-2024-09-008,AMAT,0.0119126402833
AIT-2024-09-010,AMAT,0.0196929625443
AIT-2024-10-001,AMAT,-0.100094364478
AIT-2024-10-010,AMAT,-0.1393138198
AIT-2024-10-011,AMAT,-0.1393138198
AIT-2024-10-013,AMAT,-0.202375584182
AIT-2024-11-001,AMAT,-0.0743468121157
AIT-2024-11-002,AMAT,-0.0312272270313
AIT-2024-11-005,AMAT,-0.126387229092
AIT-2024-11-007,AMAT,-0.185224662284
AIT-2024-12-001,AMAT,-0.0332282297459
AIT-2024-12-002,AMAT,-0.027028867188
AIT-2024-12-004,AMAT,0.0682007708726
AIT-2024-12-005,AMAT,0.147480489384
AIT-2024-12-006,AMAT,0.120488320574
AIT-2024-12-008,AMAT,0.0708193077708
AIT-2024-12-009,AMAT,-0.0389322326267
AIT-2024-12-013,AMAT,0.178273247758
AIT-2025-01-002,AMAT,0.155184951769
AIT-2025-01-003,AMAT,0.155184951769
AIT-2025-01-005,AMAT,0.00913797444951
AIT-2025-01-006,AMAT,0.00990325854968
AIT-2025-01-007,AMAT,0.0110696824444
AIT-2025-02-001,AMAT,0.113943022541
AIT-2025-02-002,AMAT,0.0872270854693
AIT-2025-02-004,AMAT,-0.00274063479826
AIT-2025-02-006,AMAT,0.0868174417654
AIT-2025-02-007,AMAT,0.0660907075337
AIT-2025-03-001,AMAT,0.15423878613
AIT-2025-03-003,AMAT,0.15423878613
AIT-2025-03-005,AMAT,0.0342175909894
AIT-2025-03-007,AMAT,0.15423878613
AIT-2025-04-001,AMAT,0.102657198479
AIT-2025-04-002,AMAT,0.142309398601
AIT-2025-04-004,AMAT,0.112430973079
AIT-2025-04-005,AMAT,0.13744530622
AIT-2025-04-006,AMAT,0.0894585900915
AIT-2025-04-007,AMAT,0.148918201507
AIT-2025-04-008,AMAT,0.00804742641422
AIT-2025-05-002,AMAT,0.0416578314039
AIT-2025-05-003,AMAT,0.0749501063096
AIT-2025-05-004,AMAT,0.0675767252024
AIT-2025-05-009,AMAT,0.0586713142071
AIT-2025-05-012,AMAT,0.0675767252024
AIT-2025-06-002,AMAT,0.0532227969347
AIT-2025-06-003,AMAT,0.0853167666764
AIT-2025-07-001,AMAT,0.00405059462842
AIT-2025-07-005,AMAT,-0.0175404570306
AIT-2025-07-006,AMAT,-0.0280727429651
AIT-2025-07-007,AMAT,-0.190310853848
AIT-2025-08-002,AMAT,-0.213501573608
AIT-2025-08-004,AMAT,-0.213501573608
AIT-2025-08-005,AMAT,-0.17375888811
AIT-2025-08-006,AMAT,-0.080067351275
AIT-2025-08-007,AMAT,-0.073153694651
AIT-2025-09-001,AMAT,0.326513858586
AIT-2025-09-004,AMAT,0.315049430907
AIT-2025-09-005,AMAT,0.326513858586
AIT-2025-09-007,AMAT,0.316544395292
AIT-2025-09-008,AMAT,0.3078311054
AIT-2025-09-009,AMAT,0.316544395292
AIT-2025-10-003,AMAT,0.097339800813
AIT-2025-11-001,AMAT,0.0558608038493
AIT-2025-11-002,AMAT,0.156138183557
AIT-2025-11-003,AMAT,0.14538039261
AIT-2025-11-004,AMAT,0.160541014916
AIT-2025-11-006,AMAT,0.114230660378
AIT-2025-11-007,AMAT,0.0934083774246
AIT-2025-11-008,AMAT,0.101675383756
AIT-2025-12-001,AMAT,0.079299037623
AIT-2025-12-002,AMAT,0.0556767268924
AIT-2025-12-003,AMAT,0.0641376591322
AIT-2025-12-004,AMAT,0.079299037623
AIT-2025-12-005,AMAT,0.0778815091397
AIT-2025-12-006,AMAT,0.0641376591322
AIT-2025-12-007,AMAT,0.102428673562
AIT-2025-12-009,AMAT,0.102428673562
AIT-2026-01-003,AMAT,0.214107340798
AIT-2026-01-004,AMAT,0.204600225067
AIT-2026-02-001,AMAT,0.175506808365
AIT-2026-02-002,AMAT,0.175506808365
AIT-2026-02-005,AMAT,0.0574658759429
AIT-2026-02-006,AMAT,-0.0250533393099
AIT-2026-02-008,AMAT,0.19447780404
AIT-2026-03-002,AMAT,0.122224375518
AIT-2026-03-003,AMAT,-0.0596799823675
AIT-2026-03-004,AMAT,-0.0233817498157
AIT-2022-04-002,APP,-0.124847772644
AIT-2022-10-001,APP,-0.295742712105
AIT-2022-12-001,APP,-0.190083471754
AIT-2023-03-002,APP,0.153222011958
AIT-2023-05-002,APP,0.525847482424
AIT-2023-07-001,APP,0.420999670038
AIT-2023-07-002,APP,0.195397217401
AIT-2023-07-003,APP,0.159942226323
AIT-2023-10-001,APP,-0.219892973598
AIT-2023-12-001,APP,-0.154940388077
AIT-2023-12-002,APP,-0.2851024125
AIT-2024-02-001,APP,0.234843115714
AIT-2024-02-003,APP,0.203692042018
AIT-2024-03-002,APP,0.282535275499
AIT-2024-04-001,APP,0.0705928535047
AIT-2024-04-003,APP,-0.0181061152491
AIT-2024-04-004,APP,-0.0182076734048
AIT-2024-04-005,APP,0.091330680098
AIT-2024-05-001,APP,-0.01935892656
AIT-2024-05-002,APP,-0.0529624237872
AIT-2024-06-001,APP,-0.110547023341
AIT-2024-06-003,APP,-0.14322890616
AIT-2024-06-004,APP,-0.14322890616
AIT-2024-06-005,APP,-0.20663493631
AIT-2024-07-001,APP,-0.0865346409171
AIT-2024-07-002,APP,-0.0857727432821
AIT-2024-07-006,APP,-0.0857727432821
AIT-2024-07-007,APP,-0.0251057204121
AIT-2024-07-008,APP,-0.0190800411992
AIT-2024-08-001,APP,0.0803438445997
AIT-2024-08-002,APP,0.0384788835869
AIT-2024-08-003,APP,0.053784463506
AIT-2024-08-004,APP,0.053784463506
AIT-2024-08-006,APP,0.390763754005
AIT-2024-09-002,APP,0.282396298409
AIT-2024-09-003,APP,0.344268149114
AIT-2024-09-006,APP,0.301362880971
AIT-2024-09-007,APP,0.292747683558
AIT-2024-09-008,APP,0.35979907667
AIT-2024-09-010,APP,0.356670015909
AIT-2024-10-001,APP,0.234752024882
AIT-2024-10-010,APP,0.617107176257
AIT-2024-10-011,APP,0.617107176257
AIT-2024-10-013,APP,0.72605918949
AIT-2024-11-001,APP,0.114547810871
AIT-2024-11-002,APP,0.704547887386
AIT-2024-11-005,APP,0.575149203871
AIT-2024-11-007,APP,0.767214315176
AIT-2024-12-001,APP,0.0161763228203
AIT-2024-12-002,APP,-0.0154752824393
AIT-2024-12-004,APP,-0.109136762732
AIT-2024-12-005,APP,-0.175257122738
AIT-2024-12-006,APP,-0.179546819807
AIT-2024-12-008,APP,-0.125730541907
AIT-2024-12-009,APP,-0.0476265392861
AIT-2024-12-013,APP,-0.240345494008
AIT-2025-01-002,APP,-0.121020393489
AIT-2025-01-003,APP,-0.121020393489
AIT-2025-01-005,APP,0.130245383887
AIT-2025-01-006,APP,0.0979915876579
AIT-2025-01-007,APP,0.0349251965802
AIT-2025-02-001,APP,-0.240311470642
AIT-2025-02-002,APP,-0.177238559564
AIT-2025-02-004,APP,-0.161068665593
AIT-2025-02-006,APP,-0.24470138463
AIT-2025-02-007,APP,-0.168627174202
AIT-2025-03-001,APP,-0.222092395567
AIT-2025-03-003,APP,-0.222092395567
AIT-2025-03-005,APP,-0.136789473931
AIT-2025-03-007,APP,-0.222092395567
AIT-2025-04-001,APP,-0.174740850527
AIT-2025-04-002,APP,0.0874028580048
AIT-2025-04-004,APP,-0.228597188419
AIT-2025-04-005,APP,-0.204358062333
AIT-2025-04-006,APP,-0.168948301825
AIT-2025-04-007,APP,0.0532257787036
AIT-2025-04-008,APP,-0.119409062364
AIT-2025-05-002,APP,-0.0711563962515
AIT-2025-05-003,APP,-0.103055816329
AIT-2025-05-004,APP,-0.134448005584
AIT-2025-05-009,APP,-0.225724107671
AIT-2025-05-012,APP,-0.134448005584
AIT-2025-06-002,APP,-0.32359075203
AIT-2025-06-003,APP,-0.421634493706
AIT-2025-07-001,APP,-0.310768832681
AIT-2025-07-005,APP,0.085630697486
AIT-2025-07-006,APP,-0.169681250991
AIT-2025-07-007,APP,0.027312123109
AIT-2025-08-002,APP,0.0285503264123
AIT-2025-08-004,APP,0.0285503264123
AIT-2025-08-005,APP,0.0376135118006
AIT-2025-08-006,APP,0.170964145561
AIT-2025-08-007,APP,0.203413618262
AIT-2025-09-001,APP,0.0765626855417
AIT-2025-09-004,APP,0.0645458171071
AIT-2025-09-005,APP,0.0765626855417
AIT-2025-09-007,APP,-0.0103360161541
AIT-2025-09-008,APP,-0.125631201083
AIT-2025-09-009,APP,-0.0103360161541
AIT-2025-10-003,APP,-0.185381202998
AIT-2025-11-001,APP,-0.155248447019
AIT-2025-11-002,APP,0.043223760641
AIT-2025-11-003,APP,0.00846942328364
AIT-2025-11-004,APP,0.0969506872056
AIT-2025-11-006,APP,0.0616263987568
AIT-2025-11-007,APP,0.0151849581764
AIT-2025-11-008,APP,0.0348048720202
AIT-2025-12-001,APP,0.0949727816309
AIT-2025-12-002,APP,0.0545468097147
AIT-2025-12-003,APP,-0.011153141683
AIT-2025-12-004,APP,0.0949727816309
AIT-2025-12-005,APP,0.0768805347419
AIT-2025-12-006,APP,-0.011153141683
AIT-2025-12-007,APP,-0.0811100563509
AIT-2025-12-009,APP,-0.0811100563509
AIT-2026-01-003,APP,-0.509870313325
AIT-2026-01-004,APP,-0.40709291422
AIT-2026-02-001,APP,-0.293383114974
AIT-2026-02-002,APP,-0.293383114974
AIT-2026-02-005,APP,-0.0573556761761
AIT-2026-02-006,APP,0.242467722768
AIT-2026-02-008,APP,0.27336336098
AIT-2026-03-002,APP,0.151933816763
AIT-2026-03-003,APP,0.211046100654
AIT-2026-03-004,APP,-0.144452882786
AIT-2024-04-001,ARM,-0.332193691034
AIT-2024-04-003,ARM,-0.226859722741
AIT-2024-04-004,ARM,-0.202083277093
AIT-2024-04-005,ARM,-0.135746870035
AIT-2024-05-001,ARM,0.102175249162
AIT-2024-05-002,ARM,0.0935797402548
AIT-2024-06-001,ARM,0.218581927853
AIT-2024-06-003,ARM,0.274667383415
AIT-2024-06-004,ARM,0.274667383415
AIT-2024-06-005,ARM,0.143566297646
AIT-2024-07-001,ARM,-0.32082426454
AIT-2024-07-002,ARM,-0.291186606105
AIT-2024-07-006,ARM,-0.291186606105
AIT-2024-07-007,ARM,-0.28954938995
AIT-2024-07-008,ARM,-0.390249756346
AIT-2024-08-001,ARM,-0.350135341348
AIT-2024-08-002,ARM,-0.359404533481
AIT-2024-08-003,ARM,-0.346172498879
AIT-2024-08-004,ARM,-0.346172498879
AIT-2024-08-006,ARM,-0.101037260566
AIT-2024-09-002,ARM,-0.0421770746629
AIT-2024-09-003,ARM,0.0148483832422
AIT-2024-09-006,ARM,-0.00446176799976
AIT-2024-09-007,ARM,0.0251786560295
AIT-2024-09-008,ARM,-0.0174673416786
AIT-2024-09-010,ARM,0.0121438108876
AIT-2024-10-001,ARM,-0.15473909252
AIT-2024-10-010,ARM,-0.172704451616
AIT-2024-10-011,ARM,-0.172704451616
AIT-2024-10-013,ARM,-0.226347019937
AIT-2024-11-001,ARM,-0.00622705382924
AIT-2024-11-002,ARM,-0.253454565643
AIT-2024-11-005,ARM,-0.270707992822
AIT-2024-11-007,ARM,-0.269026265139
AIT-2024-12-001,ARM,-0.026886915733
AIT-2024-12-002,ARM,-0.0120877008568
AIT-2024-12-004,ARM,0.0673314121617
AIT-2024-12-005,ARM,0.19860083963
AIT-2024-12-006,ARM,0.178855956279
AIT-2024-12-008,ARM,0.117047016117
AIT-2024-12-009,ARM,-0.010350103415
AIT-2024-12-013,ARM,0.168171895933
AIT-2025-01-002,ARM,0.26524985222
AIT-2025-01-003,ARM,0.26524985222
AIT-2025-01-005,ARM,0.143620723383
AIT-2025-01-006,ARM,0.0734801779287
AIT-2025-01-007,ARM,0.00251446268249
AIT-2025-02-001,ARM,-0.00728055075019
AIT-2025-02-002,ARM,-0.0832790795113
AIT-2025-02-004,ARM,-0.0268279788755
AIT-2025-02-006,ARM,-0.0698362495673
AIT-2025-02-007,ARM,-0.173907254044
AIT-2025-03-001,ARM,0.0940351242419
AIT-2025-03-003,ARM,0.0940351242419
AIT-2025-03-005,ARM,-0.0938202168466
AIT-2025-03-007,ARM,0.0940351242419
AIT-2025-04-001,ARM,0.0574858398361
AIT-2025-04-002,ARM,0.124362173398
AIT-2025-04-004,ARM,0.101417111841
AIT-2025-04-005,ARM,0.193455815852
AIT-2025-04-006,ARM,0.0796460030769
AIT-2025-04-007,ARM,0.123259548111
AIT-2025-04-008,ARM,0.0637729460937
AIT-2025-05-002,ARM,0.112542301868
AIT-2025-05-003,ARM,0.00294372288382
AIT-2025-05-004,ARM,0.0576086844764
AIT-2025-05-009,ARM,0.0238946970075
AIT-2025-05-012,ARM,0.0576086844764
AIT-2025-06-002,ARM,0.137738322299
AIT-2025-06-003,ARM,0.0846485066417
AIT-2025-07-001,ARM,0.0201152915646
AIT-2025-07-005,ARM,-0.235441209741
AIT-2025-07-006,ARM,-0.156971441355
AIT-2025-07-007,ARM,-0.114325674807
AIT-2025-08-002,ARM,-0.111792469674
AIT-2025-08-004,ARM,-0.111792469674
AIT-2025-08-005,ARM,-0.153832990466
AIT-2025-08-006,ARM,0.0450747530751
AIT-2025-08-007,ARM,0.0333454813078
AIT-2025-09-001,ARM,0.2089361141
AIT-2025-09-004,ARM,0.210687704653
AIT-2025-09-005,ARM,0.2089361141
AIT-2025-09-007,ARM,0.137641839651
AIT-2025-09-008,ARM,0.142489079277
AIT-2025-09-009,ARM,0.137641839651
AIT-2025-10-003,ARM,0.0878602887779
AIT-2025-11-001,ARM,-0.302137451464
AIT-2025-11-002,ARM,-0.213116735112
AIT-2025-11-003,ARM,-0.222591073105
AIT-2025-11-004,ARM,-0.158505516462
AIT-2025-11-006,ARM,-0.190282169053
AIT-2025-11-007,ARM,-0.253039180839
AIT-2025-11-008,ARM,-0.251116621085
AIT-2025-12-001,ARM,-0.277163529965
AIT-2025-12-002,ARM,-0.207411017864
AIT-2025-12-003,ARM,-0.175300099438
AIT-2025-12-004,ARM,-0.277163529965
AIT-2025-12-005,ARM,-0.281312289
AIT-2025-12-006,ARM,-0.175300099438
AIT-2025-12-007,ARM,-0.246818097703
AIT-2025-12-009,ARM,-0.246818097703
AIT-2026-01-003,ARM,0.178625902808
AIT-2026-01-004,ARM,0.18670326224
AIT-2026-02-001,ARM,0.285872056084
AIT-2026-02-002,ARM,0.285872056084
AIT-2026-02-005,ARM,0.168697073095
AIT-2026-02-006,ARM,0.310555827134
AIT-2026-02-008,ARM,0.349080852389
AIT-2026-03-002,ARM,0.405706369775
AIT-2026-03-003,ARM,0.335711499428
AIT-2026-03-004,ARM,0.299671877953
AIT-2022-04-002,ASML,-0.0650981291969
AIT-2022-10-001,ASML,0.111395849897
AIT-2022-12-001,ASML,-0.0374177075184
AIT-2023-03-002,ASML,-0.0141139848705
AIT-2023-05-002,ASML,0.122925996696
AIT-2023-07-001,ASML,-0.106764910187
AIT-2023-07-002,ASML,-0.108597627695
AIT-2023-07-003,ASML,-0.10791931677
AIT-2023-10-001,ASML,0.080927444112
AIT-2023-12-001,ASML,-0.0199508131043
AIT-2023-12-002,ASML,0.0411886842251
AIT-2024-02-001,ASML,0.000389773987677
AIT-2024-02-003,ASML,0.0929669760285
AIT-2024-03-002,ASML,-0.0381265351339
AIT-2024-04-001,ASML,-0.0438301532657
AIT-2024-04-003,ASML,-0.0532656988368
AIT-2024-04-004,ASML,-0.0416924177609
AIT-2024-04-005,ASML,-0.0598563846461
AIT-2024-05-001,ASML,-0.00886246250391
AIT-2024-05-002,ASML,-0.029288448285
AIT-2024-06-001,ASML,0.0672217731849
AIT-2024-06-003,ASML,0.00225620030403
AIT-2024-06-004,ASML,0.00225620030403
AIT-2024-06-005,ASML,-0.0114665666024
AIT-2024-07-001,ASML,-0.0852478418036
AIT-2024-07-002,ASML,-0.135795876763
AIT-2024-07-006,ASML,-0.135795876763
AIT-2024-07-007,ASML,-0.144838246233
AIT-2024-07-008,ASML,-0.125007472134
AIT-2024-08-001,ASML,-0.0920803922974
AIT-2024-08-002,ASML,-0.135169691402
AIT-2024-08-003,ASML,-0.0451647830756
AIT-2024-08-004,ASML,-0.0451647830756
AIT-2024-08-006,ASML,-0.194721349144
AIT-2024-09-002,ASML,-0.126286489566
AIT-2024-09-003,ASML,-0.0898811494782
AIT-2024-09-006,ASML,-0.163930233225
AIT-2024-09-007,ASML,-0.0577232840465
AIT-2024-09-008,ASML,-0.0900096080975
AIT-2024-09-010,ASML,-0.077083892707
AIT-2024-10-001,ASML,-0.168270252483
AIT-2024-10-010,ASML,-0.266432285902
AIT-2024-10-011,ASML,-0.266432285902
AIT-2024-10-013,ASML,-0.21534747634
AIT-2024-11-001,ASML,0.197029374945
AIT-2024-11-002,ASML,0.00332124573169
AIT-2024-11-005,ASML,-0.00776465401614
AIT-2024-11-007,ASML,-0.210099462583
AIT-2024-12-001,ASML,0.183633069925
AIT-2024-12-002,ASML,0.142162222096
AIT-2024-12-004,ASML,0.175967074221
AIT-2024-12-005,ASML,0.252622276038
AIT-2024-12-006,ASML,0.24719499318
AIT-2024-12-008,ASML,0.174267112205
AIT-2024-12-009,ASML,0.120451221686
AIT-2024-12-013,ASML,0.182628181592
AIT-2025-01-002,ASML,0.112835436006
AIT-2025-01-003,ASML,0.112835436006
AIT-2025-01-005,ASML,0.0646988612624
AIT-2025-01-006,ASML,0.0530311142055
AIT-2025-01-007,ASML,0.0418657793192
AIT-2025-02-001,ASML,0.260184800375
AIT-2025-02-002,ASML,0.180076141672
AIT-2025-02-004,ASML,0.054210379426
AIT-2025-02-006,ASML,0.216890698134
AIT-2025-02-007,ASML,0.191782244857
AIT-2025-03-001,ASML,0.136931051846
AIT-2025-03-003,ASML,0.136931051846
AIT-2025-03-005,ASML,0.119887223749
AIT-2025-03-007,ASML,0.136931051846
AIT-2025-04-001,ASML,0.0294721970325
AIT-2025-04-002,ASML,0.101968419324
AIT-2025-04-004,ASML,0.0354746583426
AIT-2025-04-005,ASML,0.0852762800931
AIT-2025-04-006,ASML,0.0413229550263
AIT-2025-04-007,ASML,0.132681263356
AIT-2025-04-008,ASML,0.0135080997811
AIT-2025-05-002,ASML,0.0387355480939
AIT-2025-05-003,ASML,0.0873408081895
AIT-2025-05-004,ASML,0.0941518735032
AIT-2025-05-009,ASML,0.0536967399976
AIT-2025-05-012,ASML,0.0941518735032
AIT-2025-06-002,ASML,0.0583742488915
AIT-2025-06-003,ASML,0.0363846996908
AIT-2025-07-001,ASML,-0.129483635702
AIT-2025-07-005,ASML,-0.114948339649
AIT-2025-07-006,ASML,-0.15259680234
AIT-2025-07-007,ASML,-0.0783535278234
AIT-2025-08-002,ASML,-0.0826526724444
AIT-2025-08-004,ASML,-0.0826526724444
AIT-2025-08-005,ASML,0.00632024824437
AIT-2025-08-006,ASML,0.110210387986
AIT-2025-08-007,ASML,0.190220447039
AIT-2025-09-001,ASML,0.249894040743
AIT-2025-09-004,ASML,0.257783121601
AIT-2025-09-005,ASML,0.249894040743
AIT-2025-09-007,ASML,0.220753705104
AIT-2025-09-008,ASML,0.202960258393
AIT-2025-09-009,ASML,0.220753705104
AIT-2025-10-003,ASML,0.0332134288237
AIT-2025-11-001,ASML,-0.0389753791737
AIT-2025-11-002,ASML,0.054086114802
AIT-2025-11-003,ASML,0.0302956968556
AIT-2025-11-004,ASML,0.0358307096598
AIT-2025-11-006,ASML,-0.0045794404784
AIT-2025-11-007,ASML,-0.00143249839081
AIT-2025-11-008,ASML,0.00901477504384
AIT-2025-12-001,ASML,-0.0102656013375
AIT-2025-12-002,ASML,0.0498143630596
AIT-2025-12-003,ASML,0.108553377404
AIT-2025-12-004,ASML,-0.0102656013375
AIT-2025-12-005,ASML,-0.00654664770238
AIT-2025-12-006,ASML,0.108553377404
AIT-2025-12-007,ASML,0.102120596275
AIT-2025-12-009,ASML,0.102120596275
AIT-2026-01-003,ASML,0.122314698375
AIT-2026-01-004,ASML,0.148182352509
AIT-2026-02-001,ASML,0.101971009941
AIT-2026-02-002,ASML,0.101971009941
AIT-2026-02-005,ASML,-0.0222832858052
AIT-2026-02-006,ASML,-0.0574050714798
AIT-2026-02-008,ASML,0.0287899557822
AIT-2026-03-002,ASML,-0.000573198460544
AIT-2026-03-003,ASML,-0.12615298249
AIT-2026-03-004,ASML,-0.0825623598763
AIT-2022-04-002,ADSK,-0.00158720987913
AIT-2022-10-001,ADSK,-0.0309408389676
AIT-2022-12-001,ADSK,-0.178276837828
AIT-2023-03-002,ADSK,-0.0966569353792
AIT-2023-05-002,ADSK,0.0107044487328
AIT-2023-07-001,ADSK,0.0623925233764
AIT-2023-07-002,ADSK,-0.0488545040282
AIT-2023-07-003,ADSK,-0.0205980483829
AIT-2023-10-001,ADSK,-0.0268931465977
AIT-2023-12-001,ADSK,0.0659126626056
AIT-2023-12-002,ADSK,0.051226727061
AIT-2024-02-001,ADSK,-0.0729175658974
AIT-2024-02-003,ADSK,-0.0751932178125
AIT-2024-03-002,ADSK,-0.0736125186976
AIT-2024-04-001,ADSK,-0.144324516847
AIT-2024-04-003,ADSK,-0.180275359231
AIT-2024-04-004,ADSK,-0.169552506068
AIT-2024-04-005,ADSK,-0.134334042129
AIT-2024-05-001,ADSK,-0.0858929449446
AIT-2024-05-002,ADSK,-0.0676498734311
AIT-2024-06-001,ADSK,0.100313266435
AIT-2024-06-003,ADSK,0.105026524113
AIT-2024-06-004,ADSK,0.105026524113
AIT-2024-06-005,ADSK,0.137003793798
AIT-2024-07-001,ADSK,0.0679868445327
AIT-2024-07-002,ADSK,0.0452886409746
AIT-2024-07-006,ADSK,0.0452886409746
AIT-2024-07-007,ADSK,0.0463858971758
AIT-2024-07-008,ADSK,0.0518181349084
AIT-2024-08-001,ADSK,0.0354959513896
AIT-2024-08-002,ADSK,0.0559085305881
AIT-2024-08-003,ADSK,0.0805004488524
AIT-2024-08-004,ADSK,0.0805004488524
AIT-2024-08-006,ADSK,0.039647879892
AIT-2024-09-002,ADSK,0.0541800726963
AIT-2024-09-003,ADSK,0.0496633743118
AIT-2024-09-006,ADSK,0.0551405136913
AIT-2024-09-007,ADSK,0.0354343289196
AIT-2024-09-008,ADSK,0.0484119382976
AIT-2024-09-010,ADSK,0.0333501483172
AIT-2024-10-001,ADSK,0.0539685496301
AIT-2024-10-010,ADSK,0.107241689678
AIT-2024-10-011,ADSK,0.107241689678
AIT-2024-10-013,ADSK,0.0822263663275
AIT-2024-11-001,ADSK,-0.00485458841793
AIT-2024-11-002,ADSK,0.0110223684156
AIT-2024-11-005,ADSK,0.0390183158534
AIT-2024-11-007,ADSK,0.106256110112
AIT-2024-12-001,ADSK,-0.0332533114799
AIT-2024-12-002,ADSK,-0.0430918578433
AIT-2024-12-004,ADSK,-0.0252917284228
AIT-2024-12-005,ADSK,0.0205429068935
AIT-2024-12-006,ADSK,-0.0678723565418
AIT-2024-12-008,ADSK,-0.047065816344
AIT-2024-12-009,ADSK,-0.0288869099793
AIT-2024-12-013,ADSK,-0.0164030458754
AIT-2025-01-002,ADSK,0.00688040712447
AIT-2025-01-003,ADSK,0.00688040712447
AIT-2025-01-005,ADSK,-0.0245584664969
AIT-2025-01-006,ADSK,-0.0345824247589
AIT-2025-01-007,ADSK,-0.0621983081719
AIT-2025-02-001,ADSK,-0.123890670287
AIT-2025-02-002,ADSK,-0.136047037277
AIT-2025-02-004,ADSK,-0.0430744294649
AIT-2025-02-006,ADSK,-0.0963182550588
AIT-2025-02-007,ADSK,-0.0854510240856
AIT-2025-03-001,ADSK,0.0363349959378
AIT-2025-03-003,ADSK,0.0363349959378
AIT-2025-03-005,ADSK,-0.035817637762
AIT-2025-03-007,ADSK,0.0363349959378
AIT-2025-04-001,ADSK,0.0575595911119
AIT-2025-04-002,ADSK,0.0657953950053
AIT-2025-04-004,ADSK,0.0492521407997
AIT-2025-04-005,ADSK,0.0474064650407
AIT-2025-04-006,ADSK,0.0784453302331
AIT-2025-04-007,ADSK,0.106222430057
AIT-2025-04-008,ADSK,0.0116209361792
AIT-2025-05-002,ADSK,0.0299839832175
AIT-2025-05-003,ADSK,-0.0132477836979
AIT-2025-05-004,ADSK,-0.0144992328884
AIT-2025-05-009,ADSK,-0.0203717087337
AIT-2025-05-012,ADSK,-0.0144992328884
AIT-2025-06-002,ADSK,-0.0216976417014
AIT-2025-06-003,ADSK,-0.00757695854527
AIT-2025-07-001,ADSK,-0.0342254904291
AIT-2025-07-005,ADSK,-0.0873999741191
AIT-2025-07-006,ADSK,-0.0346971848617
AIT-2025-07-007,ADSK,-0.116946806386
AIT-2025-08-002,ADSK,-0.0367967367515
AIT-2025-08-004,ADSK,-0.0367967367515
AIT-2025-08-005,ADSK,-0.0419081683091
AIT-2025-08-006,ADSK,0.0392617622614
AIT-2025-08-007,ADSK,0.0369568282624
AIT-2025-09-001,ADSK,-0.0659538963127
AIT-2025-09-004,ADSK,-0.0748475652601
AIT-2025-09-005,ADSK,-0.0659538963127
AIT-2025-09-007,ADSK,-0.0922184981074
AIT-2025-09-008,ADSK,-0.0796186731921
AIT-2025-09-009,ADSK,-0.0922184981074
AIT-2025-10-003,ADSK,-0.0850033718697
AIT-2025-11-001,ADSK,-0.0115474035228
AIT-2025-11-002,ADSK,-0.0111624514333
AIT-2025-11-003,ADSK,-0.0164998880513
AIT-2025-11-004,ADSK,-0.00718489594998
AIT-2025-11-006,ADSK,0.00689808735852
AIT-2025-11-007,ADSK,-0.00937686357876
AIT-2025-11-008,ADSK,-0.010203309463
AIT-2025-12-001,ADSK,0.013550689299
AIT-2025-12-002,ADSK,-0.0331819070745
AIT-2025-12-003,ADSK,-0.0811957040708
AIT-2025-12-004,ADSK,0.013550689299
AIT-2025-12-005,ADSK,0.00868516811934
AIT-2025-12-006,ADSK,-0.0811957040708
AIT-2025-12-007,ADSK,-0.13865759775
AIT-2025-12-009,ADSK,-0.13865759775
AIT-2026-01-003,ADSK,-0.210503850053
AIT-2026-01-004,ADSK,-0.209195472245
AIT-2026-02-001,ADSK,-0.066620374364
AIT-2026-02-002,ADSK,-0.066620374364
AIT-2026-02-005,ADSK,0.0446311296478
AIT-2026-02-006,ADSK,0.191603377669
AIT-2026-02-008,ADSK,0.113891618376
AIT-2026-03-002,ADSK,0.12621697196
AIT-2026-03-003,ADSK,0.16995399145
AIT-2026-03-004,ADSK,-0.067282372166
AIT-2022-04-002,AVGO,-0.0508224892756
AIT-2022-10-001,AVGO,0.00341762068069
AIT-2022-12-001,AVGO,0.108115225449
AIT-2023-03-002,AVGO,0.0476751581125
AIT-2023-05-002,AVGO,0.212936125606
AIT-2023-07-001,AVGO,-0.081711585075
AIT-2023-07-002,AVGO,-0.0711074133765
AIT-2023-07-003,AVGO,-0.0269047376755
AIT-2023-10-001,AVGO,0.0243908745357
AIT-2023-12-001,AVGO,0.0595405205201
AIT-2023-12-002,AVGO,0.00342851084023
AIT-2024-02-001,AVGO,-0.102338723831
AIT-2024-02-003,AVGO,-0.0162940893016
AIT-2024-03-002,AVGO,-0.0626391298192
AIT-2024-04-001,AVGO,0.00276943692499
AIT-2024-04-003,AVGO,-0.0324483396039
AIT-2024-04-004,AVGO,0.00542286685167
AIT-2024-04-005,AVGO,-0.0278005454022
AIT-2024-05-001,AVGO,-0.0597098949665
AIT-2024-05-002,AVGO,-0.0484955095924
AIT-2024-06-001,AVGO,0.127500929838
AIT-2024-06-003,AVGO,0.108216357383
AIT-2024-06-004,AVGO,0.108216357383
AIT-2024-06-005,AVGO,0.0949222638266
AIT-2024-07-001,AVGO,-0.0623565487042
AIT-2024-07-002,AVGO,-0.0651892938201
AIT-2024-07-006,AVGO,-0.0651892938201
AIT-2024-07-007,AVGO,-0.0439866082059
AIT-2024-07-008,AVGO,-0.0551661004095
AIT-2024-08-001,AVGO,-0.028578120228
AIT-2024-08-002,AVGO,-0.0399481229019
AIT-2024-08-003,AVGO,-0.0423363738846
AIT-2024-08-004,AVGO,-0.0423363738846
AIT-2024-08-006,AVGO,-0.0542282273652
AIT-2024-09-002,AVGO,-0.00169778828186
AIT-2024-09-003,AVGO,0.07496552473
AIT-2024-09-006,AVGO,-0.00204332860839
AIT-2024-09-007,AVGO,0.0328615878905
AIT-2024-09-008,AVGO,0.0644195838014
AIT-2024-09-010,AVGO,0.0624282070475
AIT-2024-10-001,AVGO,-0.00699393379737
AIT-2024-10-010,AVGO,-0.0752302799275
AIT-2024-10-011,AVGO,-0.0752302799275
AIT-2024-10-013,AVGO,-0.17353627765
AIT-2024-11-001,AVGO,0.273916316569
AIT-2024-11-002,AVGO,-0.14524962023
AIT-2024-11-005,AVGO,-0.0620912604055
AIT-2024-11-007,AVGO,-0.145974694583
AIT-2024-12-001,AVGO,0.328381629964
AIT-2024-12-002,AVGO,0.378662857165
AIT-2024-12-004,AVGO,0.423326211331
AIT-2024-12-005,AVGO,0.484652298625
AIT-2024-12-006,AVGO,0.424508976211
AIT-2024-12-008,AVGO,0.405695090692
AIT-2024-12-009,AVGO,0.39525686632
AIT-2024-12-013,AVGO,0.422405391316
AIT-2025-01-002,AVGO,-0.0861800763725
AIT-2025-01-003,AVGO,-0.0861800763725
AIT-2025-01-005,AVGO,-0.129626333948
AIT-2025-01-006,AVGO,-0.129436991643
AIT-2025-01-007,AVGO,-0.107233650356
AIT-2025-02-001,AVGO,0.13633510774
AIT-2025-02-002,AVGO,0.040255847574
AIT-2025-02-004,AVGO,-0.119782444542
AIT-2025-02-006,AVGO,0.00417343516472
AIT-2025-02-007,AVGO,-0.018192916492
AIT-2025-03-001,AVGO,0.100683819648
AIT-2025-03-003,AVGO,0.100683819648
AIT-2025-03-005,AVGO,-0.131209183557
AIT-2025-03-007,AVGO,0.100683819648
AIT-2025-04-001,AVGO,0.0577396009122
AIT-2025-04-002,AVGO,0.191451560179
AIT-2025-04-004,AVGO,0.0843120842723
AIT-2025-04-005,AVGO,0.158124455818
AIT-2025-04-006,AVGO,-0.0145639577596
AIT-2025-04-007,AVGO,0.0833336205073
AIT-2025-04-008,AVGO,0.0361632396194
AIT-2025-05-002,AVGO,0.0597112112943
AIT-2025-05-003,AVGO,0.0610253009183
AIT-2025-05-004,AVGO,0.0441626478384
AIT-2025-05-009,AVGO,0.0392045230867
AIT-2025-05-012,AVGO,0.0441626478384
AIT-2025-06-002,AVGO,0.0513026750824
AIT-2025-06-003,AVGO,0.0130862938643
AIT-2025-07-001,AVGO,0.00687263424972
AIT-2025-07-005,AVGO,0.00309493796844
AIT-2025-07-006,AVGO,-0.0105439406372
AIT-2025-07-007,AVGO,-0.00913230550643
AIT-2025-08-002,AVGO,-0.0725577055194
AIT-2025-08-004,AVGO,-0.0725577055194
AIT-2025-08-005,AVGO,-0.0653964629759
AIT-2025-08-006,AVGO,0.0715865796349
AIT-2025-08-007,AVGO,0.0551473088635
AIT-2025-09-001,AVGO,-0.00817956612597
AIT-2025-09-004,AVGO,0.0232319139588
AIT-2025-09-005,AVGO,-0.00817956612597
AIT-2025-09-007,AVGO,-0.122582867942
AIT-2025-09-008,AVGO,-0.110587104496
AIT-2025-09-009,AVGO,-0.122582867942
AIT-2025-10-003,AVGO,-0.0227930994209
AIT-2025-11-001,AVGO,0.0394618245491
AIT-2025-11-002,AVGO,0.015903033952
AIT-2025-11-003,AVGO,0.0574858883783
AIT-2025-11-004,AVGO,0.0550604819425
AIT-2025-11-006,AVGO,0.0125919779627
AIT-2025-11-007,AVGO,-0.0852064061361
AIT-2025-11-008,AVGO,-0.0688244542065
AIT-2025-12-001,AVGO,-0.0810870064532
AIT-2025-12-002,AVGO,-0.13048476456
AIT-2025-12-003,AVGO,-0.250336316033
AIT-2025-12-004,AVGO,-0.0810870064532
AIT-2025-12-005,AVGO,-0.0721553873446
AIT-2025-12-006,AVGO,-0.250336316033
AIT-2025-12-007,AVGO,-0.189989452298
AIT-2025-12-009,AVGO,-0.189989452298
AIT-2026-01-003,AVGO,-0.0471497100979
AIT-2026-01-004,AVGO,-0.0451407902637
AIT-2026-02-001,AVGO,-0.0737239396036
AIT-2026-02-002,AVGO,-0.0737239396036
AIT-2026-02-005,AVGO,-0.048766933108
AIT-2026-02-006,AVGO,0.0181106529836
AIT-2026-02-008,AVGO,0.0887621544831
AIT-2026-03-002,AVGO,0.0218824614085
AIT-2026-03-003,AVGO,0.0219035287076
AIT-2026-03-004,AVGO,0.103877718566
AIT-2022-04-002,CDNS,0.0741838805928
AIT-2022-10-001,CDNS,-0.186306326573
AIT-2022-12-001,CDNS,-0.0444528045465
AIT-2023-03-002,CDNS,0.0092702536751
AIT-2023-05-002,CDNS,0.0500066509948
AIT-2023-07-001,CDNS,-0.0440099885804
AIT-2023-07-002,CDNS,-0.0795902505863
AIT-2023-07-003,CDNS,-0.0298101683888
AIT-2023-10-001,CDNS,0.029144534818
AIT-2023-12-001,CDNS,-0.115217607146
AIT-2023-12-002,CDNS,-0.103741212117
AIT-2024-02-001,CDNS,-0.0429707825245
AIT-2024-02-003,CDNS,-0.00186507199857
AIT-2024-03-002,CDNS,-0.0386390874461
AIT-2024-04-001,CDNS,-0.0659371400162
AIT-2024-04-003,CDNS,-0.104501122483
AIT-2024-04-004,CDNS,-0.0828262933022
AIT-2024-04-005,CDNS,-0.0862462762243
AIT-2024-05-001,CDNS,-0.0824283315503
AIT-2024-05-002,CDNS,-0.0482199553819
AIT-2024-06-001,CDNS,0.0298277274319
AIT-2024-06-003,CDNS,0.0017569755429
AIT-2024-06-004,CDNS,0.0017569755429
AIT-2024-06-005,CDNS,-0.00354550502806
AIT-2024-07-001,CDNS,-0.106486419681
AIT-2024-07-002,CDNS,-0.0891378508746
AIT-2024-07-006,CDNS,-0.0891378508746
AIT-2024-07-007,CDNS,-0.10243860821
AIT-2024-07-008,CDNS,-0.085365089767
AIT-2024-08-001,CDNS,-0.0573986005862
AIT-2024-08-002,CDNS,-0.0865449685105
AIT-2024-08-003,CDNS,-0.0312235731535
AIT-2024-08-004,CDNS,-0.0312235731535
AIT-2024-08-006,CDNS,-0.0324466137336
AIT-2024-09-002,CDNS,-0.0326668335859
AIT-2024-09-003,CDNS,0.0602028066297
AIT-2024-09-006,CDNS,0.0146388850233
AIT-2024-09-007,CDNS,0.0423109378877
AIT-2024-09-008,CDNS,0.0296345111465
AIT-2024-09-010,CDNS,0.0157818622559
AIT-2024-10-001,CDNS,-0.0977988495156
AIT-2024-10-010,CDNS,0.0964331920501
AIT-2024-10-011,CDNS,0.0964331920501
AIT-2024-10-013,CDNS,0.0935413126697
AIT-2024-11-001,CDNS,0.0759356426746
AIT-2024-11-002,CDNS,0.234631439265
AIT-2024-11-005,CDNS,0.184784106308
AIT-2024-11-007,CDNS,0.146720332587
AIT-2024-12-001,CDNS,0.0692132001844
AIT-2024-12-002,CDNS,0.0362988270103
AIT-2024-12-004,CDNS,0.050837224601
AIT-2024-12-005,CDNS,0.0548314772085
AIT-2024-12-006,CDNS,0.0322270592254
AIT-2024-12-008,CDNS,0.0337150704186
AIT-2024-12-009,CDNS,0.0405101788348
AIT-2024-12-013,CDNS,0.0147302679299
AIT-2025-01-002,CDNS,0.0211308737963
AIT-2025-01-003,CDNS,0.0211308737963
AIT-2025-01-005,CDNS,-0.0405014543336
AIT-2025-01-006,CDNS,-0.0283326482217
AIT-2025-01-007,CDNS,-0.137173314367
AIT-2025-02-001,CDNS,-0.0391864332705
AIT-2025-02-002,CDNS,-0.0118689668139
AIT-2025-02-004,CDNS,-0.132378085923
AIT-2025-02-006,CDNS,0.00943575022191
AIT-2025-02-007,CDNS,0.00537640069909
AIT-2025-03-001,CDNS,0.238195080162
AIT-2025-03-003,CDNS,0.238195080162
AIT-2025-03-005,CDNS,0.0538611202991
AIT-2025-03-007,CDNS,0.238195080162
AIT-2025-04-001,CDNS,0.195304070178
AIT-2025-04-002,CDNS,0.195509744242
AIT-2025-04-004,CDNS,0.209395775977
AIT-2025-04-005,CDNS,0.211089064138
AIT-2025-04-006,CDNS,0.197428996833
AIT-2025-04-007,CDNS,0.25821106969
AIT-2025-04-008,CDNS,0.0928688153643
AIT-2025-05-002,CDNS,0.109193145725
AIT-2025-05-003,CDNS,-0.102944781395
AIT-2025-05-004,CDNS,-0.123933248672
AIT-2025-05-009,CDNS,-0.122895422843
AIT-2025-05-012,CDNS,-0.123933248672
AIT-2025-06-002,CDNS,-0.11250605295
AIT-2025-06-003,CDNS,-0.0974485660278
AIT-2025-07-001,CDNS,0.127588170944
AIT-2025-07-005,CDNS,0.088816468641
AIT-2025-07-006,CDNS,0.132592851033
AIT-2025-07-007,CDNS,0.0312562698902
AIT-2025-08-002,CDNS,0.0378232979838
AIT-2025-08-004,CDNS,0.0378232979838
AIT-2025-08-005,CDNS,0.0247394956416
AIT-2025-08-006,CDNS,-0.0949224493493
AIT-2025-08-007,CDNS,-0.103032356608
AIT-2025-09-001,CDNS,-0.107514851393
AIT-2025-09-004,CDNS,-0.0848785759293
AIT-2025-09-005,CDNS,-0.107514851393
AIT-2025-09-007,CDNS,-0.13248081837
AIT-2025-09-008,CDNS,-0.135802570599
AIT-2025-09-009,CDNS,-0.13248081837
AIT-2025-10-003,CDNS,-0.0973000902986
AIT-2025-11-001,CDNS,-0.0866331385263
AIT-2025-11-002,CDNS,-0.0127555867958
AIT-2025-11-003,CDNS,-0.0350341767301
AIT-2025-11-004,CDNS,-0.00547466859338
AIT-2025-11-006,CDNS,-0.0113300720437
AIT-2025-11-007,CDNS,-0.0386924022782
AIT-2025-11-008,CDNS,-0.0391082778799
AIT-2025-12-001,CDNS,-0.0365184787454
AIT-2025-12-002,CDNS,-0.0367897377209
AIT-2025-12-003,CDNS,0.00715553198527
AIT-2025-12-004,CDNS,-0.0365184787454
AIT-2025-12-005,CDNS,-0.0444415862389
AIT-2025-12-006,CDNS,0.00715553198527
AIT-2025-12-007,CDNS,-0.000382793524981
AIT-2025-12-009,CDNS,-0.000382793524981
AIT-2026-01-003,CDNS,-0.028110842568
AIT-2026-01-004,CDNS,0.004958930616
AIT-2026-02-001,CDNS,-0.00697707441669
AIT-2026-02-002,CDNS,-0.00697707441669
AIT-2026-02-005,CDNS,0.0180292527614
AIT-2026-02-006,CDNS,0.132849880516
AIT-2026-02-008,CDNS,0.173188197208
AIT-2026-03-002,CDNS,0.0623921573552
AIT-2026-03-003,CDNS,0.100329627031
AIT-2026-03-004,CDNS,0.00507065267733
AIT-2022-04-002,CTSH,-0.0732796373776
AIT-2022-10-001,CTSH,-0.0792291026222
AIT-2022-12-001,CTSH,0.0240445844485
AIT-2023-03-002,CTSH,-0.0691364153052
AIT-2023-05-002,CTSH,0.0612225664096
AIT-2023-07-001,CTSH,0.0692477425925
AIT-2023-07-002,CTSH,-0.011878598477
AIT-2023-07-003,CTSH,0.100839202367
AIT-2023-10-001,CTSH,-0.0656668834254
AIT-2023-12-001,CTSH,0.0192181096154
AIT-2023-12-002,CTSH,0.0687822078875
AIT-2024-02-001,CTSH,-0.0639492879216
AIT-2024-02-003,CTSH,-0.0724078523845
AIT-2024-03-002,CTSH,-0.11076750443
AIT-2024-04-001,CTSH,-0.118880008745
AIT-2024-04-003,CTSH,-0.0619923262836
AIT-2024-04-004,CTSH,-0.0712773420836
AIT-2024-04-005,CTSH,-0.0542617524935
AIT-2024-05-001,CTSH,-0.0596584482767
AIT-2024-05-002,CTSH,-0.0525765649582
AIT-2024-06-001,CTSH,-0.00816835919139
AIT-2024-06-003,CTSH,-0.0308480354506
AIT-2024-06-004,CTSH,-0.0308480354506
AIT-2024-06-005,CTSH,0.0458637009325
AIT-2024-07-001,CTSH,0.136816959355
AIT-2024-07-002,CTSH,0.127108472985
AIT-2024-07-006,CTSH,0.127108472985
AIT-2024-07-007,CTSH,0.123369564357
AIT-2024-07-008,CTSH,0.142313865163
AIT-2024-08-001,CTSH,0.0946325782231
AIT-2024-08-002,CTSH,0.0567259587088
AIT-2024-08-003,CTSH,0.0496196422823
AIT-2024-08-004,CTSH,0.0496196422823
AIT-2024-08-006,CTSH,0.00108203314277
AIT-2024-09-002,CTSH,-0.00310414165553
AIT-2024-09-003,CTSH,-0.0220984077236
AIT-2024-09-006,CTSH,-0.030882276146
AIT-2024-09-007,CTSH,-0.0355005997715
AIT-2024-09-008,CTSH,-0.0247510534142
AIT-2024-09-010,CTSH,-0.0138238116471
AIT-2024-10-001,CTSH,-0.0308590874741
AIT-2024-10-010,CTSH,0.0495584103843
AIT-2024-10-011,CTSH,0.0495584103843
AIT-2024-10-013,CTSH,0.00504450445941
AIT-2024-11-001,CTSH,-0.000765354009909
AIT-2024-11-002,CTSH,0.0578077515033
AIT-2024-11-005,CTSH,0.073794487023
AIT-2024-11-007,CTSH,0.043802238625
AIT-2024-12-001,CTSH,-0.00577007078971
AIT-2024-12-002,CTSH,-0.013798174533
AIT-2024-12-004,CTSH,0.0209075056007
AIT-2024-12-005,CTSH,-0.0195003476577
AIT-2024-12-006,CTSH,-0.0300878335362
AIT-2024-12-008,CTSH,-0.00584861929494
AIT-2024-12-009,CTSH,-0.00170889439963
AIT-2024-12-013,CTSH,-0.0144956625227
AIT-2025-01-002,CTSH,0.0836848680073
AIT-2025-01-003,CTSH,0.0836848680073
AIT-2025-01-005,CTSH,0.142488821926
AIT-2025-01-006,CTSH,0.132973453749
AIT-2025-01-007,CTSH,0.0990941271478
AIT-2025-02-001,CTSH,0.0647039143254
AIT-2025-02-002,CTSH,-0.0142929533698
AIT-2025-02-004,CTSH,0.0719860880681
AIT-2025-02-006,CTSH,-0.0146314545192
AIT-2025-02-007,CTSH,-0.0208003812715
AIT-2025-03-001,CTSH,-0.157263059096
AIT-2025-03-003,CTSH,-0.157263059096
AIT-2025-03-005,CTSH,-0.101335197179
AIT-2025-03-007,CTSH,-0.157263059096
AIT-2025-04-001,CTSH,-0.0997385477217
AIT-2025-04-002,CTSH,0.00964538430206
AIT-2025-04-004,CTSH,0.000559734976668
AIT-2025-04-005,CTSH,-0.00480703793578
AIT-2025-04-006,CTSH,-0.10552067123
AIT-2025-04-007,CTSH,-0.175058060834
AIT-2025-04-008,CTSH,0.0456728020546
AIT-2025-05-002,CTSH,0.0406022743314
AIT-2025-05-003,CTSH,0.00143764713522
AIT-2025-05-004,CTSH,0.0292112539096
AIT-2025-05-009,CTSH,-0.0308650018235
AIT-2025-05-012,CTSH,0.0292112539096
AIT-2025-06-002,CTSH,-0.0886992726054
AIT-2025-06-003,CTSH,-0.0517309091209
AIT-2025-07-001,CTSH,-0.107980888468
AIT-2025-07-005,CTSH,-0.137509202432
AIT-2025-07-006,CTSH,-0.144390995752
AIT-2025-07-007,CTSH,-0.155635894501
AIT-2025-08-002,CTSH,-0.0410657068278
AIT-2025-08-004,CTSH,-0.0410657068278
AIT-2025-08-005,CTSH,-0.0533347468675
AIT-2025-08-006,CTSH,-0.0295349892744
AIT-2025-08-007,CTSH,-0.024481938089
AIT-2025-09-001,CTSH,-0.062816577113
AIT-2025-09-004,CTSH,-0.0815462843543
AIT-2025-09-005,CTSH,-0.062816577113
AIT-2025-09-007,CTSH,-0.0614875733433
AIT-2025-09-008,CTSH,-0.0515980391434
AIT-2025-09-009,CTSH,-0.0614875733433
AIT-2025-10-003,CTSH,0.0848851245739
AIT-2025-11-001,CTSH,0.178472228264
AIT-2025-11-002,CTSH,0.177971586518
AIT-2025-11-003,CTSH,0.213546418161
AIT-2025-11-004,CTSH,0.223988855832
AIT-2025-11-006,CTSH,0.174722541658
AIT-2025-11-007,CTSH,0.192356404812
AIT-2025-11-008,CTSH,0.180565884199
AIT-2025-12-001,CTSH,0.198234929289
AIT-2025-12-002,CTSH,0.120430167462
AIT-2025-12-003,CTSH,0.124468073408
AIT-2025-12-004,CTSH,0.198234929289
AIT-2025-12-005,CTSH,0.184996345019
AIT-2025-12-006,CTSH,0.124468073408
AIT-2025-12-007,CTSH,0.0955145707715
AIT-2025-12-009,CTSH,0.0955145707715
AIT-2026-01-003,CTSH,-0.200871589141
AIT-2026-01-004,CTSH,-0.206591321865
AIT-2026-02-001,CTSH,-0.262923274547
AIT-2026-02-002,CTSH,-0.262923274547
AIT-2026-02-005,CTSH,-0.229283969898
AIT-2026-02-006,CTSH,0.0838718268658
AIT-2026-02-008,CTSH,-0.161429586517
AIT-2026-03-002,CTSH,-0.061289383427
AIT-2026-03-003,CTSH,0.10692177589
AIT-2026-03-004,CTSH,-0.0602993847303
AIT-2022-04-002,CRWD,0.15585130794
AIT-2022-10-001,CRWD,-0.415366293734
AIT-2022-12-001,CRWD,-0.298873786871
AIT-2023-03-002,CRWD,0.163929934764
AIT-2023-05-002,CRWD,0.243711863204
AIT-2023-07-001,CRWD,0.0885181147312
AIT-2023-07-002,CRWD,0.0392202254646
AIT-2023-07-003,CRWD,0.0605874807495
AIT-2023-10-001,CRWD,0.0841968120826
AIT-2023-12-001,CRWD,0.0441428676309
AIT-2023-12-002,CRWD,0.0467464995772
AIT-2024-02-001,CRWD,-0.0640295929572
AIT-2024-02-003,CRWD,-0.058056992459
AIT-2024-03-002,CRWD,-0.149789111544
AIT-2024-04-001,CRWD,-0.124192537782
AIT-2024-04-003,CRWD,-0.124538591238
AIT-2024-04-004,CRWD,-0.0819998135895
AIT-2024-04-005,CRWD,-0.0827350185207
AIT-2024-05-001,CRWD,-0.105703304642
AIT-2024-05-002,CRWD,-0.130570158978
AIT-2024-06-001,CRWD,-0.0376161722227
AIT-2024-06-003,CRWD,-0.0625449379599
AIT-2024-06-004,CRWD,-0.0625449379599
AIT-2024-06-005,CRWD,-0.0917348568311
AIT-2024-07-001,CRWD,-0.424088346458
AIT-2024-07-002,CRWD,-0.474890506452
AIT-2024-07-006,CRWD,-0.474890506452
AIT-2024-07-007,CRWD,-0.438394835178
AIT-2024-07-008,CRWD,-0.395182622859
AIT-2024-08-001,CRWD,-0.32116832665
AIT-2024-08-002,CRWD,-0.277870219203
AIT-2024-08-003,CRWD,0.0196781126536
AIT-2024-08-004,CRWD,0.0196781126536
AIT-2024-08-006,CRWD,0.0315648378725
AIT-2024-09-002,CRWD,0.0110375675377
AIT-2024-09-003,CRWD,0.0935388705033
AIT-2024-09-006,CRWD,0.102194506536
AIT-2024-09-007,CRWD,0.0891074374782
AIT-2024-09-008,CRWD,0.0732205161332
AIT-2024-09-010,CRWD,0.0649335574394
AIT-2024-10-001,CRWD,0.137506420108
AIT-2024-10-010,CRWD,0.151638940537
AIT-2024-10-011,CRWD,0.151638940537
AIT-2024-10-013,CRWD,0.169258107162
AIT-2024-11-001,CRWD,0.129971823719
AIT-2024-11-002,CRWD,0.103113482694
AIT-2024-11-005,CRWD,0.125997857905
AIT-2024-11-007,CRWD,0.185272780213
AIT-2024-12-001,CRWD,0.100781850787
AIT-2024-12-002,CRWD,0.0641020089806
AIT-2024-12-004,CRWD,0.0213828716982
AIT-2024-12-005,CRWD,0.0479545131628
AIT-2024-12-006,CRWD,0.0180530200507
AIT-2024-12-008,CRWD,0.042870859875
AIT-2024-12-009,CRWD,0.0404112844834
AIT-2024-12-013,CRWD,0.0357756150955
AIT-2025-01-002,CRWD,0.171025824263
AIT-2025-01-003,CRWD,0.171025824263
AIT-2025-01-005,CRWD,0.200237849268
AIT-2025-01-006,CRWD,0.190560209998
AIT-2025-01-007,CRWD,0.112721770422
AIT-2025-02-001,CRWD,-0.0533558888947
AIT-2025-02-002,CRWD,0.0156890081643
AIT-2025-02-004,CRWD,0.108469659431
AIT-2025-02-006,CRWD,0.0170504374362
AIT-2025-02-007,CRWD,0.0133788878215
AIT-2025-03-001,CRWD,0.106822603514
AIT-2025-03-003,CRWD,0.106822603514
AIT-2025-03-005,CRWD,-0.0454816832386
AIT-2025-03-007,CRWD,0.106822603514
AIT-2025-04-001,CRWD,0.212368875934
AIT-2025-04-002,CRWD,0.174430632416
AIT-2025-04-004,CRWD,0.221217235348
AIT-2025-04-005,CRWD,0.166378262117
AIT-2025-04-006,CRWD,0.243926579258
AIT-2025-04-007,CRWD,0.329998247448
AIT-2025-04-008,CRWD,0.0451018708003
AIT-2025-05-002,CRWD,0.0232866933696
AIT-2025-05-003,CRWD,-0.102045161235
AIT-2025-05-004,CRWD,-0.145538500403
AIT-2025-05-009,CRWD,-0.0698304337711
AIT-2025-05-012,CRWD,-0.145538500403
AIT-2025-06-002,CRWD,-0.0133070767906
AIT-2025-06-003,CRWD,-0.0373636899538
AIT-2025-07-001,CRWD,-0.194473480692
AIT-2025-07-005,CRWD,-0.286890777944
AIT-2025-07-006,CRWD,-0.231891394726
AIT-2025-07-007,CRWD,-0.279910814081
AIT-2025-08-002,CRWD,-0.225185554302
AIT-2025-08-004,CRWD,-0.225185554302
AIT-2025-08-005,CRWD,-0.196787058264
AIT-2025-08-006,CRWD,-0.148611974681
AIT-2025-08-007,CRWD,-0.0994924583824
AIT-2025-09-001,CRWD,0.113779627129
AIT-2025-09-004,CRWD,0.138175505599
AIT-2025-09-005,CRWD,0.113779627129
AIT-2025-09-007,CRWD,0.0797486096477
AIT-2025-09-008,CRWD,0.111636989683
AIT-2025-09-009,CRWD,0.0797486096477
AIT-2025-10-003,CRWD,0.0592781893499
AIT-2025-11-001,CRWD,-0.0298430929852
AIT-2025-11-002,CRWD,-0.0183387296472
AIT-2025-11-003,CRWD,-0.0479324850075
AIT-2025-11-004,CRWD,-0.0702363064853
AIT-2025-11-006,CRWD,-0.0777929936321
AIT-2025-11-007,CRWD,-0.136415337084
AIT-2025-11-008,CRWD,-0.113986699311
AIT-2025-12-001,CRWD,-0.161535801212
AIT-2025-12-002,CRWD,-0.20663553513
AIT-2025-12-003,CRWD,-0.148276641569
AIT-2025-12-004,CRWD,-0.161535801212
AIT-2025-12-005,CRWD,-0.148476518374
AIT-2025-12-006,CRWD,-0.148276641569
AIT-2025-12-007,CRWD,-0.128253856464
AIT-2025-12-009,CRWD,-0.128253856464
AIT-2026-01-003,CRWD,-0.0609060658829
AIT-2026-01-004,CRWD,-0.0601437309786
AIT-2026-02-001,CRWD,-0.134580953809
AIT-2026-02-002,CRWD,-0.134580953809
AIT-2026-02-005,CRWD,-0.0361999401607
AIT-2026-02-006,CRWD,0.126586387435
AIT-2026-02-008,CRWD,0.18604860375
AIT-2026-03-002,CRWD,0.0667205859859
AIT-2026-03-003,CRWD,0.26489992246
AIT-2026-03-004,CRWD,-0.0270747263011
AIT-2022-04-002,DDOG,-0.0408872249569
AIT-2022-10-001,DDOG,-0.331080402485
AIT-2022-12-001,DDOG,-0.0229443073524
AIT-2023-03-002,DDOG,-0.16374259484
AIT-2023-05-002,DDOG,0.372008493924
AIT-2023-07-001,DDOG,-0.0609873289612
AIT-2023-07-002,DDOG,0.151274503466
AIT-2023-07-003,DDOG,0.0829794813685
AIT-2023-10-001,DDOG,0.109895093252
AIT-2023-12-001,DDOG,-0.095714288571
AIT-2023-12-002,DDOG,-0.0171748650526
AIT-2024-02-001,DDOG,-0.163898349203
AIT-2024-02-003,DDOG,-0.147619015968
AIT-2024-03-002,DDOG,-0.184643461003
AIT-2024-04-001,DDOG,0.0705811322922
AIT-2024-04-003,DDOG,-0.0760875056245
AIT-2024-04-004,DDOG,-0.0137924219471
AIT-2024-04-005,DDOG,-0.0471840800597
AIT-2024-05-001,DDOG,-0.204622213982
AIT-2024-05-002,DDOG,-0.22060736228
AIT-2024-06-001,DDOG,0.00759017838095
AIT-2024-06-003,DDOG,-0.0472337475636
AIT-2024-06-004,DDOG,-0.0472337475636
AIT-2024-06-005,DDOG,-0.0338401796234
AIT-2024-07-001,DDOG,-0.0531968670866
AIT-2024-07-002,DDOG,-0.117143802115
AIT-2024-07-006,DDOG,-0.117143802115
AIT-2024-07-007,DDOG,-0.114198203548
AIT-2024-07-008,DDOG,-0.0839258316014
AIT-2024-08-001,DDOG,-0.0795799806753
AIT-2024-08-002,DDOG,-0.0911973533152
AIT-2024-08-003,DDOG,-0.0856795141989
AIT-2024-08-004,DDOG,-0.0856795141989
AIT-2024-08-006,DDOG,-0.0249156091126
AIT-2024-09-002,DDOG,0.00169507194102
AIT-2024-09-003,DDOG,0.0963704368115
AIT-2024-09-006,DDOG,0.123959709659
AIT-2024-09-007,DDOG,0.11052662927
AIT-2024-09-008,DDOG,0.0793942004238
AIT-2024-09-010,DDOG,0.0693555536197
AIT-2024-10-001,DDOG,0.0952905629057
AIT-2024-10-010,DDOG,0.0265369635387
AIT-2024-10-011,DDOG,0.0265369635387
AIT-2024-10-013,DDOG,0.0720605571558
AIT-2024-11-001,DDOG,0.199665237969
AIT-2024-11-002,DDOG,0.209971239726
AIT-2024-11-005,DDOG,0.233423114568
AIT-2024-11-007,DDOG,0.204554848361
AIT-2024-12-001,DDOG,0.240339148158
AIT-2024-12-002,DDOG,0.163000547979
AIT-2024-12-004,DDOG,0.0939882737828
AIT-2024-12-005,DDOG,-0.0664827493847
AIT-2024-12-006,DDOG,-0.0652531792959
AIT-2024-12-008,DDOG,0.0749788752005
AIT-2024-12-009,DDOG,0.130078353666
AIT-2024-12-013,DDOG,-0.16451378069
AIT-2025-01-002,DDOG,-0.00833724777646
AIT-2025-01-003,DDOG,-0.00833724777646
AIT-2025-01-005,DDOG,-0.138801919465
AIT-2025-01-006,DDOG,-0.138616025497
AIT-2025-01-007,DDOG,-0.173888759003
AIT-2025-02-001,DDOG,-0.268873135287
AIT-2025-02-002,DDOG,-0.230755317187
AIT-2025-02-004,DDOG,-0.206846100283
AIT-2025-02-006,DDOG,-0.255799273544
AIT-2025-02-007,DDOG,-0.235001789476
AIT-2025-03-001,DDOG,-0.114533427153
AIT-2025-03-003,DDOG,-0.114533427153
AIT-2025-03-005,DDOG,-0.221027760178
AIT-2025-03-007,DDOG,-0.114533427153
AIT-2025-04-001,DDOG,0.0370534746236
AIT-2025-04-002,DDOG,0.0883247234705
AIT-2025-04-004,DDOG,0.0120468924371
AIT-2025-04-005,DDOG,0.0402722915415
AIT-2025-04-006,DDOG,0.0458820350557
AIT-2025-04-007,DDOG,0.00767129322396
AIT-2025-04-008,DDOG,0.104189672779
AIT-2025-05-002,DDOG,0.116469357724
AIT-2025-05-003,DDOG,0.0570491563849
AIT-2025-05-004,DDOG,0.0706331536829
AIT-2025-05-009,DDOG,0.0921181009764
AIT-2025-05-012,DDOG,0.0706331536829
AIT-2025-06-002,DDOG,0.100904573561
AIT-2025-06-003,DDOG,0.0840870137418
AIT-2025-07-001,DDOG,0.140685033858
AIT-2025-07-005,DDOG,-0.0715696528658
AIT-2025-07-006,DDOG,0.00512568252259
AIT-2025-07-007,DDOG,-0.224895388266
AIT-2025-08-002,DDOG,-0.134994813895
AIT-2025-08-004,DDOG,-0.134994813895
AIT-2025-08-005,DDOG,-0.123095019093
AIT-2025-08-006,DDOG,-0.0478717803378
AIT-2025-08-007,DDOG,-0.0326670641348
AIT-2025-09-001,DDOG,0.185848366124
AIT-2025-09-004,DDOG,0.184214670182
AIT-2025-09-005,DDOG,0.185848366124
AIT-2025-09-007,DDOG,0.131843290837
AIT-2025-09-008,DDOG,0.107612012464
AIT-2025-09-009,DDOG,0.131843290837
AIT-2025-10-003,DDOG,0.145799227459
AIT-2025-11-001,DDOG,0.0376152868028
AIT-2025-11-002,DDOG,0.0150411205328
AIT-2025-11-003,DDOG,0.00938543716713
AIT-2025-11-004,DDOG,0.0072547741626
AIT-2025-11-006,DDOG,-0.0255758977618
AIT-2025-11-007,DDOG,-0.13017106275
AIT-2025-11-008,DDOG,-0.131420512833
AIT-2025-12-001,DDOG,-0.383256538654
AIT-2025-12-002,DDOG,-0.346865102223
AIT-2025-12-003,DDOG,-0.250693430795
AIT-2025-12-004,DDOG,-0.383256538654
AIT-2025-12-005,DDOG,-0.347135084514
AIT-2025-12-006,DDOG,-0.250693430795
AIT-2025-12-007,DDOG,-0.273882845907
AIT-2025-12-009,DDOG,-0.273882845907
AIT-2026-01-003,DDOG,-0.054427529935
AIT-2026-01-004,DDOG,-0.0860091862377
AIT-2026-02-001,DDOG,-0.0134772829811
AIT-2026-02-002,DDOG,-0.0134772829811
AIT-2026-02-005,DDOG,-0.0151384785005
AIT-2026-02-006,DDOG,0.124941473341
AIT-2026-02-008,DDOG,0.221920635698
AIT-2026-03-002,DDOG,0.0780023380004
AIT-2026-03-003,DDOG,0.224434518479
AIT-2026-03-004,DDOG,-0.0196552422866
AIT-2022-04-002,DASH,0.0873925571134
AIT-2022-10-001,DASH,0.0410826876579
AIT-2022-12-001,DASH,-0.152034766169
AIT-2023-03-002,DASH,0.0456839300556
AIT-2023-05-002,DASH,0.0807637987629
AIT-2023-07-001,DASH,-0.0276219106364
AIT-2023-07-002,DASH,0.132640209566
AIT-2023-07-003,DASH,0.0464017924747
AIT-2023-10-001,DASH,0.0530559815891
AIT-2023-12-001,DASH,-0.049519862106
AIT-2023-12-002,DASH,-0.0842928982152
AIT-2024-02-001,DASH,0.0926715380082
AIT-2024-02-003,DASH,0.0870201333846
AIT-2024-03-002,DASH,0.024311833289
AIT-2024-04-001,DASH,-0.0107960074923
AIT-2024-04-003,DASH,-0.219382049401
AIT-2024-04-004,DASH,-0.216394717608
AIT-2024-04-005,DASH,-0.203156027177
AIT-2024-05-001,DASH,-0.279633568096
AIT-2024-05-002,DASH,-0.266044786136
AIT-2024-06-001,DASH,-0.13170457768
AIT-2024-06-003,DASH,-0.136981410407
AIT-2024-06-004,DASH,-0.136981410407
AIT-2024-06-005,DASH,-0.172993354487
AIT-2024-07-001,DASH,0.221801421598
AIT-2024-07-002,DASH,0.215508043217
AIT-2024-07-006,DASH,0.215508043217
AIT-2024-07-007,DASH,0.236598990388
AIT-2024-07-008,DASH,0.199839881258
AIT-2024-08-001,DASH,0.231482529507
AIT-2024-08-002,DASH,0.204793568362
AIT-2024-08-003,DASH,0.196712726599
AIT-2024-08-004,DASH,0.196712726599
AIT-2024-08-006,DASH,-0.0477774855263
AIT-2024-09-002,DASH,0.0706099786418
AIT-2024-09-003,DASH,0.0601667439998
AIT-2024-09-006,DASH,0.101469088801
AIT-2024-09-007,DASH,0.105062013266
AIT-2024-09-008,DASH,0.0713366377923
AIT-2024-09-010,DASH,0.0683343737638
AIT-2024-10-001,DASH,0.0880511910232
AIT-2024-10-010,DASH,0.119783291465
AIT-2024-10-011,DASH,0.119783291465
AIT-2024-10-013,DASH,0.162946262753
AIT-2024-11-001,DASH,-0.0340729976029
AIT-2024-11-002,DASH,0.0806068902798
AIT-2024-11-005,DASH,0.0612076897724
AIT-2024-11-007,DASH,0.121699604816
AIT-2024-12-001,DASH,-0.0466644378776
AIT-2024-12-002,DASH,-0.0783947499039
AIT-2024-12-004,DASH,-0.0641375397533
AIT-2024-12-005,DASH,-0.0547730189616
AIT-2024-12-006,DASH,-0.0669321717355
AIT-2024-12-008,DASH,-0.0222290188694
AIT-2024-12-009,DASH,-0.0680730274694
AIT-2024-12-013,DASH,-0.0241816515136
AIT-2025-01-002,DASH,0.0993403851738
AIT-2025-01-003,DASH,0.0993403851738
AIT-2025-01-005,DASH,0.165507580776
AIT-2025-01-006,DASH,0.142921862942
AIT-2025-01-007,DASH,0.113597374977
AIT-2025-02-001,DASH,0.0407834859334
AIT-2025-02-002,DASH,-0.012386582109
AIT-2025-02-004,DASH,0.121120332577
AIT-2025-02-006,DASH,-0.0286958872055
AIT-2025-02-007,DASH,-0.0169633696311
AIT-2025-03-001,DASH,-0.0465139351752
AIT-2025-03-003,DASH,-0.0465139351752
AIT-2025-03-005,DASH,-0.0496908259284
AIT-2025-03-007,DASH,-0.0465139351752
AIT-2025-04-001,DASH,-0.04913377852
AIT-2025-04-002,DASH,-0.120763535194
AIT-2025-04-004,DASH,-0.0111656148713
AIT-2025-04-005,DASH,-0.131015069933
AIT-2025-04-006,DASH,-0.00791560719474
AIT-2025-04-007,DASH,-0.00327364422846
AIT-2025-04-008,DASH,-0.0922194588679
AIT-2025-05-002,DASH,-0.0786193504141
AIT-2025-05-003,DASH,-0.0495173823237
AIT-2025-05-004,DASH,-0.0718863668363
AIT-2025-05-009,DASH,0.00820495240698
AIT-2025-05-012,DASH,-0.0718863668363
AIT-2025-06-002,DASH,0.0968953905924
AIT-2025-06-003,DASH,0.0425489997635
AIT-2025-07-001,DASH,-0.0541309690501
AIT-2025-07-005,DASH,-0.0385956869419
AIT-2025-07-006,DASH,-0.0185809722899
AIT-2025-07-007,DASH,-0.100952278601
AIT-2025-08-002,DASH,-0.0628521038578
AIT-2025-08-004,DASH,-0.0628521038578
AIT-2025-08-005,DASH,-0.0475445407249
AIT-2025-08-006,DASH,-0.0722517909764
AIT-2025-08-007,DASH,-0.0876484598534
AIT-2025-09-001,DASH,-0.000263688650356
AIT-2025-09-004,DASH,0.0248298727667
AIT-2025-09-005,DASH,-0.000263688650356
AIT-2025-09-007,DASH,-0.0270553034569
AIT-2025-09-008,DASH,-0.0528681544649
AIT-2025-09-009,DASH,-0.0270553034569
AIT-2025-10-003,DASH,-0.159070153573
AIT-2025-11-001,DASH,-0.355265924687
AIT-2025-11-002,DASH,-0.160354012323
AIT-2025-11-003,DASH,-0.150114793496
AIT-2025-11-004,DASH,-0.108922321234
AIT-2025-11-006,DASH,-0.124563905129
AIT-2025-11-007,DASH,-0.0237792075289
AIT-2025-11-008,DASH,-0.0187224111843
AIT-2025-12-001,DASH,0.15252800156
AIT-2025-12-002,DASH,0.061448618382
AIT-2025-12-003,DASH,0.120282824442
AIT-2025-12-004,DASH,0.15252800156
AIT-2025-12-005,DASH,0.143810243951
AIT-2025-12-006,DASH,0.120282824442
AIT-2025-12-007,DASH,0.0272092449006
AIT-2025-12-009,DASH,0.0272092449006
AIT-2026-01-003,DASH,-0.296457065937
AIT-2026-01-004,DASH,-0.238546608689
AIT-2026-02-001,DASH,-0.124734053186
AIT-2026-02-002,DASH,-0.124734053186
AIT-2026-02-005,DASH,-0.111663856527
AIT-2026-02-006,DASH,0.0753985012787
AIT-2026-02-008,DASH,-0.081789475698
AIT-2026-03-002,DASH,-0.0158761944149
AIT-2026-03-003,DASH,0.0450507030732
AIT-2026-03-004,DASH,-0.000964418048026
AIT-2022-04-002,FTNT,0.0665865388543
AIT-2022-10-001,FTNT,-0.0641523931341
AIT-2022-12-001,FTNT,-0.0856873681362
AIT-2023-03-002,FTNT,0.0491664503748
AIT-2023-05-002,FTNT,0.000286635941548
AIT-2023-07-001,FTNT,-0.214334151298
AIT-2023-07-002,FTNT,-0.0176356601359
AIT-2023-07-003,FTNT,-0.256075955269
AIT-2023-10-001,FTNT,-0.183839028127
AIT-2023-12-001,FTNT,0.131681707779
AIT-2023-12-002,FTNT,0.106258293175
AIT-2024-02-001,FTNT,0.0210112341946
AIT-2024-02-003,FTNT,0.0639322487813
AIT-2024-03-002,FTNT,-0.0544351659461
AIT-2024-04-001,FTNT,-0.0321186061167
AIT-2024-04-003,FTNT,-0.0758247255656
AIT-2024-04-004,FTNT,-0.0652090974315
AIT-2024-04-005,FTNT,-0.10167804858
AIT-2024-05-001,FTNT,-0.103836835732
AIT-2024-05-002,FTNT,-0.108922394656
AIT-2024-06-001,FTNT,-0.0254196451209
AIT-2024-06-003,FTNT,-0.0440877964434
AIT-2024-06-004,FTNT,-0.0440877964434
AIT-2024-06-005,FTNT,-0.0499564832459
AIT-2024-07-001,FTNT,0.296630001381
AIT-2024-07-002,FTNT,0.246907702001
AIT-2024-07-006,FTNT,0.246907702001
AIT-2024-07-007,FTNT,0.233563216129
AIT-2024-07-008,FTNT,0.270758037783
AIT-2024-08-001,FTNT,0.300444868806
AIT-2024-08-002,FTNT,0.300936025271
AIT-2024-08-003,FTNT,0.348060504578
AIT-2024-08-004,FTNT,0.348060504578
AIT-2024-08-006,FTNT,0.237703492482
AIT-2024-09-002,FTNT,-0.0226954520634
AIT-2024-09-003,FTNT,-0.00825683623986
AIT-2024-09-006,FTNT,-0.00852037688357
AIT-2024-09-007,FTNT,-0.0104123036015
AIT-2024-09-008,FTNT,-0.0341120119645
AIT-2024-09-010,FTNT,-0.0208881578606
AIT-2024-10-001,FTNT,0.00299894233197
AIT-2024-10-010,FTNT,0.183384716842
AIT-2024-10-011,FTNT,0.183384716842
AIT-2024-10-013,FTNT,0.0863701097201
AIT-2024-11-001,FTNT,0.100813915675
AIT-2024-11-002,FTNT,0.11278200321
AIT-2024-11-005,FTNT,0.152375566199
AIT-2024-11-007,FTNT,0.0804490408429
AIT-2024-12-001,FTNT,-0.0403188824739
AIT-2024-12-002,FTNT,-0.045052641468
AIT-2024-12-004,FTNT,0.0082727606865
AIT-2024-12-005,FTNT,-0.0324691744832
AIT-2024-12-006,FTNT,-0.00025786083928
AIT-2024-12-008,FTNT,0.0106725003537
AIT-2024-12-009,FTNT,-0.0289316985449
AIT-2024-12-013,FTNT,-0.073798243413
AIT-2025-01-002,FTNT,0.0726222296677
AIT-2025-01-003,FTNT,0.0726222296677
AIT-2025-01-005,FTNT,0.0943805218263
AIT-2025-01-006,FTNT,0.0952219899039
AIT-2025-01-007,FTNT,0.0834813045548
AIT-2025-02-001,FTNT,-0.0282635826667
AIT-2025-02-002,FTNT,-0.0749169826418
AIT-2025-02-004,FTNT,0.102363415308
AIT-2025-02-006,FTNT,-0.0929732919038
AIT-2025-02-007,FTNT,-0.10431481472
AIT-2025-03-001,FTNT,-0.105274269429
AIT-2025-03-003,FTNT,-0.105274269429
AIT-2025-03-005,FTNT,-0.110006936752
AIT-2025-03-007,FTNT,-0.105274269429
AIT-2025-04-001,FTNT,0.0154427484308
AIT-2025-04-002,FTNT,-0.0775829024278
AIT-2025-04-004,FTNT,0.0313410790976
AIT-2025-04-005,FTNT,0.000403200986328
AIT-2025-04-006,FTNT,0.0144688118831
AIT-2025-04-007,FTNT,-0.0271927409796
AIT-2025-04-008,FTNT,-0.0792567135199
AIT-2025-05-002,FTNT,-0.118441155982
AIT-2025-05-003,FTNT,-0.19751011692
AIT-2025-05-004,FTNT,-0.207857474194
AIT-2025-05-009,FTNT,-0.15085116806
AIT-2025-05-012,FTNT,-0.207857474194
AIT-2025-06-002,FTNT,-0.0692900931913
AIT-2025-06-003,FTNT,-0.111461780864
AIT-2025-07-001,FTNT,-0.0710818241377
AIT-2025-07-005,FTNT,-0.3683656509
AIT-2025-07-006,FTNT,-0.112795133477
AIT-2025-07-007,FTNT,-0.330700572651
AIT-2025-08-002,FTNT,-0.334896143036
AIT-2025-08-004,FTNT,-0.334896143036
AIT-2025-08-005,FTNT,-0.321618663823
AIT-2025-08-006,FTNT,-0.243346667744
AIT-2025-08-007,FTNT,-0.192705663719
AIT-2025-09-001,FTNT,0.0801161672541
AIT-2025-09-004,FTNT,0.07955650898
AIT-2025-09-005,FTNT,0.0801161672541
AIT-2025-09-007,FTNT,0.0485272025342
AIT-2025-09-008,FTNT,0.0583368425391
AIT-2025-09-009,FTNT,0.0485272025342
AIT-2025-10-003,FTNT,0.0296867538835
AIT-2025-11-001,FTNT,-0.0303033752843
AIT-2025-11-002,FTNT,-0.012121450006
AIT-2025-11-003,FTNT,0.0252105549372
AIT-2025-11-004,FTNT,0.0216785568122
AIT-2025-11-006,FTNT,0.00946333478917
AIT-2025-11-007,FTNT,-0.0126862574988
AIT-2025-11-008,FTNT,0.0221652775885
AIT-2025-12-001,FTNT,0.0415782644875
AIT-2025-12-002,FTNT,-0.000944079519366
AIT-2025-12-003,FTNT,-0.00217032631924
AIT-2025-12-004,FTNT,0.0415782644875
AIT-2025-12-005,FTNT,0.0185616106562
AIT-2025-12-006,FTNT,-0.00217032631924
AIT-2025-12-007,FTNT,-0.017729504266
AIT-2025-12-009,FTNT,-0.017729504266
AIT-2026-01-003,FTNT,0.134807052311
AIT-2026-01-004,FTNT,0.116948014707
AIT-2026-02-001,FTNT,0.125267430994
AIT-2026-02-002,FTNT,0.125267430994
AIT-2026-02-005,FTNT,0.167383605929
AIT-2026-02-006,FTNT,0.142462494988
AIT-2026-02-008,FTNT,0.138046279475
AIT-2026-03-002,FTNT,0.0234310957043
AIT-2026-03-003,FTNT,0.197732418371
AIT-2026-03-004,FTNT,-0.0103439169186
AIT-2022-04-002,INTC,0.0393341451443
AIT-2022-10-001,INTC,0.0858032502745
AIT-2022-12-001,INTC,-0.0762411839707
AIT-2023-03-002,INTC,0.269809230314
AIT-2023-05-002,INTC,0.054373714337
AIT-2023-07-001,INTC,0.0747620947266
AIT-2023-07-002,INTC,-0.0678004175309
AIT-2023-07-003,INTC,0.00482773881929
AIT-2023-10-001,INTC,0.0245702490964
AIT-2023-12-001,INTC,-0.0566248832441
AIT-2023-12-002,INTC,0.11723583717
AIT-2024-02-001,INTC,-0.0936995409921
AIT-2024-02-003,INTC,-0.157509494255
AIT-2024-03-002,INTC,-0.0954261265935
AIT-2024-04-001,INTC,-0.237762899109
AIT-2024-04-003,INTC,-0.304253170341
AIT-2024-04-004,INTC,-0.34369629964
AIT-2024-04-005,INTC,-0.351349153896
AIT-2024-05-001,INTC,-0.16282988969
AIT-2024-05-002,INTC,-0.147945093206
AIT-2024-06-001,INTC,-0.0265604017659
AIT-2024-06-003,INTC,0.0985417114307
AIT-2024-06-004,INTC,0.0985417114307
AIT-2024-06-005,INTC,0.0846272184613
AIT-2024-07-001,INTC,-0.297281595605
AIT-2024-07-002,INTC,-0.321991106157
AIT-2024-07-006,INTC,-0.321991106157
AIT-2024-07-007,INTC,-0.287580811087
AIT-2024-07-008,INTC,-0.369454823786
AIT-2024-08-001,INTC,-0.344368842046
AIT-2024-08-002,INTC,-0.410398568153
AIT-2024-08-003,INTC,-0.359811314146
AIT-2024-08-004,INTC,-0.359811314146
AIT-2024-08-006,INTC,0.110277340672
AIT-2024-09-002,INTC,0.197707212377
AIT-2024-09-003,INTC,0.290571660098
AIT-2024-09-006,INTC,0.209151373365
AIT-2024-09-007,INTC,0.195150779747
AIT-2024-09-008,INTC,0.288022322322
AIT-2024-09-010,INTC,0.250684945543
AIT-2024-10-001,INTC,0.177063615063
AIT-2024-10-010,INTC,0.160101480701
AIT-2024-10-011,INTC,0.160101480701
AIT-2024-10-013,INTC,0.15569540856
AIT-2024-11-001,INTC,-0.132435660298
AIT-2024-11-002,INTC,0.0843093947659
AIT-2024-11-005,INTC,-0.0376035174745
AIT-2024-11-007,INTC,0.177704417021
AIT-2024-12-001,INTC,-0.0655809939908
AIT-2024-12-002,INTC,-0.0728097831627
AIT-2024-12-004,INTC,-0.0237066244343
AIT-2024-12-005,INTC,0.0197433594853
AIT-2024-12-006,INTC,-0.0350091315065
AIT-2024-12-008,INTC,-0.0242671044488
AIT-2024-12-009,INTC,-0.0769034736882
AIT-2024-12-013,INTC,0.188787452075
AIT-2025-01-002,INTC,0.106869032568
AIT-2025-01-003,INTC,0.106869032568
AIT-2025-01-005,INTC,0.201135690226
AIT-2025-01-006,INTC,0.368448500116
AIT-2025-01-007,INTC,0.340544308176
AIT-2025-02-001,INTC,0.355845536183
AIT-2025-02-002,INTC,0.540106948177
AIT-2025-02-004,INTC,0.311582511821
AIT-2025-02-006,INTC,0.624400459647
AIT-2025-02-007,INTC,0.506527503506
AIT-2025-03-001,INTC,0.195024106284
AIT-2025-03-003,INTC,0.195024106284
AIT-2025-03-005,INTC,0.292142009777
AIT-2025-03-007,INTC,0.195024106284
AIT-2025-04-001,INTC,-0.123794114449
AIT-2025-04-002,INTC,-0.0500741894896
AIT-2025-04-004,INTC,-0.0908218502722
AIT-2025-04-005,INTC,-0.0610379705881
AIT-2025-04-006,INTC,-0.0393789683495
AIT-2025-04-007,INTC,0.188393939162
AIT-2025-04-008,INTC,-0.138291657448
AIT-2025-05-002,INTC,-0.0881847214892
AIT-2025-05-003,INTC,-0.074717240102
AIT-2025-05-004,INTC,-0.0124394552961
AIT-2025-05-009,INTC,-0.066741571041
AIT-2025-05-012,INTC,-0.0124394552961
AIT-2025-06-002,INTC,-0.0413146612112
AIT-2025-06-003,INTC,0.0140714517176
AIT-2025-07-001,INTC,-0.0845111343527
AIT-2025-07-005,INTC,-0.155799786279
AIT-2025-07-006,INTC,-0.167087174478
AIT-2025-07-007,INTC,0.0693815496688
AIT-2025-08-002,INTC,0.0421488753525
AIT-2025-08-004,INTC,0.0421488753525
AIT-2025-08-005,INTC,0.0581720239381
AIT-2025-08-006,INTC,0.190773641257
AIT-2025-08-007,INTC,0.188546217631
AIT-2025-09-001,INTC,0.375298707085
AIT-2025-09-004,INTC,0.408308955224
AIT-2025-09-005,INTC,0.375298707085
AIT-2025-09-007,INTC,0.393376957663
AIT-2025-09-008,INTC,0.409783769602
AIT-2025-09-009,INTC,0.393376957663
AIT-2025-10-003,INTC,0.0836758161093
AIT-2025-11-001,INTC,-0.109253442005
AIT-2025-11-002,INTC,0.0544761974986
AIT-2025-11-003,INTC,-0.0558157604451
AIT-2025-11-004,INTC,-0.0971528466058
AIT-2025-11-006,INTC,-0.115324515129
AIT-2025-11-007,INTC,-0.126193307851
AIT-2025-11-008,INTC,-0.0805557729148
AIT-2025-12-001,INTC,-0.105811343148
AIT-2025-12-002,INTC,0.027817605815
AIT-2025-12-003,INTC,0.0392294590559
AIT-2025-12-004,INTC,-0.105811343148
AIT-2025-12-005,INTC,-0.109451320041
AIT-2025-12-006,INTC,0.0392294590559
AIT-2025-12-007,INTC,0.0735281106022
AIT-2025-12-009,INTC,0.0735281106022
AIT-2026-01-003,INTC,0.152907367333
AIT-2026-01-004,INTC,0.127083853035
AIT-2026-02-001,INTC,-0.137015472288
AIT-2026-02-002,INTC,-0.137015472288
AIT-2026-02-005,INTC,-0.202630631498
AIT-2026-02-006,INTC,-0.0447478656961
AIT-2026-02-008,INTC,-0.0837037774218
AIT-2026-03-002,INTC,-0.00424417687706
AIT-2026-03-003,INTC,0.141109555318
AIT-2026-03-004,INTC,0.245351212326
AIT-2022-04-002,INTU,-0.00526014292127
AIT-2022-10-001,INTU,-0.115515194269
AIT-2022-12-001,INTU,0.0224183269405
AIT-2023-03-002,INTU,0.0332131069383
AIT-2023-05-002,INTU,-0.0595074642238
AIT-2023-07-001,INTU,0.106453778455
AIT-2023-07-002,INTU,0.0686545238838
AIT-2023-07-003,INTU,0.0663903503018
AIT-2023-10-001,INTU,-0.0282041987825
AIT-2023-12-001,INTU,-0.0445725513142
AIT-2023-12-002,INTU,0.00260613490221
AIT-2024-02-001,INTU,-0.0765104125138
AIT-2024-02-003,INTU,-0.0859839734307
AIT-2024-03-002,INTU,-0.106681512518
AIT-2024-04-001,INTU,-0.0327579143823
AIT-2024-04-003,INTU,0.000790623169846
AIT-2024-04-004,INTU,-0.013796166746
AIT-2024-04-005,INTU,-0.018121547275
AIT-2024-05-001,INTU,-0.160707052462
AIT-2024-05-002,INTU,-0.168699687223
AIT-2024-06-001,INTU,-0.0494839276828
AIT-2024-06-003,INTU,0.0208896607922
AIT-2024-06-004,INTU,0.0208896607922
AIT-2024-06-005,INTU,-0.00460879137871
AIT-2024-07-001,INTU,0.0525047827149
AIT-2024-07-002,INTU,0.022821500892
AIT-2024-07-006,INTU,0.022821500892
AIT-2024-07-007,INTU,0.032400967621
AIT-2024-07-008,INTU,0.0382900383989
AIT-2024-08-001,INTU,0.0786713514522
AIT-2024-08-002,INTU,-0.0378174200123
AIT-2024-08-003,INTU,0.00561921778001
AIT-2024-08-004,INTU,0.00561921778001
AIT-2024-08-006,INTU,-0.038763889968
AIT-2024-09-002,INTU,-0.0945786832659
AIT-2024-09-003,INTU,-0.0154551913376
AIT-2024-09-006,INTU,-0.0554027306716
AIT-2024-09-007,INTU,-0.0648680673735
AIT-2024-09-008,INTU,-0.0256439304563
AIT-2024-09-010,INTU,-0.0191238300801
AIT-2024-10-001,INTU,-0.0939028416114
AIT-2024-10-010,INTU,0.110419290396
AIT-2024-10-011,INTU,0.110419290396
AIT-2024-10-013,INTU,0.0464262695353
AIT-2024-11-001,INTU,-0.0116085157774
AIT-2024-11-002,INTU,0.0440493122581
AIT-2024-11-005,INTU,0.0418030486446
AIT-2024-11-007,INTU,0.0552715586015
AIT-2024-12-001,INTU,-0.0563109134484
AIT-2024-12-002,INTU,-0.0651706676739
AIT-2024-12-004,INTU,0.0133066681175
AIT-2024-12-005,INTU,0.024957675008
AIT-2024-12-006,INTU,0.00634887231702
AIT-2024-12-008,INTU,0.00148024815023
AIT-2024-12-009,INTU,-0.0676717551436
AIT-2024-12-013,INTU,-0.0323517645579
AIT-2025-01-002,INTU,-0.0809532148244
AIT-2025-01-003,INTU,-0.0809532148244
AIT-2025-01-005,INTU,-0.0800518774661
AIT-2025-01-006,INTU,-0.0958313189911
AIT-2025-01-007,INTU,-0.0961259369366
AIT-2025-02-001,INTU,0.104663160862
AIT-2025-02-002,INTU,0.107325743272
AIT-2025-02-004,INTU,0.0176423837502
AIT-2025-02-006,INTU,0.129774433766
AIT-2025-02-007,INTU,0.133617054222
AIT-2025-03-001,INTU,0.0696752171563
AIT-2025-03-003,INTU,0.0696752171563
AIT-2025-03-005,INTU,0.169062136093
AIT-2025-03-007,INTU,0.0696752171563
AIT-2025-04-001,INTU,0.0567077937898
AIT-2025-04-002,INTU,0.0801272989022
AIT-2025-04-004,INTU,0.0587497115251
AIT-2025-04-005,INTU,0.0667433090384
AIT-2025-04-006,INTU,0.0640809134868
AIT-2025-04-007,INTU,0.0711170024261
AIT-2025-04-008,INTU,0.0240131882916
AIT-2025-05-002,INTU,0.0448913157958
AIT-2025-05-003,INTU,0.133751988744
AIT-2025-05-004,INTU,0.125602494915
AIT-2025-05-009,INTU,0.140058720858
AIT-2025-05-012,INTU,0.125602494915
AIT-2025-06-002,INTU,0.103846268393
AIT-2025-06-003,INTU,0.106223112726
AIT-2025-07-001,INTU,-0.022130607173
AIT-2025-07-005,INTU,-0.0925938023697
AIT-2025-07-006,INTU,-0.0311674977757
AIT-2025-07-007,INTU,-0.140793439307
AIT-2025-08-002,INTU,-0.178331590512
AIT-2025-08-004,INTU,-0.178331590512
AIT-2025-08-005,INTU,-0.181314518549
AIT-2025-08-006,INTU,-0.232024800023
AIT-2025-08-007,INTU,-0.217540038045
AIT-2025-09-001,INTU,-0.0433058142427
AIT-2025-09-004,INTU,-0.0424093485519
AIT-2025-09-005,INTU,-0.0433058142427
AIT-2025-09-007,INTU,-0.0279708463233
AIT-2025-09-008,INTU,-0.0288040837913
AIT-2025-09-009,INTU,-0.0279708463233
AIT-2025-10-003,INTU,-0.0639398118073
AIT-2025-11-001,INTU,-0.0544043555133
AIT-2025-11-002,INTU,-0.0552201495625
AIT-2025-11-003,INTU,-0.0365405357712
AIT-2025-11-004,INTU,-0.0293187047701
AIT-2025-11-006,INTU,0.018348044233
AIT-2025-11-007,INTU,-0.0291433688574
AIT-2025-11-008,INTU,0.00773992692146
AIT-2025-12-001,INTU,0.020320595914
AIT-2025-12-002,INTU,-0.0680390838654
AIT-2025-12-003,INTU,-0.000281222359725
AIT-2025-12-004,INTU,0.020320595914
AIT-2025-12-005,INTU,0.0152595003324
AIT-2025-12-006,INTU,-0.000281222359725
AIT-2025-12-007,INTU,-0.0501870772423
AIT-2025-12-009,INTU,-0.0501870772423
AIT-2026-01-003,INTU,-0.474796742067
AIT-2026-01-004,INTU,-0.467036299127
AIT-2026-02-001,INTU,-0.295363288271
AIT-2026-02-002,INTU,-0.295363288271
AIT-2026-02-005,INTU,-0.113707837015
AIT-2026-02-006,INTU,0.313648159851
AIT-2026-02-008,INTU,0.135325628087
AIT-2026-03-002,INTU,0.216736018779
AIT-2026-03-003,INTU,0.297656727138
AIT-2026-03-004,INTU,-0.102668169624
AIT-2022-04-002,KLAC,-0.0407285746828
AIT-2022-10-001,KLAC,0.0114886905067
AIT-2022-12-001,KLAC,0.00303917431773
AIT-2023-03-002,KLAC,-0.0167411724587
AIT-2023-05-002,KLAC,0.204760710617
AIT-2023-07-001,KLAC,0.0266968395938
AIT-2023-07-002,KLAC,0.0196728204399
AIT-2023-07-003,KLAC,0.0129727622484
AIT-2023-10-001,KLAC,0.0701837729667
AIT-2023-12-001,KLAC,-0.0754130060278
AIT-2023-12-002,KLAC,-0.0542953370058
AIT-2024-02-001,KLAC,0.0160756075648
AIT-2024-02-003,KLAC,0.00469819582091
AIT-2024-03-002,KLAC,-0.00176392092693
AIT-2024-04-001,KLAC,-0.0547072697173
AIT-2024-04-003,KLAC,0.0332429481847
AIT-2024-04-004,KLAC,0.0381896043614
AIT-2024-04-005,KLAC,0.00715026641507
AIT-2024-05-001,KLAC,0.0456444834866
AIT-2024-05-002,KLAC,0.0448920062142
AIT-2024-06-001,KLAC,0.0154886241994
AIT-2024-06-003,KLAC,0.00561125553591
AIT-2024-06-004,KLAC,0.00561125553591
AIT-2024-06-005,KLAC,-0.020808931336
AIT-2024-07-001,KLAC,-0.0620998245057
AIT-2024-07-002,KLAC,-0.0464387749663
AIT-2024-07-006,KLAC,-0.0464387749663
AIT-2024-07-007,KLAC,-0.0310200028554
AIT-2024-07-008,KLAC,-0.0690934001523
AIT-2024-08-001,KLAC,-0.0125011100528
AIT-2024-08-002,KLAC,-0.0439809759651
AIT-2024-08-003,KLAC,-0.0513890326225
AIT-2024-08-004,KLAC,-0.0513890326225
AIT-2024-08-006,KLAC,-0.126523145661
AIT-2024-09-002,KLAC,-0.0794103925057
AIT-2024-09-003,KLAC,-0.0609241732879
AIT-2024-09-006,KLAC,-0.146824036576
AIT-2024-09-007,KLAC,-0.0089666305909
AIT-2024-09-008,KLAC,-0.063441458692
AIT-2024-09-010,KLAC,-0.0367157531791
AIT-2024-10-001,KLAC,-0.203821957822
AIT-2024-10-010,KLAC,-0.22448195974
AIT-2024-10-011,KLAC,-0.22448195974
AIT-2024-10-013,KLAC,-0.274014047807
AIT-2024-11-001,KLAC,0.0135877049296
AIT-2024-11-002,KLAC,-0.0459816622677
AIT-2024-11-005,KLAC,-0.0942352521206
AIT-2024-11-007,KLAC,-0.239899132239
AIT-2024-12-001,KLAC,0.0489135035203
AIT-2024-12-002,KLAC,0.0536078142139
AIT-2024-12-004,KLAC,0.117871219102
AIT-2024-12-005,KLAC,0.229227564813
AIT-2024-12-006,KLAC,0.165699687131
AIT-2024-12-008,KLAC,0.119643841231
AIT-2024-12-009,KLAC,0.0570747961857
AIT-2024-12-013,KLAC,0.23092245602
AIT-2025-01-002,KLAC,0.187271445743
AIT-2025-01-003,KLAC,0.187271445743
AIT-2025-01-005,KLAC,0.110344672472
AIT-2025-01-006,KLAC,0.107628095604
AIT-2025-01-007,KLAC,0.0953469973318
AIT-2025-02-001,KLAC,0.186489392786
AIT-2025-02-002,KLAC,0.164589368934
AIT-2025-02-004,KLAC,0.0452107439326
AIT-2025-02-006,KLAC,0.152399700683
AIT-2025-02-007,KLAC,0.136542410641
AIT-2025-03-001,KLAC,0.134118629544
AIT-2025-03-003,KLAC,0.134118629544
AIT-2025-03-005,KLAC,0.113606156739
AIT-2025-03-007,KLAC,0.134118629544
AIT-2025-04-001,KLAC,0.0581020367605
AIT-2025-04-002,KLAC,0.0518930492916
AIT-2025-04-004,KLAC,0.0261078644885
AIT-2025-04-005,KLAC,0.0470148516697
AIT-2025-04-006,KLAC,0.0585568848183
AIT-2025-04-007,KLAC,0.124422369976
AIT-2025-04-008,KLAC,-0.00102814724247
AIT-2025-05-002,KLAC,0.0182975150924
AIT-2025-05-003,KLAC,0.143967490916
AIT-2025-05-004,KLAC,0.11012680819
AIT-2025-05-009,KLAC,0.176638611153
AIT-2025-05-012,KLAC,0.11012680819
AIT-2025-06-002,KLAC,0.107471850308
AIT-2025-06-003,KLAC,0.0809505417863
AIT-2025-07-001,KLAC,-0.0733715536497
AIT-2025-07-005,KLAC,-0.0351830070337
AIT-2025-07-006,KLAC,-0.0955162610277
AIT-2025-07-007,KLAC,-0.101955331997
AIT-2025-08-002,KLAC,-0.111163152747
AIT-2025-08-004,KLAC,-0.111163152747
AIT-2025-08-005,KLAC,-0.114355963113
AIT-2025-08-006,KLAC,0.012829227224
AIT-2025-08-007,KLAC,0.0192324058177
AIT-2025-09-001,KLAC,0.119597888874
AIT-2025-09-004,KLAC,0.106664656406
AIT-2025-09-005,KLAC,0.119597888874
AIT-2025-09-007,KLAC,0.118574651517
AIT-2025-09-008,KLAC,0.137426576776
AIT-2025-09-009,KLAC,0.118574651517
AIT-2025-10-003,KLAC,0.0295236008536
AIT-2025-11-001,KLAC,-0.0231224705894
AIT-2025-11-002,KLAC,-0.0020603433341
AIT-2025-11-003,KLAC,-0.0320001283805
AIT-2025-11-004,KLAC,-0.0181992630029
AIT-2025-11-006,KLAC,-0.041983368045
AIT-2025-11-007,KLAC,-0.0303855827718
AIT-2025-11-008,KLAC,-0.0256995448334
AIT-2025-12-001,KLAC,-0.00803968928979
AIT-2025-12-002,KLAC,-0.0048997799442
AIT-2025-12-003,KLAC,0.0629135014282
AIT-2025-12-004,KLAC,-0.00803968928979
AIT-2025-12-005,KLAC,-0.0227379178928
AIT-2025-12-006,KLAC,0.0629135014282
AIT-2025-12-007,KLAC,0.145683883791
AIT-2025-12-009,KLAC,0.145683883791
AIT-2026-01-003,KLAC,0.0790094472032
AIT-2026-01-004,KLAC,0.0563703554829
AIT-2026-02-001,KLAC,0.0302039789169
AIT-2026-02-002,KLAC,0.0302039789169
AIT-2026-02-005,KLAC,-0.0632577749724
AIT-2026-02-006,KLAC,0.0544334449997
AIT-2026-02-008,KLAC,0.17364064494
AIT-2026-03-002,KLAC,0.108348548991
AIT-2026-03-003,KLAC,0.0610076353158
AIT-2026-03-004,KLAC,0.0737050045459
AIT-2022-04-002,LRCX,-0.0119338305377
AIT-2022-10-001,LRCX,0.136803221628
AIT-2022-12-001,LRCX,-0.0924856025276
AIT-2023-03-002,LRCX,0.0281972526712
AIT-2023-05-002,LRCX,0.210099398508
AIT-2023-07-001,LRCX,0.0227008223019
AIT-2023-07-002,LRCX,0.0594243733924
AIT-2023-07-003,LRCX,0.0257503902991
AIT-2023-10-001,LRCX,-0.0395425497539
AIT-2023-12-001,LRCX,-0.0390006561083
AIT-2023-12-002,LRCX,0.00896579234544
AIT-2024-02-001,LRCX,-0.0150795358376
AIT-2024-02-003,LRCX,0.0181696031642
AIT-2024-03-002,LRCX,-0.0238578589978
AIT-2024-04-001,LRCX,-0.0513911876994
AIT-2024-04-003,LRCX,-0.0663997447367
AIT-2024-04-004,LRCX,-0.0552635155555
AIT-2024-04-005,LRCX,-0.0965401986142
AIT-2024-05-001,LRCX,-0.0474107172772
AIT-2024-05-002,LRCX,-0.0497592472593
AIT-2024-06-001,LRCX,0.0402634717538
AIT-2024-06-003,LRCX,0.0438810105283
AIT-2024-06-004,LRCX,0.0438810105283
AIT-2024-06-005,LRCX,0.00655497500481
AIT-2024-07-001,LRCX,-0.235150419991
AIT-2024-07-002,LRCX,-0.209534458475
AIT-2024-07-006,LRCX,-0.209534458475
AIT-2024-07-007,LRCX,-0.203336056721
AIT-2024-07-008,LRCX,-0.224858478701
AIT-2024-08-001,LRCX,-0.166326373953
AIT-2024-08-002,LRCX,-0.215759150135
AIT-2024-08-003,LRCX,-0.175705451164
AIT-2024-08-004,LRCX,-0.175705451164
AIT-2024-08-006,LRCX,-0.141683856518
AIT-2024-09-002,LRCX,-0.0485566994514
AIT-2024-09-003,LRCX,0.00521954351314
AIT-2024-09-006,LRCX,-0.0610529586172
AIT-2024-09-007,LRCX,0.0291334403965
AIT-2024-09-008,LRCX,-0.00314797419346
AIT-2024-09-010,LRCX,0.00970688454239
AIT-2024-10-001,LRCX,-0.111634430833
AIT-2024-10-010,LRCX,-0.109421193695
AIT-2024-10-011,LRCX,-0.109421193695
AIT-2024-10-013,LRCX,-0.142763120688
AIT-2024-11-001,LRCX,0.0371819792198
AIT-2024-11-002,LRCX,0.0694931931232
AIT-2024-11-005,LRCX,0.00244913264011
AIT-2024-11-007,LRCX,-0.117044924246
AIT-2024-12-001,LRCX,0.0803520870206
AIT-2024-12-002,LRCX,0.0844970098244
AIT-2024-12-004,LRCX,0.149798431409
AIT-2024-12-005,LRCX,0.205786332564
AIT-2024-12-006,LRCX,0.18901875265
AIT-2024-12-008,LRCX,0.160461252388
AIT-2024-12-009,LRCX,0.0740469800979
AIT-2024-12-013,LRCX,0.153524158292
AIT-2025-01-002,LRCX,0.194926489213
AIT-2025-01-003,LRCX,0.194926489213
AIT-2025-01-005,LRCX,0.114910765706
AIT-2025-01-006,LRCX,0.146434746605
AIT-2025-01-007,LRCX,0.156152887881
AIT-2025-02-001,LRCX,0.257975764529
AIT-2025-02-002,LRCX,0.19953427141
AIT-2025-02-004,LRCX,0.114308905569
AIT-2025-02-006,LRCX,0.19746594805
AIT-2025-02-007,LRCX,0.164753791845
AIT-2025-03-001,LRCX,0.0882280735752
AIT-2025-03-003,LRCX,0.0882280735752
AIT-2025-03-005,LRCX,0.12432807297
AIT-2025-03-007,LRCX,0.0882280735752
AIT-2025-04-001,LRCX,0.0339974979111
AIT-2025-04-002,LRCX,0.0812556916279
AIT-2025-04-004,LRCX,0.0533367173466
AIT-2025-04-005,LRCX,0.0836456308794
AIT-2025-04-006,LRCX,0.0150086479802
AIT-2025-04-007,LRCX,0.0742622859828
AIT-2025-04-008,LRCX,0.0467153925561
AIT-2025-05-002,LRCX,0.0890860601698
AIT-2025-05-003,LRCX,0.121732056082
AIT-2025-05-004,LRCX,0.13308774937
AIT-2025-05-009,LRCX,0.128988950683
AIT-2025-05-012,LRCX,0.13308774937
AIT-2025-06-002,LRCX,0.0953882931062
AIT-2025-06-003,LRCX,0.0878236547973
AIT-2025-07-001,LRCX,-0.0544029449766
AIT-2025-07-005,LRCX,-0.0251551471269
AIT-2025-07-006,LRCX,-0.095587722727
AIT-2025-07-007,LRCX,-0.062601805585
AIT-2025-08-002,LRCX,-0.0631946352523
AIT-2025-08-004,LRCX,-0.0631946352523
AIT-2025-08-005,LRCX,-0.0421179349169
AIT-2025-08-006,LRCX,0.119899515878
AIT-2025-08-007,LRCX,0.116732951531
AIT-2025-09-001,LRCX,0.275584284132
AIT-2025-09-004,LRCX,0.268305334258
AIT-2025-09-005,LRCX,0.275584284132
AIT-2025-09-007,LRCX,0.216101824742
AIT-2025-09-008,LRCX,0.216639857594
AIT-2025-09-009,LRCX,0.216101824742
AIT-2025-10-003,LRCX,0.0984894496297
AIT-2025-11-001,LRCX,-0.016630779021
AIT-2025-11-002,LRCX,0.0139759033735
AIT-2025-11-003,LRCX,-0.0222870489856
AIT-2025-11-004,LRCX,0.0101608312567
AIT-2025-11-006,LRCX,-0.0507872642849
AIT-2025-11-007,LRCX,-0.0397717325978
AIT-2025-11-008,LRCX,-0.02955612833
AIT-2025-12-001,LRCX,-0.0165975178713
AIT-2025-12-002,LRCX,0.100621059381
AIT-2025-12-003,LRCX,0.172827922946
AIT-2025-12-004,LRCX,-0.0165975178713
AIT-2025-12-005,LRCX,-0.0124983441835
AIT-2025-12-006,LRCX,0.172827922946
AIT-2025-12-007,LRCX,0.233969496715
AIT-2025-12-009,LRCX,0.233969496715
AIT-2026-01-003,LRCX,0.119142041803
AIT-2026-01-004,LRCX,0.0820152084126
AIT-2026-02-001,LRCX,0.0424037030168
AIT-2026-02-002,LRCX,0.0424037030168
AIT-2026-02-005,LRCX,-0.109989173221
AIT-2026-02-006,LRCX,-0.0803998587122
AIT-2026-02-008,LRCX,0.0742143741306
AIT-2026-03-002,LRCX,0.0140522624144
AIT-2026-03-003,LRCX,-0.0989961657798
AIT-2026-03-004,LRCX,0.0269032063508
AIT-2022-04-002,MRVL,-0.132371347713
AIT-2022-10-001,MRVL,-0.196187864219
AIT-2022-12-001,MRVL,-0.0838389040603
AIT-2023-03-002,MRVL,-0.0553894033001
AIT-2023-05-002,MRVL,0.441434315483
AIT-2023-07-001,MRVL,0.00214077281123
AIT-2023-07-002,MRVL,-0.0342874990069
AIT-2023-07-003,MRVL,0.00728539213777
AIT-2023-10-001,MRVL,-0.119949382178
AIT-2023-12-001,MRVL,0.0559966769759
AIT-2023-12-002,MRVL,-0.0786395693431
AIT-2024-02-001,MRVL,-0.164798451277
AIT-2024-02-003,MRVL,0.0348566912454
AIT-2024-03-002,MRVL,-0.127217936531
AIT-2024-04-001,MRVL,-0.0243792344074
AIT-2024-04-003,MRVL,0.040207781265
AIT-2024-04-004,MRVL,-0.0073501292543
AIT-2024-04-005,MRVL,-0.044946065339
AIT-2024-05-001,MRVL,-0.00971527284441
AIT-2024-05-002,MRVL,-0.0227027624208
AIT-2024-06-001,MRVL,-0.0797208521898
AIT-2024-06-003,MRVL,-0.11904855497
AIT-2024-06-004,MRVL,-0.11904855497
AIT-2024-06-005,MRVL,-0.134595090414
AIT-2024-07-001,MRVL,-0.0392461233943
AIT-2024-07-002,MRVL,-0.0641808832838
AIT-2024-07-006,MRVL,-0.0641808832838
AIT-2024-07-007,MRVL,-0.0326173833452
AIT-2024-07-008,MRVL,0.00263192407484
AIT-2024-08-001,MRVL,0.0404624620973
AIT-2024-08-002,MRVL,-0.0175229028904
AIT-2024-08-003,MRVL,0.0960588074278
AIT-2024-08-004,MRVL,0.0960588074278
AIT-2024-08-006,MRVL,0.10027785903
AIT-2024-09-002,MRVL,0.0195991475801
AIT-2024-09-003,MRVL,0.00879593392216
AIT-2024-09-006,MRVL,-0.0109058774242
AIT-2024-09-007,MRVL,-0.0332515983445
AIT-2024-09-008,MRVL,0.0338714878077
AIT-2024-09-010,MRVL,0.0701799496109
AIT-2024-10-001,MRVL,-0.00509844379418
AIT-2024-10-010,MRVL,0.173119388956
AIT-2024-10-011,MRVL,0.173119388956
AIT-2024-10-013,MRVL,0.19187512295
AIT-2024-11-001,MRVL,0.25956623233
AIT-2024-11-002,MRVL,0.0854185381271
AIT-2024-11-005,MRVL,0.190567023447
AIT-2024-11-007,MRVL,0.178616524881
AIT-2024-12-001,MRVL,0.274269745199
AIT-2024-12-002,MRVL,0.277419534425
AIT-2024-12-004,MRVL,0.311699101644
AIT-2024-12-005,MRVL,0.360654257521
AIT-2024-12-006,MRVL,0.313133658219
AIT-2024-12-008,MRVL,0.315304079309
AIT-2024-12-009,MRVL,0.263251127683
AIT-2024-12-013,MRVL,0.106234567579
AIT-2025-01-002,MRVL,-0.0400735288921
AIT-2025-01-003,MRVL,-0.0400735288921
AIT-2025-01-005,MRVL,-0.181430135659
AIT-2025-01-006,MRVL,-0.187587463788
AIT-2025-01-007,MRVL,-0.173250119857
AIT-2025-02-001,MRVL,-0.180345547557
AIT-2025-02-002,MRVL,-0.294059817908
AIT-2025-02-004,MRVL,-0.246842093483
AIT-2025-02-006,MRVL,-0.25661386184
AIT-2025-02-007,MRVL,-0.31142139837
AIT-2025-03-001,MRVL,-0.265117227365
AIT-2025-03-003,MRVL,-0.265117227365
AIT-2025-03-005,MRVL,-0.281962344024
AIT-2025-03-007,MRVL,-0.265117227365
AIT-2025-04-001,MRVL,-0.0792273553841
AIT-2025-04-002,MRVL,-0.0692243360085
AIT-2025-04-004,MRVL,-0.0758286907088
AIT-2025-04-005,MRVL,-0.0984021257988
AIT-2025-04-006,MRVL,-0.133388225294
AIT-2025-04-007,MRVL,-0.00489862435447
AIT-2025-04-008,MRVL,-0.180177929249
AIT-2025-05-002,MRVL,-0.138704307046
AIT-2025-05-003,MRVL,-0.0383502529843
AIT-2025-05-004,MRVL,-0.0352697785161
AIT-2025-05-009,MRVL,-0.016930192145
AIT-2025-05-012,MRVL,-0.0352697785161
AIT-2025-06-002,MRVL,0.0745225084685
AIT-2025-06-003,MRVL,0.126574454796
AIT-2025-07-001,MRVL,-0.0319692346606
AIT-2025-07-005,MRVL,-0.0706680415585
AIT-2025-07-006,MRVL,-0.0589104071134
AIT-2025-07-007,MRVL,-0.00401761547359
AIT-2025-08-002,MRVL,-0.0454973068457
AIT-2025-08-004,MRVL,-0.0454973068457
AIT-2025-08-005,MRVL,0.00317792703587
AIT-2025-08-006,MRVL,-0.230720343839
AIT-2025-08-007,MRVL,-0.168286544581
AIT-2025-09-001,MRVL,0.319157187358
AIT-2025-09-004,MRVL,0.306302012894
AIT-2025-09-005,MRVL,0.319157187358
AIT-2025-09-007,MRVL,0.321824574117
AIT-2025-09-008,MRVL,0.261339230678
AIT-2025-09-009,MRVL,0.321824574117
AIT-2025-10-003,MRVL,0.116806078421
AIT-2025-11-001,MRVL,0.0230092333501
AIT-2025-11-002,MRVL,0.22357460374
AIT-2025-11-003,MRVL,0.1076360809
AIT-2025-11-004,MRVL,0.0962450117851
AIT-2025-11-006,MRVL,0.0466593766911
AIT-2025-11-007,MRVL,0.0157073877394
AIT-2025-11-008,MRVL,0.0169939932697
AIT-2025-12-001,MRVL,-0.0522119904655
AIT-2025-12-002,MRVL,0.0777657460973
AIT-2025-12-003,MRVL,-0.0175886590739
AIT-2025-12-004,MRVL,-0.0522119904655
AIT-2025-12-005,MRVL,-0.0515862630095
AIT-2025-12-006,MRVL,-0.0175886590739
AIT-2025-12-007,MRVL,-0.132532369206
AIT-2025-12-009,MRVL,-0.132532369206
AIT-2026-01-003,MRVL,-0.0884782523707
AIT-2026-01-004,MRVL,-0.0596330955825
AIT-2026-02-001,MRVL,-0.00614932089863
AIT-2026-02-002,MRVL,-0.00614932089863
AIT-2026-02-005,MRVL,-0.0302869427513
AIT-2026-02-006,MRVL,0.31459109275
AIT-2026-02-008,MRVL,0.292493779059
AIT-2026-03-002,MRVL,0.347074187331
AIT-2026-03-003,MRVL,0.460389705772
AIT-2026-03-004,MRVL,0.517521886052
AIT-2022-04-002,META,0.00549447752224
AIT-2022-10-001,META,-0.248755290784
AIT-2022-12-001,META,0.138255455874
AIT-2023-03-002,META,0.16336943381
AIT-2023-05-002,META,0.162252331788
AIT-2023-07-001,META,-0.0563421295508
AIT-2023-07-002,META,-0.0218453802545
AIT-2023-07-003,META,-0.0167549189581
AIT-2023-10-001,META,-0.100900411954
AIT-2023-12-001,META,-0.0291366315526
AIT-2023-12-002,META,-0.118983254555
AIT-2024-02-001,META,0.0990221032368
AIT-2024-02-003,META,0.167343144639
AIT-2024-03-002,META,-0.0422687274238
AIT-2024-04-001,META,-0.0176557041371
AIT-2024-04-003,META,-0.0852852512133
AIT-2024-04-004,META,-0.0593399337497
AIT-2024-04-005,META,-0.10436541702
AIT-2024-05-001,META,-0.134112737015
AIT-2024-05-002,META,-0.132968330248
AIT-2024-06-001,META,-0.00491535725278
AIT-2024-06-003,META,-0.0119125191294
AIT-2024-06-004,META,-0.0119125191294
AIT-2024-06-005,META,-0.0540503369107
AIT-2024-07-001,META,0.0340819783598
AIT-2024-07-002,META,0.0563196746492
AIT-2024-07-006,META,0.0563196746492
AIT-2024-07-007,META,0.0539645090824
AIT-2024-07-008,META,-0.00740343483023
AIT-2024-08-001,META,0.0463616163093
AIT-2024-08-002,META,0.0780423257915
AIT-2024-08-003,META,0.0603683898995
AIT-2024-08-004,META,0.0603683898995
AIT-2024-08-006,META,-0.0701922632337
AIT-2024-09-002,META,0.0251221160887
AIT-2024-09-003,META,0.0500976346812
AIT-2024-09-006,META,0.019783189419
AIT-2024-09-007,META,0.0177410997239
AIT-2024-09-008,META,0.0743697849319
AIT-2024-09-010,META,0.0754738561982
AIT-2024-10-001,META,0.0108553541235
AIT-2024-10-010,META,-0.107113637419
AIT-2024-10-011,META,-0.107113637419
AIT-2024-10-013,META,-0.110196909682
AIT-2024-11-001,META,0.0361806087872
AIT-2024-11-002,META,-0.0199418181914
AIT-2024-11-005,META,-0.0250532063356
AIT-2024-11-007,META,-0.102463700431
AIT-2024-12-001,META,0.0473004920092
AIT-2024-12-002,META,0.0370061581768
AIT-2024-12-004,META,0.0867020217429
AIT-2024-12-005,META,0.108355153556
AIT-2024-12-006,META,0.125575540675
AIT-2024-12-008,META,0.070896739835
AIT-2024-12-009,META,0.0394923395339
AIT-2024-12-013,META,0.0144608983156
AIT-2025-01-002,META,0.160763949212
AIT-2025-01-003,META,0.160763949212
AIT-2025-01-005,META,0.151198630277
AIT-2025-01-006,META,0.122589317344
AIT-2025-01-007,META,0.0899225923548
AIT-2025-02-001,META,-0.0446127116166
AIT-2025-02-002,META,-0.0773902477191
AIT-2025-02-004,META,0.1009166114
AIT-2025-02-006,META,-0.137666265037
AIT-2025-02-007,META,-0.14288509545
AIT-2025-03-001,META,-0.117171923825
AIT-2025-03-003,META,-0.117171923825
AIT-2025-03-005,META,-0.131777785722
AIT-2025-03-007,META,-0.117171923825
AIT-2025-04-001,META,-0.0726492857282
AIT-2025-04-002,META,-0.0100598314814
AIT-2025-04-004,META,-0.0143145657639
AIT-2025-04-005,META,-0.011234995452
AIT-2025-04-006,META,-0.100424544773
AIT-2025-04-007,META,-0.114217522654
AIT-2025-04-008,META,-0.00678685680275
AIT-2025-05-002,META,-0.0081376254399
AIT-2025-05-003,META,0.0698384341822
AIT-2025-05-004,META,0.0982595851435
AIT-2025-05-009,META,0.0655172700381
AIT-2025-05-012,META,0.0982595851435
AIT-2025-06-002,META,0.0396680882586
AIT-2025-06-003,META,0.04236990047
AIT-2025-07-001,META,-0.106806038585
AIT-2025-07-005,META,-0.013578080655
AIT-2025-07-006,META,0.00681695846124
AIT-2025-07-007,META,0.0342118321069
AIT-2025-08-002,META,0.00654205507074
AIT-2025-08-004,META,0.00654205507074
AIT-2025-08-005,META,0.0142920442567
AIT-2025-08-006,META,-0.107704862771
AIT-2025-08-007,META,-0.0744444726852
AIT-2025-09-001,META,-0.101309106467
AIT-2025-09-004,META,-0.101025139987
AIT-2025-09-005,META,-0.101309106467
AIT-2025-09-007,META,-0.098280723889
AIT-2025-09-008,META,-0.108092008899
AIT-2025-09-009,META,-0.098280723889
AIT-2025-10-003,META,-0.22400495703
AIT-2025-11-001,META,-0.155678646259
AIT-2025-11-002,META,-0.155050192922
AIT-2025-11-003,META,-0.0745567060217
AIT-2025-11-004,META,-0.0804715615349
AIT-2025-11-006,META,2.37232764692e-05
AIT-2025-11-007,META,0.0630357791078
AIT-2025-11-008,META,0.0846165201707
AIT-2025-12-001,META,0.0822254673473
AIT-2025-12-002,META,0.0806928872676
AIT-2025-12-003,META,0.0147950843787
AIT-2025-12-004,META,0.0822254673473
AIT-2025-12-005,META,0.0823166654444
AIT-2025-12-006,META,0.0147950843787
AIT-2025-12-007,META,-0.0206077334667
AIT-2025-12-009,META,-0.0206077334667
AIT-2026-01-003,META,0.0220895356302
AIT-2026-01-004,META,0.0300474830426
AIT-2026-02-001,META,0.104031392801
AIT-2026-02-002,META,0.104031392801
AIT-2026-02-005,META,0.113638083037
AIT-2026-02-006,META,-0.046159549739
AIT-2026-02-008,META,-0.00726579662586
AIT-2026-03-002,META,-0.0241140279428
AIT-2026-03-003,META,-0.0287068072373
AIT-2026-03-004,META,0.0228724822048
AIT-2022-04-002,MCHP,-0.0680750301828
AIT-2022-10-001,MCHP,0.00815563780037
AIT-2022-12-001,MCHP,-0.0663559933174
AIT-2023-03-002,MCHP,-0.0559104565641
AIT-2023-05-002,MCHP,-0.0754256663587
AIT-2023-07-001,MCHP,-0.0876120761156
AIT-2023-07-002,MCHP,0.0259256835152
AIT-2023-07-003,MCHP,-0.0488532070063
AIT-2023-10-001,MCHP,-0.063615429918
AIT-2023-12-001,MCHP,-0.0231259589371
AIT-2023-12-002,MCHP,0.041565870871
AIT-2024-02-001,MCHP,-0.0112662665959
AIT-2024-02-003,MCHP,-0.0331891563217
AIT-2024-03-002,MCHP,-0.000480876137991
AIT-2024-04-001,MCHP,0.0115997521433
AIT-2024-04-003,MCHP,0.119207273893
AIT-2024-04-004,MCHP,0.100431813107
AIT-2024-04-005,MCHP,0.0868167236565
AIT-2024-05-001,MCHP,0.0628737209145
AIT-2024-05-002,MCHP,0.0401317423134
AIT-2024-06-001,MCHP,-0.0779429095808
AIT-2024-06-003,MCHP,-0.134864784603
AIT-2024-06-004,MCHP,-0.134864784603
AIT-2024-06-005,MCHP,-0.117447518812
AIT-2024-07-001,MCHP,-0.0862729670482
AIT-2024-07-002,MCHP,-0.0888473791595
AIT-2024-07-006,MCHP,-0.0888473791595
AIT-2024-07-007,MCHP,-0.0733863811785
AIT-2024-07-008,MCHP,-0.0702333734628
AIT-2024-08-001,MCHP,-0.0604174789964
AIT-2024-08-002,MCHP,-0.0960793420927
AIT-2024-08-003,MCHP,-0.0913766569265
AIT-2024-08-004,MCHP,-0.0913766569265
AIT-2024-08-006,MCHP,-0.0527192028421
AIT-2024-09-002,MCHP,-0.0181609164313
AIT-2024-09-003,MCHP,-0.0172457224549
AIT-2024-09-006,MCHP,-0.0572550994074
AIT-2024-09-007,MCHP,-0.0178798035151
AIT-2024-09-008,MCHP,-0.0199418744197
AIT-2024-09-010,MCHP,-0.0146211503862
AIT-2024-10-001,MCHP,-0.0568848566883
AIT-2024-10-010,MCHP,-0.136347347397
AIT-2024-10-011,MCHP,-0.136347347397
AIT-2024-10-013,MCHP,-0.152173229046
AIT-2024-11-001,MCHP,-0.152850494028
AIT-2024-11-002,MCHP,-0.130733238063
AIT-2024-11-005,MCHP,-0.221080550757
AIT-2024-11-007,MCHP,-0.120738354795
AIT-2024-12-001,MCHP,-0.0808535247056
AIT-2024-12-002,MCHP,-0.0495819682889
AIT-2024-12-004,MCHP,-0.0300640830524
AIT-2024-12-005,MCHP,-0.0340021348663
AIT-2024-12-006,MCHP,-0.04364562414
AIT-2024-12-008,MCHP,-0.0409208745256
AIT-2024-12-009,MCHP,-0.0274946286404
AIT-2024-12-013,MCHP,0.0680786094974
AIT-2025-01-002,MCHP,-0.0313014223125
AIT-2025-01-003,MCHP,-0.0313014223125
AIT-2025-01-005,MCHP,0.00583291667624
AIT-2025-01-006,MCHP,0.0501163923862
AIT-2025-01-007,MCHP,0.153777019209
AIT-2025-02-001,MCHP,0.219314666757
AIT-2025-02-002,MCHP,0.244230655046
AIT-2025-02-004,MCHP,0.129999989544
AIT-2025-02-006,MCHP,0.294132149215
AIT-2025-02-007,MCHP,0.270562861276
AIT-2025-03-001,MCHP,-0.129513303324
AIT-2025-03-003,MCHP,-0.129513303324
AIT-2025-03-005,MCHP,0.182476478746
AIT-2025-03-007,MCHP,-0.129513303324
AIT-2025-04-001,MCHP,0.0330236377781
AIT-2025-04-002,MCHP,0.128035656878
AIT-2025-04-004,MCHP,0.0604193954178
AIT-2025-04-005,MCHP,0.0920214315833
AIT-2025-04-006,MCHP,0.0592701207905
AIT-2025-04-007,MCHP,-0.00635965432764
AIT-2025-04-008,MCHP,0.249898523262
AIT-2025-05-002,MCHP,0.272555529393
AIT-2025-05-003,MCHP,0.319449105504
AIT-2025-05-004,MCHP,0.343332108007
AIT-2025-05-009,MCHP,0.286159963683
AIT-2025-05-012,MCHP,0.343332108007
AIT-2025-06-002,MCHP,0.118601755769
AIT-2025-06-003,MCHP,0.143158873085
AIT-2025-07-001,MCHP,-0.0565633909106
AIT-2025-07-005,MCHP,-0.171717397612
AIT-2025-07-006,MCHP,-0.109952819089
AIT-2025-07-007,MCHP,-0.135557665219
AIT-2025-08-002,MCHP,-0.0996467208222
AIT-2025-08-004,MCHP,-0.0996467208222
AIT-2025-08-005,MCHP,-0.131803392099
AIT-2025-08-006,MCHP,-0.0780112216717
AIT-2025-08-007,MCHP,-0.0829113017158
AIT-2025-09-001,MCHP,-0.0300698510346
AIT-2025-09-004,MCHP,-0.0437825860382
AIT-2025-09-005,MCHP,-0.0300698510346
AIT-2025-09-007,MCHP,-0.0566076322998
AIT-2025-09-008,MCHP,-0.0224537406473
AIT-2025-09-009,MCHP,-0.0566076322998
AIT-2025-10-003,MCHP,-0.135232939069
AIT-2025-11-001,MCHP,-0.263731242878
AIT-2025-11-002,MCHP,-0.0313879004828
AIT-2025-11-003,MCHP,0.0760364660232
AIT-2025-11-004,MCHP,0.0908234533344
AIT-2025-11-006,MCHP,0.100807821979
AIT-2025-11-007,MCHP,0.11435493305
AIT-2025-11-008,MCHP,0.128244198765
AIT-2025-12-001,MCHP,0.199897832447
AIT-2025-12-002,MCHP,0.24195072386
AIT-2025-12-003,MCHP,0.352256359975
AIT-2025-12-004,MCHP,0.199897832447
AIT-2025-12-005,MCHP,0.141653294372
AIT-2025-12-006,MCHP,0.352256359975
AIT-2025-12-007,MCHP,0.319059475142
AIT-2025-12-009,MCHP,0.319059475142
AIT-2026-01-003,MCHP,0.175134571667
AIT-2026-01-004,MCHP,0.0603597656584
AIT-2026-02-001,MCHP,-0.0231043300112
AIT-2026-02-002,MCHP,-0.0231043300112
AIT-2026-02-005,MCHP,-0.0863124804421
AIT-2026-02-006,MCHP,-0.155841071827
AIT-2026-02-008,MCHP,-0.141214269766
AIT-2026-03-002,MCHP,-0.139841478763
AIT-2026-03-003,MCHP,-0.0869205618406
AIT-2026-03-004,MCHP,0.100532233934
AIT-2022-04-002,MU,-0.10596729998
AIT-2022-10-001,MU,0.0973676856607
AIT-2022-12-001,MU,-0.125899853143
AIT-2023-03-002,MU,0.0125752049965
AIT-2023-05-002,MU,0.124451108198
AIT-2023-07-001,MU,0.0641693148606
AIT-2023-07-002,MU,-0.0130730688248
AIT-2023-07-003,MU,0.0081542762486
AIT-2023-10-001,MU,0.0495671686161
AIT-2023-12-001,MU,0.00850715872293
AIT-2023-12-002,MU,0.0176632369478
AIT-2024-02-001,MU,-0.00132192091864
AIT-2024-02-003,MU,0.0213877212549
AIT-2024-03-002,MU,0.214394535133
AIT-2024-04-001,MU,0.175711743347
AIT-2024-04-003,MU,-0.0489184898904
AIT-2024-04-004,MU,-0.0501523022445
AIT-2024-04-005,MU,-0.0703513966629
AIT-2024-05-001,MU,0.0195316960406
AIT-2024-05-002,MU,0.00454856827626
AIT-2024-06-001,MU,-0.051251698555
AIT-2024-06-003,MU,-0.117903617791
AIT-2024-06-004,MU,-0.117903617791
AIT-2024-06-005,MU,-0.146300642936
AIT-2024-07-001,MU,-0.43166775093
AIT-2024-07-002,MU,-0.299258515314
AIT-2024-07-006,MU,-0.299258515314
AIT-2024-07-007,MU,-0.296796720741
AIT-2024-07-008,MU,-0.211145206302
AIT-2024-08-001,MU,-0.195179886342
AIT-2024-08-002,MU,-0.233505246273
AIT-2024-08-003,MU,-0.228017797
AIT-2024-08-004,MU,-0.228017797
AIT-2024-08-006,MU,-0.138130915544
AIT-2024-09-002,MU,-0.0716414283413
AIT-2024-09-003,MU,0.0393149070243
AIT-2024-09-006,MU,0.0805704856997
AIT-2024-09-007,MU,0.111580201905
AIT-2024-09-008,MU,0.0514620654502
AIT-2024-09-010,MU,0.0563046724188
AIT-2024-10-001,MU,0.106291575915
AIT-2024-10-010,MU,-0.00416193224123
AIT-2024-10-011,MU,-0.00416193224123
AIT-2024-10-013,MU,-0.0601462772605
AIT-2024-11-001,MU,-0.174088803179
AIT-2024-11-002,MU,-0.125477402182
AIT-2024-11-005,MU,-0.0978983313397
AIT-2024-11-007,MU,-0.0683793921794
AIT-2024-12-001,MU,-0.138144230643
AIT-2024-12-002,MU,-0.0848762591516
AIT-2024-12-004,MU,-0.0449339561593
AIT-2024-12-005,MU,0.10213873122
AIT-2024-12-006,MU,0.0824763588937
AIT-2024-12-008,MU,-0.0427906863253
AIT-2024-12-009,MU,-0.0806826191376
AIT-2024-12-013,MU,0.131139892438
AIT-2025-01-002,MU,0.157874744643
AIT-2025-01-003,MU,0.157874744643
AIT-2025-01-005,MU,0.120315588784
AIT-2025-01-006,MU,0.181185831
AIT-2025-01-007,MU,0.0396725925133
AIT-2025-02-001,MU,0.310782577471
AIT-2025-02-002,MU,0.357254479593
AIT-2025-02-004,MU,0.0388041967148
AIT-2025-02-006,MU,0.378316773658
AIT-2025-02-007,MU,0.336241027966
AIT-2025-03-001,MU,0.00950864210387
AIT-2025-03-003,MU,0.00950864210387
AIT-2025-03-005,MU,0.23294367416
AIT-2025-03-007,MU,0.00950864210387
AIT-2025-04-001,MU,-0.112909865966
AIT-2025-04-002,MU,0.0292985094383
AIT-2025-04-004,MU,-0.0502549911634
AIT-2025-04-005,MU,0.00710924494818
AIT-2025-04-006,MU,-0.10346367617
AIT-2025-04-007,MU,0.0169819977207
AIT-2025-04-008,MU,0.0931308093671
AIT-2025-05-002,MU,0.151804694795
AIT-2025-05-003,MU,0.263912484826
AIT-2025-05-004,MU,0.260889767505
AIT-2025-05-009,MU,0.278483896231
AIT-2025-05-012,MU,0.260889767505
AIT-2025-06-002,MU,0.253028586841
AIT-2025-06-003,MU,0.139507912873
AIT-2025-07-001,MU,-0.221406543587
AIT-2025-07-005,MU,-0.118762023447
AIT-2025-07-006,MU,-0.276414667586
AIT-2025-07-007,MU,-0.0747670220431
AIT-2025-08-002,MU,-0.08732926835
AIT-2025-08-004,MU,-0.08732926835
AIT-2025-08-005,MU,-0.00184071627165
AIT-2025-08-006,MU,0.259062688414
AIT-2025-08-007,MU,0.276151154315
AIT-2025-09-001,MU,0.373265661063
AIT-2025-09-004,MU,0.393222408658
AIT-2025-09-005,MU,0.373265661063
AIT-2025-09-007,MU,0.338379461087
AIT-2025-09-008,MU,0.31994902983
AIT-2025-09-009,MU,0.338379461087
AIT-2025-10-003,MU,0.197233045902
AIT-2025-11-001,MU,0.022272252651
AIT-2025-11-002,MU,0.0359850272546
AIT-2025-11-003,MU,0.0354196313524
AIT-2025-11-004,MU,0.0494379222973
AIT-2025-11-006,MU,0.0183096868543
AIT-2025-11-007,MU,-0.0747740687711
AIT-2025-11-008,MU,-0.0491568771709
AIT-2025-12-001,MU,-0.0280148804255
AIT-2025-12-002,MU,0.186516002051
AIT-2025-12-003,MU,0.23958109915
AIT-2025-12-004,MU,-0.0280148804255
AIT-2025-12-005,MU,-0.0197583560605
AIT-2025-12-006,MU,0.23958109915
AIT-2025-12-007,MU,0.2160854325
AIT-2025-12-009,MU,0.2160854325
AIT-2026-01-003,MU,0.129073417541
AIT-2026-01-004,MU,0.0910687619486
AIT-2026-02-001,MU,0.0658387567297
AIT-2026-02-002,MU,0.0658387567297
AIT-2026-02-005,MU,-0.122728766092
AIT-2026-02-006,MU,-0.192394520645
AIT-2026-02-008,MU,0.145429001253
AIT-2026-03-002,MU,-0.116589054511
AIT-2026-03-003,MU,-0.178067839219
AIT-2026-03-004,MU,-0.0886687349214
AIT-2022-04-002,MSFT,0.00414063188654
AIT-2022-10-001,MSFT,-0.0865066437123
AIT-2022-12-001,MSFT,0.0451609377249
AIT-2023-03-002,MSFT,0.0925833773398
AIT-2023-05-002,MSFT,0.118990847068
AIT-2023-07-001,MSFT,-0.0579789552903
AIT-2023-07-002,MSFT,-0.0970614388133
AIT-2023-07-003,MSFT,-0.0683933088272
AIT-2023-10-001,MSFT,0.0982248574506
AIT-2023-12-001,MSFT,-0.0775805696297
AIT-2023-12-002,MSFT,-0.0988384529529
AIT-2024-02-001,MSFT,-0.0400971997866
AIT-2024-02-003,MSFT,-0.0613464393974
AIT-2024-03-002,MSFT,-0.0348333988697
AIT-2024-04-001,MSFT,0.00185357366398
AIT-2024-04-003,MSFT,-0.0302558155204
AIT-2024-04-004,MSFT,-0.0163716579743
AIT-2024-04-005,MSFT,-0.0261673186731
AIT-2024-05-001,MSFT,-0.0373591486371
AIT-2024-05-002,MSFT,-0.0349460447282
AIT-2024-06-001,MSFT,0.014717464063
AIT-2024-06-003,MSFT,0.000118580119693
AIT-2024-06-004,MSFT,0.000118580119693
AIT-2024-06-005,MSFT,-0.0172159497613
AIT-2024-07-001,MSFT,-0.0810020339291
AIT-2024-07-002,MSFT,-0.101390659016
AIT-2024-07-006,MSFT,-0.101390659016
AIT-2024-07-007,MSFT,-0.0969786350668
AIT-2024-07-008,MSFT,-0.0963138101294
AIT-2024-08-001,MSFT,-0.0771982501787
AIT-2024-08-002,MSFT,-0.0756014172674
AIT-2024-08-003,MSFT,-0.0699148985264
AIT-2024-08-004,MSFT,-0.0699148985264
AIT-2024-08-006,MSFT,0.0162875237359
AIT-2024-09-002,MSFT,-0.0132852534532
AIT-2024-09-003,MSFT,-0.00292046052662
AIT-2024-09-006,MSFT,-0.0220129687813
AIT-2024-09-007,MSFT,-0.0255112779196
AIT-2024-09-008,MSFT,-0.00215874167678
AIT-2024-09-010,MSFT,-0.00239894188511
AIT-2024-10-001,MSFT,-0.042550227966
AIT-2024-10-010,MSFT,-0.0471415031915
AIT-2024-10-011,MSFT,-0.0471415031915
AIT-2024-10-013,MSFT,-1.87993397345e-05
AIT-2024-11-001,MSFT,0.0754752157194
AIT-2024-11-002,MSFT,-0.00473311054441
AIT-2024-11-005,MSFT,0.0260440091867
AIT-2024-11-007,MSFT,0.00427790585655
AIT-2024-12-001,MSFT,0.0721920150737
AIT-2024-12-002,MSFT,0.0462400220502
AIT-2024-12-004,MSFT,0.0375788464763
AIT-2024-12-005,MSFT,0.037000209304
AIT-2024-12-006,MSFT,0.0502604279993
AIT-2024-12-008,MSFT,0.0374832970919
AIT-2024-12-009,MSFT,0.0303212995658
AIT-2024-12-013,MSFT,0.0115655952653
AIT-2025-01-002,MSFT,-0.0424400653478
AIT-2025-01-003,MSFT,-0.0424400653478
AIT-2025-01-005,MSFT,-0.0473026464396
AIT-2025-01-006,MSFT,-0.0449081266487
AIT-2025-01-007,MSFT,-0.0298373566985
AIT-2025-02-001,MSFT,-0.0423268976845
AIT-2025-02-002,MSFT,0.0366279964369
AIT-2025-02-004,MSFT,-0.0313394846683
AIT-2025-02-006,MSFT,0.0333416752722
AIT-2025-02-007,MSFT,0.0355655550204
AIT-2025-03-001,MSFT,0.0879285437784
AIT-2025-03-003,MSFT,0.0879285437784
AIT-2025-03-005,MSFT,0.0444838238431
AIT-2025-03-007,MSFT,0.0879285437784
AIT-2025-04-001,MSFT,0.0568699086981
AIT-2025-04-002,MSFT,0.147934946352
AIT-2025-04-004,MSFT,0.152925969518
AIT-2025-04-005,MSFT,0.148888917254
AIT-2025-04-006,MSFT,0.051755239342
AIT-2025-04-007,MSFT,0.052605435774
AIT-2025-04-008,MSFT,0.123575293137
AIT-2025-05-002,MSFT,0.11590819179
AIT-2025-05-003,MSFT,0.0441074756823
AIT-2025-05-004,MSFT,0.0992614230321
AIT-2025-05-009,MSFT,0.03465246467
AIT-2025-05-012,MSFT,0.0992614230321
AIT-2025-06-002,MSFT,0.0463838064843
AIT-2025-06-003,MSFT,0.0271099752291
AIT-2025-07-001,MSFT,0.00767069922997
AIT-2025-07-005,MSFT,0.00780631882108
AIT-2025-07-006,MSFT,0.0417834126276
AIT-2025-07-007,MSFT,-0.00607662528222
AIT-2025-08-002,MSFT,-0.050572389696
AIT-2025-08-004,MSFT,-0.050572389696
AIT-2025-08-005,MSFT,-0.0526332387628
AIT-2025-08-006,MSFT,-0.115568430788
AIT-2025-08-007,MSFT,-0.101747738722
AIT-2025-09-001,MSFT,-0.0237576438621
AIT-2025-09-004,MSFT,-0.0285823850726
AIT-2025-09-005,MSFT,-0.0237576438621
AIT-2025-09-007,MSFT,-0.00424268497364
AIT-2025-09-008,MSFT,-0.00504131021539
AIT-2025-09-009,MSFT,-0.00424268497364
AIT-2025-10-003,MSFT,-0.0222403294042
AIT-2025-11-001,MSFT,-0.0910408966639
AIT-2025-11-002,MSFT,-0.11926406277
AIT-2025-11-003,MSFT,-0.0916246734228
AIT-2025-11-004,MSFT,-0.105115371263
AIT-2025-11-006,MSFT,-0.108386608956
AIT-2025-11-007,MSFT,-0.09234631021
AIT-2025-11-008,MSFT,-0.093555872526
AIT-2025-12-001,MSFT,-0.0668348934775
AIT-2025-12-002,MSFT,-0.0668783256939
AIT-2025-12-003,MSFT,-0.0327747993699
AIT-2025-12-004,MSFT,-0.0668348934775
AIT-2025-12-005,MSFT,-0.0515747368446
AIT-2025-12-006,MSFT,-0.0327747993699
AIT-2025-12-007,MSFT,-0.0587626578117
AIT-2025-12-009,MSFT,-0.0587626578117
AIT-2026-01-003,MSFT,-0.159801888769
AIT-2026-01-004,MSFT,-0.164212502025
AIT-2026-02-001,MSFT,-0.115900288146
AIT-2026-02-002,MSFT,-0.115900288146
AIT-2026-02-005,MSFT,-0.0830263873623
AIT-2026-02-006,MSFT,0.0150370897268
AIT-2026-02-008,MSFT,0.0161539328117
AIT-2026-03-002,MSFT,-0.000884883283315
AIT-2026-03-003,MSFT,0.0438859907144
AIT-2026-03-004,MSFT,0.0343560542392
AIT-2022-04-002,MPWR,-0.0554650562402
AIT-2022-10-001,MPWR,-0.16490523427
AIT-2022-12-001,MPWR,-0.0713171911912
AIT-2023-03-002,MPWR,-0.0743643678941
AIT-2023-05-002,MPWR,0.0637973641453
AIT-2023-07-001,MPWR,-0.00614719959627
AIT-2023-07-002,MPWR,0.00452709463731
AIT-2023-07-003,MPWR,-0.0222597998006
AIT-2023-10-001,MPWR,0.0414600380598
AIT-2023-12-001,MPWR,-0.0203360365503
AIT-2023-12-002,MPWR,0.0588039751062
AIT-2024-02-001,MPWR,0.0371665085247
AIT-2024-02-003,MPWR,0.116589003164
AIT-2024-03-002,MPWR,-0.23207429416
AIT-2024-04-001,MPWR,-0.116369465287
AIT-2024-04-003,MPWR,0.100097980291
AIT-2024-04-004,MPWR,0.122072781944
AIT-2024-04-005,MPWR,0.0928636130611
AIT-2024-05-001,MPWR,0.0748927588223
AIT-2024-05-002,MPWR,0.0797949904955
AIT-2024-06-001,MPWR,0.0116546115563
AIT-2024-06-003,MPWR,0.000363310163436
AIT-2024-06-004,MPWR,0.000363310163436
AIT-2024-06-005,MPWR,-0.0209215109369
AIT-2024-07-001,MPWR,0.0577126965604
AIT-2024-07-002,MPWR,0.0824421264623
AIT-2024-07-006,MPWR,0.0824421264623
AIT-2024-07-007,MPWR,0.102537595317
AIT-2024-07-008,MPWR,0.0932262269261
AIT-2024-08-001,MPWR,0.152930536956
AIT-2024-08-002,MPWR,0.0675339133326
AIT-2024-08-003,MPWR,0.0118617466289
AIT-2024-08-004,MPWR,0.0118617466289
AIT-2024-08-006,MPWR,-0.0891494544744
AIT-2024-09-002,MPWR,-0.0686452279627
AIT-2024-09-003,MPWR,-0.0757737558815
AIT-2024-09-006,MPWR,-0.0831065339844
AIT-2024-09-007,MPWR,-0.034520906638
AIT-2024-09-008,MPWR,-0.0665330677691
AIT-2024-09-010,MPWR,-0.0122779748658
AIT-2024-10-001,MPWR,-0.149022470646
AIT-2024-10-010,MPWR,-0.431529573226
AIT-2024-10-011,MPWR,-0.431529573226
AIT-2024-10-013,MPWR,-0.488939575685
AIT-2024-11-001,MPWR,-0.108995084888
AIT-2024-11-002,MPWR,-0.462208947469
AIT-2024-11-005,MPWR,-0.434560530491
AIT-2024-11-007,MPWR,-0.485747029188
AIT-2024-12-001,MPWR,0.0654779099688
AIT-2024-12-002,MPWR,0.101587187875
AIT-2024-12-004,MPWR,0.131518162735
AIT-2024-12-005,MPWR,0.229070639334
AIT-2024-12-006,MPWR,0.204363790331
AIT-2024-12-008,MPWR,0.188598579661
AIT-2024-12-009,MPWR,0.149648221924
AIT-2024-12-013,MPWR,0.206357807208
AIT-2025-01-002,MPWR,0.18416854351
AIT-2025-01-003,MPWR,0.18416854351
AIT-2025-01-005,MPWR,0.100830041107
AIT-2025-01-006,MPWR,0.0928984720736
AIT-2025-01-007,MPWR,0.0957193861081
AIT-2025-02-001,MPWR,0.252215247573
AIT-2025-02-002,MPWR,0.232886698678
AIT-2025-02-004,MPWR,0.155197469529
AIT-2025-02-006,MPWR,0.211245236583
AIT-2025-02-007,MPWR,0.212234517591
AIT-2025-03-001,MPWR,0.175489594143
AIT-2025-03-003,MPWR,0.175489594143
AIT-2025-03-005,MPWR,0.0781481333914
AIT-2025-03-007,MPWR,0.175489594143
AIT-2025-04-001,MPWR,0.0691496564357
AIT-2025-04-002,MPWR,0.158584492186
AIT-2025-04-004,MPWR,0.132744482326
AIT-2025-04-005,MPWR,0.176796346761
AIT-2025-04-006,MPWR,0.116661668654
AIT-2025-04-007,MPWR,0.174975630646
AIT-2025-04-008,MPWR,0.0272532697237
AIT-2025-05-002,MPWR,0.0962357097104
AIT-2025-05-003,MPWR,0.0384924381642
AIT-2025-05-004,MPWR,0.0712881819287
AIT-2025-05-009,MPWR,-0.0122089277464
AIT-2025-05-012,MPWR,0.0712881819287
AIT-2025-06-002,MPWR,-0.0397632341232
AIT-2025-06-003,MPWR,0.0168084376463
AIT-2025-07-001,MPWR,-0.0582112988124
AIT-2025-07-005,MPWR,0.0622417907597
AIT-2025-07-006,MPWR,-0.0651698705499
AIT-2025-07-007,MPWR,0.0856725547723
AIT-2025-08-002,MPWR,0.139913981792
AIT-2025-08-004,MPWR,0.139913981792
AIT-2025-08-005,MPWR,0.185345605734
AIT-2025-08-006,MPWR,0.12033202946
AIT-2025-08-007,MPWR,-0.0239051007959
AIT-2025-09-001,MPWR,0.0531401251465
AIT-2025-09-004,MPWR,0.054533736934
AIT-2025-09-005,MPWR,0.0531401251465
AIT-2025-09-007,MPWR,0.0651081247054
AIT-2025-09-008,MPWR,0.0873625155149
AIT-2025-09-009,MPWR,0.0651081247054
AIT-2025-10-003,MPWR,-0.0151428324703
AIT-2025-11-001,MPWR,-0.205399913663
AIT-2025-11-002,MPWR,-0.143972069973
AIT-2025-11-003,MPWR,-0.146144338731
AIT-2025-11-004,MPWR,-0.139735029331
AIT-2025-11-006,MPWR,-0.162251840371
AIT-2025-11-007,MPWR,-0.0777085659968
AIT-2025-11-008,MPWR,-0.0303060327178
AIT-2025-12-001,MPWR,-0.0675414516603
AIT-2025-12-002,MPWR,-0.0343433050025
AIT-2025-12-003,MPWR,-0.0290346764809
AIT-2025-12-004,MPWR,-0.0675414516603
AIT-2025-12-005,MPWR,-0.0754610873221
AIT-2025-12-006,MPWR,-0.0290346764809
AIT-2025-12-007,MPWR,-0.0183619449566
AIT-2025-12-009,MPWR,-0.0183619449566
AIT-2026-01-003,MPWR,0.228868134814
AIT-2026-01-004,MPWR,0.19207727234
AIT-2026-02-001,MPWR,0.1653671838
AIT-2026-02-002,MPWR,0.1653671838
AIT-2026-02-005,MPWR,0.0134832529764
AIT-2026-02-006,MPWR,-0.0382852039092
AIT-2026-02-008,MPWR,0.00774590690467
AIT-2026-03-002,MPWR,0.00296923910313
AIT-2026-03-003,MPWR,0.0383907461038
AIT-2026-03-004,MPWR,0.173834640389
AIT-2022-04-002,NVDA,-0.211313816806
AIT-2022-10-001,NVDA,0.0958255878955
AIT-2022-12-001,NVDA,-0.0247825345256
AIT-2023-03-002,NVDA,0.180692982189
AIT-2023-05-002,NVDA,0.253152160705
AIT-2023-07-001,NVDA,-0.0895591606913
AIT-2023-07-002,NVDA,-0.139662853101
AIT-2023-07-003,NVDA,-0.110055313443
AIT-2023-10-001,NVDA,-0.102584802967
AIT-2023-12-001,NVDA,-0.0364814930335
AIT-2023-12-002,NVDA,-0.232810995475
AIT-2024-02-001,NVDA,0.191109653486
AIT-2024-02-003,NVDA,0.233403439665
AIT-2024-03-002,NVDA,0.115538619871
AIT-2024-04-001,NVDA,-0.11481869443
AIT-2024-04-003,NVDA,-0.0665161281388
AIT-2024-04-004,NVDA,-0.0221331257079
AIT-2024-04-005,NVDA,-0.0425240664614
AIT-2024-05-001,NVDA,0.190332365065
AIT-2024-05-002,NVDA,0.195820000821
AIT-2024-06-001,NVDA,0.149807238157
AIT-2024-06-003,NVDA,0.0350433823872
AIT-2024-06-004,NVDA,0.0350433823872
AIT-2024-06-005,NVDA,-0.0962030449589
AIT-2024-07-001,NVDA,-0.184709954005
AIT-2024-07-002,NVDA,-0.128890931727
AIT-2024-07-006,NVDA,-0.128890931727
AIT-2024-07-007,NVDA,-0.0768960912646
AIT-2024-07-008,NVDA,-0.0713289828941
AIT-2024-08-001,NVDA,-0.0393436711214
AIT-2024-08-002,NVDA,-0.0314801269093
AIT-2024-08-003,NVDA,-0.145005991946
AIT-2024-08-004,NVDA,-0.145005991946
AIT-2024-08-006,NVDA,-0.13888839776
AIT-2024-09-002,NVDA,-0.179104499593
AIT-2024-09-003,NVDA,-0.0885537738326
AIT-2024-09-006,NVDA,0.00713845403344
AIT-2024-09-007,NVDA,0.0226325619096
AIT-2024-09-008,NVDA,-0.0659454824914
AIT-2024-09-010,NVDA,-0.076322319083
AIT-2024-10-001,NVDA,-0.011366035497
AIT-2024-10-010,NVDA,-0.00410030962042
AIT-2024-10-011,NVDA,-0.00410030962042
AIT-2024-10-013,NVDA,-0.0151854116163
AIT-2024-11-001,NVDA,-0.111269983107
AIT-2024-11-002,NVDA,-0.180945581502
AIT-2024-11-005,NVDA,-0.185119013387
AIT-2024-11-007,NVDA,-0.0758522628488
AIT-2024-12-001,NVDA,-0.067167641293
AIT-2024-12-002,NVDA,-0.117695384215
AIT-2024-12-004,NVDA,-0.0618382883551
AIT-2024-12-005,NVDA,0.0517885136518
AIT-2024-12-006,NVDA,-0.0063012186777
AIT-2024-12-008,NVDA,-0.0438918324849
AIT-2024-12-009,NVDA,-0.133195914365
AIT-2024-12-013,NVDA,-0.0185875231729
AIT-2025-01-002,NVDA,-0.0609516332918
AIT-2025-01-003,NVDA,-0.0609516332918
AIT-2025-01-005,NVDA,-0.10749967747
AIT-2025-01-006,NVDA,-0.127957267701
AIT-2025-01-007,NVDA,-0.0768961462009
AIT-2025-02-001,NVDA,0.0996315623922
AIT-2025-02-002,NVDA,0.224311347806
AIT-2025-02-004,NVDA,-0.0443354701204
AIT-2025-02-006,NVDA,0.181076802315
AIT-2025-02-007,NVDA,0.128920837257
AIT-2025-03-001,NVDA,0.170243097092
AIT-2025-03-003,NVDA,0.170243097092
AIT-2025-03-005,NVDA,0.0241494801666
AIT-2025-03-007,NVDA,0.170243097092
AIT-2025-04-001,NVDA,0.000239304510361
AIT-2025-04-002,NVDA,0.0847074385465
AIT-2025-04-004,NVDA,0.00747516179393
AIT-2025-04-005,NVDA,0.0842632757599
AIT-2025-04-006,NVDA,-0.0418940643018
AIT-2025-04-007,NVDA,0.152114763802
AIT-2025-04-008,NVDA,-0.00810405513091
AIT-2025-05-002,NVDA,0.0176610750963
AIT-2025-05-003,NVDA,0.100786744305
AIT-2025-05-004,NVDA,0.112407945927
AIT-2025-05-009,NVDA,0.101422405498
AIT-2025-05-012,NVDA,0.112407945927
AIT-2025-06-002,NVDA,0.0972571577629
AIT-2025-06-003,NVDA,0.0423814309067
AIT-2025-07-001,NVDA,0.0689006237239
AIT-2025-07-005,NVDA,0.0583599922065
AIT-2025-07-006,NVDA,0.0621643087757
AIT-2025-07-007,NVDA,0.0391297177215
AIT-2025-08-002,NVDA,-0.0272555107309
AIT-2025-08-004,NVDA,-0.0272555107309
AIT-2025-08-005,NVDA,-0.0235754236677
AIT-2025-08-006,NVDA,-0.0974953357991
AIT-2025-08-007,NVDA,-0.130797519382
AIT-2025-09-001,NVDA,-0.0155260440742
AIT-2025-09-004,NVDA,0.0152911675248
AIT-2025-09-005,NVDA,-0.0155260440742
AIT-2025-09-007,NVDA,0.0212641281442
AIT-2025-09-008,NVDA,-0.0120957034117
AIT-2025-09-009,NVDA,0.0212641281442
AIT-2025-10-003,NVDA,0.0585043381106
AIT-2025-11-001,NVDA,-0.070879887656
AIT-2025-11-002,NVDA,-0.0883150105594
AIT-2025-11-003,NVDA,-0.0675109692247
AIT-2025-11-004,NVDA,-0.121449761437
AIT-2025-11-006,NVDA,-0.182368250078
AIT-2025-11-007,NVDA,-0.183560717742
AIT-2025-11-008,NVDA,-0.152298189015
AIT-2025-12-001,NVDA,-0.120765530224
AIT-2025-12-002,NVDA,-0.0656246473786
AIT-2025-12-003,NVDA,-0.033220782508
AIT-2025-12-004,NVDA,-0.120765530224
AIT-2025-12-005,NVDA,-0.0934581541728
AIT-2025-12-006,NVDA,-0.033220782508
AIT-2025-12-007,NVDA,-0.0375037864434
AIT-2025-12-009,NVDA,-0.0375037864434
AIT-2026-01-003,NVDA,-0.0131817711805
AIT-2026-01-004,NVDA,0.008846463365
AIT-2026-02-001,NVDA,-0.0031610238796
AIT-2026-02-002,NVDA,-0.0031610238796
AIT-2026-02-005,NVDA,-0.0177494613605
AIT-2026-02-006,NVDA,0.00812559093835
AIT-2026-02-008,NVDA,0.0917856746908
AIT-2026-03-002,NVDA,0.0221459904009
AIT-2026-03-003,NVDA,-0.0100351976254
AIT-2026-03-004,NVDA,0.0122677139012
AIT-2022-04-002,NXPI,-0.00444621505984
AIT-2022-10-001,NXPI,-0.0186401954355
AIT-2022-12-001,NXPI,-0.068387759505
AIT-2023-03-002,NXPI,-0.039000049238
AIT-2023-05-002,NXPI,0.0390728953063
AIT-2023-07-001,NXPI,-0.0112673744428
AIT-2023-07-002,NXPI,0.061076121545
AIT-2023-07-003,NXPI,0.0646560014141
AIT-2023-10-001,NXPI,-0.130010978114
AIT-2023-12-001,NXPI,-0.0298319703603
AIT-2023-12-002,NXPI,0.0945187272998
AIT-2024-02-001,NXPI,0.0648578427861
AIT-2024-02-003,NXPI,0.0733117326948
AIT-2024-03-002,NXPI,-0.0235395801298
AIT-2024-04-001,NXPI,-0.0806792987689
AIT-2024-04-003,NXPI,0.102643757373
AIT-2024-04-004,NXPI,0.094962928849
AIT-2024-04-005,NXPI,0.102666914078
AIT-2024-05-001,NXPI,0.128796407441
AIT-2024-05-002,NXPI,0.103863875485
AIT-2024-06-001,NXPI,-0.0777676206672
AIT-2024-06-003,NXPI,-0.0914087002981
AIT-2024-06-004,NXPI,-0.0914087002981
AIT-2024-06-005,NXPI,-0.0884881874635
AIT-2024-07-001,NXPI,-0.0493802106846
AIT-2024-07-002,NXPI,-0.0387427115188
AIT-2024-07-006,NXPI,-0.0387427115188
AIT-2024-07-007,NXPI,-0.0440353467002
AIT-2024-07-008,NXPI,-0.0493189470115
AIT-2024-08-001,NXPI,-0.0610261821617
AIT-2024-08-002,NXPI,-0.120638788128
AIT-2024-08-003,NXPI,-0.0759185761032
AIT-2024-08-004,NXPI,-0.0759185761032
AIT-2024-08-006,NXPI,-0.132230526379
AIT-2024-09-002,NXPI,-0.0779144500953
AIT-2024-09-003,NXPI,-0.0676880165118
AIT-2024-09-006,NXPI,-0.0852657625213
AIT-2024-09-007,NXPI,-0.0479419047638
AIT-2024-09-008,NXPI,-0.0760911377535
AIT-2024-09-010,NXPI,-0.0633484446253
AIT-2024-10-001,NXPI,-0.053849146285
AIT-2024-10-010,NXPI,-0.0824500297017
AIT-2024-10-011,NXPI,-0.0824500297017
AIT-2024-10-013,NXPI,-0.0814139797026
AIT-2024-11-001,NXPI,-0.0360706088637
AIT-2024-11-002,NXPI,-0.0503221553235
AIT-2024-11-005,NXPI,-0.154556764888
AIT-2024-11-007,NXPI,-0.0628563978664
AIT-2024-12-001,NXPI,0.00668465928445
AIT-2024-12-002,NXPI,0.00427318090825
AIT-2024-12-004,NXPI,0.00609727610784
AIT-2024-12-005,NXPI,0.0294054679182
AIT-2024-12-006,NXPI,0.0186372558024
AIT-2024-12-008,NXPI,-0.00151288995787
AIT-2024-12-009,NXPI,0.00380227664024
AIT-2024-12-013,NXPI,0.0578609216402
AIT-2025-01-002,NXPI,0.0195472020019
AIT-2025-01-003,NXPI,0.0195472020019
AIT-2025-01-005,NXPI,0.064880047381
AIT-2025-01-006,NXPI,0.0924110402394
AIT-2025-01-007,NXPI,0.143848904839
AIT-2025-02-001,NXPI,0.193656632776
AIT-2025-02-002,NXPI,0.180269879871
AIT-2025-02-004,NXPI,0.107650210332
AIT-2025-02-006,NXPI,0.221309737988
AIT-2025-02-007,NXPI,0.162692123614
AIT-2025-03-001,NXPI,-0.0265646222921
AIT-2025-03-003,NXPI,-0.0265646222921
AIT-2025-03-005,NXPI,0.0915874875461
AIT-2025-03-007,NXPI,-0.0265646222921
AIT-2025-04-001,NXPI,0.0552447128068
AIT-2025-04-002,NXPI,0.0269664946252
AIT-2025-04-004,NXPI,-0.0213542504726
AIT-2025-04-005,NXPI,0.00452303718755
AIT-2025-04-006,NXPI,0.0505444973345
AIT-2025-04-007,NXPI,0.0225147121135
AIT-2025-04-008,NXPI,0.030681914496
AIT-2025-05-002,NXPI,0.0554493599668
AIT-2025-05-003,NXPI,0.0938857666706
AIT-2025-05-004,NXPI,0.0929713132107
AIT-2025-05-009,NXPI,0.0819492942312
AIT-2025-05-012,NXPI,0.0929713132107
AIT-2025-06-002,NXPI,0.0243984528106
AIT-2025-06-003,NXPI,0.0335236130702
AIT-2025-07-001,NXPI,-0.0213586898608
AIT-2025-07-005,NXPI,-0.0810105932199
AIT-2025-07-006,NXPI,-0.0591190001758
AIT-2025-07-007,NXPI,-0.0268040485406
AIT-2025-08-002,NXPI,0.0394428973539
AIT-2025-08-004,NXPI,0.0394428973539
AIT-2025-08-005,NXPI,0.0322604045349
AIT-2025-08-006,NXPI,0.0220342343385
AIT-2025-08-007,NXPI,0.0216542152583
AIT-2025-09-001,NXPI,-0.0833423440895
AIT-2025-09-004,NXPI,-0.109693229785
AIT-2025-09-005,NXPI,-0.0833423440895
AIT-2025-09-007,NXPI,-0.0729846951331
AIT-2025-09-008,NXPI,-0.0477324192801
AIT-2025-09-009,NXPI,-0.0729846951331
AIT-2025-10-003,NXPI,-0.126465054228
AIT-2025-11-001,NXPI,-0.145150847052
AIT-2025-11-002,NXPI,0.0420881217729
AIT-2025-11-003,NXPI,0.0716542460501
AIT-2025-11-004,NXPI,0.11174157394
AIT-2025-11-006,NXPI,0.120740040623
AIT-2025-11-007,NXPI,0.143692337071
AIT-2025-11-008,NXPI,0.149968209312
AIT-2025-12-001,NXPI,0.141351826721
AIT-2025-12-002,NXPI,0.156557245498
AIT-2025-12-003,NXPI,0.225743049204
AIT-2025-12-004,NXPI,0.141351826721
AIT-2025-12-005,NXPI,0.115205347327
AIT-2025-12-006,NXPI,0.225743049204
AIT-2025-12-007,NXPI,0.186947491094
AIT-2025-12-009,NXPI,0.186947491094
AIT-2026-01-003,NXPI,0.134117998108
AIT-2026-01-004,NXPI,0.00517968947329
AIT-2026-02-001,NXPI,-0.0127984303593
AIT-2026-02-002,NXPI,-0.0127984303593
AIT-2026-02-005,NXPI,-0.0348913943166
AIT-2026-02-006,NXPI,-0.116903152667
AIT-2026-02-008,NXPI,-0.0760135417237
AIT-2026-03-002,NXPI,-0.125502863134
AIT-2026-03-003,NXPI,-0.0832654414455
AIT-2026-03-004,NXPI,-0.00163218511966
AIT-2022-04-002,PLTR,0.0873929739904
AIT-2022-10-001,PLTR,-0.180145697407
AIT-2022-12-001,PLTR,-0.192533893829
AIT-2023-03-002,PLTR,-0.0874751661994
AIT-2023-05-002,PLTR,0.611745492344
AIT-2023-07-001,PLTR,-0.0697725888942
AIT-2023-07-002,PLTR,0.0709133091137
AIT-2023-07-003,PLTR,0.128163112738
AIT-2023-10-001,PLTR,0.0210635985823
AIT-2023-12-001,PLTR,-0.392662731006
AIT-2023-12-002,PLTR,-0.396837343907
AIT-2024-02-001,PLTR,0.190540594813
AIT-2024-02-003,PLTR,0.304492647456
AIT-2024-03-002,PLTR,-0.208761885099
AIT-2024-04-001,PLTR,-0.0615070420904
AIT-2024-04-003,PLTR,-0.114867384859
AIT-2024-04-004,PLTR,-0.0673621745561
AIT-2024-04-005,PLTR,-0.0754315095479
AIT-2024-05-001,PLTR,-0.150976694762
AIT-2024-05-002,PLTR,-0.112057510285
AIT-2024-06-001,PLTR,0.0964703095944
AIT-2024-06-003,PLTR,0.129424329269
AIT-2024-06-004,PLTR,0.129424329269
AIT-2024-06-005,PLTR,0.11574072371
AIT-2024-07-001,PLTR,0.25932608909
AIT-2024-07-002,PLTR,0.213943683188
AIT-2024-07-006,PLTR,0.213943683188
AIT-2024-07-007,PLTR,0.22895076153
AIT-2024-07-008,PLTR,0.186659572024
AIT-2024-08-001,PLTR,0.176290247613
AIT-2024-08-002,PLTR,0.11821082164
AIT-2024-08-003,PLTR,0.0927432430997
AIT-2024-08-004,PLTR,0.0927432430997
AIT-2024-08-006,PLTR,0.136634976889
AIT-2024-09-002,PLTR,0.102887602379
AIT-2024-09-003,PLTR,0.268436982446
AIT-2024-09-006,PLTR,0.159871333306
AIT-2024-09-007,PLTR,0.178474950262
AIT-2024-09-008,PLTR,0.242845658709
AIT-2024-09-010,PLTR,0.197430925219
AIT-2024-10-001,PLTR,0.02999569884
AIT-2024-10-010,PLTR,0.339520732551
AIT-2024-10-011,PLTR,0.339520732551
AIT-2024-10-013,PLTR,0.276252688702
AIT-2024-11-001,PLTR,0.256495611544
AIT-2024-11-002,PLTR,0.356798786873
AIT-2024-11-005,PLTR,0.325440470171
AIT-2024-11-007,PLTR,0.298577553561
AIT-2024-12-001,PLTR,0.214877515128
AIT-2024-12-002,PLTR,0.193535420578
AIT-2024-12-004,PLTR,0.0925222941178
AIT-2024-12-005,PLTR,-0.0573424427129
AIT-2024-12-006,PLTR,0.0136163518663
AIT-2024-12-008,PLTR,0.146596905436
AIT-2024-12-009,PLTR,0.18787764529
AIT-2024-12-013,PLTR,-0.0415979648041
AIT-2025-01-002,PLTR,0.225919314406
AIT-2025-01-003,PLTR,0.225919314406
AIT-2025-01-005,PLTR,0.271834030512
AIT-2025-01-006,PLTR,0.272731078003
AIT-2025-01-007,PLTR,0.271205237079
AIT-2025-02-001,PLTR,0.068314763758
AIT-2025-02-002,PLTR,0.0783601465532
AIT-2025-02-004,PLTR,0.170402539844
AIT-2025-02-006,PLTR,-0.2220629546
AIT-2025-02-007,PLTR,-0.18149210704
AIT-2025-03-001,PLTR,0.104062481141
AIT-2025-03-003,PLTR,0.104062481141
AIT-2025-03-005,PLTR,-0.283469600293
AIT-2025-03-007,PLTR,0.104062481141
AIT-2025-04-001,PLTR,0.151518641939
AIT-2025-04-002,PLTR,0.116723057412
AIT-2025-04-004,PLTR,0.105210606151
AIT-2025-04-005,PLTR,0.0403579488953
AIT-2025-04-006,PLTR,0.130859270109
AIT-2025-04-007,PLTR,0.21135019155
AIT-2025-04-008,PLTR,-0.0450481511639
AIT-2025-05-002,PLTR,-0.0606176611275
AIT-2025-05-003,PLTR,-0.226868927855
AIT-2025-05-004,PLTR,-0.269096678076
AIT-2025-05-009,PLTR,-0.103330461934
AIT-2025-05-012,PLTR,-0.269096678076
AIT-2025-06-002,PLTR,-0.102148819648
AIT-2025-06-003,PLTR,-0.251936940099
AIT-2025-07-001,PLTR,-0.213199087893
AIT-2025-07-005,PLTR,0.0989845177497
AIT-2025-07-006,PLTR,-0.200197103076
AIT-2025-07-007,PLTR,-0.0166960587956
AIT-2025-08-002,PLTR,-0.191921581497
AIT-2025-08-004,PLTR,-0.191921581497
AIT-2025-08-005,PLTR,-0.228666615899
AIT-2025-08-006,PLTR,-0.246270432345
AIT-2025-08-007,PLTR,-0.327734532236
AIT-2025-09-001,PLTR,-0.0294570273378
AIT-2025-09-004,PLTR,-0.0757435240396
AIT-2025-09-005,PLTR,-0.0294570273378
AIT-2025-09-007,PLTR,-0.0329146041449
AIT-2025-09-008,PLTR,-0.0739468704191
AIT-2025-09-009,PLTR,-0.0329146041449
AIT-2025-10-003,PLTR,-0.0816617727607
AIT-2025-11-001,PLTR,-0.233157843722
AIT-2025-11-002,PLTR,-0.145345488075
AIT-2025-11-003,PLTR,-0.142745648878
AIT-2025-11-004,PLTR,-0.136804089306
AIT-2025-11-006,PLTR,-0.119072396618
AIT-2025-11-007,PLTR,-0.158242970035
AIT-2025-11-008,PLTR,-0.078136102889
AIT-2025-12-001,PLTR,-0.05079240476
AIT-2025-12-002,PLTR,-0.113054187285
AIT-2025-12-003,PLTR,-0.0383721971929
AIT-2025-12-004,PLTR,-0.05079240476
AIT-2025-12-005,PLTR,0.0200053644429
AIT-2025-12-006,PLTR,-0.0383721971929
AIT-2025-12-007,PLTR,-0.0542261025696
AIT-2025-12-009,PLTR,-0.0542261025696
AIT-2026-01-003,PLTR,-0.277112404415
AIT-2026-01-004,PLTR,-0.288929436546
AIT-2026-02-001,PLTR,-0.259582462073
AIT-2026-02-002,PLTR,-0.259582462073
AIT-2026-02-005,PLTR,-0.051402936169
AIT-2026-02-006,PLTR,0.241244011456
AIT-2026-02-008,PLTR,0.20391501441
AIT-2026-03-002,PLTR,0.28405603197
AIT-2026-03-003,PLTR,0.235386876952
AIT-2026-03-004,PLTR,-0.119510434682
AIT-2022-04-002,PANW,0.0365129602293
AIT-2022-10-001,PANW,-0.169613867364
AIT-2022-12-001,PANW,-0.132614166893
AIT-2023-03-002,PANW,0.106602327731
AIT-2023-05-002,PANW,0.0749258245432
AIT-2023-07-001,PANW,-0.201624517302
AIT-2023-07-002,PANW,-0.0579865512402
AIT-2023-07-003,PANW,-0.199915600683
AIT-2023-10-001,PANW,-0.0612923895685
AIT-2023-12-001,PANW,0.00524444615322
AIT-2023-12-002,PANW,0.00863932467404
AIT-2024-02-001,PANW,-0.248788867612
AIT-2024-02-003,PANW,-0.255821997705
AIT-2024-03-002,PANW,-0.336773580673
AIT-2024-04-001,PANW,0.0570304585498
AIT-2024-04-003,PANW,0.0826388561121
AIT-2024-04-004,PANW,0.103008512052
AIT-2024-04-005,PANW,0.111319032344
AIT-2024-05-001,PANW,-0.0440377502131
AIT-2024-05-002,PANW,-0.0841165424193
AIT-2024-06-001,PANW,0.0250585818961
AIT-2024-06-003,PANW,-0.0321405684171
AIT-2024-06-004,PANW,-0.0321405684171
AIT-2024-06-005,PANW,-0.002840633478
AIT-2024-07-001,PANW,-0.0158798057587
AIT-2024-07-002,PANW,-0.010440787843
AIT-2024-07-006,PANW,-0.010440787843
AIT-2024-07-007,PANW,-0.013051253825
AIT-2024-07-008,PANW,0.0117801212237
AIT-2024-08-001,PANW,0.0808947707571
AIT-2024-08-002,PANW,0.0390410048858
AIT-2024-08-003,PANW,0.0662306571483
AIT-2024-08-004,PANW,0.0662306571483
AIT-2024-08-006,PANW,0.000112636348741
AIT-2024-09-002,PANW,-0.113480522802
AIT-2024-09-003,PANW,-0.00576611534784
AIT-2024-09-006,PANW,0.0103693451911
AIT-2024-09-007,PANW,-0.0206457879643
AIT-2024-09-008,PANW,-0.0167811466005
AIT-2024-09-010,PANW,-0.0540956795419
AIT-2024-10-001,PANW,0.0448744726992
AIT-2024-10-010,PANW,0.128797299297
AIT-2024-10-011,PANW,0.128797299297
AIT-2024-10-013,PANW,0.0466636844142
AIT-2024-11-001,PANW,0.0166049838829
AIT-2024-11-002,PANW,0.0173609129028
AIT-2024-11-005,PANW,0.0332855914547
AIT-2024-11-007,PANW,0.0160339497409
AIT-2024-12-001,PANW,-0.0346927642591
AIT-2024-12-002,PANW,-0.0586987129761
AIT-2024-12-004,PANW,-0.0636962246528
AIT-2024-12-005,PANW,-0.110461449369
AIT-2024-12-006,PANW,-0.0738266178123
AIT-2024-12-008,PANW,-0.0754978140188
AIT-2024-12-009,PANW,-0.0913913316206
AIT-2024-12-013,PANW,-0.126602184643
AIT-2025-01-002,PANW,0.0173253213489
AIT-2025-01-003,PANW,0.0173253213489
AIT-2025-01-005,PANW,0.0324335756544
AIT-2025-01-006,PANW,0.0757219034207
AIT-2025-01-007,PANW,0.0763959457786
AIT-2025-02-001,PANW,0.0459398885762
AIT-2025-02-002,PANW,0.0841681232797
AIT-2025-02-004,PANW,0.0756060564216
AIT-2025-02-006,PANW,0.0893138135977
AIT-2025-02-007,PANW,0.0850321355864
AIT-2025-03-001,PANW,-0.00740592040048
AIT-2025-03-003,PANW,-0.00740592040048
AIT-2025-03-005,PANW,0.00579038040493
AIT-2025-03-007,PANW,-0.00740592040048
AIT-2025-04-001,PANW,0.00469344667588
AIT-2025-04-002,PANW,0.0856181662814
AIT-2025-04-004,PANW,0.0375818288605
AIT-2025-04-005,PANW,0.0398385326704
AIT-2025-04-006,PANW,-0.00768614356341
AIT-2025-04-007,PANW,0.0169746489558
AIT-2025-04-008,PANW,0.0317754872028
AIT-2025-05-002,PANW,-0.039043605585
AIT-2025-05-003,PANW,-0.05680031141
AIT-2025-05-004,PANW,-0.0726499616092
AIT-2025-05-009,PANW,-0.0267390334976
AIT-2025-05-012,PANW,-0.0726499616092
AIT-2025-06-002,PANW,-0.0143482956583
AIT-2025-06-003,PANW,-0.0261122752646
AIT-2025-07-001,PANW,-0.10049091462
AIT-2025-07-005,PANW,-0.230257186179
AIT-2025-07-006,PANW,-0.223767702272
AIT-2025-07-007,PANW,-0.163166365401
AIT-2025-08-002,PANW,-0.0713122484397
AIT-2025-08-004,PANW,-0.0713122484397
AIT-2025-08-005,PANW,-0.0698243683575
AIT-2025-08-006,PANW,0.107626372476
AIT-2025-08-007,PANW,0.146270236278
AIT-2025-09-001,PANW,0.0558735684638
AIT-2025-09-004,PANW,0.079249619671
AIT-2025-09-005,PANW,0.0558735684638
AIT-2025-09-007,PANW,0.0395254314914
AIT-2025-09-008,PANW,0.0399678613735
AIT-2025-09-009,PANW,0.0395254314914
AIT-2025-10-003,PANW,0.0485434323624
AIT-2025-11-001,PANW,-0.139100440545
AIT-2025-11-002,PANW,-0.118374937449
AIT-2025-11-003,PANW,-0.11935017096
AIT-2025-11-004,PANW,-0.122623808041
AIT-2025-11-006,PANW,-0.152827334722
AIT-2025-11-007,PANW,-0.159843399536
AIT-2025-11-008,PANW,-0.135398771991
AIT-2025-12-001,PANW,-0.125671421988
AIT-2025-12-002,PANW,-0.121324383187
AIT-2025-12-003,PANW,0.0186996933047
AIT-2025-12-004,PANW,-0.125671421988
AIT-2025-12-005,PANW,-0.132164720091
AIT-2025-12-006,PANW,0.0186996933047
AIT-2025-12-007,PANW,0.0064436747091
AIT-2025-12-009,PANW,0.0064436747091
AIT-2026-01-003,PANW,-0.0672277166689
AIT-2026-01-004,PANW,-0.156889952648
AIT-2026-02-001,PANW,-0.200860127946
AIT-2026-02-002,PANW,-0.200860127946
AIT-2026-02-005,PANW,-0.0924794558126
AIT-2026-02-006,PANW,0.11269287444
AIT-2026-02-008,PANW,0.123253338649
AIT-2026-03-002,PANW,0.0521381946841
AIT-2026-03-003,PANW,0.219032493329
AIT-2026-03-004,PANW,0.0441736406206
AIT-2022-04-002,PDD,0.14856767624
AIT-2022-10-001,PDD,-0.168909053235
AIT-2022-12-001,PDD,0.121038394584
AIT-2023-03-002,PDD,-0.293178702032
AIT-2023-05-002,PDD,-0.0973122376339
AIT-2023-07-001,PDD,0.103289848806
AIT-2023-07-002,PDD,0.0747704693401
AIT-2023-07-003,PDD,0.165460681028
AIT-2023-10-001,PDD,0.0922524361523
AIT-2023-12-001,PDD,-0.063501600055
AIT-2023-12-002,PDD,0.151241400213
AIT-2024-02-001,PDD,-0.193657044111
AIT-2024-02-003,PDD,-0.353826893999
AIT-2024-03-002,PDD,-0.164731242559
AIT-2024-04-001,PDD,0.0672535656566
AIT-2024-04-003,PDD,0.092319099379
AIT-2024-04-004,PDD,0.139702398681
AIT-2024-04-005,PDD,0.116511546671
AIT-2024-05-001,PDD,0.0541818566723
AIT-2024-05-002,PDD,0.0355033859466
AIT-2024-06-001,PDD,-0.173722306554
AIT-2024-06-003,PDD,-0.238177813786
AIT-2024-06-004,PDD,-0.238177813786
AIT-2024-06-005,PDD,-0.181664744648
AIT-2024-07-001,PDD,-0.0139566863387
AIT-2024-07-002,PDD,0.0741465351692
AIT-2024-07-006,PDD,0.0741465351692
AIT-2024-07-007,PDD,0.0658136288647
AIT-2024-07-008,PDD,0.0798637653133
AIT-2024-08-001,PDD,0.0372204108328
AIT-2024-08-002,PDD,-0.260657104787
AIT-2024-08-003,PDD,-0.248079286827
AIT-2024-08-004,PDD,-0.248079286827
AIT-2024-08-006,PDD,-0.327629624646
AIT-2024-09-002,PDD,0.152710223471
AIT-2024-09-003,PDD,0.535707484892
AIT-2024-09-006,PDD,0.377002465695
AIT-2024-09-007,PDD,0.379595183124
AIT-2024-09-008,PDD,0.487806623042
AIT-2024-09-010,PDD,0.512158530842
AIT-2024-10-001,PDD,0.347715200999
AIT-2024-10-010,PDD,-0.248396949797
AIT-2024-10-011,PDD,-0.248396949797
AIT-2024-10-013,PDD,-0.163244663668
AIT-2024-11-001,PDD,-0.160550253043
AIT-2024-11-002,PDD,-0.260707644507
AIT-2024-11-005,PDD,-0.141175662759
AIT-2024-11-007,PDD,-0.279679925601
AIT-2024-12-001,PDD,-0.106011645341
AIT-2024-12-002,PDD,-0.109908207099
AIT-2024-12-004,PDD,-0.137945037218
AIT-2024-12-005,PDD,0.0350098988827
AIT-2024-12-006,PDD,0.0606659573079
AIT-2024-12-008,PDD,-0.133679312886
AIT-2024-12-009,PDD,-0.11159981368
AIT-2024-12-013,PDD,0.096922164828
AIT-2025-01-002,PDD,0.195463010538
AIT-2025-01-003,PDD,0.195463010538
AIT-2025-01-005,PDD,0.253279384231
AIT-2025-01-006,PDD,0.305129483812
AIT-2025-01-007,PDD,0.289944141518
AIT-2025-02-001,PDD,0.137725480312
AIT-2025-02-002,PDD,0.170051819623
AIT-2025-02-004,PDD,0.215529145085
AIT-2025-02-006,PDD,0.174668172442
AIT-2025-02-007,PDD,0.198740423417
AIT-2025-03-001,PDD,-0.111734860324
AIT-2025-03-003,PDD,-0.111734860324
AIT-2025-03-005,PDD,0.0859582960884
AIT-2025-03-007,PDD,-0.111734860324
AIT-2025-04-001,PDD,-0.192804586458
AIT-2025-04-002,PDD,-0.113517890156
AIT-2025-04-004,PDD,-0.120660996503
AIT-2025-04-005,PDD,-0.102944695287
AIT-2025-04-006,PDD,-0.114308903037
AIT-2025-04-007,PDD,-0.13284530079
AIT-2025-04-008,PDD,0.115687596338
AIT-2025-05-002,PDD,0.218627028934
AIT-2025-05-003,PDD,-0.050806178192
AIT-2025-05-004,PDD,-0.0504220011811
AIT-2025-05-009,PDD,-0.100606034287
AIT-2025-05-012,PDD,-0.0504220011811
AIT-2025-06-002,PDD,-0.0771350393363
AIT-2025-06-003,PDD,-0.116114326256
AIT-2025-07-001,PDD,0.0739017173504
AIT-2025-07-005,PDD,0.102981998932
AIT-2025-07-006,PDD,0.0541299349828
AIT-2025-07-007,PDD,0.160805720686
AIT-2025-08-002,PDD,0.210669445139
AIT-2025-08-004,PDD,0.210669445139
AIT-2025-08-005,PDD,0.120094649445
AIT-2025-08-006,PDD,0.0897392750732
AIT-2025-08-007,PDD,0.121890853433
AIT-2025-09-001,PDD,-0.0344494747321
AIT-2025-09-004,PDD,-0.0111371225102
AIT-2025-09-005,PDD,-0.0344494747321
AIT-2025-09-007,PDD,-0.0223826954474
AIT-2025-09-008,PDD,0.00239376142255
AIT-2025-09-009,PDD,-0.0223826954474
AIT-2025-10-003,PDD,-0.0304691252404
AIT-2025-11-001,PDD,-0.140350026612
AIT-2025-11-002,PDD,-0.141883295833
AIT-2025-11-003,PDD,-0.170093332171
AIT-2025-11-004,PDD,-0.177421927321
AIT-2025-11-006,PDD,-0.2203173799
AIT-2025-11-007,PDD,-0.215636988343
AIT-2025-11-008,PDD,-0.225902677611
AIT-2025-12-001,PDD,-0.217257487163
AIT-2025-12-002,PDD,-0.0252294562218
AIT-2025-12-003,PDD,0.0537807462025
AIT-2025-12-004,PDD,-0.217257487163
AIT-2025-12-005,PDD,-0.234573254922
AIT-2025-12-006,PDD,0.0537807462025
AIT-2025-12-007,PDD,-0.0455807722695
AIT-2025-12-009,PDD,-0.0455807722695
AIT-2026-01-003,PDD,-0.158600107171
AIT-2026-01-004,PDD,-0.162904811187
AIT-2026-02-001,PDD,-0.000371486427983
AIT-2026-02-002,PDD,-0.000371486427983
AIT-2026-02-005,PDD,-0.0134108811053
AIT-2026-02-006,PDD,0.0764408094804
AIT-2026-02-008,PDD,0.0623122395741
AIT-2026-03-002,PDD,0.0737527601767
AIT-2026-03-003,PDD,0.0280057909538
AIT-2026-03-004,PDD,0.00920704936293
AIT-2022-04-002,QCOM,-0.0458398165356
AIT-2022-10-001,QCOM,-0.0765011748338
AIT-2022-12-001,QCOM,-0.0544000735469
AIT-2023-03-002,QCOM,-0.0279161280609
AIT-2023-05-002,QCOM,0.00260790971259
AIT-2023-07-001,QCOM,0.00401029382259
AIT-2023-07-002,QCOM,0.0535462420319
AIT-2023-07-003,QCOM,0.00529468390166
AIT-2023-10-001,QCOM,0.0686642764508
AIT-2023-12-001,QCOM,0.0230804537952
AIT-2023-12-002,QCOM,0.0678970242565
AIT-2024-02-001,QCOM,0.0405218670125
AIT-2024-02-003,QCOM,0.0513704526865
AIT-2024-03-002,QCOM,0.0479854170468
AIT-2024-04-001,QCOM,-0.0575944232213
AIT-2024-04-003,QCOM,0.0606470889573
AIT-2024-04-004,QCOM,0.0587639592226
AIT-2024-04-005,QCOM,0.0428545511931
AIT-2024-05-001,QCOM,0.16056346805
AIT-2024-05-002,QCOM,0.161469628538
AIT-2024-06-001,QCOM,-0.09778157943
AIT-2024-06-003,QCOM,-0.139707133539
AIT-2024-06-004,QCOM,-0.139707133539
AIT-2024-06-005,QCOM,-0.174375715199
AIT-2024-07-001,QCOM,-0.171295075318
AIT-2024-07-002,QCOM,-0.184523758586
AIT-2024-07-006,QCOM,-0.184523758586
AIT-2024-07-007,QCOM,-0.161073635148
AIT-2024-07-008,QCOM,-0.197621453697
AIT-2024-08-001,QCOM,-0.150720939011
AIT-2024-08-002,QCOM,-0.203116671009
AIT-2024-08-003,QCOM,-0.151985838446
AIT-2024-08-004,QCOM,-0.151985838446
AIT-2024-08-006,QCOM,-0.0675785325684
AIT-2024-09-002,QCOM,-0.0466196165281
AIT-2024-09-003,QCOM,-0.058057613422
AIT-2024-09-006,QCOM,-0.0323587437937
AIT-2024-09-007,QCOM,-0.0103303714217
AIT-2024-09-008,QCOM,-0.0639672951641
AIT-2024-09-010,QCOM,-0.0247467468007
AIT-2024-10-001,QCOM,-0.0491227063907
AIT-2024-10-010,QCOM,-0.0642077727679
AIT-2024-10-011,QCOM,-0.0642077727679
AIT-2024-10-013,QCOM,-0.051481359763
AIT-2024-11-001,QCOM,-0.0447106811434
AIT-2024-11-002,QCOM,-0.100408309648
AIT-2024-11-005,QCOM,-0.126402950729
AIT-2024-11-007,QCOM,-0.126027187978
AIT-2024-12-001,QCOM,-0.00244537261201
AIT-2024-12-002,QCOM,0.014322854855
AIT-2024-12-004,QCOM,0.00289202064332
AIT-2024-12-005,QCOM,0.124914584749
AIT-2024-12-006,QCOM,0.101341971448
AIT-2024-12-008,QCOM,0.0697793341866
AIT-2024-12-009,QCOM,0.00278922923661
AIT-2024-12-013,QCOM,0.10639801437
AIT-2025-01-002,QCOM,0.11569255633
AIT-2025-01-003,QCOM,0.11569255633
AIT-2025-01-005,QCOM,0.0754974756274
AIT-2025-01-006,QCOM,0.0753742025626
AIT-2025-01-007,QCOM,0.0520973429568
AIT-2025-02-001,QCOM,0.113916293484
AIT-2025-02-002,QCOM,0.102438311472
AIT-2025-02-004,QCOM,0.0252503974718
AIT-2025-02-006,QCOM,0.100269544228
AIT-2025-02-007,QCOM,0.0826196720648
AIT-2025-03-001,QCOM,0.0854845916627
AIT-2025-03-003,QCOM,0.0854845916627
AIT-2025-03-005,QCOM,0.104467559282
AIT-2025-03-007,QCOM,0.0854845916627
AIT-2025-04-001,QCOM,0.041983601732
AIT-2025-04-002,QCOM,-0.0249562867283
AIT-2025-04-004,QCOM,-0.0523828761376
AIT-2025-04-005,QCOM,-0.0206647618091
AIT-2025-04-006,QCOM,0.0383537452678
AIT-2025-04-007,QCOM,0.0860597948568
AIT-2025-04-008,QCOM,-0.0552320243881
AIT-2025-05-002,QCOM,-0.00199263739237
AIT-2025-05-003,QCOM,0.074885229383
AIT-2025-05-004,QCOM,0.00497862214139
AIT-2025-05-009,QCOM,0.0318676805719
AIT-2025-05-012,QCOM,0.00497862214139
AIT-2025-06-002,QCOM,-0.000986155833574
AIT-2025-06-003,QCOM,0.0130226724657
AIT-2025-07-001,QCOM,-0.0213539982059
AIT-2025-07-005,QCOM,-0.0966997211754
AIT-2025-07-006,QCOM,-0.100236828936
AIT-2025-07-007,QCOM,-0.0243848895947
AIT-2025-08-002,QCOM,0.000786537794317
AIT-2025-08-004,QCOM,0.000786537794317
AIT-2025-08-005,QCOM,0.0333623324775
AIT-2025-08-006,QCOM,0.082182618822
AIT-2025-08-007,QCOM,0.0855902808527
AIT-2025-09-001,QCOM,0.0092365557906
AIT-2025-09-004,QCOM,-0.0106583877627
AIT-2025-09-005,QCOM,0.0092365557906
AIT-2025-09-007,QCOM,-0.00255657026571
AIT-2025-09-008,QCOM,0.0219985924625
AIT-2025-09-009,QCOM,-0.00255657026571
AIT-2025-10-003,QCOM,-0.0118059719467
AIT-2025-11-001,QCOM,-0.00898338774147
AIT-2025-11-002,QCOM,0.025129174265
AIT-2025-11-003,QCOM,-0.0420831546979
AIT-2025-11-004,QCOM,0.00512720002869
AIT-2025-11-006,QCOM,0.026658150566
AIT-2025-11-007,QCOM,0.0224431434868
AIT-2025-11-008,QCOM,0.0386851830754
AIT-2025-12-001,QCOM,0.0253761875972
AIT-2025-12-002,QCOM,0.0187934761248
AIT-2025-12-003,QCOM,0.0917044747689
AIT-2025-12-004,QCOM,0.0253761875972
AIT-2025-12-005,QCOM,0.0217637140638
AIT-2025-12-006,QCOM,0.0917044747689
AIT-2025-12-007,QCOM,-0.0241814087158
AIT-2025-12-009,QCOM,-0.0241814087158
AIT-2026-01-003,QCOM,-0.180999402003
AIT-2026-01-004,QCOM,-0.202916249151
AIT-2026-02-001,QCOM,-0.0821788484199
AIT-2026-02-002,QCOM,-0.0821788484199
AIT-2026-02-005,QCOM,-0.0625710179672
AIT-2026-02-006,QCOM,0.0633211203983
AIT-2026-02-008,QCOM,-0.00774980817871
AIT-2026-03-002,QCOM,0.0550471763032
AIT-2026-03-003,QCOM,-0.00598753901293
AIT-2026-03-004,QCOM,-0.0320695368978
AIT-2022-04-002,ROP,0.0831999381666
AIT-2022-10-001,ROP,0.112288186504
AIT-2022-12-001,ROP,0.00898632219787
AIT-2023-03-002,ROP,0.0127983703298
AIT-2023-05-002,ROP,0.013075893324
AIT-2023-07-001,ROP,0.0242756122946
AIT-2023-07-002,ROP,0.0264227176093
AIT-2023-07-003,ROP,0.0183398632408
AIT-2023-10-001,ROP,0.0272348891132
AIT-2023-12-001,ROP,-0.0437199037636
AIT-2023-12-002,ROP,-0.0308420116608
AIT-2024-02-001,ROP,-0.0335065714761
AIT-2024-02-003,ROP,-0.0577325801578
AIT-2024-03-002,ROP,-0.0247872894563
AIT-2024-04-001,ROP,-0.0169445017196
AIT-2024-04-003,ROP,-0.0576415494783
AIT-2024-04-004,ROP,-0.0571823466698
AIT-2024-04-005,ROP,-0.0450292237134
AIT-2024-05-001,ROP,-0.0451568512754
AIT-2024-05-002,ROP,-0.0193545009695
AIT-2024-06-001,ROP,0.0134099471435
AIT-2024-06-003,ROP,-0.0193333760334
AIT-2024-06-004,ROP,-0.0193333760334
AIT-2024-06-005,ROP,0.00707270091754
AIT-2024-07-001,ROP,-0.0282444143617
AIT-2024-07-002,ROP,-0.0473932184251
AIT-2024-07-006,ROP,-0.0473932184251
AIT-2024-07-007,ROP,-0.0430513247031
AIT-2024-07-008,ROP,0.00848800328176
AIT-2024-08-001,ROP,-0.00200870731333
AIT-2024-08-002,ROP,-0.0231348078186
AIT-2024-08-003,ROP,-0.0200244018277
AIT-2024-08-004,ROP,-0.0200244018277
AIT-2024-08-006,ROP,0.0212945987159
AIT-2024-09-002,ROP,0.00563467734671
AIT-2024-09-003,ROP,-0.0187118634826
AIT-2024-09-006,ROP,-0.0282955829396
AIT-2024-09-007,ROP,-0.0274103009916
AIT-2024-09-008,ROP,-0.0164396245392
AIT-2024-09-010,ROP,-0.00981467463425
AIT-2024-10-001,ROP,-0.0159268251231
AIT-2024-10-010,ROP,0.0105199918454
AIT-2024-10-011,ROP,0.0105199918454
AIT-2024-10-013,ROP,0.00462090998782
AIT-2024-11-001,ROP,-0.0652041800397
AIT-2024-11-002,ROP,0.0217860423038
AIT-2024-11-005,ROP,-0.00422811522805
AIT-2024-11-007,ROP,0.0179046488539
AIT-2024-12-001,ROP,-0.0509959211018
AIT-2024-12-002,ROP,-0.0674457992879
AIT-2024-12-004,ROP,-0.040749479585
AIT-2024-12-005,ROP,-0.0697698813808
AIT-2024-12-006,ROP,-0.0754236186739
AIT-2024-12-008,ROP,-0.0511820840138
AIT-2024-12-009,ROP,-0.0582278494979
AIT-2024-12-013,ROP,-0.0630528007715
AIT-2025-01-002,ROP,0.107926575416
AIT-2025-01-003,ROP,0.107926575416
AIT-2025-01-005,ROP,0.105185583066
AIT-2025-01-006,ROP,0.107911895504
AIT-2025-01-007,ROP,0.128425856532
AIT-2025-02-001,ROP,0.103379793239
AIT-2025-02-002,ROP,0.0483775714531
AIT-2025-02-004,ROP,0.125284261283
AIT-2025-02-006,ROP,0.0636815157049
AIT-2025-02-007,ROP,0.0515315478693
AIT-2025-03-001,ROP,0.0154175149172
AIT-2025-03-003,ROP,0.0154175149172
AIT-2025-03-005,ROP,0.0816401568835
AIT-2025-03-007,ROP,0.0154175149172
AIT-2025-04-001,ROP,-0.0237201475838
AIT-2025-04-002,ROP,-0.0314100059671
AIT-2025-04-004,ROP,0.000671899896127
AIT-2025-04-005,ROP,-0.00998807757048
AIT-2025-04-006,ROP,-0.00592364157113
AIT-2025-04-007,ROP,0.00180987069583
AIT-2025-04-008,ROP,-0.0417351474431
AIT-2025-05-002,ROP,-0.0175811197
AIT-2025-05-003,ROP,-0.0345230431918
AIT-2025-05-004,ROP,-0.0357831927221
AIT-2025-05-009,ROP,-0.0631563540154
AIT-2025-05-012,ROP,-0.0357831927221
AIT-2025-06-002,ROP,-0.0439510597357
AIT-2025-06-003,ROP,-0.0424884244344
AIT-2025-07-001,ROP,-0.0374538818524
AIT-2025-07-005,ROP,-0.0708586534573
AIT-2025-07-006,ROP,-0.0427221100748
AIT-2025-07-007,ROP,-0.0807848839208
AIT-2025-08-002,ROP,-0.0394320299777
AIT-2025-08-004,ROP,-0.0394320299777
AIT-2025-08-005,ROP,-0.0414832912231
AIT-2025-08-006,ROP,-0.0770471593726
AIT-2025-08-007,ROP,-0.0850820134526
AIT-2025-09-001,ROP,-0.0171779576066
AIT-2025-09-004,ROP,-0.0144593413113
AIT-2025-09-005,ROP,-0.0171779576066
AIT-2025-09-007,ROP,-0.0325470495417
AIT-2025-09-008,ROP,-0.0253294305596
AIT-2025-09-009,ROP,-0.0325470495417
AIT-2025-10-003,ROP,-0.108600810328
AIT-2025-11-001,ROP,-0.113682392395
AIT-2025-11-002,ROP,-0.106220915547
AIT-2025-11-003,ROP,0.0126216119484
AIT-2025-11-004,ROP,0.0187942533101
AIT-2025-11-006,ROP,0.0473493605947
AIT-2025-11-007,ROP,0.0408597128443
AIT-2025-11-008,ROP,0.032489459568
AIT-2025-12-001,ROP,0.0398882740867
AIT-2025-12-002,ROP,0.011739183033
AIT-2025-12-003,ROP,0.0165415724188
AIT-2025-12-004,ROP,0.0398882740867
AIT-2025-12-005,ROP,0.0306514553652
AIT-2025-12-006,ROP,0.0165415724188
AIT-2025-12-007,ROP,0.00697174033901
AIT-2025-12-009,ROP,0.00697174033901
AIT-2026-01-003,ROP,-0.243535692093
AIT-2026-01-004,ROP,-0.217380482353
AIT-2026-02-001,ROP,-0.103769399365
AIT-2026-02-002,ROP,-0.103769399365
AIT-2026-02-005,ROP,-0.0238015322264
AIT-2026-02-006,ROP,0.246588050432
AIT-2026-02-008,ROP,0.0878154522303
AIT-2026-03-002,ROP,0.166361319027
AIT-2026-03-003,ROP,0.178210893908
AIT-2026-03-004,ROP,0.0563845433011
AIT-2025-08-007,SNDK,0.67109031517
AIT-2025-09-001,SNDK,0.74663812915
AIT-2025-09-004,SNDK,0.823976766836
AIT-2025-09-005,SNDK,0.74663812915
AIT-2025-09-007,SNDK,0.521396664884
AIT-2025-09-008,SNDK,0.55533638138
AIT-2025-09-009,SNDK,0.521396664884
AIT-2025-10-003,SNDK,0.495771111963
AIT-2025-11-001,SNDK,0.204615820889
AIT-2025-11-002,SNDK,0.081109246732
AIT-2025-11-003,SNDK,0.0733261902128
AIT-2025-11-004,SNDK,0.0557748740621
AIT-2025-11-006,SNDK,-0.0183595010447
AIT-2025-11-007,SNDK,-0.221738476418
AIT-2025-11-008,SNDK,-0.155953536856
AIT-2025-12-001,SNDK,-0.350563461169
AIT-2025-12-002,SNDK,-0.119620561687
AIT-2025-12-003,SNDK,0.236758078684
AIT-2025-12-004,SNDK,-0.350563461169
AIT-2025-12-005,SNDK,-0.262567458287
AIT-2025-12-006,SNDK,0.236758078684
AIT-2025-12-007,SNDK,0.426972380825
AIT-2025-12-009,SNDK,0.426972380825
AIT-2026-01-003,SNDK,0.589052577005
AIT-2026-01-004,SNDK,0.355361598093
AIT-2026-02-001,SNDK,0.250173855781
AIT-2026-02-002,SNDK,0.250173855781
AIT-2026-02-005,SNDK,-0.0850332476916
AIT-2026-02-006,SNDK,-0.116827365334
AIT-2026-02-008,SNDK,0.0835684692213
AIT-2026-03-002,SNDK,-0.0363424375051
AIT-2026-03-003,SNDK,-0.144758993586
AIT-2026-03-004,SNDK,0.00245119018698
AIT-2022-04-002,STX,-0.054266593475
AIT-2022-10-001,STX,-0.0476747240229
AIT-2022-12-001,STX,0.0733829890021
AIT-2023-03-002,STX,-0.0252810841909
AIT-2023-05-002,STX,-0.0043986192655
AIT-2023-07-001,STX,0.0956921364924
AIT-2023-07-002,STX,-0.0388570872315
AIT-2023-07-003,STX,0.0876450761569
AIT-2023-10-001,STX,0.0435643874954
AIT-2023-12-001,STX,-0.0226408101089
AIT-2023-12-002,STX,0.0719427079836
AIT-2024-02-001,STX,-0.0780647438465
AIT-2024-02-003,STX,-0.0662525589342
AIT-2024-03-002,STX,-0.069733503196
AIT-2024-04-001,STX,-0.0391951280922
AIT-2024-04-003,STX,-0.0893955971123
AIT-2024-04-004,STX,-0.0768374386067
AIT-2024-04-005,STX,-0.00992453621523
AIT-2024-05-001,STX,-0.0363066521538
AIT-2024-05-002,STX,-0.0232985154274
AIT-2024-06-001,STX,0.00970343630109
AIT-2024-06-003,STX,0.0224641759784
AIT-2024-06-004,STX,0.0224641759784
AIT-2024-06-005,STX,0.0411617596761
AIT-2024-07-001,STX,-0.068974469235
AIT-2024-07-002,STX,-0.056540754234
AIT-2024-07-006,STX,-0.056540754234
AIT-2024-07-007,STX,-0.0517854745099
AIT-2024-07-008,STX,-0.0366864244582
AIT-2024-08-001,STX,-0.0383613936211
AIT-2024-08-002,STX,-0.0442664350119
AIT-2024-08-003,STX,-0.0996250438181
AIT-2024-08-004,STX,-0.0996250438181
AIT-2024-08-006,STX,-0.0196697242289
AIT-2024-09-002,STX,0.0210179792484
AIT-2024-09-003,STX,0.0539480521209
AIT-2024-09-006,STX,0.0313781274235
AIT-2024-09-007,STX,0.0560487649647
AIT-2024-09-008,STX,0.0567605473088
AIT-2024-09-010,STX,0.0018696287774
AIT-2024-10-001,STX,0.0350188359659
AIT-2024-10-010,STX,-0.128094883369
AIT-2024-10-011,STX,-0.128094883369
AIT-2024-10-013,STX,-0.14911361153
AIT-2024-11-001,STX,-0.140628674854
AIT-2024-11-002,STX,-0.159286286439
AIT-2024-11-005,STX,-0.0689624108316
AIT-2024-11-007,STX,-0.138683526195
AIT-2024-12-001,STX,-0.11663291046
AIT-2024-12-002,STX,-0.10041487595
AIT-2024-12-004,STX,-0.101663964318
AIT-2024-12-005,STX,-0.0463634835042
AIT-2024-12-006,STX,-0.0726340753441
AIT-2024-12-008,STX,-0.0832974929459
AIT-2024-12-009,STX,-0.102270826399
AIT-2024-12-013,STX,0.0425212097685
AIT-2025-01-002,STX,0.123646977259
AIT-2025-01-003,STX,0.123646977259
AIT-2025-01-005,STX,0.134994807013
AIT-2025-01-006,STX,0.128554802146
AIT-2025-01-007,STX,0.119860808052
AIT-2025-02-001,STX,-0.013228308064
AIT-2025-02-002,STX,0.0131795933033
AIT-2025-02-004,STX,0.0760379789212
AIT-2025-02-006,STX,0.0426571748157
AIT-2025-02-007,STX,0.0365885830182
AIT-2025-03-001,STX,-0.135444338367
AIT-2025-03-003,STX,-0.135444338367
AIT-2025-03-005,STX,-0.0240834619808
AIT-2025-03-007,STX,-0.135444338367
AIT-2025-04-001,STX,-0.0112645546505
AIT-2025-04-002,STX,0.154766444111
AIT-2025-04-004,STX,0.128076927656
AIT-2025-04-005,STX,0.15704458915
AIT-2025-04-006,STX,0.0293251359651
AIT-2025-04-007,STX,-0.00584159291336
AIT-2025-04-008,STX,0.303622059085
AIT-2025-05-002,STX,0.317299477987
AIT-2025-05-003,STX,0.241349789613
AIT-2025-05-004,STX,0.359908142409
AIT-2025-05-009,STX,0.247996732406
AIT-2025-05-012,STX,0.359908142409
AIT-2025-06-002,STX,0.233739582418
AIT-2025-06-003,STX,0.226674968667
AIT-2025-07-001,STX,0.0525625601501
AIT-2025-07-005,STX,-0.0178286496899
AIT-2025-07-006,STX,0.0719530822153
AIT-2025-07-007,STX,-0.0422487650102
AIT-2025-08-002,STX,0.0197248266106
AIT-2025-08-004,STX,0.0197248266106
AIT-2025-08-005,STX,0.0588908754624
AIT-2025-08-006,STX,0.128781777987
AIT-2025-08-007,STX,0.222504282487
AIT-2025-09-001,STX,0.0646366369436
AIT-2025-09-004,STX,0.133823395507
AIT-2025-09-005,STX,0.0646366369436
AIT-2025-09-007,STX,0.0599038897054
AIT-2025-09-008,STX,-0.0212266351184
AIT-2025-09-009,STX,0.0599038897054
AIT-2025-10-003,STX,-0.0165225060951
AIT-2025-11-001,STX,0.0814475464816
AIT-2025-11-002,STX,0.091083322424
AIT-2025-11-003,STX,0.120900139438
AIT-2025-11-004,STX,0.141107204064
AIT-2025-11-006,STX,-0.0107806360845
AIT-2025-11-007,STX,-0.0538020396849
AIT-2025-11-008,STX,-0.00335153277651
AIT-2025-12-001,STX,-0.166961164714
AIT-2025-12-002,STX,-0.0592856632712
AIT-2025-12-003,STX,-0.0544939772654
AIT-2025-12-004,STX,-0.166961164714
AIT-2025-12-005,STX,-0.0857170796708
AIT-2025-12-006,STX,-0.0544939772654
AIT-2025-12-007,STX,0.00940115567669
AIT-2025-12-009,STX,0.00940115567669
AIT-2026-01-003,STX,0.245128507885
AIT-2026-01-004,STX,0.124988063914
AIT-2026-02-001,STX,0.134324769724
AIT-2026-02-002,STX,0.134324769724
AIT-2026-02-005,STX,-0.0507287644989
AIT-2026-02-006,STX,-0.156663712615
AIT-2026-02-008,STX,-0.107427561914
AIT-2026-03-002,STX,-0.0564676281109
AIT-2026-03-003,STX,0.0352335624601
AIT-2026-03-004,STX,0.177849656649
AIT-2022-04-002,SHOP,-0.126836582799
AIT-2022-10-001,SHOP,0.169409332305
AIT-2022-12-001,SHOP,-0.0434991070885
AIT-2023-03-002,SHOP,0.0102509973413
AIT-2023-05-002,SHOP,0.121789991722
AIT-2023-07-001,SHOP,-0.219428148214
AIT-2023-07-002,SHOP,-0.12598496072
AIT-2023-07-003,SHOP,-0.258508022966
AIT-2023-10-001,SHOP,0.108411758299
AIT-2023-12-001,SHOP,-0.0589768064811
AIT-2023-12-002,SHOP,-0.0106548325173
AIT-2024-02-001,SHOP,-0.15724464748
AIT-2024-02-003,SHOP,-0.211935993064
AIT-2024-03-002,SHOP,-0.218595110891
AIT-2024-04-001,SHOP,0.0606517175224
AIT-2024-04-003,SHOP,0.0279456298718
AIT-2024-04-004,SHOP,-0.132412006617
AIT-2024-04-005,SHOP,-0.236622225012
AIT-2024-05-001,SHOP,-0.265911290909
AIT-2024-05-002,SHOP,-0.270037436169
AIT-2024-06-001,SHOP,0.114536823488
AIT-2024-06-003,SHOP,0.0715154490872
AIT-2024-06-004,SHOP,0.0715154490872
AIT-2024-06-005,SHOP,0.0300676845584
AIT-2024-07-001,SHOP,0.177162225314
AIT-2024-07-002,SHOP,0.190388929725
AIT-2024-07-006,SHOP,0.190388929725
AIT-2024-07-007,SHOP,0.171171600072
AIT-2024-07-008,SHOP,0.199631901202
AIT-2024-08-001,SHOP,0.217502588155
AIT-2024-08-002,SHOP,0.171530517894
AIT-2024-08-003,SHOP,0.221570568738
AIT-2024-08-004,SHOP,0.221570568738
AIT-2024-08-006,SHOP,0.22292587412
AIT-2024-09-002,SHOP,0.0531462125613
AIT-2024-09-003,SHOP,0.12552897045
AIT-2024-09-006,SHOP,0.105782775524
AIT-2024-09-007,SHOP,0.1052005691
AIT-2024-09-008,SHOP,0.11437184324
AIT-2024-09-010,SHOP,0.104126620779
AIT-2024-10-001,SHOP,0.071153354831
AIT-2024-10-010,SHOP,0.0713853750737
AIT-2024-10-011,SHOP,0.0713853750737
AIT-2024-10-013,SHOP,0.253631083854
AIT-2024-11-001,SHOP,0.260823233114
AIT-2024-11-002,SHOP,0.317622368072
AIT-2024-11-005,SHOP,0.344436083386
AIT-2024-11-007,SHOP,0.274611456575
AIT-2024-12-001,SHOP,0.219269629749
AIT-2024-12-002,SHOP,-0.0653528327393
AIT-2024-12-004,SHOP,0.024805204004
AIT-2024-12-005,SHOP,-0.0729809952338
AIT-2024-12-006,SHOP,-0.00561222443435
AIT-2024-12-008,SHOP,0.0228789535242
AIT-2024-12-009,SHOP,-0.0274513309923
AIT-2024-12-013,SHOP,-0.0894413606326
AIT-2025-01-002,SHOP,0.0589236116123
AIT-2025-01-003,SHOP,0.0589236116123
AIT-2025-01-005,SHOP,0.0771044464195
AIT-2025-01-006,SHOP,0.0888167038632
AIT-2025-01-007,SHOP,0.0195455039599
AIT-2025-02-001,SHOP,-0.0936244792264
AIT-2025-02-002,SHOP,-0.0954348460309
AIT-2025-02-004,SHOP,0.0573983155414
AIT-2025-02-006,SHOP,-0.121183948034
AIT-2025-02-007,SHOP,-0.109457181636
AIT-2025-03-001,SHOP,-0.0908785834783
AIT-2025-03-003,SHOP,-0.0908785834783
AIT-2025-03-005,SHOP,-0.0985044968834
AIT-2025-03-007,SHOP,-0.0908785834783
AIT-2025-04-001,SHOP,0.0387124472032
AIT-2025-04-002,SHOP,-0.117281957749
AIT-2025-04-004,SHOP,-0.103740857247
AIT-2025-04-005,SHOP,-0.105184351793
AIT-2025-04-006,SHOP,0.0252811748367
AIT-2025-04-007,SHOP,0.0269381468031
AIT-2025-04-008,SHOP,-0.062794003412
AIT-2025-05-002,SHOP,-0.0636501984054
AIT-2025-05-003,SHOP,-0.102459154896
AIT-2025-05-004,SHOP,-0.124087642371
AIT-2025-05-009,SHOP,-0.0473298330755
AIT-2025-05-012,SHOP,-0.124087642371
AIT-2025-06-002,SHOP,-0.0415500131145
AIT-2025-06-003,SHOP,-0.0915347710832
AIT-2025-07-001,SHOP,-0.0178947660677
AIT-2025-07-005,SHOP,0.186732494529
AIT-2025-07-006,SHOP,-0.0222506631225
AIT-2025-07-007,SHOP,0.114808426396
AIT-2025-08-002,SHOP,0.106227708057
AIT-2025-08-004,SHOP,0.106227708057
AIT-2025-08-005,SHOP,0.0166328684224
AIT-2025-08-006,SHOP,0.023746857795
AIT-2025-08-007,SHOP,-0.0105333783447
AIT-2025-09-001,SHOP,0.00371618486586
AIT-2025-09-004,SHOP,0.000966001649882
AIT-2025-09-005,SHOP,0.00371618486586
AIT-2025-09-007,SHOP,0.012982165626
AIT-2025-09-008,SHOP,0.0533213066155
AIT-2025-09-009,SHOP,0.012982165626
AIT-2025-10-003,SHOP,0.019968714936
AIT-2025-11-001,SHOP,-0.0777888511342
AIT-2025-11-002,SHOP,-0.0978602226837
AIT-2025-11-003,SHOP,-0.113651768545
AIT-2025-11-004,SHOP,-0.118836741054
AIT-2025-11-006,SHOP,-0.0904489899769
AIT-2025-11-007,SHOP,-0.0746680976543
AIT-2025-11-008,SHOP,-0.00429494849276
AIT-2025-12-001,SHOP,0.056839769618
AIT-2025-12-002,SHOP,-0.0161853066502
AIT-2025-12-003,SHOP,0.00110073333129
AIT-2025-12-004,SHOP,0.056839769618
AIT-2025-12-005,SHOP,0.0723173207037
AIT-2025-12-006,SHOP,0.00110073333129
AIT-2025-12-007,SHOP,0.0495501444956
AIT-2025-12-009,SHOP,0.0495501444956
AIT-2026-01-003,SHOP,-0.360203483653
AIT-2026-01-004,SHOP,-0.29634065639
AIT-2026-02-001,SHOP,-0.168393264278
AIT-2026-02-002,SHOP,-0.168393264278
AIT-2026-02-005,SHOP,0.00220913618857
AIT-2026-02-006,SHOP,0.243131396786
AIT-2026-02-008,SHOP,0.238432910449
AIT-2026-03-002,SHOP,0.188925958506
AIT-2026-03-003,SHOP,0.146942664284
AIT-2026-03-004,SHOP,-0.122082045023
AIT-2022-04-002,MSTR,0.0451561680414
AIT-2022-10-001,MSTR,-0.301093437079
AIT-2022-12-001,MSTR,0.000891725240238
AIT-2023-03-002,MSTR,-0.0368173036049
AIT-2023-05-002,MSTR,-0.068677497724
AIT-2023-07-001,MSTR,-0.051201153164
AIT-2023-07-002,MSTR,0.261104709668
AIT-2023-07-003,MSTR,0.0701082478505
AIT-2023-10-001,MSTR,0.223271415988
AIT-2023-12-001,MSTR,-0.1391108278
AIT-2023-12-002,MSTR,0.153718523626
AIT-2024-02-001,MSTR,1.25244403342
AIT-2024-02-003,MSTR,1.04263136292
AIT-2024-03-002,MSTR,0.8206424124
AIT-2024-04-001,MSTR,-0.305046300171
AIT-2024-04-003,MSTR,-0.558513383622
AIT-2024-04-004,MSTR,-0.589007191856
AIT-2024-04-005,MSTR,-0.394429853053
AIT-2024-05-001,MSTR,-0.00428600405153
AIT-2024-05-002,MSTR,0.00724799039181
AIT-2024-06-001,MSTR,-0.531567287306
AIT-2024-06-003,MSTR,-0.556625449225
AIT-2024-06-004,MSTR,-0.556625449225
AIT-2024-06-005,MSTR,-0.511779543209
AIT-2024-07-001,MSTR,-0.168953023746
AIT-2024-07-002,MSTR,-0.118539033026
AIT-2024-07-006,MSTR,-0.118539033026
AIT-2024-07-007,MSTR,-0.0762517814355
AIT-2024-07-008,MSTR,-0.137179320863
AIT-2024-08-001,MSTR,-0.143245650843
AIT-2024-08-002,MSTR,-0.303063650942
AIT-2024-08-003,MSTR,-0.47833978013
AIT-2024-08-004,MSTR,-0.47833978013
AIT-2024-08-006,MSTR,-0.334569241632
AIT-2024-09-002,MSTR,0.0166553665442
AIT-2024-09-003,MSTR,0.169101238676
AIT-2024-09-006,MSTR,0.226565621419
AIT-2024-09-007,MSTR,0.271646380838
AIT-2024-09-008,MSTR,0.173886373513
AIT-2024-09-010,MSTR,0.112624160556
AIT-2024-10-001,MSTR,0.314360950552
AIT-2024-10-010,MSTR,0.527653845369
AIT-2024-10-011,MSTR,0.527653845369
AIT-2024-10-013,MSTR,0.66478634327
AIT-2024-11-001,MSTR,0.142296698407
AIT-2024-11-002,MSTR,0.29708416049
AIT-2024-11-005,MSTR,0.113888252747
AIT-2024-11-007,MSTR,0.587060188669
AIT-2024-12-001,MSTR,-0.147210362923
AIT-2024-12-002,MSTR,-0.162565775746
AIT-2024-12-004,MSTR,-0.491282286396
AIT-2024-12-005,MSTR,-0.204415280338
AIT-2024-12-006,MSTR,-0.294317541627
AIT-2024-12-008,MSTR,-0.466666080781
AIT-2024-12-009,MSTR,-0.201858022374
AIT-2024-12-013,MSTR,-0.0379646223666
AIT-2025-01-002,MSTR,-0.0905213306633
AIT-2025-01-003,MSTR,-0.0905213306633
AIT-2025-01-005,MSTR,-0.108096749248
AIT-2025-01-006,MSTR,-0.229344879753
AIT-2025-01-007,MSTR,-0.254096661876
AIT-2025-02-001,MSTR,-0.0516513640346
AIT-2025-02-002,MSTR,0.052389335679
AIT-2025-02-004,MSTR,-0.441661554499
AIT-2025-02-006,MSTR,-0.0356956573086
AIT-2025-02-007,MSTR,0.0537979075554
AIT-2025-03-001,MSTR,0.323139366142
AIT-2025-03-003,MSTR,0.323139366142
AIT-2025-03-005,MSTR,0.157311054953
AIT-2025-03-007,MSTR,0.323139366142
AIT-2025-04-001,MSTR,0.209139506571
AIT-2025-04-002,MSTR,0.131844502946
AIT-2025-04-004,MSTR,0.0921920178913
AIT-2025-04-005,MSTR,0.106141032385
AIT-2025-04-006,MSTR,0.211085657311
AIT-2025-04-007,MSTR,0.475596795287
AIT-2025-04-008,MSTR,-0.153733453246
AIT-2025-05-002,MSTR,-0.0297849245723
AIT-2025-05-003,MSTR,-0.369453487906
AIT-2025-05-004,MSTR,-0.348709588081
AIT-2025-05-009,MSTR,-0.361357997455
AIT-2025-05-012,MSTR,-0.348709588081
AIT-2025-06-002,MSTR,-0.344027650462
AIT-2025-06-003,MSTR,-0.378011500616
AIT-2025-07-001,MSTR,-0.257082187151
AIT-2025-07-005,MSTR,-0.170810051984
AIT-2025-07-006,MSTR,-0.205209148767
AIT-2025-07-007,MSTR,-0.295834932143
AIT-2025-08-002,MSTR,-0.439848854278
AIT-2025-08-004,MSTR,-0.439848854278
AIT-2025-08-005,MSTR,-0.453486915484
AIT-2025-08-006,MSTR,-0.359835606084
AIT-2025-08-007,MSTR,-0.30691806425
AIT-2025-09-001,MSTR,-0.131103688161
AIT-2025-09-004,MSTR,-0.130295798938
AIT-2025-09-005,MSTR,-0.131103688161
AIT-2025-09-007,MSTR,-0.146184983647
AIT-2025-09-008,MSTR,-0.142221583585
AIT-2025-09-009,MSTR,-0.146184983647
AIT-2025-10-003,MSTR,-0.26574357509
AIT-2025-11-001,MSTR,-0.450913430897
AIT-2025-11-002,MSTR,-0.369743935391
AIT-2025-11-003,MSTR,-0.393482575221
AIT-2025-11-004,MSTR,-0.317764442041
AIT-2025-11-006,MSTR,-0.270369068866
AIT-2025-11-007,MSTR,-0.401571719571
AIT-2025-11-008,MSTR,-0.309714120605
AIT-2025-12-001,MSTR,-0.285394469817
AIT-2025-12-002,MSTR,-0.15131859125
AIT-2025-12-003,MSTR,0.00853200686686
AIT-2025-12-004,MSTR,-0.285394469817
AIT-2025-12-005,MSTR,-0.316743419906
AIT-2025-12-006,MSTR,0.00853200686686
AIT-2025-12-007,MSTR,0.0958674309337
AIT-2025-12-009,MSTR,0.0958674309337
AIT-2026-01-003,MSTR,-0.00543646761131
AIT-2026-01-004,MSTR,-0.000676203710437
AIT-2026-02-001,MSTR,-0.059325871857
AIT-2026-02-002,MSTR,-0.059325871857
AIT-2026-02-005,MSTR,0.140194165577
AIT-2026-02-006,MSTR,0.39965868807
AIT-2026-02-008,MSTR,0.478534339562
AIT-2026-03-002,MSTR,0.480635951493
AIT-2026-03-003,MSTR,0.356110962435
AIT-2026-03-004,MSTR,0.161499481731
AIT-2022-04-002,SNPS,0.0133932458597
AIT-2022-10-001,SNPS,-0.136141824258
AIT-2022-12-001,SNPS,-0.0275173163786
AIT-2023-03-002,SNPS,0.029544330804
AIT-2023-05-002,SNPS,0.175072816229
AIT-2023-07-001,SNPS,-0.00619001343825
AIT-2023-07-002,SNPS,-0.0474715465773
AIT-2023-07-003,SNPS,-0.00870939567861
AIT-2023-10-001,SNPS,0.0337157104877
AIT-2023-12-001,SNPS,-0.196923484933
AIT-2023-12-002,SNPS,-0.158226277702
AIT-2024-02-001,SNPS,-0.05276332231
AIT-2024-02-003,SNPS,-0.00865195863827
AIT-2024-03-002,SNPS,-0.0414398356387
AIT-2024-04-001,SNPS,-0.0558028845689
AIT-2024-04-003,SNPS,-0.0601138784324
AIT-2024-04-004,SNPS,-0.0293598677321
AIT-2024-04-005,SNPS,-0.033287048977
AIT-2024-05-001,SNPS,-0.00146796547179
AIT-2024-05-002,SNPS,-0.00541812393582
AIT-2024-06-001,SNPS,-0.000139224023205
AIT-2024-06-003,SNPS,-0.0385565767512
AIT-2024-06-004,SNPS,-0.0385565767512
AIT-2024-06-005,SNPS,-0.0342847446799
AIT-2024-07-001,SNPS,-0.087361613335
AIT-2024-07-002,SNPS,-0.0751026565998
AIT-2024-07-006,SNPS,-0.0751026565998
AIT-2024-07-007,SNPS,-0.0858241508185
AIT-2024-07-008,SNPS,-0.0571441543622
AIT-2024-08-001,SNPS,-0.0338629927266
AIT-2024-08-002,SNPS,-0.0936625662073
AIT-2024-08-003,SNPS,-0.139991325805
AIT-2024-08-004,SNPS,-0.139991325805
AIT-2024-08-006,SNPS,-0.087334242692
AIT-2024-09-002,SNPS,-0.0905822106728
AIT-2024-09-003,SNPS,0.0436068257961
AIT-2024-09-006,SNPS,0.0500474632767
AIT-2024-09-007,SNPS,0.0820848080662
AIT-2024-09-008,SNPS,0.0287596655084
AIT-2024-09-010,SNPS,-0.0173293546944
AIT-2024-10-001,SNPS,0.00911285649906
AIT-2024-10-010,SNPS,0.0744518302186
AIT-2024-10-011,SNPS,0.0744518302186
AIT-2024-10-013,SNPS,0.0239948235889
AIT-2024-11-001,SNPS,-0.0468068652676
AIT-2024-11-002,SNPS,0.124704315351
AIT-2024-11-005,SNPS,0.00862733494521
AIT-2024-11-007,SNPS,0.0644647006346
AIT-2024-12-001,SNPS,-0.0431178759642
AIT-2024-12-002,SNPS,-0.0699794337968
AIT-2024-12-004,SNPS,-0.0213852442466
AIT-2024-12-005,SNPS,-0.000379704945829
AIT-2024-12-006,SNPS,-0.0621630859139
AIT-2024-12-008,SNPS,-0.0363868335446
AIT-2024-12-009,SNPS,-0.0572144552386
AIT-2024-12-013,SNPS,-0.0036799776062
AIT-2025-01-002,SNPS,0.121031365303
AIT-2025-01-003,SNPS,0.121031365303
AIT-2025-01-005,SNPS,0.0573907409168
AIT-2025-01-006,SNPS,0.0549496844713
AIT-2025-01-007,SNPS,-0.0271309016808
AIT-2025-02-001,SNPS,0.0377753150994
AIT-2025-02-002,SNPS,0.0357181018145
AIT-2025-02-004,SNPS,-0.0225270678013
AIT-2025-02-006,SNPS,0.0486118204727
AIT-2025-02-007,SNPS,0.0316668372444
AIT-2025-03-001,SNPS,0.126100278378
AIT-2025-03-003,SNPS,0.126100278378
AIT-2025-03-005,SNPS,0.064299739773
AIT-2025-03-007,SNPS,0.126100278378
AIT-2025-04-001,SNPS,0.0774380959063
AIT-2025-04-002,SNPS,0.137902281898
AIT-2025-04-004,SNPS,0.122744163384
AIT-2025-04-005,SNPS,0.137615663375
AIT-2025-04-006,SNPS,0.0787718230891
AIT-2025-04-007,SNPS,0.144271142287
AIT-2025-04-008,SNPS,0.102385464334
AIT-2025-05-002,SNPS,0.111097298412
AIT-2025-05-003,SNPS,-0.0116334057041
AIT-2025-05-004,SNPS,0.00301937537484
AIT-2025-05-009,SNPS,-0.066009795765
AIT-2025-05-012,SNPS,0.00301937537484
AIT-2025-06-002,SNPS,-0.0869546863204
AIT-2025-06-003,SNPS,-0.0168685508965
AIT-2025-07-001,SNPS,0.234341187872
AIT-2025-07-005,SNPS,0.17267429656
AIT-2025-07-006,SNPS,0.236318946911
AIT-2025-07-007,SNPS,0.0943796788282
AIT-2025-08-002,SNPS,0.00801658200073
AIT-2025-08-004,SNPS,0.00801658200073
AIT-2025-08-005,SNPS,-0.0284097944766
AIT-2025-08-006,SNPS,-0.337178756449
AIT-2025-08-007,SNPS,-0.366550951021
AIT-2025-09-001,SNPS,-0.215259037429
AIT-2025-09-004,SNPS,-0.216868646259
AIT-2025-09-005,SNPS,-0.215259037429
AIT-2025-09-007,SNPS,-0.202082156731
AIT-2025-09-008,SNPS,-0.190173093994
AIT-2025-09-009,SNPS,-0.202082156731
AIT-2025-10-003,SNPS,-0.131028774431
AIT-2025-11-001,SNPS,-0.0803942099714
AIT-2025-11-002,SNPS,0.0271166840788
AIT-2025-11-003,SNPS,0.0381215537659
AIT-2025-11-004,SNPS,0.0653080916321
AIT-2025-11-006,SNPS,0.105421652489
AIT-2025-11-007,SNPS,0.0798552299623
AIT-2025-11-008,SNPS,0.15274082797
AIT-2025-12-001,SNPS,0.224738624426
AIT-2025-12-002,SNPS,0.206631151716
AIT-2025-12-003,SNPS,0.232013934529
AIT-2025-12-004,SNPS,0.224738624426
AIT-2025-12-005,SNPS,0.188323756815
AIT-2025-12-006,SNPS,0.232013934529
AIT-2025-12-007,SNPS,0.141122461498
AIT-2025-12-009,SNPS,0.141122461498
AIT-2026-01-003,SNPS,-0.133094307034
AIT-2026-01-004,SNPS,-0.110602873427
AIT-2026-02-001,SNPS,-0.142404505043
AIT-2026-02-002,SNPS,-0.142404505043
AIT-2026-02-005,SNPS,-0.153194608097
AIT-2026-02-006,SNPS,0.104965748179
AIT-2026-02-008,SNPS,0.149971221589
AIT-2026-03-002,SNPS,0.081056242219
AIT-2026-03-003,SNPS,0.0702151616267
AIT-2026-03-004,SNPS,-0.0252720811713
AIT-2022-04-002,TXN,0.0171404572795
AIT-2022-10-001,TXN,-0.00257120279718
AIT-2022-12-001,TXN,-0.0645137790057
AIT-2023-03-002,TXN,0.0345657342914
AIT-2023-05-002,TXN,-0.0218458451463
AIT-2023-07-001,TXN,-0.0204833781009
AIT-2023-07-002,TXN,-0.00102052334213
AIT-2023-07-003,TXN,-0.0237168749084
AIT-2023-10-001,TXN,-0.0823230321853
AIT-2023-12-001,TXN,0.0516480474838
AIT-2023-12-002,TXN,0.0920132012277
AIT-2024-02-001,TXN,0.0269003870307
AIT-2024-02-003,TXN,0.0142865931829
AIT-2024-03-002,TXN,0.0458517367567
AIT-2024-04-001,TXN,0.00594396010919
AIT-2024-04-003,TXN,0.132882687651
AIT-2024-04-004,TXN,0.121184077372
AIT-2024-04-005,TXN,0.13452366685
AIT-2024-05-001,TXN,0.129162463853
AIT-2024-05-002,TXN,0.129034563697
AIT-2024-06-001,TXN,-0.0443876206107
AIT-2024-06-003,TXN,-0.0510372360416
AIT-2024-06-004,TXN,-0.0510372360416
AIT-2024-06-005,TXN,-0.0405303474254
AIT-2024-07-001,TXN,0.0322667337565
AIT-2024-07-002,TXN,0.0347467697044
AIT-2024-07-006,TXN,0.0347467697044
AIT-2024-07-007,TXN,0.0310998128241
AIT-2024-07-008,TXN,0.0127535949793
AIT-2024-08-001,TXN,0.0449662681119
AIT-2024-08-002,TXN,0.0271081391559
AIT-2024-08-003,TXN,0.0274079705786
AIT-2024-08-004,TXN,0.0274079705786
AIT-2024-08-006,TXN,-0.0256537690108
AIT-2024-09-002,TXN,-0.0514734768647
AIT-2024-09-003,TXN,-0.0684535141951
AIT-2024-09-006,TXN,-0.095176513424
AIT-2024-09-007,TXN,-0.0521270170366
AIT-2024-09-008,TXN,-0.0746046506084
AIT-2024-09-010,TXN,-0.0620671122771
AIT-2024-10-001,TXN,-0.113821234747
AIT-2024-10-010,TXN,0.0134298560808
AIT-2024-10-011,TXN,0.0134298560808
AIT-2024-10-013,TXN,-0.0297629116603
AIT-2024-11-001,TXN,-0.143312603661
AIT-2024-11-002,TXN,-0.0211465492964
AIT-2024-11-005,TXN,-0.116326477157
AIT-2024-11-007,TXN,-0.053277503165
AIT-2024-12-001,TXN,-0.124311025385
AIT-2024-12-002,TXN,-0.0822411310815
AIT-2024-12-004,TXN,-0.0616327929915
AIT-2024-12-005,TXN,0.0119580590509
AIT-2024-12-006,TXN,-0.0107858256174
AIT-2024-12-008,TXN,-0.0437508551317
AIT-2024-12-009,TXN,-0.0771744123788
AIT-2024-12-013,TXN,0.0186046904799
AIT-2025-01-002,TXN,-0.0494852585209
AIT-2025-01-003,TXN,-0.0494852585209
AIT-2025-01-005,TXN,-0.0626666126239
AIT-2025-01-006,TXN,-0.0480011473108
AIT-2025-01-007,TXN,0.0443122358589
AIT-2025-02-001,TXN,0.135386983452
AIT-2025-02-002,TXN,0.0764403367834
AIT-2025-02-004,TXN,0.0204802334524
AIT-2025-02-006,TXN,0.123627648026
AIT-2025-02-007,TXN,0.12346020254
AIT-2025-03-001,TXN,-0.145501833486
AIT-2025-03-003,TXN,-0.145501833486
AIT-2025-03-005,TXN,0.129841461914
AIT-2025-03-007,TXN,-0.145501833486
AIT-2025-04-001,TXN,-0.0396120430834
AIT-2025-04-002,TXN,-0.0436342113356
AIT-2025-04-004,TXN,-0.0717307113431
AIT-2025-04-005,TXN,-0.0593302324783
AIT-2025-04-006,TXN,-0.0308420418864
AIT-2025-04-007,TXN,-0.103440493006
AIT-2025-04-008,TXN,0.0288376416442
AIT-2025-05-002,TXN,0.0527256972555
AIT-2025-05-003,TXN,0.154558285798
AIT-2025-05-004,TXN,0.159279926817
AIT-2025-05-009,TXN,0.131106169005
AIT-2025-05-012,TXN,0.159279926817
AIT-2025-06-002,TXN,0.0558532615735
AIT-2025-06-003,TXN,0.0781836448672
AIT-2025-07-001,TXN,-0.0998684464139
AIT-2025-07-005,TXN,-0.124867565565
AIT-2025-07-006,TXN,-0.146822672652
AIT-2025-07-007,TXN,-0.125602711151
AIT-2025-08-002,TXN,-0.0792617271211
AIT-2025-08-004,TXN,-0.0792617271211
AIT-2025-08-005,TXN,-0.0520789768004
AIT-2025-08-006,TXN,-0.00705877417581
AIT-2025-08-007,TXN,-0.076821551618
AIT-2025-09-001,TXN,-0.139787087201
AIT-2025-09-004,TXN,-0.159793273814
AIT-2025-09-005,TXN,-0.139787087201
AIT-2025-09-007,TXN,-0.067923554219
AIT-2025-09-008,TXN,-0.0511482927541
AIT-2025-09-009,TXN,-0.067923554219
AIT-2025-10-003,TXN,-0.14209964598
AIT-2025-11-001,TXN,-0.0520395969281
AIT-2025-11-002,TXN,0.0855243102549
AIT-2025-11-003,TXN,0.118202726243
AIT-2025-11-004,TXN,0.131957250404
AIT-2025-11-006,TXN,0.148888770596
AIT-2025-11-007,TXN,0.138502700155
AIT-2025-11-008,TXN,0.139098283849
AIT-2025-12-001,TXN,0.130944289819
AIT-2025-12-002,TXN,0.130625946264
AIT-2025-12-003,TXN,0.165708275002
AIT-2025-12-004,TXN,0.130944289819
AIT-2025-12-005,TXN,0.103068815933
AIT-2025-12-006,TXN,0.165708275002
AIT-2025-12-007,TXN,0.12414003572
AIT-2025-12-009,TXN,0.12414003572
AIT-2026-01-003,TXN,0.289341402837
AIT-2026-01-004,TXN,0.193538268652
AIT-2026-02-001,TXN,0.108962471496
AIT-2026-02-002,TXN,0.108962471496
AIT-2026-02-005,TXN,0.0603715961545
AIT-2026-02-006,TXN,-0.134701317532
AIT-2026-02-008,TXN,-0.133662393882
AIT-2026-03-002,TXN,-0.108688277666
AIT-2026-03-003,TXN,-0.0811458312387
AIT-2026-03-004,TXN,0.0994764964661
AIT-2022-04-002,TRI,-0.00032522149221
AIT-2022-10-001,TRI,-0.0019526974194
AIT-2022-12-001,TRI,0.021672736204
AIT-2023-03-002,TRI,0.0156725762749
AIT-2023-05-002,TRI,-0.0495628384783
AIT-2023-07-001,TRI,-0.0306056718952
AIT-2023-07-002,TRI,-0.00592449663169
AIT-2023-07-003,TRI,-0.084772598201
AIT-2023-10-001,TRI,0.0314445754277
AIT-2023-12-001,TRI,-0.00865626688223
AIT-2023-12-002,TRI,0.0364051238284
AIT-2024-02-001,TRI,-0.00117044746766
AIT-2024-02-003,TRI,0.0149924904998
AIT-2024-03-002,TRI,-0.0584884025438
AIT-2024-04-001,TRI,-0.0354575097895
AIT-2024-04-003,TRI,0.075599400546
AIT-2024-04-004,TRI,0.0763344859161
AIT-2024-04-005,TRI,0.0873865321002
AIT-2024-05-001,TRI,0.0518743563402
AIT-2024-05-002,TRI,0.067909701436
AIT-2024-06-001,TRI,-0.0844176527026
AIT-2024-06-003,TRI,-0.118679734043
AIT-2024-06-004,TRI,-0.118679734043
AIT-2024-06-005,TRI,-0.0952376980014
AIT-2024-07-001,TRI,-0.0435531267022
AIT-2024-07-002,TRI,-0.0461516666655
AIT-2024-07-006,TRI,-0.0461516666655
AIT-2024-07-007,TRI,-0.0412287091988
AIT-2024-07-008,TRI,-0.0317858790035
AIT-2024-08-001,TRI,-0.0101643804021
AIT-2024-08-002,TRI,0.0079367540798
AIT-2024-08-003,TRI,0.00948638203363
AIT-2024-08-004,TRI,0.00948638203363
AIT-2024-08-006,TRI,-0.00388199166326
AIT-2024-09-002,TRI,0.00509446790561
AIT-2024-09-003,TRI,-0.0494172472567
AIT-2024-09-006,TRI,-0.0502388426597
AIT-2024-09-007,TRI,-0.0553317570742
AIT-2024-09-008,TRI,-0.0437317119468
AIT-2024-09-010,TRI,-0.028887780334
AIT-2024-10-001,TRI,-0.0759406969056
AIT-2024-10-010,TRI,-0.0405809244169
AIT-2024-10-011,TRI,-0.0405809244169
AIT-2024-10-013,TRI,-0.0618907850484
AIT-2024-11-001,TRI,-0.0183117010632
AIT-2024-11-002,TRI,-0.0303508055378
AIT-2024-11-005,TRI,-0.00514548085301
AIT-2024-11-007,TRI,-0.0426202938532
AIT-2024-12-001,TRI,-0.0204237998886
AIT-2024-12-002,TRI,-0.0240609483137
AIT-2024-12-004,TRI,0.0240619719542
AIT-2024-12-005,TRI,-0.019416554058
AIT-2024-12-006,TRI,0.0114102847691
AIT-2024-12-008,TRI,0.0217350633275
AIT-2024-12-009,TRI,-0.00524029921452
AIT-2024-12-013,TRI,-0.0431051375897
AIT-2025-01-002,TRI,0.0938854720219
AIT-2025-01-003,TRI,0.0938854720219
AIT-2025-01-005,TRI,0.055354026448
AIT-2025-01-006,TRI,0.0569602755964
AIT-2025-01-007,TRI,0.101633947852
AIT-2025-02-001,TRI,0.0882642402545
AIT-2025-02-002,TRI,0.0703198016035
AIT-2025-02-004,TRI,0.135549608626
AIT-2025-02-006,TRI,0.0728598975721
AIT-2025-02-007,TRI,0.0546589685481
AIT-2025-03-001,TRI,0.0371504942165
AIT-2025-03-003,TRI,0.0371504942165
AIT-2025-03-005,TRI,0.0243114877123
AIT-2025-03-007,TRI,0.0371504942165
AIT-2025-04-001,TRI,0.0592616669665
AIT-2025-04-002,TRI,0.0759323712457
AIT-2025-04-004,TRI,0.0856345351807
AIT-2025-04-005,TRI,0.0952410695178
AIT-2025-04-006,TRI,0.0696779796326
AIT-2025-04-007,TRI,0.0820900180472
AIT-2025-04-008,TRI,0.079980049556
AIT-2025-05-002,TRI,0.0894223875852
AIT-2025-05-003,TRI,-0.00151797963408
AIT-2025-05-004,TRI,-0.0190782618337
AIT-2025-05-009,TRI,0.00748669900643
AIT-2025-05-012,TRI,-0.0190782618337
AIT-2025-06-002,TRI,0.0286302368614
AIT-2025-06-003,TRI,-0.00577993980374
AIT-2025-07-001,TRI,-0.0215510807057
AIT-2025-07-005,TRI,-0.123300507118
AIT-2025-07-006,TRI,-0.0161947547566
AIT-2025-07-007,TRI,-0.190529984907
AIT-2025-08-002,TRI,-0.205515742457
AIT-2025-08-004,TRI,-0.205515742457
AIT-2025-08-005,TRI,-0.207714675804
AIT-2025-08-006,TRI,-0.161882678835
AIT-2025-08-007,TRI,-0.178360675989
AIT-2025-09-001,TRI,-0.156189084103
AIT-2025-09-004,TRI,-0.172471985456
AIT-2025-09-005,TRI,-0.156189084103
AIT-2025-09-007,TRI,-0.0989981025606
AIT-2025-09-008,TRI,-0.0989042895553
AIT-2025-09-009,TRI,-0.0989981025606
AIT-2025-10-003,TRI,-0.0670041937774
AIT-2025-11-001,TRI,-0.154346076453
AIT-2025-11-002,TRI,-0.186792100677
AIT-2025-11-003,TRI,-0.195019986001
AIT-2025-11-004,TRI,-0.201505300167
AIT-2025-11-006,TRI,-0.128043537544
AIT-2025-11-007,TRI,-0.115543421416
AIT-2025-11-008,TRI,-0.0532076271392
AIT-2025-12-001,TRI,0.0216795100021
AIT-2025-12-002,TRI,-0.0241972553699
AIT-2025-12-003,TRI,0.00916271712354
AIT-2025-12-004,TRI,0.0216795100021
AIT-2025-12-005,TRI,-0.008177028517
AIT-2025-12-006,TRI,0.00916271712354
AIT-2025-12-007,TRI,-0.0101065235136
AIT-2025-12-009,TRI,-0.0101065235136
AIT-2026-01-003,TRI,-0.361888425294
AIT-2026-01-004,TRI,-0.342544856177
AIT-2026-02-001,TRI,-0.13396450199
AIT-2026-02-002,TRI,-0.13396450199
AIT-2026-02-005,TRI,-0.0259668124132
AIT-2026-02-006,TRI,0.296879513305
AIT-2026-02-008,TRI,0.168149692292
AIT-2026-03-002,TRI,0.165481316221
AIT-2026-03-003,TRI,0.277964340573
AIT-2026-03-004,TRI,-0.0763623227495
AIT-2022-04-002,WDC,0.150698077689
AIT-2022-10-001,WDC,0.0669528466678
AIT-2022-12-001,WDC,-0.143811161509
AIT-2023-03-002,WDC,-0.064662699672
AIT-2023-05-002,WDC,0.170009812794
AIT-2023-07-001,WDC,0.117571934498
AIT-2023-07-002,WDC,0.00570235864129
AIT-2023-07-003,WDC,0.102349655517
AIT-2023-10-001,WDC,-0.111735147676
AIT-2023-12-001,WDC,-0.00849222693489
AIT-2023-12-002,WDC,0.0515298768279
AIT-2024-02-001,WDC,-0.0469416931656
AIT-2024-02-003,WDC,-0.0541774076252
AIT-2024-03-002,WDC,0.0414691059339
AIT-2024-04-001,WDC,0.111283009932
AIT-2024-04-003,WDC,-0.0038818421489
AIT-2024-04-004,WDC,0.0158042855327
AIT-2024-04-005,WDC,-0.0420044456502
AIT-2024-05-001,WDC,-0.0371930935231
AIT-2024-05-002,WDC,-0.0626640674542
AIT-2024-06-001,WDC,-0.0638386920631
AIT-2024-06-003,WDC,-0.0818678702769
AIT-2024-06-004,WDC,-0.0818678702769
AIT-2024-06-005,WDC,-0.119605447206
AIT-2024-07-001,WDC,-0.217667719492
AIT-2024-07-002,WDC,-0.20178798423
AIT-2024-07-006,WDC,-0.20178798423
AIT-2024-07-007,WDC,-0.21924893218
AIT-2024-07-008,WDC,-0.201996734235
AIT-2024-08-001,WDC,-0.182302781843
AIT-2024-08-002,WDC,-0.191349271369
AIT-2024-08-003,WDC,-0.126497152935
AIT-2024-08-004,WDC,-0.126497152935
AIT-2024-08-006,WDC,0.00389207409827
AIT-2024-09-002,WDC,0.00704542762287
AIT-2024-09-003,WDC,-0.0210584704101
AIT-2024-09-006,WDC,-0.031055124866
AIT-2024-09-007,WDC,-0.0476189270722
AIT-2024-09-008,WDC,0.020375111624
AIT-2024-09-010,WDC,0.0409411412731
AIT-2024-10-001,WDC,-0.0229834291584
AIT-2024-10-010,WDC,-0.0756075036532
AIT-2024-10-011,WDC,-0.0756075036532
AIT-2024-10-013,WDC,-0.0182026988534
AIT-2024-11-001,WDC,-0.0968351054103
AIT-2024-11-002,WDC,0.0184888168215
AIT-2024-11-005,WDC,-0.0339011824547
AIT-2024-11-007,WDC,-0.0167366409509
AIT-2024-12-001,WDC,-0.0534992775689
AIT-2024-12-002,WDC,-0.0124600516935
AIT-2024-12-004,WDC,-0.0214681915369
AIT-2024-12-005,WDC,-0.0620083868698
AIT-2024-12-006,WDC,0.0125361369868
AIT-2024-12-008,WDC,0.00811471885261
AIT-2024-12-009,WDC,-0.0279247042311
AIT-2024-12-013,WDC,-0.0500332713593
AIT-2025-01-002,WDC,0.153206591227
AIT-2025-01-003,WDC,0.153206591227
AIT-2025-01-005,WDC,0.0824970654423
AIT-2025-01-006,WDC,0.115177168376
AIT-2025-01-007,WDC,0.0990671721692
AIT-2025-02-001,WDC,0.0936811719991
AIT-2025-02-002,WDC,0.0919550476547
AIT-2025-02-004,WDC,0.0804739195668
AIT-2025-02-006,WDC,0.101152903068
AIT-2025-02-007,WDC,0.0886367344984
AIT-2025-03-001,WDC,-0.0147642410865
AIT-2025-03-003,WDC,-0.0147642410865
AIT-2025-03-005,WDC,-0.0198138828073
AIT-2025-03-007,WDC,-0.0147642410865
AIT-2025-04-001,WDC,0.0328635288684
AIT-2025-04-002,WDC,0.139093584153
AIT-2025-04-004,WDC,0.128737046038
AIT-2025-04-005,WDC,0.14177438982
AIT-2025-04-006,WDC,0.0392820893755
AIT-2025-04-007,WDC,0.107382860228
AIT-2025-04-008,WDC,0.276128880479
AIT-2025-05-002,WDC,0.269351998322
AIT-2025-05-003,WDC,0.120725288659
AIT-2025-05-004,WDC,0.205865080579
AIT-2025-05-009,WDC,0.183541858797
AIT-2025-05-012,WDC,0.205865080579
AIT-2025-06-002,WDC,0.227169198879
AIT-2025-06-003,WDC,0.165163950508
AIT-2025-07-001,WDC,0.100024637355
AIT-2025-07-005,WDC,0.0994058940787
AIT-2025-07-006,WDC,0.170665216671
AIT-2025-07-007,WDC,0.0611246752672
AIT-2025-08-002,WDC,0.0792371792486
AIT-2025-08-004,WDC,0.0792371792486
AIT-2025-08-005,WDC,0.113372925363
AIT-2025-08-006,WDC,0.0990092588036
AIT-2025-08-007,WDC,0.190184946129
AIT-2025-09-001,WDC,0.168486369091
AIT-2025-09-004,WDC,0.261365120539
AIT-2025-09-005,WDC,0.168486369091
AIT-2025-09-007,WDC,0.198738758836
AIT-2025-09-008,WDC,0.129897180135
AIT-2025-09-009,WDC,0.198738758836
AIT-2025-10-003,WDC,0.195765550058
AIT-2025-11-001,WDC,0.0940631831363
AIT-2025-11-002,WDC,0.128414656527
AIT-2025-11-003,WDC,0.177900075772
AIT-2025-11-004,WDC,0.188236465066
AIT-2025-11-006,WDC,0.143072819915
AIT-2025-11-007,WDC,-0.0562969419832
AIT-2025-11-008,WDC,-0.023405126938
AIT-2025-12-001,WDC,-0.135473639881
AIT-2025-12-002,WDC,0.00934548799989
AIT-2025-12-003,WDC,0.0225676180971
AIT-2025-12-004,WDC,-0.135473639881
AIT-2025-12-005,WDC,-0.0551233493129
AIT-2025-12-006,WDC,0.0225676180971
AIT-2025-12-007,WDC,0.0872911484962
AIT-2025-12-009,WDC,0.0872911484962
AIT-2026-01-003,WDC,0.260839039166
AIT-2026-01-004,WDC,0.134328631289
AIT-2026-02-001,WDC,0.0841344992305
AIT-2026-02-002,WDC,0.0841344992305
AIT-2026-02-005,WDC,-0.106128647316
AIT-2026-02-006,WDC,-0.161137669772
AIT-2026-02-008,WDC,0.0118436276606
AIT-2026-03-002,WDC,-0.0311463471859
AIT-2026-03-003,WDC,-0.0345766119177
AIT-2026-03-004,WDC,0.071097383213
AIT-2022-04-002,WDAY,-0.0317390228913
AIT-2022-10-001,WDAY,-0.155922276063
AIT-2022-12-001,WDAY,0.137287293358
AIT-2023-03-002,WDAY,0.0433958204638
AIT-2023-05-002,WDAY,0.0612595460942
AIT-2023-07-001,WDAY,0.0261473396195
AIT-2023-07-002,WDAY,-0.0307494172175
AIT-2023-07-003,WDAY,-0.0260284827332
AIT-2023-10-001,WDAY,0.012790422105
AIT-2023-12-001,WDAY,-0.0387508043842
AIT-2023-12-002,WDAY,0.0700444446761
AIT-2024-02-001,WDAY,-0.190318261633
AIT-2024-02-003,WDAY,-0.204758635679
AIT-2024-03-002,WDAY,-0.185118677494
AIT-2024-04-001,WDAY,-0.0385191812554
AIT-2024-04-003,WDAY,-0.10149640934
AIT-2024-04-004,WDAY,-0.0779099610688
AIT-2024-04-005,WDAY,-0.103080906444
AIT-2024-05-001,WDAY,-0.227407085389
AIT-2024-05-002,WDAY,-0.224019410669
AIT-2024-06-001,WDAY,-0.12977010791
AIT-2024-06-003,WDAY,0.00397721127581
AIT-2024-06-004,WDAY,0.00397721127581
AIT-2024-06-005,WDAY,0.0582306041517
AIT-2024-07-001,WDAY,0.0355238780336
AIT-2024-07-002,WDAY,-0.0243840559621
AIT-2024-07-006,WDAY,-0.0243840559621
AIT-2024-07-007,WDAY,-0.0113791773787
AIT-2024-07-008,WDAY,0.058730148233
AIT-2024-08-001,WDAY,0.0414775012341
AIT-2024-08-002,WDAY,0.133320151146
AIT-2024-08-003,WDAY,0.169009410492
AIT-2024-08-004,WDAY,0.169009410492
AIT-2024-08-006,WDAY,0.136687749718
AIT-2024-09-002,WDAY,0.0135934923322
AIT-2024-09-003,WDAY,-0.0811035320986
AIT-2024-09-006,WDAY,-0.073735585325
AIT-2024-09-007,WDAY,-0.0949366731307
AIT-2024-09-008,WDAY,-0.0952709545524
AIT-2024-09-010,WDAY,-0.103576759733
AIT-2024-10-001,WDAY,-0.0432434257475
AIT-2024-10-010,WDAY,0.0924404555908
AIT-2024-10-011,WDAY,0.0924404555908
AIT-2024-10-013,WDAY,0.105381843688
AIT-2024-11-001,WDAY,0.0877248975001
AIT-2024-11-002,WDAY,0.0681881977089
AIT-2024-11-005,WDAY,0.197383214916
AIT-2024-11-007,WDAY,0.133901212361
AIT-2024-12-001,WDAY,0.057972274895
AIT-2024-12-002,WDAY,0.0149769685217
AIT-2024-12-004,WDAY,0.021117943076
AIT-2024-12-005,WDAY,0.019894131859
AIT-2024-12-006,WDAY,-0.0108486522486
AIT-2024-12-008,WDAY,0.00900815070998
AIT-2024-12-009,WDAY,0.0238311743992
AIT-2024-12-013,WDAY,-0.0415459706616
AIT-2025-01-002,WDAY,0.0243328839598
AIT-2025-01-003,WDAY,0.0243328839598
AIT-2025-01-005,WDAY,0.009631945004
AIT-2025-01-006,WDAY,0.0466298768111
AIT-2025-01-007,WDAY,0.020134561357
AIT-2025-02-001,WDAY,-0.0124620512908
AIT-2025-02-002,WDAY,0.00389877068818
AIT-2025-02-004,WDAY,0.109547583943
AIT-2025-02-006,WDAY,0.0484748580735
AIT-2025-02-007,WDAY,-0.0147568222266
AIT-2025-03-001,WDAY,-0.0342914550079
AIT-2025-03-003,WDAY,-0.0342914550079
AIT-2025-03-005,WDAY,0.0406382541521
AIT-2025-03-007,WDAY,-0.0342914550079
AIT-2025-04-001,WDAY,-0.038312045417
AIT-2025-04-002,WDAY,0.0521082002172
AIT-2025-04-004,WDAY,-0.000431016481698
AIT-2025-04-005,WDAY,0.00684179590627
AIT-2025-04-006,WDAY,-0.0216732355944
AIT-2025-04-007,WDAY,-0.0524325410569
AIT-2025-04-008,WDAY,0.0687796098773
AIT-2025-05-002,WDAY,0.0808475220057
AIT-2025-05-003,WDAY,-0.070879758031
AIT-2025-05-004,WDAY,-0.0514775772819
AIT-2025-05-009,WDAY,-0.0993580608834
AIT-2025-05-012,WDAY,-0.0514775772819
AIT-2025-06-002,WDAY,-0.166388011363
AIT-2025-06-003,WDAY,-0.166733782421
AIT-2025-07-001,WDAY,-0.0626747844577
AIT-2025-07-005,WDAY,-0.0865802175734
AIT-2025-07-006,WDAY,-0.0726726671778
AIT-2025-07-007,WDAY,-0.0733139545332
AIT-2025-08-002,WDAY,-0.0207230692514
AIT-2025-08-004,WDAY,-0.0207230692514
AIT-2025-08-005,WDAY,-0.0201556159498
AIT-2025-08-006,WDAY,-0.0320371649297
AIT-2025-08-007,WDAY,-0.0417254912405
AIT-2025-09-001,WDAY,0.0152179827644
AIT-2025-09-004,WDAY,0.0218234674547
AIT-2025-09-005,WDAY,0.0152179827644
AIT-2025-09-007,WDAY,0.0264123890953
AIT-2025-09-008,WDAY,0.062583171713
AIT-2025-09-009,WDAY,0.0264123890953
AIT-2025-10-003,WDAY,-0.0217410047451
AIT-2025-11-001,WDAY,-0.0590246929428
AIT-2025-11-002,WDAY,-0.105757732506
AIT-2025-11-003,WDAY,-0.0426687716673
AIT-2025-11-004,WDAY,-0.0216241519788
AIT-2025-11-006,WDAY,-0.0143750831632
AIT-2025-11-007,WDAY,-0.04659128204
AIT-2025-11-008,WDAY,-0.0336383678691
AIT-2025-12-001,WDAY,-0.0170804795459
AIT-2025-12-002,WDAY,-0.0811912490937
AIT-2025-12-003,WDAY,-0.0794618118148
AIT-2025-12-004,WDAY,-0.0170804795459
AIT-2025-12-005,WDAY,-0.00545179724918
AIT-2025-12-006,WDAY,-0.0794618118148
AIT-2025-12-007,WDAY,-0.0410240413499
AIT-2025-12-009,WDAY,-0.0410240413499
AIT-2026-01-003,WDAY,-0.308116062875
AIT-2026-01-004,WDAY,-0.317650915135
AIT-2026-02-001,WDAY,-0.246662092479
AIT-2026-02-002,WDAY,-0.246662092479
AIT-2026-02-005,WDAY,-0.161984157693
AIT-2026-02-006,WDAY,0.120474125796
AIT-2026-02-008,WDAY,-0.0909180045035
AIT-2026-03-002,WDAY,0.0517770002237
AIT-2026-03-003,WDAY,0.15410173026
AIT-2026-03-004,WDAY,-0.077624858783
AIT-2022-04-002,ZS,0.0690317730087
AIT-2022-10-001,ZS,-0.423698709435
AIT-2022-12-001,ZS,-0.148612578397
AIT-2023-03-002,ZS,-0.195781190821
AIT-2023-05-002,ZS,0.362103624015
AIT-2023-07-001,ZS,0.0494522533214
AIT-2023-07-002,ZS,0.0312821489564
AIT-2023-07-003,ZS,0.021563539864
AIT-2023-10-001,ZS,0.080759716519
AIT-2023-12-001,ZS,-0.0103871907605
AIT-2023-12-002,ZS,0.0358683777607
AIT-2024-02-001,ZS,-0.363147182698
AIT-2024-02-003,ZS,-0.359567591332
AIT-2024-03-002,ZS,-0.390562671122
AIT-2024-04-001,ZS,-0.0813621962292
AIT-2024-04-003,ZS,-0.0899704383977
AIT-2024-04-004,ZS,-0.0954142580799
AIT-2024-04-005,ZS,-0.0787721703674
AIT-2024-05-001,ZS,-0.0999496163345
AIT-2024-05-002,ZS,-0.113797010163
AIT-2024-06-001,ZS,0.0759577868781
AIT-2024-06-003,ZS,0.0694536171382
AIT-2024-06-004,ZS,0.0694536171382
AIT-2024-06-005,ZS,0.102731632591
AIT-2024-07-001,ZS,0.0518511547783
AIT-2024-07-002,ZS,-0.0669263202454
AIT-2024-07-006,ZS,-0.0669263202454
AIT-2024-07-007,ZS,-0.0359777248059
AIT-2024-07-008,ZS,0.0197946273871
AIT-2024-08-001,ZS,0.0562903907544
AIT-2024-08-002,ZS,0.0358591131515
AIT-2024-08-003,ZS,0.0671824766736
AIT-2024-08-004,ZS,0.0671824766736
AIT-2024-08-006,ZS,-0.0287788765659
AIT-2024-09-002,ZS,-0.129637303938
AIT-2024-09-003,ZS,-0.00270191808065
AIT-2024-09-006,ZS,0.208234727113
AIT-2024-09-007,ZS,0.0152398282342
AIT-2024-09-008,ZS,-0.0742503431858
AIT-2024-09-010,ZS,-0.0968422005373
AIT-2024-10-001,ZS,0.128034007048
AIT-2024-10-010,ZS,0.167925962162
AIT-2024-10-011,ZS,0.167925962162
AIT-2024-10-013,ZS,0.128635368234
AIT-2024-11-001,ZS,0.0254296218918
AIT-2024-11-002,ZS,0.0841631569741
AIT-2024-11-005,ZS,0.107113977521
AIT-2024-11-007,ZS,0.114042160315
AIT-2024-12-001,ZS,0.00929394624666
AIT-2024-12-002,ZS,-0.0554051119475
AIT-2024-12-004,ZS,-0.0441749542134
AIT-2024-12-005,ZS,-0.00281489189811
AIT-2024-12-006,ZS,-0.0569369399782
AIT-2024-12-008,ZS,-0.0224411062493
AIT-2024-12-009,ZS,-0.0778551819484
AIT-2024-12-013,ZS,-0.0297850313631
AIT-2025-01-002,ZS,0.150555566416
AIT-2025-01-003,ZS,0.150555566416
AIT-2025-01-005,ZS,0.112837614677
AIT-2025-01-006,ZS,0.124592128235
AIT-2025-01-007,ZS,0.0594390566443
AIT-2025-02-001,ZS,0.14014015274
AIT-2025-02-002,ZS,0.115607116019
AIT-2025-02-004,ZS,0.0548505183094
AIT-2025-02-006,ZS,0.124409692087
AIT-2025-02-007,ZS,0.115447616419
AIT-2025-03-001,ZS,0.128395779132
AIT-2025-03-003,ZS,0.128395779132
AIT-2025-03-005,ZS,0.111616108076
AIT-2025-03-007,ZS,0.128395779132
AIT-2025-04-001,ZS,0.114442659949
AIT-2025-04-002,ZS,0.108894363256
AIT-2025-04-004,ZS,0.118633507547
AIT-2025-04-005,ZS,0.115463407454
AIT-2025-04-006,ZS,0.103773972603
AIT-2025-04-007,ZS,0.131276168749
AIT-2025-04-008,ZS,0.0821048707882
AIT-2025-05-002,ZS,0.102160618065
AIT-2025-05-003,ZS,0.135205830131
AIT-2025-05-004,ZS,0.131000361253
AIT-2025-05-009,ZS,0.149352291642
AIT-2025-05-012,ZS,0.131000361253
AIT-2025-06-002,ZS,0.151558988731
AIT-2025-06-003,ZS,0.108373206253
AIT-2025-07-001,ZS,-0.204300347075
AIT-2025-07-005,ZS,-0.277306624441
AIT-2025-07-006,ZS,-0.225062060935
AIT-2025-07-007,ZS,-0.24540386874
AIT-2025-08-002,ZS,-0.156601386149
AIT-2025-08-004,ZS,-0.156601386149
AIT-2025-08-005,ZS,-0.129700664402
AIT-2025-08-006,ZS,-0.0975501153721
AIT-2025-08-007,ZS,-0.10177346964
AIT-2025-09-001,ZS,0.0320779688201
AIT-2025-09-004,ZS,0.0521002841481
AIT-2025-09-005,ZS,0.0320779688201
AIT-2025-09-007,ZS,0.00284241830747
AIT-2025-09-008,ZS,0.0053566254186
AIT-2025-09-009,ZS,0.00284241830747
AIT-2025-10-003,ZS,0.0667669126482
AIT-2025-11-001,ZS,-0.250223360262
AIT-2025-11-002,ZS,-0.310260192767
AIT-2025-11-003,ZS,-0.326233341034
AIT-2025-11-004,ZS,-0.338762149836
AIT-2025-11-006,ZS,-0.340856995627
AIT-2025-11-007,ZS,-0.41316509102
AIT-2025-11-008,ZS,-0.388549296326
AIT-2025-12-001,ZS,-0.38129392745
AIT-2025-12-002,ZS,-0.351120258648
AIT-2025-12-003,ZS,-0.304934057122
AIT-2025-12-004,ZS,-0.38129392745
AIT-2025-12-005,ZS,-0.368288400864
AIT-2025-12-006,ZS,-0.304934057122
AIT-2025-12-007,ZS,-0.138941163245
AIT-2025-12-009,ZS,-0.138941163245
AIT-2026-01-003,ZS,-0.210231290926
AIT-2026-01-004,ZS,-0.212194037371
AIT-2026-02-001,ZS,-0.187763206078
AIT-2026-02-002,ZS,-0.187763206078
AIT-2026-02-005,ZS,-0.229655166171
AIT-2026-02-006,ZS,-0.00449316073441
AIT-2026-02-008,ZS,-0.0268623431249
AIT-2026-03-002,ZS,-0.044486352856
AIT-2026-03-003,ZS,0.144725196143
AIT-2026-03-004,ZS,-0.091046830855
