event_id,ticker,av_pre_m10_m2,av_0_1,av_0_5,av_0_10,av_0_20
AIT-2022-04-002,ADBE,1.2435426334565411,0.6286075239894887,0.32614001941657883,0.15524058133065852,0.30154895084652217
AIT-2022-04-002,AMD,1.034847508129075,0.9293269463534038,0.7853479967121867,0.5819560267720194,0.8147267887124062
AIT-2022-04-002,GOOGL,-0.141389556163931,-0.00545298063297886,0.06291286279619544,0.019554377848841387,0.6520354570225015
AIT-2022-04-002,GOOG,-0.0067479964728600255,-0.21895126291903963,-0.29303808874992493,-0.21274770519255226,0.5177808648038643
AIT-2022-04-002,ADI,-0.2781725144163896,0.5003255594981406,-0.1375898948417341,-0.15952470448375272,-0.07807693103159655
AIT-2022-04-002,AAPL,0.23495337983379924,-0.017269177196116176,-0.2603491603601072,-0.34676264399828083,0.20261187968597666
AIT-2022-04-002,AMAT,-0.08185656992307827,1.5770392029882454,0.8350862281090848,0.5124774674000948,0.38944984896741436
AIT-2022-04-002,APP,-0.25707142297338614,-0.3272069282258204,-0.46674006674933294,-0.21114892669816732,0.10104551827649753
AIT-2022-04-002,ASML,0.04121545956983657,0.08828108803279722,0.1402154178350404,0.2379626388233245,0.6065083369072275
AIT-2022-04-002,ADSK,0.523028403415422,0.4067782465569888,0.10133987026015061,0.046870679963089266,0.3580459386324574
AIT-2022-04-002,AVGO,-0.08390860724575876,0.16191908351271075,0.19667929956311356,0.15658431444051957,0.40415206087566674
AIT-2022-04-002,CDNS,0.05418711702685942,0.6588986299401803,0.38533957034217337,0.41465633073222813,0.6673678365715585
AIT-2022-04-002,CTSH,-0.30404672205861627,-0.8460243713158049,-0.5511407875734975,-0.6562207351521423,0.14471305926750225
AIT-2022-04-002,CRWD,0.053098383582709956,0.22740555758738917,0.8112533564436513,0.41948496781871236,0.15178873705842957
AIT-2022-04-002,DDOG,0.1445639029938457,0.03714722393635089,-0.11059219567896454,-0.21133229788956884,0.43831007019887724
AIT-2022-04-002,DASH,0.3933083077766459,0.4298770673776503,0.22885856501421942,0.2123439803701034,0.5613510628900142
AIT-2022-04-002,FTNT,-0.5016862620646704,-0.14933309398555666,-0.5210278377033742,-0.5291183041808725,-0.059623406638491465
AIT-2022-04-002,INTC,0.4362700334859738,0.008052058109537102,-0.09361175414080436,-0.01962791023793098,0.4310791459832493
AIT-2022-04-002,INTU,0.6709057136482713,0.6540867223415291,0.45089133716542573,0.17256183843034287,0.42456556330216133
AIT-2022-04-002,KLAC,-0.09494908146348649,0.7022193586280203,0.47333082980260355,0.38226137041065306,0.5162622021330038
AIT-2022-04-002,LRCX,-0.6038155914890797,-0.052415328367332537,0.08263994268882024,0.3806032302767642,0.3046201040634923
AIT-2022-04-002,MRVL,0.27549293481261833,1.0648599281124393,0.8204191181983321,0.4415417961717721,0.49730545593965175
AIT-2022-04-002,META,0.5432861124755345,0.36514594724744937,0.08567990397072646,0.27123465880941205,0.8460577005295543
AIT-2022-04-002,MCHP,0.30565265678451103,0.9608164688624545,0.2610985232698725,0.25205335370565646,0.4405023752172487
AIT-2022-04-002,MU,1.4654829788068637,0.8152098750503368,0.3517982944068551,0.08825757740941179,-0.07277237499567986
AIT-2022-04-002,MSFT,0.029387279750261643,0.7808818707072354,0.30577296711304924,0.05149251187207418,0.4625544118409395
AIT-2022-04-002,MPWR,0.4243791173676383,1.0941710720134223,0.8700339096274773,0.4544118158251953,0.7157629754542068
AIT-2022-04-002,NVDA,0.7251171940448453,1.140299956884391,0.996082467234662,0.9208842620512822,0.9413054761245128
AIT-2022-04-002,NXPI,-0.0577689396847597,0.6095025910753736,1.096028078583407,0.7861809041468966,0.8296032706272016
AIT-2022-04-002,PLTR,-0.616593013240987,-0.1736577967979071,-0.7638428893015323,-0.7546408907403336,-0.4762311344492566
AIT-2022-04-002,PANW,0.5841332661231742,-0.002053407751180625,-0.19857837293454383,-0.35589701768702403,-0.11282419070164657
AIT-2022-04-002,PDD,2.213981413506345,1.1517206249836898,1.066911091325511,0.9703200482595112,0.9076367310579475
AIT-2022-04-002,QCOM,0.6107630705119698,1.2982201046178639,0.8883473873266673,0.4370852350397728,0.6401556447819493
AIT-2022-04-002,ROP,-0.608508382878013,1.0878526564453748,0.6155115376513441,0.369048262036288,1.2914334472475943
AIT-2022-04-002,STX,-0.6415763878201992,-0.675315474594486,-0.7406001641436665,-0.4622549520125332,-0.0970185950634836
AIT-2022-04-002,SHOP,1.14415139867456,1.4395207099615466,1.6079514610341221,1.5564624124250221,1.7582836891784153
AIT-2022-04-002,MSTR,-1.1687827606336485,-0.8404954010420993,-1.0412042225611997,-1.2209180704705929,-0.8315091472258945
AIT-2022-04-002,SNPS,0.3296812605360236,0.4148495247809938,0.9000099117311252,0.6485817787243224,0.6271697820061772
AIT-2022-04-002,TXN,0.13946297701470453,0.5536791542362771,0.3158850458475234,0.20106045258498623,0.8111746713599718
AIT-2022-04-002,TRI,-0.30560129494071,-0.7528945172271585,-0.6190700305729043,-0.7578426440069009,-0.19610269795167504
AIT-2022-04-002,WDC,-0.7462945593692231,0.39051349277647135,-0.402726925051932,-0.14520863763875572,0.621043750657979
AIT-2022-04-002,WDAY,0.590004295213046,-0.18296992740453055,-0.29556042696634716,-0.10500153382665948,0.2618235973360087
AIT-2022-04-002,ZS,-0.16228950608057963,0.5044246777629174,0.1804327077334037,-0.10897591348302636,-0.16474298947222416
AIT-2022-10-001,ADBE,0.45123262894581306,0.29012699679088655,0.3832886457945041,0.24528908120777349,0.25247562979164023
AIT-2022-10-001,AMD,0.5363652987469966,-0.2680797010384351,-0.4474100074401854,-0.2725771691367821,-0.2793686175235743
AIT-2022-10-001,GOOGL,-0.8861315474119299,-0.48098481436421214,0.6067866501372073,0.7874301231730545,0.4685594477195203
AIT-2022-10-001,GOOG,-0.7849768812520176,-0.0713593402405992,0.8010741921006207,0.9468501445367715,0.584192221630318
AIT-2022-10-001,ADI,0.3585517287622358,-0.004580359397485134,0.5497967452548944,0.14088814857305756,0.3366429005721535
AIT-2022-10-001,AAPL,-0.13078451987320105,-0.5872493162710735,-0.2120831790098562,0.21125439231864204,0.1577201527804632
AIT-2022-10-001,AMAT,1.1822839323236105,1.6918192227807975,1.032659025311643,0.4725870324000297,0.6017737458532637
AIT-2022-10-001,APP,-0.10437034394931535,-0.045044476653312675,-0.08777429445375358,-0.04286204165634756,0.6038454388054766
AIT-2022-10-001,ASML,1.0566417754154191,2.3623530439863063,1.7875073285383267,1.2430636265781871,1.2984689102059868
AIT-2022-10-001,ADSK,-0.3781009009816145,-1.831035418515228,-1.126848785705462,-0.8613443518237207,-0.2879465816107363
AIT-2022-10-001,AVGO,0.10978476606898223,0.3185405348757092,0.07968637071185453,-0.09373866513541276,0.0259548128664079
AIT-2022-10-001,CDNS,1.5233338612209482,0.32848101843410327,1.2213453620125323,0.8212701737777834,0.5622276842037385
AIT-2022-10-001,CTSH,0.44610345155353937,1.7165125376474295,0.5317318878678279,0.6742998348658854,1.1914034491062506
AIT-2022-10-001,CRWD,-0.4283031471673674,-1.1725047349989337,-1.2870447138045822,-1.0440064977645027,-0.45091740949352627
AIT-2022-10-001,DDOG,-0.4859302634982367,0.3683895491149805,0.09770032292456592,0.4666337230489573,0.46894845040625943
AIT-2022-10-001,DASH,-0.050009564934904834,-0.3948020424336458,-0.7058514531058814,0.2230062141961282,0.471438226470737
AIT-2022-10-001,FTNT,-0.20137937937931066,-0.44270927507676355,-0.30718042373754556,0.0220119050838574,0.01871347797657358
AIT-2022-10-001,INTC,0.7777564881084171,0.43863391802527074,0.40751104912129255,0.8465173995024933,0.5538005243599126
AIT-2022-10-001,INTU,-0.07681198373320725,-0.5989845645071735,-0.9051574934209269,-0.18059685077427287,0.1285817983664579
AIT-2022-10-001,KLAC,1.7382199913954695,1.1415738241417057,0.9223714015351474,0.8847878182340455,0.7361357324908111
AIT-2022-10-001,LRCX,2.829063811916836,3.558638870482393,2.121880783896414,1.5684717880726213,1.6288437106286695
AIT-2022-10-001,MRVL,1.07641939608612,-0.08513619180124235,0.6774732567149712,0.5664982355430435,0.6796899295209436
AIT-2022-10-001,META,0.08240510740797889,0.41623284818666895,1.8565670538732488,2.2664453689630437,1.9781024894539196
AIT-2022-10-001,MCHP,0.10331958405034418,-0.25006703556148535,0.18302013820898497,0.5585546153457774,0.7104344424839996
AIT-2022-10-001,MU,0.31766014139044574,-0.19106005976180546,0.08125202334489319,-0.27429330249855377,-0.2876617254055177
AIT-2022-10-001,MSFT,-0.12271808331479732,-0.7427680319062442,0.43370775065668427,0.4422676305391058,0.28152676936897797
AIT-2022-10-001,MPWR,1.8475466733632817,0.8104830727259935,1.2827229243732692,1.779935038949231,1.381049136516881
AIT-2022-10-001,NVDA,0.8842794215756703,0.6913515006214233,0.18814940994681084,0.006711688985664599,0.14413361743332656
AIT-2022-10-001,NXPI,-0.21781046285135144,0.18863556537571932,-0.17534680577674347,0.14564163542766315,0.019944491470392928
AIT-2022-10-001,PLTR,-0.5980115181124188,-0.9572201993242305,-0.8549247671880792,-0.8334698502051077,-0.23920319885265298
AIT-2022-10-001,PANW,-0.6304356742088573,0.3254129480001451,-0.3467513037345121,-0.3733677616711301,0.07280458007846694
AIT-2022-10-001,PDD,-0.5467415848855537,-0.04930198903755886,1.089319560129561,0.7145152347798613,0.4812889544068704
AIT-2022-10-001,QCOM,-0.23095194535730273,-0.533835095140172,-0.6438190588507341,-0.1806877194320842,-0.06457578858941769
AIT-2022-10-001,ROP,-0.07241979388663847,0.3198690672046891,1.5398266375824228,1.1064092059027102,0.7798671080137509
AIT-2022-10-001,STX,0.4895014184789843,1.1371748567524897,2.0311249069461064,1.619291640054363,1.1371099547646537
AIT-2022-10-001,SHOP,-0.32955391201085527,0.2834907157734045,0.19007373289663385,0.20878972015733613,-0.28587166765171446
AIT-2022-10-001,MSTR,-0.834927348106948,-1.2057908060918268,-0.7775629211740102,-0.8021007784432649,0.07132878930651401
AIT-2022-10-001,SNPS,1.251486057823091,-0.10460397327658622,0.10766349064952457,-0.31157000061207873,-0.13917236332556232
AIT-2022-10-001,TXN,0.3746500800904238,0.7512560725907504,1.060792298130405,0.6129800058557824,0.45542236049740226
AIT-2022-10-001,TRI,-0.5655301098303244,-1.063761980650988,-0.3289034358376966,0.32463037596032807,0.3982134169627946
AIT-2022-10-001,WDC,0.9039592214843,0.7666734618897639,1.0730359560913905,0.8757499278491203,0.5782794461158717
AIT-2022-10-001,WDAY,-0.6059166011109578,-1.0908559538629312,-0.6046438678565684,-0.7574342940350136,-0.37063372903995606
AIT-2022-10-001,ZS,0.4464619642215635,-0.42063056427675566,-0.6675327894712858,-0.5853603023422157,-0.1653023230325853
AIT-2022-12-001,ADBE,-0.5639003639699631,-1.0746134712576039,-0.5651994660624643,0.1459751072408947,-0.5223131869877922
AIT-2022-12-001,AMD,-2.0985395959865003,-1.8739732429516927,-1.5791204772059826,-1.8990093292411245,-2.281588247251887
AIT-2022-12-001,GOOGL,-1.146577979574845,-0.07838113045159167,-0.09517753068772068,-0.021733752901610785,-0.3284408224734414
AIT-2022-12-001,GOOG,-1.0615823314107131,-0.09531967007702558,-0.004427749674674162,-0.0019785081214718832,-0.40434571514463125
AIT-2022-12-001,ADI,-0.08230693603736622,-1.412758077910819,-0.5919782936501788,-0.42144057503113513,-0.727514129470423
AIT-2022-12-001,AAPL,-1.0831481436740917,-1.060597353176309,-0.5246511374905956,-0.061016618165882434,-0.13615385230897215
AIT-2022-12-001,AMAT,-1.2714841293031356,-0.8879638043041822,-0.8148725030933361,-0.6777309003793967,-0.8715084117298689
AIT-2022-12-001,APP,0.2985735981157292,1.546839353358228,1.4662757997830547,1.1710097679892604,0.8442176001710697
AIT-2022-12-001,ASML,-0.6209092154926461,-0.3973819980561923,-0.2544549163610214,-0.11010937372085872,-0.4369137892813818
AIT-2022-12-001,ADSK,0.8334588702042572,-0.522108874641239,-0.5372222428505208,-0.43001797797779023,-0.6395469427088811
AIT-2022-12-001,AVGO,-0.587602060678305,-0.0868159394208754,0.8864685812954701,1.0600336822586736,0.30374385535824894
AIT-2022-12-001,CDNS,-1.0654712767966095,-0.31873973864653565,-0.42468265627213486,-0.4203902543773207,-1.0660412629070886
AIT-2022-12-001,CTSH,-0.19227328677893651,0.25503004692587844,1.3359809944139827,1.3151072784726248,0.9576611835496804
AIT-2022-12-001,CRWD,1.054147707421248,0.3726367597809013,0.02438923110744434,0.16210370297022492,0.14775096462369455
AIT-2022-12-001,DDOG,-0.3657178954521043,0.6113793218648271,0.48566843960660294,-0.09925936539083771,-0.4173830699322599
AIT-2022-12-001,DASH,-0.8345040041583299,-0.8139649578851758,-0.4941313271430044,-0.456481847615763,-0.7985312474708647
AIT-2022-12-001,FTNT,-0.6621882446200321,-1.1739135209047977,-1.0086991879045801,-0.4286869717728253,-0.7481518353020523
AIT-2022-12-001,INTC,-0.9387218004498195,-1.0002192163048937,-0.3473541517862409,-0.027205648914137195,-0.29954331674206347
AIT-2022-12-001,INTU,0.18556163868998357,-1.0938518552798022,-0.2904701546879674,-0.13147845535626157,-0.7564163066035023
AIT-2022-12-001,KLAC,-0.49203423156150067,-1.3280112941291495,-0.20790626561374934,-0.17555050792283974,-0.727231572524959
AIT-2022-12-001,LRCX,-0.8535953748373891,-0.5988662675700829,-0.5434636161216077,-0.5391078354916801,-0.5447636796987121
AIT-2022-12-001,MRVL,0.07062381548789763,-0.5521515738333097,-0.16894935746542394,0.16780150444244968,0.06063715395156185
AIT-2022-12-001,META,-0.34451888261924846,-0.14517440783060545,-0.03985724280835443,0.020253783327585137,-0.31262302913279943
AIT-2022-12-001,MCHP,-0.6642658020091289,-1.3158576168335552,-0.8468493915019827,-0.48493023850118244,-0.6625781855938131
AIT-2022-12-001,MU,-1.0727547139790243,-1.208184428469011,-1.275021697252767,-0.6687695115263262,-0.43315341951756114
AIT-2022-12-001,MSFT,-1.0518725867595966,-1.048614704872385,-0.14625194310887935,0.26136661440511344,0.0015747056433374723
AIT-2022-12-001,MPWR,-0.2784665099066654,-0.23936625142138213,0.19991540740249872,0.36270369905526584,0.15850934425083368
AIT-2022-12-001,NVDA,-1.9958440144261727,-1.0841554975854086,-0.578737622710189,-0.9906656300689616,-1.2607357835172874
AIT-2022-12-001,NXPI,-1.1141202528205063,-0.7670138270766128,-0.45714013379826896,-0.5847678549643156,-0.8647061548620857
AIT-2022-12-001,PLTR,-1.4135052469277347,-1.1549119788675815,-1.0890305752772815,-0.8101005423551826,-0.7330424976975716
AIT-2022-12-001,PANW,-0.7125435932781025,-0.6241000162505548,-0.9157634900550935,-0.5549069083577991,-0.43586782805265034
AIT-2022-12-001,PDD,0.3175369654337874,0.2954092600741835,-0.18633797386357945,-0.45019279608897106,-0.562321240430722
AIT-2022-12-001,QCOM,-0.9001856684803625,-0.9802570459237728,-0.41551069264792284,-0.3228770916047629,-0.44648638989725964
AIT-2022-12-001,ROP,-0.6637709902473834,-1.7390286713080818,-1.2979341454566595,-1.121333402881821,-1.3144830821146465
AIT-2022-12-001,STX,-0.14006447225194968,0.11210485432834807,0.3860324474622239,0.6291916562326377,0.3155143397967618
AIT-2022-12-001,SHOP,-0.9005810904831884,-0.7405032376274897,-0.8895499024515162,-1.3558532971233335,-1.63087592768492
AIT-2022-12-001,MSTR,-0.1814390716040765,-1.1447389028063761,-0.7161585680018029,-0.7421176260730191,-0.4105468470182849
AIT-2022-12-001,SNPS,-0.7705842260266432,-0.22252345903112206,0.1301749654865205,0.33074714427167745,-0.6666137351989125
AIT-2022-12-001,TXN,-0.9891072933743253,-1.670283290381905,-0.728352924400011,-0.5209898069755657,-0.6666876440932258
AIT-2022-12-001,TRI,1.1009056259837995,0.43524291677431404,-0.07804644081927059,-0.26514290061342316,-0.05194785251018425
AIT-2022-12-001,WDC,-0.41112381685506133,1.1284020109302013,0.7566808981905632,1.0528784071196478,0.7524803530300541
AIT-2022-12-001,WDAY,-0.0596100885979886,-0.3653696044766964,-0.1967065213320676,-0.2548938941824019,-0.6692581498039735
AIT-2022-12-001,ZS,0.3058259280491711,0.5441645774687234,0.013533995941808652,0.03743320638875413,-0.1237000994031867
AIT-2023-03-002,ADBE,0.10191785607734853,0.8233654782475281,1.1899094132903485,0.6077833016060527,0.02508369334706824
AIT-2023-03-002,AMD,-0.6431410032403798,0.1105922164459418,0.6134739291890777,0.3280770509069872,-0.33835223200467573
AIT-2023-03-002,GOOGL,0.0022078484861942885,0.8465787626142637,1.0920888257724803,0.7249060508094809,0.27769606041205114
AIT-2023-03-002,GOOG,0.08704067040188335,0.8618211816380372,1.279173339656659,0.7650025947041669,0.23593770941946499
AIT-2023-03-002,ADI,-0.43835379952327824,0.6782012850080381,0.5833459785962665,0.30258406048231873,0.06392426326278505
AIT-2023-03-002,AAPL,-1.0599833758436188,-0.08930898625960149,0.06935920751565432,-0.4413473615765103,-1.0130375885065117
AIT-2023-03-002,AMAT,-0.1700967434322772,0.7364704847361638,0.5926159637301888,0.14706726098167633,-0.2818981057698133
AIT-2023-03-002,APP,-0.8206328744796134,-0.12983195186637503,0.2413906255264007,-0.1809018267343604,-0.17608585989118236
AIT-2023-03-002,ASML,-0.005655175548127558,-0.2715008587380598,-0.19334199834074814,-0.27771484493581206,-0.47419922457998204
AIT-2023-03-002,ADSK,-0.03022246374855828,0.7402547718217736,0.6464368507470573,0.4644845545343603,0.1474829924099243
AIT-2023-03-002,AVGO,0.45886621037713127,0.44893241117896343,1.234811615696118,0.49501954196069087,-0.036722794705061436
AIT-2023-03-002,CDNS,0.08235695634487233,1.4708939923045583,1.8766450532885204,1.176621589437329,0.646297771353402
AIT-2023-03-002,CTSH,0.26980702003095985,0.8217148237065691,0.9289858293552987,0.2641667794841941,-0.11567350009175612
AIT-2023-03-002,CRWD,1.261047526350191,1.192843453261884,0.9284949415910856,0.260203465103837,0.15673650499580108
AIT-2023-03-002,DDOG,0.25780542266629225,1.3392873098974403,0.7609670271091816,0.409049302851265,0.22006329093210683
AIT-2023-03-002,DASH,-0.4751084724101485,0.16670275329729184,-0.3264167621166764,-0.7859734565935296,-0.9613924403396013
AIT-2023-03-002,FTNT,-0.6787275214258998,-0.9230743501011938,-0.3798520170400868,-0.5581987451105388,-0.6520283929665067
AIT-2023-03-002,INTC,0.5620344030950662,0.7325936963576397,1.1767600552959505,0.7482663221037761,0.6528790785808795
AIT-2023-03-002,INTU,0.22356913110303994,0.7495581615422948,0.6337149102075769,0.48008373766090406,0.03159298516161618
AIT-2023-03-002,KLAC,-1.2731232428529629,-0.4893648707439939,-0.3202493172088459,-0.5855179217272302,-0.834701450406717
AIT-2023-03-002,LRCX,-0.6593073591204812,-0.2940721216602217,-0.32457778054617853,-0.24965923923887923,-0.24474944882592098
AIT-2023-03-002,MRVL,1.184069317683586,1.741180339567094,0.8629016433461979,0.48134885732655613,0.0960725040327916
AIT-2023-03-002,META,-0.09689711392761176,0.6821849048166053,0.5235446093507427,0.010043797418065664,-0.4697366519195758
AIT-2023-03-002,MCHP,-0.27030194604262603,0.8340576824695897,0.597977905037644,0.5428019109467008,-0.0894534341243048
AIT-2023-03-002,MU,-0.7179204999781528,-0.2278617334934516,-0.08795669855614725,0.19873776243874614,0.8132450978750795
AIT-2023-03-002,MSFT,-0.36943286737716885,1.201771429632979,1.6842653057285164,1.013044035493208,0.4570467294606862
AIT-2023-03-002,MPWR,-1.280029728095123,0.2994337426294277,0.10474735408562356,0.01913954161722364,-0.4144276583649603
AIT-2023-03-002,NVDA,-0.4534085051857855,-0.1283728111084178,0.29801036202063286,0.045102774698991904,-0.4628271091976818
AIT-2023-03-002,NXPI,-1.2072820225779157,0.09114915957458493,-0.3820396883728363,-0.23812415122378267,-0.3320292218981898
AIT-2023-03-002,PLTR,-0.17808064761343112,-0.41435041743360956,-0.9359915561170246,-1.1748646218122545,-1.0071767703929064
AIT-2023-03-002,PANW,-0.040013472306087684,-0.06045056097299911,-0.0080317890650837,-0.3549165863471268,-0.705194123651022
AIT-2023-03-002,PDD,-0.4016853849096594,-0.21523098098497107,0.6246566945342761,0.5906459868432931,0.07613449760130585
AIT-2023-03-002,QCOM,-0.38256180171923154,0.26070783147142174,0.3146046414958575,-0.15240425117041048,-0.44285441608784887
AIT-2023-03-002,ROP,-0.07221891150021555,0.9868417392972777,1.4481629760188082,1.044036751198153,0.6741379625381013
AIT-2023-03-002,STX,0.10108962012458578,0.022833593801107478,0.32061135826626647,0.23445588476033707,-0.08309254665472036
AIT-2023-03-002,SHOP,-1.276429984264896,-1.1406299492173604,-1.2648609646715,-1.5987141469730053,-1.7449994929518793
AIT-2023-03-002,MSTR,-0.08974350876144367,0.808431684970823,1.1618419902921637,1.0299881065554444,0.8639837455236393
AIT-2023-03-002,SNPS,-0.6214242773209748,0.18802565113990616,0.2455770571092636,-0.0053908636008435295,-0.28231812092441944
AIT-2023-03-002,TXN,-0.6827786832204997,-0.24317622240084197,0.19555139472816305,-0.08468957249199034,-0.3688493168493254
AIT-2023-03-002,TRI,-0.4385786824572836,0.6601949663117772,0.6166998828822242,0.06197497511286234,-0.4149359523119716
AIT-2023-03-002,WDC,-0.31224406727334164,0.1415238776074068,0.43127765002633417,-0.1590590906425304,-0.15765875342264526
AIT-2023-03-002,WDAY,-0.1085119876333748,-0.8973227837184825,-0.32039587546722564,-0.5618918763283266,-0.41105368534269954
AIT-2023-03-002,ZS,1.4008285765855248,0.2904507432742848,0.518786864293692,0.01668563216626261,0.08803573109026402
AIT-2023-05-002,ADBE,0.19209016064979864,-0.1777844427327548,0.15600137631808786,0.09822902628265809,0.5988700740155901
AIT-2023-05-002,AMD,0.27076801692632846,0.3363032711139501,0.10150819476989192,0.1159306013688465,0.2622009921786194
AIT-2023-05-002,GOOGL,0.02589290945352625,2.3708488646040804,1.2144350570485989,0.8547244417691062,0.5812144441122791
AIT-2023-05-002,GOOG,-0.3190958862800504,2.092257982980177,0.8619053135659939,0.53209836602543,0.3322877812238943
AIT-2023-05-002,ADI,-0.48408068382375763,-0.5473180799066983,-1.0747867934079478,-0.26530393189623225,0.4480199198582795
AIT-2023-05-002,AAPL,-0.5384153847561559,-1.2079396532814688,-1.5272093828511217,-1.382187121050212,-0.8558928662077709
AIT-2023-05-002,AMAT,-0.7229248667757111,-1.6415957101598855,-0.9822414264591154,-0.5032915359215532,-0.3607360900989427
AIT-2023-05-002,APP,-0.15119836563428773,2.4997098628067325,1.3195074518507026,0.6732582797159418,0.4793395459646424
AIT-2023-05-002,ASML,-1.1294762168424468,-1.2304172186792426,-1.0967814166262586,-0.5849476729590359,-0.23130818430712266
AIT-2023-05-002,ADSK,-0.6738988820738608,-0.9355950594363174,-0.9784689467460642,-0.41611162635093213,0.07352774830395174
AIT-2023-05-002,AVGO,-0.31435654158736814,-0.682748598773576,-0.7789226248777874,-0.2082903120456173,1.1699995985485319
AIT-2023-05-002,CDNS,-0.38527634775924696,-0.023834877220150874,-0.402025896060396,-0.0439398367061215,0.41643024084886704
AIT-2023-05-002,CTSH,0.03460415124269433,-0.5600235869496085,-0.08411173070795462,-0.23323974997147381,-0.32321116200076816
AIT-2023-05-002,CRWD,-0.34966397180967224,-0.3621509105233495,-0.7025968479896699,-0.29138049616512834,0.18663368488002235
AIT-2023-05-002,DDOG,1.3235384613634218,1.4919172782511585,0.9250955424594588,0.4778299221998079,0.3779379382551775
AIT-2023-05-002,DASH,-0.0921393280512099,-0.14498574006148812,-0.8286997912914001,-0.8172410801104697,-0.7844040986471408
AIT-2023-05-002,FTNT,0.35451853232897,-0.37987985966799864,-0.5971159264701472,-0.17232390208534556,0.10899601597237683
AIT-2023-05-002,INTC,0.25072898172545705,0.26441681569364783,-0.5816176224017686,-0.6048924826499174,0.11779872988048941
AIT-2023-05-002,INTU,0.04168869014447104,-0.05360305969607735,-0.04122323355468366,0.5781315408500154,1.0665528433785731
AIT-2023-05-002,KLAC,-0.8338629357622227,-1.2714424524137333,-0.807754260074523,-0.8964945771060827,-0.48315114309278
AIT-2023-05-002,LRCX,-0.5812784881621377,-1.1424771200274952,-0.33575887090544015,-0.29930775332103154,-0.1530593625311925
AIT-2023-05-002,MRVL,0.27541389697305463,0.3654700444138565,-0.006155726031513552,0.2225842731628064,1.471038853600037
AIT-2023-05-002,META,0.02543512458076412,-0.9165270785960178,-0.9793695251405289,-0.8788699164855619,-0.7487279014037638
AIT-2023-05-002,MCHP,0.719464081925532,0.7176950251042843,-0.3653047585574562,-0.020429243336176836,0.3412636638163326
AIT-2023-05-002,MU,-0.31569849012387885,-0.10106195855553936,0.01812169156477851,0.4432921343993598,0.5737553604247554
AIT-2023-05-002,MSFT,0.24154073600680281,0.352526485695122,-0.4290669797627278,-0.29636605117602055,-0.02505411419129942
AIT-2023-05-002,MPWR,0.36094241395015564,0.543630618701082,-0.15083882741789414,0.0760095599575565,0.5012624320418537
AIT-2023-05-002,NVDA,-1.0553732759503605,-1.417053577005274,-1.3506782542571443,-0.6883651009812949,0.10066945891033158
AIT-2023-05-002,NXPI,1.0201140388939567,-0.9077801763791662,-1.0103085318873624,-0.4135854008058986,0.02654504473388432
AIT-2023-05-002,PLTR,-0.13514862217083787,2.974449504385979,1.858111083802102,2.5366181575223283,2.9052310210699055
AIT-2023-05-002,PANW,-0.13393327927659326,-0.6573593810730847,-0.023179619338716415,0.7000138213140902,0.9017562056857686
AIT-2023-05-002,PDD,-0.8912721525183799,0.026391635563990046,-0.478393115271788,-0.2852784620759585,0.17572762258726957
AIT-2023-05-002,QCOM,0.512292386743087,0.7875876197958595,0.4348525124824132,0.3082754104330593,0.6481334097598609
AIT-2023-05-002,ROP,0.04432586190963536,-0.5077483338228639,-0.4685753646377819,-0.44223585106178953,-0.023119226144097026
AIT-2023-05-002,STX,-0.35021286308575095,-0.5171037195166868,-0.3216290874934409,-0.6382850480754338,-0.060413802153096184
AIT-2023-05-002,SHOP,-0.39102762502065525,-0.6253627524857379,-1.2035043529266038,-1.0064416610857245,-0.9375704859497773
AIT-2023-05-002,MSTR,1.100226609654101,1.8814783951650937,0.81487494158474,0.4637255030581289,0.5677512743526381
AIT-2023-05-002,SNPS,-0.7958849626328184,-0.9828532204142676,-0.26489548785152667,0.19238263434869704,0.7496722872987234
AIT-2023-05-002,TXN,0.2732824123020011,-0.9188586001473071,-0.9845498669690868,-0.5583957791842052,-0.2274646730516235
AIT-2023-05-002,TRI,0.5119722600192892,-0.07517743403185279,0.11578484194809731,-0.021040447763004774,-0.10548841692488997
AIT-2023-05-002,WDC,-0.7648017092406252,-0.10065124378224714,0.274682496363767,-0.04136114934489426,-0.08595735391202744
AIT-2023-05-002,WDAY,-0.7203248843316197,-0.46097412030467133,-0.41903412626876047,-0.43174392056293326,0.2001045236055883
AIT-2023-05-002,ZS,0.9986092869344981,1.6123001619074078,0.7353976006854016,0.5468493006139407,0.7599536124342607
AIT-2023-07-001,ADBE,0.16857670352058715,-0.3186709629613578,-0.16500513834137662,-0.47465785260434196,-0.744185729636369
AIT-2023-07-001,AMD,0.015509869487855857,-0.1876987486659196,0.482486263358489,0.35217279392827794,-0.049810102025251775
AIT-2023-07-001,GOOGL,0.2400061976711155,1.4044294324179507,0.15849791448683434,-0.3735987176257057,-0.6092152547232368
AIT-2023-07-001,GOOG,-0.09838157190446378,1.2960207680515519,0.0899145245646731,-0.5220162269647829,-0.7485843399456655
AIT-2023-07-001,ADI,0.08327666534637092,-0.14897437206528852,-0.5267546542814596,-0.5225134242099535,-0.3158044368086627
AIT-2023-07-001,AAPL,-0.678771887068359,-1.1333611869510976,-1.377494408666449,-0.4913843181224611,-0.6985404854357705
AIT-2023-07-001,AMAT,0.1997967632438821,-0.1551222334751109,-0.5495678611495629,-0.8573527019728918,-0.6311289219285714
AIT-2023-07-001,APP,-1.3534020677880454,-0.43755248554745224,-0.7393306133480068,-0.509024240577305,0.03904501308426548
AIT-2023-07-001,ASML,1.279270609704481,0.07369478733367363,-0.40452057652482315,-0.5648273627707737,-0.5575890170310605
AIT-2023-07-001,ADSK,0.41070713392566827,0.10999292875594174,-0.27268934275517304,-0.3046263468508141,-0.29704306348858694
AIT-2023-07-001,AVGO,0.49600728793886834,-0.17502565521601893,-0.274335099218633,-0.44450651848043476,-0.43530626665624506
AIT-2023-07-001,CDNS,0.28935918824274004,0.49438974015152454,-0.06935721636661202,-0.28620209530366364,-0.5617175096456408
AIT-2023-07-001,CTSH,0.07160807657167508,-0.8254986137468379,-0.2990450990198978,0.24872954018618645,0.04323077261030486
AIT-2023-07-001,CRWD,-0.09552484452423755,-0.7827397489383257,-0.44873959503387845,-0.48919939723178324,-0.7656545443864973
AIT-2023-07-001,DDOG,-0.3059501431655908,-0.08896846340456938,-0.4631662336860248,0.5097150517676992,0.14210432639748177
AIT-2023-07-001,DASH,-1.0574992392902833,-0.9980365221076433,-0.16498816873266486,-0.02706528171917223,-0.31698641083891055
AIT-2023-07-001,FTNT,0.20423925772153023,-0.791674978189421,-0.7712710435607711,0.9726770711539546,0.8126987221154932
AIT-2023-07-001,INTC,-0.4101128365109086,0.21249299544934352,0.338603374661317,-0.31153417890334784,-0.4855119843467757
AIT-2023-07-001,INTU,0.0391386531691565,0.17767526506589265,-0.035733614725442155,-0.5910359974529271,-0.7464559722313813
AIT-2023-07-001,KLAC,-0.2674463625167959,0.22777582544811376,0.2049759979290382,-0.25906723833401474,-0.5650523960416465
AIT-2023-07-001,LRCX,-0.19801721931182203,1.0498301374264436,0.2749105528894461,-0.4132030947238933,-0.6717753164579554
AIT-2023-07-001,MRVL,-0.20887422793185073,-0.43993685598256715,-0.71898899678571,-0.8773855364484053,-0.4912653949301506
AIT-2023-07-001,META,-0.1504493739044529,1.3331762608155995,0.30976074460660147,-0.3442388891759815,-0.6720381342187439
AIT-2023-07-001,MCHP,-0.14103065893138478,0.7863670731577974,0.28979055206471066,0.5735708961050592,0.13781941662217806
AIT-2023-07-001,MU,-0.619205000000296,0.5539032055503756,-0.23652907907931442,-0.5295722004665078,-0.6706292522161482
AIT-2023-07-001,MSFT,0.5649216196879878,1.6807703915498482,0.2725204111314579,-0.2944231524805302,-0.6267222591575785
AIT-2023-07-001,MPWR,-0.09104676914152487,1.1558111914670002,1.017325782530153,0.27961551008095054,0.06373427175040931
AIT-2023-07-001,NVDA,0.5311309443953792,-0.4836031903413046,-1.0397867917953127,-0.8992163978193979,-0.04267581012803035
AIT-2023-07-001,NXPI,0.9147187763343005,0.8444418574672062,0.15525797208066003,0.13319729308813508,0.03638911501569625
AIT-2023-07-001,PLTR,0.6673923999450241,0.10202240350217036,1.174147790493764,1.335578677562867,0.9589385995327424
AIT-2023-07-001,PANW,0.5810030758327906,-0.3608262588312654,-0.5590398047848057,0.19676791932070234,0.35671580737558034
AIT-2023-07-001,PDD,0.47468452696760505,-0.09190227707031735,0.12550763802636847,-0.13928746215323337,-0.27978975079315094
AIT-2023-07-001,QCOM,0.48794062493853985,-0.49119418507301027,0.5382251190112954,0.7910493511516289,0.15641892743386626
AIT-2023-07-001,ROP,0.27000148876361446,-0.24622433871737004,-0.7251065620915016,-0.8892426116194517,-1.0180563804229381
AIT-2023-07-001,STX,-0.30233159793869824,2.2686031677399234,1.221202050357055,0.7858088324975484,0.08275119560403163
AIT-2023-07-001,SHOP,-0.8744505229831284,-1.1309929525945206,-0.9878142872388737,-0.691672418402561,-1.0070444303557415
AIT-2023-07-001,MSTR,0.5433380717525387,-0.3680489795088409,-0.18249977742932944,-0.14186773571521083,-0.3957921036572073
AIT-2023-07-001,SNPS,0.17590503569665986,-0.5615865696529232,-0.5658246510196526,-0.7352121324761167,-0.500383006033768
AIT-2023-07-001,TXN,0.03700668365357086,2.074945249542023,0.8472339232772944,0.40687972815779,0.01818005087074543
AIT-2023-07-001,TRI,-0.5336645166513239,1.1305634831525968,0.7832040081970769,0.36273697439963837,-0.3193297316000147
AIT-2023-07-001,WDC,-0.329998693171338,-0.1097928988469381,0.229739581493687,-0.12643236596032165,-0.7761208766072536
AIT-2023-07-001,WDAY,0.19312345062119599,0.6639190157098493,-0.3574762682876012,-0.6428982544474711,-0.8999412477455936
AIT-2023-07-001,ZS,0.6024677082040641,-0.5868699694411388,-0.6378857283109388,-0.5192691969756994,-0.8862644234514521
AIT-2023-07-002,ADBE,-0.6719855838085219,-0.19987948029653663,-0.1894770798141774,-0.017876047544419908,-0.23931796848857015
AIT-2023-07-002,AMD,-0.8384049005686383,-0.3607829446420996,-0.15563710591792515,-0.20064877459791583,0.055846358971191966
AIT-2023-07-002,GOOGL,-0.7282112112837082,-0.6787024766973557,-0.32173357763509414,0.21246422967220085,-0.05894941461669518
AIT-2023-07-002,GOOG,-0.8913033541775532,-0.8756816224042818,-0.5945456459882442,-0.15661665627326576,-0.3133110368752337
AIT-2023-07-002,ADI,-0.3037820218287206,-0.8098650195312451,-0.385163660570901,-0.12417394806945846,-0.3151830594408297
AIT-2023-07-002,AAPL,-1.1651165274961661,-0.8634730137310586,-1.2291630205091966,-0.9668800483765886,-0.8119417640731831
AIT-2023-07-002,AMAT,-0.691846717791354,0.025381861078438567,-0.12558393212309435,0.09534357766759999,-0.3999378802882097
AIT-2023-07-002,APP,-1.0846147521083396,-0.6488850179580792,-1.2484458109684398,-1.2893893676701174,-1.0208512282306816
AIT-2023-07-002,ASML,-0.37005812793689347,-0.38708650698115704,0.37529902247603975,0.8990114239401172,0.20611017488704095
AIT-2023-07-002,ADSK,-0.10004674883121258,-0.17693603255113313,-0.1785057713035144,0.14243297976784094,-0.14150659672183985
AIT-2023-07-002,AVGO,-0.4167510733196997,0.41473665878206234,0.21247782495243225,0.3895046084597127,-0.05314999252339776
AIT-2023-07-002,CDNS,-0.5096897667721051,-0.3857656334596441,-0.22970267323213903,0.2685931642817646,-0.006924257487383509
AIT-2023-07-002,CTSH,-1.0520777499720497,-1.156909088694169,-0.5612469313435394,-0.31478764093086126,-0.036622012083955026
AIT-2023-07-002,CRWD,-0.9719607915511327,0.024706700453862196,-0.327719322455059,-0.21020248237198363,-0.3207813147225165
AIT-2023-07-002,DDOG,-1.156427052044017,0.42107420202455514,-0.31823741391695676,-0.16696054067858668,0.0953449079250781
AIT-2023-07-002,DASH,-1.153555930267438,-1.4043148528314908,-1.0193700798740875,-1.1053487730358966,-0.5913813960996875
AIT-2023-07-002,FTNT,-0.41310916853991364,0.18864057066972625,-0.026957453621665527,0.08279339165905995,0.4314410009174599
AIT-2023-07-002,INTC,-0.6630041064047079,-0.6479474221967068,-0.7008869934681052,-0.5360134157221058,-0.41979025576411433
AIT-2023-07-002,INTU,-0.5307019812648552,-0.3452468507235081,-0.4890829760581133,-0.15900657764885603,-0.3663734463943436
AIT-2023-07-002,KLAC,-1.1471032891327617,-1.1816748111580293,-1.0717663277090181,-0.5554948003473252,-0.44045021838121606
AIT-2023-07-002,LRCX,-0.6086212554205832,-0.2694275337281728,-0.4882076120858187,-0.3220626448167215,-0.34522774428864955
AIT-2023-07-002,MRVL,-0.5390126653649179,-0.023140389068830824,-0.19941782856818194,-0.3043905257109858,-0.6020398614615466
AIT-2023-07-002,META,-0.6350161431625706,0.16266287920015493,-0.2016007580397885,-0.2518794767858432,-0.2994293363066869
AIT-2023-07-002,MCHP,-0.19510153086967852,-0.2925777661669279,-0.33187100929904045,-0.17003822819970693,0.1730517342872838
AIT-2023-07-002,MU,0.6376007575635351,-0.4179576686652081,-0.7087580360462894,-0.728320308297419,-0.6153495623211102
AIT-2023-07-002,MSFT,-1.090197374115374,-0.04795597981892524,0.050668311037330126,0.5224363868741253,0.12475291185496165
AIT-2023-07-002,MPWR,-0.6621960910311524,-0.16142156806852043,-0.457827112549645,-0.21133770636881233,0.01249469058658148
AIT-2023-07-002,NVDA,-0.7411232855014164,-0.8490725177519257,0.12636158052411303,0.11178033887160797,-0.5078705413604311
AIT-2023-07-002,NXPI,-0.2984845190271839,-0.04204190097603877,0.07975853710763003,0.8423968723125679,0.5006335673635782
AIT-2023-07-002,PLTR,0.2713935304812617,0.5979686592078325,0.7041215701983002,0.6269351097156827,0.9494099937967245
AIT-2023-07-002,PANW,-0.22203656363607974,1.1635083760509766,0.8903377482553047,0.31980693701407154,0.27810082552471094
AIT-2023-07-002,PDD,-0.9023716337087985,0.10989130675608977,0.450701762095928,0.40726632248228606,0.17612899046792657
AIT-2023-07-002,QCOM,-0.7593248445978588,-0.32613704282798317,-0.1043937221650339,0.18807645824733124,0.5422785103665201
AIT-2023-07-002,ROP,-0.30209054437918675,-0.31760627273899456,-0.10202826495268537,0.27838831562546545,-0.3081596324091545
AIT-2023-07-002,STX,-1.1110051262924274,-1.0199369588110578,-0.6612794408054833,-0.4602738767458703,0.179673180958156
AIT-2023-07-002,SHOP,-1.4833661214182345,-1.1881426798358312,-0.8191098460076174,-1.188692582119012,-1.000889407259266
AIT-2023-07-002,MSTR,0.889441660606496,1.0101809359969212,1.2339189487052196,0.5632269574362513,0.2774677910466111
AIT-2023-07-002,SNPS,-0.2832817534124944,0.085169300024807,-0.027872516252204996,0.15292642512945132,-0.28016914498752593
AIT-2023-07-002,TXN,-0.6442693917791882,-0.7851542624856249,-0.9063894849558848,-0.13656640151478205,0.12695321645775529
AIT-2023-07-002,TRI,0.13889245224266453,-0.37225006637816505,-0.4886388828409222,-0.3982825338468637,0.016008104092580414
AIT-2023-07-002,WDC,-1.0138539504096606,-0.8293158452413809,-0.4432491041201287,-0.5162078996490371,-0.3365376883746875
AIT-2023-07-002,WDAY,-0.4907627448707499,0.0381576223753291,-0.045496033059647695,-0.037482190908526274,-0.3283203645876115
AIT-2023-07-002,ZS,-1.300367401810425,1.9079708796509456,0.777939390686447,0.6469952610663465,0.0968976596634456
AIT-2023-07-003,ADBE,-0.5838360446795446,0.40592110069026427,0.30259080309412667,0.06066754798819558,-0.408670619104012
AIT-2023-07-003,AMD,-0.8508206006603487,-0.08303003127687249,-0.2526321915563183,-0.17959097642842847,-0.010951990952193394
AIT-2023-07-003,GOOGL,-0.6082245581133866,-0.17487562382453717,0.5916633130691742,0.4640197796252883,-0.3006954022608992
AIT-2023-07-003,GOOG,-0.7302770237346099,-0.6330635632914283,0.19051723479914226,0.18986769809844686,-0.5202099322313345
AIT-2023-07-003,ADI,-0.5182951539542999,-0.848917649777555,0.11987857028881432,-0.2770179456454901,-0.47569728821964286
AIT-2023-07-003,AAPL,-1.3152965631315654,-0.2817590797099604,-0.695611080612632,-1.0754536479438987,-0.7193837134978577
AIT-2023-07-003,AMAT,-0.6607809546973725,-0.25508516762588135,0.31035114817239506,-0.11938011477574464,-0.610826521833839
AIT-2023-07-003,APP,-1.1442953664888134,-1.5801410462738756,-1.4152689924947532,-1.1647728489451799,-0.3420500111091685
AIT-2023-07-003,ASML,-0.0029447381638722575,1.3333651035922813,1.3503001976167417,0.5022130283106955,-0.05015162568554495
AIT-2023-07-003,ADSK,-0.4070231994743405,0.7691095250111857,0.5413847071215613,0.13458785758905426,-0.06982121892286093
AIT-2023-07-003,AVGO,-0.24604188806154464,0.17339619085800906,0.5335919536922692,0.08799448830231467,-0.20738239935144898
AIT-2023-07-003,CDNS,-0.40150950364902904,-0.1797113146998513,0.7454757572451607,0.3617698230545612,-0.18282233272522883
AIT-2023-07-003,CTSH,-1.291942774467155,-0.595060428366234,-0.08496691105001382,-0.30036187764565403,0.08157176000307491
AIT-2023-07-003,CRWD,-0.5441101589061522,-0.3196645885883723,-0.22298529086244426,-0.39034471493674316,-0.5595090985444122
AIT-2023-07-003,DDOG,-0.6971232531385794,-0.5548282181775235,-0.10808587300957305,-0.3933802105410553,0.16084841756302226
AIT-2023-07-003,DASH,-1.2049166345032734,-0.9082662927674041,-1.0925583082123749,-0.7865657672088852,-0.44676600263223387
AIT-2023-07-003,FTNT,-0.21331975256638355,0.23152528298016706,0.14307180572889663,-0.38864160463215586,0.8465410249562647
AIT-2023-07-003,INTC,-0.7695029378915034,-1.056816265049211,-0.4214561951980142,-0.04325335968664872,-0.45174518933007834
AIT-2023-07-003,INTU,-0.4455602152089388,-0.024654905023912654,0.09944936044635934,0.09628909195642316,-0.4659141129313061
AIT-2023-07-003,KLAC,-0.9105161279064427,-0.49216523631498543,-0.04081889016886316,0.032042264758642386,-0.31812439652918845
AIT-2023-07-003,LRCX,-0.7338002053991541,-0.8619793456608512,-0.227880107087173,-0.009082882921287045,-0.4262694911898956
AIT-2023-07-003,MRVL,-0.4911047141275596,-0.37438307360310535,-0.43753650603464317,-0.679285312713548,-0.6638839420078645
AIT-2023-07-003,META,-0.1095805364094187,-0.6619147118212927,-0.35333446709478467,0.03995844395714288,-0.5894388487910264
AIT-2023-07-003,MCHP,-0.022336214995271417,-1.3102127507789025,-0.12203018328298527,0.06477479667598315,0.2088499298579935
AIT-2023-07-003,MU,-0.3012743969519349,-1.2753298518894725,-0.8102708235036412,-0.5573614405636058,-0.5694588611320134
AIT-2023-07-003,MSFT,-0.6378724407613943,1.8594403918828935,1.358540171900574,0.885594157995489,-0.0038889205530449424
AIT-2023-07-003,MPWR,-0.4619399677624506,-0.44996016439835956,-0.01147593073000114,0.46985109679147835,0.037481519495601745
AIT-2023-07-003,NVDA,-0.921955437493481,0.11491090435771653,0.20710745320194002,-0.5510694818310866,-0.3218695861662836
AIT-2023-07-003,NXPI,0.02682295626539669,0.1710518088556717,1.4868184827097108,0.7592834786040065,0.4789915831108964
AIT-2023-07-003,PLTR,0.3280748955553439,1.345303566016952,0.6548880686108993,0.8656502886553628,0.9932002839324435
AIT-2023-07-003,PANW,0.29269529818062834,-0.35586616364662316,-0.3573798809237208,-0.5845615391509864,-0.011529249799068402
AIT-2023-07-003,PDD,-0.21563735465166628,0.18092420118572858,0.3003220630621331,0.17655869772111918,-0.08319597763453368
AIT-2023-07-003,QCOM,-0.596689294033353,0.18799826314537943,0.44373819250285057,0.35023931868032504,0.44982033151848055
AIT-2023-07-003,ROP,-0.5660406095363589,0.32711747998295665,0.6717237577779915,0.03862994479608541,-0.4873663974812278
AIT-2023-07-003,STX,-1.051502301899229,-0.7024256183205266,-0.3815152427634347,0.3702585890729011,0.15622850215846407
AIT-2023-07-003,SHOP,-1.0781903807964184,-0.9927953074438952,-1.357529766931693,-1.4038729037256958,-1.1003803007189668
AIT-2023-07-003,MSTR,1.1963027308827003,0.037949197725089645,-0.15143849738811438,-0.24456048200808783,-0.285579948455091
AIT-2023-07-003,SNPS,0.037551955755266486,-0.10615428714739938,0.36055057142780783,-0.11544421972299614,-0.4228044275922648
AIT-2023-07-003,TXN,-0.7965319793891541,-1.2956151321941352,0.3992567717431732,0.5779004886196858,0.29812676815878025
AIT-2023-07-003,TRI,-0.22340065850711197,-0.8030000416099423,-0.4195883713856683,0.0564068109344408,-0.21013557040803107
AIT-2023-07-003,WDC,-0.7615964921641851,-0.3119616992488527,-0.4852396003813568,-0.1543135650234163,-0.47360266137618556
AIT-2023-07-003,WDAY,-0.5318550218390846,-0.14831016092096477,-0.03541922033573208,-0.1891374867104509,-0.6972511849736546
AIT-2023-07-003,ZS,0.06961708667077225,0.2535975142741966,0.37712598917423007,-0.19825891781697003,-0.44119027378304293
AIT-2023-10-001,ADBE,-0.3668869137307242,-0.10555500040459667,-0.29195948504911884,-0.2753869004052971,-0.2189800469192908
AIT-2023-10-001,AMD,-0.5395134853250177,-0.20743586069630499,-0.4370105868200727,0.019165459219501524,-0.1363580625550456
AIT-2023-10-001,GOOGL,-0.8290838331607283,-0.5978453116474018,0.6734424714352493,0.3204101603290986,-0.17796332993829947
AIT-2023-10-001,GOOG,-0.9320771768828605,-0.20124227169072043,0.4545882630179501,0.3106986238259175,-0.315375313584603
AIT-2023-10-001,ADI,-0.3436956951505105,0.30674597180691343,0.3155695349592374,0.3007442487252934,0.171696976112137
AIT-2023-10-001,AAPL,-0.5935594822400344,0.17336668680607867,-0.07167478440191015,-0.10589632455684185,-0.06550672548676897
AIT-2023-10-001,AMAT,-0.3363691761969354,0.9017329601991693,0.13860989434830054,-0.16596888213343475,-0.1546244378236056
AIT-2023-10-001,APP,-0.5090275686219974,-0.41101066348733856,-0.532734815000336,-0.6229282696291805,0.26380515578900277
AIT-2023-10-001,ASML,0.3707024870848295,0.7389445740411763,0.5932761576898667,0.3578075736367975,0.0064012144636441245
AIT-2023-10-001,ADSK,-0.9388716271665682,-0.3180871991788392,-0.2889355654753168,-0.2868561296224998,-0.579921302918465
AIT-2023-10-001,AVGO,-0.16070922976090485,0.4467815074153432,-0.04453951277706721,-0.2383336627884425,-0.2384642868381715
AIT-2023-10-001,CDNS,-0.4453185020087516,-0.3924106486414338,0.07177801342719228,0.0003029123492523277,-0.09198306241014997
AIT-2023-10-001,CTSH,-0.6956928218197327,-0.9182636335106635,-0.8596603594816262,-0.40015362257564835,-0.43649118163583916
AIT-2023-10-001,CRWD,-0.10110441072589313,-0.036683041846542044,-0.7819977004461839,-1.036677595368978,-0.8789747908994814
AIT-2023-10-001,DDOG,-0.4057223122542459,-0.47128495771814627,-0.29731276330832374,-0.15138406970743853,0.4039708663647728
AIT-2023-10-001,DASH,0.24256974870156592,-0.6350276489437227,-0.6491975519320213,0.004346015561446274,0.3049732498488852
AIT-2023-10-001,FTNT,0.7305880077907531,0.8932940138977999,0.16927127090237257,0.2916888676122109,1.1244627741079003
AIT-2023-10-001,INTC,-1.2829406842984092,-0.7165866493219806,0.2609813564957758,0.2986283067290448,0.1045239235542991
AIT-2023-10-001,INTU,-0.42448421101668365,0.16948440954817515,0.12962890911280273,0.07191279216901648,0.044545003060517126
AIT-2023-10-001,KLAC,-0.27418378843280616,0.2129018169976924,0.20473115458080834,0.12968717579201458,-0.0385561755902102
AIT-2023-10-001,LRCX,-0.7927814128166905,1.2939042948932704,0.12940384420443166,-0.16975864302771349,-0.48364229846107243
AIT-2023-10-001,MRVL,-0.9106108749590841,-0.27701889994284135,-0.5296206403465761,-0.6277184055692152,-0.5153393392726245
AIT-2023-10-001,META,-0.4758324327372161,-0.394625259854951,0.3479390072818293,0.17675954018605122,-0.4058497126210945
AIT-2023-10-001,MCHP,-0.4116436115520156,-0.5011498008059996,0.08182824704342884,0.6375112116920559,0.6763095320076238
AIT-2023-10-001,MU,-0.7380477134745659,-0.048002997514294155,-0.49588466129714753,-0.6113022159282187,-0.6136586502744028
AIT-2023-10-001,MSFT,-0.8279415290079617,-0.18712822608252339,0.5248461198749458,0.19041501027808072,0.028676608967807854
AIT-2023-10-001,MPWR,-0.4206735644827195,1.1153923259198821,0.685619780213449,1.1603786358688966,0.7017224705889866
AIT-2023-10-001,NVDA,-0.16139419893800774,0.15965247428856477,-0.02184614635184287,-0.1301917584064255,-0.29377480993142785
AIT-2023-10-001,NXPI,-0.6573107468138423,0.7005771846723893,0.6150717629294693,0.6785938844640621,0.8796549464010204
AIT-2023-10-001,PLTR,0.43798475474604415,0.19698434512945506,0.04685839291750834,0.17401388259059025,0.37514572673823304
AIT-2023-10-001,PANW,-0.44762146621201665,0.1556854047863251,-0.4688024937331767,-0.6616573184717544,-0.07862546977261656
AIT-2023-10-001,PDD,-0.3146515877834497,-0.6506114579330617,-0.3890134870995358,-0.24419262558560548,-0.6612735188377329
AIT-2023-10-001,QCOM,-0.6371530045402447,0.5319014224642449,0.31481650396565025,0.5186925505595967,0.5556819569521488
AIT-2023-10-001,ROP,-0.802480854312753,0.054284020341042995,0.5570873008966056,0.6765354934404845,0.4254931967868214
AIT-2023-10-001,STX,0.2522925129514474,0.2693685029826398,0.7692113460027369,0.8899716191118177,0.3990824667296375
AIT-2023-10-001,SHOP,-0.6832341461978682,-0.8671951071338367,-0.6118704648549961,-0.13332475842545505,-0.20487860820877868
AIT-2023-10-001,MSTR,-0.8189296002071466,0.00797436698575793,1.0555367833715812,0.739808516136364,0.876606234697096
AIT-2023-10-001,SNPS,0.01220655287968165,0.06739067296724255,-0.12979656789144178,-0.0917033369515443,-0.0008034986208847613
AIT-2023-10-001,TXN,-0.252086245266788,0.5728168504634802,1.2223689842863088,1.0962776483643724,0.9467717098901609
AIT-2023-10-001,TRI,-0.8005479329550365,-0.014806690998253103,-0.1335286300925184,0.2925179131809466,0.46404622066607704
AIT-2023-10-001,WDC,-0.34276103881218134,0.019984455323072907,0.6862862896080483,1.7798372772673723,1.1210843268490724
AIT-2023-10-001,WDAY,-0.4398499748173625,-0.991468515674694,-1.0836238190691414,-0.8023710846484442,-0.7666255725616324
AIT-2023-10-001,ZS,-0.5013676759429176,-0.015669085880577,-0.7678887921231657,-1.0206743855899676,-0.7384999438487162
AIT-2023-12-001,ADBE,0.9650996036959043,0.02506778271837755,-0.9403433029299929,-0.7879398720708198,-0.5520717581707009
AIT-2023-12-001,AMD,0.9518482984421374,-0.5000227681187132,-0.6324558487496471,-0.24289307559557616,0.4596362349365528
AIT-2023-12-001,GOOGL,0.533325419616587,0.7099808359092418,-0.672995948227832,-0.7271648455170419,-0.6862646254286409
AIT-2023-12-001,GOOG,0.6526146790244483,0.2367959155522819,-0.9054621941078009,-0.8932509190197044,-0.7713078752292358
AIT-2023-12-001,ADI,0.45481965966163695,-0.061761823260737675,-1.150128242038104,-0.805379122968029,-0.5622799997273707
AIT-2023-12-001,AAPL,0.36982663340475186,-0.4777699374663339,-1.2938115344247239,-0.4975065516564283,-0.2895618864669488
AIT-2023-12-001,AMAT,0.18338980425420337,-0.4111894841211325,-1.454650365155741,-0.793891465995369,-0.22595838103527863
AIT-2023-12-001,APP,0.4066555664371092,-0.5739117163538991,-0.5431301440206641,-0.41918819109277367,-0.14715076199102758
AIT-2023-12-001,ASML,0.22411042274529905,-0.025625045003004873,-1.1672093685902434,-0.8789882899014501,-0.5141978609412362
AIT-2023-12-001,ADSK,0.8705217027323093,-0.3682286922508774,-1.5919394526527713,-1.024750540924678,-0.7401793327734941
AIT-2023-12-001,AVGO,2.3611197265371002,0.531813724683049,-0.07480880182246484,0.09483786414653882,0.24870276214165765
AIT-2023-12-001,CDNS,0.28029003565170973,-1.0542033880130282,-0.9151145947857738,-0.6875103127668013,-0.1980452962568953
AIT-2023-12-001,CTSH,0.4548944254308538,-0.02175520703908307,-0.9994431497975714,-0.7882084138309504,-0.1741012636190788
AIT-2023-12-001,CRWD,-0.17920252460736674,-0.4820250010455501,-1.2887893484590374,-0.9606985194152525,-0.4207656880637983
AIT-2023-12-001,DDOG,-0.43583575966044197,-1.162677463779801,-1.9225421333801167,-1.212734236436751,-0.761043621876479
AIT-2023-12-001,DASH,1.4689890973167676,0.14174158079747573,-0.5061624709910353,-0.43095892775863515,-0.24765227560130623
AIT-2023-12-001,FTNT,0.7086855610704063,-0.03177113510928059,-0.690396144528695,-0.4823971323856339,-0.047928681028949566
AIT-2023-12-001,INTC,0.19443491790311074,-0.42681560958579057,-0.06290626574610379,-0.05071894334925526,-0.04720459670049898
AIT-2023-12-001,INTU,0.15744027912692027,-0.47878235115596407,-1.5162826625277799,-1.2357319413220487,-0.8626264170757506
AIT-2023-12-001,KLAC,0.08410543536429926,-0.4690076599827877,-1.3289289953379708,-1.0186808706725907,-0.5799430918144718
AIT-2023-12-001,LRCX,-0.0598454446731438,-0.20146722345695442,-1.1154686833947198,-0.9477459873558309,-0.7261042607394324
AIT-2023-12-001,MRVL,-0.03550246920481245,-0.17103387136521925,-1.4583163435113822,-0.8908480663341117,-0.15654550215141877
AIT-2023-12-001,META,-0.3922974035711204,-0.7936542154718149,-1.356229189708449,-1.1719946283428206,-0.9223727255065316
AIT-2023-12-001,MCHP,0.504956855942416,0.5004830867377911,-0.9406288658516653,-0.4519157445876159,-0.06934923321016295
AIT-2023-12-001,MU,-0.24403701731387337,2.683188407563403,0.6234542861292477,0.2726138457925366,0.01578169391418245
AIT-2023-12-001,MSFT,0.44320154278928703,-0.5094288080668964,-1.3190906600581587,-0.9446431405210874,-0.5382339581908656
AIT-2023-12-001,MPWR,-0.4027090210219174,0.7388646551959617,-0.04378449716763455,0.016899148193403598,-0.1609603937834387
AIT-2023-12-001,NVDA,-0.3555999072407786,-0.9126352257734018,-1.6888081658771332,-1.250859428239108,-0.4399069541066221
AIT-2023-12-001,NXPI,0.6939417204733931,0.20422886077699953,-1.1713927801518855,-0.5424882256806907,-0.24986487868696566
AIT-2023-12-001,PLTR,0.2833435745376521,-0.40944854327740465,-0.6590922629795188,-0.50422640064343,-0.4945715530713249
AIT-2023-12-001,PANW,0.2876569103766553,-0.35885508746578443,-0.9204198971604582,-0.9054493883009783,-0.48277572117099965
AIT-2023-12-001,PDD,-0.06913656045622178,-0.8972973828607742,-1.204638349503061,-1.1176005783435976,-0.8277699485294379
AIT-2023-12-001,QCOM,0.5917933373788955,0.05075785476629374,-0.965761724334039,-0.6672923165735775,-0.25992449785089755
AIT-2023-12-001,ROP,1.3655847192157902,0.45442147505997293,0.01026724817470285,0.16165982734906933,0.024723234045508247
AIT-2023-12-001,STX,0.47537241531145175,-0.28699365134617827,-1.1865957676487255,-0.9291728787022483,-0.4275359110718801
AIT-2023-12-001,SHOP,-0.6539346190913042,-0.8575448263631756,-1.430945591522079,-0.9195486196551886,-0.6498415283340537
AIT-2023-12-001,MSTR,0.39552440162607705,0.6189679982710797,1.2186531624567276,1.332245814373778,1.5169534151444732
AIT-2023-12-001,SNPS,0.283877144934399,-0.463312516097353,1.0105771198429092,1.0941153894621978,1.6658103349070599
AIT-2023-12-001,TXN,1.0458571672450137,-0.1456961894910742,-0.8119623519268613,-0.5085429851043611,0.01748728653518914
AIT-2023-12-001,TRI,-0.665425266610825,-1.0447789846293656,-1.191301527589349,-1.2117590189680487,-0.7937603606709897
AIT-2023-12-001,WDC,0.874593549439099,1.1497061246553897,-0.03895266989881365,0.3021525372830793,0.5078707253912947
AIT-2023-12-001,WDAY,0.5076912347185549,-0.6677994766004012,-1.2473497741564696,-0.8089434987948017,-0.820970310625043
AIT-2023-12-001,ZS,0.1761446875652706,-0.7838452953085989,-1.57067702513278,-1.2550773483042925,-0.7859398978052491
AIT-2023-12-002,ADBE,-0.7286201657959931,-0.5470044835494943,0.11924671565390421,0.8030052705200831,-0.01112363155390275
AIT-2023-12-002,AMD,-1.771827180983717,1.2145287332088957,1.3906609663779175,0.7788920187671606,0.25413400270916897
AIT-2023-12-002,GOOGL,-0.7868488922369998,0.6676098305932678,0.26828504447260354,0.5086914032394347,-0.2369963035740851
AIT-2023-12-002,GOOG,-0.7035728695812741,0.23203073580796518,0.21215276681411255,0.561139965980857,-0.27763623001114873
AIT-2023-12-002,ADI,-0.2393962665236519,0.028743208238192514,-0.06121407501851608,0.2741970872705359,-0.317179092725649
AIT-2023-12-002,AAPL,-1.5081876512789647,-1.0359908101948845,-0.2173307700506467,0.10734398017897061,-0.23802129288394674
AIT-2023-12-002,AMAT,-0.47317978816659295,-0.31643606541636077,-0.06463089474650892,0.06517139637230095,-0.41008483748378655
AIT-2023-12-002,APP,-0.11891777874101866,-0.48424445989736115,0.13913790428577508,0.40609420461160356,0.0010224178059273913
AIT-2023-12-002,ASML,-1.236765012383307,-0.8935681155442574,-0.08974991661790765,-2.0923571431562133e-05,-0.5242443835006616
AIT-2023-12-002,ADSK,1.3320357278411832,0.16972414577119377,0.2582072847226699,0.7849433600009939,-0.13409427212495373
AIT-2023-12-002,AVGO,1.2627833716501038,0.9240075983912368,2.3568700539900713,2.2697733875933834,1.2240467376176107
AIT-2023-12-002,CDNS,-0.660123052136637,0.08684111890077927,-0.0470231444635352,0.10815416526038274,-0.29303768182256773
AIT-2023-12-002,CTSH,-0.4258867352042166,-0.7238239450733694,-0.3235854902306449,0.4505558108537013,-0.19939464973213217
AIT-2023-12-002,CRWD,0.405059272644605,-0.22377200475310027,-0.4942016147904365,-0.28472135889229333,-0.6338086629656312
AIT-2023-12-002,DDOG,-0.6276320746046895,-0.5023646086617981,-0.7699217092371938,-0.5740549103521713,-0.907072541833847
AIT-2023-12-002,DASH,0.6784804854050948,0.24042300151695112,0.9206468316038011,1.2405301924163217,0.4380435619089467
AIT-2023-12-002,FTNT,0.4690458162117765,-0.027535824791815683,0.14597951692766062,0.7135211455994014,0.12953395030428103
AIT-2023-12-002,INTC,-0.45432762960586726,-0.6891459288292927,-0.24913680117087,0.07986071626225323,-0.010981187818140968
AIT-2023-12-002,INTU,-0.32938334579591105,-1.1520738477464643,-0.5072718070699743,0.0424199541848504,-0.6604883300244504
AIT-2023-12-002,KLAC,-0.5497740903225621,-0.9167020946276424,-0.3265161934490279,0.05481036825338637,-0.5654500516674934
AIT-2023-12-002,LRCX,-1.1825063478718927,-1.1908557960806005,-0.48414545548757454,-0.1479687035705262,-0.6240444734067391
AIT-2023-12-002,MRVL,-0.4021224780080264,-0.41991954389884795,-0.3087407939014795,-0.15923228145968524,-0.5817181904832815
AIT-2023-12-002,META,-1.3641822237077543,-1.3877506957852594,-0.8124883092240719,-0.5433410835614635,-0.9323511548681238
AIT-2023-12-002,MCHP,-0.7164829349501607,0.2034136027373035,0.05021236133209326,0.4314228071526738,-0.0633870214097065
AIT-2023-12-002,MU,-0.49191730548578505,-1.0418341161262432,-0.5508490443637193,-0.03582759184336766,0.03345092622236912
AIT-2023-12-002,MSFT,-0.16016504014072952,-0.45184190267572466,-0.13869352663289541,0.312462123569247,-0.35394955814889445
AIT-2023-12-002,MPWR,-1.2603681683353496,-1.4061895389821601,-0.9490868935484743,-0.45740105174205165,-0.2642183738629205
AIT-2023-12-002,NVDA,-0.043024811935597054,-0.7468311096331369,-0.44729283746244497,-0.3443438499738718,-0.8231737660207126
AIT-2023-12-002,NXPI,-0.7621654087409165,0.31602265727231826,0.3531403625585041,0.5882309500743272,0.004600199115563091
AIT-2023-12-002,PLTR,0.39241198499426944,0.6127196856931746,0.19564237914360808,0.25564440999880794,-0.1179242539658905
AIT-2023-12-002,PANW,0.26723784837513526,-0.09897302463772469,-0.015064605128009593,0.18324376225370945,-0.37133393178041435
AIT-2023-12-002,PDD,0.530071383316285,-0.5838055710151292,0.0017003228649221543,-0.20583016014363648,-0.6694905717072064
AIT-2023-12-002,QCOM,0.33441210661956977,-0.08739373217806154,0.1460881419055211,0.43331503811847444,-0.10635798515044141
AIT-2023-12-002,ROP,0.2703307194994481,-0.5497656203421358,0.302309040056193,1.286338956947209,0.7097795750560035
AIT-2023-12-002,STX,-0.9137496739723462,0.12810213481102303,0.25217950407380507,0.24119599233253294,-0.37384196566526584
AIT-2023-12-002,SHOP,-0.6280409403979144,-0.39499619417653,-0.9333777819502119,-0.6491390605008251,-0.8360064186007007
AIT-2023-12-002,MSTR,0.589113586455364,0.07137746707775025,0.4546194134464832,0.5574444181619561,0.9595197950832826
AIT-2023-12-002,SNPS,0.14292051520046015,-0.6724688557135846,-0.32677545400199554,0.21360506087636313,0.7291371814949238
AIT-2023-12-002,TXN,-0.6382126648155473,0.5157606688859447,0.5010536247582631,0.8621235160586075,0.15821905159517702
AIT-2023-12-002,TRI,0.3435859938508033,-0.993623388692733,-1.073034583993677,-0.6721543852769624,-0.9490999184896151
AIT-2023-12-002,WDC,0.7892714936706611,0.037911770794540306,0.9020969510423669,0.873659611205415,0.6065618940098928
AIT-2023-12-002,WDAY,0.7427925164663377,0.27283394985245724,0.4099201923044215,0.34546206711706706,-0.23679784950890506
AIT-2023-12-002,ZS,0.5461781915141075,-0.4430341381508526,-0.06175063572339532,0.040637435222339875,-0.6141802794227722
AIT-2024-02-001,ADBE,0.18761312153493157,1.2522950488924869,0.6707076127527157,0.45384125744148296,0.9135788691646072
AIT-2024-02-001,AMD,-0.3400253034766236,0.8789065409401994,-0.05334948926227775,0.3114310529420128,0.518276378993472
AIT-2024-02-001,GOOGL,-0.25735186639653373,-0.6876598072508726,0.5224775151308879,0.7400136086225376,0.6019712995442822
AIT-2024-02-001,GOOG,-0.31217463286530683,-0.580507818832276,0.4818664664892851,0.6610979138799346,0.5527347546103446
AIT-2024-02-001,ADI,0.6941966169346432,1.1289986591536973,-0.21986556154914946,0.01119860616993447,0.1920720323083859
AIT-2024-02-001,AAPL,-0.2916668014093361,-0.45872779170033956,0.16826393742783133,0.6987757123922708,0.8272481804924225
AIT-2024-02-001,AMAT,1.4462791032507363,0.8611272525600469,0.6956797001848797,0.6324908956536656,0.4484666458426128
AIT-2024-02-001,APP,1.414448320702626,0.8167142466198651,1.300685220302894,1.2634527608744544,1.20078494806047
AIT-2024-02-001,ASML,0.5247752313948589,0.6485718555560342,-0.32174011323403967,0.2778442165928564,0.2880606274873596
AIT-2024-02-001,ADSK,-0.4461267800883374,-0.9271072851692567,-0.015051799298234783,0.4177681301447139,0.20821387451318252
AIT-2024-02-001,AVGO,0.0595276006406337,0.4092830343076336,-0.5156680565083198,0.2244725798336382,0.6497109162349388
AIT-2024-02-001,CDNS,0.7674571862919022,0.31641042730398766,-0.4785010537514682,-0.21456449418725024,-0.08872654581978782
AIT-2024-02-001,CTSH,0.43839757934297885,0.42646934858056984,0.1845428277863768,0.7066297304385691,0.9676607911131766
AIT-2024-02-001,CRWD,0.07856818369979297,0.4450212469113551,0.11177133775601884,1.2547786008028916,0.74213345558996
AIT-2024-02-001,DDOG,1.0585381708716322,-0.007876064351089798,-0.5700335631356405,-0.14818661381836853,-0.3588210422285038
AIT-2024-02-001,DASH,1.2472742248217088,0.7897750000553254,0.010331464745800182,0.2169232978067128,0.17406803957851655
AIT-2024-02-001,FTNT,0.016115119945789774,-0.1597181689838204,-0.42734214432892353,-0.2221591763780725,-0.39107455430654103
AIT-2024-02-001,INTC,0.18505271485822872,0.5084612484595741,-0.22266912289564644,0.2541122891289854,0.3294975068410255
AIT-2024-02-001,INTU,-0.2509142924481304,0.7845832768668586,0.22905258995934083,-0.22895338586150588,-0.13938708251341048
AIT-2024-02-001,KLAC,0.517547759137302,-0.4323525696195822,-0.6134821145882187,-0.2145579653008392,-0.018211732707989838
AIT-2024-02-001,LRCX,0.2196722948869366,-0.3246669967061003,-0.7338499681926652,-0.2782902897638951,-0.06411878040632171
AIT-2024-02-001,MRVL,0.6624143696592308,0.32059417583782723,-0.04684501801286891,0.5503633102457112,0.9670428526864876
AIT-2024-02-001,META,0.0738154443260261,0.039498875389791493,-0.7340635697968186,-0.7708898952543191,-0.814342278512604
AIT-2024-02-001,MCHP,0.7924354206210624,0.36325960197320856,0.057960097167709494,0.4292678915723906,0.5619231352763525
AIT-2024-02-001,MU,0.0019363417278426677,-0.04280287666938398,0.6622404512137448,0.7535306036556318,1.1612530546443718
AIT-2024-02-001,MSFT,-0.2555305919908646,-0.48483671798356787,-0.8360872425672382,-0.7179266025057464,-0.5365171724533185
AIT-2024-02-001,MPWR,0.6812446753213012,0.44356715492355425,-0.2997100329591147,0.049135920322455305,0.2264846682445833
AIT-2024-02-001,NVDA,0.4204964731496733,2.0403688568083505,0.6569251680563821,0.6748155727777436,0.9145826075584337
AIT-2024-02-001,NXPI,0.3193610840972856,0.42148012956034886,0.1893225618189256,0.3763606341901307,0.511726202254767
AIT-2024-02-001,PLTR,1.3730577752432422,-0.1910272013547341,-0.2269304368309907,0.22151840062065833,-0.020660581998352957
AIT-2024-02-001,PANW,0.20433858400990879,2.795668268507063,2.4720066430440992,2.0656280457921103,1.2738237012045412
AIT-2024-02-001,PDD,-0.9172403266221537,-0.37563834550525127,-0.7106918537817336,-0.6135496960909227,0.24102881498362633
AIT-2024-02-001,QCOM,0.4357014118643784,0.09068969957386908,-0.3894759577635203,0.2639158257186774,0.21367845790844195
AIT-2024-02-001,ROP,0.03710394457249457,1.4146712816424907,1.2982020317900689,0.810479419041886,0.43876700095124593
AIT-2024-02-001,STX,-0.5962892678095758,-0.4664337495475325,-0.05690991826764779,0.5821937891901766,0.6294689924837891
AIT-2024-02-001,SHOP,1.0614840142384905,-0.05426691600205746,-0.831033702262148,-0.933263803042583,-1.034542066200594
AIT-2024-02-001,MSTR,1.5182373527282431,0.2001900035893448,1.8437612651578774,2.381300875985937,2.7606003570392454
AIT-2024-02-001,SNPS,0.31972893650387035,1.736513961005934,0.42878588960677,0.23087444724901174,0.21554756947679463
AIT-2024-02-001,TXN,-0.4764611237708631,-0.46154106554881136,-0.4391980181348553,-0.09350014819837577,0.141014883335792
AIT-2024-02-001,TRI,0.7030822892424171,0.14480450154547547,-0.44966037577964557,-0.6154049051989727,-0.4333315052256693
AIT-2024-02-001,WDC,0.5611874057571958,0.00589051972470514,0.4980549434917103,0.9341193607568283,0.7301627266791101
AIT-2024-02-001,WDAY,-0.23684831867809272,-0.01723335966777137,1.1888973272635586,1.579170360666181,0.9772452686538141
AIT-2024-02-001,ZS,-0.09079656396808167,1.0911018682293412,0.9516241838161507,1.3612160572371936,0.7504849279439307
AIT-2024-02-003,ADBE,-0.5092379423763007,1.8084922722373622,1.5076680852472928,0.9569721595212886,0.8757957086343766
AIT-2024-02-003,AMD,0.0939726745357342,-0.5102943282354154,0.023698643068996217,-0.038506883874371726,0.33243350881845074
AIT-2024-02-003,GOOGL,0.283951278908233,0.6249924100724464,-0.1854586510505554,0.35635777813076625,0.6088462640152346
AIT-2024-02-003,GOOG,0.18630591328884397,0.34605644187712103,-0.3065866518576203,0.29623212207392524,0.5075846468531731
AIT-2024-02-003,ADI,0.45833160276256124,0.316202996547704,0.9480441211305396,0.18381592978079972,0.4608022191941388
AIT-2024-02-003,AAPL,0.03547068168889228,0.16867420362948463,-0.28745399117517606,0.1287506167655275,0.6269576675746134
AIT-2024-02-003,AMAT,0.37416033815399113,2.2734528629871367,1.5341724476747098,1.1540515660108357,0.8548415567728456
AIT-2024-02-003,APP,0.631580800299385,2.807791548572791,1.700105129034353,1.6608735033968953,1.361565927222213
AIT-2024-02-003,ASML,0.5378590601412867,0.16761315422060324,0.2850610291385068,0.003241756028211882,0.3582380692286679
AIT-2024-02-003,ADSK,-0.2298148747464817,-0.7510747669362683,-0.8266641872856099,-0.005598319182674505,0.14141278646232017
AIT-2024-02-003,AVGO,0.03236517239934823,-0.3098701652164658,-0.0165936589644133,-0.2550620825684496,0.4582758768537027
AIT-2024-02-003,CDNS,0.26761231072276054,0.5990471685139558,0.3491963569382824,-0.07081326106379887,-0.06833346413093795
AIT-2024-02-003,CTSH,0.5622392123414068,-0.1316060343642293,0.28590237008498504,0.25639875749767105,0.566282386370163
AIT-2024-02-003,CRWD,-0.18664638271533224,-0.5300504053280861,0.4911753458149875,0.37697455995081536,0.8745427113754635
AIT-2024-02-003,DDOG,0.794574372710852,0.7435688883923444,0.17820503240897634,-0.23660600442488533,-0.1159981590832191
AIT-2024-02-003,DASH,-0.07731799830363967,3.3234398106384226,1.721747122678061,0.8556326368330865,0.5842353250685167
AIT-2024-02-003,FTNT,1.0932684439356413,-0.9400011464148783,-0.2542101109058704,-0.3687857750810506,-0.23657839486070675
AIT-2024-02-003,INTC,0.07369563464365611,-0.14007989860825912,0.5217812547933124,0.08868405323629794,0.35874532396746717
AIT-2024-02-003,INTU,-0.5934986733239901,-0.010250777821347132,0.1924853822429269,0.0023137703348491815,-0.2198238494465872
AIT-2024-02-003,KLAC,0.2519517603439463,0.3704447178237722,0.03563491925835197,-0.17607160993791407,0.10200215892495428
AIT-2024-02-003,LRCX,-0.09667555015625814,0.034954226397294674,-0.261010368574122,-0.4722548326037883,-0.027465338909680562
AIT-2024-02-003,MRVL,0.49112891887676546,0.3227962363451211,0.214448667015075,0.16592306917807823,0.8226399378209608
AIT-2024-02-003,META,0.93065730963492,0.5774568419741459,-0.02234648763794354,-0.47908863426923015,-0.5264832434952477
AIT-2024-02-003,MCHP,0.9484147277129539,0.6615026770375758,0.5130824858965787,0.3169987676909665,0.7080469100575177
AIT-2024-02-003,MU,-0.28146784179998136,-0.051596641748282074,-0.21741307047814706,0.3854083162536877,0.586543427214669
AIT-2024-02-003,MSFT,-0.06417433871499188,-0.31696201275025815,-0.41370147178728683,-0.6844782742865458,-0.47526396109143515
AIT-2024-02-003,MPWR,0.6610562835498944,-0.15971027317499764,0.03786520685499955,-0.1761604002992869,0.056118385049345736
AIT-2024-02-003,NVDA,0.476298650667317,0.060455358028073294,1.1762384035444484,0.6554266339561353,0.9302689100257644
AIT-2024-02-003,NXPI,0.808807112096042,-0.4103021605073755,-0.07940989200923941,0.021094528227873846,0.37122532598552965
AIT-2024-02-003,PLTR,1.813947045736381,0.29597269435845,0.22311656891131912,0.07182102045844836,0.27801601066339654
AIT-2024-02-003,PANW,-0.217188183040635,-0.4675096570014777,1.8359181502265336,2.0204848018778483,1.4969755221964274
AIT-2024-02-003,PDD,-0.5118884601226015,-0.7547464050274816,-0.4786208121825149,-0.6891803849546457,-0.18700561466370894
AIT-2024-02-003,QCOM,0.6990049682565889,0.30510393768180305,0.27071991023034264,-0.011999713476575337,0.34812515214120776
AIT-2024-02-003,ROP,-0.06955504740528057,0.2709547300859843,0.5204203945562131,0.8625505127102083,0.4975497913409717
AIT-2024-02-003,STX,-0.31832391954720096,-0.8309042177257702,-0.5640351103976227,-0.08199372413527924,0.46690688918298867
AIT-2024-02-003,SHOP,0.6303291858950968,0.6689993575248663,0.14122887805266784,-0.43156215956886324,-0.7353629543712745
AIT-2024-02-003,MSTR,0.7676255740666869,1.5816195258382488,0.6046473087304061,1.5072711716953855,2.305165034887179
AIT-2024-02-003,SNPS,0.580267075626796,-0.033845924304467034,0.9171717593461935,0.4462986940657455,0.16535845368639143
AIT-2024-02-003,TXN,-0.2788055917252555,-1.004030108089921,-0.49209022960295146,-0.41175631274419994,0.050946424959094905
AIT-2024-02-003,TRI,0.24424365151693564,0.11801674028750467,0.29443964704837866,-0.21310896407033272,-0.2564403044264412
AIT-2024-02-003,WDC,0.7241340314507902,0.5067161835855704,0.29064932948214034,0.6920977922639495,0.7292428552244881
AIT-2024-02-003,WDAY,-0.6152224915022506,-0.08764010124746924,-0.1534926008008439,0.7562288340072288,0.9442478006155074
AIT-2024-02-003,ZS,0.061820969821367915,-0.88202772095851,0.5183009367316791,0.9062582820552083,0.7690406592699953
AIT-2024-03-002,ADBE,1.162727962036798,0.3912169551201529,0.16962456412864826,0.9721920125495771,0.9141699536665113
AIT-2024-03-002,AMD,-0.11930191711557796,0.6035962490138435,0.8129635700555683,0.7051868166229645,0.504790156405566
AIT-2024-03-002,GOOGL,0.3310853932385439,1.7302144876542314,1.1280688645875077,1.120000520420014,0.3491298775501311
AIT-2024-03-002,GOOG,0.21379805760758117,1.6355961564642498,0.7828114434462229,0.951907107874715,0.270263645268499
AIT-2024-03-002,ADI,0.21817384025767134,0.025290315166551298,0.30607476175117504,0.6097884649328962,-0.07643755524582328
AIT-2024-03-002,AAPL,-0.04850594077323321,1.8697555454974224,1.2305620443696224,1.193235349427716,0.8068762340104395
AIT-2024-03-002,AMAT,1.0628843576981628,0.5019178683901152,0.4353280230138396,0.38193714065666123,-0.23758614089550706
AIT-2024-03-002,APP,1.3588988412591574,1.016783236028733,1.030092649268914,1.0970367569962798,0.9278506897989048
AIT-2024-03-002,ASML,-0.22465010814559846,0.7776466806834683,0.9393150616542414,0.5833910607362424,0.09671853471252646
AIT-2024-03-002,ADSK,-0.18307529227352226,1.066536687331483,0.13089355692722215,0.16709289862326093,-0.18085530243232706
AIT-2024-03-002,AVGO,-0.46434440257167364,0.678159575106337,1.1582221724819095,1.1156137459904163,0.6748322634246214
AIT-2024-03-002,CDNS,-0.2874424556949541,0.3444808438742315,-0.1975619360879345,-0.1274237878316703,-0.1392527529244738
AIT-2024-03-002,CTSH,0.1247346902188954,1.4606858129476175,1.1169703299407354,1.1020665071391627,1.2788597401158457
AIT-2024-03-002,CRWD,0.3258625514282628,2.195499078312943,2.2328841097975687,1.2764186905485555,0.3917389986305423
AIT-2024-03-002,DDOG,-0.35351971095219875,0.8523751302700364,0.29762806281957804,-0.09568282873090334,-0.7050268641465718
AIT-2024-03-002,DASH,0.7385501770594048,0.7848963167938072,0.38832618662650825,0.3205524128237079,-0.13263679243803164
AIT-2024-03-002,FTNT,-0.2978157732451494,-0.1574835168669585,-0.19485069272342323,-0.20534653027967972,-0.6393844018093079
AIT-2024-03-002,INTC,0.02561663011153971,1.131233443475832,0.7607406916541106,0.5009144359165005,0.3961317721193335
AIT-2024-03-002,INTU,0.11690397297473759,-0.577688504919144,-0.7418997952480378,-0.3302046596759837,-0.3795397504965438
AIT-2024-03-002,KLAC,-0.3605218493663523,-0.07555766690243487,0.245005165692589,0.28807047207295605,-0.1098673870880611
AIT-2024-03-002,LRCX,-0.5305166267480131,0.09133709165731224,0.4090008911612703,0.3364178017073653,-0.21191025958115609
AIT-2024-03-002,MRVL,-0.037696553054269805,0.6408697675707506,1.5188391551213467,1.3889959000414343,1.0118073085765167
AIT-2024-03-002,META,-0.5979039764988678,-0.9957290955130482,-0.6054588046586952,-0.65699814984069,-1.1868834247482793
AIT-2024-03-002,MCHP,0.06472158948016735,0.061037583099548175,1.014931154960653,0.9481613609686964,0.2979766739748036
AIT-2024-03-002,MU,0.36673807309171247,0.5211796724444567,0.7660384927709547,0.8741087303780769,1.7666728629531407
AIT-2024-03-002,MSFT,-0.687682288435069,-0.3621596536951437,-0.6967712533371434,-0.2800383173197656,-0.5858818306419393
AIT-2024-03-002,MPWR,-0.32713081575707526,0.4809533736441527,0.3120425193482717,0.3278712007858236,0.13943965214359372
AIT-2024-03-002,NVDA,0.7413071499880021,0.702492767169321,1.2412063735505223,1.186546833238676,0.8046359675938144
AIT-2024-03-002,NXPI,-0.06732066195852011,0.47239827262347645,0.4607257777860305,0.6860907602505293,0.21649807685237268
AIT-2024-03-002,PLTR,-0.0703543409766529,-0.20352547798589954,0.6751488174380388,0.28396537005818084,-0.3053296602258994
AIT-2024-03-002,PANW,2.3111884829765903,1.1841875382309888,1.175023328662665,0.8443330582256457,0.37176576804229444
AIT-2024-03-002,PDD,-0.5665844166533515,-0.6976989137663784,0.20885546002144817,0.4087832467532993,0.5520795142911175
AIT-2024-03-002,QCOM,-0.1651160317698637,0.7978684503581496,0.8505631917502097,0.6115840575498948,0.01088535204325273
AIT-2024-03-002,ROP,0.895805711814229,0.22054857685740356,-0.1215029979233155,0.04450259321250738,-0.046622307725274835
AIT-2024-03-002,STX,-0.17699555819772878,0.6304154237378347,0.9616354779750163,0.9854889817983647,0.8115699811631684
AIT-2024-03-002,SHOP,-0.5226065881187538,-0.8491987297821519,-1.1017489774649605,-1.1956706218042799,-1.4816971863301396
AIT-2024-03-002,MSTR,1.247467377747499,3.6175625157940283,2.9714627055690905,3.028248677470644,2.7197425019723034
AIT-2024-03-002,SNPS,0.4685972111539758,0.22354131395871288,-0.26506795485520823,-0.16488069737606723,0.07861461443811206
AIT-2024-03-002,TXN,-0.43912603753153223,0.14225437174675035,0.22425758042755994,0.5253028395278201,0.015548900998891804
AIT-2024-03-002,TRI,-0.1334539077587355,-1.2018940663051354,-0.5569982683080551,-0.28049321703860297,-0.2440358621238737
AIT-2024-03-002,WDC,0.47287969922446366,0.9569829139472512,1.0899786568267946,0.6560319590160255,0.8609169577594121
AIT-2024-03-002,WDAY,0.7115886734132935,2.9957279806124366,1.6624153727659883,1.0899267048466708,0.4455027712134355
AIT-2024-03-002,ZS,0.9899059032030251,1.8229039548492194,1.2330504160254103,0.7506415374341284,0.22057070207521642
AIT-2024-04-001,ADBE,0.904251903696158,0.1383147714051895,0.264414349136068,0.26306408464253644,0.049746058524673856
AIT-2024-04-001,AMD,0.3501384464754702,0.25196539357623765,-0.22744929581899256,-0.13772725781373601,-0.29034582458237795
AIT-2024-04-001,GOOGL,-0.5023326764440665,0.10623174290686757,-0.2936357681042429,-0.38110656078520616,0.03385527318325591
AIT-2024-04-001,GOOG,-0.4433877070795036,-0.18406262389477937,-0.5083208979086092,-0.5949040173844211,-0.100536797482314
AIT-2024-04-001,ADI,-0.8345482412103118,-0.8794644503856583,-0.26752335359370033,-0.3010277197650167,-0.030967366654658074
AIT-2024-04-001,AAPL,0.4047831347779523,-0.3239262304410887,-0.7460732864058652,0.13548124244291476,-0.002942831271773337
AIT-2024-04-001,AMAT,-0.9676130637854337,-0.6060710120974598,-0.8875994826988772,-0.6851868073587472,-0.5908097041462599
AIT-2024-04-001,APP,0.6114119618265172,1.4658207118608786,0.9174991778255337,0.5685317252306696,0.5192167560558582
AIT-2024-04-001,ARM,0.11024232263792885,-0.703444606768968,-0.39117196239281576,-0.33355493308873396,-0.13958644159418143
AIT-2024-04-001,ASML,-0.49459012783669476,0.18887697678663387,-0.2606828020606294,0.27434284759026667,0.32239844850033944
AIT-2024-04-001,ADSK,-0.6525763447735522,0.19791515686161978,-0.1202588675580392,0.5182807549678343,0.8534673339140155
AIT-2024-04-001,AVGO,0.2635073251172005,0.21344042100890656,-0.41694210564611467,-0.22992400799923918,-0.1430446782500431
AIT-2024-04-001,CDNS,-0.018289935090217972,-0.55272263758204,-0.7497405371089244,-0.4991707826189636,0.3434070744683928
AIT-2024-04-001,CTSH,1.3543792902284044,0.2665330793547286,0.36708092871950093,0.032489302599073726,0.19733940602544983
AIT-2024-04-001,CRWD,-0.5428462631516607,-0.6817039122738613,-1.1021175612946335,-0.9968011984399516,-0.923386539295507
AIT-2024-04-001,DDOG,-1.3819150591241784,-0.7215705199714486,-1.041035330779027,-0.5789998740595029,-0.3910601508603879
AIT-2024-04-001,DASH,-0.6667583725680323,-0.7167280957036877,-0.737169594591082,-0.807618090231572,-0.2539965811902275
AIT-2024-04-001,FTNT,-1.166746304553996,0.5309804561727214,-0.21462241586733857,-0.5559932789618379,-0.6864235995647576
AIT-2024-04-001,INTC,0.39402580804239207,1.675973016444459,1.4875949325133873,1.0605240218943282,1.138123673986512
AIT-2024-04-001,INTU,-0.539256047663754,0.2923121993590122,-0.30753434101901667,-0.1821215060312321,-0.2336871701796677
AIT-2024-04-001,KLAC,-0.5696956120289591,0.03688573880778365,-0.6995162803434324,-0.37900099624643047,-0.11389165312744794
AIT-2024-04-001,LRCX,-0.7933339036574787,-0.5069613349514617,-1.127374287261897,-0.822528200491173,-0.04438172059178837
AIT-2024-04-001,MRVL,0.7355094723538487,0.44382742907755873,0.16109213944264425,0.348807039705825,0.2700835512774421
AIT-2024-04-001,META,-1.646606847299576,-0.17046024108477426,-0.6956244516572013,-0.9954365998456715,-0.19791619559729443
AIT-2024-04-001,MCHP,-0.4469636465239984,-0.3715345414297748,-0.23390636468822892,-0.2361816897663976,0.18161390295771954
AIT-2024-04-001,MU,2.979525072930826,2.9381471753556445,1.9853482869085888,1.6639642189311565,1.4082608371832737
AIT-2024-04-001,MSFT,-0.7980098331735294,-0.8869982991108512,-1.2912245461692966,-1.1016118582000949,-0.5886346460636931
AIT-2024-04-001,MPWR,-0.03317456422029638,0.23369312501110767,-0.127541946412309,-0.2635154942772631,0.017353435746580666
AIT-2024-04-001,NVDA,0.4272233928128889,-0.4733011357963005,-0.5041117841009211,-0.37795865336430945,-0.07022057815089892
AIT-2024-04-001,NXPI,-0.26605865010512464,-0.6608480676401632,-0.6867850602839861,-0.41286633527320205,0.23056425875148615
AIT-2024-04-001,PLTR,-0.9215921224400494,-0.6514746408536503,-1.270501821566693,-1.305040453172358,-1.3189448108503845
AIT-2024-04-001,PANW,-0.21533521058171198,0.17317357267924077,0.07809025517059931,-0.10666933798395134,-0.2241044841663195
AIT-2024-04-001,PDD,1.022255672609238,-1.3772412340054685,-0.8461616527388666,-0.7601629405260341,-0.29792351957638163
AIT-2024-04-001,QCOM,-0.6956802479378269,-0.028453229310025058,-0.7295629155874032,-0.5582260787165151,-0.3305233976657425
AIT-2024-04-001,ROP,-0.34854376375983587,0.9568501600100436,0.056369252434999885,0.1991987975420755,0.5512881709779931
AIT-2024-04-001,STX,0.5288110272395701,0.1550210337803214,0.3652563015607538,0.3476958172989042,0.5169808238559144
AIT-2024-04-001,SHOP,-1.6677119932404911,-0.28900555784293047,-0.9653343439792353,-0.5837435183968974,-0.7159680506762004
AIT-2024-04-001,MSTR,1.749584925177419,1.1194983199811408,1.1066596087819385,0.9612936518389298,0.7421559525758972
AIT-2024-04-001,SNPS,0.5028365816716847,-0.09364162927375799,-0.23759313715457472,-0.09414570151848664,0.059961050299131735
AIT-2024-04-001,TXN,-0.46875520581034746,-0.0024225204682783996,-0.15526256316290843,-0.21947615772194162,0.3351586846175231
AIT-2024-04-001,TRI,-0.091478109017919,-0.012385583143455225,-0.5349396996317811,-0.374155351636138,-0.15388310422775145
AIT-2024-04-001,WDC,0.978148651767611,1.6428770423585757,1.3228749601030343,0.9447005433188089,1.0349259597679517
AIT-2024-04-001,WDAY,-0.3003517384917609,-0.42055244276216414,-0.31191490483016326,-0.33272665014292363,-0.12985357920737467
AIT-2024-04-001,ZS,-0.3669896108131566,0.1359145562010678,-0.21723148216118424,-0.3545622483733069,-0.39824221222351447
AIT-2024-04-003,ADBE,0.4519060045274452,-0.5788292182356094,-0.32395809560866384,-0.23366696184377386,-0.17079261094410803
AIT-2024-04-003,AMD,-0.20377000501244952,0.11366406424649855,-0.2953687266564984,-0.3521474429636526,-0.8751444117145397
AIT-2024-04-003,GOOGL,-0.21970089531109385,-0.9336035913655691,-0.5120551322159093,0.41641636410244587,0.05543669761247559
AIT-2024-04-003,GOOG,-0.46325566959231806,-1.1381887921478602,-0.6934338478599207,0.3774460326076584,-0.0881657913326447
AIT-2024-04-003,ADI,-0.14504598437873267,-0.366445157400693,0.6171762593352573,0.2660673489849454,-0.06476362939951075
AIT-2024-04-003,AAPL,0.06225383749379102,-0.6262771169244901,-0.3256679257654241,-0.1854433981940252,0.31056063528327305
AIT-2024-04-003,AMAT,-0.6832265581832638,0.36933079200872543,0.12653982917899367,-0.35535231341853124,-0.8066767599507081
AIT-2024-04-003,APP,0.6641256090652166,0.17377449756103003,0.10516948293328632,0.36575191814663,0.6988638032795474
AIT-2024-04-003,ARM,-0.4493465506855995,0.8081819177143693,0.821288447998939,0.16844850962125638,0.22749820284194905
AIT-2024-04-003,ASML,-0.13446601430538807,2.2631155288692337,1.1422619431344467,0.64338950546551,0.015080112401316242
AIT-2024-04-003,ADSK,0.049915131906634075,4.1171150902604445,2.3994187576976707,1.6007192619444448,0.988577913019992
AIT-2024-04-003,AVGO,-0.20568429851960182,-0.0348746487933088,0.06468601711098947,-0.04642720690662012,-0.33932512457893077
AIT-2024-04-003,CDNS,-0.5838633158418912,0.7480728976581534,1.66945150091692,1.329266338677343,0.5454046389906108
AIT-2024-04-003,CTSH,0.15424771238091323,0.02769219288960839,0.13183122843663445,0.23108211735658263,0.21658334016672431
AIT-2024-04-003,CRWD,-0.9734086206103151,-0.7702576238816011,-0.6333734487697471,-0.7962098445632608,-0.5152464589104537
AIT-2024-04-003,DDOG,-0.5414834607103446,-0.4372564541601341,-0.15940546282671342,-0.11693749888653439,0.2475842036246196
AIT-2024-04-003,DASH,-0.7347147357024657,-0.5891930253537488,0.024143359919372154,0.27766490494132223,0.6366481666199677
AIT-2024-04-003,FTNT,-0.32007078539433587,-1.250166576469466,-0.9454030634360154,-0.8041177103095837,-0.08318803792111315
AIT-2024-04-003,INTC,1.4084487909195549,0.28562527432816,0.6044486390087354,1.1918840894515064,0.8631354523857152
AIT-2024-04-003,INTU,-0.12642772060234586,-1.0037542876131202,-0.21709119589259443,-0.2747401160521967,-0.5852647905601248
AIT-2024-04-003,KLAC,-0.5391117675993891,0.3938744501098099,0.06803487624855602,0.2501936709212458,-0.1857728132778503
AIT-2024-04-003,LRCX,-0.895315192794383,1.9524140981110916,1.4170661107858777,0.9532870269148591,-0.05047175308804806
AIT-2024-04-003,MRVL,0.468353590593295,0.11241532125437756,0.07577473128428766,0.1445895895121745,-0.13634644567848891
AIT-2024-04-003,META,-0.7442001131468367,-0.795246710991037,0.08462261851990116,0.6092999045263571,-0.11647716214084067
AIT-2024-04-003,MCHP,-0.17882583148328526,0.1723187837604935,0.45056274617479364,0.6032643327780851,0.35138526055215485
AIT-2024-04-003,MU,1.4064121627137054,1.736945044118866,1.3261500941127717,0.9227035101591589,0.5125550053419284
AIT-2024-04-003,MSFT,-1.0335020240567505,-0.7678359279640359,-0.6181514861941103,-0.08236198498319415,-0.5895731080493186
AIT-2024-04-003,MPWR,-0.2708131243466455,0.4580705186430172,0.5067978601505884,0.31678003877387745,0.12471396170308081
AIT-2024-04-003,NVDA,-0.4149271563542609,0.0589186933850323,0.5505328108965852,0.25908015627569675,-0.2683578608858704
AIT-2024-04-003,NXPI,-0.41229329094527256,0.6262412700951714,0.8068068202415054,0.8568792396480084,0.2516473946134603
AIT-2024-04-003,PLTR,-1.1946942288085474,-1.2928115427421327,-1.1510648223257476,-1.2638181573393057,-0.5669314938113651
AIT-2024-04-003,PANW,-0.019809135948977413,-0.15862657197294072,-0.1367530093767715,-0.31796177122690783,-0.3630228802410891
AIT-2024-04-003,PDD,-0.6965161040478101,-1.031307434787004,0.19011688767690035,0.04721315215217366,-0.044637448376170806
AIT-2024-04-003,QCOM,-0.5769575881258793,0.24960712791973974,0.004542559726164723,-0.03205326572116773,0.02850654259090158
AIT-2024-04-003,ROP,0.2869202798914471,0.16539209400858756,0.5209908521496729,0.8889410315560536,0.5932063226601962
AIT-2024-04-003,STX,0.2465305211444118,0.17231690005257255,1.072973093842508,0.6703817473815994,0.0829081529995428
AIT-2024-04-003,SHOP,-0.49564359845863876,-0.5844482692471293,-0.5852376063000911,-0.6901562546632777,0.13681124315956184
AIT-2024-04-003,MSTR,0.8200007583975275,0.9105523372017417,0.5527037846753817,0.4569680127851292,0.37237103059939536
AIT-2024-04-003,SNPS,-0.1779072032631323,0.5645854768907348,0.7007378527126725,0.2578236416377008,-0.20585078557433953
AIT-2024-04-003,TXN,-0.10476010788297506,0.07070110951471824,1.0600116273956937,0.8691758491173228,0.4306844075589981
AIT-2024-04-003,TRI,-0.3756624083331383,0.48249343243059123,0.25097544775043484,0.17341396352963034,0.39603030638612036
AIT-2024-04-003,WDC,0.9671366589658423,0.3417555561185078,0.7147933500769982,1.0143034363723844,0.6779529934359227
AIT-2024-04-003,WDAY,-0.36337196536907984,-0.5061662345026992,-0.5022041421852836,0.08021251177858951,0.3837943934097933
AIT-2024-04-003,ZS,-0.2928650236003434,-0.45438732335774235,-0.24297927371801809,-0.45606632453110496,-0.3974792008218201
AIT-2024-04-004,ADBE,0.4599598479290308,0.010259093862674679,-0.28045048778375997,-0.18403730460099907,-0.14159490744814102
AIT-2024-04-004,AMD,-0.1677796063683686,0.02717278743242063,-0.5972093749427032,-0.4648553481768763,-0.872044703176846
AIT-2024-04-004,GOOGL,-0.2776276052291366,-0.28881394497170065,0.0010112095156892635,0.4509894931983478,0.09573865432593323
AIT-2024-04-004,GOOG,-0.4988035297157143,-0.6705093989372826,-0.24683900019677743,0.397201405667524,-0.07300260198554778
AIT-2024-04-004,ADI,-0.08066504395014974,0.25055822966768176,0.7127607952083034,0.27005763205371996,-0.05254128822713875
AIT-2024-04-004,AAPL,0.2544028354090118,-0.0745834822495442,-0.32042676933381764,0.03354143162746577,0.3304639061808398
AIT-2024-04-004,AMAT,-0.6366137132407176,0.409349134357784,-0.06081519741312571,-0.4999963310220458,-0.7617397244648301
AIT-2024-04-004,APP,0.45173371484205155,0.24088202811171655,0.28945344364312847,0.3509064947387262,0.738511906291956
AIT-2024-04-004,ARM,-0.4357330034425727,1.073749717033196,0.5810229496594016,-0.0060211510661697795,0.16666604979315394
AIT-2024-04-004,ASML,0.0075670717050106105,1.7585075094299771,0.6505125742591779,0.32283820501234506,-0.16130048901143323
AIT-2024-04-004,ADSK,0.20482692281042025,3.1547474030682547,1.9205750413521905,1.2591026816094113,0.797120501911585
AIT-2024-04-004,AVGO,-0.3074827643141291,0.6039349054988395,0.1367527304404695,-0.014300066127360461,-0.32746698000664454
AIT-2024-04-004,CDNS,-0.44861053312593413,1.6138729838455106,1.9725715477583279,1.4408223637504436,0.5662105106049722
AIT-2024-04-004,CTSH,0.02387859993189582,0.7792852600686904,0.24734145323540227,0.48293562038515375,0.3098974381401702
AIT-2024-04-004,CRWD,-0.9901517354063343,-0.4151361932308951,-0.6736326409500858,-0.6787124519470855,-0.5195260912743773
AIT-2024-04-004,DDOG,-0.516739636659049,-0.39037507247231285,-0.21444008209469834,-0.0981224805736784,0.24609083671813867
AIT-2024-04-004,DASH,-0.7903756270248226,0.09426384384702718,0.3470486523999368,0.7307634108727171,0.6453292212177971
AIT-2024-04-004,FTNT,-0.5577004193426305,-0.8328673480292612,-0.9098910916859123,-0.6263861204369492,-0.05785208742595492
AIT-2024-04-004,INTC,1.056469220691155,0.7839513319965214,0.8114490911247261,1.2174212934621755,0.8581428442317789
AIT-2024-04-004,INTU,-0.19924818652044288,-0.4196297249039636,-0.15718699897957245,-0.27560027162441825,-0.6072849554004071
AIT-2024-04-004,KLAC,-0.4801083556180196,0.2327867238512342,0.01259540417768575,0.09331308029670295,-0.2509807670973513
AIT-2024-04-004,LRCX,-0.9805198771864794,1.6575940689610649,1.3052663661516328,0.741325647071427,-0.14212478888407126
AIT-2024-04-004,MRVL,0.39422276088536146,0.6089680381576441,0.16551902160696771,0.2027380068358734,-0.06946787396656849
AIT-2024-04-004,META,-0.7947500356888041,0.1560958905215457,0.9197170508589356,0.6665018121309877,-0.07131996222021833
AIT-2024-04-004,MCHP,-0.14538429912094664,0.6969495402528911,0.5804441327946127,0.6389751888177682,0.37169484014069504
AIT-2024-04-004,MU,1.1693524460809972,2.0605725451580983,1.180056761546215,0.8022690278321462,0.45101582785468797
AIT-2024-04-004,MSFT,-1.0170294057962126,0.29537614015178504,-0.10571410872613478,-0.041687047040728335,-0.5645278369556352
AIT-2024-04-004,MPWR,-0.31490453739005814,0.8744579544835664,0.422658443136856,0.5068025410488602,0.08963408813584348
AIT-2024-04-004,NVDA,-0.40859448822662636,1.0271840179617362,0.46828818079602136,0.18084960399773034,-0.331060155281215
AIT-2024-04-004,NXPI,-0.2655407936177751,1.0836233723209356,0.8307209075161558,0.9016720523487312,0.23129799357284903
AIT-2024-04-004,PLTR,-1.1584790839207941,-0.9754449302499886,-1.1945702055990561,-1.252958955903036,-0.5708354281037545
AIT-2024-04-004,PANW,-0.04197762967528699,0.18955299949596924,-0.18328338584722284,-0.31479359072196844,-0.35253468239871477
AIT-2024-04-004,PDD,-0.607930863097745,-0.24738822497013294,0.3811926758981692,0.3565818616140344,0.03770895279527836
AIT-2024-04-004,QCOM,-0.6038289790683921,0.5874521052254047,-0.1177330801547805,0.26362050710808843,0.029191382027984405
AIT-2024-04-004,ROP,0.05504303053445072,0.8256681074321923,0.5954771125710708,0.9718593565079118,0.647755815190606
AIT-2024-04-004,STX,0.2280752193037428,-0.038190181654202016,1.0355932105211978,0.4844596559933107,0.010689897175679
AIT-2024-04-004,SHOP,-0.5130448212148764,-0.22437827335666072,-0.6748262888581417,-0.7917717889181021,0.15529629789030489
AIT-2024-04-004,MSTR,0.795776014272027,0.6787918183169095,0.3217283515653914,0.41839317298909007,0.3429453424615292
AIT-2024-04-004,SNPS,-0.13137919828620903,0.6396068073703964,0.6289549410615783,0.2543312972085347,-0.26044481537621894
AIT-2024-04-004,TXN,-0.08773649336377289,1.1960745815619598,1.3760244503273518,0.889831972822718,0.45895721743488105
AIT-2024-04-004,TRI,-0.37020812653716384,0.6481463462489099,0.12374435594331623,0.5095802166378225,0.3601791039335908
AIT-2024-04-004,WDC,0.769144395774301,0.395721600426876,0.7827181439941228,0.9925467902434331,0.6385942070717346
AIT-2024-04-004,WDAY,-0.2312821641659267,-0.2800632522391155,-0.44727662766885956,0.308610696358819,0.4296400312693097
AIT-2024-04-004,ZS,-0.3107324613644439,0.09220342963973774,-0.3047439933778538,-0.5017307671106368,-0.3725556936194737
AIT-2024-04-005,ADBE,0.07952141156071114,-0.5332352546862792,-0.25254995178896844,-0.28102542324628077,-0.2772847177863479
AIT-2024-04-005,AMD,-0.15383091799114412,-0.9571618012819736,-0.879984319679051,-0.7156186959181123,-1.0057095647555183
AIT-2024-04-005,GOOGL,-0.35193922065003685,-0.7746363962750987,0.9255633124283271,0.5077494898496485,-0.00435180530103161
AIT-2024-04-005,GOOG,-0.6151672411714757,-0.6097752303292093,1.0909189654169567,0.4928533135194057,-0.11142534168962001
AIT-2024-04-005,ADI,0.16935412619309687,1.6051911449825675,0.3421174937375413,0.03076203592512471,-0.14447097050798396
AIT-2024-04-005,AAPL,0.4885675027851707,-0.4672006505269004,-0.10555035171520234,0.6930626824220922,0.22023684351018352
AIT-2024-04-005,AMAT,-0.31122513659604084,-0.590176259737982,-0.9954570712429455,-1.003840128415303,-0.8299905259208943
AIT-2024-04-005,APP,0.17871508044839682,0.21690765771906295,0.6173705809740461,0.35257513668626633,0.8325204727825929
AIT-2024-04-005,ARM,0.0987289327079201,0.45689799584517776,-0.290900579108574,-0.31348903246242893,0.0213558863029045
AIT-2024-04-005,ASML,0.7334464867889332,-0.15399522990513137,-0.17821697047488527,-0.20841164372476015,-0.46958989925370465
AIT-2024-04-005,ADSK,1.3594832960251038,1.3169407536931987,0.8447785920688288,0.7078611918115755,0.4127544233969669
AIT-2024-04-005,AVGO,-0.05204535313545606,-0.40953772987391124,-0.373172253750969,-0.3684176902478373,-0.48086193511058245
AIT-2024-04-005,CDNS,0.1619204650325527,2.626192057434096,1.441232648176193,0.8179441136696785,0.20626006768313523
AIT-2024-04-005,CTSH,-0.12067658362334516,0.02109774645900281,0.1353315863809074,0.4042555559095673,0.1906326958479147
AIT-2024-04-005,CRWD,-0.7817960377349474,-0.8783855667970665,-0.9588339485712217,-0.49283048957469267,-0.5671011349711803
AIT-2024-04-005,DDOG,-0.24581953841854876,0.21205465118092492,-0.028096120037149567,0.44363942106057996,0.1736122253014629
AIT-2024-04-005,DASH,-0.5518838233729048,0.13305012416518933,0.23795920427810324,0.9297440707116373,0.6980930861788417
AIT-2024-04-005,FTNT,-1.000887473779044,-0.9747142588181469,-0.7822107635147674,0.21528840889809742,-0.11120404831934491
AIT-2024-04-005,INTC,0.7856858956975357,0.7499778843585296,1.5579721319005424,1.053622211327012,0.7514904731351799
AIT-2024-04-005,INTU,-0.34115213826891805,0.31727255150878214,-0.140091149450419,-0.47418408454392824,-0.6861549397731489
AIT-2024-04-005,KLAC,-0.15629940764654432,-0.4528376266494044,0.07573717871854628,-0.03358304978209469,-0.40325170393665044
AIT-2024-04-005,LRCX,-0.19227169066008268,0.9681705621867345,0.576980081092104,0.08632533517454401,-0.3901328995905112
AIT-2024-04-005,MRVL,0.5015915419204029,-0.2926623522698414,0.04933376904563919,-0.12185592622020903,-0.19746122859036738
AIT-2024-04-005,META,-0.9261633404127867,0.735229655076499,1.2684255826993975,0.5367220112844704,-0.2497729464868365
AIT-2024-04-005,MCHP,0.03083341561824117,0.7641244944500794,0.7093918761323609,0.8671199818708003,0.2799063074344302
AIT-2024-04-005,MU,1.1618960301166708,0.7036107125083535,0.5034296073648002,0.41709948374097117,0.23042594474142852
AIT-2024-04-005,MSFT,-0.7279072211747144,-1.3029698074498102,0.03347906801571023,-0.26631185146962816,-0.6966154393072973
AIT-2024-04-005,MPWR,-0.18257911493715714,0.6067190725473822,0.006946608414849818,0.39934651245864605,-0.1481114268551141
AIT-2024-04-005,NVDA,0.09248571772046738,0.07262529627758774,-0.1708303255423496,-0.23186325436007776,-0.6566097567299289
AIT-2024-04-005,NXPI,0.1483022742767148,1.3287446285661733,0.97719805946631,0.6947711109846343,-0.0672161755328752
AIT-2024-04-005,PLTR,-1.2636430357314583,-1.077934383415575,-1.3296399377042711,-0.518368393271291,-0.6128355939817068
AIT-2024-04-005,PANW,-0.0752666417218902,-0.21684047056592431,-0.4608292686800118,-0.3510217814995118,-0.20286020102130176
AIT-2024-04-005,PDD,-0.5701188316796494,0.6735386978692828,0.3190837784918411,0.2702189781388049,0.17206022320729217
AIT-2024-04-005,QCOM,-0.2768392539719843,-0.6233061771445801,-0.521551073259228,0.18504689163345908,-0.011901401121925911
AIT-2024-04-005,ROP,0.3437888584296409,0.30289889399805037,0.9653814511574578,0.9722551039620768,0.6569991027055343
AIT-2024-04-005,STX,0.24671630241080525,2.3468743578371782,0.9677953523235199,0.16042491899438918,-0.06001543204860664
AIT-2024-04-005,SHOP,-0.34217021413706794,-0.6463995916506037,-0.7629857266134449,-0.6238236532986305,0.29356849794779644
AIT-2024-04-005,MSTR,0.6843030408754216,-0.016970146847277122,0.1115929650499965,0.2907244894653046,0.3015786465116552
AIT-2024-04-005,SNPS,0.18160912034893245,1.1234117045070104,0.2169096245556338,0.007848174179422018,-0.5057719019088286
AIT-2024-04-005,TXN,0.1402001870663102,1.845371452039763,0.9772823112748461,0.564220550640571,0.3195685161831836
AIT-2024-04-005,TRI,-0.06630047123884356,-0.26082649990557816,-0.12402291002684813,0.5831793462621294,0.22690982254846379
AIT-2024-04-005,WDC,0.5081127680327895,0.9292888244215222,1.2176192482329173,0.9099075611192375,0.5823099455123305
AIT-2024-04-005,WDAY,-0.3264196175019936,-0.5743174487565228,0.2470768594639304,0.6836260899046754,0.5533451400594941
AIT-2024-04-005,ZS,-0.3234798867525112,-0.15141915598856495,-0.49773996322254194,-0.5402079845301345,-0.4272357039385518
AIT-2024-05-001,ADBE,-0.2317800554578739,0.3746131217398404,-0.06936382483191245,-0.26058867891423665,0.13828778761919697
AIT-2024-05-001,AMD,-0.8509780889675862,-2.166937269579991,-0.8844416250989032,-0.6373342730491212,-0.5403036973695284
AIT-2024-05-001,GOOGL,-0.042655717758739616,0.06784534686913885,-0.15150977849174505,-0.6704029515834087,-0.5325315919272469
AIT-2024-05-001,GOOG,-0.10114993001476573,-0.28337608535903475,-0.4269733986506506,-0.7897596070922901,-0.7567230169223114
AIT-2024-05-001,ADI,-0.4688534576107968,-0.6992811333621324,-0.41093695307439915,0.3398421569162526,0.18856179820245755
AIT-2024-05-001,AAPL,0.8980554338874653,0.35535267554245725,-0.09968602845080109,-0.5047371893605687,-0.05975381803220893
AIT-2024-05-001,AMAT,-1.3153522797873698,-1.334379677373446,0.023714964476615797,-0.17238793173398165,-0.18882161064335656
AIT-2024-05-001,APP,0.5950522500463044,1.4767373494498734,1.1344488194220081,1.0404193150295031,0.907339226302478
AIT-2024-05-001,ARM,-0.13323393078386245,0.4578536299253428,0.027723124895467115,0.07364397881823435,0.09422466980359873
AIT-2024-05-001,ASML,-0.42835884064900054,-0.9440020914350005,-0.7192892351514916,-0.49861213095539436,-0.2064506432759843
AIT-2024-05-001,ADSK,0.3235865404959696,0.6722503260273021,0.24790537062410167,0.23335591212938042,1.2599376127685953
AIT-2024-05-001,AVGO,-0.7146923701301328,-0.636583511588375,-0.1696613051606414,-0.2919714554497601,-0.03409880243952578
AIT-2024-05-001,CDNS,0.013899861644940947,-0.37054967194555827,-0.29145945353268327,-0.19143785112368902,0.07293851777217161
AIT-2024-05-001,CTSH,0.5253199725733271,-0.8247933524674599,-0.06846643863637693,-0.4037426864314783,-0.336871938613373
AIT-2024-05-001,CRWD,-0.3041677552980146,-0.5021193624020404,-0.529391778802592,-0.5474353470096879,0.5543690468537874
AIT-2024-05-001,DDOG,0.6841911160426684,-0.1757474294465111,-0.44378591203221074,-0.6966737488841978,-0.24603727578793513
AIT-2024-05-001,DASH,1.0278449930241116,0.7770045397008021,0.5046441932088879,0.14399196943934886,0.174512706082914
AIT-2024-05-001,FTNT,0.9049939112613252,-0.3173058861466224,-0.8507892557511259,-0.85766273683634,-0.6975977539950184
AIT-2024-05-001,INTC,0.6712612456822667,0.6067699784353149,0.17000632623949988,0.19927220484053262,0.10624083773708522
AIT-2024-05-001,INTU,-0.7218817398694314,-1.1512633510648975,-1.0721042406908239,0.015180783024110493,0.4994881385102825
AIT-2024-05-001,KLAC,-0.15447944773596542,-0.828218306159336,-0.734598035877501,-0.8141526828369099,-0.7388611487136204
AIT-2024-05-001,LRCX,-0.6206884704059139,-1.1161881906488431,-0.811776092859032,-0.4243031527025822,-0.36404186878497286
AIT-2024-05-001,MRVL,-0.22835731576889204,-0.9534425012830561,-0.22618826244417553,-0.15621371249601676,0.053792406417169876
AIT-2024-05-001,META,-0.35824258929748637,-0.9037093541640624,-0.8356185215723756,-0.9958734458319143,-1.1171453258417858
AIT-2024-05-001,MCHP,0.680534369442278,-0.8397879159059751,-0.2201273056814875,0.1146386221817371,0.5729264338337148
AIT-2024-05-001,MU,-0.02835501372132263,0.0636601191597375,0.1060722134694212,0.06298097273951321,0.05740685530062851
AIT-2024-05-001,MSFT,-0.6557162423448321,-1.3082821642439295,-0.968455760686998,-0.9946216977684713,-0.863472558804106
AIT-2024-05-001,MPWR,0.2673751576392092,-1.0092499618641586,-0.6922782710373149,-0.539132052865047,-0.49200078551107973
AIT-2024-05-001,NVDA,-0.5732096450768025,-1.6469279548198295,-1.2063094309510853,-0.4456500255234497,-0.3153046411430055
AIT-2024-05-001,NXPI,0.4848739509683302,-0.851322639014304,-0.7830642525716406,-0.7085058440731266,-0.7138784486942678
AIT-2024-05-001,PLTR,0.05048150326214932,-0.35368221753456586,-0.8626456961755289,-1.1557305199845642,-0.9820166144276208
AIT-2024-05-001,PANW,-0.2692472866277138,-0.8352665160776928,-0.09942030652074589,0.2586077009860963,-0.007226089657978015
AIT-2024-05-001,PDD,-0.023553623830974122,0.11119081649816262,0.4720269054726167,1.1786430075537229,0.6534485207702401
AIT-2024-05-001,QCOM,0.3080808916523153,-0.340161459626366,-0.008193517625351457,0.6251250532034445,0.5667834694125211
AIT-2024-05-001,ROP,0.7909262362712046,-0.32370759993403386,0.7575264562658358,0.46677764201747196,0.2788754644497204
AIT-2024-05-001,STX,-0.8970878674896533,-0.2587447592685944,-0.28050042530188674,-0.27776003219959494,-0.08000240306050968
AIT-2024-05-001,SHOP,0.4613613514269178,1.325707914406178,0.5277033631151252,0.5659704340527477,0.3021463409421027
AIT-2024-05-001,MSTR,0.3501795270749375,-0.21566788411417434,0.3625260677239352,0.2566898510357864,0.20552007781484638
AIT-2024-05-001,SNPS,-0.6417614452708432,-1.3104713140635469,-0.9682675809895235,-0.5161036282039997,-0.27678772041903166
AIT-2024-05-001,TXN,0.04437999655653077,-0.4413623321294233,-0.05247981194849425,0.33982315553593606,0.1943069421210107
AIT-2024-05-001,TRI,1.0295929788131306,-0.0944377546008587,-0.2355681671328401,0.1807802584587524,0.35105183687103075
AIT-2024-05-001,WDC,0.43836792604307484,0.15184165382868792,0.34271255015645896,0.05810480528754283,0.11379770944467466
AIT-2024-05-001,WDAY,1.0330614528870299,0.48451877791433634,0.5242607433973817,1.383156848731465,1.519051689964793
AIT-2024-05-001,ZS,-0.1694458611350205,-1.0096430714543863,-0.5902420133018368,-0.29053330721148374,0.4188944901935283
AIT-2024-05-002,ADBE,-0.25486630749282696,0.8087681983302647,-0.1750189067096289,-0.2865187720664836,0.18273741443146715
AIT-2024-05-002,AMD,-0.8898156996371385,-1.4897714824663768,-0.8372662815939401,-0.4331733438452646,-0.4518722254285069
AIT-2024-05-002,GOOGL,-0.1977565319706109,-0.17898276331882587,-0.4856745908265327,-0.7573808440003661,-0.5508295260520002
AIT-2024-05-002,GOOG,-0.34255957285725563,-0.1756061705893952,-0.5882824620158197,-0.8712586080977975,-0.7654465239031694
AIT-2024-05-002,ADI,-0.41504416477742645,0.07703417274775995,-0.20063528910323783,0.4190522574422077,0.2071788089398491
AIT-2024-05-002,AAPL,0.7693828019300483,0.30542272801753684,-0.4348308122651361,-0.6143496169194739,0.11141693877867914
AIT-2024-05-002,AMAT,-1.2153948184571681,-0.5608974054004878,0.09435812476303708,-0.07415075950646777,-0.10449367510189729
AIT-2024-05-002,APP,0.6478874162839958,1.5256833714468905,1.0708990481441807,0.9446818750826019,0.922014451209907
AIT-2024-05-002,ARM,0.06768773107474453,0.1086490193592455,-0.06459636308838788,-0.0036356764741419644,0.1034253736801732
AIT-2024-05-002,ASML,-0.3566286402296098,-0.7258520202861701,-0.7084094708485263,-0.44552703080655753,-0.16401255351002375
AIT-2024-05-002,ADSK,0.23186702245657134,0.46985289624714377,0.03804033501700865,0.40645760914614504,1.3941517590238408
AIT-2024-05-002,AVGO,-0.6571077640115205,-0.00034841520039113894,-0.23201878772835224,-0.21039180573285893,0.08894797091468168
AIT-2024-05-002,CDNS,-0.14376922163426986,0.5587720122838523,-0.23268044453829725,-0.04830952110774697,0.1776589187096757
AIT-2024-05-002,CTSH,0.5024491251479571,-0.7558079779406259,-0.13310062529921957,-0.4698823877054453,-0.2796894848069239
AIT-2024-05-002,CRWD,-0.21607470053086364,0.06881137863123121,-0.48584629856030165,-0.4747553311235055,0.6765889779385292
AIT-2024-05-002,DDOG,0.8348255057132635,-0.08308115884898906,-0.49560009227514595,-0.8081085130234125,-0.19137025668932275
AIT-2024-05-002,DASH,1.09620973702951,0.3827683091894096,0.28762042474810373,0.1436391679984398,0.11415492017057538
AIT-2024-05-002,FTNT,0.9119366463140699,-0.789015300063405,-0.8749281779449817,-0.8920042213350619,-0.6930458762320688
AIT-2024-05-002,INTC,0.5761215234384105,0.15034135247422428,0.0870394587065093,0.10846342866314301,0.10599309042844707
AIT-2024-05-002,INTU,-0.6970682238623891,-0.8575107418687113,-0.9610547512577517,0.2476721642997783,0.6757797280654096
AIT-2024-05-002,KLAC,-0.40933341507545723,-0.12994551851874492,-0.6040308085983164,-0.6861372176919177,-0.6798493112751706
AIT-2024-05-002,LRCX,-0.8015168626188901,-1.1838913409709313,-0.5079163398497853,-0.3732506321489559,-0.25971257731202496
AIT-2024-05-002,MRVL,-0.24318789840034777,-0.18796453102557292,-0.07761206769672113,-0.033333718956382735,0.1318289142338314
AIT-2024-05-002,META,-0.5618797775736213,-1.0691405007043877,-0.9464147929339729,-1.1253672047394074,-1.1626484291763448
AIT-2024-05-002,MCHP,0.45915524112578154,-0.2755338390236161,-0.17571383443923153,0.33483356823185384,0.6581423075179297
AIT-2024-05-002,MU,-0.03074753803403591,-0.1079606280963992,0.09114543290658934,-0.012654956879068358,0.06654701572272106
AIT-2024-05-002,MSFT,-0.7987757509644334,-0.6630275971610534,-0.7715372628264566,-0.9905025387724128,-0.7970623791433954
AIT-2024-05-002,MPWR,0.2793470937794825,-0.3053056970088095,-0.7182201023456782,-0.4555438319000673,-0.4105623995447041
AIT-2024-05-002,NVDA,-0.628203088719934,-0.9920176964755226,-1.1267966047145836,-0.23081921974775568,-0.30630499548317147
AIT-2024-05-002,NXPI,0.17406143318956133,-0.20153162199780916,-0.8697431375642678,-0.6591035906932222,-0.6912463934426955
AIT-2024-05-002,PLTR,0.21998163558606804,-0.293292753394704,-0.9583519489232994,-1.2253884123319292,-0.9691575074700745
AIT-2024-05-002,PANW,-0.3354979585346911,-0.3228297019397813,0.46322618619619593,0.296796008750128,0.0071888304633769325
AIT-2024-05-002,PDD,-0.1519921586345055,-0.6322793932582071,0.5435269492212741,1.2328677956752003,0.6253410925302512
AIT-2024-05-002,QCOM,0.19885034712069471,0.507381774329142,0.28250098028532217,0.8079149517837727,0.6247606497700203
AIT-2024-05-002,ROP,0.5940162266843553,0.39332498990995535,0.7885061519829849,0.562215658153219,0.3202484417311445
AIT-2024-05-002,STX,-0.8221641434480437,0.16332697451175918,-0.10516881556333235,-0.14450387297578915,-0.009156693908720568
AIT-2024-05-002,SHOP,0.7838046215938732,1.1539978408800593,0.561482207757828,0.4546215616122641,0.3159171268217093
AIT-2024-05-002,MSTR,0.3976165283052871,0.3816568020601968,0.45130196316872784,0.23034676829151382,0.23154070076551297
AIT-2024-05-002,SNPS,-0.6670476848773508,-0.6355667699176368,-0.9459017314222363,-0.3880557450021342,-0.25035258280180156
AIT-2024-05-002,TXN,0.14440643883211626,0.22869267678812066,0.14166385138460702,0.4573925247093312,0.23610422596256075
AIT-2024-05-002,TRI,1.0386879719028486,0.13038714551341204,-0.24101584426479736,0.29908568032609734,0.399617326238786
AIT-2024-05-002,WDC,0.2526181433049627,0.8159978667707999,0.4048597327457209,0.16558408871217145,0.14241445147226175
AIT-2024-05-002,WDAY,0.9561418080436209,0.5023803041437005,0.4857467531375715,1.4963537654073455,1.5553854798281341
AIT-2024-05-002,ZS,-0.14671636214427947,-0.5465179128609522,-0.3739053045769652,-0.14729247051459027,0.526482409629771
AIT-2024-06-001,ADBE,0.6258946603449475,1.721550635183592,2.1332414288427954,1.5254720499693315,0.7509124246735001
AIT-2024-06-001,AMD,-0.22630742701956036,-0.6937484061545793,-0.46757613193425945,-0.6761551427056793,-0.4824871872819476
AIT-2024-06-001,GOOGL,-0.31018580269943125,-0.39823119196265505,-0.8120240201179328,-0.5922600446414485,-0.8900562613034255
AIT-2024-06-001,GOOG,-0.6150078585890948,-0.5954433148332614,-0.9090971223172707,-0.5178922737475318,-1.0036526984432674
AIT-2024-06-001,ADI,0.026898366857390475,-0.5839069657419773,-0.42745942519893765,-0.3644298726288694,-0.5988819943646667
AIT-2024-06-001,AAPL,-0.009325692594521194,3.250049224692826,1.987183153948308,1.6876181164883486,0.9256269301936859
AIT-2024-06-001,AMAT,-0.12082480096017305,-0.47394600088487543,-0.29247199443496696,0.030546183437201117,-0.25898882630543635
AIT-2024-06-001,APP,0.48632901440998094,0.6921954658501701,0.4978049823380653,0.39260882519888884,0.25755107846942016
AIT-2024-06-001,ARM,0.07968352929882079,0.9442847934865797,1.101074928690592,0.8177508818945562,0.4559886915120951
AIT-2024-06-001,ASML,0.199867728088332,0.17269310244888247,0.12554983804003605,0.03081945310006978,-0.09758426769173174
AIT-2024-06-001,ADSK,2.3631434807466927,2.4031407408046794,2.466779754801566,2.1307119120151627,1.1788929962485373
AIT-2024-06-001,AVGO,0.18607552735518137,2.26181935542455,2.389304733612937,2.0554173897697194,1.6024691106408928
AIT-2024-06-001,CDNS,0.34780406520629065,0.8987094144651904,0.982953931860498,0.6982322410717735,0.17804013223687748
AIT-2024-06-001,CTSH,-0.12803695667915424,0.29022437514779004,0.023261736012792838,0.2935268030105159,0.05389499042059881
AIT-2024-06-001,CRWD,1.7860412699399566,1.1253680974853053,1.0131862479088405,1.3440274427618157,0.7828995117436538
AIT-2024-06-001,DDOG,0.280072850697879,0.8516124572938327,0.15337490269569776,0.11509133899317209,0.02935593014728108
AIT-2024-06-001,DASH,0.26366339944781697,-0.5272757541064805,-0.6067452513966326,-0.19982296072921224,-0.0616750878620835
AIT-2024-06-001,FTNT,-0.5181068187057435,-0.4267929661877404,-0.13704248033096667,0.09494861601146498,-0.2025189176354738
AIT-2024-06-001,INTC,0.05436009668301431,0.034712669119653816,-0.30189004060758684,-0.20665979936387738,0.12515476248880456
AIT-2024-06-001,INTU,1.0164096786595818,1.9775746645801733,0.8211267175048059,0.8568935188544793,0.38281944895443476
AIT-2024-06-001,KLAC,-0.496224807784569,-0.9214255508660878,-0.5392144938366049,-0.26790324724030384,-0.8422170403961383
AIT-2024-06-001,LRCX,-0.15858595146441146,0.6621200130493737,0.37657272468562725,0.3167407477727568,-0.18252017792218891
AIT-2024-06-001,MRVL,0.46536402781771014,0.62027374077128,0.037820394251063795,0.005151057533774539,-0.11468410147503577
AIT-2024-06-001,META,-1.1226796957800171,-1.1416648214301628,-1.042088742149026,-0.9055983919639523,-0.8722636836596265
AIT-2024-06-001,MCHP,1.2696467829324452,-0.047392975818589034,0.209326061290537,0.3240738194511872,0.19593628601440377
AIT-2024-06-001,MU,0.01950019879837846,0.2270805809983967,1.0246411437122742,1.734611694336053,1.3901373547155664
AIT-2024-06-001,MSFT,-0.5160620377019383,-0.4470598347941387,-0.6056520048346601,-0.5636157743331144,-0.7043104685571566
AIT-2024-06-001,MPWR,-0.2870224462125742,0.485765552685759,0.11771621511739593,0.14795096783356335,-0.20380144791163274
AIT-2024-06-001,NVDA,0.1887277218473754,-1.8294528868303617,-1.3291309794702262,-0.8997422203733858,-1.4664112716596993
AIT-2024-06-001,NXPI,-0.5641720969518008,-0.775687375536684,-0.33061837160397584,-0.26675207853933924,-0.5948689710655923
AIT-2024-06-001,PLTR,-0.592969237791493,-1.031968471085485,-0.45093141134874837,-0.5700656073650506,-0.5677762458975634
AIT-2024-06-001,PANW,-0.2338244931779232,-0.5775241078165962,-0.6624006087708333,-0.3538877728909202,-0.6549956766388774
AIT-2024-06-001,PDD,0.001525913285375713,-0.5155514009424146,-0.30632228421018576,-0.05233665028858254,-0.33698012883479517
AIT-2024-06-001,QCOM,0.5100823922794057,0.6044445457050771,1.211476610782906,1.3965022076035873,0.5186242702548955
AIT-2024-06-001,ROP,0.01332410625339876,0.2066586702648231,0.26275139308869516,0.2501992722840772,-0.035232312033737945
AIT-2024-06-001,STX,0.1644245217382901,0.14110405159589748,-0.07112828339248094,-0.19674541589803918,-0.5797607160666102
AIT-2024-06-001,SHOP,-0.06822865127455309,0.373093922920713,0.41502794827289086,-0.031743011462635,-0.4917045732914823
AIT-2024-06-001,MSTR,0.016459653533196426,0.5728239727522748,0.12022164177579543,0.040064454105760275,-0.0010812539118635982
AIT-2024-06-001,SNPS,0.05533961271729009,-0.893567086268545,-0.21227489105615116,-0.22739977657621635,-0.5656273489987946
AIT-2024-06-001,TXN,0.06073756154291107,-0.6553220167989092,-0.7185712366719517,-0.5138636516233634,-0.5774811839692924
AIT-2024-06-001,TRI,0.6648018567640399,0.24384485513497905,0.947977034685675,1.1848345297380338,1.0258079561043323
AIT-2024-06-001,WDC,0.11440406401391288,0.3623955079877678,-0.00693707115140053,-0.1539090017437789,-0.41686553658930076
AIT-2024-06-001,WDAY,1.4851556382385234,0.7226751671129064,0.5611778758470652,0.6183208735361311,0.35851858432482325
AIT-2024-06-001,ZS,1.260550400332092,0.8980564916261733,0.5563561459316028,0.5029228821445204,0.3028918910551194
AIT-2024-06-003,ADBE,0.5588972424095758,1.6219208297911782,1.2376538157156511,0.9532184012259076,0.20523772714021102
AIT-2024-06-003,AMD,-0.4387267453031541,-0.5851704950892473,-0.2461889007011752,-0.4577700575588739,-0.39682847935717547
AIT-2024-06-003,GOOGL,-0.4780352660655145,-0.8882880197392573,-0.3615115714027258,-0.6678661701442803,-0.9702755347847765
AIT-2024-06-003,GOOG,-0.8345295363091503,-0.9445072532038118,0.021753920371561986,-0.5339626423650343,-1.0461360328484082
AIT-2024-06-003,ADI,-0.3176069556420345,-0.775721199550329,0.0017964321858736643,-0.28162032335706066,-0.5709333437263504
AIT-2024-06-003,AAPL,1.1021403017489644,1.5371993601022265,1.840827566325997,1.1734047170717976,0.5456394972930632
AIT-2024-06-003,AMAT,-0.4500755721123934,-0.1314851980596247,0.5724720222936265,0.1017505517232426,-0.1534012935456636
AIT-2024-06-003,APP,0.691843135503727,0.5210110987915584,0.4932912490448282,0.5186089387122067,0.1781052908867767
AIT-2024-06-003,ARM,0.3536890726018868,1.0041275552321758,0.8608891813888584,0.47116979200974235,0.2832910599289224
AIT-2024-06-003,ASML,0.2121067086323879,-0.10814450614950061,0.08163206756843418,-0.16152975824695928,0.12742777673637537
AIT-2024-06-003,ADSK,2.1197052397256124,2.874966579299546,2.512411889860271,1.5196277866886319,0.6718500134574557
AIT-2024-06-003,AVGO,0.5103388593295725,2.6672635144799908,2.3024812634378953,1.782918300509001,1.2825611429029924
AIT-2024-06-003,CDNS,0.021761230200724884,1.5418078462346148,0.9407883989483841,0.6104022112940103,0.14602582617978627
AIT-2024-06-003,CTSH,-0.33681366301561205,-0.18048633786495116,0.05721532660529729,0.38504998692349657,-0.021374806153351692
AIT-2024-06-003,CRWD,1.9237184390700313,0.9440374006110337,1.9234827518480675,1.3323295556622148,0.6780934279583435
AIT-2024-06-003,DDOG,0.36887560154854526,-0.35479530270457127,-0.2191719378514556,0.05333703323555989,-0.05142050040675914
AIT-2024-06-003,DASH,-0.2222149929152608,-0.444302663506285,0.24123130862482053,0.3091401672338875,0.09061331932965955
AIT-2024-06-003,FTNT,-0.8539157535376829,-0.11492723717084855,0.468059402010147,0.2782213100917796,-0.15745916777558114
AIT-2024-06-003,INTC,-0.2781054477977851,-0.5119867277926196,0.05086339169898011,-0.23591898767637523,0.22772611251139913
AIT-2024-06-003,INTU,0.6708474481669436,0.10790779017247402,0.8900967613924363,0.5025915020488648,0.1148720175845183
AIT-2024-06-003,KLAC,-0.9947446830195246,-0.30579158516969024,0.5484516286504532,-0.26313599574042323,-0.6659990072742081
AIT-2024-06-003,LRCX,-0.2832941629675995,0.444965375192783,0.5987130627344093,0.10225708889405861,-0.17740500153483052
AIT-2024-06-003,MRVL,0.08116400708428623,-0.2606024564787124,0.40733486052327633,0.049834686025366316,-0.12871167218392526
AIT-2024-06-003,META,-1.2051169839074583,-0.8350248211426398,-0.5303506699151589,-0.870777184585165,-0.6691683692837385
AIT-2024-06-003,MCHP,0.7097961050107614,0.09868162757659554,0.6247512902516086,0.687893299961713,0.23548525863597602
AIT-2024-06-003,MU,0.03759925685602063,1.7404038472637082,2.022228411607076,2.0727558339911543,1.5206087760976488
AIT-2024-06-003,MSFT,-1.042355846544189,-0.4653971340280855,-0.27937276280063306,-0.4637717526329249,-0.6952441978418913
AIT-2024-06-003,MPWR,-0.4273841168897555,0.035908392816734386,0.6453804545104377,0.1508462737922074,-0.18010869043001912
AIT-2024-06-003,NVDA,-0.7502815397255624,-1.6999495029687073,-0.2763899140650516,-0.9777209218378033,-1.5472475288847594
AIT-2024-06-003,NXPI,-0.9519835057094126,-0.5062641689101868,0.05996868367042516,-0.1877530432590544,-0.4955264498009941
AIT-2024-06-003,PLTR,-0.7069595818119975,0.11321797336968602,-0.08679220124848129,-0.4765068016364383,-0.39830368804172817
AIT-2024-06-003,PANW,-0.5576159274280704,-0.9043041563353538,-0.308166186716253,-0.34108145109642046,-0.7261424605626371
AIT-2024-06-003,PDD,-0.22778261903031177,-0.4044581004456044,-0.2517849851061616,-0.1257576949252077,-0.29471253551515436
AIT-2024-06-003,QCOM,0.121860514974459,2.0420958101174937,2.100000148495892,1.3388402044500298,0.4990860531983998
AIT-2024-06-003,ROP,-0.28216189042434087,0.4346059793058834,0.5051333777050387,0.26314517820154676,-0.03902635368791424
AIT-2024-06-003,STX,0.010468826765623983,0.008806613620489012,0.08612218111612412,-0.5132301133316121,-0.5793028930170452
AIT-2024-06-003,SHOP,0.054032956452122805,0.4491812143970866,-0.21126213132354218,-0.43056321285943133,-0.5031213616757727
AIT-2024-06-003,MSTR,0.05062128917979815,-0.1843878528475365,-0.018360505691425402,0.03595337909545339,0.016681029754041222
AIT-2024-06-003,SNPS,-0.534860587583201,0.4485247027098142,0.3821363085256282,-0.18639098383608788,-0.5629916189528451
AIT-2024-06-003,TXN,-0.38565002543674104,-1.111319014472198,-0.2540879184497326,-0.3694371800240308,-0.5554527441599553
AIT-2024-06-003,TRI,0.0722973242235189,1.0386101500958123,1.2067107009590474,0.9233482374430572,1.1041920237488294
AIT-2024-06-003,WDC,-0.10888354479922091,-0.06311988317995927,-0.10240893480927267,-0.2488293650212147,-0.37996486923665757
AIT-2024-06-003,WDAY,0.8327435026124557,0.4135171811980941,0.7664395230495357,0.5214088646645844,0.3303790830808395
AIT-2024-06-003,ZS,0.7801406347766835,0.21680858425818927,0.19605822693993488,0.4063132521496922,0.19210853411392076
AIT-2024-06-004,ADBE,0.5588972424095758,1.6219208297911782,1.2376538157156511,0.9532184012259076,0.20523772714021102
AIT-2024-06-004,AMD,-0.4387267453031541,-0.5851704950892473,-0.2461889007011752,-0.4577700575588739,-0.39682847935717547
AIT-2024-06-004,GOOGL,-0.4780352660655145,-0.8882880197392573,-0.3615115714027258,-0.6678661701442803,-0.9702755347847765
AIT-2024-06-004,GOOG,-0.8345295363091503,-0.9445072532038118,0.021753920371561986,-0.5339626423650343,-1.0461360328484082
AIT-2024-06-004,ADI,-0.3176069556420345,-0.775721199550329,0.0017964321858736643,-0.28162032335706066,-0.5709333437263504
AIT-2024-06-004,AAPL,1.1021403017489644,1.5371993601022265,1.840827566325997,1.1734047170717976,0.5456394972930632
AIT-2024-06-004,AMAT,-0.4500755721123934,-0.1314851980596247,0.5724720222936265,0.1017505517232426,-0.1534012935456636
AIT-2024-06-004,APP,0.691843135503727,0.5210110987915584,0.4932912490448282,0.5186089387122067,0.1781052908867767
AIT-2024-06-004,ARM,0.3536890726018868,1.0041275552321758,0.8608891813888584,0.47116979200974235,0.2832910599289224
AIT-2024-06-004,ASML,0.2121067086323879,-0.10814450614950061,0.08163206756843418,-0.16152975824695928,0.12742777673637537
AIT-2024-06-004,ADSK,2.1197052397256124,2.874966579299546,2.512411889860271,1.5196277866886319,0.6718500134574557
AIT-2024-06-004,AVGO,0.5103388593295725,2.6672635144799908,2.3024812634378953,1.782918300509001,1.2825611429029924
AIT-2024-06-004,CDNS,0.021761230200724884,1.5418078462346148,0.9407883989483841,0.6104022112940103,0.14602582617978627
AIT-2024-06-004,CTSH,-0.33681366301561205,-0.18048633786495116,0.05721532660529729,0.38504998692349657,-0.021374806153351692
AIT-2024-06-004,CRWD,1.9237184390700313,0.9440374006110337,1.9234827518480675,1.3323295556622148,0.6780934279583435
AIT-2024-06-004,DDOG,0.36887560154854526,-0.35479530270457127,-0.2191719378514556,0.05333703323555989,-0.05142050040675914
AIT-2024-06-004,DASH,-0.2222149929152608,-0.444302663506285,0.24123130862482053,0.3091401672338875,0.09061331932965955
AIT-2024-06-004,FTNT,-0.8539157535376829,-0.11492723717084855,0.468059402010147,0.2782213100917796,-0.15745916777558114
AIT-2024-06-004,INTC,-0.2781054477977851,-0.5119867277926196,0.05086339169898011,-0.23591898767637523,0.22772611251139913
AIT-2024-06-004,INTU,0.6708474481669436,0.10790779017247402,0.8900967613924363,0.5025915020488648,0.1148720175845183
AIT-2024-06-004,KLAC,-0.9947446830195246,-0.30579158516969024,0.5484516286504532,-0.26313599574042323,-0.6659990072742081
AIT-2024-06-004,LRCX,-0.2832941629675995,0.444965375192783,0.5987130627344093,0.10225708889405861,-0.17740500153483052
AIT-2024-06-004,MRVL,0.08116400708428623,-0.2606024564787124,0.40733486052327633,0.049834686025366316,-0.12871167218392526
AIT-2024-06-004,META,-1.2051169839074583,-0.8350248211426398,-0.5303506699151589,-0.870777184585165,-0.6691683692837385
AIT-2024-06-004,MCHP,0.7097961050107614,0.09868162757659554,0.6247512902516086,0.687893299961713,0.23548525863597602
AIT-2024-06-004,MU,0.03759925685602063,1.7404038472637082,2.022228411607076,2.0727558339911543,1.5206087760976488
AIT-2024-06-004,MSFT,-1.042355846544189,-0.4653971340280855,-0.27937276280063306,-0.4637717526329249,-0.6952441978418913
AIT-2024-06-004,MPWR,-0.4273841168897555,0.035908392816734386,0.6453804545104377,0.1508462737922074,-0.18010869043001912
AIT-2024-06-004,NVDA,-0.7502815397255624,-1.6999495029687073,-0.2763899140650516,-0.9777209218378033,-1.5472475288847594
AIT-2024-06-004,NXPI,-0.9519835057094126,-0.5062641689101868,0.05996868367042516,-0.1877530432590544,-0.4955264498009941
AIT-2024-06-004,PLTR,-0.7069595818119975,0.11321797336968602,-0.08679220124848129,-0.4765068016364383,-0.39830368804172817
AIT-2024-06-004,PANW,-0.5576159274280704,-0.9043041563353538,-0.308166186716253,-0.34108145109642046,-0.7261424605626371
AIT-2024-06-004,PDD,-0.22778261903031177,-0.4044581004456044,-0.2517849851061616,-0.1257576949252077,-0.29471253551515436
AIT-2024-06-004,QCOM,0.121860514974459,2.0420958101174937,2.100000148495892,1.3388402044500298,0.4990860531983998
AIT-2024-06-004,ROP,-0.28216189042434087,0.4346059793058834,0.5051333777050387,0.26314517820154676,-0.03902635368791424
AIT-2024-06-004,STX,0.010468826765623983,0.008806613620489012,0.08612218111612412,-0.5132301133316121,-0.5793028930170452
AIT-2024-06-004,SHOP,0.054032956452122805,0.4491812143970866,-0.21126213132354218,-0.43056321285943133,-0.5031213616757727
AIT-2024-06-004,MSTR,0.05062128917979815,-0.1843878528475365,-0.018360505691425402,0.03595337909545339,0.016681029754041222
AIT-2024-06-004,SNPS,-0.534860587583201,0.4485247027098142,0.3821363085256282,-0.18639098383608788,-0.5629916189528451
AIT-2024-06-004,TXN,-0.38565002543674104,-1.111319014472198,-0.2540879184497326,-0.3694371800240308,-0.5554527441599553
AIT-2024-06-004,TRI,0.0722973242235189,1.0386101500958123,1.2067107009590474,0.9233482374430572,1.1041920237488294
AIT-2024-06-004,WDC,-0.10888354479922091,-0.06311988317995927,-0.10240893480927267,-0.2488293650212147,-0.37996486923665757
AIT-2024-06-004,WDAY,0.8327435026124557,0.4135171811980941,0.7664395230495357,0.5214088646645844,0.3303790830808395
AIT-2024-06-004,ZS,0.7801406347766835,0.21680858425818927,0.19605822693993488,0.4063132521496922,0.19210853411392076
AIT-2024-06-005,ADBE,1.1435038944299587,1.8950570781368485,0.9097666350813115,0.5253673643107681,0.0004654781378073707
AIT-2024-06-005,AMD,-0.6419123125222632,0.7459430846992889,-0.5404879708793913,-0.541807769328583,-0.34474101599246154
AIT-2024-06-005,GOOGL,-0.7374885998810307,0.716556413046739,-0.4327704595707049,-0.8676474404012872,-0.9516225179810581
AIT-2024-06-005,GOOG,-0.9782890289466228,1.3796788394876662,-0.13686163557582912,-0.7612118030005035,-1.0195471863332661
AIT-2024-06-005,ADI,-0.4498169420635003,1.8796786351726433,-0.04106515726538553,-0.45088956192151924,-0.47958909497299096
AIT-2024-06-005,AAPL,1.5129840111472725,3.370929917947541,1.3581706644517395,0.7908748916706331,0.41105184281856455
AIT-2024-06-005,AMAT,-0.44908234663864516,1.9270652287789605,0.4677243376982895,-0.11280883386659149,-0.05616977930389181
AIT-2024-06-005,APP,0.5978710377145681,0.5942374042777934,0.30469875407579666,0.514838718200184,0.04716154832975099
AIT-2024-06-005,ARM,0.5504549145734124,1.3638431396368176,0.6321866369768173,0.33384753190908845,0.1983881116055921
AIT-2024-06-005,ASML,0.33042971956454764,0.8371830738968307,-0.007459698526623389,-0.24233739672530952,0.3284299039194173
AIT-2024-06-005,ADSK,1.776064337155948,2.5775062614775623,1.5105383657440379,0.8307433623365845,0.3324072523338065
AIT-2024-06-005,AVGO,1.0862878693000204,2.568922155360509,1.727656533523229,1.5183783117701084,1.0887498566494114
AIT-2024-06-005,CDNS,0.2774077773320798,1.3155916889760249,0.3737105607548011,0.10042500976581041,0.23951758138565044
AIT-2024-06-005,CTSH,-0.44029377747722215,0.9895928275349414,0.5724190109047154,0.008278036194768402,0.0767213513355344
AIT-2024-06-005,CRWD,1.7736301014478064,4.138740812088086,1.746014242937455,0.9641498382238368,0.9504251963302831
AIT-2024-06-005,DDOG,0.23395039934482348,0.2573590353695793,0.00904831750448636,-0.08245657387661452,-0.050056108185657804
AIT-2024-06-005,DASH,-0.38131150253447565,0.7907141024216904,0.19069564573392517,0.17288501502108652,0.24802694703308759
AIT-2024-06-005,FTNT,-0.7931546661238191,1.895677728987745,0.5324484737476559,0.07887731581668295,-0.08891622991383417
AIT-2024-06-005,INTC,-0.4684426347384061,1.1940017013890663,-0.07998307711596962,-0.268605146733133,0.43924393474282364
AIT-2024-06-005,INTU,0.5736147393998045,2.207507279595683,0.9043153911383722,0.4582619305825108,0.09972152963163569
AIT-2024-06-005,KLAC,-0.8370989019194969,1.8320629189885649,0.24939706500409817,-0.5783175223858853,-0.592053025162505
AIT-2024-06-005,LRCX,-0.15250971376942188,1.3917613354477416,0.408932137032525,-0.3029528686018288,-0.07877842462958581
AIT-2024-06-005,MRVL,-0.22259965020457986,0.78197379497455,0.0982543683003223,-0.16294780006403187,-0.09888452142852741
AIT-2024-06-005,META,-1.0609884701028838,-0.03899378132861242,-0.7185601332629868,-0.871370891213721,-0.5548163582334495
AIT-2024-06-005,MCHP,0.5176607897654728,1.8542517696933243,0.632482247193853,0.32826764392714886,0.26989781219802406
AIT-2024-06-005,MU,0.16600939736381384,2.5902271856750136,2.5488672542056143,1.898243115348935,1.457329884752609
AIT-2024-06-005,MSFT,-0.9892963276158806,0.6099089334294322,-0.4769946085237202,-0.6963219643073214,-0.6542868414544882
AIT-2024-06-005,MPWR,-0.3043405494528004,1.3851691815398475,0.3017121894343581,-0.18447958531673345,-0.1000828852517175
AIT-2024-06-005,NVDA,-1.0368737755097035,0.9745296409957485,-0.21335506857000008,-1.1862473979792922,-1.5827940777659122
AIT-2024-06-005,NXPI,-0.8690336090799566,1.4132486612365236,0.02722825434413521,-0.35226131938555366,-0.3995679011471315
AIT-2024-06-005,PLTR,-0.6894527327286375,0.5964575302896051,-0.47909890874557126,-0.6974043804268087,-0.35722479242199623
AIT-2024-06-005,PANW,-0.5489709022997237,0.4705487317701087,-0.04229945782910238,-0.48809075238715444,-0.6791675816472408
AIT-2024-06-005,PDD,-0.22126564127161105,0.4391542160573382,0.23171894293489256,-0.15253951071995292,-0.3243347138973724
AIT-2024-06-005,QCOM,0.0968515777335485,2.669875788750451,1.699330323508498,0.7694301801937082,0.3432672396074543
AIT-2024-06-005,ROP,-0.3001416916298258,1.1575130829078406,0.22008351915099986,-0.02493079245122489,-0.12946969113611506
AIT-2024-06-005,STX,-0.33196452600798926,0.6767839777311877,-0.23055240922565431,-0.7925950699275565,-0.6198288403051442
AIT-2024-06-005,SHOP,0.27782974717969844,-0.5735234828145606,-0.5855727207364015,-0.8046568875024976,-0.61323743361458
AIT-2024-06-005,MSTR,0.05908484511482616,-0.22969190467990575,-0.139945408004615,0.01454930470165795,0.05359704297120197
AIT-2024-06-005,SNPS,-0.5765188231713425,0.9620976145593102,-0.149206178476655,-0.4063726855062585,-0.575547484732656
AIT-2024-06-005,TXN,-0.6338101753722979,1.3340907465898346,-0.2065239353972884,-0.4900101861528276,-0.44371137732865273
AIT-2024-06-005,TRI,0.22217174248492003,0.7078579215780876,1.307291961025425,0.8518466118870092,1.1093779810726705
AIT-2024-06-005,WDC,-0.12164453293080507,0.3930424237097129,-0.25515918102067653,-0.5582086612993888,-0.33886672590283046
AIT-2024-06-005,WDAY,0.5475410805955865,1.6035824256439373,0.6847396256033321,0.31711589613843305,0.32293045358859906
AIT-2024-06-005,ZS,0.6338840609811189,0.6531970803642544,0.33666003407321715,0.20544504448507606,0.14534128041719216
AIT-2024-07-001,ADBE,-0.6873709062643102,-0.5273443488730093,-0.5339678563931026,-0.732106071982349,-0.7777640704490457
AIT-2024-07-001,AMD,-0.43056125708486426,-0.045059326350234574,-0.5029309076955846,-0.026143653513969148,-0.2099653846697615
AIT-2024-07-001,GOOGL,-1.2996486678280568,-0.6812516684929139,0.43626262999817805,0.12678196619238505,0.19759025961178953
AIT-2024-07-001,GOOG,-1.6009973014263676,-0.7288986495137754,0.13019906389163902,-0.21338852014041712,-0.20521624849541736
AIT-2024-07-001,ADI,-1.0681851609770097,0.16524419212530547,0.5822606363857353,0.6842841966866924,0.657004847099997
AIT-2024-07-001,AAPL,-0.20524723793401844,-0.02359849188519464,-0.30487879314129124,-0.4916594258524547,-0.2674459727743144
AIT-2024-07-001,AMAT,-0.6729792036467213,0.8207012837162897,0.8193032782784925,0.860725621425876,0.9001361683905917
AIT-2024-07-001,APP,-0.4227778035746856,-0.8697352474481826,-0.8337316035347357,-0.6795489308427433,0.03658348299122294
AIT-2024-07-001,ARM,0.03584244691333364,0.13969656242281425,0.18745467466424612,0.4595129724419156,0.401557596997263
AIT-2024-07-001,ASML,0.05434435270627829,2.0267238628112425,1.5956525063668996,1.521943988554922,1.3778354980176029
AIT-2024-07-001,ADSK,-0.4013702215877083,-0.27832871319480346,-0.512978165048379,-0.5134238836481889,-0.41728950520543057
AIT-2024-07-001,AVGO,0.48168833911935827,0.2679103841659519,0.15406839149969312,0.1208483670477465,-0.017451184600962982
AIT-2024-07-001,CDNS,-0.8369544474755095,2.4794857905083965,2.4840138715895805,2.202552410944817,1.9513973699370042
AIT-2024-07-001,CTSH,-0.5405290088538108,0.8994162113212206,0.7639103521391304,0.8867746193030004,0.4713824445826555
AIT-2024-07-001,CRWD,-0.20513015941100407,2.8488774534663217,3.469174743134923,3.1201113624427252,2.3579772935354626
AIT-2024-07-001,DDOG,-0.40392952685132677,-0.3738548314065017,-0.35757252130167316,-0.2512865526402756,0.12976095225024908
AIT-2024-07-001,DASH,-0.27193807885070853,1.1313189911868915,0.6263469997523098,0.5715077071896616,0.6889910910016159
AIT-2024-07-001,FTNT,-0.7603783172781564,0.46809268983433644,0.06938624241705273,-0.20644598968133226,0.22282073301412686
AIT-2024-07-001,INTC,0.5297425975320507,1.7807532691235657,0.7993797306780005,0.7271461114147691,1.545331669536805
AIT-2024-07-001,INTU,-0.3549406469766606,-0.1824729305021295,0.0544474041248193,-0.07100066271861383,-0.20242744081778474
AIT-2024-07-001,KLAC,-1.3473148852086074,0.27927794108985876,1.1377929916791418,1.1191352169328666,0.9271691189542395
AIT-2024-07-001,LRCX,-0.7566039144133425,1.3522971148175738,0.955902503586846,1.1138207342781306,1.0873053704428568
AIT-2024-07-001,MRVL,-0.5628362926709544,0.05279555806704911,-0.1043172944760276,-0.014800247798324834,0.10078404305254238
AIT-2024-07-001,META,-0.4827741894792534,0.22252535768371162,-0.14025298963966004,0.08975188483501005,0.060069620161765834
AIT-2024-07-001,MCHP,-0.627082852420175,0.3855987200039923,0.9300044256420557,1.0148479280772031,1.17127473763897
AIT-2024-07-001,MU,0.6214976318007203,0.8004238139668789,0.7442892453622205,0.7035084304001443,0.8715671220498598
AIT-2024-07-001,MSFT,-0.9786085815517028,-0.07568038888486259,-0.1461169930670252,0.2793737831476362,0.2083817070837633
AIT-2024-07-001,MPWR,-0.84714615444369,0.8354862191862824,0.6791317074789794,0.8273928142848138,0.7595380442267311
AIT-2024-07-001,NVDA,-2.0587628765837294,-1.811260269052279,-1.61789847370775,-1.0929012839481311,-0.8458136984107938
AIT-2024-07-001,NXPI,-1.220823353979191,0.33518498793326956,1.6166928576826518,1.2662967448694005,0.8668231125305761
AIT-2024-07-001,PLTR,-0.26466478722424025,0.4186927189441471,-0.16558297171195627,-0.6066029283626677,0.0029030936986031855
AIT-2024-07-001,PANW,-1.2425385937666775,-0.5449285965720934,-0.6415368615238919,-0.8283378806393185,-0.6315020881068341
AIT-2024-07-001,PDD,-0.5592018037139687,-0.8746476893278088,-1.2612496803240327,-0.9712789854892218,-0.6486168813900294
AIT-2024-07-001,QCOM,-0.7510200390422638,0.38415984217475474,0.32818414869067686,0.6765527106895128,0.5323476709364162
AIT-2024-07-001,ROP,-0.6026756851186926,-0.4844159454042407,0.771706133041186,0.4048976060803952,0.1344043276739661
AIT-2024-07-001,STX,-0.7160903329602012,-0.2592967877681989,0.9197295565988296,0.7935931916363663,0.42365315655030694
AIT-2024-07-001,SHOP,-0.7370147751667484,-0.6816805017094579,-0.6810100546637142,-0.7528522010260505,0.1417307280534022
AIT-2024-07-001,MSTR,-0.25118990528095664,0.18462133690172206,0.10942218798100789,-0.0810514830443349,-0.21125666090717649
AIT-2024-07-001,SNPS,-1.2181688971770255,0.3623590059945519,0.23526948348300003,0.1078574189873917,0.2550875972508713
AIT-2024-07-001,TXN,-0.991593964398783,0.022023089478928518,0.794501325009656,0.5861773324360195,0.3431835933471769
AIT-2024-07-001,TRI,0.9641107790735864,1.0999182422553977,1.0594892758573566,1.5823704386610893,1.151614369575276
AIT-2024-07-001,WDC,-0.831075419983692,0.27549847537373895,0.24895925588279055,0.7120659347193645,0.6482625632571098
AIT-2024-07-001,WDAY,-0.010967200384912877,0.4114719024740147,0.2131381063302283,-0.19073962304094677,0.13529525187602753
AIT-2024-07-001,ZS,-0.16891632093938677,-0.24106009367575013,-0.3480113290422966,-0.7197110826569391,-0.6764330958513052
AIT-2024-07-002,ADBE,-0.7035508884547309,-0.4218329323095733,-0.9079137472836768,-0.6549017367734677,-0.9580047816831491
AIT-2024-07-002,AMD,-0.13049755958560003,-1.0950592052003154,-0.4434833669498636,0.2298621072575864,-0.2043921132576171
AIT-2024-07-002,GOOGL,-0.9809830544147301,1.38050690796871,0.6095691529403259,0.6690485189269506,0.19157122468417892
AIT-2024-07-002,GOOG,-1.09695228476903,0.9124487905666747,0.21411221724586907,0.29820653776366207,-0.22745623419350253
AIT-2024-07-002,ADI,-0.31343822474674776,0.9502798931215536,0.7943198291087654,1.138493350394681,0.6553397178383177
AIT-2024-07-002,AAPL,-0.08995689751943793,-0.44642291823847197,-0.7730700550349762,-0.004587585816262941,-0.4211589962066614
AIT-2024-07-002,AMAT,0.1416490851852346,0.26254242101814096,0.4438616916006879,1.0470389625394771,0.8753539782816788
AIT-2024-07-002,APP,-0.6523414537335213,-1.291698149983551,-0.7197554113695829,-0.33118441895784284,0.04994208697323372
AIT-2024-07-002,ARM,0.03928143946650753,0.10018411905763219,0.3389798997126298,0.6792329791162108,0.3388989249459394
AIT-2024-07-002,ASML,1.121675878284055,0.9619897888246223,1.1988536166615296,1.7064340499993846,1.0886536547065917
AIT-2024-07-002,ADSK,-0.34646905051420196,-0.7057130919657661,-0.5411091105586509,-0.031239154874233444,-0.43520433610303766
AIT-2024-07-002,AVGO,0.36035541127769344,0.015795687797031888,-0.20802901517981967,0.126285079486464,-0.1748629513900951
AIT-2024-07-002,CDNS,0.4355044851076836,2.4133735979433086,1.9246903298445497,2.4693434759562054,1.5753814798616894
AIT-2024-07-002,CTSH,0.2557467131285068,0.7816539188712933,0.9670468304116898,0.7800285813476616,0.19850545336606856
AIT-2024-07-002,CRWD,0.7338087557008173,3.737447847720201,3.0802948145333886,2.726044307311482,1.9121534104898599
AIT-2024-07-002,DDOG,-0.07803798437214361,-0.4879358348962784,-0.29996343940648257,0.06163605599641855,-0.0029590765119767624
AIT-2024-07-002,DASH,0.3843295288404477,-0.09007400212531855,0.23797611615190328,0.9751859525463636,0.5920338048611071
AIT-2024-07-002,FTNT,-0.27778205591848837,0.058137022747817846,-0.3059519127831542,-0.05666627611491958,0.19540020771623065
AIT-2024-07-002,INTC,1.1405977772449054,0.0954157686303036,0.03822953452130635,1.4335784693882017,1.5094508934555921
AIT-2024-07-002,INTU,-0.28731746283948667,0.21676994873375882,-0.17388364132725523,0.12863021241402828,-0.2880506955836063
AIT-2024-07-002,KLAC,-0.32549835189965254,1.7555090649078817,1.0216700220899593,1.5523910575857685,0.8297964461603226
AIT-2024-07-002,LRCX,0.3131006658995591,0.015223223999175584,0.5591019788713293,1.368245351968341,0.9591571958300795
AIT-2024-07-002,MRVL,-0.13458334355524837,-0.667287248336266,-0.2853833972798459,0.18324608042700444,0.0899729134717917
AIT-2024-07-002,META,-0.047806700249594894,-0.473346074713154,-0.3950018994543219,0.36561783567337947,-0.05708584851528598
AIT-2024-07-002,MCHP,0.09335456584423356,1.0175758553149379,0.8015752606631011,1.528659005476876,1.0670987230764968
AIT-2024-07-002,MU,0.7690279790986958,0.37041644080391045,0.4542860074724127,0.8884946922257968,0.7553878334294056
AIT-2024-07-002,MSFT,-0.3946831583973039,-0.38474357813933774,0.1606851396578369,0.7198805965872297,0.20170659776791086
AIT-2024-07-002,MPWR,0.12507268274688269,0.09532377148267313,0.5100672672962172,1.013672860361128,0.5864211645031108
AIT-2024-07-002,NVDA,-1.597702608535454,-2.0371823483645217,-1.134476809686497,-0.4613370378564726,-0.698771216829922
AIT-2024-07-002,NXPI,-0.3224338640522076,2.562982989641984,1.378032943315225,1.3289237808077592,0.625321972789894
AIT-2024-07-002,PLTR,0.024907825037530175,-0.5053302198753996,-0.7826110841225553,-0.36006044793111747,0.011524405995673196
AIT-2024-07-002,PANW,-0.9879658647187589,-0.6902300212217374,-1.0067165774467004,-0.683524155714252,-0.35013612126464977
AIT-2024-07-002,PDD,-0.3830088045393254,-1.704271866967445,-1.0832790547742797,-0.7624554866866601,-0.47633109552634
AIT-2024-07-002,QCOM,-0.16714368715209257,0.14567521144804751,0.2678607443270218,0.9388325434336807,0.3853539800206899
AIT-2024-07-002,ROP,-0.22329677848997584,1.7010459554379265,0.8680647898775047,0.7852862238800896,0.01275449028566179
AIT-2024-07-002,STX,-0.3328317796832897,2.296323433179591,1.3295096560103705,1.1268950276479464,0.4552500805838931
AIT-2024-07-002,SHOP,-0.2005014448128955,-0.8424374330862355,-1.0362881229421241,-0.1765560450732764,0.10999658328065853
AIT-2024-07-002,MSTR,0.004645667256064301,-0.12506161976612648,-0.09324541176473423,-0.0636933277467868,-0.3363768413289563
AIT-2024-07-002,SNPS,-0.7069190910955345,-0.19377832012792753,-0.19509771169664547,0.5332044373372485,0.10426523211245814
AIT-2024-07-002,TXN,-0.372210903778196,1.2772906854845165,0.6199878693608322,0.8286281940513895,0.29947350527161226
AIT-2024-07-002,TRI,1.3578900288431077,1.0665200863102868,1.6625334171806003,1.581977496924948,0.9051873940841985
AIT-2024-07-002,WDC,-0.10254385237448901,-0.5017020264348644,0.3345737628189713,1.0702356520942258,0.5612952950033866
AIT-2024-07-002,WDAY,0.31772722681925064,-0.23570520890886854,-0.41428430184217063,-0.07417724839637077,0.0888417481347348
AIT-2024-07-002,ZS,0.020341737212318595,-0.547647691798837,-0.8229792605300176,-0.6443223510628417,-0.681838353598109
AIT-2024-07-006,ADBE,-0.7035508884547309,-0.4218329323095733,-0.9079137472836768,-0.6549017367734677,-0.9580047816831491
AIT-2024-07-006,AMD,-0.13049755958560003,-1.0950592052003154,-0.4434833669498636,0.2298621072575864,-0.2043921132576171
AIT-2024-07-006,GOOGL,-0.9809830544147301,1.38050690796871,0.6095691529403259,0.6690485189269506,0.19157122468417892
AIT-2024-07-006,GOOG,-1.09695228476903,0.9124487905666747,0.21411221724586907,0.29820653776366207,-0.22745623419350253
AIT-2024-07-006,ADI,-0.31343822474674776,0.9502798931215536,0.7943198291087654,1.138493350394681,0.6553397178383177
AIT-2024-07-006,AAPL,-0.08995689751943793,-0.44642291823847197,-0.7730700550349762,-0.004587585816262941,-0.4211589962066614
AIT-2024-07-006,AMAT,0.1416490851852346,0.26254242101814096,0.4438616916006879,1.0470389625394771,0.8753539782816788
AIT-2024-07-006,APP,-0.6523414537335213,-1.291698149983551,-0.7197554113695829,-0.33118441895784284,0.04994208697323372
AIT-2024-07-006,ARM,0.03928143946650753,0.10018411905763219,0.3389798997126298,0.6792329791162108,0.3388989249459394
AIT-2024-07-006,ASML,1.121675878284055,0.9619897888246223,1.1988536166615296,1.7064340499993846,1.0886536547065917
AIT-2024-07-006,ADSK,-0.34646905051420196,-0.7057130919657661,-0.5411091105586509,-0.031239154874233444,-0.43520433610303766
AIT-2024-07-006,AVGO,0.36035541127769344,0.015795687797031888,-0.20802901517981967,0.126285079486464,-0.1748629513900951
AIT-2024-07-006,CDNS,0.4355044851076836,2.4133735979433086,1.9246903298445497,2.4693434759562054,1.5753814798616894
AIT-2024-07-006,CTSH,0.2557467131285068,0.7816539188712933,0.9670468304116898,0.7800285813476616,0.19850545336606856
AIT-2024-07-006,CRWD,0.7338087557008173,3.737447847720201,3.0802948145333886,2.726044307311482,1.9121534104898599
AIT-2024-07-006,DDOG,-0.07803798437214361,-0.4879358348962784,-0.29996343940648257,0.06163605599641855,-0.0029590765119767624
AIT-2024-07-006,DASH,0.3843295288404477,-0.09007400212531855,0.23797611615190328,0.9751859525463636,0.5920338048611071
AIT-2024-07-006,FTNT,-0.27778205591848837,0.058137022747817846,-0.3059519127831542,-0.05666627611491958,0.19540020771623065
AIT-2024-07-006,INTC,1.1405977772449054,0.0954157686303036,0.03822953452130635,1.4335784693882017,1.5094508934555921
AIT-2024-07-006,INTU,-0.28731746283948667,0.21676994873375882,-0.17388364132725523,0.12863021241402828,-0.2880506955836063
AIT-2024-07-006,KLAC,-0.32549835189965254,1.7555090649078817,1.0216700220899593,1.5523910575857685,0.8297964461603226
AIT-2024-07-006,LRCX,0.3131006658995591,0.015223223999175584,0.5591019788713293,1.368245351968341,0.9591571958300795
AIT-2024-07-006,MRVL,-0.13458334355524837,-0.667287248336266,-0.2853833972798459,0.18324608042700444,0.0899729134717917
AIT-2024-07-006,META,-0.047806700249594894,-0.473346074713154,-0.3950018994543219,0.36561783567337947,-0.05708584851528598
AIT-2024-07-006,MCHP,0.09335456584423356,1.0175758553149379,0.8015752606631011,1.528659005476876,1.0670987230764968
AIT-2024-07-006,MU,0.7690279790986958,0.37041644080391045,0.4542860074724127,0.8884946922257968,0.7553878334294056
AIT-2024-07-006,MSFT,-0.3946831583973039,-0.38474357813933774,0.1606851396578369,0.7198805965872297,0.20170659776791086
AIT-2024-07-006,MPWR,0.12507268274688269,0.09532377148267313,0.5100672672962172,1.013672860361128,0.5864211645031108
AIT-2024-07-006,NVDA,-1.597702608535454,-2.0371823483645217,-1.134476809686497,-0.4613370378564726,-0.698771216829922
AIT-2024-07-006,NXPI,-0.3224338640522076,2.562982989641984,1.378032943315225,1.3289237808077592,0.625321972789894
AIT-2024-07-006,PLTR,0.024907825037530175,-0.5053302198753996,-0.7826110841225553,-0.36006044793111747,0.011524405995673196
AIT-2024-07-006,PANW,-0.9879658647187589,-0.6902300212217374,-1.0067165774467004,-0.683524155714252,-0.35013612126464977
AIT-2024-07-006,PDD,-0.3830088045393254,-1.704271866967445,-1.0832790547742797,-0.7624554866866601,-0.47633109552634
AIT-2024-07-006,QCOM,-0.16714368715209257,0.14567521144804751,0.2678607443270218,0.9388325434336807,0.3853539800206899
AIT-2024-07-006,ROP,-0.22329677848997584,1.7010459554379265,0.8680647898775047,0.7852862238800896,0.01275449028566179
AIT-2024-07-006,STX,-0.3328317796832897,2.296323433179591,1.3295096560103705,1.1268950276479464,0.4552500805838931
AIT-2024-07-006,SHOP,-0.2005014448128955,-0.8424374330862355,-1.0362881229421241,-0.1765560450732764,0.10999658328065853
AIT-2024-07-006,MSTR,0.004645667256064301,-0.12506161976612648,-0.09324541176473423,-0.0636933277467868,-0.3363768413289563
AIT-2024-07-006,SNPS,-0.7069190910955345,-0.19377832012792753,-0.19509771169664547,0.5332044373372485,0.10426523211245814
AIT-2024-07-006,TXN,-0.372210903778196,1.2772906854845165,0.6199878693608322,0.8286281940513895,0.29947350527161226
AIT-2024-07-006,TRI,1.3578900288431077,1.0665200863102868,1.6625334171806003,1.581977496924948,0.9051873940841985
AIT-2024-07-006,WDC,-0.10254385237448901,-0.5017020264348644,0.3345737628189713,1.0702356520942258,0.5612952950033866
AIT-2024-07-006,WDAY,0.31772722681925064,-0.23570520890886854,-0.41428430184217063,-0.07417724839637077,0.0888417481347348
AIT-2024-07-006,ZS,0.020341737212318595,-0.547647691798837,-0.8229792605300176,-0.6443223510628417,-0.681838353598109
AIT-2024-07-007,ADBE,-0.6792385682417365,-0.5414866842312077,-0.8465872482636393,-0.7310287994134093,-1.0178239353354666
AIT-2024-07-007,AMD,-0.12415106768492556,-0.18299555423077835,0.162670335185443,0.37058530127223166,-0.16218076239563606
AIT-2024-07-007,GOOGL,-0.8071961337831552,1.6962486388415643,0.43937291517104904,0.5712191962800858,0.1325195639345839
AIT-2024-07-007,GOOG,-0.9175230536217617,1.2099975983300681,0.01693607554957453,0.2517637349581683,-0.27523266771909316
AIT-2024-07-007,ADI,-0.039663715307601204,1.3628151759456322,0.8494427121848811,1.1558916066075506,0.7123560182638423
AIT-2024-07-007,AAPL,-0.08741177078732675,-0.05591565609115498,-0.6552020179675374,0.12716379304249267,-0.43978850812649484
AIT-2024-07-007,AMAT,0.278256918787591,1.6865695206249685,0.9716522460208994,1.2038187690639846,0.9046349855949719
AIT-2024-07-007,APP,-0.6735903332807885,-0.21321873488361218,-0.4904114193514455,-0.02919830303032386,0.13871189298800285
AIT-2024-07-007,ARM,-0.03026808583615248,0.609044389439301,0.5145068477108732,0.7437244251928115,0.3179140889091968
AIT-2024-07-007,ASML,1.330743044612937,1.8079657874132935,1.5466856521281258,1.7964214451329035,1.0370482389599214
AIT-2024-07-007,ADSK,-0.5589338220801303,0.21592290762024852,-0.3323842214570454,0.0060109786548185684,-0.40132322960767913
AIT-2024-07-007,AVGO,0.2905047798361412,0.3734119462742502,0.039332571424991726,0.17735754837784345,-0.21272640868853437
AIT-2024-07-007,CDNS,0.8833655898541721,2.4734310196714278,2.0298596891832776,2.3899074089425003,1.4333220703048977
AIT-2024-07-007,CTSH,0.43061692059459505,0.616795676137122,0.8142234481599395,0.6988837797898193,0.13748288457505953
AIT-2024-07-007,CRWD,1.3256564545029528,2.636036467260248,2.7554119652521116,2.5061115962185707,1.7438352274583475
AIT-2024-07-007,DDOG,-0.18031628368262897,-0.07459412553216606,-0.1787832628064248,0.2892754316532838,-0.012839614834381547
AIT-2024-07-007,DASH,0.39380873211555545,0.8591499407867461,0.4115641043221976,1.1385048934219177,0.5468321822863397
AIT-2024-07-007,FTNT,-0.22520940847011892,-0.07452512025395512,-0.3885607305711292,0.20844528591371558,0.13143107809363153
AIT-2024-07-007,INTC,0.8923511457527239,0.8155477490568108,0.3253553247252168,1.7046639948728626,1.5613444488045092
AIT-2024-07-007,INTU,-0.1029903166402923,0.2822824841275,-0.0783129731527442,0.12133433617979315,-0.2710436521789154
AIT-2024-07-007,KLAC,-0.025569281237685204,2.7056015483594473,1.3300512942948142,1.5256015963711684,0.7660903209842744
AIT-2024-07-007,LRCX,0.5538810381465624,1.5001521723301467,1.0588686626542183,1.534648250808079,0.9930059908499915
AIT-2024-07-007,MRVL,-0.09699327415852975,0.3098887035698513,0.06195555103505209,0.3188810139903989,0.13689782559382543
AIT-2024-07-007,META,0.0503622034943262,0.36859420945747284,0.013388254796422397,0.5457531251677203,-0.005848374412023302
AIT-2024-07-007,MCHP,0.32302997815780793,1.6036290058503972,0.9863955680526416,1.5805771324791758,1.0458686673177318
AIT-2024-07-007,MU,0.7835851277747662,1.0988728737075397,0.6597850668366229,1.0184903508732894,0.7415005465406425
AIT-2024-07-007,MSFT,-0.42077996160595343,0.9174966403650355,0.7847923795622979,0.8520884614755172,0.23504301848641504
AIT-2024-07-007,MPWR,0.380341787769423,1.4106127720298005,0.9449069630898124,1.2003011611671714,0.6514352089404392
AIT-2024-07-007,NVDA,-1.6239277276500204,-0.39805415752647455,-0.5676845302997165,-0.19345043708482984,-0.628840617218865
AIT-2024-07-007,NXPI,0.08186725611608552,1.9426205717739187,1.0486382672038437,1.1016464945091147,0.48525259663001713
AIT-2024-07-007,PLTR,-0.05096356889893085,-0.1172264076554005,-0.80560465879189,-0.1939276897238524,0.031290632892518294
AIT-2024-07-007,PANW,-0.8759294003545225,-0.8236257981362207,-1.0939788702580133,-0.6340027078969313,-0.2924670617094469
AIT-2024-07-007,PDD,-0.4818684237761039,-1.346487260828534,-0.7753192300940527,-0.6572915995554998,-0.40683408800831955
AIT-2024-07-007,QCOM,-0.05050146496541385,1.2300168919614318,0.8217838554198048,1.0573020790564882,0.3995222871939529
AIT-2024-07-007,ROP,-0.11770856377014145,2.8899840816535884,0.9800624117295821,0.8035435947482142,-0.02130784791099739
AIT-2024-07-007,STX,-0.23456823126059737,2.417350284622641,1.187298851302469,1.095580607280464,0.3181681307884222
AIT-2024-07-007,SHOP,-0.10448356119655587,-0.54620590191429,-0.8408360910618767,0.3112153889592948,0.12375057737597092
AIT-2024-07-007,MSTR,0.10486059197875401,0.14482985065575668,-0.20198031931718893,-0.06676227676765137,-0.3363601997808516
AIT-2024-07-007,SNPS,-0.48088445251474166,0.5102109618313646,-0.006634715993944144,0.7456594902542363,0.12968161168127376
AIT-2024-07-007,TXN,-0.2248715598880735,1.8902129844479512,0.7131975815008867,0.7814447870729887,0.33789031772078626
AIT-2024-07-007,TRI,1.1991657967945548,1.730177740138278,1.8665401046671957,1.5417971258889336,0.8261317689543627
AIT-2024-07-007,WDC,0.022241359603215015,1.1408378285264744,0.8805859740245605,1.2753009485621274,0.6037626176983515
AIT-2024-07-007,WDAY,0.3584649999427728,0.19397506743841944,-0.3939335263852257,-0.025438356320965725,0.1278850897937721
AIT-2024-07-007,ZS,0.02702659856388627,-0.22234303326966937,-0.8693216122845812,-0.6366090045595165,-0.6967766604708947
AIT-2024-07-008,ADBE,-0.6978431110847283,-0.8520389929874508,-0.5547961380424382,-0.8323909833292976,-1.1487466953029508
AIT-2024-07-008,AMD,-0.40985926984893806,1.1844286496132919,0.9356401670552369,0.1730956959036092,-0.26108894157530893
AIT-2024-07-008,GOOGL,0.2353769651560428,-0.5842387924448011,0.44931740062298764,-0.011913611870118392,-0.36833876226172324
AIT-2024-07-008,GOOG,0.0073968410850190226,-0.9082548247437908,0.16551328541314714,-0.33026350717052405,-0.5263865910193485
AIT-2024-07-008,ADI,0.48023059036134935,0.8805008227314979,1.4030949368704555,0.8110220002798347,0.582942457425723
AIT-2024-07-008,AAPL,-0.4262976201163334,-0.725045007358046,0.5872781742972012,0.010117780629715438,-0.5973542675471046
AIT-2024-07-008,AMAT,0.6813716852387657,1.5730255868545282,1.6520858814891553,1.1260770844999828,0.8778896308159347
AIT-2024-07-008,APP,-0.7878027259347926,-0.28049276584684474,0.07444783829856302,0.5495760775592754,0.08018694390284373
AIT-2024-07-008,ARM,0.11622525764055408,0.7945847942980644,0.9877360957678043,0.5729791665903794,0.11960874711578591
AIT-2024-07-008,ASML,1.7405329351443666,1.8210068340614805,2.1560386823847253,1.5087303045209104,0.8047720922818146
AIT-2024-07-008,ADSK,-0.5552946448053893,-0.3695941779570029,0.3900229801422264,-0.19356259812368695,-0.4829704319681227
AIT-2024-07-008,AVGO,0.01797583611616334,0.5675719421156867,0.4368204081976244,0.014191577621959096,-0.3320822690344715
AIT-2024-07-008,CDNS,2.1497255514590585,2.632308878215973,2.9634307340792603,2.0906906110346197,1.1396913336578602
AIT-2024-07-008,CTSH,0.47677739238662376,0.9547611363872628,0.7179108891112125,0.5417212755032575,-0.18592540043978878
AIT-2024-07-008,CRWD,2.5591954096112466,3.3301426243274204,2.6187854016333,1.988426839213915,1.3532933503004168
AIT-2024-07-008,DDOG,-0.09189466236696602,0.06462070600558668,0.47407406643133326,0.5892954848676989,-0.24852839921592607
AIT-2024-07-008,DASH,0.5349185840978169,0.4927788772103236,1.5938989572726519,1.045162837199177,0.2657545327015913
AIT-2024-07-008,FTNT,-0.002125770061837019,-0.4665998047988928,0.11410149593732809,0.5426300674780637,-0.005567459165626076
AIT-2024-07-008,INTC,0.6361822741125239,0.5959693446600668,2.61573369032838,2.239512167324302,1.7365064226486318
AIT-2024-07-008,INTU,-0.14314571876351836,-0.10254616142521095,0.3283559381145386,-0.26447054361001676,0.005937109576327456
AIT-2024-07-008,KLAC,0.9518559427823994,1.4463344544005161,1.9243535243414165,1.1528590296413648,0.4675507617666545
AIT-2024-07-008,LRCX,0.8339412395778278,1.5237598642382624,2.1088447701504194,1.4785660844164106,0.9133884567504295
AIT-2024-07-008,MRVL,-0.12442433075382987,0.35782904023150247,0.61028428322121,0.28562968161591495,0.09640234036507689
AIT-2024-07-008,META,0.05950595584008316,0.19565289011375359,0.9571515180322101,0.4367577424942955,-0.17784739972123362
AIT-2024-07-008,MCHP,0.7065795833264354,1.3730129890254563,2.141392365612199,1.5435875931901781,0.8802854960977905
AIT-2024-07-008,MU,0.7119807464368076,0.9143929459635491,1.2834209594894073,1.0439180693305004,0.728685079485413
AIT-2024-07-008,MSFT,-0.08995450598302497,1.7968326939246833,1.3924210943451396,0.6263737395993734,0.019300284943048467
AIT-2024-07-008,MPWR,0.6691660203223175,1.196087406845098,1.495231868827677,0.9522461575330368,0.5062368270039033
AIT-2024-07-008,NVDA,-1.3824340762826222,0.32849392507343184,0.3676065117392055,-0.14278618159456177,-0.5638047781306137
AIT-2024-07-008,NXPI,1.211650838814406,0.9071629309255111,1.1518613719938575,0.6827753138702627,0.327752335598782
AIT-2024-07-008,PLTR,-0.20017196283487526,-1.0028908724985894,-0.008632326945538171,0.39907316838136586,0.029938485585328328
AIT-2024-07-008,PANW,-0.8416068701276872,-0.8668653022594797,-0.3302700719248031,-0.4386247185573772,-0.14987198698717158
AIT-2024-07-008,PDD,-1.0544404355526966,0.08683291518129185,-0.2914585762705387,-0.3083054465082651,0.366044110949681
AIT-2024-07-008,QCOM,0.24407372743031466,2.0034438556857745,1.7362580338225289,0.9483790951870726,0.24645028241602918
AIT-2024-07-008,ROP,0.6818024331358064,-0.32617200775105304,0.3961933041645272,-0.15057071725773688,-0.4663249422560285
AIT-2024-07-008,STX,0.6904169804628554,0.5007742994976615,0.8457249948541995,0.2296588390814992,-0.23316517470784973
AIT-2024-07-008,SHOP,-0.2365655867924625,-0.5081160619391497,0.5927666147330456,0.9370446603999937,0.006172582189896686
AIT-2024-07-008,MSTR,0.12964012181437623,-0.86599262876173,-0.17887349006782383,-0.4633104650799366,-0.4614889962398661
AIT-2024-07-008,SNPS,0.03758160723662423,0.6065263162172142,1.2964876496217268,0.7686248092768807,0.3157556384977198
AIT-2024-07-008,TXN,0.5203916230755855,0.7383177906872418,0.9746130080339329,0.44229310480699374,0.258333278129794
AIT-2024-07-008,TRI,1.3806216129333568,1.7101871696031896,1.4953090853547313,0.9158248745643771,0.399857170644803
AIT-2024-07-008,WDC,0.2078125831817654,1.5328667598611965,1.8369260609834883,1.13089514098027,0.3169535327958374
AIT-2024-07-008,WDAY,0.05639727823302191,-0.2979566891392431,0.21520608368476982,0.23527567558414733,0.5607189668945514
AIT-2024-07-008,ZS,-0.32176543442334027,-1.0341122142996981,-0.5319510075200063,-0.7597136777130085,-0.8131152031924381
AIT-2024-08-001,ADBE,-0.7701920176364179,-0.521005238527359,-0.6098962916634478,-0.8192566508931151,-1.1866066098845867
AIT-2024-08-001,AMD,-0.39481136784936033,1.1019047415976366,0.42626669680292295,-0.24430394002560618,-0.5270338113295293
AIT-2024-08-001,GOOGL,0.24729191369425577,-0.0029099729410607678,0.592929034982938,0.25829153720762155,-0.4168565202854313
AIT-2024-08-001,GOOG,-0.037928316628993035,-0.28636953368615214,0.34378561323970785,-0.14543189244392837,-0.4887996916089047
AIT-2024-08-001,ADI,0.5396183350826265,2.005431204864713,1.4439548902102013,0.7237566898752562,0.4854132151476401
AIT-2024-08-001,AAPL,-0.5946612704348936,1.0630265571270583,0.775433488645073,-0.007548387929524805,-0.6031783143804287
AIT-2024-08-001,AMAT,0.581035064474348,2.3247476400284137,1.4544646861772659,1.0476604522938926,0.7795462825164566
AIT-2024-08-001,APP,-0.8547950062308506,0.19595336061029892,0.7800978578593796,0.7178284712269672,0.12434839727370245
AIT-2024-08-001,ARM,0.18670269730536704,1.4339890902849717,0.8848023146292632,0.4607941669882684,0.04247435991209356
AIT-2024-08-001,ASML,1.3631453253821308,2.305694027038193,1.8112669123163034,1.1845385228680367,0.5789132748192503
AIT-2024-08-001,ADSK,-0.6063001562107966,0.5928080772783879,0.17528481207218816,-0.32436025477130725,-0.41928329077593895
AIT-2024-08-001,AVGO,-0.13074246389111993,0.5173039403656499,0.24269191538257637,-0.16587786836315277,-0.4583960890395894
AIT-2024-08-001,CDNS,2.0625392033442775,2.7636308230887288,2.7044160605753054,1.671062538481895,0.8923344534754263
AIT-2024-08-001,CTSH,0.8591746906411937,0.9062429429558164,0.46891397722395495,0.1420617945169208,-0.3456128342811712
AIT-2024-08-001,CRWD,3.307768037405265,2.1369157150129627,2.1084323742878395,1.6033714148721925,1.24473178643368
AIT-2024-08-001,DDOG,-0.3022277034746081,0.5583241486113197,1.065416879748419,0.5391186895997977,-0.3739990098359347
AIT-2024-08-001,DASH,0.4182829828977811,2.302057360550716,1.8098110281641324,0.9031939843574679,0.06056620696714889
AIT-2024-08-001,FTNT,-0.12501514084480508,-0.10155340851955122,1.0363326084380529,0.6276769739499156,-0.08188854937166065
AIT-2024-08-001,INTC,0.3787296881607802,4.100488974690052,3.174017335215558,2.3526024443390114,1.7262569882073546
AIT-2024-08-001,INTU,-0.09377015477003413,0.5269562685107062,0.20596307360211932,-0.2822677159814492,-0.046495783447416686
AIT-2024-08-001,KLAC,0.7937301941043626,2.7418020713228914,1.5628221978556196,0.9190012140327447,0.2847830330401556
AIT-2024-08-001,LRCX,0.7615918867181961,3.0220815256986953,1.93587063925696,1.223875278951663,0.820457935570297
AIT-2024-08-001,MRVL,-0.2097218212833107,1.0898059131470432,0.5833697802784658,0.24148226663116085,0.0788372352219257
AIT-2024-08-001,META,-0.25284401111633914,1.86517907804176,1.0240625907629195,0.3032779498917454,-0.3314462408891688
AIT-2024-08-001,MCHP,0.676688797218329,3.1187699563538223,2.1299578708385165,1.4422484625690315,0.7039397025643743
AIT-2024-08-001,MU,0.5165902036439989,1.5287084121266061,1.3126918703042567,1.0289829683653584,0.6807218064608783
AIT-2024-08-001,MSFT,0.007700430611197604,1.0881871126373488,0.7597305681337113,0.2543842711407235,-0.23485920388234371
AIT-2024-08-001,MPWR,0.5909059214418567,2.3788662618357344,1.4721525870282577,0.8087272529447948,0.36973549101394493
AIT-2024-08-001,NVDA,-1.2217200357464129,0.4828179878048533,0.1860115477257002,-0.3481562049337359,-0.5627587980876749
AIT-2024-08-001,NXPI,1.1787637516590503,2.0025616806728452,1.0932717317151237,0.5480185262830264,0.15966049310173022
AIT-2024-08-001,PLTR,-0.4681424917118546,-0.3431377916620292,0.7080668914068692,0.5607860306004875,0.06902009421127199
AIT-2024-08-001,PANW,-0.7962248335122247,-0.1431746060810507,-0.20642684276692144,-0.3523894660031217,-0.15649572075673163
AIT-2024-08-001,PDD,-1.0493452466198891,-0.9560730686955358,-0.4482388543041906,-0.34904099569573566,0.692128042296429
AIT-2024-08-001,QCOM,0.2143898788701516,2.4394000977218564,1.1596457034097514,0.5926102674891491,0.06133915892861909
AIT-2024-08-001,ROP,0.46389017818139233,0.39933530569015663,0.3272880917433591,-0.1964222165582403,-0.5882721713712828
AIT-2024-08-001,STX,0.8335849782318364,1.2005815174864565,0.8251287473930987,0.11556893522619287,-0.3059441117777049
AIT-2024-08-001,SHOP,-0.8208154196310239,0.7902482273565289,1.681879588475821,1.0239637055748019,-0.12628159006741493
AIT-2024-08-001,MSTR,-0.06949057450845889,-0.09200974044273652,-0.05945767555949164,-0.45670877289264983,-0.49763400124622137
AIT-2024-08-001,SNPS,0.017379040591416633,1.7704801698276733,1.4396768988839683,0.48632068778340953,0.2759922748443348
AIT-2024-08-001,TXN,0.46524323552293256,1.2030714061484709,0.7972366678181525,0.17808603910669635,0.16683300771649928
AIT-2024-08-001,TRI,1.2604759180389684,2.044511094050267,1.0712881254184403,0.7773370811060502,0.19903304057380936
AIT-2024-08-001,WDC,0.2492920481932576,2.6377710955828118,1.4977424865624387,0.807962055996915,0.11268613492442665
AIT-2024-08-001,WDAY,-0.1298297791520956,0.06132651827204855,0.3820697042737761,0.4161209024341621,0.5697807082522236
AIT-2024-08-001,ZS,-0.6415621082921278,-0.3374377276324974,-0.42894483826043023,-0.6481725430141769,-0.8355475604039148
AIT-2024-08-002,ADBE,-0.7314222595153386,-1.0994955665417359,-1.0912568296209837,-1.2407764072722967,-1.2736305748987664
AIT-2024-08-002,AMD,0.15581803961544002,0.04431648754676945,-0.5729013318899624,-0.5965237797404881,-0.842736430925925
AIT-2024-08-002,GOOGL,0.40640155154046403,0.8135261632493119,-0.15553045892371128,-0.10273876555054699,-0.529160129645636
AIT-2024-08-002,GOOG,0.027449886771098997,0.8381333788552382,-0.46280352316158924,-0.512454337881831,-0.5217792069577248
AIT-2024-08-002,ADI,1.0766219757943092,1.0700857490157785,0.28395760072547604,0.2287363215601218,0.25803539709605083
AIT-2024-08-002,AAPL,-0.3371766696483843,0.44316939379250636,-0.46855942179415333,-0.7585656379206,-0.884165472331007
AIT-2024-08-002,AMAT,1.026808184852406,0.4374886452469676,0.44221753931196434,0.628933511910532,0.6414058277407984
AIT-2024-08-002,APP,-0.49587698909527067,1.02970743363291,1.005084455301325,0.45940037191627675,0.10381027978730324
AIT-2024-08-002,ARM,0.6363829790316724,0.5922590730818494,0.12395181992047533,-0.02907936834493512,-0.23926373430669776
AIT-2024-08-002,ASML,1.4532343324940826,1.3389233997567986,0.8187946595696368,0.4630201133213849,0.38687252978785863
AIT-2024-08-002,ADSK,-0.26920740840349233,-0.09202570406988447,-0.5975028688670959,-0.7399829473149372,-0.3850037507385599
AIT-2024-08-002,AVGO,0.04395237673575316,-0.12601726699994462,-0.4732208135026192,-0.5474108448929504,-0.5701810543307682
AIT-2024-08-002,CDNS,2.080135169521045,2.410754015853762,1.3224451316371022,0.7609024227289711,0.5927149949115941
AIT-2024-08-002,CTSH,0.8384848175646378,-0.21305899995606525,0.15723526230355817,-0.5015722938330566,-0.543486328383841
AIT-2024-08-002,CRWD,2.4572681177944293,1.9264389139656306,1.2023096665241841,0.9660052535986203,0.8997428561681955
AIT-2024-08-002,DDOG,-0.09240820847949636,1.0633825631892395,0.680953834880066,-0.016696747897241293,-0.532363054226012
AIT-2024-08-002,DASH,0.7325363697567481,1.3902699726359136,0.5166937482041817,0.25660997367020694,-0.41193511542836925
AIT-2024-08-002,FTNT,-0.24136686631459353,2.129505800615821,1.0943674216394983,0.5651227985106346,-0.16521502789419512
AIT-2024-08-002,INTC,0.92505244807623,2.444760499645146,1.8533672320525536,1.5660107219090103,1.548646221092771
AIT-2024-08-002,INTU,0.04794340534350015,-0.10876701232308715,-0.7872617823523423,-0.6505201515401453,-0.12272365964055257
AIT-2024-08-002,KLAC,1.5365581305114295,0.6044405396177794,0.3604798127767632,0.14319459166671764,0.06222424649765762
AIT-2024-08-002,LRCX,1.230758949007899,0.8445560821500331,0.7143169176975395,0.5078681608009709,0.5067510971319664
AIT-2024-08-002,MRVL,0.10299888913682871,0.1003192112664189,-0.0869580361535605,-0.03844611010778708,0.15684087035582459
AIT-2024-08-002,META,0.3068719616550961,0.7351814158011571,-0.017744754285042307,-0.36784809826776566,-0.7037601560927201
AIT-2024-08-002,MCHP,1.400900064149405,1.5111030455039327,0.9453375625714368,0.6215479029785587,0.38630434798931934
AIT-2024-08-002,MU,0.6926000156964371,1.0928815702637513,0.7548154512025582,0.5701596287697434,0.49499321267513446
AIT-2024-08-002,MSFT,0.6065795089773558,0.23280579914382085,-0.15200539412896544,-0.26896839040146825,-0.4660311798532135
AIT-2024-08-002,MPWR,1.0017754722366152,0.5733042939092117,0.26361036863639026,0.10685884762742758,0.1378660392759079
AIT-2024-08-002,NVDA,-0.5098026788673047,-0.127906763700269,-0.5983310103181075,-0.7625949275487703,-0.6512713831430021
AIT-2024-08-002,NXPI,1.461936308320706,0.22127197187255349,0.031085405136203236,-0.18606721964800627,0.021960223481560587
AIT-2024-08-002,PLTR,-0.7064384725879472,1.1680085196836316,0.9805634237015751,0.5385935540562383,-0.04468139644888749
AIT-2024-08-002,PANW,-0.7983437572277299,-0.17270782927087333,-0.50766998818176,0.013835895049114118,-0.22808161892010978
AIT-2024-08-002,PDD,-0.9160854900167388,-0.18617801119411842,-0.22876778441818524,-0.1106518875155294,1.1165308865762977
AIT-2024-08-002,QCOM,0.9507680528191506,0.26671147043565957,0.023907443129005963,-0.2099795669451936,-0.18900393232824997
AIT-2024-08-002,ROP,0.6906797232890599,0.18095518773859984,-0.629049080799497,-0.7744287797801921,-0.7896570881496713
AIT-2024-08-002,STX,1.2291145886034138,0.848409833724032,-0.27429619221627766,-0.16747828040169407,-0.446318027018756
AIT-2024-08-002,SHOP,-0.5114234613955072,2.74862062108934,1.3744394111510168,0.5425379720734038,-0.5159047851208862
AIT-2024-08-002,MSTR,-0.28982780036129824,-0.3333986081010637,-0.7851636650385054,-0.7477898665983328,-0.7082657596033332
AIT-2024-08-002,SNPS,0.3202918511756187,1.3872678600458852,0.2816412349533716,-0.22082457327871696,0.22756290698306098
AIT-2024-08-002,TXN,0.7836342959812457,0.22258354774091557,-0.08173922807732908,-0.2160592761274941,0.059963255215680744
AIT-2024-08-002,TRI,1.6127046601175794,0.4264795001921185,0.29011357831629625,0.1347903256506718,-0.18498808725721108
AIT-2024-08-002,WDC,0.9973507970600723,1.0153826793985017,0.40762941440365025,0.053182148691574664,-0.24370553057020106
AIT-2024-08-002,WDAY,-0.3183851263842943,0.37902446356244124,0.29770239950262184,0.27270883655537115,0.4405836601330629
AIT-2024-08-002,ZS,-0.7535711535152536,-0.7086528511568329,-0.9915791539381126,-0.7383943116319741,-0.5838455542037513
AIT-2024-08-003,ADBE,-0.7948490555771435,-0.46459041332259376,-1.1526338456448328,-1.3109397088641337,-1.1477160304280827
AIT-2024-08-003,AMD,0.43465281814823065,-1.1410243022014832,-0.6582273066517306,-0.7396503703574571,-1.0505850084770887
AIT-2024-08-003,GOOGL,0.2697035713882775,0.05900697209089578,-0.2301386088037324,-0.7802632795679262,-0.45895928860965285
AIT-2024-08-003,GOOG,-0.09305415504866246,-0.46480337135978145,-0.691304359630183,-0.7736032613973974,-0.42106172826381555
AIT-2024-08-003,ADI,1.0573524320282313,0.020192622561948592,0.2495023563888149,0.34831312389908775,0.12494854230943639
AIT-2024-08-003,AAPL,0.26205436980556174,-0.8793454115882093,-1.0338178969863017,-1.1941274970125677,-0.8893129100159792
AIT-2024-08-003,AMAT,1.27395874461146,0.22698680590243195,0.7729795012790049,0.5678813197984945,0.7265574476864595
AIT-2024-08-003,APP,0.5327944174621302,0.7829550557704805,-0.12894453670907907,-0.39354563055536845,-0.14280955050300562
AIT-2024-08-003,ARM,0.7007802188034797,0.24923544230231598,-0.18448529863463636,-0.3876851057923249,-0.3801367752044215
AIT-2024-08-003,ASML,1.5176162686143728,0.38848435807592785,0.19276722504441576,0.07850033218309693,0.6454063775773691
AIT-2024-08-003,ADSK,-0.08010757510838558,-0.9253494361419407,-0.849926081084945,-0.7725661465295811,-0.11527736485177649
AIT-2024-08-003,AVGO,0.1716492403881803,-0.6620397209703013,-0.635151324617102,-0.7224064995893241,-0.2809211129361825
AIT-2024-08-003,CDNS,2.1878975623250665,0.4066144924860044,0.09545175854478162,0.025784914083533127,0.35984729703433355
AIT-2024-08-003,CTSH,0.6847021635005683,-1.35251062044923,-1.2502341715462981,-1.0181602379046095,-0.8396337000669684
AIT-2024-08-003,CRWD,1.746744066477362,0.7559989968938164,0.5798491910853147,0.4400074624602557,0.47677295370124384
AIT-2024-08-003,DDOG,0.7736915495623109,-0.49837324877862954,-0.7932007383188315,-1.1080116000396425,-0.8386089120872013
AIT-2024-08-003,DASH,1.2853437503307918,-0.2098499822891926,-0.07148564227397541,-0.5845159678834441,-0.8056043376616334
AIT-2024-08-003,FTNT,0.6591305599877029,0.1413344307489308,-0.04851284772250303,-0.5369696538575074,-0.5856049232865831
AIT-2024-08-003,INTC,2.391934803817761,1.2151027170969528,1.294902164697872,1.1588140801113322,1.4144257615930058
AIT-2024-08-003,INTU,-0.027702943293504954,-0.0493297309288587,-0.5001168457288354,0.23313735078549183,-0.08141421292443676
AIT-2024-08-003,KLAC,1.2531410629905295,-0.013627172851227165,0.026335432246974655,-0.19561635330869473,0.06285914906780196
AIT-2024-08-003,LRCX,1.7074623823208162,0.5279002202675006,0.4436159474991855,0.3721376589461563,0.610711260074083
AIT-2024-08-003,MRVL,0.3697556951387287,-0.28557439709761123,0.05427974538018299,-0.09431973407101518,0.2787760341446833
AIT-2024-08-003,META,0.7206868603584451,-0.4876477921784165,-0.6805592772838586,-0.7692912351519322,-0.8977511025111123
AIT-2024-08-003,MCHP,1.670422738505775,0.5305146281358744,0.3332525636118247,0.1698483044711476,0.20730900246217746
AIT-2024-08-003,MU,1.089140476104257,0.6478073995656415,0.38406337451382627,0.34445301284924734,0.34436752911045004
AIT-2024-08-003,MSFT,0.8878109784770181,-0.33032125301596704,-0.3633121366834977,-0.5855719987458431,-0.5541467794979757
AIT-2024-08-003,MPWR,1.2038003413541327,-0.05870600030359349,-0.021018721453406896,0.01645882556961997,0.20845043417658854
AIT-2024-08-003,NVDA,0.1341464724354936,-0.7904969943242677,-0.8939277262319418,-0.8886772304059364,-0.6505201619005002
AIT-2024-08-003,NXPI,0.6547688546548573,-0.05386546103161488,-0.33800167629287814,-0.08078998827648098,0.18567287252703302
AIT-2024-08-003,PLTR,0.39659395334048836,0.1808919232561518,0.07642753738897598,-0.2902248878413698,-0.1619371351981487
AIT-2024-08-003,PANW,-0.36304479756471414,-0.34169735952682323,0.5261784905637383,0.16498827122916107,-0.2585023423344065
AIT-2024-08-003,PDD,-0.27316825041815807,-0.46173643283896426,-0.03510127545288114,0.9658639643912384,1.259237148348468
AIT-2024-08-003,QCOM,1.0193069772172003,0.15993377770496672,-0.2808675631706958,-0.43093906782723096,-0.20823404611652607
AIT-2024-08-003,ROP,-0.05009246709996104,-1.074500860356569,-0.8929540729607263,-0.8422657257504785,-0.862359382061661
AIT-2024-08-003,STX,0.524133207843065,-0.500912472404813,-0.19263943613129775,-0.7397114510799817,-0.45660831735733304
AIT-2024-08-003,SHOP,1.072911877260558,0.10985255264940763,-0.30248654639007516,-0.854671284583199,-1.1982195974929706
AIT-2024-08-003,MSTR,-0.43601548335225804,-1.0065084655749792,-0.796875214957565,-0.6162940583778515,-0.8153783036967572
AIT-2024-08-003,SNPS,1.051275260320371,-0.6807369101922367,-0.7564528285058073,-0.22209741448283438,0.32701818990977116
AIT-2024-08-003,TXN,0.5144122331286848,-0.7350606252875295,-0.33245914310649854,0.027154219992905796,0.06927329117973123
AIT-2024-08-003,TRI,0.8932611311676868,-0.4387462671619189,-0.1945430296878011,-0.2904800626372673,-0.54802797743096
AIT-2024-08-003,WDC,1.296498740488965,-0.3279909606856529,-0.3598372253600641,-0.6020147454643916,-0.6325890734095075
AIT-2024-08-003,WDAY,0.1886794801337378,0.2784525031005361,0.19493858304542896,0.8116598751235422,0.3959537052702786
AIT-2024-08-003,ZS,-0.6830602727907241,-0.4123495570595178,-0.41519486244366915,-0.8240478431745312,-0.07136195006117184
AIT-2024-08-004,ADBE,-0.7948490555771435,-0.46459041332259376,-1.1526338456448328,-1.3109397088641337,-1.1477160304280827
AIT-2024-08-004,AMD,0.43465281814823065,-1.1410243022014832,-0.6582273066517306,-0.7396503703574571,-1.0505850084770887
AIT-2024-08-004,GOOGL,0.2697035713882775,0.05900697209089578,-0.2301386088037324,-0.7802632795679262,-0.45895928860965285
AIT-2024-08-004,GOOG,-0.09305415504866246,-0.46480337135978145,-0.691304359630183,-0.7736032613973974,-0.42106172826381555
AIT-2024-08-004,ADI,1.0573524320282313,0.020192622561948592,0.2495023563888149,0.34831312389908775,0.12494854230943639
AIT-2024-08-004,AAPL,0.26205436980556174,-0.8793454115882093,-1.0338178969863017,-1.1941274970125677,-0.8893129100159792
AIT-2024-08-004,AMAT,1.27395874461146,0.22698680590243195,0.7729795012790049,0.5678813197984945,0.7265574476864595
AIT-2024-08-004,APP,0.5327944174621302,0.7829550557704805,-0.12894453670907907,-0.39354563055536845,-0.14280955050300562
AIT-2024-08-004,ARM,0.7007802188034797,0.24923544230231598,-0.18448529863463636,-0.3876851057923249,-0.3801367752044215
AIT-2024-08-004,ASML,1.5176162686143728,0.38848435807592785,0.19276722504441576,0.07850033218309693,0.6454063775773691
AIT-2024-08-004,ADSK,-0.08010757510838558,-0.9253494361419407,-0.849926081084945,-0.7725661465295811,-0.11527736485177649
AIT-2024-08-004,AVGO,0.1716492403881803,-0.6620397209703013,-0.635151324617102,-0.7224064995893241,-0.2809211129361825
AIT-2024-08-004,CDNS,2.1878975623250665,0.4066144924860044,0.09545175854478162,0.025784914083533127,0.35984729703433355
AIT-2024-08-004,CTSH,0.6847021635005683,-1.35251062044923,-1.2502341715462981,-1.0181602379046095,-0.8396337000669684
AIT-2024-08-004,CRWD,1.746744066477362,0.7559989968938164,0.5798491910853147,0.4400074624602557,0.47677295370124384
AIT-2024-08-004,DDOG,0.7736915495623109,-0.49837324877862954,-0.7932007383188315,-1.1080116000396425,-0.8386089120872013
AIT-2024-08-004,DASH,1.2853437503307918,-0.2098499822891926,-0.07148564227397541,-0.5845159678834441,-0.8056043376616334
AIT-2024-08-004,FTNT,0.6591305599877029,0.1413344307489308,-0.04851284772250303,-0.5369696538575074,-0.5856049232865831
AIT-2024-08-004,INTC,2.391934803817761,1.2151027170969528,1.294902164697872,1.1588140801113322,1.4144257615930058
AIT-2024-08-004,INTU,-0.027702943293504954,-0.0493297309288587,-0.5001168457288354,0.23313735078549183,-0.08141421292443676
AIT-2024-08-004,KLAC,1.2531410629905295,-0.013627172851227165,0.026335432246974655,-0.19561635330869473,0.06285914906780196
AIT-2024-08-004,LRCX,1.7074623823208162,0.5279002202675006,0.4436159474991855,0.3721376589461563,0.610711260074083
AIT-2024-08-004,MRVL,0.3697556951387287,-0.28557439709761123,0.05427974538018299,-0.09431973407101518,0.2787760341446833
AIT-2024-08-004,META,0.7206868603584451,-0.4876477921784165,-0.6805592772838586,-0.7692912351519322,-0.8977511025111123
AIT-2024-08-004,MCHP,1.670422738505775,0.5305146281358744,0.3332525636118247,0.1698483044711476,0.20730900246217746
AIT-2024-08-004,MU,1.089140476104257,0.6478073995656415,0.38406337451382627,0.34445301284924734,0.34436752911045004
AIT-2024-08-004,MSFT,0.8878109784770181,-0.33032125301596704,-0.3633121366834977,-0.5855719987458431,-0.5541467794979757
AIT-2024-08-004,MPWR,1.2038003413541327,-0.05870600030359349,-0.021018721453406896,0.01645882556961997,0.20845043417658854
AIT-2024-08-004,NVDA,0.1341464724354936,-0.7904969943242677,-0.8939277262319418,-0.8886772304059364,-0.6505201619005002
AIT-2024-08-004,NXPI,0.6547688546548573,-0.05386546103161488,-0.33800167629287814,-0.08078998827648098,0.18567287252703302
AIT-2024-08-004,PLTR,0.39659395334048836,0.1808919232561518,0.07642753738897598,-0.2902248878413698,-0.1619371351981487
AIT-2024-08-004,PANW,-0.36304479756471414,-0.34169735952682323,0.5261784905637383,0.16498827122916107,-0.2585023423344065
AIT-2024-08-004,PDD,-0.27316825041815807,-0.46173643283896426,-0.03510127545288114,0.9658639643912384,1.259237148348468
AIT-2024-08-004,QCOM,1.0193069772172003,0.15993377770496672,-0.2808675631706958,-0.43093906782723096,-0.20823404611652607
AIT-2024-08-004,ROP,-0.05009246709996104,-1.074500860356569,-0.8929540729607263,-0.8422657257504785,-0.862359382061661
AIT-2024-08-004,STX,0.524133207843065,-0.500912472404813,-0.19263943613129775,-0.7397114510799817,-0.45660831735733304
AIT-2024-08-004,SHOP,1.072911877260558,0.10985255264940763,-0.30248654639007516,-0.854671284583199,-1.1982195974929706
AIT-2024-08-004,MSTR,-0.43601548335225804,-1.0065084655749792,-0.796875214957565,-0.6162940583778515,-0.8153783036967572
AIT-2024-08-004,SNPS,1.051275260320371,-0.6807369101922367,-0.7564528285058073,-0.22209741448283438,0.32701818990977116
AIT-2024-08-004,TXN,0.5144122331286848,-0.7350606252875295,-0.33245914310649854,0.027154219992905796,0.06927329117973123
AIT-2024-08-004,TRI,0.8932611311676868,-0.4387462671619189,-0.1945430296878011,-0.2904800626372673,-0.54802797743096
AIT-2024-08-004,WDC,1.296498740488965,-0.3279909606856529,-0.3598372253600641,-0.6020147454643916,-0.6325890734095075
AIT-2024-08-004,WDAY,0.1886794801337378,0.2784525031005361,0.19493858304542896,0.8116598751235422,0.3959537052702786
AIT-2024-08-004,ZS,-0.6830602727907241,-0.4123495570595178,-0.41519486244366915,-0.8240478431745312,-0.07136195006117184
AIT-2024-08-006,ADBE,-1.1496238793450955,-1.7516911077351711,-1.124118603255505,-0.9778337594913328,-0.07228439335318113
AIT-2024-08-006,AMD,-0.7037089915282766,-1.4594520482895619,-1.3658389578790204,-1.3978213892182791,-1.613099413941556
AIT-2024-08-006,GOOGL,-0.457585823392694,-1.9444727275360272,-0.8599364730035935,-0.29094208544624417,-0.24789486526350807
AIT-2024-08-006,GOOG,-0.6233191477827944,-0.8869806008153378,-0.29097641421421155,-0.07675874669502859,-0.16604815661186953
AIT-2024-08-006,ADI,0.3925080655537601,0.2889498573227297,0.12412049184156076,-0.08681455868841702,-0.3157276655297139
AIT-2024-08-006,AAPL,-1.0529347790368182,-1.3051906955559283,-0.7197098324825554,-0.6114713611713817,-0.28741604385486735
AIT-2024-08-006,AMAT,0.4403015766400288,0.47709129205184986,0.8075137725041907,0.7723852401017491,0.4899455080233351
AIT-2024-08-006,APP,-0.30335481992165225,-0.7585248538890976,-0.19841616515067687,-0.06303016739050388,0.6431739617831452
AIT-2024-08-006,ARM,-0.42114099208075495,-0.7690320172352999,-0.6095214473864122,-0.5622921751216176,-0.5187401343216845
AIT-2024-08-006,ASML,0.051779002642413224,-0.8497535438385273,0.28661432823676,0.9366016470921324,0.6388937907937242
AIT-2024-08-006,ADSK,-0.784391535090977,-0.5040191123432827,0.45613314782079145,0.47860141384935173,0.2454731451380699
AIT-2024-08-006,AVGO,-0.7139257950754939,-1.1398618434405985,-0.5749450765608786,0.031090703928254283,0.06915235118964691
AIT-2024-08-006,CDNS,-0.20052130789341444,0.7123136727171862,0.5667331824784804,0.5491299146525327,0.32756234984105337
AIT-2024-08-006,CTSH,-1.2442852839861525,-0.44663454402587294,-0.37196095062931206,-0.5737480055505658,-0.6044278473772974
AIT-2024-08-006,CRWD,0.3717104252176073,0.5184374535525872,0.7946412728026352,0.34786471354646004,0.27620768809045165
AIT-2024-08-006,DDOG,-0.9123892181404697,-1.9087917061494193,-0.9716071197225391,-0.7074420713918277,-0.6664222708343365
AIT-2024-08-006,DASH,-0.5470515614561591,-1.1467462780638435,-1.0988361954837282,-1.0376949627146137,-0.6389385126808289
AIT-2024-08-006,FTNT,-0.3093679099973332,-1.6484743950022769,-0.9743299066011687,-0.7477133344761712,-0.6039314791165574
AIT-2024-08-006,INTC,1.0408731246380099,0.08200302974608062,1.400798443592935,1.23877032804808,1.7847551596834796
AIT-2024-08-006,INTU,0.14547688523368116,-0.02853882747215644,-0.027358432046579857,-0.29914097398581674,-0.10859361112045633
AIT-2024-08-006,KLAC,-0.16924807598409458,-0.7360875125253212,0.14836995350424512,0.21283803442057223,0.051641670958109766
AIT-2024-08-006,LRCX,0.3207065256049452,0.15209417786580315,0.4938573156850505,0.6575979387650566,0.6529082880281125
AIT-2024-08-006,MRVL,-0.03452981787561399,-0.888789271710549,0.6053967926373647,0.47353797704234596,0.09549514257222344
AIT-2024-08-006,META,-0.5526243050363477,-1.8026848853575799,-1.416399735702066,-1.16142209285717,-0.7917346410617763
AIT-2024-08-006,MCHP,0.2669518070301893,-0.7518683579479768,-0.07555444888366002,0.06368737160372867,0.1427358933959514
AIT-2024-08-006,MU,0.21269980598672852,0.35021291703315044,0.2995925045703433,0.21689026366278064,0.49623587761176374
AIT-2024-08-006,MSFT,-0.39638934184664054,-1.2072884182854704,-0.6109763372176301,-0.5896007791806723,-0.46208188737258704
AIT-2024-08-006,MPWR,0.014576294303488243,-0.02583313542275567,0.2658014944767565,0.39628493664736997,0.14492166171009546
AIT-2024-08-006,NVDA,-0.8885868578681242,-0.4086825034267953,-0.2169838506782306,-0.44368111217172507,-0.7967593460489694
AIT-2024-08-006,NXPI,-0.00694587918308044,-0.7594200459589996,0.07814897739174342,0.4057909918323601,0.40753604606638744
AIT-2024-08-006,PLTR,-0.11155554714871818,-1.1179851997298347,-0.7393471744158049,-0.1522877888250914,0.3556306478763643
AIT-2024-08-006,PANW,0.37832831491440655,-1.424898058866762,-0.7870607213885892,-0.779584735879216,-0.8581822456433893
AIT-2024-08-006,PDD,0.16481546510861295,3.9355171690717423,2.885159863932867,1.7822315041650774,1.3140426554331608
AIT-2024-08-006,QCOM,-0.4295006206604683,-0.7187204997228476,0.07412886049048707,-0.06538649135537214,-0.15653699423596032
AIT-2024-08-006,ROP,-0.7679125968183407,-1.056176434567216,-0.8154853940624021,-0.8496355619401137,-0.7184603832711739
AIT-2024-08-006,STX,-0.7657783827904893,-0.08083233165507198,-0.05708299655355087,-0.10490955588909698,-0.29455154561463875
AIT-2024-08-006,SHOP,-0.6224445311230193,-1.4505429671630359,-1.7245696210625303,-1.5723201241206588,-1.245075144303387
AIT-2024-08-006,MSTR,-0.6651084182663828,-0.7084017167611875,-0.9534000365674157,-1.0147065744710628,-0.7222226188855504
AIT-2024-08-006,SNPS,-0.4607755595051864,0.6130192507224395,0.9141284753961191,0.844131500443272,0.594334661646518
AIT-2024-08-006,TXN,0.0610920625423735,-0.5428349672435182,0.13808015414701927,0.07979005915596128,-0.005366444841560823
AIT-2024-08-006,TRI,-0.4038886386627558,0.548792332827126,-0.4838709456488086,-0.6967873265960796,-0.6825825349383109
AIT-2024-08-006,WDC,-0.6091364116516306,-0.3253359625412318,-0.2967739339931043,-0.6539538258678935,-0.5593914652621033
AIT-2024-08-006,WDAY,0.7471797599514234,0.3561566270016815,-0.1854869761760984,-0.02873375282335321,0.011711463924969615
AIT-2024-08-006,ZS,-0.6471834231862623,-1.793982315469533,0.08156927713008895,0.5026978219375414,0.09355875615534337
AIT-2024-09-002,ADBE,-0.902262104167508,2.1215783738238954,1.347220662129336,0.8753774424592856,0.4288290145014467
AIT-2024-09-002,AMD,-1.4635554007908804,-2.084734900193497,-1.8166173438946103,-1.7407525081154664,-1.6032965408250826
AIT-2024-09-002,GOOGL,-0.08147598270764976,0.34420001835253133,-0.21899296277214234,-0.2123839076809851,-0.4437732651002545
AIT-2024-09-002,GOOG,0.06310345646882112,-0.08459928146502815,-0.5178630913358498,-0.22071579917476764,-0.5843910923921831
AIT-2024-09-002,ADI,-0.18521754433683357,-1.112852306567111,-0.35560673461813197,-0.4501762391526185,-0.7162073670349447
AIT-2024-09-002,AAPL,-0.45226168000189243,-1.2129806773395666,-0.37199281388642275,-0.01444928003322517,-0.5625720327679189
AIT-2024-09-002,AMAT,0.7770441323247129,0.3616027630602023,0.04332725065642427,0.25322435166746343,-0.11754755647366674
AIT-2024-09-002,APP,-0.09594355852627375,2.1129798928816426,1.838050415300782,1.4053020585567035,0.654443808739574
AIT-2024-09-002,ARM,-0.607651347912204,-0.06760066350305449,-0.30548993557740595,-0.48197814230441216,-0.8421303673699554
AIT-2024-09-002,ASML,1.0041833573765615,0.3075721655689401,0.2572644514342098,0.34258688026743783,0.0988846243188027
AIT-2024-09-002,ADSK,0.6014773541796621,-0.14137343580434897,-0.16747515643022592,-0.03180176188833126,-0.506168750168193
AIT-2024-09-002,AVGO,0.12236841615706344,0.43079894499378546,-0.04000631816610708,0.07978891369055761,-0.45115732865847874
AIT-2024-09-002,CDNS,0.50298216369613,-0.2560262147541316,-0.03892706535942567,0.05629738461901634,-0.1196542231367405
AIT-2024-09-002,CTSH,-0.6226266827844855,-1.1279130303225056,-0.999720739813493,-0.5380797737153602,-0.6817289073929846
AIT-2024-09-002,CRWD,0.42464051359156363,-0.6660762949679276,-0.20700961167024404,0.16276531755347837,-0.03488487388605128
AIT-2024-09-002,DDOG,-0.5575008348368397,-0.43138153906930454,-0.3647779016212363,-0.5520375556741256,-0.3681084027639441
AIT-2024-09-002,DASH,-1.0577159386874984,-0.5786866218195019,-0.15213901259112575,-0.12458452329402543,-0.39858424227455136
AIT-2024-09-002,FTNT,-0.5939806150450715,0.41133729877511793,-0.4985410784479887,-0.3519183320242523,-0.5297513339746547
AIT-2024-09-002,INTC,1.3187707585735933,0.06305952840014054,1.798326485866096,2.248050972246894,1.4460053087310147
AIT-2024-09-002,INTU,-0.44277302888239267,-0.12476451963362345,-0.32356283834534777,0.03573989483129299,0.1039722300826768
AIT-2024-09-002,KLAC,0.2856494830375368,-0.22660518266787244,0.07064123462924386,-0.07052532401158013,-0.28875385911016205
AIT-2024-09-002,LRCX,0.5671004282076325,0.42206842835898506,0.6039665301222731,0.7459762151947428,0.35039885036360296
AIT-2024-09-002,MRVL,0.631832960189675,-0.3248231799313724,-0.5555797843575949,-0.29328566028047764,-0.3182070118933844
AIT-2024-09-002,META,-0.9972752291900764,-0.7270520853098512,-0.6567842656022511,-0.3058514170498406,-0.5973333387196925
AIT-2024-09-002,MCHP,0.12445012858479686,-1.2117094722327124,-0.007077749530540596,0.2844318130486385,0.08943946346191728
AIT-2024-09-002,MU,0.17128589628995344,0.7374242173239884,0.5154020031675147,1.047388916807144,0.925409681314653
AIT-2024-09-002,MSFT,-0.4665687969810743,-0.6425638188253593,-0.46051858397410816,-0.3160839359759913,-0.45972950039757665
AIT-2024-09-002,MPWR,0.3430813910133838,-0.7363961516527665,-0.036217072476046996,-0.09872108154802674,-0.26828856513855737
AIT-2024-09-002,NVDA,-0.38459675039446384,-1.023569735932792,-1.2124252249785978,-1.1071202275460101,-1.231270368898649
AIT-2024-09-002,NXPI,0.39507617562166114,0.7814402087723267,0.4668877439129069,0.3905963389452267,0.0246007819208715
AIT-2024-09-002,PLTR,-0.03648012797247249,0.18846851440582174,0.5223852676569982,0.9052394173977003,0.5860786476494378
AIT-2024-09-002,PANW,-0.77172824447148,-1.4795333794342778,-1.0448338132579422,-0.9068835284403765,-0.8707661679951973
AIT-2024-09-002,PDD,1.4871121223719719,1.3462159062312993,0.40597097459139303,0.9174631288564092,1.4890895327226426
AIT-2024-09-002,QCOM,0.04424852611203234,-1.4149744251552898,-0.7965996816450446,-0.20171020571964024,-0.5191751045109924
AIT-2024-09-002,ROP,-0.8335460410857516,-0.9968579676306419,-1.0202387627320857,-0.5302319457859009,-0.4292775556331242
AIT-2024-09-002,STX,-0.1385765298793688,-0.45934344287585127,-0.7240202024596211,-0.4127106297557011,-0.600920196751685
AIT-2024-09-002,SHOP,-1.5518145955282896,-0.941945319835555,-0.6939839837934246,-0.8168981328353039,-1.0982897474805482
AIT-2024-09-002,MSTR,-1.0781340411794313,-0.9746428843200576,-0.18187075663221633,-0.3265962533486182,-0.13510921173697113
AIT-2024-09-002,SNPS,0.7842841886219594,0.2758642007880807,0.4633094234420405,0.26577468314425085,-0.026114377222304436
AIT-2024-09-002,TXN,0.11633782480822534,0.3242482802255925,-0.27815218372188993,-0.10775419940034965,-0.29946204262368037
AIT-2024-09-002,TRI,-0.7360295444025745,-1.2626812882702603,-0.6794986010316567,-0.6004395299484939,-0.7091667143070614
AIT-2024-09-002,WDC,-0.6806032004439028,-0.8915232533931581,-0.5618604559027043,-0.3381815130602426,-0.5425976719504672
AIT-2024-09-002,WDAY,-0.20075978272501363,-0.24571348477714441,0.07619828764350796,-0.06547683261284098,-0.16077290839319985
AIT-2024-09-002,ZS,0.7828222077502118,0.5160589765151894,-0.09284340100918041,-0.341519019459032,-0.27568192869727376
AIT-2024-09-003,ADBE,0.3692493446336898,1.0845847433816376,0.3486550121251391,0.06685822043515184,0.07511157569887399
AIT-2024-09-003,AMD,-1.703996237094612,-0.8861609487796922,-1.532442581267035,-1.8135225463252906,-1.463569583374631
AIT-2024-09-003,GOOGL,0.11380342311382217,0.6598737533977223,-0.1667164615883375,-0.44859554585286915,-0.6326084980318751
AIT-2024-09-003,GOOG,-0.1591043614673716,1.1444611683825257,0.06421948697297952,-0.41456845643561946,-0.7951848844970675
AIT-2024-09-003,ADI,-0.6407775789965059,1.8615922567143244,-0.09368821644879921,-0.4111272818661723,-0.7412030412985982
AIT-2024-09-003,AAPL,-0.5853738790850354,2.7926043765752113,0.41877860356691166,-0.17323409331795447,-0.7142667143654746
AIT-2024-09-003,AMAT,0.3898228009343307,1.6789144264638207,0.5196781182921517,0.2064746691400873,0.07644333492223966
AIT-2024-09-003,APP,0.9535949760988822,1.9285594881854515,0.9954768123525488,0.33162246928154854,0.2670579377023401
AIT-2024-09-003,ARM,-0.41483604168412724,-0.32530550456713136,-0.6430848154822674,-0.9421551365328262,-0.9412649638491211
AIT-2024-09-003,ASML,0.9197840617491873,1.5721417170613832,0.5024807215241834,0.1612284557908781,0.767730263952011
AIT-2024-09-003,ADSK,0.1630446410632725,0.9007121994897991,0.20321720011356592,-0.3890380785664343,-0.4245108715361191
AIT-2024-09-003,AVGO,0.44538545265288676,1.3677819534351718,0.25801337706463184,-0.36645289733975533,-0.5739469209951386
AIT-2024-09-003,CDNS,0.21636270716968134,0.9037897223828766,0.1462631908606924,-0.03328834826398122,-0.024403555214873515
AIT-2024-09-003,CTSH,-0.9229952230257903,0.32986237417743114,-0.04072763262721993,-0.1979814798574371,-0.6062217731807567
AIT-2024-09-003,CRWD,-0.3406875592297818,1.5507023621994511,0.6264072961827064,0.1802607669492938,0.04960150052369491
AIT-2024-09-003,DDOG,-0.3241460389723435,-0.3149718342073322,-0.6768989867728769,-0.6482217922191379,-0.4207683110305675
AIT-2024-09-003,DASH,-0.6747319744725383,0.7260044827176694,0.04421735211185355,-0.34347532935550296,-0.3946968820193576
AIT-2024-09-003,FTNT,-0.3150173388617293,0.691391941328211,-0.21879128626270514,-0.5419264845509907,-0.6096511916769455
AIT-2024-09-003,INTC,1.1811037156223105,2.967150382154318,2.5327131377180963,1.767618851948113,0.9693284497292377
AIT-2024-09-003,INTU,-0.5508251503948671,1.5929934630658371,0.523491806016066,0.4416310979053378,0.19121800506541028
AIT-2024-09-003,KLAC,0.1248262008879486,1.4355928528189734,-0.039606671979759686,-0.13713381597494073,0.01911937680594741
AIT-2024-09-003,LRCX,0.653510637614829,2.058519768961385,0.9596439517466053,0.7187139999859611,0.44482370104786734
AIT-2024-09-003,MRVL,-0.20838330010264974,0.3754383162778985,0.0016628493354765572,-0.07689536485690905,-0.07532376953479362
AIT-2024-09-003,META,-0.769329500904585,0.6151873195027306,0.14451192072966731,-0.28883786637329334,-0.668029661476591
AIT-2024-09-003,MCHP,-0.3359280036857634,2.394463439764781,0.8829408573504022,0.5506513874469827,0.08684212403083047
AIT-2024-09-003,MU,0.24644188637649028,0.8381898887064436,1.534313672252269,1.403333339472069,0.861797395808893
AIT-2024-09-003,MSFT,-0.5731095842931813,1.7544714243518706,-0.07098485323318826,-0.375273988858009,-0.49794808029963517
AIT-2024-09-003,MPWR,0.13885928277666024,1.795095219221507,-0.013862841945027368,-0.12980808182584366,-0.26332257999825337
AIT-2024-09-003,NVDA,-0.9647174998898053,-0.643796513179245,-0.9973170141860118,-1.2012422512308734,-1.274910934658819
AIT-2024-09-003,NXPI,0.5591346799460069,2.32726912632015,0.4773257942036076,0.28450096729143914,-0.12752822055855997
AIT-2024-09-003,PLTR,0.583086409402449,2.5937403663111622,1.2362167290038724,0.6417477826996418,0.48888375704320425
AIT-2024-09-003,PANW,-0.9660811200062867,-0.31635291832790785,-0.7258441013313502,-0.8142202695616002,-0.7963622189544525
AIT-2024-09-003,PDD,0.41525358026352716,0.415202747293534,1.2789476686768169,1.806260503519092,1.503758326834746
AIT-2024-09-003,QCOM,-0.6247604528466272,1.9072166769319396,0.5335342053616317,-0.041632994887465635,-0.3725715406352333
AIT-2024-09-003,ROP,-1.0137982030773205,1.5008427938052562,0.10035534474835518,-0.023094130240403462,-0.1963408946056331
AIT-2024-09-003,STX,-0.4277263511744372,0.5201493363478252,-0.22617852254983287,-0.6043522000343713,-0.7000733834554259
AIT-2024-09-003,SHOP,-1.0709051380392653,-0.3707770197610766,-0.7071857739455711,-1.1072124905108198,-1.2048259095911096
AIT-2024-09-003,MSTR,-0.8365572479924401,0.2238599015452413,-0.29855282135628275,-0.23980406012875036,0.1132508386302889
AIT-2024-09-003,SNPS,0.6087401124102455,0.8540661109974026,0.10023094676301791,-0.18678675380113993,-0.05633118310320701
AIT-2024-09-003,TXN,-0.1569545065662935,1.4037991298550083,0.055330105074185836,-0.10717407586304774,-0.41924710813281246
AIT-2024-09-003,TRI,-0.8352541615365213,0.3598974217278515,-0.4773139558530062,-0.715347711452437,-0.8233362489527588
AIT-2024-09-003,WDC,-0.9080446046639259,0.16330910891104797,-0.11858587202047244,-0.3958923829958176,-0.5376183118432585
AIT-2024-09-003,WDAY,-0.04038188390164378,1.142448960420162,-0.04496898610227087,-0.1134962293657972,-0.2291047034388504
AIT-2024-09-003,ZS,0.626115642191262,0.07667207523356834,-0.5571507104893739,-0.6624774363547533,-0.3366249247705578
AIT-2024-09-006,ADBE,1.008707224636488,0.2978448842371567,0.023382706858571318,0.017509815034572464,-0.12968314748063658
AIT-2024-09-006,AMD,-1.644735340811419,-1.2447713382130847,-1.8480476934986914,-1.5984725253985155,-1.4973437454781473
AIT-2024-09-006,GOOGL,0.004183087371623906,-0.8577535228494828,-0.670010202855118,-0.6295016918368007,-0.8500007941625716
AIT-2024-09-006,GOOG,-0.14271192061661767,-0.5989796505302739,-0.7470485304320981,-0.9109139680138862,-1.1212814056445946
AIT-2024-09-006,ADI,-0.3317870694401545,-0.2951586682390256,-0.562754242294257,-0.8510490856863158,-0.9664130934667896
AIT-2024-09-006,AAPL,0.20690097411578431,-1.0799920106627863,-0.8462890085584146,-1.1051017876722489,-1.0941028588298007
AIT-2024-09-006,AMAT,0.3241815146862035,0.3355061491031044,0.1281233670715539,-0.3771940990487087,-0.02921003819283755
AIT-2024-09-006,APP,1.7241440293870318,0.5527606142891988,-0.17029059468187677,-0.10665528768968159,0.0681695042823663
AIT-2024-09-006,ARM,-0.3490071922422308,-0.5156933668998396,-0.9531730237132848,-1.131687834937562,-1.004479903888471
AIT-2024-09-006,ASML,0.5169936965711968,0.1811762412911371,0.00018656876424843113,-0.1652138112220796,0.9300620450681196
AIT-2024-09-006,ADSK,0.1919874099578428,-0.48115326748600384,-0.8476623106851277,-0.9280478056677587,-0.5905295841495184
AIT-2024-09-006,AVGO,0.3287681570166681,-0.7988774000090364,-0.9138468669461955,-0.9645604685884326,-0.9875710035578513
AIT-2024-09-006,CDNS,0.13933043696822248,0.015244409494529432,-0.07196007962462075,-0.23470117114593758,0.2036506544763371
AIT-2024-09-006,CTSH,-0.49367128536571137,-0.797476023068988,-0.4632193510958949,-0.9131334623360435,-0.8873095704510648
AIT-2024-09-006,CRWD,0.12429575290523036,-0.03248704721176876,-0.2775363221317777,-0.3446127963802397,-0.20820168443172102
AIT-2024-09-006,DDOG,-0.35872138832966016,-0.7342292864896145,-0.7756566683058804,-0.3283865707798641,-0.4011355966955806
AIT-2024-09-006,DASH,-0.027249455627735977,-0.03796810943674582,-0.48312314286072183,-0.6631421196864564,-0.6546697919125206
AIT-2024-09-006,FTNT,-0.2595742653078298,-0.2005717303820977,-0.7165222569367421,-0.6736337397176476,-0.7352485000850405
AIT-2024-09-006,INTC,2.0321200300180493,1.896001908279219,1.3041645810766644,0.7734670985199774,0.35590146919993904
AIT-2024-09-006,INTU,0.056222257397737244,-0.007506225458500493,0.2749837748641827,0.21857503666951744,0.002073996356397923
AIT-2024-09-006,KLAC,0.09853807580208224,-0.5273610595029502,-0.21172452798426109,-0.45263192102974015,-0.026687915584939374
AIT-2024-09-006,LRCX,0.8374183376037494,1.1754399814074072,0.9043968282036038,0.1617197561780184,0.5015234254105077
AIT-2024-09-006,MRVL,-0.21007238916613405,-0.19317104371130203,-0.07960624772971987,-0.31486287363885196,-0.2680319157054853
AIT-2024-09-006,META,-0.4088890495752225,0.1563035553120117,-0.5062449467856932,-0.6185791809253908,-0.8908835871352724
AIT-2024-09-006,MCHP,0.2694516211371768,0.6602636008511256,0.42227197250467813,0.040927495757325766,-0.25563742612141305
AIT-2024-09-006,MU,0.5098605837894504,3.301544161312238,2.0740407703003108,1.2193036801416557,0.624255244011483
AIT-2024-09-006,MSFT,-0.030101325129082687,-1.1922251060711258,-0.7846288691502332,-0.6404064200647128,-0.6156481555719724
AIT-2024-09-006,MPWR,0.18288913858102684,-0.48020642672702435,-0.25693346828793034,-0.41543477310401117,-0.40561603272524155
AIT-2024-09-006,NVDA,-1.028802509786592,-1.024649040120682,-1.3227740933104182,-1.2647071423318668,-1.392767739313889
AIT-2024-09-006,NXPI,0.704616905360558,-0.3535553372477352,-0.012973183507522709,-0.3286196690995073,-0.3714262140607265
AIT-2024-09-006,PLTR,1.0870063077870453,0.032842401270544996,-0.11001110437448107,0.1892608694527312,-0.006426860209807777
AIT-2024-09-006,PANW,-0.7526154573473457,-0.9472438024950296,-0.8826516896119786,-0.8069715950961048,-0.8758951106035262
AIT-2024-09-006,PDD,0.3067489771896948,2.1256055404323817,2.467074821687243,2.1442361014904,1.451356279564587
AIT-2024-09-006,QCOM,-0.1587940577126149,-0.6794571924686885,-0.703076780597616,-0.8036726446197349,-0.6457986776000849
AIT-2024-09-006,ROP,-0.4973041393392099,-0.40545329735773905,-0.37218833876865337,-0.3720606318148741,-0.2600215430090952
AIT-2024-09-006,STX,-0.3993162597865034,-0.22290583952751652,-0.6715084246423512,-0.683474105990546,-0.4886623317676309
AIT-2024-09-006,SHOP,-0.5609454419136676,-1.0318759840417067,-1.384189649656192,-1.1878236592131732,-1.3094981755498085
AIT-2024-09-006,MSTR,-0.3021291340942202,-0.3615860190441832,-0.09309231866594532,-0.0014358548789704295,0.2646673592524739
AIT-2024-09-006,SNPS,0.451252195247031,-0.2918880406575304,-0.5049127807959306,-0.4044270270835698,-0.22972229285538576
AIT-2024-09-006,TXN,-0.04700156610367315,-0.48628854330978244,-0.1912996826283991,-0.50541204993529,-0.3703425428781507
AIT-2024-09-006,TRI,-0.4459959362821871,-0.7961550749473629,-0.9428490357612272,-0.7724995859775402,-0.8935370391566667
AIT-2024-09-006,WDC,-0.5702936671629713,0.06505443886983947,-0.4416470659759915,-0.5917799820424139,-0.5578872354675327
AIT-2024-09-006,WDAY,0.1859844354029857,-0.6195611980821938,-0.3252885189681668,-0.3188590299544601,-0.418492249267461
AIT-2024-09-006,ZS,0.02300630919638071,-0.5963119612157612,-0.7937464170450944,-0.3993037478203565,-0.4299289331924143
AIT-2024-09-007,ADBE,0.9996697528065257,0.14152216053569294,0.1533947339312369,0.015350212448071538,-0.09481032546012177
AIT-2024-09-007,AMD,-1.4939048629300498,-1.7004877233334006,-1.8111916049566412,-1.663464306166867,-1.50309081162216
AIT-2024-09-007,GOOGL,0.09011519457960243,-0.653320049510481,-0.5341077482806347,-0.7019606060137101,-0.8123718855374102
AIT-2024-09-007,GOOG,-0.053040108489843085,-0.5526034860705454,-0.554435171931088,-0.9193529303586313,-1.0634169503646071
AIT-2024-09-007,ADI,-0.2064881178950403,-1.2623036672174677,-0.5377260248115775,-0.9092179785917235,-1.0053996457949075
AIT-2024-09-007,AAPL,0.1941455185259738,-0.8190617315762054,-0.7027413072083611,-1.029522844846411,-1.1138332781827702
AIT-2024-09-007,AMAT,0.38241910852298333,-0.3152442547811015,0.07068421670593776,-0.33540666669311353,-0.054452585261304996
AIT-2024-09-007,APP,1.6411567510373222,0.6569741510323084,0.06724944121444958,-0.06161567579350278,0.09318651099842634
AIT-2024-09-007,ARM,-0.33744889022203944,-0.8132480224683252,-0.8905472846649025,-1.150025554610299,-1.05990309275413
AIT-2024-09-007,ASML,0.6371364591201861,-0.44046373084020485,0.002832028164565866,-0.18143756739933742,0.8707955160702806
AIT-2024-09-007,ADSK,0.17458273909036098,-0.40519395284803905,-0.7195106589983845,-0.8466404964335237,-0.589862782495868
AIT-2024-09-007,AVGO,0.38131206161234454,-0.4308289384333822,-0.599573204944219,-0.9034536501064473,-0.926429965920457
AIT-2024-09-007,CDNS,0.25890699273075296,-0.029733525691678038,0.002486957548940701,-0.23386745257272776,0.18092708220790862
AIT-2024-09-007,CTSH,-0.8069223352767412,-1.1499146602467782,-0.5767157876892134,-0.7867848503540409,-0.8647069468701121
AIT-2024-09-007,CRWD,-0.032802821347522264,-0.10983215485937146,-0.16720043257459308,-0.2835819198108467,-0.19272359989595447
AIT-2024-09-007,DDOG,-0.314460048047824,-0.6511293202300843,-0.8656610142997696,-0.3770086897469114,-0.3867659004125589
AIT-2024-09-007,DASH,-0.10543275700624505,-0.43881899690911025,-0.4795007069494787,-0.6180936290712392,-0.6335481954330247
AIT-2024-09-007,FTNT,-0.21813404314539261,-0.8305395194535822,-0.7245195921364128,-0.7699385140568803,-0.7705396426357751
AIT-2024-09-007,INTC,1.7105454761929713,2.1049775627467904,1.5714502300835156,0.9834988988274683,0.46674674365278035
AIT-2024-09-007,INTU,0.0404579759208861,0.4169670329163885,0.38135566725161824,0.2717996521263722,0.03702065594835605
AIT-2024-09-007,KLAC,0.28275269558135574,-0.6718702759722227,-0.13584691503699897,-0.3821705102718525,-0.03064739238703221
AIT-2024-09-007,LRCX,1.022202446887618,0.21758957085773337,0.7515383059775967,0.1923648491610526,0.4196785148882703
AIT-2024-09-007,MRVL,-0.2509489332632717,-0.708551848450915,-0.21712057677077556,-0.32085583932290934,-0.2723604724932017
AIT-2024-09-007,META,-0.4849826092988228,0.023185347407474466,-0.21509989058852497,-0.5491644813207405,-0.9051832967336757
AIT-2024-09-007,MCHP,0.261113638364328,-0.15221564781803162,0.31531429145073087,0.02725083106846564,-0.24315701352954497
AIT-2024-09-007,MU,0.4310973724711754,1.4778964909726335,2.0131890511632666,1.2647209770951149,0.6736773697203193
AIT-2024-09-007,MSFT,0.0630810286992672,-0.9294274364159092,-0.7717690776173485,-0.6034863046138077,-0.6395308933297205
AIT-2024-09-007,MPWR,0.2624396586446314,-1.3760912610010294,-0.3715057600599434,-0.5172387106108638,-0.4569250618111946
AIT-2024-09-007,NVDA,-0.9498322556557467,-0.7914838354510166,-1.095457478557698,-1.1744661959828795,-1.3730526524218791
AIT-2024-09-007,NXPI,0.9126979536647833,-0.4521426454395865,0.12902221481130804,-0.2528841511113857,-0.42238779309377117
AIT-2024-09-007,PLTR,1.118418823063748,0.5372943533630989,0.1702492465883677,0.17313218535389144,0.07144857810693742
AIT-2024-09-007,PANW,-0.7308542960589245,-1.0554556904347925,-0.8552916832794976,-0.8243140883435897,-0.8948523514183477
AIT-2024-09-007,PDD,0.2939830163048113,1.6673238365032057,2.4133949908851116,2.274012591164313,1.5337000301212056
AIT-2024-09-007,QCOM,-0.22009211685473667,-0.5021249345483318,-0.36025925545326704,-0.6642755778679134,-0.6450297919201772
AIT-2024-09-007,ROP,-0.5285391946629986,-0.5922399268723818,-0.3849271538204316,-0.45479390878613385,-0.3439381169243599
AIT-2024-09-007,STX,-0.338348644575957,-0.8257839621422789,-0.636710682577184,-0.8514655609218363,-0.6879831249997101
AIT-2024-09-007,SHOP,-0.709051718531875,-1.1119568039684653,-1.2009711480159269,-1.1780036704736896,-1.3141870782570406
AIT-2024-09-007,MSTR,-0.36253602205797564,-0.9506946732269131,-0.19094803246227854,-0.06783045489129874,0.20744053278360114
AIT-2024-09-007,SNPS,0.5295474698948475,-0.13752371160729393,-0.3278157198673869,-0.38240025963096785,-0.17729819640052988
AIT-2024-09-007,TXN,0.1242462738970469,-0.20165265577018293,-0.08315969243019579,-0.36944224577154583,-0.4533979365087741
AIT-2024-09-007,TRI,-0.4133409166503363,-1.2991012841093692,-1.0201475043418664,-0.860073896235114,-0.9266987229824283
AIT-2024-09-007,WDC,-0.5404117517069005,-0.25580930657715717,-0.2348664037175078,-0.5096405955032195,-0.5378574137706816
AIT-2024-09-007,WDAY,0.24543225274920177,-0.7389111096376448,-0.4983445612303599,-0.3025957154156663,-0.4506999406580769
AIT-2024-09-007,ZS,0.13275821525628406,-1.3070906272376974,-0.9933194118698845,-0.6467491223130724,-0.4711809307505266
AIT-2024-09-008,ADBE,0.07748668769876572,0.6147236243360084,0.41112392381910273,0.20239366257427022,0.10323230459379683
AIT-2024-09-008,AMD,-1.5991804248828396,-1.4819247335717118,-1.706128346974924,-1.845404219947046,-1.4805119040484087
AIT-2024-09-008,GOOGL,0.08089617066843023,-0.1480255275817652,-0.10295838769652027,-0.33911390159786503,-0.6288340013507846
AIT-2024-09-008,GOOG,-0.04754255573343401,-0.3574633904579798,0.014400791159849121,-0.3093661049030274,-0.7859145896358528
AIT-2024-09-008,ADI,-0.6209106996620455,0.8732239436512244,-0.3050609018363843,-0.367660887914829,-0.7962984806530126
AIT-2024-09-008,AAPL,-0.5999870100788188,0.32122074136991247,0.659889224961218,-0.02314561138434841,-0.6326582923853308
AIT-2024-09-008,AMAT,0.5260888913288146,0.025722962175717345,0.23963789665800503,0.2315733783822741,-0.03301623542376678
AIT-2024-09-008,APP,0.6264623165149487,1.5745194610872981,1.1693228549688683,0.4954820038797694,0.3713376702569282
AIT-2024-09-008,ARM,-0.3818376830497348,-0.4502785802683891,-0.6697071146975019,-0.8291516993494938,-0.9333099325521678
AIT-2024-09-008,ASML,1.2321419597977965,0.7054489620081288,0.43432219653902565,0.30955718654935854,0.5980866674249752
AIT-2024-09-008,ADSK,0.2549684781792739,0.06569111311155687,0.20844392053533778,-0.31044452473625445,-0.4739625881412725
AIT-2024-09-008,AVGO,0.4401216810117377,0.017662382100542537,0.27873824293845506,-0.23685267952610953,-0.5776945683913038
AIT-2024-09-008,CDNS,0.29477795601030193,0.00317623655422114,0.12916863067832582,0.022692152783966735,-0.07387411916168826
AIT-2024-09-008,CTSH,-0.939026268852538,-0.8253272093849716,-0.27039031922734,-0.2591333460690391,-0.6143021879815469
AIT-2024-09-008,CRWD,-0.26858821431800234,0.2537315752496726,0.5323610920852272,0.16905247634171233,0.04778412089313931
AIT-2024-09-008,DDOG,-0.2350551168175888,-0.33779654287630556,-0.6174716856690295,-0.7087218776258072,-0.41292509654128523
AIT-2024-09-008,DASH,-0.7945239599846374,0.584575270862409,0.13391220092103237,-0.19368224743748533,-0.3386442493458869
AIT-2024-09-008,FTNT,-0.21706054265640867,-0.9513593425353858,-0.44541274377539614,-0.5997855310911361,-0.6520717965724807
AIT-2024-09-008,INTC,0.9695784993930996,2.0252228477450713,2.644110876806393,1.9806114209722343,1.0994145592658815
AIT-2024-09-008,INTU,-0.5867858318109106,-0.002162202705833005,0.4711531476147921,0.3613496277189179,0.16103201501130596
AIT-2024-09-008,KLAC,0.1348677009759462,0.4266969954057709,-0.10111766044623492,-0.060985758173563755,-0.11028198988505944
AIT-2024-09-008,LRCX,0.591707667716497,0.8298473230148463,0.6985215099779475,0.8417722920311337,0.36533353641819954
AIT-2024-09-008,MRVL,-0.04293184819438224,-0.27767547422192973,-0.13704539764388687,-0.07872598557869684,-0.13028240163231414
AIT-2024-09-008,META,-0.8814265476105616,-0.3752083169437253,-0.011854458245369135,-0.3301351540306618,-0.6622073234181306
AIT-2024-09-008,MCHP,-0.27361184824827217,1.8273597846513314,0.9465379256715307,0.728556465995117,0.1686480430987687
AIT-2024-09-008,MU,0.22205245349979108,0.42411712355956144,0.8833427594304138,1.379476337133659,0.8276880674561466
AIT-2024-09-008,MSFT,-0.6636243142266187,-0.005429018252194898,0.06117228796616244,-0.2909350678614658,-0.4711221112093539
AIT-2024-09-008,MPWR,0.07855770405367862,0.4197400721987649,-0.10233617223758533,-0.07072835027488783,-0.2742518214421388
AIT-2024-09-008,NVDA,-0.8080734805577422,-0.9684738458052189,-0.9888506720035761,-1.1739338298675348,-1.2771643338214562
AIT-2024-09-008,NXPI,0.6376624943383563,0.8090693284312966,0.4984311620997229,0.3371820289212678,-0.12034586665756902
AIT-2024-09-008,PLTR,0.42670270390360504,0.6032587966919836,1.3392073972235572,0.664662826584101,0.5497091848659029
AIT-2024-09-008,PANW,-0.9263352377923285,-0.5878235997400834,-0.6927691865101645,-0.7586627694794005,-0.7460363334582187
AIT-2024-09-008,PDD,0.6314633796458129,-0.08237813350260526,0.5935007899561341,1.59989544667909,1.4523748012446565
AIT-2024-09-008,QCOM,-0.5890381947758803,-0.15943903292143657,0.36279231229603176,-0.06463669401514817,-0.3845540300539724
AIT-2024-09-008,ROP,-0.9337929617342637,-0.5862262386100864,-0.07596833465717819,-0.2153278219612221,-0.25340507815116237
AIT-2024-09-008,STX,-0.16652312644166756,-0.8110223346674273,-0.37481230157989764,-0.49714295506625705,-0.6923173985527161
AIT-2024-09-008,SHOP,-1.222494978180509,-0.1272803100780956,-0.6401191708922561,-1.0335731310195586,-1.1431268401945258
AIT-2024-09-008,MSTR,-1.0410866028834416,0.5022405658185519,-0.3113536201662576,-0.12781829049967708,0.1478563714459576
AIT-2024-09-008,SNPS,0.6778232692620754,0.4100139692537226,0.16939993031961506,-0.14301315911760024,-0.06274056515492166
AIT-2024-09-008,TXN,-0.07412665427115343,-0.26856362320013344,0.02340103658817233,-0.03871651310315176,-0.4362349107572434
AIT-2024-09-008,TRI,-1.037783339489462,-0.40643176377063206,-0.45182146543695234,-0.6820549229505578,-0.8236927962509165
AIT-2024-09-008,WDC,-0.9995885403464396,-0.4669398072356167,-0.39004972523649534,-0.38562451235732154,-0.5276046141214642
AIT-2024-09-008,WDAY,-0.13810128717089684,0.77338551013382,0.14522776718489727,-0.03492983316104626,-0.18231687845322067
AIT-2024-09-008,ZS,1.102463304310835,-0.3264784118879023,-0.5448701568288029,-0.6739207255515892,-0.3075714864523375
AIT-2024-09-010,ADBE,-0.07821128888879351,1.0153185575975692,0.5849469476213822,0.393551734595563,0.21034274022774388
AIT-2024-09-010,AMD,-1.4641947623702256,-2.033915699740827,-1.7783199674927985,-1.7916037617290295,-1.4794944530821847
AIT-2024-09-010,GOOGL,0.33254105689240915,-0.5058226897062276,-0.050334608108544336,-0.29183118605943265,-0.5909264747714565
AIT-2024-09-010,GOOG,0.16060644263266152,-0.9039096404334637,-0.040790175880191466,-0.321038304158154,-0.7573181887783808
AIT-2024-09-010,ADI,-0.3516174402268459,-0.6112035551690713,-0.19764049761737137,-0.28184400700321055,-0.728709199735019
AIT-2024-09-010,AAPL,-0.6517960605094086,-0.2429694222953585,0.6973626305866315,0.06663446291744869,-0.5886553989957198
AIT-2024-09-010,AMAT,0.7663874111661979,-0.7865212299729502,0.15047024507761741,0.16750417261151515,-0.15212026742732604
AIT-2024-09-010,APP,0.44414445293696453,1.909788928796254,1.443599393348516,0.7573558025502052,0.4584537265316267
AIT-2024-09-010,ARM,-0.4519026651028357,-0.7766156989048467,-0.7227580657478856,-0.7790006290791882,-0.9226953732632422
AIT-2024-09-010,ASML,1.369386643859523,-0.19584554750716424,0.3785670906253131,0.27935527843101615,0.3251914407967898
AIT-2024-09-010,ADSK,0.3337478279398904,-0.6605863317456814,0.13104293565354105,-0.2868577293189383,-0.5113653696536178
AIT-2024-09-010,AVGO,0.5255968170165581,-0.5123303337666304,0.34347630278563196,-0.17215980066743633,-0.5503286958202416
AIT-2024-09-010,CDNS,0.4257219012986427,0.16247301457052551,0.202493213553252,0.1336617585756999,-0.07995198618363708
AIT-2024-09-010,CTSH,-0.7914339031188545,-1.0270821790552191,-0.12819790563605718,-0.32597891977460003,-0.6044563488922696
AIT-2024-09-010,CRWD,-0.20774266083254325,-0.3522349020438683,0.5060012923184187,0.17015322513800102,0.03786664360684109
AIT-2024-09-010,DDOG,-0.25927407637190575,-0.6223021714023744,-0.6382466654498195,-0.7660541762398293,-0.41717309668415675
AIT-2024-09-010,DASH,-0.8587394219348217,0.03560003987078697,0.06458112833919612,-0.18118865305412513,-0.2983836070489432
AIT-2024-09-010,FTNT,-0.15207528334447834,-1.377690556025456,-0.6192537406033564,-0.6243324213762869,-0.6546434162049473
AIT-2024-09-010,INTC,0.9239374128274063,2.9054133204395107,2.904826674812346,2.2906511294562075,1.2632290375055264
AIT-2024-09-010,INTU,-0.4803247467387746,-0.7569961602392292,0.2575805326728493,0.2903940707468417,0.12344627940724626
AIT-2024-09-010,KLAC,0.3466323616509562,-0.09621953237513181,0.09056340929952433,-0.006181603659542304,-0.2398467010181234
AIT-2024-09-010,LRCX,0.6883736878019318,0.4085354115537237,0.7031433818407504,0.8020014807684525,0.3041558916185094
AIT-2024-09-010,MRVL,0.2633837334621387,-1.06717470463937,-0.2829935333626881,-0.1861608343455668,-0.22843498451951993
AIT-2024-09-010,META,-0.8083968554134133,-0.7540492899228471,-0.16427752938025356,-0.19713355152540804,-0.6613423465317793
AIT-2024-09-010,MCHP,0.016203279830188173,0.5562521838152541,0.8496040053617558,0.7016721914102798,0.18968672605118178
AIT-2024-09-010,MU,0.2535145125412168,0.026881147758441595,0.45838506684741986,1.3072076226570364,0.8220668606358233
AIT-2024-09-010,MSFT,-0.5289040338360679,-0.23824317941503442,0.2402368606865782,-0.25779157918089174,-0.4451872527201278
AIT-2024-09-010,MPWR,0.29474660441310224,0.04339833634397826,0.15699936023568203,0.04022452735789805,-0.2577450317915236
AIT-2024-09-010,NVDA,-0.5832186908450964,-1.3256780010417795,-1.0902010513317968,-1.1583849398810662,-1.2933859759728978
AIT-2024-09-010,NXPI,0.8310372320915295,-0.04018597614561389,0.5829340273307465,0.4215270397544398,-0.0711587448756186
AIT-2024-09-010,PLTR,0.24213734005816492,0.6733018256537238,1.4457926788943618,0.7735227607977435,0.5517633137957303
AIT-2024-09-010,PANW,-0.842830064986106,-0.5592878581546461,-0.5958379580689546,-0.7324009783817782,-0.772067852741198
AIT-2024-09-010,PDD,0.7612161220565148,-0.5812910244054831,0.3811346793441564,1.3048303785954842,1.4263633491173608
AIT-2024-09-010,QCOM,-0.4166810742000499,-0.9928015068988635,0.42407843127350003,8.147147526037109e-05,-0.3973967803064448
AIT-2024-09-010,ROP,-0.7767976099278724,-1.2663370283980717,-0.1958436133748529,-0.25993255975339136,-0.2753668713554256
AIT-2024-09-010,STX,-0.15667291635210875,-0.8211691690426743,-0.42787002205942665,-0.4971801054317888,-0.6737743086944613
AIT-2024-09-010,SHOP,-1.152036387704674,-0.34187271152594245,-0.46739487606838326,-0.8470494576779274,-1.0983662127585556
AIT-2024-09-010,MSTR,-1.048574114709715,0.5443737169968376,0.015293521095335291,-0.032852297380218706,0.19899708281769518
AIT-2024-09-010,SNPS,0.8930212996574548,0.5582589829071625,0.38528654391375156,0.031170025543845944,-0.0704477339794744
AIT-2024-09-010,TXN,0.21685507986741184,-0.7939415844999309,-0.0406505128952064,-0.08323065729351793,-0.4183136089630509
AIT-2024-09-010,TRI,-1.0624814447064195,0.022909327154706505,-0.21102444351780994,-0.5526627699867936,-0.7522431826173873
AIT-2024-09-010,WDC,-0.929680969802561,-0.37939658630142914,-0.2701078554578284,-0.32098770621429473,-0.5081563403614884
AIT-2024-09-010,WDAY,-0.1628803069962935,0.2499086816074813,0.22082617198250284,-0.10227964917127483,-0.17078380952470226
AIT-2024-09-010,ZS,1.4020722512633164,-0.28861204119740896,-0.46184627110120563,-0.6150807182060131,-0.28893118861760947
AIT-2024-10-001,ADBE,0.2559251359524029,-0.8106582185631659,-0.14311410529120633,-0.08131110359266525,-0.29514280581267605
AIT-2024-10-001,AMD,-1.6445937640891404,-1.977414124816813,-1.3765005524896143,-1.0622854679870164,-1.1732646301503529
AIT-2024-10-001,GOOGL,-0.27742764448716295,-1.3683366488162843,-0.6564567613057788,-0.9383961573505605,-0.5296339977470559
AIT-2024-10-001,GOOG,-0.18471792194385522,-1.4079340042634012,-1.0973229114026177,-1.2684648875786093,-0.833525714469879
AIT-2024-10-001,ADI,-0.24959047778379226,-1.285262347263164,-1.2140310475262996,-1.2468186002826984,-1.0641261966027047
AIT-2024-10-001,AAPL,0.13289308643728134,-1.5286488836321148,-1.4171360774481876,-1.2997932553272011,-1.1940000128227188
AIT-2024-10-001,AMAT,0.1953515060998663,-0.5212964638533488,-0.8194084299947902,-0.3092898590770471,-0.09904773540420674
AIT-2024-10-001,APP,0.6641590981033993,-0.49684356196869683,-0.1934545844127854,0.0819224377448096,-0.1361634653573894
AIT-2024-10-001,ARM,-0.8007612356535305,-1.6460995321143597,-1.3802663594518478,-1.1054638715348604,-1.0636167691053175
AIT-2024-10-001,ASML,0.2850699675397294,-0.7635946350152074,-0.38001938084679976,0.6959892964680662,1.121688629785725
AIT-2024-10-001,ADSK,-0.1723734705052527,-1.2629031858341966,-1.0422052823208101,-0.6951276107890858,-0.6004836355190764
AIT-2024-10-001,AVGO,-0.0314263689291217,-1.6597763266969046,-1.1185434607884022,-1.007641506848018,-1.0313690267283253
AIT-2024-10-001,CDNS,0.027961025885893626,-0.7092144357462691,-0.46687531579497815,-0.23011915265316985,0.5653801950978663
AIT-2024-10-001,CTSH,-0.17504952709673904,-0.36374747959231185,-1.194824010545637,-0.8894664279367255,-0.649577647985156
AIT-2024-10-001,CRWD,0.3007355640598106,-0.36263043996449656,-0.4494343163710655,-0.12680714982579566,-0.2222542086876975
AIT-2024-10-001,DDOG,-0.7870554792962836,0.012831789897254253,0.14395116913458525,-0.08360359292342061,-0.30190626572651946
AIT-2024-10-001,DASH,-0.044209165120972095,-0.8929705692574622,-0.8371761693989453,-0.4604698333403055,-0.6474922894094385
AIT-2024-10-001,FTNT,-0.5034497430815474,-0.9463442209451967,-0.7003142918964317,-0.7275443133237303,-0.8670329647397287
AIT-2024-10-001,INTC,2.004796664592202,0.20133029561599974,0.13311812211813484,0.06931140124834288,0.01940076318946217
AIT-2024-10-001,INTU,0.3720431839146189,-0.026999001281430013,0.10604752966789265,-0.035843364380470394,-0.1773009279886142
AIT-2024-10-001,KLAC,-0.13629243150214743,-0.8739502301352982,-0.7179364169702334,-0.2104652282184145,0.19530483737703574
AIT-2024-10-001,LRCX,0.7723389246483632,-0.04806607413912517,-0.4600134703295849,-0.08712059519355721,0.4668016774193201
AIT-2024-10-001,MRVL,-0.10974632357317418,-0.4225809433654529,-0.5099906408254725,-0.17012775587933748,-0.4876928092541017
AIT-2024-10-001,META,-0.11474289998431855,-1.27656037648047,-0.9347995356640535,-1.0495729727535223,-0.8986711205501917
AIT-2024-10-001,MCHP,0.7968503084793,-0.23424481164647107,-0.32549228289720905,-0.4063247386178459,-0.4972670845221746
AIT-2024-10-001,MU,1.425831792108777,0.5420497708616872,0.2551298707949511,0.21763907274288138,-0.16536725736185215
AIT-2024-10-001,MSFT,-0.1865408019864204,-0.9056957514075137,-0.4609049714902336,-0.6003165613624447,-0.4807583971659009
AIT-2024-10-001,MPWR,-0.1062494730839527,-0.9050800996978883,-0.6651746092857238,-0.5831647800349052,-0.24131252018566812
AIT-2024-10-001,NVDA,-1.0409679583317115,-1.4833392029218573,-1.2593840311898379,-1.354916807530194,-1.6572293326626908
AIT-2024-10-001,NXPI,0.44571106481564715,-0.7675248590244154,-0.7663187398166631,-0.6850206806698516,-0.39533936236458184
AIT-2024-10-001,PLTR,0.84684483359815,-0.10033729708771758,0.3474956682036219,0.32898022705607977,-0.15477900633349642
AIT-2024-10-001,PANW,-0.6784052877827123,-0.988553317972175,-0.7245812114165705,-0.6867042964740405,-0.9836664083050266
AIT-2024-10-001,PDD,1.3790615066777745,2.207790771080536,1.916004054360959,1.405595608016077,0.7912904786811652
AIT-2024-10-001,QCOM,0.14244773500112154,-1.2138180832780865,-1.0171212095585427,-0.7862016210045137,-0.7142296120068232
AIT-2024-10-001,ROP,-0.09927976992051651,0.01867270633597745,-0.3834785984146052,-0.2684761246973487,-0.21391102064876133
AIT-2024-10-001,STX,-0.4519572923186814,-1.401634899505491,-0.7435172712993178,-0.9091601171243832,-0.27467791083112775
AIT-2024-10-001,SHOP,-0.8094273373614933,-1.7535275184581613,-1.1381262741275953,-1.2572804129078101,-1.396073308947852
AIT-2024-10-001,MSTR,-0.11838321361794758,-0.5563410237850869,0.048210522897115825,0.39827641270668773,0.5174888973280811
AIT-2024-10-001,SNPS,-0.1566535088010689,-0.660288149748133,-0.4324456566046488,-0.11451434547151179,-0.25008000852200835
AIT-2024-10-001,TXN,-0.14636643522695889,-0.8701218564063906,-0.7928342107489444,-0.813581498169814,-0.26542920607515585
AIT-2024-10-001,TRI,-0.5299088416995857,-0.9626120022794991,-0.6624525158376625,-0.9655439974613299,-0.9033316677538649
AIT-2024-10-001,WDC,-0.20085502332484437,-0.8051781941684075,-0.7657933077053749,-0.6568466203591715,-0.2530008003071135
AIT-2024-10-001,WDAY,-0.12202274867407868,0.08464845135609582,-0.18857339558836728,-0.25088026958920384,-0.5060223058295252
AIT-2024-10-001,ZS,-0.6772009779976467,-0.5970060906339859,-0.06652523106051844,-0.01864105241060193,-0.5508638978576811
AIT-2024-10-010,ADBE,-0.052052764975592435,-0.5922520998681516,-0.5736500370202129,-0.5138397504689359,-0.20289430388492574
AIT-2024-10-010,AMD,-0.9317593871338015,-1.434796791099144,-1.123638214412809,-0.91159752855257,-1.0836636150598156
AIT-2024-10-010,GOOGL,-0.8202133373364188,-1.1668285808566345,-0.23409292350728936,0.20207004573743498,0.05639205909065675
AIT-2024-10-010,GOOG,-1.127712055561081,-1.2446782119088913,-0.4610800225707788,0.05767107334072306,-0.11849881819085122
AIT-2024-10-010,ADI,-0.9705637287001411,-1.0280267708948956,-0.8764443260204051,-0.624787884936611,-0.22032718361142023
AIT-2024-10-010,AAPL,-1.1679152760268348,-0.6175762675922705,-1.0733078168588521,-0.7914475733730839,-0.7501395985082331
AIT-2024-10-010,AMAT,0.0957079044275043,0.3358358744609673,-0.042981976783109076,-0.09925975746797616,0.3238279610205816
AIT-2024-10-010,APP,-0.06085325313148889,-0.042139241449393364,-0.6152854589856208,-0.4340274314541243,0.6606659917994568
AIT-2024-10-010,ARM,-0.9156122733424188,-0.8754507026536331,-0.8869884997417733,-1.0278581727777991,-0.7978886882616242
AIT-2024-10-010,ASML,1.9260442376623574,1.1550876933652734,0.7754392762550504,0.9343936341774071,1.2084845249151477
AIT-2024-10-010,ADSK,-0.22633414489908965,-0.5403489290865924,-0.6538260117850179,-0.6883744735819349,-0.36043133984596376
AIT-2024-10-010,AVGO,-0.6968901959230779,-1.3583709195968154,-1.0422974863766294,-1.0653871891857296,-1.018653161680593
AIT-2024-10-010,CDNS,0.3728297813428154,0.9131487718131308,1.314954027165804,1.2250598686589778,0.640999548007191
AIT-2024-10-010,CTSH,-0.7653773810673328,-1.3482736705452472,-0.07714510917514274,0.08336444391285021,0.12019139927716312
AIT-2024-10-010,CRWD,-0.09044749021703573,-0.5755251135671211,-0.30566912944723584,-0.4476019836423761,-0.352875749714903
AIT-2024-10-010,DDOG,-0.26830632732136306,-1.242304977262041,-0.7414097322855769,-0.44397661368470015,0.35123706932539
AIT-2024-10-010,DASH,-0.4520720086049599,-1.3067219779919934,-1.011162359889231,-0.3083308843993165,-0.3270962628048178
AIT-2024-10-010,FTNT,-0.6548531756095627,-0.7844872717091311,-1.0127642860431134,-0.844410819031364,-0.037493677907618664
AIT-2024-10-010,INTC,-0.19922581920733368,-0.2042575187208374,0.011671452825147902,0.5028288515609417,0.5506198615316696
AIT-2024-10-010,INTU,-0.19646958846990117,-0.38736292622870994,-0.4564342102155147,-0.1669682246319356,0.45310006065847713
AIT-2024-10-010,KLAC,0.3815907301002254,-0.18306915788204467,0.29114028369971806,0.5188554868118014,0.8800865758276059
AIT-2024-10-010,LRCX,0.3992702309982134,1.2417009834743595,1.0058107360044906,0.5074032104036154,0.3186602951242823
AIT-2024-10-010,MRVL,-0.21626772758907847,-0.8191056739348236,-1.111335065324045,-0.6759084729978633,-0.6553729477883184
AIT-2024-10-010,META,-1.2277164149099133,-0.6312778205679587,-0.736115499620987,-0.20688854096420642,-0.22571739683244868
AIT-2024-10-010,MCHP,-0.6215607918585769,-0.7366777442883532,-0.7990032950916958,-0.2973906820006835,0.30602922771362095
AIT-2024-10-010,MU,0.008187768823602984,-0.7830824048382674,-0.9225915933880531,-0.8261215622476505,-0.6625435901088672
AIT-2024-10-010,MSFT,-0.6819673415155427,0.47026174313925845,-0.3507097081389614,0.2977771569533134,0.39776745202292796
AIT-2024-10-010,MPWR,-0.5192743418041206,-0.46356078045366184,0.07873525380703367,1.0537979834997828,1.9416137565233726
AIT-2024-10-010,NVDA,-1.4055281079728803,-1.3397601912306027,-2.051502201705462,-2.0617946345961222,-1.9985676940384216
AIT-2024-10-010,NXPI,-0.7678335279365837,0.48565405207752593,0.16749260831253984,0.5962984612029306,0.5886427623204956
AIT-2024-10-010,PLTR,0.1679204604350922,-0.8274002755426895,-0.6595235581766763,-0.1498575770763058,0.5546159781833316
AIT-2024-10-010,PANW,-0.7519064670928749,-0.9275078038402584,-1.2321523280608582,-1.218975025979161,-1.045242518240399
AIT-2024-10-010,PDD,0.7028708815447751,0.8094210169854166,-0.1358767325133878,-0.32247729097001815,-0.13968125944787163
AIT-2024-10-010,QCOM,-0.6184599593663715,-0.0001284909182117655,-0.7771154066650293,-0.6685133293884373,-0.17209321967037886
AIT-2024-10-010,ROP,-0.2843297758926856,0.7689701025703248,-0.046191344788705596,0.07747817093262786,0.1123343067971084
AIT-2024-10-010,STX,-0.7595100986190177,2.0412836377729024,0.7992717096485774,0.35609806236683705,-0.130899644216223
AIT-2024-10-010,SHOP,-1.3071210364705657,-1.171856853930647,-1.398561287673121,-1.3495773214784605,-0.34424688204016585
AIT-2024-10-010,MSTR,0.592196218909935,0.16926485877074202,0.7766831716068991,0.7201545878129959,1.1515816919059456
AIT-2024-10-010,SNPS,0.21127623417787975,-0.7600821268964839,-0.6423920727235585,-0.47896017829487436,-0.44739042311327537
AIT-2024-10-010,TXN,-0.6392446014844321,1.5921819291120944,0.7721244614281711,0.3506145691214491,0.4524069413291869
AIT-2024-10-010,TRI,-1.1164557729472437,-0.581383069922119,-0.8785169575845834,-0.45395823175191535,-0.4742681902634506
AIT-2024-10-010,WDC,-0.7282546283880212,0.11152426720024036,0.8270034365736846,0.07996745336426368,-0.27078905387344465
AIT-2024-10-010,WDAY,-0.5825091918650723,-0.1689735907656509,-0.5869714279770211,-0.7546442813540822,-0.4198486831364819
AIT-2024-10-010,ZS,-0.12764610175369512,-1.2999790063147518,-1.2281706248690472,-1.2015745122125694,-0.811843046802069
AIT-2024-10-011,ADBE,-0.052052764975592435,-0.5922520998681516,-0.5736500370202129,-0.5138397504689359,-0.20289430388492574
AIT-2024-10-011,AMD,-0.9317593871338015,-1.434796791099144,-1.123638214412809,-0.91159752855257,-1.0836636150598156
AIT-2024-10-011,GOOGL,-0.8202133373364188,-1.1668285808566345,-0.23409292350728936,0.20207004573743498,0.05639205909065675
AIT-2024-10-011,GOOG,-1.127712055561081,-1.2446782119088913,-0.4610800225707788,0.05767107334072306,-0.11849881819085122
AIT-2024-10-011,ADI,-0.9705637287001411,-1.0280267708948956,-0.8764443260204051,-0.624787884936611,-0.22032718361142023
AIT-2024-10-011,AAPL,-1.1679152760268348,-0.6175762675922705,-1.0733078168588521,-0.7914475733730839,-0.7501395985082331
AIT-2024-10-011,AMAT,0.0957079044275043,0.3358358744609673,-0.042981976783109076,-0.09925975746797616,0.3238279610205816
AIT-2024-10-011,APP,-0.06085325313148889,-0.042139241449393364,-0.6152854589856208,-0.4340274314541243,0.6606659917994568
AIT-2024-10-011,ARM,-0.9156122733424188,-0.8754507026536331,-0.8869884997417733,-1.0278581727777991,-0.7978886882616242
AIT-2024-10-011,ASML,1.9260442376623574,1.1550876933652734,0.7754392762550504,0.9343936341774071,1.2084845249151477
AIT-2024-10-011,ADSK,-0.22633414489908965,-0.5403489290865924,-0.6538260117850179,-0.6883744735819349,-0.36043133984596376
AIT-2024-10-011,AVGO,-0.6968901959230779,-1.3583709195968154,-1.0422974863766294,-1.0653871891857296,-1.018653161680593
AIT-2024-10-011,CDNS,0.3728297813428154,0.9131487718131308,1.314954027165804,1.2250598686589778,0.640999548007191
AIT-2024-10-011,CTSH,-0.7653773810673328,-1.3482736705452472,-0.07714510917514274,0.08336444391285021,0.12019139927716312
AIT-2024-10-011,CRWD,-0.09044749021703573,-0.5755251135671211,-0.30566912944723584,-0.4476019836423761,-0.352875749714903
AIT-2024-10-011,DDOG,-0.26830632732136306,-1.242304977262041,-0.7414097322855769,-0.44397661368470015,0.35123706932539
AIT-2024-10-011,DASH,-0.4520720086049599,-1.3067219779919934,-1.011162359889231,-0.3083308843993165,-0.3270962628048178
AIT-2024-10-011,FTNT,-0.6548531756095627,-0.7844872717091311,-1.0127642860431134,-0.844410819031364,-0.037493677907618664
AIT-2024-10-011,INTC,-0.19922581920733368,-0.2042575187208374,0.011671452825147902,0.5028288515609417,0.5506198615316696
AIT-2024-10-011,INTU,-0.19646958846990117,-0.38736292622870994,-0.4564342102155147,-0.1669682246319356,0.45310006065847713
AIT-2024-10-011,KLAC,0.3815907301002254,-0.18306915788204467,0.29114028369971806,0.5188554868118014,0.8800865758276059
AIT-2024-10-011,LRCX,0.3992702309982134,1.2417009834743595,1.0058107360044906,0.5074032104036154,0.3186602951242823
AIT-2024-10-011,MRVL,-0.21626772758907847,-0.8191056739348236,-1.111335065324045,-0.6759084729978633,-0.6553729477883184
AIT-2024-10-011,META,-1.2277164149099133,-0.6312778205679587,-0.736115499620987,-0.20688854096420642,-0.22571739683244868
AIT-2024-10-011,MCHP,-0.6215607918585769,-0.7366777442883532,-0.7990032950916958,-0.2973906820006835,0.30602922771362095
AIT-2024-10-011,MU,0.008187768823602984,-0.7830824048382674,-0.9225915933880531,-0.8261215622476505,-0.6625435901088672
AIT-2024-10-011,MSFT,-0.6819673415155427,0.47026174313925845,-0.3507097081389614,0.2977771569533134,0.39776745202292796
AIT-2024-10-011,MPWR,-0.5192743418041206,-0.46356078045366184,0.07873525380703367,1.0537979834997828,1.9416137565233726
AIT-2024-10-011,NVDA,-1.4055281079728803,-1.3397601912306027,-2.051502201705462,-2.0617946345961222,-1.9985676940384216
AIT-2024-10-011,NXPI,-0.7678335279365837,0.48565405207752593,0.16749260831253984,0.5962984612029306,0.5886427623204956
AIT-2024-10-011,PLTR,0.1679204604350922,-0.8274002755426895,-0.6595235581766763,-0.1498575770763058,0.5546159781833316
AIT-2024-10-011,PANW,-0.7519064670928749,-0.9275078038402584,-1.2321523280608582,-1.218975025979161,-1.045242518240399
AIT-2024-10-011,PDD,0.7028708815447751,0.8094210169854166,-0.1358767325133878,-0.32247729097001815,-0.13968125944787163
AIT-2024-10-011,QCOM,-0.6184599593663715,-0.0001284909182117655,-0.7771154066650293,-0.6685133293884373,-0.17209321967037886
AIT-2024-10-011,ROP,-0.2843297758926856,0.7689701025703248,-0.046191344788705596,0.07747817093262786,0.1123343067971084
AIT-2024-10-011,STX,-0.7595100986190177,2.0412836377729024,0.7992717096485774,0.35609806236683705,-0.130899644216223
AIT-2024-10-011,SHOP,-1.3071210364705657,-1.171856853930647,-1.398561287673121,-1.3495773214784605,-0.34424688204016585
AIT-2024-10-011,MSTR,0.592196218909935,0.16926485877074202,0.7766831716068991,0.7201545878129959,1.1515816919059456
AIT-2024-10-011,SNPS,0.21127623417787975,-0.7600821268964839,-0.6423920727235585,-0.47896017829487436,-0.44739042311327537
AIT-2024-10-011,TXN,-0.6392446014844321,1.5921819291120944,0.7721244614281711,0.3506145691214491,0.4524069413291869
AIT-2024-10-011,TRI,-1.1164557729472437,-0.581383069922119,-0.8785169575845834,-0.45395823175191535,-0.4742681902634506
AIT-2024-10-011,WDC,-0.7282546283880212,0.11152426720024036,0.8270034365736846,0.07996745336426368,-0.27078905387344465
AIT-2024-10-011,WDAY,-0.5825091918650723,-0.1689735907656509,-0.5869714279770211,-0.7546442813540822,-0.4198486831364819
AIT-2024-10-011,ZS,-0.12764610175369512,-1.2999790063147518,-1.2281706248690472,-1.2015745122125694,-0.811843046802069
AIT-2024-10-013,ADBE,-0.6767545100721775,-0.047585874737066755,-0.3904628887338811,-0.09109200618659985,-0.20355918047713478
AIT-2024-10-013,AMD,-1.5366790049005428,0.40024396796952194,-0.7145795492216317,-0.9874152486729888,-1.16991097076874
AIT-2024-10-013,GOOGL,-0.66480181074609,2.2609381728596643,0.7368868067297777,0.22160667063365247,0.22528345399944905
AIT-2024-10-013,GOOG,-0.971547201242442,2.2698804572500753,0.7571831535568592,0.07338041707908026,0.08077959920280588
AIT-2024-10-013,ADI,-0.8612687816696956,-0.07558580605732462,-0.17557309014132294,-0.04028730310163999,0.2090236697857385
AIT-2024-10-013,AAPL,-1.0350179791189744,-0.034702099263713815,-0.3568266279552885,-0.5391435051774426,-0.5874482294849698
AIT-2024-10-013,AMAT,0.28425732995348996,0.39927164450807523,-0.06956723020190787,-0.00260444509276845,0.4085331743841912
AIT-2024-10-013,APP,-0.4382533196656762,-0.6784457220238795,-0.054444328133493834,0.9260366682787421,1.1650381635311298
AIT-2024-10-013,ARM,-0.909271513529451,-0.8563226523325597,-0.9298889419169668,-0.6918365436585343,-0.9161518815237812
AIT-2024-10-013,ASML,1.8639329370602877,1.8764218666549697,1.2265613242847597,1.1182631759580037,1.1122326475791495
AIT-2024-10-013,ADSK,-0.3022595360891502,-0.6421645844036569,-0.4526522443082743,-0.34878003871079694,0.08150701802387049
AIT-2024-10-013,AVGO,-1.109126399141108,-0.5698925083163054,-0.949989988428885,-1.0562999423800254,-0.9239125488625012
AIT-2024-10-013,CDNS,1.1118337444884618,1.6933503975565318,1.1598997064991414,0.5187047395974271,0.1435960467742734
AIT-2024-10-013,CTSH,-0.5098725066844906,0.5429606245798588,0.31475570095750194,0.09614745052434506,0.0760359324533773
AIT-2024-10-013,CRWD,-0.35358535388771123,-0.5552696046560841,-0.4973482164627288,-0.34610078688059387,-0.16399796153572807
AIT-2024-10-013,DDOG,-0.6597338753604975,-0.21511397114625833,0.1340549347313266,0.7816021125939884,1.0152376803230783
AIT-2024-10-013,DASH,-1.3016654886033294,1.5173509227734119,0.6090340247549494,0.1049576351188673,-0.0974559688012573
AIT-2024-10-013,FTNT,-0.9801279540353917,-0.8010811453125983,-0.45681565371183047,0.2545395538720868,0.2692810092567563
AIT-2024-10-013,INTC,-0.27345113695246626,0.774889472775227,1.1899614460416497,0.9825405887474591,0.5871806592048032
AIT-2024-10-013,INTU,-0.38770894389811583,0.029447132723456587,0.593959458762003,0.662673852999215,1.0722946205935355
AIT-2024-10-013,KLAC,0.6515684554257305,2.059805779077874,0.9524727546841802,1.0086553914435574,1.0115460730910089
AIT-2024-10-013,LRCX,1.2148226570130438,0.40079206855802424,0.07258604662981893,0.009324220824522288,0.0077535081441916336
AIT-2024-10-013,MRVL,-0.8179100468314374,-0.4428228355713755,0.00533961387614329,-0.22369899437700208,-0.553263227670807
AIT-2024-10-013,META,-0.9269217587050067,1.6603969539806396,0.5094897254775099,0.11343735469257776,-0.20938747115720796
AIT-2024-10-013,MCHP,-0.8424994959638514,0.6814412263444063,0.5794412180911354,0.642309781823818,0.7618510894779659
AIT-2024-10-013,MU,-0.6466964487217364,-0.4710188124736358,-0.6400283990146044,-0.6227482081094556,-0.5958294015616223
AIT-2024-10-013,MSFT,-0.5211463913919329,2.517944832434785,1.1140240390599496,0.6851140110173944,0.6602940955608224
AIT-2024-10-013,MPWR,-0.12027562435480658,3.3362818402950345,2.056734390019436,2.603093879663752,2.595564546052424
AIT-2024-10-013,NVDA,-1.5992910976975725,-1.667417302932228,-1.8787821901873987,-1.9689829748118468,-1.6355762012168213
AIT-2024-10-013,NXPI,-0.27848374434479317,0.860027845526437,1.1538640123878996,0.9889769343857715,0.4943035998288737
AIT-2024-10-013,PLTR,-0.5308384594402084,-0.3844148378178492,0.642315272722873,0.8843127588048272,0.831452155627331
AIT-2024-10-013,PANW,-1.1608284575923313,-1.2402374338307098,-1.0732040004437304,-1.038317841904863,-0.4690773667491063
AIT-2024-10-013,PDD,-0.014803311394715789,-0.06329443165443786,-0.46041167405408584,-0.22230337220087656,0.08424870154122008
AIT-2024-10-013,QCOM,-0.7266263539102791,0.3013905175083508,-0.1259615574494226,0.1950002462397111,0.08143725695903992
AIT-2024-10-013,ROP,-0.257775367105134,0.6839601797618735,0.3527788891676973,0.14478563925382873,-0.023591831948860244
AIT-2024-10-013,STX,0.2899674208831339,0.4636284163745118,-0.11774200176219528,-0.39926929585705956,-0.3439264929942629
AIT-2024-10-013,SHOP,-1.3358545832205282,-1.3647661294094995,-1.1642004413820908,0.03982715929779632,0.0640322303975115
AIT-2024-10-013,MSTR,0.46128098386180116,0.8030467330035753,0.7367144585709348,1.1575891363585922,1.677024268870352
AIT-2024-10-013,SNPS,-0.3800935997895721,0.5737231723537659,-0.09064764535599572,-0.31163763613217194,-0.3598926977600456
AIT-2024-10-013,TXN,0.2558900969544108,0.2900916469872587,0.11186002573404907,0.24874586881800828,0.46951101722762634
AIT-2024-10-013,TRI,-0.9648775263882204,-0.4884823422761678,0.2422299341184042,-0.22288483521154134,-0.1528305698442212
AIT-2024-10-013,WDC,0.15847154404809066,-0.4470252927245979,-0.6869651241566676,-0.5645749917323661,-0.4177340027910243
AIT-2024-10-013,WDAY,-0.7661767896737829,-1.063573250595412,-0.7936188247191113,-0.2905946307203233,0.054445582932469726
AIT-2024-10-013,ZS,-1.0761609630213118,-1.0411664800102918,-1.0031533139934532,-0.5550611353179337,-0.56257448279091
AIT-2024-11-001,ADBE,-0.2923439418783068,-1.1757751511553212,-0.48459025803542793,0.5789084329555088,0.7200284362847573
AIT-2024-11-001,AMD,-1.1741504288434523,-1.9118761690712287,-1.5938971201884353,-0.879480732173666,-0.7360630784524801
AIT-2024-11-001,GOOGL,0.4097189160851757,-0.9120574079470486,-0.40891104121023253,0.33829509211221426,0.19960942923771766
AIT-2024-11-001,GOOG,0.31428941057801235,-1.065219183427833,-0.60790781643019,0.1788275015811507,0.10465931252677134
AIT-2024-11-001,ADI,0.619037486492156,-0.4317829815866125,-0.36110982132081776,-0.19721762910356927,-0.24552856250644986
AIT-2024-11-001,AAPL,-0.4615558343419354,-0.9975981580127865,-0.8642805953091898,-0.8886021088054321,-0.6408215791274151
AIT-2024-11-001,AMAT,1.065873790493057,0.7426168627453809,0.5305795791961061,0.5858506539220957,0.3375706017463389
AIT-2024-11-001,APP,1.3952010421294219,-0.46392039521188316,0.7117540956729096,0.9816006995403089,0.46661367590186115
AIT-2024-11-001,ARM,-1.2373601403525847,-1.5067795031329814,-1.5043138452704303,-1.2831117585619,-1.2172407535471526
AIT-2024-11-001,ASML,1.0075797127993513,0.9955136656854058,0.6492917438197426,0.3418006666439429,0.2652107281516946
AIT-2024-11-001,ADSK,0.4073193856212058,0.3006929765399595,0.20269872397047284,-0.05637182453546214,-0.171465414322472
AIT-2024-11-001,AVGO,-0.6429800963509783,-1.1746987982415704,-0.5899444027354722,0.13333190159122427,0.6440083740937604
AIT-2024-11-001,CDNS,-0.24843288547478343,-0.6947743587731718,0.07266611640962435,-0.06244792954842448,-0.26783366786345714
AIT-2024-11-001,CTSH,0.3198986892717165,-1.186036856055787,-1.0983938977946446,-0.9984010781526762,-0.8490042036381266
AIT-2024-11-001,CRWD,-0.13393910453606658,-0.10113900107814627,-0.08486983189430175,-0.2779778823658414,-0.3112496414040185
AIT-2024-11-001,DDOG,1.5406604088344444,-0.33650751883176894,0.7911892748536347,1.090223337675972,0.4071206386568094
AIT-2024-11-001,DASH,-0.19315531440664097,-1.091066033019222,-1.1328668453525246,-0.8776526802690515,-0.9835180050195966
AIT-2024-11-001,FTNT,0.550711715374807,-0.9826598847993436,-0.5903925184481129,-0.6249196162704722,-0.6352961256185544
AIT-2024-11-001,INTC,0.08178001019301234,0.6385929091596909,1.304490441177258,0.977593236424753,0.5739223291121199
AIT-2024-11-001,INTU,1.5896943594141453,-0.419317814124202,-0.18380919230664264,0.20484973018609604,0.2982604239361134
AIT-2024-11-001,KLAC,1.0374126349816601,0.6825077691140662,0.7214539754551231,0.584562916888156,0.3530262584867154
AIT-2024-11-001,LRCX,0.058017086696409335,0.8870636032884566,0.23191073291610667,0.17877549652766264,0.18418875781202204
AIT-2024-11-001,MRVL,-0.8436579482651415,0.013324895675544512,1.5647371288803773,1.3623868732190372,0.9172180509535424
AIT-2024-11-001,META,-0.32374832159694855,-0.8745890431362379,-0.2785384354774432,-0.5181693521003187,-0.4770099695649042
AIT-2024-11-001,MCHP,0.9921100685951162,0.2152914152719183,1.3988538061536369,1.0737845221366928,1.0903535587855064
AIT-2024-11-001,MU,-0.6450443986528138,-0.8093649391972695,-0.7212955565875299,-0.5123267465848345,0.2087714363229956
AIT-2024-11-001,MSFT,0.8184553448881444,-0.13499486597698365,0.20711174938015406,0.17105977900606908,0.07528809478231493
AIT-2024-11-001,MPWR,2.0661143956887082,0.646865718881832,0.6235141539195057,0.9320125686020386,0.7788855883975727
AIT-2024-11-001,NVDA,-0.8617054217503208,-2.121557127428577,-1.809791054384437,-1.7030024994688906,-1.6517036647390526
AIT-2024-11-001,NXPI,0.052738271343251056,0.020337603391641923,0.2206111980555435,0.1484117576374849,0.07189260552866907
AIT-2024-11-001,PLTR,0.9673904148967841,-0.5081027268556155,0.6671980991327208,1.028763361890549,1.2077232234818749
AIT-2024-11-001,PANW,0.2043260335651803,-1.2689115586399715,-0.8573197082230174,-0.8908005431267874,-0.8284602834337611
AIT-2024-11-001,PDD,0.4532108187350943,0.24849736802181405,0.09354411210579565,0.27938974892041024,0.04119532667910395
AIT-2024-11-001,QCOM,0.1074952126326115,-0.15994347647754092,-0.18697247879031695,-0.15699626673134678,-0.2391128260455976
AIT-2024-11-001,ROP,-0.15752578978887574,0.015807132047307104,0.5311223412693977,0.3684169685595968,0.46249364197009646
AIT-2024-11-001,STX,-0.20732392220984278,-0.425670099681275,0.37003455627056575,0.5149869998992607,0.34546601046767655
AIT-2024-11-001,SHOP,0.3311518675773454,0.04684140953788124,0.02261900818062156,-0.24472975770032032,-0.5454742605344653
AIT-2024-11-001,MSTR,2.1297743548768246,0.7769660259307487,1.1428303483231435,0.9673698017366333,0.8700130954877481
AIT-2024-11-001,SNPS,-0.27843352238687646,-0.8289629642665923,1.1353200584401597,0.9977534785173816,0.5725639082778311
AIT-2024-11-001,TXN,0.8701934935597034,-0.3273579725910679,0.1194773345647122,0.019205028585616016,-0.12451865775002065
AIT-2024-11-001,TRI,0.03106337067827118,-1.0557612130918566,-0.3023165153429513,-0.398259742004303,-0.9125045052162234
AIT-2024-11-001,WDC,-0.3535802700888552,-0.8054947666833349,-0.7352056137193128,-0.5675278931353597,-0.45853342710989137
AIT-2024-11-001,WDAY,-0.045720941253743326,0.7029451349146585,0.8062623987717177,1.2651863730689128,1.2154330365030896
AIT-2024-11-001,ZS,-0.4948076552552062,0.4995128183703984,1.1460991713828517,0.5189503770510263,0.17419634131407155
AIT-2024-11-002,ADBE,-0.33624871571697057,0.6146277851790813,0.18006581938557775,-0.11119646269439762,-0.10393098671627483
AIT-2024-11-002,AMD,-0.5904953790945792,-0.9562781607734265,-1.0010779442795608,-1.2071182891582342,-1.1959452589525263
AIT-2024-11-002,GOOGL,0.6247577257354203,-0.14555203809808953,0.017082289887480992,0.2824997455939144,0.2284698008360474
AIT-2024-11-002,GOOG,0.5859451265695773,-0.7535133123922051,-0.24667290049254764,0.08958157031479685,0.019897455054917166
AIT-2024-11-002,ADI,-0.21578999546093025,0.3761204249872539,0.36427355439355064,0.5456570226838967,0.1622752083650243
AIT-2024-11-002,AAPL,-0.5107106186328645,-0.5615588463934683,-0.6062110376125508,-0.5092147076995273,-0.6863962421660592
AIT-2024-11-002,AMAT,-0.07603982903474141,0.5507977438682148,1.3520395641769491,0.9588117957544807,0.7299371050800693
AIT-2024-11-002,APP,0.6434152071147403,0.7932420247695063,1.4873058752246722,1.4123414916635335,1.3189062541928134
AIT-2024-11-002,ARM,-0.6242824119505531,-1.0325312000069813,-0.906912969361187,-1.1300127194526235,-1.2305896617300482
AIT-2024-11-002,ASML,0.9773265399986104,1.1511275839059003,1.4280647454308675,1.1143096164243194,0.8147763992853722
AIT-2024-11-002,ADSK,-0.5838541553223354,0.08115316149410604,0.03969277579997004,0.3457056712767929,0.29790055026548345
AIT-2024-11-002,AVGO,-0.8762732289010059,-1.0800956751733237,-0.8636380316801202,-0.7751612968753382,-0.6071774511721644
AIT-2024-11-002,CDNS,1.0011165235628825,0.03850811855005992,-0.04185496426668145,-0.14789907610715122,-0.06342404718692166
AIT-2024-11-002,CTSH,0.40681759802144535,-0.29374388312459454,0.28662973184826274,0.2050474804861169,-0.4206194377421363
AIT-2024-11-002,CRWD,-0.4080436826299329,0.008112991479145626,-0.2970676115921202,-0.09910855434569972,-0.06156841939525602
AIT-2024-11-002,DDOG,0.5532390972485245,1.8763139637862865,1.2464030072330523,1.5636860865889795,1.358087348332624
AIT-2024-11-002,DASH,0.33308295290169926,-0.7708743927656863,-0.5445068439506578,-0.28663912893829063,-0.581041122458127
AIT-2024-11-002,FTNT,0.03241390953232415,0.8150805199719894,0.8034442743553957,0.5245340706854774,0.0073731671463327635
AIT-2024-11-002,INTC,1.1776333560388332,0.2903324806572577,0.1815351802970495,0.201126158342376,0.6402290646599409
AIT-2024-11-002,INTU,0.6194329183922135,0.43266576970230686,0.996167490488892,1.4478038354947105,0.835367386591984
AIT-2024-11-002,KLAC,0.979691999189422,1.1220438403501527,1.2196056107441469,1.1167068395437265,0.8926977815878611
AIT-2024-11-002,LRCX,0.029098260268633023,0.05975417418736352,0.0551172274602045,0.06234120076489596,0.11162858598543701
AIT-2024-11-002,MRVL,-0.07151581321462068,-0.6407877160207038,-0.8640199131937197,-0.8214635345893881,0.09879754079190496
AIT-2024-11-002,META,0.28473793730517466,-0.05180317205397142,-0.10880885754462032,-0.319303310496103,-0.40777832011493537
AIT-2024-11-002,MCHP,0.5213049986985203,1.1024037368634974,1.0730558981224716,1.0405119685675013,1.0824679340881156
AIT-2024-11-002,MU,-0.7385896063125799,-0.059506769269937296,-0.3978151875640501,-0.4871822411332514,-0.5246871985113266
AIT-2024-11-002,MSFT,0.7267190721914986,0.2507936481699949,0.7055438606089613,0.6851051561235337,0.4021193777219049
AIT-2024-11-002,MPWR,1.814553980007665,3.8113922058501952,3.1438531361139748,2.822938912496964,2.100513734705396
AIT-2024-11-002,NVDA,-1.8139641724480913,-1.8194198181779886,-1.581832438890687,-1.2150171044172162,-1.5642397337819434
AIT-2024-11-002,NXPI,0.9916377022177811,0.7974537040702503,0.3569912964339972,0.20590208998191128,0.13897068017828348
AIT-2024-11-002,PLTR,0.6168469118295049,0.7467581702459933,1.1735310339808838,0.8270330418642033,0.8341983790914763
AIT-2024-11-002,PANW,-0.9176692055634246,-0.9711201559680605,-0.7411792524270542,-0.04974082075773303,-0.3913225424675104
AIT-2024-11-002,PDD,-0.30823977504250716,-0.4738030133595517,-0.23956200179176912,0.2732156249282591,0.29461863732956434
AIT-2024-11-002,QCOM,0.2393681556467214,-0.04519579165829467,-0.18111570598828206,0.05318096136799804,-0.06819243442739589
AIT-2024-11-002,ROP,0.23027702188588067,-0.08878979109417959,0.12414029296155903,-0.13786545807720899,0.10376946465976084
AIT-2024-11-002,STX,-0.2827111353620429,-0.5269010534326461,-0.6406759060009556,-0.2780578757274264,-0.02760125628045515
AIT-2024-11-002,SHOP,-0.8433685386468429,3.052227404163352,1.294561742524229,0.7926990216540748,0.2826055785018529
AIT-2024-11-002,MSTR,0.7597294523608468,2.1348116965192383,1.7815477365119576,2.2376693226875015,1.7484597697771678
AIT-2024-11-002,SNPS,0.16677843309215973,-1.0661990046588912,-0.6090211187800142,-0.4609311510376158,0.23102230371349344
AIT-2024-11-002,TXN,0.19914902961314265,0.6406727989886765,0.6268519213554242,0.8477765849434608,0.49440319338618977
AIT-2024-11-002,TRI,-0.11219478745693608,-0.1557212020950398,-0.3637410870533364,-0.01303665229499336,-0.16609138996655942
AIT-2024-11-002,WDC,-0.6305375073460646,0.3004773030222684,-0.682632286161939,-0.27760193937305505,-0.5101018558985735
AIT-2024-11-002,WDAY,-0.6937309740626234,0.7337928576081407,-0.15546683213246154,0.1303470148643027,0.8750796978152484
AIT-2024-11-002,ZS,-0.8138374051637712,0.6354966870708251,-0.37076059831027014,-0.3236569173768818,0.12867114000748012
AIT-2024-11-005,ADBE,-0.052440366653695815,-0.6962296241769734,-0.5577555851914653,-0.6565992555649633,0.2869050947774107
AIT-2024-11-005,AMD,-1.2588505503511993,-1.327573507493013,-1.480753490330054,-1.5868728260493723,-1.0855151041137752
AIT-2024-11-005,GOOGL,-0.20796261186043774,-0.4544994566423552,0.4468411582947612,-0.09000295189631119,0.3692350395427612
AIT-2024-11-005,GOOG,-0.4170992206071175,-0.2152833922521839,0.42360776921574655,-0.15931565603492814,0.22460822157130822
AIT-2024-11-005,ADI,0.04725353514600965,0.28663443279484074,0.38069261802036675,0.2508403881343937,0.11676636865696684
AIT-2024-11-005,AAPL,-0.691675181656577,-0.8112122342506465,-0.5169251633514248,-0.7099212928253094,-0.7273992615782231
AIT-2024-11-005,AMAT,0.09687617595361012,1.0951864782995264,0.6950577136444581,0.4980257968493485,0.525082653053716
AIT-2024-11-005,APP,1.4949509309000992,0.8230623701261673,1.3326047078323848,0.8670147638446957,1.1547920357233938
AIT-2024-11-005,ARM,-0.6508225094349824,-0.9799740491757898,-1.1772989227067558,-1.2619068185394318,-1.1469997684650632
AIT-2024-11-005,ASML,0.990262044144778,0.859604442856456,0.8049620597084463,0.7301424049943107,0.5135490917846404
AIT-2024-11-005,ADSK,-0.186203974277669,-0.5250303674484831,0.22611786616990467,0.5153319055595331,0.18696694498576694
AIT-2024-11-005,AVGO,-1.0460774770016965,-0.9125185272546177,-0.6720611775594049,-0.8530431313484822,0.018768140373273567
AIT-2024-11-005,CDNS,0.10633943053514722,-0.2155962465439356,-0.2012628240233548,-0.4583984007224563,-0.18489375696167057
AIT-2024-11-005,CTSH,-0.04159783738389084,0.6941189461331253,0.38622665190377825,-0.31016195518439676,-0.5758121825542125
AIT-2024-11-005,CRWD,-0.322406912239703,-0.5212166365057942,-0.21024025852514072,0.0769165408126479,-0.06734696679752339
AIT-2024-11-005,DDOG,1.1380206239695967,0.6570052939888834,1.7277894333405293,1.0359237715612792,1.111054505874431
AIT-2024-11-005,DASH,-0.35805075679579296,-0.3997206690671359,-0.04703060197825185,-0.5094507949005141,-0.6280919591038229
AIT-2024-11-005,FTNT,0.7502122817963737,0.9153875124246206,0.48708178416788234,0.0022424956321331095,-0.2490816090740863
AIT-2024-11-005,INTC,0.6905462322428154,0.2524648825100314,0.14587695027027966,0.44614732415900415,0.643776750848665
AIT-2024-11-005,INTU,0.8710868489312402,1.4487286406351405,1.953774581721147,1.0846029446613252,0.8562689691078171
AIT-2024-11-005,KLAC,0.827418212258212,1.1173495473652437,1.138322386904084,0.8973525759707097,0.7297649710805499
AIT-2024-11-005,LRCX,-0.1181056874868859,-0.29657003599085774,0.09649765327992048,0.055722645424270946,0.10411840932191171
AIT-2024-11-005,MRVL,-0.4082326320174185,-1.2880882422806788,-0.9777847871207337,-0.4561549497042353,0.5790784317790967
AIT-2024-11-005,META,-0.2520368965956916,-0.35457757151558433,-0.4825719097351771,-0.5996573873140033,-0.5614842636726382
AIT-2024-11-005,MCHP,0.6928353770137732,1.2676675313836743,1.0413277859263508,0.8861527282441568,1.1031828159306023
AIT-2024-11-005,MU,-0.6011224604812666,-0.9070195653330364,-0.7880634026758697,-0.599342647610251,-0.35869960320302996
AIT-2024-11-005,MSFT,0.43209464595955127,0.38720264451052483,0.5663409855699891,0.32788142312384594,0.3382241650665358
AIT-2024-11-005,MPWR,2.4146218307891654,1.9195978815075168,2.098338425298203,1.741469542335139,1.5426188874098887
AIT-2024-11-005,NVDA,-1.7630251234835363,-1.3541409944000402,-0.7462118732380006,-1.3091240421049917,-1.4497262410960268
AIT-2024-11-005,NXPI,1.034527327358589,-0.2221483216500118,-0.1359084327822623,-0.055742489801994116,0.13456849251127198
AIT-2024-11-005,PLTR,1.2969007060871085,1.4351992186305653,0.833581447523148,0.5060882420080633,0.8466655375224896
AIT-2024-11-005,PANW,-0.9422919567845738,-0.625774391031239,0.4808442804210637,0.017653830508987115,-0.3626386599101488
AIT-2024-11-005,PDD,-0.12869855681726625,-0.07254627304686566,0.7835616693447257,0.4780512578295016,0.4151650109077381
AIT-2024-11-005,QCOM,0.27591693578855214,-0.45390639395247623,0.10298748217171905,-0.043289486043200175,-0.06281889980857858
AIT-2024-11-005,ROP,0.06189893589305311,-0.07541385585110799,-0.28558177989652817,-0.2504035469145649,0.2010133731413489
AIT-2024-11-005,STX,-0.5861598417792417,-0.9129365347339762,-0.18858241049766808,-0.13945959795012683,0.2520329057403473
AIT-2024-11-005,SHOP,0.5951249724747429,0.012803896411726606,0.16528772998775665,0.022259129328912487,-0.1758918734938321
AIT-2024-11-005,MSTR,1.1622935332467135,2.004505595898298,2.5774016147220626,2.004733599541191,1.5825035498459714
AIT-2024-11-005,SNPS,-0.48585995231138157,-0.6926224326947035,-0.3840424243261758,-0.5065429518978278,0.442005430316643
AIT-2024-11-005,TXN,0.3518580478563322,1.075190354170191,1.276465783812454,0.6304629986179274,0.41643419477903104
AIT-2024-11-005,TRI,0.10176082254241478,-1.069260205316751,-0.24465692740160372,-0.23393651020227113,-0.40357836030503025
AIT-2024-11-005,WDC,-0.5569194439798782,-1.281529828556733,-0.5105611693581525,-0.1371002398173879,-0.3439386299154207
AIT-2024-11-005,WDAY,-0.16810028527300772,-1.1396099200944925,-0.2712586656470866,0.5966472639695498,1.0392898887626072
AIT-2024-11-005,ZS,-0.39515236047501884,-0.9778522059467822,-0.42297910250688747,0.037172025651733935,0.0937592140065078
AIT-2024-11-007,ADBE,-0.5476940949241027,-1.114186116747066,-0.3324855050529339,-0.01908639796873475,-0.3386736231526066
AIT-2024-11-007,AMD,-0.7843263252679284,-1.5345357230245829,-1.4180703131295902,-1.175833763924542,-1.4276135035259891
AIT-2024-11-007,GOOGL,0.29603357957218435,-0.7488899832628484,-0.38061874292510806,-0.18837501496207268,-0.12325800647339713
AIT-2024-11-007,GOOG,0.07725582316679762,-0.7511477633980121,-0.4009630501603792,-0.32594510659982584,-0.2718818407308308
AIT-2024-11-007,ADI,-0.6592788534852754,-0.5960930051856232,-0.12495599495094516,0.12126719479703198,0.14875222989447354
AIT-2024-11-007,AAPL,-0.7904586588997654,-1.1896895407856316,-0.8124537787723677,-0.6901560735429693,-0.7295966352320379
AIT-2024-11-007,AMAT,0.019718955277989184,-0.9302676589703933,-0.3708923069467213,0.41224652916171856,0.4182999046423732
AIT-2024-11-007,APP,-0.515951319906662,0.07908672858779257,1.6939382624682995,1.6467300567981165,1.2659039199205675
AIT-2024-11-007,ARM,-0.8191458284813957,-1.5287036078161649,-0.4292328857626723,-0.626714789552279,-0.9620502272545783
AIT-2024-11-007,ASML,0.8720614070697804,0.12147670080066239,0.7030932503531365,1.0582003361823211,0.8801987554325779
AIT-2024-11-007,ADSK,-0.6217812931286475,-0.87486595972869,-0.35183176784463804,-0.15887258683001484,0.22644670887552254
AIT-2024-11-007,AVGO,-0.9754643969373711,-1.6087459879044992,-1.1780149272872968,-1.058457997119409,-0.9876015273523652
AIT-2024-11-007,CDNS,1.3791131376017927,0.8278924764196947,0.2639422545132915,0.1856431420537926,-0.12135573857903066
AIT-2024-11-007,CTSH,-0.05256032772448213,0.03468455778779189,0.0697712682692367,0.11061808927963153,-0.12931307321551916
AIT-2024-11-007,CRWD,-0.3563778540421228,-0.7971777104878854,-0.3806262136111469,-0.34586701441762935,-0.10541588306846564
AIT-2024-11-007,DDOG,-0.5349479356012323,-0.3653359500830623,0.8115029772960328,0.9428606260792624,0.9996048658597907
AIT-2024-11-007,DASH,-0.48619725773340977,-0.3376151094423614,-0.08542394910651967,-0.3230442591970552,-0.4181336375614726
AIT-2024-11-007,FTNT,-0.8735949655885413,-0.49202039861820346,0.5757331242971142,0.6854253026620122,0.25046740637986115
AIT-2024-11-007,INTC,0.08450261082707371,0.6211475969309724,1.0136232046350284,0.6135021455502107,0.5546497157955858
AIT-2024-11-007,INTU,-0.35277208556953404,0.22001699698562377,0.9991973744689164,0.8900661638530071,1.0047456332078493
AIT-2024-11-007,KLAC,0.5582477609919363,-0.22693501029172675,0.7290811628564108,0.9080834261674887,0.8920955411908652
AIT-2024-11-007,LRCX,0.7553406540977858,-0.6906597945354851,-0.17013694472602411,0.008478063401158002,0.022582555922534404
AIT-2024-11-007,MRVL,-0.8993012296480425,-0.6435188676567064,-0.27372583057473604,-0.5275262937413993,-0.48105983470694497
AIT-2024-11-007,META,-0.20417327963093557,-0.583619183356497,-0.32815228321851925,-0.17791493142225168,-0.4387808763766038
AIT-2024-11-007,MCHP,-0.42413170373784354,0.12836699229861515,0.6170179757586245,0.7729615306968243,0.8159295616517084
AIT-2024-11-007,MU,-0.8703116069122201,-0.9743651595319103,-0.8293771636545862,-0.5971791969020553,-0.5834928867256058
AIT-2024-11-007,MSFT,0.25838426176525586,-0.10207930839398704,0.24523058767386405,0.5177052637186761,0.37757112920322666
AIT-2024-11-007,MPWR,0.9123851267662092,1.2048049732507364,2.0729897680927576,2.674396316608916,2.3013765280929244
AIT-2024-11-007,NVDA,-1.7412637596299845,-2.2838009154925736,-2.013978149833497,-1.8903364114229384,-1.7037389590902507
AIT-2024-11-007,NXPI,0.2384929522831763,1.829475026234941,1.2569375707606403,0.9527735550741316,0.4467870368640173
AIT-2024-11-007,PLTR,-0.6452553687052189,1.836168282035387,1.6180087396418885,1.4388597304106063,0.9153213263767396
AIT-2024-11-007,PANW,-1.1379473783961171,-1.5428984107699086,-1.062818292167783,-0.954289923650838,-0.47329236782777895
AIT-2024-11-007,PDD,-0.22319436664307796,-0.7267707523159213,-0.0077590989749450985,-0.10524084842643483,0.18326711027700215
AIT-2024-11-007,QCOM,-0.47566660076893275,-1.2768454662621176,0.412788230348075,0.18454298466125704,0.051567440260289824
AIT-2024-11-007,ROP,0.09493361251592361,-0.2682995866657121,0.031672528629918935,0.15040776390886237,-0.08032211027914962
AIT-2024-11-007,STX,0.6583030041061639,-0.6849718959501988,-0.6276391479441455,-0.6403062143295348,-0.35963716202001367
AIT-2024-11-007,SHOP,-1.2263280532640788,-1.3495063247807793,-0.3656790517144515,0.47910151104050586,0.25007366371178114
AIT-2024-11-007,MSTR,0.7387001523032826,0.18808920988733321,0.9237232450708793,1.2674499746887062,1.672203078824577
AIT-2024-11-007,SNPS,-0.31950247505475626,-1.1581134314326473,-0.3632613516042545,-0.4367412041253488,-0.5118869172316858
AIT-2024-11-007,TXN,0.5842464638147269,-0.3780831455393289,0.2702480507112166,0.389574477868886,0.4395051743756593
AIT-2024-11-007,TRI,-0.7503954448785679,1.3304264155830334,0.051680490842834215,-0.13165987974269788,-0.11296949039931847
AIT-2024-11-007,WDC,0.4411360980652092,-1.162632006207084,-0.7884169119377608,-0.6610029098969933,-0.3976683656168857
AIT-2024-11-007,WDAY,-0.8204973594092311,-1.3147561044116665,-0.4069649057006897,-0.18585763454640628,0.2646975994042566
AIT-2024-11-007,ZS,-1.075260973035513,-1.4639907380511996,-0.7140789440525758,-0.5139767887053462,-0.22138690176632425
AIT-2024-12-001,ADBE,-0.6613654487918195,-0.2087886057984293,-0.040382840147441736,1.1189665157676083,0.783246645080553
AIT-2024-12-001,AMD,-1.4713892129545723,-1.7664654965693014,-0.9530238115378213,-0.5723843930981262,-0.640740039729062
AIT-2024-12-001,GOOGL,-0.01598095611916264,0.15395082558578513,0.2781700228745119,0.8033134708600365,0.20401915560687411
AIT-2024-12-001,GOOG,-0.07013368885172798,-0.17253804327453437,0.10360432127462194,0.6033426698753755,0.17440121780304438
AIT-2024-12-001,ADI,0.38747184778166704,-0.4964466650939864,-0.35255295928538327,-0.06601240160671239,-0.31579738955693065
AIT-2024-12-001,AAPL,-0.692786756564399,-0.6878068411737486,-0.776175138982624,-0.7230323760726037,-0.5742607389487772
AIT-2024-12-001,AMAT,0.4492198215886449,0.1298898171936356,0.5700509938383215,0.5164791230070592,0.1562883441384312
AIT-2024-12-001,APP,0.7502595464327645,1.0598122362644111,1.643461684027117,1.2843058292442229,0.48865427565256264
AIT-2024-12-001,ARM,-1.4276103485526639,-1.6822713140816883,-1.6327919681059886,-1.1042763569211644,-1.2563823257317337
AIT-2024-12-001,ASML,0.5859122920000304,0.5094221081482007,0.3049328370582488,0.24224720687993634,0.11443069571580952
AIT-2024-12-001,ADSK,0.4482201373684339,0.3731448903313669,0.03307142573715819,-0.12475789453675536,-0.329734817741938
AIT-2024-12-001,AVGO,-0.801241632583116,-0.25056493606447633,-0.26517062421156046,0.8201815742033497,0.7359994202915461
AIT-2024-12-001,CDNS,-0.5452146267002527,0.20965674181817245,0.2877347239252826,0.08144860911695134,-0.3073423458280475
AIT-2024-12-001,CTSH,-0.22722959108890656,-1.0940956117880067,-0.9359767281868209,-0.8506936517542288,-0.8450152325444688
AIT-2024-12-001,CRWD,0.045092275591271304,0.13424997556088128,-0.2516392078415018,-0.22246600371174602,-0.36969177018320076
AIT-2024-12-001,DDOG,1.193413954827929,1.6294371416746356,1.762166929903792,1.1957797101651673,0.3463696096147825
AIT-2024-12-001,DASH,-0.3872324734091397,-1.0372327798436176,-0.8978358528335927,-0.7894078603706535,-1.0223363030624772
AIT-2024-12-001,FTNT,0.09845087326704191,-0.18768116143043737,-0.3765353046180187,-0.5334210890068463,-0.6957534673900332
AIT-2024-12-001,INTC,-0.0008607805932647761,1.6857400004578462,1.3444614439512985,0.9016681326231493,0.47934858201130126
AIT-2024-12-001,INTU,1.2242805519835964,0.12835033349324104,0.062344751150831934,0.4445997746701602,0.27841829130124063
AIT-2024-12-001,KLAC,0.7765458107625101,1.2716839343404072,0.6000908225407248,0.571441694025486,0.24233714458042646
AIT-2024-12-001,LRCX,-0.10251116487218596,-0.1958011800452802,-0.04393633754004959,0.1328050817596127,0.0196142255824452
AIT-2024-12-001,MRVL,-0.8921417944487315,3.3583281684003032,1.8717641419802569,1.8094991409869394,0.785192512806628
AIT-2024-12-001,META,-0.7194180679607578,0.3497360219559155,-0.11751177410201757,-0.3991771410279267,-0.4898223183523365
AIT-2024-12-001,MCHP,0.7911766411868613,2.113440801181098,1.7519864912502057,1.3569986404285406,1.1540653455046623
AIT-2024-12-001,MU,-0.7669260358321682,-0.1753517327782315,-0.5793942126358672,-0.09521306629339063,0.25207074593003587
AIT-2024-12-001,MSFT,0.3928655174390585,0.4945434757222301,0.23477257948160002,0.31118480887069044,-0.0007854679252976269
AIT-2024-12-001,MPWR,1.5991147644743806,0.4642490737975284,0.8187123649244122,0.9943807857717338,0.66440196062898
AIT-2024-12-001,NVDA,-0.9535999719704671,-1.5259415735330113,-1.5726316004664609,-1.4592444024907671,-1.5936143653112782
AIT-2024-12-001,NXPI,-0.2276131263285118,0.4011968367513197,0.12791393710364093,0.33921378836979615,-0.05976075735346355
AIT-2024-12-001,PLTR,0.5467645934674576,1.414497327453999,1.490956513795581,1.3824845963000045,1.3000397542898134
AIT-2024-12-001,PANW,0.1877456651445012,-0.3186732757383809,-0.6731933218355763,-0.6869537095141568,-0.786983470038215
AIT-2024-12-001,PDD,0.509420665441984,0.2129340173455961,0.36718529311622805,0.310857991485845,-0.04162948660846526
AIT-2024-12-001,QCOM,-0.05303701127194917,-0.47843160051294353,-0.047844091653605515,-0.11305875577511902,-0.35918063955629476
AIT-2024-12-001,ROP,-0.4371172003157995,0.6850229021954266,0.685896164574201,0.6343369523445864,0.49445654018147167
AIT-2024-12-001,STX,-0.2905919966592646,1.3025244355261403,0.6274610648420543,0.7037052287687434,0.31978959238145827
AIT-2024-12-001,SHOP,-0.004731670368137363,0.10343261883128796,-0.17411452750464843,-0.30709116691902233,-0.6632787408636169
AIT-2024-12-001,MSTR,2.143811113730302,1.0417422664281681,1.0967896894791374,1.0096338226145392,0.841730985775583
AIT-2024-12-001,SNPS,-0.44644506724155847,0.7046452067886522,2.0317074883925255,1.34789621340962,0.5886909603072434
AIT-2024-12-001,TXN,0.6620848908705363,0.39891301039922056,0.18373547105263363,0.10777322273921394,-0.1842089998793956
AIT-2024-12-001,TRI,-0.2779502584868896,0.30694402283057154,-0.00432288688421192,-0.4729100348561397,-0.9228846843697356
AIT-2024-12-001,WDC,-0.13262089341443747,-0.30060647619953906,-0.8765837499732912,-0.48425234833004516,-0.4146097347797315
AIT-2024-12-001,WDAY,0.5410748931786615,1.0260258279114058,1.6092065050454483,1.429921030376546,1.1317714297806178
AIT-2024-12-001,ZS,-0.5071277804628274,2.2340034743454638,1.0301622317145072,0.44822810110907957,-0.005771678085179447
AIT-2024-12-002,ADBE,-0.6578827737530426,-0.06013206335157061,1.064778310877445,1.5584742077817586,0.9658232504699003
AIT-2024-12-002,AMD,-1.4925512914224535,-1.0488804315314324,-0.5009380005104987,-0.22524568473711587,-0.47984965557153003
AIT-2024-12-002,GOOGL,0.029419056195702096,-0.46619078225921456,0.8787126348883426,0.9310410958756368,0.1775649552241913
AIT-2024-12-002,GOOG,-0.09554360261520081,-0.578940665166909,0.7276453800783435,0.8573299832686415,0.16148456894357638
AIT-2024-12-002,ADI,0.2799884223086264,-0.1519388371698782,-0.060871214328268364,0.18126875635340783,-0.30540934754366816
AIT-2024-12-002,AAPL,-0.6408217761170018,-0.883068430575325,-0.8330971761698845,-0.5476157638070878,-0.559138409935396
AIT-2024-12-002,AMAT,0.3868244632248261,0.6992860492188608,0.6694616788995313,0.752260620431845,0.21480163970796942
AIT-2024-12-002,APP,0.7382224214559961,1.4913936972420503,1.5071320219968287,1.2655379367763917,0.3999901052440658
AIT-2024-12-002,ARM,-1.4321929116557186,-1.359590017392301,-1.2944050696550984,-0.946575125186347,-1.1076343430677116
AIT-2024-12-002,ASML,0.6060808182186649,0.3618139626979974,0.014434137373358155,0.29678407375420635,0.11792945993884045
AIT-2024-12-002,ADSK,0.7278660788719754,-0.09728575423882471,-0.2657979225959601,-0.15026817744492962,-0.397539435024647
AIT-2024-12-002,AVGO,-0.7619608588185258,-0.3292427875438786,0.18643357086913906,1.0912105061552178,0.7828971484603816
AIT-2024-12-002,CDNS,-0.51531803130116,0.7145176412296034,0.0802196044744357,0.08384305841495059,-0.3731851545375159
AIT-2024-12-002,CTSH,-0.5271311109686727,-1.0331115838502944,-0.9933924727507207,-0.7123029256891225,-0.7905755416420617
AIT-2024-12-002,CRWD,0.2063637236716775,-0.2907196525150374,-0.4668070297809268,-0.20048924918481828,-0.43030113122957137
AIT-2024-12-002,DDOG,1.173905213771697,1.115739918077042,1.4738800591817398,1.0815332748726212,0.12079713212840446
AIT-2024-12-002,DASH,-0.49789487726861975,-1.2862173263245436,-0.7358504214677274,-0.5617335703644305,-1.0246509336967027
AIT-2024-12-002,FTNT,-0.20756874113173274,-0.6443228724056674,-0.639382459969344,-0.4706608081028204,-0.7113297159497951
AIT-2024-12-002,INTC,0.41501646074245885,1.5857162295796212,1.0122584736229752,0.7211982494235072,0.3417745751701478
AIT-2024-12-002,INTU,0.9026526443223065,-0.2853306548961902,0.31798769849642017,0.7398677571304391,0.21249071814061438
AIT-2024-12-002,KLAC,0.7993334705958566,0.18015754265867606,0.17280741893059895,0.5143463199246225,0.1969431109634404
AIT-2024-12-002,LRCX,0.14247344365267264,0.0018601701139369653,0.07988829893172858,0.39241491114102983,0.07335707020861675
AIT-2024-12-002,MRVL,-0.2171074005682816,1.3321437122042399,0.8524677003948654,1.55287023171743,0.5246991657597837
AIT-2024-12-002,META,-0.6128275763625856,-0.2752818893997426,-0.555764566628215,-0.3475540086181242,-0.5127047924840961
AIT-2024-12-002,MCHP,0.7592048889675842,1.849400162801639,0.9572318048991585,1.1675640257409428,0.954112095434242
AIT-2024-12-002,MU,-0.5862377913734834,-1.2147545645918512,-0.6888234404784074,0.5194355398195033,0.3318323239851545
AIT-2024-12-002,MSFT,0.322464830159012,0.23302518895250568,0.13803470555770536,0.3666652265503794,-0.05143050608674517
AIT-2024-12-002,MPWR,1.3500560215816577,0.6325061926131479,1.018115131588529,1.0706075146925713,0.6545205201773876
AIT-2024-12-002,NVDA,-1.0938310164398137,-1.7016873943918605,-1.6593191431359033,-1.3393456634765248,-1.5154110688157598
AIT-2024-12-002,NXPI,-0.038076820564157225,0.22348359890727001,-0.012909167031800117,0.45280888057470925,-0.09721444954246176
AIT-2024-12-002,PLTR,0.3527739721358827,1.0500409768617112,1.3768052798755033,1.4075285765622227,1.255321098708407
AIT-2024-12-002,PANW,0.2317984455426969,-0.9666540159887327,-0.9404975593870774,-0.6398831025620366,-0.770787808800488
AIT-2024-12-002,PDD,0.5806239766116859,-0.2033081105675624,0.3586921134890211,0.269358385540003,-0.10340728359397204
AIT-2024-12-002,QCOM,0.05247062310846425,0.08821746167766017,-0.0984102546045273,0.037491791192194764,-0.32972270232368406
AIT-2024-12-002,ROP,-0.30890950512852655,0.8772661351618205,0.32311326913419164,0.7411318835444884,0.531028217250563
AIT-2024-12-002,STX,0.03797697162967252,0.23307076369242316,0.3348370269080625,0.6932209582832809,0.21393169242767163
AIT-2024-12-002,SHOP,0.06881344685145106,-0.059738162892644775,-0.32656132966289525,-0.23274657610172655,-0.7615924337887144
AIT-2024-12-002,MSTR,1.8428020508530143,1.5425169858182102,1.0025648320054683,0.9607780785997337,0.8001957677710032
AIT-2024-12-002,SNPS,-0.40482916944250513,3.5253319644110737,1.7455677815136583,1.3224333484731463,0.5064890272144443
AIT-2024-12-002,TXN,0.4684475058064161,0.2553071134889576,0.010711822040932129,0.19981482586904234,-0.26276901766999283
AIT-2024-12-002,TRI,-0.011713485830035921,-0.1398713277302466,-0.26284437956180945,-0.5549222876012677,-0.985625962444246
AIT-2024-12-002,WDC,0.15610840169106374,-1.06459338402618,-0.8044317705349537,-0.2022721601681914,-0.3741301287909667
AIT-2024-12-002,WDAY,0.9567576381465118,0.6871921583722898,1.5964117718931246,1.5630526858395137,0.9941186590532306
AIT-2024-12-002,ZS,0.3023882240682279,0.7117485495592111,0.029726060856618147,0.28961603156787297,-0.30180036927630566
AIT-2024-12-004,ADBE,-0.32737425536985365,3.0946860901202626,2.545442263245818,1.680865985422881,1.1794615827531052
AIT-2024-12-004,AMD,-1.1624034755418629,-0.4080581887124203,-0.010377962428510162,-0.25567044034754394,-0.3497005791243654
AIT-2024-12-004,GOOGL,-0.42586969172376776,1.9086785001254873,1.326683372688017,0.6091407901111731,0.0933269474654297
AIT-2024-12-004,GOOG,-0.5499449864883874,1.6721374318780844,1.1985035912069517,0.4894582113976764,0.04503585007498352
AIT-2024-12-004,ADI,-0.04340637250587314,0.3765687081455633,0.3968354144155141,-0.03829950885773254,-0.13213650919636016
AIT-2024-12-004,AAPL,-0.7997041844391141,-0.874295321197332,-0.5170983794489167,-0.4400506437462484,-0.47604022133123547
AIT-2024-12-004,AMAT,0.4202637957571866,0.3699488817302377,0.6086525109793103,0.3254773531483051,0.08422145285046956
AIT-2024-12-004,APP,0.8308251825304043,0.5957900682714355,0.8629548961491637,0.22189690024719494,0.05260773459364901
AIT-2024-12-004,ARM,-1.5000401291134295,-0.6245261409546179,-0.5222619219465184,-0.7251188110707921,-1.046177668182862
AIT-2024-12-004,ASML,0.4150459622916114,-0.36370836140664936,0.30267698880542926,0.123135766093672,0.09878349973095324
AIT-2024-12-004,ADSK,0.45399114976503596,-0.5680187262889388,-0.2059372160220951,-0.3644083082498721,-0.3726536526611382
AIT-2024-12-004,AVGO,-0.6219291937159607,1.09710735272055,2.0312565369512776,1.576970337351203,0.7814390225897463
AIT-2024-12-004,CDNS,-0.21823915822038054,-0.4264888972028067,-0.12229127483289935,-0.3648094791943951,-0.5193588940412708
AIT-2024-12-004,CTSH,-1.078872567673161,-1.240507758106177,-0.7171920359028793,-0.7789205807585929,-0.7564952130270832
AIT-2024-12-004,CRWD,0.16778352621509823,-0.5073596959306799,-0.09409024480555576,-0.35101457765653704,-0.4323035237609478
AIT-2024-12-004,DDOG,0.8207974054570008,0.6895266775543143,0.4628347386359917,0.05910393659607228,-0.22835751530737142
AIT-2024-12-004,DASH,-1.0519823910959125,-0.533037685391093,-0.41824513318039824,-0.8499336418990553,-1.0341291550836735
AIT-2024-12-004,FTNT,-0.4823711556040852,-0.951760118604044,-0.5272034835456395,-0.5857206573859943,-0.663537793310368
AIT-2024-12-004,INTC,0.9568942735668884,0.6841132513916695,0.45173037583177855,0.2336434113084013,0.11728306720350351
AIT-2024-12-004,INTU,-0.008885098899889405,0.8535470185029647,0.9795008734963905,0.6378224001946077,0.2567235709674457
AIT-2024-12-004,KLAC,0.5293829048439699,-0.03322851797791787,0.625899120529187,0.2706466055565466,0.2833193076412944
AIT-2024-12-004,LRCX,-0.031028126435222767,0.14087215330304995,0.4529379655213875,0.3429582393475507,0.019839317499728417
AIT-2024-12-004,MRVL,1.071207445303735,0.2974700405158149,1.8066940576056034,1.0348114131342032,0.2583148841512256
AIT-2024-12-004,META,-0.4335231782171705,-0.9743042205917473,-0.4582801211347541,-0.37038604340871956,-0.44154377760972624
AIT-2024-12-004,MCHP,1.1415779122429346,-0.24579463220361208,0.9535809562822642,0.8588033362675705,0.7794084696149384
AIT-2024-12-004,MU,-0.6896871843223598,-0.506097116777029,0.8670787202007796,0.859862963590849,0.6578828443496969
AIT-2024-12-004,MSFT,0.19410378388353636,0.1836981210361275,0.4732897944689792,0.13532332379960402,-0.1298826398367719
AIT-2024-12-004,MPWR,0.8578291555753123,1.055951185200572,1.1099925066104765,0.7549136127674644,0.5036606237416917
AIT-2024-12-004,NVDA,-1.6601555409420237,-1.8483595200450273,-1.1830935688255024,-1.502790051907022,-1.4033569771836354
AIT-2024-12-004,NXPI,0.09643582843408888,-0.01833342121097642,0.7254540321628955,0.2247977255413508,-0.08514470097759286
AIT-2024-12-004,PLTR,0.7372933676285192,1.1002735871722351,1.3075034544113178,1.4144283641252895,1.1721033630940418
AIT-2024-12-004,PANW,-0.5719764068384682,-1.2597791745179918,-0.6028662016724401,-0.7550610986238128,-0.5808658218216058
AIT-2024-12-004,PDD,0.187385307382647,0.15779589508764869,0.10715379994586728,-0.23666579146991865,-0.2879088369347889
AIT-2024-12-004,QCOM,-0.11908141408945688,-0.6476535788050055,-0.06584727084531787,-0.26727725029608146,-0.4641739001117046
AIT-2024-12-004,ROP,0.2645625296997871,-0.38180810074776794,0.7885347261388218,0.6209436183170977,0.6247909201221434
AIT-2024-12-004,STX,0.20693038040998368,0.40546109880105974,0.7796126559808997,0.513340327086707,0.20790846414986303
AIT-2024-12-004,SHOP,-0.09797796918394103,-0.36316270231765646,-0.32673168128896435,-0.7160433431004847,-0.7300823734108975
AIT-2024-12-004,MSTR,1.0812843293640093,0.7321434320677422,0.7482209856914315,0.6828631692488601,0.5561136733620963
AIT-2024-12-004,SNPS,0.9572034173804609,-0.12309378470598506,0.5923215489839644,0.3532219057296909,0.15622995707514115
AIT-2024-12-004,TXN,-0.06802251386739225,-0.11935091708907405,0.19038746674353324,-0.1716443062680829,-0.2918723972010047
AIT-2024-12-004,TRI,-0.13138510449226964,-0.5048498327549552,-0.7394712595572818,-1.200393761106642,-0.9331291258121539
AIT-2024-12-004,WDC,-0.2592260474315149,-0.13678454275948748,0.010088644632738541,-0.1341595976759512,-0.2479639079040624
AIT-2024-12-004,WDAY,1.6406953539355387,1.0002238570026534,1.2780611982943084,1.380619955930255,0.6787579818093151
AIT-2024-12-004,ZS,0.7594313120775739,-0.7704661590409898,0.13942269585004285,-0.11200797149601605,-0.3479210249653415
AIT-2024-12-005,ADBE,1.5497157837676827,2.2085731116643297,0.5751077490983392,0.5151410456548047,0.6833424095176976
AIT-2024-12-005,AMD,-0.15873736056766505,0.26553043183969194,-0.5237879535057849,-0.563182933028726,-0.48583500592385437
AIT-2024-12-005,GOOGL,1.0118313537644783,1.794625467619968,-0.2999817679415951,-0.48652900843244856,-0.31520915139839073
AIT-2024-12-005,GOOG,0.8664364327438949,2.023451107533925,-0.3386873011704474,-0.39191890884858366,-0.3464019203623439
AIT-2024-12-005,ADI,0.03676409075443564,1.476182491679461,-0.670906674052806,-0.6902198793409167,-0.2769984515494438
AIT-2024-12-005,AAPL,-0.6725843867096254,1.5494507938175233,-0.343049560357527,-0.44005830019595693,-0.18984112579891727
AIT-2024-12-005,AMAT,0.6390885845591032,2.031425864119246,-0.1958039850828537,-0.20923840912304723,0.09124429668807882
AIT-2024-12-005,APP,1.3178439484054776,1.196135106068536,-0.6261963502235453,-0.45828977611099747,-0.22935593402212837
AIT-2024-12-005,ARM,-0.819421397839097,-0.4758857673506196,-1.0485846956341913,-1.0773985663163876,-0.9324086754821356
AIT-2024-12-005,ASML,0.12018837215897718,0.9844157359053376,-0.1961017639147212,-0.07585450855501047,0.1404561148273186
AIT-2024-12-005,ADSK,-0.2674227209905844,1.0623361829459663,-0.5875833046359532,-0.6588116634231554,-0.38613886376945944
AIT-2024-12-005,AVGO,1.0921814121618443,2.2225333261442404,0.9200389266652769,0.5146450025021381,0.19484817147171438
AIT-2024-12-005,CDNS,0.05149826410407681,0.8976899985342748,-0.7520387789847796,-0.7803586232339875,-0.4962041055752763
AIT-2024-12-005,CTSH,-0.7510793355926816,0.6200602875127817,-0.8694323822304142,-0.7454154926847824,-0.6170121376342547
AIT-2024-12-005,CRWD,-0.3013251861284398,0.3133004734444665,-0.5945635642527894,-0.6073419141474196,-0.5137344044793617
AIT-2024-12-005,DDOG,0.9726042675628894,1.5368301216372329,-0.567409543193422,-0.7385134014289659,-0.28375328679093925
AIT-2024-12-005,DASH,-0.6939843153397091,0.5363915108530788,-1.390575872344126,-1.373858989395793,-1.0279241958099992
AIT-2024-12-005,FTNT,-0.6015472892021813,1.2367194736809863,-0.7340441457982069,-0.8738482461731686,-0.5740606606897548
AIT-2024-12-005,INTC,0.6568662271281515,0.8982312312123022,-0.12467007053571157,-0.0856954508496475,0.07800915973524687
AIT-2024-12-005,INTU,0.43852774318886467,2.2440193601188927,0.03541074725816431,-0.20691903739416534,0.2984992638765633
AIT-2024-12-005,KLAC,0.3498841841159705,1.6950421644217868,-0.23878583502322318,-0.13442022749482566,0.4022529739681331
AIT-2024-12-005,LRCX,0.18464094711555512,1.974303290741768,-0.11058174971410872,-0.16143054777248725,-0.007284322982731416
AIT-2024-12-005,MRVL,1.3821504700874347,2.0448912580398906,-0.16979298136781243,-0.3766940280804409,-0.2619721038324044
AIT-2024-12-005,META,-0.5044112934074385,2.0511658063869254,-0.40437613237572495,-0.5460085198986624,-0.2869635337247721
AIT-2024-12-005,MCHP,1.0690631344380153,2.3816358565488507,0.7731653751556848,0.6386310122746314,0.6621165567283789
AIT-2024-12-005,MU,-0.07746000178891961,2.9324226419224106,0.6793447129835813,0.4524267987964699,0.395094665185754
AIT-2024-12-005,MSFT,0.2593367072271542,2.4672780607448432,-0.25943179445756126,-0.42620789479842425,-0.15124987410282043
AIT-2024-12-005,MPWR,0.9712109278765458,1.855141916539809,0.09707120533914604,0.17352007695485874,0.3887189471651337
AIT-2024-12-005,NVDA,-1.311239857866234,-0.7234298696497927,-1.752880808322126,-1.5636631619108485,-1.3463865671954884
AIT-2024-12-005,NXPI,0.33140057839069453,1.7419541627679536,-0.5661498444526308,-0.5729598017655839,-0.2531221455667766
AIT-2024-12-005,PLTR,1.3372261255309326,2.578947923391604,1.3923876035238225,1.1107987044971814,0.9151502342645657
AIT-2024-12-005,PANW,-0.8068616004284951,0.8831603876301117,-1.047408666259166,-0.9276372149078861,-0.35643217281665407
AIT-2024-12-005,PDD,0.2628232672978602,0.3671466921551498,-0.7054229661323754,-0.5018810405302754,-0.45158067657073286
AIT-2024-12-005,QCOM,-0.026842376087858277,0.9968823462700558,-0.473918436173178,-0.662237203228588,-0.5017285567184955
AIT-2024-12-005,ROP,0.6954844275382657,2.3765145364359337,0.33970958953475083,0.4184522352685711,0.722434484752605
AIT-2024-12-005,STX,0.5718860192647853,2.04212356582099,0.03417999425607297,-0.13117430794243787,0.557501673242116
AIT-2024-12-005,SHOP,-0.38581005266595325,0.2180296299343395,-1.194848771599512,-1.1562245450614677,-0.8856797208059041
AIT-2024-12-005,MSTR,0.874176090116774,1.4352292721128215,0.48700459475264285,0.5875014340838957,0.4690085662566478
AIT-2024-12-005,SNPS,1.586388131276225,1.5508937358541972,-0.08581642113277592,-0.2721242839368073,0.1493621970598742
AIT-2024-12-005,TXN,-0.018057732870450937,1.3852461016896924,-0.7338061774482902,-0.6879216939699097,-0.15739771809955894
AIT-2024-12-005,TRI,-0.6521008600597428,-1.2574740289932211,-1.8583240951203612,-1.4478911860939736,-0.8334356230555068
AIT-2024-12-005,WDC,-0.49697630278343813,2.184909878522131,-0.33962522321635696,-0.2976259309530893,-0.13302764368727432
AIT-2024-12-005,WDAY,1.5250403175864102,4.487309212424521,1.1788967471749006,0.5182039771012051,0.3260416925981308
AIT-2024-12-005,ZS,0.14042035808985287,1.2020688171706895,-0.43681292109427544,-0.7682797577184172,-0.5046683273209462
AIT-2024-12-006,ADBE,0.6285836949637202,1.969840515365227,1.82679356874709,0.8441170406587865,0.8591102991725519
AIT-2024-12-006,AMD,-0.729332439722565,-0.1734442948024243,0.07011585801846464,-0.5114464599383866,-0.42755216119739375
AIT-2024-12-006,GOOGL,0.6215091884055742,1.6697107305026815,1.3036011738670978,-0.026494639298836938,-0.17565062020677186
AIT-2024-12-006,GOOG,0.4541949016292566,1.2914462768480923,1.2142104938517047,0.0010431116201175387,-0.2042238628323577
AIT-2024-12-006,ADI,-0.12976891218317288,0.30100688860926506,0.6506225104466171,-0.4256054715540568,-0.24641264142451016
AIT-2024-12-006,AAPL,-0.7100039139092131,-0.0858800378718774,0.38681792615593974,-0.3674581077658185,-0.34552185613690845
AIT-2024-12-006,AMAT,0.6348947207373459,0.514621539167395,1.021742558732005,-0.04032175326689988,0.07244014558222814
AIT-2024-12-006,APP,1.2179992782527527,1.3165096295008991,0.8595954243447629,-0.1642209085754728,-0.08432276506510589
AIT-2024-12-006,ARM,-1.2229481919027645,-0.3368904812141284,-0.4361029570679005,-1.1342423914453263,-1.1144857040660838
AIT-2024-12-006,ASML,0.21347649751473263,0.5251447244226429,0.6908288900492149,0.041047590821805334,0.17852144835892927
AIT-2024-12-006,ADSK,-0.050456269607560236,-0.026568498229650434,0.2349930508316096,-0.46531299228614564,-0.35103521835581264
AIT-2024-12-006,AVGO,0.026260123574517433,2.6058232053314745,2.0132322521309765,1.0360265489153788,0.45330799667730726
AIT-2024-12-006,CDNS,0.10733386137454014,0.07771012215692691,0.22456382430820562,-0.5820274166733262,-0.5068316533884852
AIT-2024-12-006,CTSH,-0.9132493308585522,-0.3446346478116241,-0.11438652464816713,-0.7154678939871931,-0.6699148782530774
AIT-2024-12-006,CRWD,-0.23265616389043053,0.2053783225031082,0.13184339695726574,-0.40174712252385214,-0.46755937470623915
AIT-2024-12-006,DDOG,1.2914158535388462,0.09234780511222737,0.5911806691704187,-0.4632653745726649,-0.2636016651083427
AIT-2024-12-006,DASH,-0.7579399345899628,-0.6387067948711095,-0.02339357560353439,-1.2077495691055065,-1.033168303828305
AIT-2024-12-006,FTNT,-0.47282455322474004,-0.40622910103978915,0.19905843738622195,-0.7620846819293882,-0.5493584324767065
AIT-2024-12-006,INTC,1.2844365174519161,0.20301958016862742,0.5522642669286272,0.055983576360950235,-0.003432676658940124
AIT-2024-12-006,INTU,0.24943572840974534,0.8585672796195487,1.4385404898691663,0.2286200099908709,0.34392348797988753
AIT-2024-12-006,KLAC,0.48493676113264933,0.6119734830476611,0.9887539557946058,-0.03569726271533374,0.3928338228616336
AIT-2024-12-006,LRCX,0.17638464528087824,0.6457367973049124,1.0540413657834966,0.06620470274437794,0.06317271272986971
AIT-2024-12-006,MRVL,1.4680752760167801,2.468679145156095,1.7985100604264403,0.21538705184085852,0.036067230284573176
AIT-2024-12-006,META,-0.2528156724007634,-0.19504270394417444,0.6502513814554632,-0.5158180067445465,-0.29248041051949203
AIT-2024-12-006,MCHP,1.1246301504967162,1.6784813749463376,1.83766446877334,0.9505762592770272,0.8412786964386837
AIT-2024-12-006,MU,-0.5671939010867244,1.5640015529394433,2.0474472824921217,0.8897913461232302,0.6792915381572351
AIT-2024-12-006,MSFT,0.21559459631560315,0.697364995679647,1.2079897075564539,-0.16352363377792478,-0.21048779383622346
AIT-2024-12-006,MPWR,0.7787572039014417,1.1335038276863347,1.265574693867099,0.38738802375205095,0.3074435094356845
AIT-2024-12-006,NVDA,-1.5890195156204436,-0.8244959927352857,-0.907439773232387,-1.5376487917607264,-1.3276965324346148
AIT-2024-12-006,NXPI,0.17063064375593953,1.113579951340729,1.1050257788907307,-0.1547997341716638,-0.135557355155731
AIT-2024-12-006,PLTR,1.2204147931747753,1.488097034076899,1.8881503857719781,1.2753188529271577,1.09039427338124
AIT-2024-12-006,PANW,-0.8069903834972055,-0.07404606923299004,0.11457203734217553,-0.8427350305039218,-0.3738784124753959
AIT-2024-12-006,PDD,0.26870010572441827,0.4015130857433039,0.03416159119277279,-0.26864216193701745,-0.40329252084209394
AIT-2024-12-006,QCOM,-0.1328467842136123,0.06219637559948968,0.4734950864730303,-0.4496671746538738,-0.4490423483427509
AIT-2024-12-006,ROP,0.5124190232856828,1.607686167117683,1.7018184621322041,0.5717541274108812,0.8282168238317231
AIT-2024-12-006,STX,0.532220936820477,0.6164622925484933,0.9838421271734409,0.04378536849127053,0.2520312030515856
AIT-2024-12-006,SHOP,-0.12727196002794264,-0.30090268723356567,-0.17376781598997929,-0.9091085181313695,-0.7594499292192514
AIT-2024-12-006,MSTR,0.8553601382115235,0.8708512263773907,0.9695641715058668,0.6106316786855778,0.4835998533107419
AIT-2024-12-006,SNPS,1.3612098790922043,1.1988614729273377,1.1235337433394066,0.05685577819453283,0.1857556295677501
AIT-2024-12-006,TXN,0.12335542943960437,0.1384371097434361,0.6460038409460797,-0.44701784844673315,-0.22670807133104662
AIT-2024-12-006,TRI,-0.13469001737409875,-1.4402042866729785,-1.1334364846104474,-1.4808167250793367,-0.8376080266351622
AIT-2024-12-006,WDC,-0.5971284316509814,-0.3610143966130305,0.4950236388681159,-0.35971298984568045,-0.309401951189374
AIT-2024-12-006,WDAY,1.3076023962691825,1.5476545264183752,2.4225319703784973,0.9614610643056285,0.551922050010812
AIT-2024-12-006,ZS,0.8834960112374174,0.18823607308581683,0.6749653460294626,-0.24240294963849962,-0.2897250857685742
AIT-2024-12-008,ADBE,-0.28925665415938584,3.71363172284467,2.5365252449373625,1.5120525935663247,1.114054440425752
AIT-2024-12-008,AMD,-1.1001654008282744,0.10575880318249159,-0.0007765904853654426,-0.3274493301090825,-0.37040467103793695
AIT-2024-12-008,GOOGL,-0.10099540802342657,0.47373551118966356,0.9745810122442634,0.27889261456655423,-0.08951486483469318
AIT-2024-12-008,GOOG,-0.2809236324598056,0.552092299570242,0.998702753355499,0.2258732853172919,-0.100181938402159
AIT-2024-12-008,ADI,-0.3326138301505097,0.0494744158420686,0.3875810701038173,-0.22678016216888225,-0.25979366156794564
AIT-2024-12-008,AAPL,-0.860656183042108,-1.2753620586663028,-0.3853499520136449,-0.45299498775371133,-0.49048443378606504
AIT-2024-12-008,AMAT,0.48559238366522295,0.4346185213706814,0.7478024122933576,0.17256135625975727,0.010836375357566704
AIT-2024-12-008,APP,0.9963826067880027,0.16716071423330398,0.7750211019452905,0.022553464334151476,-0.026728966187132417
AIT-2024-12-008,ARM,-1.4533157304729185,0.0036553671107213692,-0.391834046908899,-0.7868112770462571,-1.0512245308625967
AIT-2024-12-008,ASML,0.37581351681733044,-0.19750182591474194,0.3895389367040383,0.07253891959336484,0.07711522761806977
AIT-2024-12-008,ADSK,0.24922435811129132,-0.6942664832824375,-0.18456479594028583,-0.4118412246552932,-0.3935537808383287
AIT-2024-12-008,AVGO,-0.5008812237660213,2.258908074027897,2.033251182553992,1.51354313226319,0.6973409893324372
AIT-2024-12-008,CDNS,-0.12004987554350481,-0.8724714359042557,-0.20005537932872255,-0.549720232202421,-0.5921433705013655
AIT-2024-12-008,CTSH,-1.1258238286061741,-0.9958921257142924,-0.5548258786183655,-0.807581967124461,-0.7324469623867159
AIT-2024-12-008,CRWD,-0.01775769962517905,-0.605363494096495,-0.04606636690901638,-0.36477204415580383,-0.4626784604210316
AIT-2024-12-008,DDOG,1.0390504151757887,0.3367097655491501,0.44548680706827065,-0.18239720504105233,-0.29918013808418054
AIT-2024-12-008,DASH,-0.9849283353337063,-0.8703947545539932,-0.430248423658975,-0.9913563363344554,-1.0673271281328018
AIT-2024-12-008,FTNT,-0.5315740311236039,-1.041962598551143,-0.4103804127905844,-0.6300856091842455,-0.610455413126637
AIT-2024-12-008,INTC,1.01576827726708,0.33258932870265384,0.4121312607238656,0.13411007761250637,0.056976963077234606
AIT-2024-12-008,INTU,-0.07583074971589461,0.6505953823274229,1.0734208355673598,0.4552500021546639,0.23515533611385825
AIT-2024-12-008,KLAC,0.5236722540661182,0.3290485002029388,0.6262036571739961,0.16774651301471605,0.27209812121999577
AIT-2024-12-008,LRCX,0.0705052574089002,-0.2029267689659346,0.5420920312070173,0.11897180787470284,-0.03690635587111577
AIT-2024-12-008,MRVL,1.2012228318066729,1.5113045403753702,1.9738348317726269,0.8257261879250154,0.16359750096384107
AIT-2024-12-008,META,-0.41608004295286505,-1.3142921651129713,-0.3100902483829026,-0.44277214858598896,-0.41111935116372483
AIT-2024-12-008,MCHP,1.1430125366811033,0.36787990617480154,1.061197235746388,0.9599033159048563,0.7748980995551383
AIT-2024-12-008,MU,-0.6323224868427936,0.061235681816731766,1.6181776044084515,0.9164216580632604,0.6830588336853466
AIT-2024-12-008,MSFT,0.09402547051397053,0.261287452157168,0.568314346153784,0.10882098218931452,-0.15893990481040193
AIT-2024-12-008,MPWR,0.767383828844952,0.9788611344251237,1.0239523844191598,0.553058681093591,0.41803367988628565
AIT-2024-12-008,NVDA,-1.6113492439646988,-1.533761404540148,-1.1110938114640285,-1.5026807369905428,-1.3777644138464678
AIT-2024-12-008,NXPI,-0.010192006409574676,0.1640819919488349,0.7671869169278546,0.044434253690790196,-0.14687566125214313
AIT-2024-12-008,PLTR,0.891242958744148,0.9376713245922643,1.3493324385169763,1.3647574472173927,1.1319532343749719
AIT-2024-12-008,PANW,-0.6955889192574523,-1.1528288842222068,-0.4313377423527462,-0.7968788725219558,-0.545992471904987
AIT-2024-12-008,PDD,0.2657659970385835,-0.11387933499435782,0.08764822328403803,-0.3422199916600352,-0.33226392252451126
AIT-2024-12-008,QCOM,-0.15083455424754202,-0.36226950289712806,0.0019483038476261125,-0.268887387016472,-0.481952714330284
AIT-2024-12-008,ROP,0.4310365789816975,-0.12711032642623749,0.9291881453099989,0.5970479055348406,0.6520388019829332
AIT-2024-12-008,STX,0.2532626721911097,1.2129002420361783,1.0174958536445307,0.41678748227587975,0.24068947284209183
AIT-2024-12-008,SHOP,-0.19621959788101417,-0.6834256263444884,-0.16666169261693176,-0.8039695937148188,-0.7530118933794981
AIT-2024-12-008,MSTR,0.8944887114869569,0.49952652330598424,0.7273448482349091,0.558180761636909,0.5077187741958582
AIT-2024-12-008,SNPS,1.215819061785358,0.13822728956864988,0.6468467790102623,0.24502205102697847,0.13094811219610492
AIT-2024-12-008,TXN,-0.03322292406462882,-0.4616700861311062,0.20038863642706115,-0.3393566974396897,-0.34968196474596513
AIT-2024-12-008,TRI,-0.3069304953579424,-0.9030718741616137,-0.8689683766897076,-1.3791185513659612,-0.8956687421023906
AIT-2024-12-008,WDC,-0.5763970065410388,1.2055985160718912,0.6619437528960831,-0.036338714217592646,-0.1903527369160769
AIT-2024-12-008,WDAY,1.7316172402315486,0.6926339588816324,1.3765607638087236,1.2183277166698638,0.6293652261087923
AIT-2024-12-008,ZS,0.8471169822661792,-0.5526407179242974,0.342627739189252,-0.1442708725629661,-0.3728746023385159
AIT-2024-12-009,ADBE,-0.502846307029118,0.3074694962981689,1.6367164129732703,1.80741352384548,1.0274143887756775
AIT-2024-12-009,AMD,-1.5097518742579297,-0.1820190030002558,-0.13338603571069005,-0.07651782731612768,-0.4357303707893399
AIT-2024-12-009,GOOGL,0.1982019908167609,-0.20903098707459764,0.9600681409718236,1.2225781210537365,0.2103999391054114
AIT-2024-12-009,GOOG,-0.04780979694052082,-0.2800385707557731,0.8028209559187305,1.1261697051857074,0.16887364687190645
AIT-2024-12-009,ADI,0.2436201296390358,-0.14877085674132412,0.0463325875364187,0.4384168926459954,-0.2507754601669535
AIT-2024-12-009,AAPL,-0.5694992704566251,-0.7360139003315613,-0.9115410550582862,-0.23346438319272503,-0.553226320189798
AIT-2024-12-009,AMAT,0.3702219595267498,0.5357034245122191,0.5804826907697214,0.8923555161046258,0.19551163619464074
AIT-2024-12-009,APP,0.6803152421258393,2.4792360002180454,1.3859734782014803,1.3196505147183444,0.39612531508191784
AIT-2024-12-009,ARM,-1.4830281718842278,-1.6564820796045807,-1.107565029681614,-0.9048057786584494,-1.080416040887014
AIT-2024-12-009,ASML,0.5797001714048942,0.01585099157223798,-0.06081334589142465,0.361360521645916,0.09382200106558294
AIT-2024-12-009,ADSK,0.7380973690950168,0.052811121945635274,-0.34481513100193556,0.05628884093843674,-0.4377240868368507
AIT-2024-12-009,AVGO,-0.605925909091057,-0.196573290453224,0.8580056726739002,1.4732043807946587,0.8181539658548795
AIT-2024-12-009,CDNS,-0.4536473845974773,0.020986308511699567,-0.14703348478714715,0.10640057811698457,-0.4536111416172447
AIT-2024-12-009,CTSH,-0.7652607158559142,-0.617397521731202,-0.8480675944908324,-0.47231594610531996,-0.791100472040836
AIT-2024-12-009,CRWD,0.33655340727014454,-0.3666123828953973,-0.4637949253374745,-0.12279853569101813,-0.4349146440646618
AIT-2024-12-009,DDOG,1.2755425978309984,1.8294220111382606,1.4476303229989298,1.1796621794569913,0.09853309099758963
AIT-2024-12-009,DASH,-0.670106814017281,-1.0883907126708674,-0.6793386215498884,-0.33018914885992695,-0.9944702118626105
AIT-2024-12-009,FTNT,-0.20148212519618391,-0.5493348248010153,-0.7241283292712488,-0.2023849235301835,-0.708415044186995
AIT-2024-12-009,INTC,0.5953539482546784,0.6096721290335732,0.6067601048262264,0.6355354510380274,0.23886539229807746
AIT-2024-12-009,INTU,0.8420138739409028,-0.10663622810800885,0.45613541041317124,1.014413732835533,0.17975592686408493
AIT-2024-12-009,KLAC,0.8505408604610518,0.25465576135908247,0.32175602298276196,0.7352937435125891,0.218085380138941
AIT-2024-12-009,LRCX,0.15749533402670926,-0.237312111823858,0.0014324632437976343,0.5815688563595085,0.049863648413980624
AIT-2024-12-009,MRVL,0.4408369745999382,0.9249500801184034,1.0416107665808259,1.5949033010680225,0.4247899940822567
AIT-2024-12-009,META,-0.4848387947805784,0.2021383504195014,-0.530447661168793,0.10443247393049292,-0.4557488994664509
AIT-2024-12-009,MCHP,0.8880135495890474,1.1494873153461342,0.7408715294179246,1.314317076428515,0.9007103920981117
AIT-2024-12-009,MU,-0.46530678473890474,-1.1543592778516552,-0.4505700454234818,0.8157808504394123,0.4960014233980958
AIT-2024-12-009,MSFT,0.43870281124294197,0.01573686037601365,0.09549512634902313,0.7076124018024587,-0.08160215312194109
AIT-2024-12-009,MPWR,1.1154665127669514,1.0019854358767217,1.077062948583895,1.2724445437290504,0.6161721246835823
AIT-2024-12-009,NVDA,-1.1741059896154293,-1.5852343381502378,-1.5354575069911982,-1.20488420613464,-1.4289247536846208
AIT-2024-12-009,NXPI,-0.014922958105325642,0.13380072925227388,0.07797511633371705,0.6826332536637895,-0.10018298343395823
AIT-2024-12-009,PLTR,0.44014081968474694,2.0149782299254375,1.42364303104747,1.6805057087750492,1.2872277953443392
AIT-2024-12-009,PANW,0.1161436295437181,-0.6210021428298094,-0.9378687958031038,-0.42096703280894476,-0.7388908212319673
AIT-2024-12-009,PDD,0.5276121169505948,0.6878279720370486,0.3459514449952273,0.31560261545898627,-0.12872484982535437
AIT-2024-12-009,QCOM,-0.17231820274385493,0.42190080687475784,-0.017822723924633927,0.23481319137885007,-0.3270529069434161
AIT-2024-12-009,ROP,-0.10567674544284585,0.3946502846894088,0.21350579420511395,0.9518548361086823,0.5068458837918095
AIT-2024-12-009,STX,0.2797609264498303,0.31159174642183524,0.6482159676250292,0.910084318110339,0.21890966542980864
AIT-2024-12-009,SHOP,0.07517490385520724,0.11902322293647069,-0.36469365209789467,-0.18725168300272713,-0.7450176131447388
AIT-2024-12-009,MSTR,1.6149835775717698,0.8301569559719817,0.7275007460752381,0.9186484406632001,0.7098891349598756
AIT-2024-12-009,SNPS,-0.12246202411882,2.2537198858849194,1.1373448431313022,1.1433175448544102,0.3416839321188587
AIT-2024-12-009,TXN,0.45277208518218337,-0.3752116157291396,-0.10724345538624408,0.3551756832530701,-0.2937569588531754
AIT-2024-12-009,TRI,0.11392558100700895,0.06905640441780934,-0.35452337013611146,-0.6190894340279466,-0.9656997080318186
AIT-2024-12-009,WDC,0.18015149542843906,-1.0590735694489717,-0.4251385572446367,0.10656588796512745,-0.3299080245846681
AIT-2024-12-009,WDAY,1.2083281489087854,2.508315084576841,1.6958591570031798,2.173582215147683,0.9951624396200133
AIT-2024-12-009,ZS,0.5787841576710981,0.5001647056306777,-0.05658772986058566,0.361016473499032,-0.30419649042782637
AIT-2024-12-013,ADBE,2.2704819421789972,-0.25100615286596734,0.147550112980763,0.5327474293990653,0.6211943776778172
AIT-2024-12-013,AMD,0.16896909577277963,-1.1426217681358732,-0.9046222881943381,-0.4455251393699525,-0.5075847236601752
AIT-2024-12-013,GOOGL,1.3662593491276829,-1.4482880070820867,-1.151871205687107,-0.566177672140996,-0.27526912041319745
AIT-2024-12-013,GOOG,1.2851565266251488,-1.4194119481863003,-0.8938255818813464,-0.5502475140366943,-0.4025726470803245
AIT-2024-12-013,ADI,0.5483034968392099,-1.8280894732283426,-1.112987705339423,-0.4336159286816815,-0.07926016307427415
AIT-2024-12-013,AAPL,-0.011413712838708647,-1.1293589978304277,-0.7502969700381171,-0.5514923729795831,-0.03046110855427527
AIT-2024-12-013,AMAT,0.820567028317605,-1.4839030268812343,-0.8742707863431646,-0.3300948621179451,0.15814749711903917
AIT-2024-12-013,APP,0.6752305218043171,-1.3360707924972481,-0.6643867194107962,-0.29555321382014754,-0.21972985197763906
AIT-2024-12-013,ARM,-0.3140918973344522,-1.9670395550917965,-1.519376649925358,-1.301468932024787,-0.6921668104541022
AIT-2024-12-013,ASML,0.40126360054464644,-0.804452985465674,-0.4624863845492735,-0.052555907586503275,0.370755644117686
AIT-2024-12-013,ADSK,-0.031678834338486984,-1.2544392828115296,-0.9830382175462867,-0.5178281090532356,-0.40683259141005523
AIT-2024-12-013,AVGO,2.0589696520370113,0.2517078070909047,0.034923609258810336,-0.018988893734136456,0.14099211076360865
AIT-2024-12-013,CDNS,0.015357100679759162,-1.5534239487189367,-1.1809278859929682,-0.8193740649785564,-0.3533437945591481
AIT-2024-12-013,CTSH,-0.3462235936685769,-1.4016022179479872,-0.926613955765163,-0.7331181379695646,-0.6666546161938749
AIT-2024-12-013,CRWD,-0.023585675087538862,-0.982226202886075,-0.7599668824922142,-0.6226179572168552,-0.4378054656341855
AIT-2024-12-013,DDOG,0.5592101674320583,-1.7224110542149793,-1.2694587940299884,-0.7122674872980981,-0.1683163816877646
AIT-2024-12-013,DASH,-0.18285700889864606,-2.3930803031527894,-1.83871212486658,-1.3331611187188932,-0.9143565402985978
AIT-2024-12-013,FTNT,-0.15454427382829306,-1.8141637362363627,-1.426037963481232,-0.8728475300872954,-0.5785839186177514
AIT-2024-12-013,INTC,0.4301346548465594,-0.6024128738563015,-0.38722621230449095,-0.15394116009343042,0.10249500729797714
AIT-2024-12-013,INTU,1.2051303077988123,-1.496823505567592,-0.9088026393576025,-0.36300291538007473,0.3543187131888021
AIT-2024-12-013,KLAC,0.7787660994086228,-1.1580288776289003,-0.6617075538114466,0.09146802373725015,0.5053934528764176
AIT-2024-12-013,LRCX,0.7462347245100914,-1.486662488682657,-0.8320457719037497,-0.42074850772984507,-0.004486450544002477
AIT-2024-12-013,MRVL,1.601345264673739,-1.43769018770883,-1.148530884581741,-0.6521532059219985,-0.142255135407274
AIT-2024-12-013,META,0.1255880737268663,-1.6031415798815232,-1.179652513025551,-0.6086343393090192,-0.11514377935734872
AIT-2024-12-013,MCHP,1.2173770487962543,0.13820164799715845,0.34824066159538214,0.4808742590084728,0.7034454760581641
AIT-2024-12-013,MU,1.294621877237141,-0.5512808997958236,-0.3255158807664483,0.32186240762644613,0.32399279709978346
AIT-2024-12-013,MSFT,0.8662956093309888,-1.5589631470573786,-1.0912021643963639,-0.6641508378831892,-0.12664920209639113
AIT-2024-12-013,MPWR,1.1532878281824688,-1.0094225925522367,-0.249802029370736,0.05862182681896008,0.5306214513840827
AIT-2024-12-013,NVDA,-1.0135725972082674,-2.2078144954947176,-1.72561833096118,-1.280580538349935,-0.9734203274165665
AIT-2024-12-013,NXPI,0.8321200789948778,-1.9044077174223877,-1.0857917333616707,-0.5788838124051647,-0.10756354582193227
AIT-2024-12-013,PLTR,1.6108656564898227,0.5963060050711315,0.5762783450825026,0.873237690837631,0.7233772044240435
AIT-2024-12-013,PANW,-0.23205897075420964,-1.9983072253349237,-1.385492038737529,-0.47126171000116995,-0.21836392050968176
AIT-2024-12-013,PDD,0.018892305503297162,-1.0486034606090064,-0.5990623472131157,-0.469410561894748,-0.3964679265146164
AIT-2024-12-013,QCOM,0.21901090012725594,-1.1431010611878147,-1.187791450934841,-0.7874277008185362,-0.4397218857434638
AIT-2024-12-013,ROP,1.1077728615522136,-0.6647613372644564,-0.1657162434543951,0.4791495164780964,0.6151337405770462
AIT-2024-12-013,STX,1.0008689577433534,-1.0180130859806311,-0.6476359772079842,-0.2001857001586954,0.7008693866965314
AIT-2024-12-013,SHOP,-0.29907066774517943,-1.8223352880561396,-1.5091667762924035,-0.8914972626617679,-0.7621447973424156
AIT-2024-12-013,MSTR,0.9200060245102646,-0.28699677475617,0.34411901096844816,0.3839483075860508,0.37549962576983476
AIT-2024-12-013,SNPS,0.6759158816579149,-1.0865739626527384,-0.7791447976570339,-0.2281575385606714,0.21507649637549853
AIT-2024-12-013,TXN,0.374532238496986,-1.9600609767849888,-1.1320259217418005,-0.6337751641217824,0.31564320513841765
AIT-2024-12-013,TRI,-1.0261794845371408,-1.954626955273048,-1.386380299786495,-0.7494465775198129,-0.5865749498961259
AIT-2024-12-013,WDC,0.4744079828809365,-1.3358904447195492,-0.7125324179128638,-0.479402166096665,-0.001414413076673052
AIT-2024-12-013,WDAY,1.8756973390535085,-0.7136605264935894,-0.4527930578671991,-0.18949959005149272,-0.04769981840555636
AIT-2024-12-013,ZS,0.33506802972770505,-1.151650145356575,-1.218661781223606,-0.6830023826646048,-0.5188232639544537
AIT-2025-01-002,ADBE,0.9654636440183404,0.5573480677144388,0.6109509263689992,0.5067921919895769,0.3315946414185418
AIT-2025-01-002,AMD,-0.09140260760118715,-0.6607731921444115,-0.44448123903172326,-0.27655716328800123,-0.2255641422565101
AIT-2025-01-002,GOOGL,-0.250886553870016,0.3793027140136763,0.40296366069205286,0.3930224221427255,0.3788251305017111
AIT-2025-01-002,GOOG,-0.39497283311986053,-0.026515449465361024,-0.08190678690421418,-0.06360073936551695,0.04394951642061205
AIT-2025-01-002,ADI,0.06073878743331814,0.43174816766498036,0.7327506231314262,0.6014646228708894,0.6347895963694841
AIT-2025-01-002,AAPL,-0.2355840412897681,1.1621774698330587,0.9405320245829226,0.7316748032878025,0.12005913092004579
AIT-2025-01-002,AMAT,0.24968618749960314,0.7737389090625761,0.7824638864978285,0.3967336567129019,0.3514310170385575
AIT-2025-01-002,APP,-0.0845939765518079,0.2936834290410847,0.03377193285576186,-0.03951676615737403,0.334550697892454
AIT-2025-01-002,ARM,-0.8371310711951083,1.2922955055024172,0.7872981669212864,0.08093948231365407,-0.087229904899499
AIT-2025-01-002,ASML,0.3380743924049776,0.2974822295284722,0.9387340949808448,1.0431432053179468,0.5785064217549307
AIT-2025-01-002,ADSK,-0.14803611179968668,-0.19907858351899163,-0.28161054090435655,-0.3676150764603896,-0.2565904309300315
AIT-2025-01-002,AVGO,-0.24457136030005422,0.27599077162244967,0.5814821353006306,0.4924377802356291,0.022082284786022255
AIT-2025-01-002,CDNS,-0.37598767569548913,0.2794896703050741,0.41567582476537485,-0.023139957851178727,-0.03495214329692092
AIT-2025-01-002,CTSH,-0.3903150436096682,-0.1514135380010243,-0.6324241140588136,-0.39550089230473673,0.0795810421254655
AIT-2025-01-002,CRWD,-0.5208266111989638,-0.3243520402805447,-0.1719099098161656,-0.20443667191733603,-0.371530632347156
AIT-2025-01-002,DDOG,-0.03412281123388186,0.07844649577568191,0.45494051924851303,0.6530586862454129,0.9043155362340353
AIT-2025-01-002,DASH,-0.6720660792193816,-0.42043992555112636,-0.3495911255638316,-0.40395418509517905,0.06503023043873721
AIT-2025-01-002,FTNT,-0.15367802087815133,-0.46172106234731336,-0.3007556177219001,-0.2912742567117784,0.024844410653910028
AIT-2025-01-002,INTC,-0.14858947018675878,0.5456067212392072,0.3937810788325036,0.5727586550386519,1.0496712575231286
AIT-2025-01-002,INTU,0.48873386239804223,0.1988803110168886,0.7892504132028981,0.6946859434335898,0.7118660206931683
AIT-2025-01-002,KLAC,0.9002532735061587,0.8917385832108884,0.7655615453227859,0.7457372467140124,0.2438575704804375
AIT-2025-01-002,LRCX,0.10933881567539736,0.46233999620028865,0.49156114134173906,0.7188280823045144,0.381051760618145
AIT-2025-01-002,MRVL,-0.080322738331781,0.12685318620192193,0.7177563111749578,0.6947033367729548,0.508471743783329
AIT-2025-01-002,META,0.0024979527165839657,-0.1071176127803598,0.6160676245496837,0.9090286426935781,0.7099522676307205
AIT-2025-01-002,MCHP,0.4443818280902435,0.3536367329846895,0.9458123916798368,0.9593025805337351,1.1809057609064089
AIT-2025-01-002,MU,0.5587315624178998,0.11722049262770787,0.6464356276960954,0.2821169521419669,-0.027457595689784654
AIT-2025-01-002,MSFT,-0.2057333697073377,1.1666756812905663,0.7385207285094445,1.0793216205814793,0.6875881836312869
AIT-2025-01-002,MPWR,0.16895965271690971,1.770723327671672,1.5076944894700277,0.9880768131974609,0.8788875089172867
AIT-2025-01-002,NVDA,-0.7432090812703778,-0.8581170125111939,0.043129598498766,0.2654972406069172,-0.3378270010414652
AIT-2025-01-002,NXPI,0.010549549404902861,0.7102381477845611,0.7785327309326817,0.8885106515409464,0.8928476752423373
AIT-2025-01-002,PLTR,0.7353133315414362,0.3910396883295411,0.5332676846952706,0.7881312044209601,1.0041171348672195
AIT-2025-01-002,PANW,0.4665505712365065,0.2340896226261314,0.109405665710725,0.09235312864321053,0.22466356394379688
AIT-2025-01-002,PDD,-0.47822927567371554,-0.32312221925223317,-0.24034826045547153,-0.14757031099036036,-0.09672768145884164
AIT-2025-01-002,QCOM,-0.3139513967715014,-0.26630894282801876,0.019220542748682637,-0.28829327267130467,-0.23227965215791052
AIT-2025-01-002,ROP,0.9941097617489425,0.5486280753942209,0.39085844638121525,1.028028772666775,0.6665704123276425
AIT-2025-01-002,STX,0.6405192468961478,3.2024018706157804,1.8894180708650439,1.4240907906866684,0.7892626370231115
AIT-2025-01-002,SHOP,-0.49303316622848076,-1.0833115753698355,-0.4987494310412987,-0.22848666264751072,0.13279502846352761
AIT-2025-01-002,MSTR,0.479987982958644,0.5701270435222137,0.47135742540435066,0.1715068618030403,-0.14194707224031608
AIT-2025-01-002,SNPS,0.30889366814330826,0.5579436391667734,0.907704641095057,0.43320474773525036,0.163478203091937
AIT-2025-01-002,TXN,0.07245087801800042,1.5188815440750565,2.069864315759748,1.2424255726825957,0.5814156676282776
AIT-2025-01-002,TRI,-0.02508076220257675,-0.2187923685681213,-0.33495816277508483,-0.05616492365319056,0.5189595265683797
AIT-2025-01-002,WDC,-0.17185835964019208,1.0602453911627476,0.8268919640468221,0.9973485590162414,0.7233970368207298
AIT-2025-01-002,WDAY,-0.016646507773778945,-0.24446755682937793,0.009566396571402588,-0.3075726704666317,-0.09948650425831762
AIT-2025-01-002,ZS,-0.1672098254214354,-0.7039437688215235,-0.3265948763292656,-0.5457855326517169,-0.3593843019247195
AIT-2025-01-003,ADBE,0.9654636440183404,0.5573480677144388,0.6109509263689992,0.5067921919895769,0.3315946414185418
AIT-2025-01-003,AMD,-0.09140260760118715,-0.6607731921444115,-0.44448123903172326,-0.27655716328800123,-0.2255641422565101
AIT-2025-01-003,GOOGL,-0.250886553870016,0.3793027140136763,0.40296366069205286,0.3930224221427255,0.3788251305017111
AIT-2025-01-003,GOOG,-0.39497283311986053,-0.026515449465361024,-0.08190678690421418,-0.06360073936551695,0.04394951642061205
AIT-2025-01-003,ADI,0.06073878743331814,0.43174816766498036,0.7327506231314262,0.6014646228708894,0.6347895963694841
AIT-2025-01-003,AAPL,-0.2355840412897681,1.1621774698330587,0.9405320245829226,0.7316748032878025,0.12005913092004579
AIT-2025-01-003,AMAT,0.24968618749960314,0.7737389090625761,0.7824638864978285,0.3967336567129019,0.3514310170385575
AIT-2025-01-003,APP,-0.0845939765518079,0.2936834290410847,0.03377193285576186,-0.03951676615737403,0.334550697892454
AIT-2025-01-003,ARM,-0.8371310711951083,1.2922955055024172,0.7872981669212864,0.08093948231365407,-0.087229904899499
AIT-2025-01-003,ASML,0.3380743924049776,0.2974822295284722,0.9387340949808448,1.0431432053179468,0.5785064217549307
AIT-2025-01-003,ADSK,-0.14803611179968668,-0.19907858351899163,-0.28161054090435655,-0.3676150764603896,-0.2565904309300315
AIT-2025-01-003,AVGO,-0.24457136030005422,0.27599077162244967,0.5814821353006306,0.4924377802356291,0.022082284786022255
AIT-2025-01-003,CDNS,-0.37598767569548913,0.2794896703050741,0.41567582476537485,-0.023139957851178727,-0.03495214329692092
AIT-2025-01-003,CTSH,-0.3903150436096682,-0.1514135380010243,-0.6324241140588136,-0.39550089230473673,0.0795810421254655
AIT-2025-01-003,CRWD,-0.5208266111989638,-0.3243520402805447,-0.1719099098161656,-0.20443667191733603,-0.371530632347156
AIT-2025-01-003,DDOG,-0.03412281123388186,0.07844649577568191,0.45494051924851303,0.6530586862454129,0.9043155362340353
AIT-2025-01-003,DASH,-0.6720660792193816,-0.42043992555112636,-0.3495911255638316,-0.40395418509517905,0.06503023043873721
AIT-2025-01-003,FTNT,-0.15367802087815133,-0.46172106234731336,-0.3007556177219001,-0.2912742567117784,0.024844410653910028
AIT-2025-01-003,INTC,-0.14858947018675878,0.5456067212392072,0.3937810788325036,0.5727586550386519,1.0496712575231286
AIT-2025-01-003,INTU,0.48873386239804223,0.1988803110168886,0.7892504132028981,0.6946859434335898,0.7118660206931683
AIT-2025-01-003,KLAC,0.9002532735061587,0.8917385832108884,0.7655615453227859,0.7457372467140124,0.2438575704804375
AIT-2025-01-003,LRCX,0.10933881567539736,0.46233999620028865,0.49156114134173906,0.7188280823045144,0.381051760618145
AIT-2025-01-003,MRVL,-0.080322738331781,0.12685318620192193,0.7177563111749578,0.6947033367729548,0.508471743783329
AIT-2025-01-003,META,0.0024979527165839657,-0.1071176127803598,0.6160676245496837,0.9090286426935781,0.7099522676307205
AIT-2025-01-003,MCHP,0.4443818280902435,0.3536367329846895,0.9458123916798368,0.9593025805337351,1.1809057609064089
AIT-2025-01-003,MU,0.5587315624178998,0.11722049262770787,0.6464356276960954,0.2821169521419669,-0.027457595689784654
AIT-2025-01-003,MSFT,-0.2057333697073377,1.1666756812905663,0.7385207285094445,1.0793216205814793,0.6875881836312869
AIT-2025-01-003,MPWR,0.16895965271690971,1.770723327671672,1.5076944894700277,0.9880768131974609,0.8788875089172867
AIT-2025-01-003,NVDA,-0.7432090812703778,-0.8581170125111939,0.043129598498766,0.2654972406069172,-0.3378270010414652
AIT-2025-01-003,NXPI,0.010549549404902861,0.7102381477845611,0.7785327309326817,0.8885106515409464,0.8928476752423373
AIT-2025-01-003,PLTR,0.7353133315414362,0.3910396883295411,0.5332676846952706,0.7881312044209601,1.0041171348672195
AIT-2025-01-003,PANW,0.4665505712365065,0.2340896226261314,0.109405665710725,0.09235312864321053,0.22466356394379688
AIT-2025-01-003,PDD,-0.47822927567371554,-0.32312221925223317,-0.24034826045547153,-0.14757031099036036,-0.09672768145884164
AIT-2025-01-003,QCOM,-0.3139513967715014,-0.26630894282801876,0.019220542748682637,-0.28829327267130467,-0.23227965215791052
AIT-2025-01-003,ROP,0.9941097617489425,0.5486280753942209,0.39085844638121525,1.028028772666775,0.6665704123276425
AIT-2025-01-003,STX,0.6405192468961478,3.2024018706157804,1.8894180708650439,1.4240907906866684,0.7892626370231115
AIT-2025-01-003,SHOP,-0.49303316622848076,-1.0833115753698355,-0.4987494310412987,-0.22848666264751072,0.13279502846352761
AIT-2025-01-003,MSTR,0.479987982958644,0.5701270435222137,0.47135742540435066,0.1715068618030403,-0.14194707224031608
AIT-2025-01-003,SNPS,0.30889366814330826,0.5579436391667734,0.907704641095057,0.43320474773525036,0.163478203091937
AIT-2025-01-003,TXN,0.07245087801800042,1.5188815440750565,2.069864315759748,1.2424255726825957,0.5814156676282776
AIT-2025-01-003,TRI,-0.02508076220257675,-0.2187923685681213,-0.33495816277508483,-0.05616492365319056,0.5189595265683797
AIT-2025-01-003,WDC,-0.17185835964019208,1.0602453911627476,0.8268919640468221,0.9973485590162414,0.7233970368207298
AIT-2025-01-003,WDAY,-0.016646507773778945,-0.24446755682937793,0.009566396571402588,-0.3075726704666317,-0.09948650425831762
AIT-2025-01-003,ZS,-0.1672098254214354,-0.7039437688215235,-0.3265948763292656,-0.5457855326517169,-0.3593843019247195
AIT-2025-01-005,ADBE,0.7457500134505302,1.362470329466687,0.7853977510918728,0.46572719461647816,0.27136771636102824
AIT-2025-01-005,AMD,-0.4463088342473698,0.49045432037417236,-0.12169542594911364,0.3395360550886112,-0.15637690126727555
AIT-2025-01-005,GOOGL,-0.09866946678489108,0.7313858105341156,0.2906667597714534,0.7865670359439286,0.4581804312362223
AIT-2025-01-005,GOOG,-0.23557145182808636,0.4075733747665409,-0.12266585412598201,0.4722099664390086,0.11744981447917734
AIT-2025-01-005,ADI,0.11740954480191695,1.5182529245256506,0.6604123051105807,0.5695072261649882,0.8545196796948115
AIT-2025-01-005,AAPL,0.4107145231083471,1.337494282441499,0.8996620201019069,0.1277117252576378,-0.07049507654854775
AIT-2025-01-005,AMAT,0.4016892103717053,1.3171190290471446,0.4486081230148167,0.028297539638748977,0.3680945707758624
AIT-2025-01-005,APP,-0.17663571247442977,0.4522292136721495,-0.03697602221566502,-0.06421455168846495,0.6876708844904201
AIT-2025-01-005,ARM,-0.29298788443960255,0.2919577612917255,-0.44625339118204116,-0.24038187481809511,-0.44195338528369893
AIT-2025-01-005,ASML,0.4043869481284346,2.049870201478643,1.5951311211603791,0.81147266072174,0.5299269749248458
AIT-2025-01-005,ADSK,-0.047649276304530454,0.29891930219133567,-0.11052913500075112,-0.27767575911308345,-0.10482921729056983
AIT-2025-01-005,AVGO,-0.20461044225003677,1.9232409414344773,0.9960316044544708,0.4453833685206513,0.023530281970850903
AIT-2025-01-005,CDNS,-0.11135843996293499,1.3228911274149127,0.15271783778295292,-0.37849450505246873,0.3323397526905089
AIT-2025-01-005,CTSH,-0.20920866150445416,-0.22056838070092843,-0.20607628493491068,0.304281637288219,0.4586049454337481
AIT-2025-01-005,CRWD,-0.40331786714126255,0.5781188540996461,0.056739183858445986,-0.20020479693518806,-0.1988165866662298
AIT-2025-01-005,DDOG,0.1427257188216463,1.3849136150424046,1.2213816308839276,0.8396619630644625,1.1884753939659898
AIT-2025-01-005,DASH,-0.47595131950176905,-0.36107886479190887,-0.4297668019823749,-0.4184779007164462,0.2636207705177081
AIT-2025-01-005,FTNT,-0.21402042018926204,-0.09080078839688512,-0.19440771448614735,0.15602540504445417,0.19991892783983536
AIT-2025-01-005,INTC,0.22175792972485964,0.5984008592661247,0.893993327021635,0.4725090142636963,1.2405663045115036
AIT-2025-01-005,INTU,1.1629019914150083,0.918765711588631,0.6696215574793739,0.6649027346087061,0.9065303205231915
AIT-2025-01-005,KLAC,0.8548701012114889,1.7318790848583938,1.118087834825656,0.5137001442865285,0.20850309465921557
AIT-2025-01-005,LRCX,0.20186908231848216,1.1022908824960986,1.2317044876436258,0.6685499162706409,0.4948367872753412
AIT-2025-01-005,MRVL,-0.048131596760389236,2.3147285261023605,1.2127656382388232,0.9038606459219948,0.6553225416304176
AIT-2025-01-005,META,0.07626941270092347,1.7491783748311533,1.6149265551542582,1.0797357728504837,0.8425651713654622
AIT-2025-01-005,MCHP,0.4344438077043212,1.7396841921709538,1.1295260665947682,1.4256323787695548,1.372538746072657
AIT-2025-01-005,MU,0.02672536154389253,1.7387089766899937,0.6456528723671443,0.006431384289831729,-0.15324263153708179
AIT-2025-01-005,MSFT,0.26855062659071854,1.3991360087962765,1.658572640035244,0.9306147144204208,0.8224473114782775
AIT-2025-01-005,MPWR,0.7497145752617811,1.8438652041858288,0.7357055976109317,1.1312510084104923,0.795075020153453
AIT-2025-01-005,NVDA,-1.0745844002065463,2.19533736727891,1.2577294216285508,0.4372536566501715,-0.2869589805416003
AIT-2025-01-005,NXPI,0.07807968462503818,1.1661392151088983,0.9974835570989332,0.9667887478852344,1.0681741976056291
AIT-2025-01-005,PLTR,0.3581901410684545,0.6358794714897074,0.6012874304643664,1.1620208168355657,1.3228666386307393
AIT-2025-01-005,PANW,0.2924510653123506,0.7199227751075191,0.2930695167928277,0.039495760856307946,0.2537846137155745
AIT-2025-01-005,PDD,-0.4189341635642476,-0.08138278176509384,-0.1668411131802425,-0.08718813430537156,0.07993678930506312
AIT-2025-01-005,QCOM,-0.3438226169827037,0.9036054032754604,-0.08563135155413726,0.09015311712962558,-0.11523180712613479
AIT-2025-01-005,ROP,0.653372374921259,1.1083082640273862,1.6146995784379168,1.1615233772659985,0.7798008341302224
AIT-2025-01-005,STX,1.5703033583985873,1.349235926679721,1.0554198192778466,0.6360962283585938,0.4699233356500475
AIT-2025-01-005,SHOP,-0.5667328846704167,0.3068128030534551,0.1944925275217778,0.13150126273046234,0.401297843663128
AIT-2025-01-005,MSTR,0.42098773528212036,0.03048675549140467,-0.08286822808553783,-0.2535282313804779,-0.20120192911392337
AIT-2025-01-005,SNPS,0.5249353863892366,1.5566443211530272,0.41961904870212346,-0.0658495435607199,0.25955975203506476
AIT-2025-01-005,TXN,0.8407821123526351,1.8971076301545189,0.7856115397168629,0.4289883420868199,0.3964880140184582
AIT-2025-01-005,TRI,-0.14818423471208633,-0.25450803253965526,0.02544521257568109,0.5826824405472305,1.0814402260114246
AIT-2025-01-005,WDC,0.31487695917986464,0.9065061568990525,1.338857014199217,0.7346514563991391,0.8343294422653462
AIT-2025-01-005,WDAY,-0.05451041041008925,0.3687501559589841,-0.3504283144491594,-0.13793904472900587,0.04702189327857244
AIT-2025-01-005,ZS,-0.3544862680987144,0.5875113151808202,-0.31772028161370924,-0.4296699055056525,-0.1809464815252831
AIT-2025-01-006,ADBE,0.5507328199422479,0.7680569457497812,0.5341744282593005,0.36553788706246115,0.16095219768641225
AIT-2025-01-006,AMD,-0.6483890340639822,-0.10597209080809765,-0.06595656513491588,0.19118526731753674,-0.26012317844006144
AIT-2025-01-006,GOOGL,-0.13090604465334021,-0.4272247490741337,0.31646268012738354,0.6175428049020903,0.43907922955067397
AIT-2025-01-006,GOOG,-0.3877337037814518,-0.5885501133793157,-0.06375114937286057,0.3066115090953393,0.11067856226365465
AIT-2025-01-006,ADI,0.10579394770380163,-0.025346936365037154,0.4731311142803824,0.29893590585316265,0.7427601337676986
AIT-2025-01-006,AAPL,0.3708843205802175,0.38201465958095954,0.5737058398143952,-0.011082419699599859,-0.16897431317586453
AIT-2025-01-006,AMAT,0.38449105774303394,0.32479456063426604,0.02956129980595777,-0.24707349703981418,0.2530111424506182
AIT-2025-01-006,APP,-0.2662790069340317,-0.10240465974109803,-0.07141037671094143,-0.12151216620705725,0.849242182581164
AIT-2025-01-006,ARM,-0.124216786473531,-1.0532597526223177,-0.6961389530219463,-0.45552144898431873,-0.5431501459979436
AIT-2025-01-006,ASML,0.39660842933867296,2.053839364829309,1.2028775980097364,0.538446502084438,0.40645335034797403
AIT-2025-01-006,ADSK,-0.3222513815716027,0.04421372516833699,-0.2745350736682772,-0.28797961229117164,-0.12160981780329794
AIT-2025-01-006,AVGO,-0.19382346795419522,0.8679932951115121,0.5349513562666971,0.14513787824415839,-0.12125748477411105
AIT-2025-01-006,CDNS,-0.10083890832172046,0.16836105674533441,-0.3501814008361252,-0.6711033683980012,0.30174460929244323
AIT-2025-01-006,CTSH,-0.433817385165269,-0.9606176160534117,-0.14605211665430892,0.30933741979121937,0.4395958804441631
AIT-2025-01-006,CRWD,-0.44566580489344343,0.6731961814331614,-0.019388577162148507,-0.27392701888956916,-0.21015245374373154
AIT-2025-01-006,DDOG,0.16037521653096082,1.7863492109010952,1.0349665394143825,0.7435237467912793,1.2070842360993121
AIT-2025-01-006,DASH,-0.4607052591578269,-0.5289995335625993,-0.464491390002752,-0.2470552202594514,0.31082120713050926
AIT-2025-01-006,FTNT,-0.2115101907538134,-0.4462990919483614,-0.23171596250654306,0.16097997352608853,0.18405348002890537
AIT-2025-01-006,INTC,0.205592215626993,0.6373938737152226,0.7374876892829731,0.5911522927048073,1.2201395593830016
AIT-2025-01-006,INTU,1.0715188865912566,0.46145358652392643,0.5888563086666685,0.6299798289242291,1.0039131702469108
AIT-2025-01-006,KLAC,0.7011962629674279,0.2467457671922736,0.7500348988618485,0.18959949000734497,0.12451824740517756
AIT-2025-01-006,LRCX,0.11426912081575197,0.7008485724992861,0.9170848855190622,0.4757211961171851,0.43050623764106677
AIT-2025-01-006,MRVL,-0.08069982975591085,1.2493955415770808,0.8076437625827443,0.5824883543562221,0.5365253548913506
AIT-2025-01-006,META,0.06542026367911229,1.3703733642937852,1.2932861754664062,0.8856954842442465,0.7496912087263149
AIT-2025-01-006,MCHP,0.5124797654876274,0.40135573082122933,0.9902541647807749,1.2688248565341413,1.2976311608653095
AIT-2025-01-006,MU,0.015417098423367566,0.8835340099608823,0.08032125371593335,-0.31498790837744506,-0.25568943564168745
AIT-2025-01-006,MSFT,0.1660490154750836,0.7190911651886229,1.3562142265245363,0.7250807506195867,0.7246639705066908
AIT-2025-01-006,MPWR,0.7343416691623879,0.2976468244005912,0.4766973514891353,0.9254894386691682,0.6795344080494138
AIT-2025-01-006,NVDA,-1.0292960387950894,1.4743269946812267,0.763936340655856,0.08654390371270955,-0.392274303098561
AIT-2025-01-006,NXPI,0.10132550166752302,-0.05197796831180557,0.9045739145918926,0.6693133535558325,0.9976775495427664
AIT-2025-01-006,PLTR,0.34763380140425565,0.2016546610575036,0.9532323817042236,1.1918495397179951,1.3349826698034886
AIT-2025-01-006,PANW,0.14315981348177276,0.8662477288539783,0.2662360423412025,0.031861098847183196,0.17085765113442514
AIT-2025-01-006,PDD,-0.3499946748503906,-0.7483478099447584,-0.12623307119066304,-0.14152706344971902,0.05795922213472531
AIT-2025-01-006,QCOM,-0.3669149320033853,-0.5156785491357871,-0.534557450821285,-0.11215406048483854,-0.1831078049709035
AIT-2025-01-006,ROP,0.5274323011869682,0.9965065022379896,1.6216609324021551,1.0823233477928522,0.7544958418081092
AIT-2025-01-006,STX,1.68843298396643,0.7363585538328858,0.9087925591730343,0.48759686777262234,0.381558266612232
AIT-2025-01-006,SHOP,-0.6607693054293393,0.8194006746795083,0.288701526461668,0.44509303190583227,0.387561207330118
AIT-2025-01-006,MSTR,0.4929559698079772,-0.5497833340068174,-0.25551412449979316,-0.35444837706086135,-0.20719584347969133
AIT-2025-01-006,SNPS,0.41840925596076217,0.6569946402314053,0.1029325018096149,-0.39395168149223847,0.23550568784976159
AIT-2025-01-006,TXN,1.0767665198345464,0.44334330331332567,0.4475210509994105,0.13491341277140678,0.2912156012435251
AIT-2025-01-006,TRI,-0.2589204487161681,0.07873604761734322,0.2560741084006471,0.7114295573081933,1.1595640286328264
AIT-2025-01-006,WDC,0.391975254191719,1.3185675009849818,1.199663946740729,0.7865330631061762,0.8263750735652522
AIT-2025-01-006,WDAY,-0.08362323460817195,-0.37981884916869785,-0.5335994781390153,-0.14276164140103867,0.1198880387338643
AIT-2025-01-006,ZS,-0.5023800114696505,0.6046796626428494,-0.4857000660789481,-0.43649752926919577,-0.23584963686018395
AIT-2025-01-007,ADBE,0.5801338101934317,0.7326234607413675,0.17886601783451203,0.20409811467877104,0.07249789677928462
AIT-2025-01-007,AMD,-0.44874376166198804,-0.30542710029630465,0.7399285335169784,0.11568089733288316,-0.17080381491321434
AIT-2025-01-007,GOOGL,0.13101799832447744,0.5692682613520815,1.3735423902931359,0.5990889621256572,0.7125709027367202
AIT-2025-01-007,GOOG,-0.14267747033493958,-0.04862676551256185,0.9940206109373921,0.31646500740421013,0.37267502666804564
AIT-2025-01-007,ADI,0.4269381036310714,0.8136524093769439,0.681816747473408,0.3510935200468861,0.9338013034357437
AIT-2025-01-007,AAPL,0.8172197664307007,1.4091547723381228,-0.00717764326088723,-0.14357775319414323,-0.21556736738005153
AIT-2025-01-007,AMAT,0.7906048078111011,-0.04892213218436434,-0.4237074864046743,0.04071330037595355,0.4003432163980259
AIT-2025-01-007,APP,-0.1357255622663001,-0.35293828161157315,-0.24311835403487195,0.5136413247981552,1.1285991721426434
AIT-2025-01-007,ARM,0.1500355964652188,-0.33507807916384913,0.13041185663678914,-0.23092119679110512,-0.4603429764796594
AIT-2025-01-007,ASML,1.1077021572687764,0.6883169395779755,0.19911834586910435,0.10935291351963708,0.26416096370520364
AIT-2025-01-007,ADSK,-0.3411693158571554,-0.16543600653948673,-0.5283886943577719,-0.39336214514393825,0.13926420754041552
AIT-2025-01-007,AVGO,0.44386723486211854,0.3730585382128056,-0.018249573145627307,-0.3135921513191319,-0.16761397158548785
AIT-2025-01-007,CDNS,0.161356920823319,-0.4620365471426148,-0.8997936109079955,-0.6998123924254422,0.39979651070438493
AIT-2025-01-007,CTSH,-0.5314286498959757,-0.0774308771126784,0.5780711964475174,0.4271576082692809,0.6064335556729239
AIT-2025-01-007,CRWD,-0.15899822204125036,-0.2465522363477169,-0.37704680829129694,-0.5070547385461391,-0.25629092640559803
AIT-2025-01-007,DDOG,0.6234007553407961,0.796001312706199,0.459537339128998,0.9756574260166194,1.0802857948939864
AIT-2025-01-007,DASH,-0.38410930536060006,-0.14701780479835058,-0.5373282808043373,0.4145039926025621,0.5439974262926717
AIT-2025-01-007,FTNT,-0.3815304032152342,-0.007998449476399008,0.42224070679569575,0.22138112358363857,0.2545112038455142
AIT-2025-01-007,INTC,0.5421604139543802,1.0317208907955646,0.2444105782157042,1.113041016798534,1.302389565704809
AIT-2025-01-007,INTU,1.0136258207666502,1.028792673481884,0.7881143651977865,0.6761812206883199,1.1458177971279357
AIT-2025-01-007,KLAC,0.746886828693421,1.0731216042932845,-0.06373576070282228,-0.20325567974303096,0.13001954467618124
AIT-2025-01-007,LRCX,0.5517914988383797,1.1159651963878066,0.24668957330251318,-0.03610880113457956,0.4251603777215687
AIT-2025-01-007,MRVL,0.7326575274803061,0.5074481081875394,0.6572751372066016,0.4267520739701088,0.6615305425739445
AIT-2025-01-007,META,0.5508929146846333,1.260106177073621,0.7564669293877987,0.49555062053027704,0.5333510781272854
AIT-2025-01-007,MCHP,0.7120323174328909,1.409230391866222,1.7574558571022465,1.230488911340503,1.5148144179220333
AIT-2025-01-007,MU,0.38374675438916095,-0.14905042621593498,-0.5823129017799658,-0.5155573637214861,-0.3284710249019906
AIT-2025-01-007,MSFT,0.6089371663113448,1.4732858947415761,0.4787759673113663,0.4057884978036421,0.6242142178297034
AIT-2025-01-007,MPWR,1.025438480796173,0.5539444207150547,1.3205051287491585,0.8092644361970932,0.8103516488948692
AIT-2025-01-007,NVDA,-0.0025573977432523038,0.6755935376520699,-0.06135461036333117,-0.5605096197268676,-0.40948157294543136
AIT-2025-01-007,NXPI,0.3585122828009003,1.483218920855072,1.2061489951704827,0.8209277577315763,1.1893004288722717
AIT-2025-01-007,PLTR,0.35473472873452977,1.2868085480079445,1.7322842121952953,1.302762386013058,1.5370840780839785
AIT-2025-01-007,PANW,0.21254193840443242,0.10043977343653608,-0.16453773316925244,0.2572022326330607,0.08687377298333225
AIT-2025-01-007,PDD,-0.3090329357663216,0.2948579008889416,0.13037814920772006,0.005534448863557539,0.11250953334798298
AIT-2025-01-007,QCOM,-0.16773243571611063,-0.18175937374042606,0.30266838124566114,-0.22629237272909383,-0.01860793145773097
AIT-2025-01-007,ROP,0.5509339584017635,2.003143718514923,1.0820319079894543,0.6427974687399427,0.6788165127344671
AIT-2025-01-007,STX,1.692006961696096,0.830202429970255,0.4350578801448845,0.32840797058497817,0.43832210693180684
AIT-2025-01-007,SHOP,-0.4415780820358773,0.20751194869859266,-0.060921044538580986,0.5319005866317993,0.3076309440641232
AIT-2025-01-007,MSTR,0.33867714224343787,0.17309749146471454,-0.19100093531998055,-0.3996140304641241,-0.023439633778055073
AIT-2025-01-007,SNPS,0.727506732783916,-0.009399463716611378,-0.47554348631284166,-0.41893240090135914,0.4484687073208879
AIT-2025-01-007,TXN,1.4506886082545956,0.571115893193941,0.32505483463621654,-0.1021779278106672,0.3857431111073314
AIT-2025-01-007,TRI,-0.47942962417126744,0.4391377672482583,1.0681286366353842,1.1322039009024936,1.2603881641596875
AIT-2025-01-007,WDC,0.9042146952938324,0.8631658958452607,0.021939436089593572,0.45854536334218726,0.6879241280799306
AIT-2025-01-007,WDAY,-0.2546425777314065,-0.5012592185904641,-0.014495135488919767,-0.13560837128334063,0.22494536739464893
AIT-2025-01-007,ZS,-0.22646000925709528,-0.8314986547094396,-0.6772965395218415,-0.3943969346837056,-0.2070666300449846
AIT-2025-02-001,ADBE,0.038069754376806916,-0.20533931974310662,-0.20398292774816137,-0.14652858905295194,0.3943372204126599
AIT-2025-02-001,AMD,0.2827499982004873,-1.0652904524789364,-0.6815328279443728,-0.3387985181259514,-0.49656132839535483
AIT-2025-02-001,GOOGL,0.6558020610234511,-0.5458140449971506,0.5572287486211674,0.9907316004035511,0.9692527902829204
AIT-2025-02-001,GOOG,0.4823577868928065,-0.8603740732577448,0.11215590339911996,0.622573010528536,0.6058135002517073
AIT-2025-02-001,ADI,0.23314056376764006,2.5471841372844324,1.5468519881896974,1.374639729302023,0.895069687327504
AIT-2025-02-001,AAPL,-0.512779376525112,-1.1637839252270936,-0.4469733243736957,-0.28880390311220816,-0.038032069939391094
AIT-2025-02-001,AMAT,-0.009193937610863524,0.15603244910072045,0.33524324975386105,0.6075067323578964,0.3318629380967546
AIT-2025-02-001,APP,0.6956093246975757,1.2069653562687654,1.860971579340987,1.8030733774849856,1.881849828217868
AIT-2025-02-001,ARM,-0.1829702438099883,-0.7747719600008149,-0.82012249021309,-0.6067712310765294,-0.6038594000004579
AIT-2025-02-001,ASML,-0.08924823475591642,-0.07492901554017808,0.09743638178989938,0.3943806586559154,0.23013497695878882
AIT-2025-02-001,ADSK,-0.39175253471512583,0.2398913319985475,0.18922422449353885,0.7814872648860589,0.7855575626530215
AIT-2025-02-001,AVGO,-0.5025795694535047,-1.035937020473217,-0.31812206165889695,0.012658313663174582,0.297829701968045
AIT-2025-02-001,CDNS,-0.7370783048536176,2.8297954883945162,2.1789084093494897,1.5047920676505766,1.2547822442948597
AIT-2025-02-001,CTSH,0.5712625973599882,-0.16862615499263212,0.6253735046880048,0.6835837890899925,0.7046721596905701
AIT-2025-02-001,CRWD,-0.6224657068220295,-0.26890492143279976,0.06924706322792938,0.33637646250987285,0.36240564865395397
AIT-2025-02-001,DDOG,0.9473633601383595,0.795024038553367,1.2374282156115117,0.9277601241523897,0.8503297869494194
AIT-2025-02-001,DASH,0.5694953901154542,0.8793381313440061,0.6198035193949748,0.6777328622479587,1.2569951299233177
AIT-2025-02-001,FTNT,0.26952582814002674,0.5820328438724808,0.2408798879049723,0.23876843349396076,0.13665201800712837
AIT-2025-02-001,INTC,1.060116188822763,1.91851149662664,1.1734632107171172,1.3262153188551329,1.3782696086259567
AIT-2025-02-001,INTU,0.5037095542588058,1.495713607613441,1.7793661211603038,1.4694698218503532,1.088334047257647
AIT-2025-02-001,KLAC,-0.5132863888291821,-0.07122818525868004,0.1830729903003904,0.3554643993382273,0.2810022890479822
AIT-2025-02-001,LRCX,-0.31958666456652757,1.040984304570512,0.7554010879901011,0.8960777537746825,0.5379381944311495
AIT-2025-02-001,MRVL,0.3537474162061051,0.05620667490473644,0.6218953652631706,1.1860099716671628,1.3620131913996008
AIT-2025-02-001,META,0.38571499516334595,0.5227179920685013,0.7110516952664018,0.6182517800496178,0.7669691331506149
AIT-2025-02-001,MCHP,1.0917551338191736,2.5043840899725875,1.606665121397439,1.6765057092262508,1.0803897639796953
AIT-2025-02-001,MU,-0.6137396428456652,-0.6418896136241502,-0.439384173376049,-0.26922853840033184,-0.19779171646916313
AIT-2025-02-001,MSFT,0.13087706057275833,0.7004631678174905,0.8419718001396453,0.8820758970385196,0.7475809373227481
AIT-2025-02-001,MPWR,0.7683660189928133,0.2889126003166049,0.6344982364086816,0.7350434475213343,0.6669569467752013
AIT-2025-02-001,NVDA,-0.7764890374614826,-1.6273054126964819,-0.6689986452256544,-0.01666251654460139,0.09165916588424626
AIT-2025-02-001,NXPI,0.667714543820674,2.0799782733798042,1.4922705052541572,1.4781189130613652,1.022903968310762
AIT-2025-02-001,PLTR,1.240086008230542,2.5013941319965443,2.013995163443617,1.7762647985010163,1.5821219595858043
AIT-2025-02-001,PANW,0.31128081775792105,0.19110463310060646,-0.27845036739043305,-0.22543070875562102,-0.40087380919197824
AIT-2025-02-001,PDD,-0.05919584232026303,0.06374353212160419,0.3919057803179944,0.09159701951402233,-0.11040619398586973
AIT-2025-02-001,QCOM,-0.24000515550810889,-0.5573526666576434,0.11623874167468322,0.18783010520966956,-0.08056631300749639
AIT-2025-02-001,ROP,0.3124426591079738,-0.0220164361426751,0.5758929631957338,0.7904007016655531,0.5206490897618364
AIT-2025-02-001,STX,0.1678657545708469,-0.8141095297451098,0.11304693929641525,0.8642192290246897,0.8119369891967446
AIT-2025-02-001,SHOP,0.6243043432012205,0.2645609439413943,0.2283454080548144,0.21713568453317328,0.42346735064379776
AIT-2025-02-001,MSTR,-0.5593260675583354,-0.14995364904032388,0.34872710584650984,0.6170339249344271,0.5226902282470801
AIT-2025-02-001,SNPS,-0.5205371241962141,1.5626796675140668,1.3364602663647418,1.4046067373697453,1.2040713963726808
AIT-2025-02-001,TXN,-0.2859489954474803,1.4043759783433245,0.982932738825166,0.8941665588161253,0.6530924280110578
AIT-2025-02-001,TRI,1.2937142052148685,1.9787182582068175,1.953502273991714,1.3065931616893602,1.029972481666614
AIT-2025-02-001,WDC,0.34920023111255255,-0.061053434295676244,0.913692607807135,0.8473666733441741,0.5312154152396266
AIT-2025-02-001,WDAY,-0.06869572244530965,0.07557814762028775,0.8371354707394999,0.4913599360833087,0.21617582487522546
AIT-2025-02-001,ZS,-0.2760444200768419,0.4193549431049238,-0.08527669754777505,0.20995681463085003,0.5247259920666006
AIT-2025-02-002,ADBE,0.04429538647898704,-0.1455636228371053,-0.19593157369654882,-0.07907840873314023,0.590325690182994
AIT-2025-02-002,AMD,-0.5904392965989174,-0.5323432121413642,-0.23696630359947665,-0.30640157602857404,-0.4568795927086202
AIT-2025-02-002,GOOGL,-0.014301724537789951,1.0630852465373597,1.3332743585777467,1.1709541775796533,1.034863378413603
AIT-2025-02-002,GOOG,-0.21971558096985866,0.4496082923953436,0.9660480682524314,0.8777770432953347,0.7554073748290856
AIT-2025-02-002,ADI,0.8155313248043004,1.0916562940096304,0.9766897545994554,1.0380604805392417,0.6242592014086978
AIT-2025-02-002,AAPL,-0.5036062605148607,-0.02661002645241906,-0.12006351495651335,-0.020700259928890172,0.1605586337970124
AIT-2025-02-002,AMAT,0.45670925282566227,0.7493373161674801,0.8016028798259799,0.6272708707631814,0.4043223200546204
AIT-2025-02-002,APP,1.1116342550353249,1.6908642765423525,2.1974206459843075,2.207728716070628,1.9284815400053348
AIT-2025-02-002,ARM,-0.6436862732774612,-0.7005113650239503,-0.7022172653416523,-0.4697708854076714,-0.739870855663546
AIT-2025-02-002,ASML,-0.020102906402521173,0.2691051599390335,0.5133378130042002,0.49850969114705834,0.2342668360119627
AIT-2025-02-002,ADSK,0.1457053631662888,0.27401254452229185,1.0246412814653512,1.0837186947476996,0.8123151939818795
AIT-2025-02-002,AVGO,-0.6685483525488185,0.4109558793673296,0.3058147240759228,0.634854900241487,0.4879862495181111
AIT-2025-02-002,CDNS,0.5032684881111309,1.8020180067516207,1.208448706291091,1.100063276217931,1.0741095048027849
AIT-2025-02-002,CTSH,0.44526933837544497,1.4090578191325565,0.8276273704297488,1.0177082614342992,0.9040663570749051
AIT-2025-02-002,CRWD,-0.5490679080706473,0.336136455986819,0.060666503556080935,0.550286322905308,0.39760086008393114
AIT-2025-02-002,DDOG,1.2889527085405912,1.5541895059111586,1.0427496164944365,1.0197797383191671,0.7933589176768268
AIT-2025-02-002,DASH,1.2408394996327032,0.40921086683307983,0.8298911155313188,1.1750586603274653,1.7630765400442048
AIT-2025-02-002,FTNT,0.4790915043622721,0.20969579251407358,0.10778611392555859,0.21340193703558913,0.09660455234398588
AIT-2025-02-002,INTC,1.9359836764635507,0.8395488372562834,0.979382308426143,1.0626912121488545,1.2020493019493506
AIT-2025-02-002,INTU,0.6964863673592098,1.606495142082863,1.6831563581200826,1.3178235791997743,0.9444135431029628
AIT-2025-02-002,KLAC,-0.2247889752730723,0.36911485477093564,0.6264656838669214,0.5512725625764884,0.3389376802739497
AIT-2025-02-002,LRCX,0.09037880965276075,0.8297886051101314,0.9192826969512718,0.8751337735201894,0.4508162913720901
AIT-2025-02-002,MRVL,0.20802064315524474,1.494306561244474,1.4267448144562753,2.0471366562462503,1.3511842420587064
AIT-2025-02-002,META,0.5212177929377887,1.0612323266465626,0.5471344834694275,0.7810901038459341,0.912817210982418
AIT-2025-02-002,MCHP,1.2316695024026398,0.9839595675104067,1.4234782236973664,1.384986658857624,1.0662634207784034
AIT-2025-02-002,MU,-0.3757318411441209,-0.5556685014047928,-0.1156162695969527,-0.1583997825339943,0.10825474934482274
AIT-2025-02-002,MSFT,0.4181062647437262,1.2072021557769799,0.8590311729353521,0.9094197308781122,0.7503919661689628
AIT-2025-02-002,MPWR,0.4316961903574257,1.1262197522945754,0.9638068642614733,0.8996008204356503,0.7965603334698396
AIT-2025-02-002,NVDA,-1.1116926559270677,-0.22048107875828543,0.4954243336999111,0.4938447451865683,0.24565323287047502
AIT-2025-02-002,NXPI,0.8537847379701767,0.9349373195429145,1.23295222097477,1.272291896027278,0.7379762294242129
AIT-2025-02-002,PLTR,1.195195086015442,2.0261584316639834,1.5439728823727592,1.5136671467018223,1.3906061099543234
AIT-2025-02-002,PANW,0.6781737428177002,-0.23374874302088375,-0.40436764615516835,-0.2788446983718202,-0.41176707217031044
AIT-2025-02-002,PDD,0.026180262983433015,0.6287932182633278,0.07281968508409621,-0.14560969454105516,-0.0519002230656845
AIT-2025-02-002,QCOM,-0.6413127844192502,0.24808634464474308,0.41140283070814393,0.25816086947803996,-0.12686466962122683
AIT-2025-02-002,ROP,0.10697164400136944,1.030018640210563,0.9858672957696974,0.8845973366196105,0.5895168853763617
AIT-2025-02-002,STX,-0.13535327752251514,1.2137643943409004,1.0275994988019603,1.4669246647576506,0.8390767731662822
AIT-2025-02-002,SHOP,0.7145948015640702,0.4636824361483409,-0.04982183253518686,0.44919203260069857,0.4305813410167775
AIT-2025-02-002,MSTR,-0.503515685897512,0.832372991510408,0.7601096466879534,0.9069879563675379,0.5974304307652423
AIT-2025-02-002,SNPS,0.13202763193196249,1.3460594496245384,1.532729989990534,1.3273313052952598,1.154903839596221
AIT-2025-02-002,TXN,-0.07529273647617964,0.9922992790076482,0.8565156277716555,0.8635223337841967,0.5845471298913628
AIT-2025-02-002,TRI,1.1997390463105178,2.3353524976152955,1.3497196281840962,0.9736270875935719,0.8058334851178797
AIT-2025-02-002,WDC,0.6225418191278611,1.8529859732412965,1.0942228410013366,1.0969112194694965,0.4519243376899747
AIT-2025-02-002,WDAY,-0.1834187480573299,1.3158122978997946,0.9337353008292958,0.4629121451730281,0.20278195855876366
AIT-2025-02-002,ZS,0.08633950910151089,-0.3509246096845611,-0.2203554630653984,0.6619609512840477,0.42282458651620736
AIT-2025-02-004,ADBE,0.5104835066946898,-0.0815970556533993,0.17246677896737206,0.05022207902198595,-0.021542690964071843
AIT-2025-02-004,AMD,-0.34935789216852914,1.7011561381653642,0.23103883779329284,-0.20734358395995633,-0.2502657453935506
AIT-2025-02-004,GOOGL,0.24633484093111294,1.7356124830429882,0.7713243161278996,0.294703866704868,0.7105636906540709
AIT-2025-02-004,GOOG,-0.2388471579348418,1.5702596942444231,0.642536667756867,0.07466713477519124,0.41293388067803266
AIT-2025-02-004,ADI,0.4868481778530953,0.4743728972556386,-0.013128912869780462,0.7725797276448454,0.9486106604100095
AIT-2025-02-004,AAPL,0.7576625035011084,-0.985839049112222,-0.6297571049316039,-0.5944634572974276,-0.3534928690088965
AIT-2025-02-004,AMAT,0.38400681800390896,-0.811595765497263,-0.4401078398878855,0.2583995989633652,0.4782462954175869
AIT-2025-02-004,APP,-0.15807437715044992,-0.3524656371135397,0.11114690913205649,0.8543672883781451,1.4082414087812691
AIT-2025-02-004,ARM,0.2002618721275066,1.1675039108837395,-0.3344231087818447,-0.315398347335605,-0.4433619141642096
AIT-2025-02-004,ASML,1.2113809576617243,-0.213428123962701,-0.2951940016250357,0.007606675197410443,0.263642664512433
AIT-2025-02-004,ADSK,-0.27224286497367617,-0.885424195027454,-0.25564450411933043,-0.09485578261642248,0.3199521754764452
AIT-2025-02-004,AVGO,0.5826176386721371,-0.13801714564448211,-0.4369032720121691,-0.555204248232511,-0.09297357749948316
AIT-2025-02-004,CDNS,0.04252258521593615,-1.486096164444782,-1.0730353271929747,0.09550646471729131,0.601266572384957
AIT-2025-02-004,CTSH,-0.5170161853934405,1.3419616893240076,0.679930311704005,0.5568154617225645,0.6702456684322353
AIT-2025-02-004,CRWD,-0.17453876261824158,-0.5685353935564922,-0.680477516913926,-0.5189101629626927,-0.030240582908099067
AIT-2025-02-004,DDOG,0.808065918667663,0.37047360261213524,0.5731531350694624,1.1757053925745258,1.0943387592908584
AIT-2025-02-004,DASH,-0.43893351919470514,-1.1507553585395267,0.4148047737889578,0.67607169499385,0.6568641405771088
AIT-2025-02-004,FTNT,-0.2745834424596615,0.3991322371830802,0.5115839170005398,0.43968372929361177,0.2988970413995527
AIT-2025-02-004,INTC,0.5843264646781557,-0.2006621248537394,0.6818464322265222,1.5761710521377479,1.4005079244033283
AIT-2025-02-004,INTU,0.6229619995632398,0.8118101937513255,0.6315593526985824,0.776201227627558,1.0851821764151413
AIT-2025-02-004,KLAC,0.68163459697366,-0.9671042795701127,-0.7012108307397016,-0.3470237606612454,0.05364218016625984
AIT-2025-02-004,LRCX,0.8708684044800659,-0.12324503670862344,-0.19881185094730217,0.06431324597577956,0.43554738717235997
AIT-2025-02-004,MRVL,0.7450866184843531,0.275758090855451,0.3201187075370964,0.25755030261524525,0.9885865322981805
AIT-2025-02-004,META,1.1104677024388458,0.517432520115929,0.3077542813674847,0.4545829437534053,0.4867049466774252
AIT-2025-02-004,MCHP,0.9053465972840967,1.7990670243280111,1.4234763454606127,1.4447608546551005,1.5014111945255306
AIT-2025-02-004,MU,0.43185182701779834,-0.6542244721946318,-0.6157101890493997,-0.4135866014273338,-0.29978882207524743
AIT-2025-02-004,MSFT,1.1461217511046617,-0.49389771146664135,-0.03272992357471577,0.27509054819745243,0.591080946495003
AIT-2025-02-004,MPWR,0.8574355645462179,1.3959702710887352,1.1294864265964786,0.6663953252689799,0.8111476471913309
AIT-2025-02-004,NVDA,0.5900190698472366,-0.32069101640327563,-0.8120371117467742,-0.995804050017176,-0.3808018475420014
AIT-2025-02-004,NXPI,0.7839189996820358,1.3559595856824227,0.4942774009005793,0.9622064259728395,1.1403498402435495
AIT-2025-02-004,PLTR,0.530051486324679,1.429389293986448,1.3370032180184381,1.342384271154839,1.4941849401373273
AIT-2025-02-004,PANW,0.07844697343031798,-0.8385504002971786,-0.3014917201108727,0.3767184480171972,0.029789060577438492
AIT-2025-02-004,PDD,-0.2816791142718141,-0.26355789062705803,-0.2401625984288275,-0.038842262522511294,-0.0034413810340773046
AIT-2025-02-004,QCOM,-0.229737340216213,1.6586498877768778,0.1569076915396854,-0.23089745691254462,0.027075653460250475
AIT-2025-02-004,ROP,0.9197838019734171,0.5455756072895437,0.4972169076030868,0.18663134977433327,0.5487893408742759
AIT-2025-02-004,STX,1.2845158234264151,0.25018253518585126,0.12481128214684394,-0.03738863438402811,0.6221332965032351
AIT-2025-02-004,SHOP,-0.15604394576924252,-0.1694086716255643,0.7428792443021583,0.5505536590377662,0.4187513361095664
AIT-2025-02-004,MSTR,0.12113627154615797,-0.5229654345326392,-0.5469729951183152,-0.49245094953973356,0.1320135806984866
AIT-2025-02-004,SNPS,0.4395691395282777,-1.0089931313926117,-0.8082509384183297,-0.07574992345374938,0.6138905803365988
AIT-2025-02-004,TXN,1.2586019996315205,0.15614329210675024,-0.2037580134222666,-0.017853994620517358,0.38394722570595974
AIT-2025-02-004,TRI,-0.06925458403161609,2.146934621592007,1.3011365153696988,1.3559450326271922,1.255261402542857
AIT-2025-02-004,WDC,1.2038306322485999,-0.5130013549564577,0.443047823700425,0.4138494373310689,0.7391954584448828
AIT-2025-02-004,WDAY,-0.2990241139548111,1.0695002685587027,0.20073507670120658,0.05030079793738313,0.2799885440009795
AIT-2025-02-004,ZS,-0.4798032919660846,-0.5997997278411051,-0.38341617739083506,-0.053933286906066205,0.17277831190021592
AIT-2025-02-006,ADBE,0.008888693459256929,-0.6676116240820837,-0.2167270591195646,0.0819984127893544,0.6373693059132128
AIT-2025-02-006,AMD,-0.6809579892200861,-0.26116476301438085,-0.1039436041422002,-0.29944333140570156,-0.45386244453120367
AIT-2025-02-006,GOOGL,-0.048420026385700275,1.2173215929882142,1.365081430436126,1.1229316926103385,0.9380496884855527
AIT-2025-02-006,GOOG,-0.31922219394991697,1.090319452004396,1.1433520935140629,0.915800228900217,0.7138062424783451
AIT-2025-02-006,ADI,1.1660114852555712,0.5333128804865761,0.9486506775188243,0.9935506418893301,0.4756512161656557
AIT-2025-02-006,AAPL,-0.2705085677705583,-0.39788015797833365,-0.08588085008320183,0.15792525090899415,0.09096128271708355
AIT-2025-02-006,AMAT,0.6263042114668019,0.43173430485927233,0.7098097523366403,0.6386866743682276,0.2823034944844122
AIT-2025-02-006,APP,1.4397397627363364,3.1265129472748545,2.1269239565842675,2.3127935436917535,1.891871410589997
AIT-2025-02-006,ARM,-0.6465583045617372,-1.017898376516886,-0.5255231963980073,-0.34419939935706834,-0.8048513878403621
AIT-2025-02-006,ASML,0.07910509407527533,0.5287318649426126,0.6250469801424202,0.46322458594012256,0.1830735984720292
AIT-2025-02-006,ADSK,0.11308397088314497,0.7569644595007039,1.2166362591176312,1.2764417605685647,0.7292665051480941
AIT-2025-02-006,AVGO,-0.5844534808519893,-0.2284049327779722,0.2579739649305775,0.6596315467326653,0.4407283166351134
AIT-2025-02-006,CDNS,1.1483378235545376,1.2348887446243775,0.809961356455872,0.9583204049854014,0.8525585311201821
AIT-2025-02-006,CTSH,0.7165539599124662,0.31871501736508184,0.580135434114209,0.9244711087919771,0.843363750748365
AIT-2025-02-006,CRWD,-0.30718169055546024,-0.29615453016949045,0.5100106498580613,0.6342249208860409,0.35628526377143876
AIT-2025-02-006,DDOG,1.5696778012132708,1.0936294348111915,0.7295563723836805,1.0719075960004727,0.6477879381124637
AIT-2025-02-006,DASH,1.228912663657117,0.606221613875837,0.8528101899545559,1.5712061672727602,1.795208458072597
AIT-2025-02-006,FTNT,0.323448707300282,-0.23115138624194698,0.17985321410845367,0.26941951043500645,0.02117299364671642
AIT-2025-02-006,INTC,2.144369473096046,0.60699557384388,1.2872820414329118,1.1049888910660979,1.0957526966942885
AIT-2025-02-006,INTU,0.8720205017064817,2.4745798536733696,1.4537705199329336,1.1789633810927613,0.7841827174763122
AIT-2025-02-006,KLAC,-0.24751543885499316,0.7575473339098747,0.5813135850178724,0.4915588931320128,0.19815848311780235
AIT-2025-02-006,LRCX,0.112262808555677,0.5666781278184825,0.9368087263520172,0.7871843341031247,0.24600430659358521
AIT-2025-02-006,MRVL,0.1566668757235119,1.146195979793751,1.6255480013819827,2.059232352796781,1.2411933598138287
AIT-2025-02-006,META,0.5656044602516415,0.2552959685736638,0.5060181333523779,0.7384538860437495,0.8433294732147191
AIT-2025-02-006,MCHP,1.137487807850019,1.0191884611625601,1.493653048812373,1.2752591375849531,0.970768603264333
AIT-2025-02-006,MU,-0.34989416525400147,0.11094776064620654,-0.04203889940827218,-0.0181366382675428,0.2001696749516123
AIT-2025-02-006,MSFT,0.5619245046858988,0.20136472466681649,0.787962672233634,0.8877972964508384,0.5749816153094814
AIT-2025-02-006,MPWR,0.231441180527556,0.7518865240058911,0.7100200192782463,0.7035588874924437,0.7035149071120936
AIT-2025-02-006,NVDA,-1.0536977649244021,0.7965665033951754,0.742396433101325,0.6407051321694401,0.22120634778282022
AIT-2025-02-006,NXPI,1.162488812987313,0.9183066124703163,1.281334127795571,1.2093195665028829,0.6798641276105537
AIT-2025-02-006,PLTR,1.3280187266221912,1.1151385551048254,1.375927854399955,1.4225115694617239,1.288230318864444
AIT-2025-02-006,PANW,0.5930862449886398,-0.9284416499534756,-0.38453841830235946,-0.2556734831645392,-0.4317846630866707
AIT-2025-02-006,PDD,0.2930905640000151,-0.1782118029006072,-0.23857375050548077,-0.3926086829938459,-0.1374208580013476
AIT-2025-02-006,QCOM,-0.3780799518813416,0.5045333207149272,0.29104482305800433,0.19737498887399071,-0.2737669487295468
AIT-2025-02-006,ROP,0.14340322109778028,0.5695860421780218,1.0222513665849562,0.8168236351787289,0.498761922087251
AIT-2025-02-006,STX,0.12359944563669487,0.6440054248289695,1.3980628188306123,1.4706704861371662,0.8090102787563377
AIT-2025-02-006,SHOP,0.7444300214922065,-0.554314938388398,0.05508623913431198,0.48682668303371446,0.3723586550836693
AIT-2025-02-006,MSTR,-0.34077077409478707,0.4127609993145746,0.8692903975826359,0.8030058939553342,0.5212319538432089
AIT-2025-02-006,SNPS,0.46896643230972235,1.5908812229993474,1.4496589612481985,1.3631757446185395,0.9800781884355252
AIT-2025-02-006,TXN,0.22773605424817311,0.6257279009017099,0.687502138616508,0.7957444491585229,0.4799456165077395
AIT-2025-02-006,TRI,1.512081937289782,0.9674028046231608,0.6280709208231078,0.7418250379288476,0.5743597382836344
AIT-2025-02-006,WDC,0.9085448092825502,0.6924442326736144,0.743068193782038,0.7988807667362267,0.30843219360725754
AIT-2025-02-006,WDAY,0.08021267643548011,1.3546666196747923,0.40881176243966166,0.292287306475578,-0.038950366677364304
AIT-2025-02-006,ZS,0.14573051434128903,-0.8526345058489944,0.3063534140439237,0.852714063679498,0.48933128575073714
AIT-2025-02-007,ADBE,-0.048703167930657605,0.08796108710396913,-0.09960663236172423,0.47047795653757485,0.6680714988110721
AIT-2025-02-007,AMD,-0.650263114001652,0.3544412654764819,-0.11025119936992545,-0.308401209832191,-0.4421137707721054
AIT-2025-02-007,GOOGL,0.16159600840419822,1.6452462917957908,1.259967494941885,1.0945581140585041,0.8883173406042488
AIT-2025-02-007,GOOG,-0.16722026391146555,1.4360401389972202,1.0412928694892798,0.8012444098102992,0.702250812336756
AIT-2025-02-007,ADI,1.3359400905745278,1.155321367665142,1.1738340429646072,0.9690214144948963,0.47517607287978486
AIT-2025-02-007,AAPL,-0.305775312093575,-0.07665896254848723,-0.08111178201877946,0.23271109771729917,0.06592436424906697
AIT-2025-02-007,AMAT,0.8572890893430185,1.259478866952212,0.8525995588280666,0.6678485441927414,0.3200744447480708
AIT-2025-02-007,APP,1.668613798589335,1.8626804269697192,1.906053310984456,2.0482232727909486,1.8558045704319246
AIT-2025-02-007,ARM,-0.5005937148192713,-0.7487364662381244,-0.3735201428307975,-0.27349199540205366,-0.7664193982572444
AIT-2025-02-007,ASML,0.16661939198088788,0.7554880862276627,0.6290207904048202,0.45960836237403746,0.1694996625890733
AIT-2025-02-007,ADSK,0.18695657709943958,2.2618492665548837,1.3022230852308598,1.3043236822121036,0.7224533962841755
AIT-2025-02-007,AVGO,-0.4565442798866972,0.404387337277666,0.5904226532197888,0.7040131527471377,0.47904413163214404
AIT-2025-02-007,CDNS,1.4312370584545813,0.8734539524557332,0.7890169313651784,0.8995140395007941,0.7679439592836853
AIT-2025-02-007,CTSH,0.7474411512692545,1.211546000359812,0.7252541682194212,0.9994157306239213,0.8741325376010716
AIT-2025-02-007,CRWD,-0.18972792096956442,-0.2208048170772979,0.6419732507243286,0.6686521565434509,0.3362470900032142
AIT-2025-02-007,DDOG,1.793687344473968,0.8192760153552194,0.6672539911174322,1.0417514578075266,0.569836115599634
AIT-2025-02-007,DASH,1.0878389283997378,1.2385510345573238,0.8903338429460277,1.65828042981876,1.777014127430343
AIT-2025-02-007,FTNT,0.33941175233256426,0.14963441307416286,0.25875046748060543,0.3106211714801328,0.01859757661957798
AIT-2025-02-007,INTC,1.9867538059381944,1.0585716189406478,1.3931403995586322,1.3352745152024263,1.059193617167003
AIT-2025-02-007,INTU,1.013684877943506,1.5651031771099373,0.9679951944573815,0.9877589819590213,0.595255936973239
AIT-2025-02-007,KLAC,-0.08895410089816085,0.7532131408725983,0.5446325678309799,0.42892391571893784,0.13939280721658487
AIT-2025-02-007,LRCX,0.32987586860069285,1.3530375759988091,0.9637886698225301,0.7284398372381582,0.19278310361494674
AIT-2025-02-007,MRVL,0.4151387843047417,1.7076794267874043,2.2133597409581474,2.077070137980932,1.249259817364075
AIT-2025-02-007,META,0.7062981762736824,0.519531224391385,0.46978001287789306,0.7695056976212648,0.7982251417836489
AIT-2025-02-007,MCHP,1.1811180596143145,1.5500806486753749,1.57874036815438,1.1953246830254534,0.9161885751106043
AIT-2025-02-007,MU,-0.23538849307541984,0.22080593754835492,-0.09720145726828495,-0.04747242268628979,0.16308049523247187
AIT-2025-02-007,MSFT,0.7297106514879594,1.019907674253834,0.8774485188827795,0.8984852636651248,0.5173389475178928
AIT-2025-02-007,MPWR,0.2734088370617353,1.049626694091375,0.894404719790533,0.6389322249409197,0.700168431272686
AIT-2025-02-007,NVDA,-0.9165867184081703,1.0551080689935053,0.7463664269953778,0.6283892017106619,0.1893025438748146
AIT-2025-02-007,NXPI,1.4013531054280803,1.5081711672017246,1.3944885909027083,1.1223277241507204,0.6915930775487216
AIT-2025-02-007,PLTR,1.3958394653356794,1.3928235404975577,1.4403271508690547,1.4273814454192038,1.269216002663819
AIT-2025-02-007,PANW,0.5856416827968226,-0.13850295770865206,-0.19458363042169366,-0.17615373187615924,-0.31975280883781926
AIT-2025-02-007,PDD,0.3092523393689828,-0.03492768997651266,-0.3015590381716084,-0.46469038552459074,-0.17043752518383168
AIT-2025-02-007,QCOM,-0.31555935080190933,0.6342507300533051,0.22265945105093152,0.09345290132571718,-0.32384633281797276
AIT-2025-02-007,ROP,0.30889486952966955,1.0178604763478205,0.9645890032286523,0.7180490952048959,0.4924769828974359
AIT-2025-02-007,STX,0.23992485399140198,1.6737241515466685,1.811161403852389,1.4344881647444472,0.8587983573440285
AIT-2025-02-007,SHOP,0.49960815393764857,-0.32641076139826963,0.3445750537416388,0.6408912378897994,0.4240829840104409
AIT-2025-02-007,MSTR,-0.13527988176645406,0.5396056431287138,0.9476450611272896,0.7366322967940552,0.48533101344596363
AIT-2025-02-007,SNPS,0.8640753626077308,1.6187897076040856,1.441941659193103,1.3601081643104016,0.8873694673860515
AIT-2025-02-007,TXN,0.430869856437663,1.2675439842166,0.7953342512732249,0.7813082215561088,0.46701937633596974
AIT-2025-02-007,TRI,1.7193124451574895,0.8420145913581542,0.6215395085101113,0.6936942170566781,0.48797532538719973
AIT-2025-02-007,WDC,0.8831614125678303,0.7734687418725141,0.8541171990470674,0.692625157356267,0.23636031713215666
AIT-2025-02-007,WDAY,0.20422667005077397,0.5940304981232785,0.06870002501080139,0.11324068318394855,-0.20073191431897447
AIT-2025-02-007,ZS,0.12801945560894892,0.10974168132399914,0.9678621261823563,1.0397642283560442,0.5492842913507303
AIT-2025-03-001,ADBE,1.3582908387642145,0.4316043252257009,0.43905174785931367,0.8613673433691769,0.7993448677009483
AIT-2025-03-001,AMD,-0.7100198650384995,-0.4336094747915595,-0.723330097554717,-0.05805646852919331,0.1726806549127268
AIT-2025-03-001,GOOGL,0.7931244766258935,0.15092346574134885,0.7888332333184315,1.2699492306098552,1.0544258484204658
AIT-2025-03-001,GOOG,0.5957981060239061,0.07724671233793157,0.8533473607325276,1.2546431633634787,0.9271417808654789
AIT-2025-03-001,ADI,0.05774209806818764,-0.5027084396994105,0.011928334201895013,0.9122855601550929,1.0290043344567092
AIT-2025-03-001,AAPL,0.4742040257853982,-0.950922635388234,-0.5512646910549013,0.5187241029378599,0.7562936351287748
AIT-2025-03-001,AMAT,0.049410944380045674,-0.5835341411700066,0.0026774339789794135,0.8510977961254124,0.9020058232185942
AIT-2025-03-001,APP,1.2668690122224542,1.012781569542898,1.53752632352436,1.557531171184403,1.2518369192787742
AIT-2025-03-001,ARM,-0.9532570305214987,-1.4445253408720022,-0.9532771596864258,-0.42052895304789806,-0.43134455788318865
AIT-2025-03-001,ASML,-0.1774880393026113,-0.34102341156071625,-0.20771939432193806,0.44524933701265823,0.6246685575884224
AIT-2025-03-001,ADSK,0.5339859104438759,-0.6241404415590976,-0.3373444383636092,0.24197459248949713,0.0611150089371608
AIT-2025-03-001,AVGO,0.2631540704151163,-0.07505470910014944,0.03756432282615015,0.5284355637661929,0.32885997269572165
AIT-2025-03-001,CDNS,0.8394092828605689,-0.6294662712898701,-0.41229178908059017,0.3516903061153864,0.2965321235075968
AIT-2025-03-001,CTSH,0.6496293156641862,0.8066114638529236,0.40749818013304245,0.6498555207438726,0.519086197537082
AIT-2025-03-001,CRWD,0.1811585671845687,-0.1773355775612469,-0.415663862673005,-0.1261376821533221,-0.16619781957170363
AIT-2025-03-001,DDOG,0.4372786405866323,-0.5633738982669014,-0.2395481849071416,0.38499207222574633,0.48277320077113633
AIT-2025-03-001,DASH,2.2130320648494277,0.5636410291889111,0.70776777290767,1.0311660511925258,0.647247130681928
AIT-2025-03-001,FTNT,-0.009307605664534948,-0.8668471053818945,-0.30249272260943344,0.5231712035739041,0.3485240827145609
AIT-2025-03-001,INTC,1.140106348135133,-0.4119575589249478,-0.27755233798606715,0.5146152808334208,0.6404256229842304
AIT-2025-03-001,INTU,0.41187553922252207,-0.1173690898285292,0.37703984862184076,0.9575986033821121,0.6994850167027128
AIT-2025-03-001,KLAC,0.09581202369698749,-1.1565823179085026,-0.5666832115153589,0.39824611905548846,0.6826750149458943
AIT-2025-03-001,LRCX,-0.0778506542179522,-1.393966172287151,-0.7856164012503775,0.15202696048951775,0.4342239564300048
AIT-2025-03-001,MRVL,0.4436255322061742,0.36210688620726006,0.5403492564861122,1.1072498914468354,1.0792270797681218
AIT-2025-03-001,META,0.9856488213196114,0.2493383237732759,0.3810959864348295,1.208512768250417,1.155116572235593
AIT-2025-03-001,MCHP,0.38439373737179583,0.10456223764661668,0.568436126640092,1.3159452149788264,1.4187534948518095
AIT-2025-03-001,MU,0.24798347522251227,0.33945386516946896,-0.2667416742468309,0.4788967742832531,0.5904501755609463
AIT-2025-03-001,MSFT,0.5049647528520824,-0.694891461126364,-0.06671263814832844,0.75042214206016,0.6812436073383706
AIT-2025-03-001,MPWR,0.4668715156974616,0.3864312190875862,0.4137602030556999,0.8654473688130063,0.9956552961172356
AIT-2025-03-001,NVDA,0.18798169755574787,-0.5512166643310304,-0.35732010474537,0.3534612935924685,0.4088458581665424
AIT-2025-03-001,NXPI,-0.09507437046479529,0.17157891528478691,0.6420931446523432,1.1845175861920973,1.1383420525907992
AIT-2025-03-001,PLTR,1.0034026855633882,0.48767773571341655,0.6353634987825841,0.9561856755212076,1.0324556362650052
AIT-2025-03-001,PANW,-0.4863681895719903,-0.4393841498237892,0.046187958694316744,0.5212554987703591,0.3439528483737068
AIT-2025-03-001,PDD,0.13148306833658913,-0.19730561931994783,-0.41008306515839155,0.265373441165524,0.5507882948723215
AIT-2025-03-001,QCOM,-0.500564766823234,-1.3128943838234934,-0.6321269446159142,0.27385234256371727,0.36876667217388825
AIT-2025-03-001,ROP,0.1960681366782862,0.054277383542933266,0.6452544175096196,1.0852618456993375,0.7148343101627167
AIT-2025-03-001,STX,0.14520824095472795,0.7967779040008383,0.36768692338335596,1.2921506073470341,1.3000131060530362
AIT-2025-03-001,SHOP,0.47604211203699287,-0.14773207367001695,0.5936071049261896,1.254338163409485,1.1652929067808342
AIT-2025-03-001,MSTR,0.11765453174593546,-0.038980587520617505,0.00522901845792986,0.26245734613788874,0.2222026390119886
AIT-2025-03-001,SNPS,0.9055288489708795,-0.6142675191729423,-0.2103500762078517,0.7160109300239189,0.608916252802729
AIT-2025-03-001,TXN,0.24523556625726092,-0.13759847440555945,0.2440878327936937,1.0639872935367056,1.5177359253331943
AIT-2025-03-001,TRI,0.5276464601884293,-0.12811186896525648,-0.09782354022967386,0.5872897626093562,1.2559853697133885
AIT-2025-03-001,WDC,-0.3307293323934277,0.3117652183901119,-0.21321852325259102,0.6325548415753667,0.5311398099535153
AIT-2025-03-001,WDAY,-0.03569873859831929,-1.324664353470244,-0.467218943510834,0.3264208270738483,0.2211137780980111
AIT-2025-03-001,ZS,0.19381833149096364,0.36978515811174145,0.5711614296638922,1.0845745145584818,0.8225370330410006
AIT-2025-03-003,ADBE,1.3582908387642145,0.4316043252257009,0.43905174785931367,0.8613673433691769,0.7993448677009483
AIT-2025-03-003,AMD,-0.7100198650384995,-0.4336094747915595,-0.723330097554717,-0.05805646852919331,0.1726806549127268
AIT-2025-03-003,GOOGL,0.7931244766258935,0.15092346574134885,0.7888332333184315,1.2699492306098552,1.0544258484204658
AIT-2025-03-003,GOOG,0.5957981060239061,0.07724671233793157,0.8533473607325276,1.2546431633634787,0.9271417808654789
AIT-2025-03-003,ADI,0.05774209806818764,-0.5027084396994105,0.011928334201895013,0.9122855601550929,1.0290043344567092
AIT-2025-03-003,AAPL,0.4742040257853982,-0.950922635388234,-0.5512646910549013,0.5187241029378599,0.7562936351287748
AIT-2025-03-003,AMAT,0.049410944380045674,-0.5835341411700066,0.0026774339789794135,0.8510977961254124,0.9020058232185942
AIT-2025-03-003,APP,1.2668690122224542,1.012781569542898,1.53752632352436,1.557531171184403,1.2518369192787742
AIT-2025-03-003,ARM,-0.9532570305214987,-1.4445253408720022,-0.9532771596864258,-0.42052895304789806,-0.43134455788318865
AIT-2025-03-003,ASML,-0.1774880393026113,-0.34102341156071625,-0.20771939432193806,0.44524933701265823,0.6246685575884224
AIT-2025-03-003,ADSK,0.5339859104438759,-0.6241404415590976,-0.3373444383636092,0.24197459248949713,0.0611150089371608
AIT-2025-03-003,AVGO,0.2631540704151163,-0.07505470910014944,0.03756432282615015,0.5284355637661929,0.32885997269572165
AIT-2025-03-003,CDNS,0.8394092828605689,-0.6294662712898701,-0.41229178908059017,0.3516903061153864,0.2965321235075968
AIT-2025-03-003,CTSH,0.6496293156641862,0.8066114638529236,0.40749818013304245,0.6498555207438726,0.519086197537082
AIT-2025-03-003,CRWD,0.1811585671845687,-0.1773355775612469,-0.415663862673005,-0.1261376821533221,-0.16619781957170363
AIT-2025-03-003,DDOG,0.4372786405866323,-0.5633738982669014,-0.2395481849071416,0.38499207222574633,0.48277320077113633
AIT-2025-03-003,DASH,2.2130320648494277,0.5636410291889111,0.70776777290767,1.0311660511925258,0.647247130681928
AIT-2025-03-003,FTNT,-0.009307605664534948,-0.8668471053818945,-0.30249272260943344,0.5231712035739041,0.3485240827145609
AIT-2025-03-003,INTC,1.140106348135133,-0.4119575589249478,-0.27755233798606715,0.5146152808334208,0.6404256229842304
AIT-2025-03-003,INTU,0.41187553922252207,-0.1173690898285292,0.37703984862184076,0.9575986033821121,0.6994850167027128
AIT-2025-03-003,KLAC,0.09581202369698749,-1.1565823179085026,-0.5666832115153589,0.39824611905548846,0.6826750149458943
AIT-2025-03-003,LRCX,-0.0778506542179522,-1.393966172287151,-0.7856164012503775,0.15202696048951775,0.4342239564300048
AIT-2025-03-003,MRVL,0.4436255322061742,0.36210688620726006,0.5403492564861122,1.1072498914468354,1.0792270797681218
AIT-2025-03-003,META,0.9856488213196114,0.2493383237732759,0.3810959864348295,1.208512768250417,1.155116572235593
AIT-2025-03-003,MCHP,0.38439373737179583,0.10456223764661668,0.568436126640092,1.3159452149788264,1.4187534948518095
AIT-2025-03-003,MU,0.24798347522251227,0.33945386516946896,-0.2667416742468309,0.4788967742832531,0.5904501755609463
AIT-2025-03-003,MSFT,0.5049647528520824,-0.694891461126364,-0.06671263814832844,0.75042214206016,0.6812436073383706
AIT-2025-03-003,MPWR,0.4668715156974616,0.3864312190875862,0.4137602030556999,0.8654473688130063,0.9956552961172356
AIT-2025-03-003,NVDA,0.18798169755574787,-0.5512166643310304,-0.35732010474537,0.3534612935924685,0.4088458581665424
AIT-2025-03-003,NXPI,-0.09507437046479529,0.17157891528478691,0.6420931446523432,1.1845175861920973,1.1383420525907992
AIT-2025-03-003,PLTR,1.0034026855633882,0.48767773571341655,0.6353634987825841,0.9561856755212076,1.0324556362650052
AIT-2025-03-003,PANW,-0.4863681895719903,-0.4393841498237892,0.046187958694316744,0.5212554987703591,0.3439528483737068
AIT-2025-03-003,PDD,0.13148306833658913,-0.19730561931994783,-0.41008306515839155,0.265373441165524,0.5507882948723215
AIT-2025-03-003,QCOM,-0.500564766823234,-1.3128943838234934,-0.6321269446159142,0.27385234256371727,0.36876667217388825
AIT-2025-03-003,ROP,0.1960681366782862,0.054277383542933266,0.6452544175096196,1.0852618456993375,0.7148343101627167
AIT-2025-03-003,STX,0.14520824095472795,0.7967779040008383,0.36768692338335596,1.2921506073470341,1.3000131060530362
AIT-2025-03-003,SHOP,0.47604211203699287,-0.14773207367001695,0.5936071049261896,1.254338163409485,1.1652929067808342
AIT-2025-03-003,MSTR,0.11765453174593546,-0.038980587520617505,0.00522901845792986,0.26245734613788874,0.2222026390119886
AIT-2025-03-003,SNPS,0.9055288489708795,-0.6142675191729423,-0.2103500762078517,0.7160109300239189,0.608916252802729
AIT-2025-03-003,TXN,0.24523556625726092,-0.13759847440555945,0.2440878327936937,1.0639872935367056,1.5177359253331943
AIT-2025-03-003,TRI,0.5276464601884293,-0.12811186896525648,-0.09782354022967386,0.5872897626093562,1.2559853697133885
AIT-2025-03-003,WDC,-0.3307293323934277,0.3117652183901119,-0.21321852325259102,0.6325548415753667,0.5311398099535153
AIT-2025-03-003,WDAY,-0.03569873859831929,-1.324664353470244,-0.467218943510834,0.3264208270738483,0.2211137780980111
AIT-2025-03-003,ZS,0.19381833149096364,0.36978515811174145,0.5711614296638922,1.0845745145584818,0.8225370330410006
AIT-2025-03-005,ADBE,-0.15404076398645247,-0.023458299060368983,0.9426289893756262,0.9545188958106191,0.8417413223273417
AIT-2025-03-005,AMD,-0.18591536959157984,-0.761664763694186,-0.6069687391459705,-0.7094708992694474,-0.6575261558675817
AIT-2025-03-005,GOOGL,1.1392268794466052,0.3825411991720995,0.8276686119462746,0.8510083786833011,0.880747270662791
AIT-2025-03-005,GOOG,0.7755827319099766,0.1366470427675973,0.49702817755971224,0.5568198851973203,0.7214326639727967
AIT-2025-03-005,ADI,1.1327065285142275,1.0018055580768324,0.7544998594060232,0.258019940547008,0.3105769150256713
AIT-2025-03-005,AAPL,-0.1322711698856743,-0.2046220497673455,0.48526646740410645,0.2887489518076232,0.1142986620105354
AIT-2025-03-005,AMAT,0.6858743325352334,0.0750331008473915,0.3863650424892682,-0.06838555873456899,0.15818038108171056
AIT-2025-03-005,APP,1.9473877003731157,2.5838144111639645,2.2391131507733233,1.860546114763146,1.7874679627109802
AIT-2025-03-005,ARM,-0.5623919763510938,-0.2634664783187168,-0.1799094652204621,-0.6887063821136242,-0.8511065747867147
AIT-2025-03-005,ASML,0.3695874426453533,0.023099417268176693,0.18962683163671287,-0.026669681368067653,0.010294999528306117
AIT-2025-03-005,ADSK,0.871523590523814,1.1290396837898788,1.1326376978529729,0.7255799132024268,0.35174170623474843
AIT-2025-03-005,AVGO,0.13366643442117004,1.799017136026284,0.9561991657398538,0.5834845880987933,0.4087967602812506
AIT-2025-03-005,CDNS,1.3399635380871575,0.9929891342241808,0.986078896656969,0.8394500306838553,0.6114821663604847
AIT-2025-03-005,CTSH,0.8457789807349022,0.9738344351070075,1.1646455095235873,0.7826155255106955,0.7239330153669414
AIT-2025-03-005,CRWD,0.25580262376807567,0.7093715350586037,0.6736468349729773,0.30886738288911136,0.08827688733434325
AIT-2025-03-005,DDOG,1.0654407489238609,0.9509279690940131,1.2649429691435243,0.7319896001820624,0.4464632896487225
AIT-2025-03-005,DASH,0.9185481287437547,1.5871818268731346,2.2673260770606594,1.92592817863698,1.804271956504113
AIT-2025-03-005,FTNT,0.31862581159886805,0.2884497252838732,0.3112143937734906,0.0614716887016525,0.02861844402711533
AIT-2025-03-005,INTC,1.0265325284398397,0.6351384387511041,1.0432188423765887,1.121596778729092,0.7027994650386946
AIT-2025-03-005,INTU,1.5621461882962788,0.47752265715863373,0.8916034300239263,0.47003038240621087,0.5744336165343452
AIT-2025-03-005,KLAC,0.4309770208055473,0.4011314734613719,0.3086735986763643,0.08629045657383737,0.02480089008854201
AIT-2025-03-005,LRCX,0.8629161834594437,0.5570930093142571,0.4246745379854109,0.06816500559183558,-0.10557552626651596
AIT-2025-03-005,MRVL,1.0635882769788596,3.5550948952690193,2.2756667540727,1.343032995993438,1.0332643251632685
AIT-2025-03-005,META,0.5908601554255376,0.8670254891022652,0.9519880835276071,0.9953431207839967,0.9210376328054674
AIT-2025-03-005,MCHP,1.4752011455597933,0.817611744974614,0.7503699870734338,0.43833036274024695,0.8424861453674589
AIT-2025-03-005,MU,-0.2040639175048578,-0.2735723978275302,-0.06267497801997038,-0.05910793333945292,0.14086282898414534
AIT-2025-03-005,MSFT,0.8974766153347102,0.512789984661747,0.8509096899625739,0.5049927247706855,0.4290937974298869
AIT-2025-03-005,MPWR,0.7797470401770225,0.9100421516006502,0.4928818417428001,0.5618026642831878,0.6732964645484871
AIT-2025-03-005,NVDA,0.22945629957902103,0.4834273488739212,0.5031460693766393,0.2479745247174778,-0.018161391287136685
AIT-2025-03-005,NXPI,1.3777628296354878,1.4146324397676708,0.8003021022138023,0.3128398299110698,0.5951191140989474
AIT-2025-03-005,PLTR,1.6724393076405049,1.3376067503359201,1.3833436738025366,1.2685535676272595,1.135741573255218
AIT-2025-03-005,PANW,-0.24923516762917178,-0.35541609499107457,-0.22789910035261565,-0.5701099607464062,-0.3137597966520586
AIT-2025-03-005,PDD,0.10682503024432081,-0.6351146675632157,-0.6450814884774861,-0.13105516952076413,-0.17701817133961056
AIT-2025-03-005,QCOM,0.35787918084935316,0.036454847397520196,-0.06258879544346944,-0.434692066645847,-0.37724381225206
AIT-2025-03-005,ROP,0.8975133286285106,0.1652115746185872,0.4153501252544202,0.17612027686227247,0.4539044265493818
AIT-2025-03-005,STX,0.8904710845961455,1.8558314017797333,1.1520136128836937,0.6444456668164111,0.6720209545335852
AIT-2025-03-005,SHOP,0.2740270207353324,1.2018527608023621,1.0706819428021384,0.7033389905906048,0.7289901455828526
AIT-2025-03-005,MSTR,0.6307039180375497,0.8539621046485097,0.5639874155785497,0.38191806464887323,0.31118999132290875
AIT-2025-03-005,SNPS,1.333766878879488,0.8086232338178092,1.219091915550464,0.8293379277425658,0.667620874493633
AIT-2025-03-005,TXN,0.9328028061213544,0.9349692451718599,0.773187193206339,0.3406506533227614,0.45673121862782556
AIT-2025-03-005,TRI,1.470311539357557,0.5311801428832512,0.7837117075502759,0.6955285511767859,0.44193303710731396
AIT-2025-03-005,WDC,0.9671633090579874,1.325759573384107,0.6183476196861336,0.08641509276977542,0.09269990329802284
AIT-2025-03-005,WDAY,0.5735565957147016,-0.04380970624812856,0.14024149355958626,-0.10965967289383066,-0.10703988910636834
AIT-2025-03-005,ZS,0.09324290351139568,2.457092302863534,1.41235900504131,0.698366606876969,0.618345942945942
AIT-2025-03-007,ADBE,1.3582908387642145,0.4316043252257009,0.43905174785931367,0.8613673433691769,0.7993448677009483
AIT-2025-03-007,AMD,-0.7100198650384995,-0.4336094747915595,-0.723330097554717,-0.05805646852919331,0.1726806549127268
AIT-2025-03-007,GOOGL,0.7931244766258935,0.15092346574134885,0.7888332333184315,1.2699492306098552,1.0544258484204658
AIT-2025-03-007,GOOG,0.5957981060239061,0.07724671233793157,0.8533473607325276,1.2546431633634787,0.9271417808654789
AIT-2025-03-007,ADI,0.05774209806818764,-0.5027084396994105,0.011928334201895013,0.9122855601550929,1.0290043344567092
AIT-2025-03-007,AAPL,0.4742040257853982,-0.950922635388234,-0.5512646910549013,0.5187241029378599,0.7562936351287748
AIT-2025-03-007,AMAT,0.049410944380045674,-0.5835341411700066,0.0026774339789794135,0.8510977961254124,0.9020058232185942
AIT-2025-03-007,APP,1.2668690122224542,1.012781569542898,1.53752632352436,1.557531171184403,1.2518369192787742
AIT-2025-03-007,ARM,-0.9532570305214987,-1.4445253408720022,-0.9532771596864258,-0.42052895304789806,-0.43134455788318865
AIT-2025-03-007,ASML,-0.1774880393026113,-0.34102341156071625,-0.20771939432193806,0.44524933701265823,0.6246685575884224
AIT-2025-03-007,ADSK,0.5339859104438759,-0.6241404415590976,-0.3373444383636092,0.24197459248949713,0.0611150089371608
AIT-2025-03-007,AVGO,0.2631540704151163,-0.07505470910014944,0.03756432282615015,0.5284355637661929,0.32885997269572165
AIT-2025-03-007,CDNS,0.8394092828605689,-0.6294662712898701,-0.41229178908059017,0.3516903061153864,0.2965321235075968
AIT-2025-03-007,CTSH,0.6496293156641862,0.8066114638529236,0.40749818013304245,0.6498555207438726,0.519086197537082
AIT-2025-03-007,CRWD,0.1811585671845687,-0.1773355775612469,-0.415663862673005,-0.1261376821533221,-0.16619781957170363
AIT-2025-03-007,DDOG,0.4372786405866323,-0.5633738982669014,-0.2395481849071416,0.38499207222574633,0.48277320077113633
AIT-2025-03-007,DASH,2.2130320648494277,0.5636410291889111,0.70776777290767,1.0311660511925258,0.647247130681928
AIT-2025-03-007,FTNT,-0.009307605664534948,-0.8668471053818945,-0.30249272260943344,0.5231712035739041,0.3485240827145609
AIT-2025-03-007,INTC,1.140106348135133,-0.4119575589249478,-0.27755233798606715,0.5146152808334208,0.6404256229842304
AIT-2025-03-007,INTU,0.41187553922252207,-0.1173690898285292,0.37703984862184076,0.9575986033821121,0.6994850167027128
AIT-2025-03-007,KLAC,0.09581202369698749,-1.1565823179085026,-0.5666832115153589,0.39824611905548846,0.6826750149458943
AIT-2025-03-007,LRCX,-0.0778506542179522,-1.393966172287151,-0.7856164012503775,0.15202696048951775,0.4342239564300048
AIT-2025-03-007,MRVL,0.4436255322061742,0.36210688620726006,0.5403492564861122,1.1072498914468354,1.0792270797681218
AIT-2025-03-007,META,0.9856488213196114,0.2493383237732759,0.3810959864348295,1.208512768250417,1.155116572235593
AIT-2025-03-007,MCHP,0.38439373737179583,0.10456223764661668,0.568436126640092,1.3159452149788264,1.4187534948518095
AIT-2025-03-007,MU,0.24798347522251227,0.33945386516946896,-0.2667416742468309,0.4788967742832531,0.5904501755609463
AIT-2025-03-007,MSFT,0.5049647528520824,-0.694891461126364,-0.06671263814832844,0.75042214206016,0.6812436073383706
AIT-2025-03-007,MPWR,0.4668715156974616,0.3864312190875862,0.4137602030556999,0.8654473688130063,0.9956552961172356
AIT-2025-03-007,NVDA,0.18798169755574787,-0.5512166643310304,-0.35732010474537,0.3534612935924685,0.4088458581665424
AIT-2025-03-007,NXPI,-0.09507437046479529,0.17157891528478691,0.6420931446523432,1.1845175861920973,1.1383420525907992
AIT-2025-03-007,PLTR,1.0034026855633882,0.48767773571341655,0.6353634987825841,0.9561856755212076,1.0324556362650052
AIT-2025-03-007,PANW,-0.4863681895719903,-0.4393841498237892,0.046187958694316744,0.5212554987703591,0.3439528483737068
AIT-2025-03-007,PDD,0.13148306833658913,-0.19730561931994783,-0.41008306515839155,0.265373441165524,0.5507882948723215
AIT-2025-03-007,QCOM,-0.500564766823234,-1.3128943838234934,-0.6321269446159142,0.27385234256371727,0.36876667217388825
AIT-2025-03-007,ROP,0.1960681366782862,0.054277383542933266,0.6452544175096196,1.0852618456993375,0.7148343101627167
AIT-2025-03-007,STX,0.14520824095472795,0.7967779040008383,0.36768692338335596,1.2921506073470341,1.3000131060530362
AIT-2025-03-007,SHOP,0.47604211203699287,-0.14773207367001695,0.5936071049261896,1.254338163409485,1.1652929067808342
AIT-2025-03-007,MSTR,0.11765453174593546,-0.038980587520617505,0.00522901845792986,0.26245734613788874,0.2222026390119886
AIT-2025-03-007,SNPS,0.9055288489708795,-0.6142675191729423,-0.2103500762078517,0.7160109300239189,0.608916252802729
AIT-2025-03-007,TXN,0.24523556625726092,-0.13759847440555945,0.2440878327936937,1.0639872935367056,1.5177359253331943
AIT-2025-03-007,TRI,0.5276464601884293,-0.12811186896525648,-0.09782354022967386,0.5872897626093562,1.2559853697133885
AIT-2025-03-007,WDC,-0.3307293323934277,0.3117652183901119,-0.21321852325259102,0.6325548415753667,0.5311398099535153
AIT-2025-03-007,WDAY,-0.03569873859831929,-1.324664353470244,-0.467218943510834,0.3264208270738483,0.2211137780980111
AIT-2025-03-007,ZS,0.19381833149096364,0.36978515811174145,0.5711614296638922,1.0845745145584818,0.8225370330410006
AIT-2025-04-001,ADBE,0.5618123815144815,1.9685690856643652,1.3810702409916733,0.9889113478000343,0.47959954591351767
AIT-2025-04-001,AMD,-0.4540040069973021,1.7357698967181003,1.4428709496209133,0.7392603648043127,0.1605886061909484
AIT-2025-04-001,GOOGL,0.7165273695468583,2.442453199525701,1.7530407278307267,1.0807736452970595,0.8098831060090911
AIT-2025-04-001,GOOG,0.7017530015334512,2.3863472788817006,1.7183456932046932,0.8885657856611534,0.6198789809409572
AIT-2025-04-001,ADI,0.1990375224201373,2.7057225326354164,2.305677335976734,1.445685197859502,0.9322736624609655
AIT-2025-04-001,AAPL,-0.25203397228590163,3.0196546839307796,2.7156670125369633,1.5799949730825977,0.92141001316602
AIT-2025-04-001,AMAT,0.07175342097015809,2.8094561760456145,2.187488618460449,1.2844565159192884,0.5929792283469498
AIT-2025-04-001,APP,1.289417364867435,1.6575915838656288,1.38808181101051,0.984117268002819,0.7274767327398123
AIT-2025-04-001,ARM,-0.7956973359503495,0.7461278332015899,0.5062004851118119,-0.14981912395741548,-0.4486248891420847
AIT-2025-04-001,ASML,-0.1394384575821122,1.6520272110921763,1.2722214867713801,1.0008550320196494,0.26973143956353623
AIT-2025-04-001,ADSK,-0.12162606142126273,1.4671768589268699,0.8285197399541198,0.247798261725215,-0.19915164678882463
AIT-2025-04-001,AVGO,0.12517736034053234,1.8025563189821403,1.2278643778134555,0.4805333392965305,-0.09539939363526836
AIT-2025-04-001,CDNS,-0.0821597522623341,1.3984885926097306,0.8250079561341227,0.42422194970294047,0.49613026198672283
AIT-2025-04-001,CTSH,0.32715721120567354,1.5490916511816695,0.884084459806821,0.49446838675430027,0.49657574151671835
AIT-2025-04-001,CRWD,-0.35123874549744094,0.564693329303766,0.25114103027099605,-0.049799773903595045,-0.2257609850216636
AIT-2025-04-001,DDOG,-0.037144316918842714,1.5980301454704673,1.2630279919856207,0.7266521143421806,0.6446017836319219
AIT-2025-04-001,DASH,0.7476103542700164,1.1019530150114294,0.7064169458940704,0.33408089391552154,0.32389211782016175
AIT-2025-04-001,FTNT,-0.1371496574647547,2.0889444903398227,1.2832858782842835,0.5153244806877679,0.1423655499201827
AIT-2025-04-001,INTC,-0.05002087329820126,1.503553291371796,1.381220065350674,0.8271160214542257,0.5028589483661693
AIT-2025-04-001,INTU,0.5308312428032269,1.8453488642523814,1.0772125461649567,0.6541753926920617,0.21638147506817865
AIT-2025-04-001,KLAC,-0.4363282821809402,2.622587812751652,1.93135563859422,1.3556141640542212,0.6294858629749052
AIT-2025-04-001,LRCX,-0.6369166930418282,1.9245793552889192,1.3505107339074602,0.8997049522917107,0.41260409963549777
AIT-2025-04-001,MRVL,0.5519779772848152,2.16174976439829,1.8733675473535099,1.2161398852669814,0.835090316884723
AIT-2025-04-001,META,0.5662089173570402,2.4103150397044466,1.8135344886262068,1.274326606023395,1.0409386960735778
AIT-2025-04-001,MCHP,0.8357113904676355,2.4318213855075914,2.352090368670553,1.7185108969328653,1.1884449116536175
AIT-2025-04-001,MU,0.01643277079948671,1.84419161180469,1.6807370621698816,0.896034412022906,0.22974869712832277
AIT-2025-04-001,MSFT,0.0012781902553259518,2.43166997985402,1.7196266828139821,0.9345663788481229,0.7050194991705244
AIT-2025-04-001,MPWR,0.5177518172916104,1.759680142979038,1.932694264091391,1.2713939543732171,0.8060829690047523
AIT-2025-04-001,NVDA,-0.26227636939284565,2.0817054067744785,1.4245195691482657,0.8627352476432261,0.05649996054829146
AIT-2025-04-001,NXPI,0.6999157295064202,2.2064309016564363,2.0011900686423574,1.2535279252110902,1.0694858183837526
AIT-2025-04-001,PLTR,0.6450005970171007,1.6230975206377138,1.414606818215262,1.1364805410573393,1.091289525313552
AIT-2025-04-001,PANW,-0.03199518338383309,2.0645872599318,1.1947641317318196,0.5419696647574981,0.06721406895814941
AIT-2025-04-001,PDD,-0.31359619044894554,1.5430822372114288,1.6483162938373441,0.9626792109110589,0.13386076971247837
AIT-2025-04-001,QCOM,-0.3834323270241835,1.8854289201895589,1.4079154014875634,0.7660143784739856,0.5172758740225167
AIT-2025-04-001,ROP,0.6061206081180913,1.6995722137065918,1.2370217075586372,0.5080227363720531,0.6114140808224902
AIT-2025-04-001,STX,0.6243139250461938,2.2846307578845066,1.9679526205167768,1.4822545512605358,1.424149952882804
AIT-2025-04-001,SHOP,0.8451390041091368,2.177829660463997,1.9243980661985367,1.2625577408787754,0.9327416549363938
AIT-2025-04-001,MSTR,0.07704313984025,0.866014391536793,0.6858308690575544,0.2896248601324203,-0.005438261256271877
AIT-2025-04-001,SNPS,0.026992969633509736,2.2415002033307494,1.4742104062580823,0.780889082645224,0.5328573265486156
AIT-2025-04-001,TXN,0.3199275946987103,2.8852609772979836,2.952158066804176,2.087014703608184,1.4898803308086535
AIT-2025-04-001,TRI,0.1041909888375225,1.8475502504827297,1.8091309015927142,1.9692417380924534,1.7013507977106819
AIT-2025-04-001,WDC,0.013795685295320444,1.8736649651232034,1.5405522203873856,0.7735830134991185,0.40891200080785445
AIT-2025-04-001,WDAY,-0.12715058825686054,1.5244448366288257,0.955994791148508,0.42317442241998243,-0.3013727357108492
AIT-2025-04-001,ZS,0.6229299971012581,2.024276832546547,1.5127495695178539,0.8331008857760483,0.8369316859136342
AIT-2025-04-002,ADBE,1.2792163916567658,0.9214015066022695,0.46959189918539873,0.1924011505484441,0.052031976725425956
AIT-2025-04-002,AMD,1.1838458792330788,-0.2952490407440713,-0.2932154511215371,-0.5756741461605688,0.14879113504022493
AIT-2025-04-002,GOOGL,1.6075628626307845,0.3431626380444035,0.8221490063846796,0.6035731267023192,0.9130431134360568
AIT-2025-04-002,GOOG,1.5268165475879625,0.03684421180682085,0.586998371029735,0.4302784581039684,0.8245994224935189
AIT-2025-04-002,ADI,2.1359199193246856,0.34185569472599525,0.632133445373782,0.5941595995303831,0.4704711390733733
AIT-2025-04-002,AAPL,2.6603169980568593,0.14248018746018104,0.06013286984124655,0.20677085194820527,0.2845594600888853
AIT-2025-04-002,AMAT,1.9084704482064723,0.46049384882791367,0.1538597278153098,0.14206727331388092,0.1962508903187618
AIT-2025-04-002,APP,1.2599278363867796,0.2196855451916203,0.40168531083615416,0.44073679840912144,0.543336887554422
AIT-2025-04-002,ARM,0.5426974779687971,-0.9430522758882247,-0.6681420570996641,-0.7382874565057402,-0.250448567002594
AIT-2025-04-002,ASML,1.314104619733711,-0.02395722278178436,0.15406678404996157,-0.24027634023242567,-0.36727131897928667
AIT-2025-04-002,ADSK,0.9088797825567442,-0.3960406455069967,-0.38225478021997744,-0.4714649830846819,-0.3832793828975602
AIT-2025-04-002,AVGO,1.2153145720707867,-0.3288783149838933,-0.3496334467804911,-0.5451764085565668,-0.6346868970438433
AIT-2025-04-002,CDNS,0.9102712487744022,-0.1158753497945813,0.04192695662737015,0.4727357969325386,0.18767897762694336
AIT-2025-04-002,CTSH,0.9855556208164435,-0.44361734472945313,0.060183043552357256,0.4401133316400216,0.23618456894593617
AIT-2025-04-002,CRWD,0.3833463984480021,-0.8474650384761359,-0.45499227826314254,-0.5267109333118445,-0.3995514402572648
AIT-2025-04-002,DDOG,1.1176925246354281,0.14108864518355438,0.26970951169562246,0.19975225382570655,0.47911693256071314
AIT-2025-04-002,DASH,0.7209094733055714,-0.20688667840490835,-0.07203457603737395,-0.021104489191309365,0.2988178726737184
AIT-2025-04-002,FTNT,1.3672691780311799,-1.029463774513686,-0.48896374577178453,-0.44378500569506085,0.15935225425551974
AIT-2025-04-002,INTC,1.3799267438462233,0.14080769674676477,0.5914331290995798,0.3191420944583853,0.03754983226304319
AIT-2025-04-002,INTU,1.1270362149609268,0.21716858189211505,0.2340414609648984,-0.07428232224229539,0.026115640719401007
AIT-2025-04-002,KLAC,1.572902285007206,0.6686910306575115,0.28346240994119093,0.12163246992382773,0.23523180300594085
AIT-2025-04-002,LRCX,1.2961317776352406,0.5489356660750316,0.49777881789807105,0.2543523378368505,-0.11528277099689485
AIT-2025-04-002,MRVL,1.7005923072197253,0.2158779624332777,0.5630140104597703,0.5524799963483358,0.5748581808916093
AIT-2025-04-002,META,1.8688904940393465,0.4355932801542742,0.5698664213358672,0.8872132972386588,0.5936149925529856
AIT-2025-04-002,MCHP,2.2091652263140578,1.0303966687768629,1.084687774151912,0.8023437417188061,0.8350995150935661
AIT-2025-04-002,MU,1.7168925697871535,-0.11721319413754722,0.06705561083050944,-0.19454335255885039,-0.2287776913373628
AIT-2025-04-002,MSFT,1.5644187507213114,0.1409448184264755,0.06834955146137844,0.5142676109191654,0.3159747237677631
AIT-2025-04-002,MPWR,1.6808844839279486,0.3788436359060735,0.30584508972846003,0.39761835701677783,0.21714847881014498
AIT-2025-04-002,NVDA,1.320407076631862,0.3319920193529108,-0.06033619023938148,-0.3594306613582153,-0.5481636860967215
AIT-2025-04-002,NXPI,1.7831626769754203,-0.01667542410911743,0.5333724470402341,0.8888181054128927,0.5330222528594807
AIT-2025-04-002,PLTR,1.284162379405588,0.4412575545023738,0.7007309637422893,0.7203626038357404,0.7826643424575364
AIT-2025-04-002,PANW,1.0751264802183338,-0.14488330244404085,-0.36653024068576245,-0.2906955403221568,-0.3555347105036062
AIT-2025-04-002,PDD,1.368476843148304,-0.12745359136205348,-0.021718657171536943,-0.44867158102000454,-0.5619826610361517
AIT-2025-04-002,QCOM,1.5369493997311547,-0.012410570071678867,-0.00961444814004934,0.3919535515761513,0.25579231468447694
AIT-2025-04-002,ROP,1.2572205937644827,-0.8374291652060596,0.10663837040905867,0.40159946372912697,0.3120551867368232
AIT-2025-04-002,STX,2.1539463409518387,0.9902190949661138,0.9017076745611589,1.3243675733285702,1.1146690919774402
AIT-2025-04-002,SHOP,1.895538981705008,0.6653018227104996,0.6059055420525025,0.5295513245441467,1.2501912643670436
AIT-2025-04-002,MSTR,0.4689903607046615,-0.250993638130431,-0.05799808409150058,-0.18556884691299447,-0.28685362065623565
AIT-2025-04-002,SNPS,1.4350982706960362,-0.13726895576897008,-0.02711437658709553,0.22495837598852325,-0.03010110104648035
AIT-2025-04-002,TXN,2.642099054845879,0.6550018860520935,1.6635387779616522,1.0898541265868822,0.8155317857231663
AIT-2025-04-002,TRI,2.00925624076479,1.6868603820869925,1.6085634640415891,1.716644340677184,1.3815027028906126
AIT-2025-04-002,WDC,1.5957357970434036,0.0489293752660501,-0.4214358970119367,0.011997881574705353,-0.043274035867051155
AIT-2025-04-002,WDAY,0.9779232488277544,-0.0418331262493924,-0.3740810092290916,-0.6650023352348332,-0.7143925020995427
AIT-2025-04-002,ZS,1.5653542777622695,0.07561198659710958,0.4803363380018119,0.6683149482053491,0.7800648634163662
AIT-2025-04-004,ADBE,1.2931423138250484,0.17310695234433263,0.4880784107917722,0.28929129627478384,0.048527397580541795
AIT-2025-04-004,AMD,0.7249419626183209,-0.5482955605704362,-0.09112242485235351,-0.3713088379939348,-0.010386090955693523
AIT-2025-04-004,GOOGL,1.760192857994647,0.32503665503455076,0.2956804177299929,0.5925211662820263,0.8005286161350973
AIT-2025-04-004,GOOG,1.7324239396833594,-0.08230851835482562,-0.06657044140242692,0.33158695140782585,0.6164627954425083
AIT-2025-04-004,ADI,1.8776956644522886,0.3132708739302185,0.464794780329163,0.576075303401133,0.47847181299949604
AIT-2025-04-004,AAPL,2.054967040996965,1.2944321176291624,0.6477335682049911,0.19419208158316711,0.4025801124683375
AIT-2025-04-004,AMAT,1.7195500707992197,-0.10755628029802058,0.22046967228385816,0.17639361761351519,0.0051446721716761025
AIT-2025-04-004,APP,1.3217937254572811,0.6480928846238145,0.48664079499754215,0.44945395698867313,0.610280553285221
AIT-2025-04-004,ARM,0.40667916515226865,-1.134054123646661,-0.9100405650071837,-0.9380184141449894,-0.42182766873928446
AIT-2025-04-004,ASML,1.0458029164675222,0.40732375041242824,0.5767995978938708,0.2192601782302396,-0.15181235408475574
AIT-2025-04-004,ADSK,0.9803949396918917,-0.38655546652659745,-0.376261219401482,-0.4422154247677905,-0.5064359688731075
AIT-2025-04-004,AVGO,1.1604240899540872,-0.5459032532848951,-0.34027461398043496,-0.4737891957193194,-0.5860461582328282
AIT-2025-04-004,CDNS,0.9866682789016834,-0.17560711328721387,-0.11248648376386589,0.3239132028481229,0.2464302483350036
AIT-2025-04-004,CTSH,0.8167011661643439,0.4153542176798004,-0.05890594280640956,0.11900672460477461,0.22120262201750504
AIT-2025-04-004,CRWD,0.1947901093107884,-0.022235615367522915,-0.4136293153994792,-0.3933582424726824,-0.29014879862409526
AIT-2025-04-004,DDOG,0.936911368852042,0.5061383825586102,0.23316539208852458,0.08427559444228747,0.46642502138298364
AIT-2025-04-004,DASH,1.0008546909896952,-0.2464651537565598,-0.11707688967891437,-0.10530835613263947,0.2583990343098109
AIT-2025-04-004,FTNT,1.3363889822277533,-0.2334353422985568,-0.2927165426974635,-0.43060126780012004,0.1414169993862195
AIT-2025-04-004,INTC,1.0951777693778972,0.21119251841496411,0.23882999126642968,0.4486352323322718,0.10951059326388794
AIT-2025-04-004,INTU,1.6150128494141514,-0.5319015782641968,0.05945163998395758,-0.03367729529889338,-0.02428711923215008
AIT-2025-04-004,KLAC,1.4249064501071032,-0.24736276060676404,0.5808868766420289,0.14696186305024642,0.24896493074876794
AIT-2025-04-004,LRCX,1.1005325813835547,-0.2976924273972206,0.2556898359246537,0.22442990922705366,-0.005603247009942082
AIT-2025-04-004,MRVL,1.5968371964721184,0.4882439797208516,0.5288529020138505,0.5763247603076057,0.6531541592560683
AIT-2025-04-004,META,1.8638446767959331,0.35443132843721675,0.5614750227763449,0.4868505797032079,0.6357530213060971
AIT-2025-04-004,MCHP,2.1187175865412833,0.30840291668649056,0.9061602765583023,0.8306659222726414,0.8992698471600106
AIT-2025-04-004,MU,1.190658875821172,0.38565671480851027,0.17185552914184835,0.033677870296174126,-0.24758036159145672
AIT-2025-04-004,MSFT,1.702503816329357,-0.31127138937177645,-0.018340814041743345,-0.12914340036442315,0.2691211628637714
AIT-2025-04-004,MPWR,1.3617871969596276,0.5542551307917365,0.5920517332774545,0.3755737061392086,0.3768323565276789
AIT-2025-04-004,NVDA,1.2197080637479885,-0.1865333409325428,0.21558011490769688,-0.14023871830793044,-0.483568460380617
AIT-2025-04-004,NXPI,1.7829820311407856,-0.2439843357371411,0.2812239284285809,0.7841816587102123,0.6380326712319359
AIT-2025-04-004,PLTR,1.1901614608741895,1.1651436049695274,0.8467048546280131,0.8398434583218976,0.945563985176746
AIT-2025-04-004,PANW,0.8993836820620987,-0.20074246299443796,-0.1791730432722883,-0.29842790019789756,-0.38298793522450997
AIT-2025-04-004,PDD,0.9110981769585851,0.7346325878011062,0.3471257170280207,-0.045537480464073535,-0.39131441883658785
AIT-2025-04-004,QCOM,1.3082620727645873,-0.42204569159722105,0.011745610438589424,-0.13308394192978598,0.27079216384386434
AIT-2025-04-004,ROP,1.4808378273105995,-0.8251006058910297,-0.42315965113718684,0.1755231258783736,0.21070051524282457
AIT-2025-04-004,STX,1.9722520287254381,0.7462853631451516,0.8907248413003344,1.0712846159062315,1.1229357201012427
AIT-2025-04-004,SHOP,1.9194934370431112,0.4274631526495393,0.5277647264220274,0.43125955379570247,0.9412178524849948
AIT-2025-04-004,MSTR,0.4855309303531032,-0.4519116015043082,-0.19502672334999338,-0.26737036300711325,-0.2637350302997953
AIT-2025-04-004,SNPS,1.3692211549541615,0.15556733101628617,0.016331361468009297,0.13669993929662982,0.05207769669136458
AIT-2025-04-004,TXN,2.0801319000768648,1.2311314201285475,1.187150386709425,1.3427133285916648,1.0252288269901713
AIT-2025-04-004,TRI,1.3298011119999877,2.3636514768024472,2.0253468996679813,1.749808784928821,1.5516413159133027
AIT-2025-04-004,WDC,1.363913785575241,0.29405597061167876,0.019427339276365734,-0.1987970367003288,-0.02226189172598377
AIT-2025-04-004,WDAY,1.1372417438738254,-0.09934328565894451,-0.07303357332240416,-0.48574651454767587,-0.6693685439751202
AIT-2025-04-004,ZS,1.6682888513447982,0.16867704644805528,0.044120471123564674,0.48450191409829896,0.6036181458041989
AIT-2025-04-005,ADBE,1.2528134468508698,0.9098881979843392,0.4804447047440945,0.27709945982484907,0.004693089662166642
AIT-2025-04-005,AMD,1.0751661429827193,0.5841164918434818,0.07212605191954267,-0.3981529252370134,0.18441882614906702
AIT-2025-04-005,GOOGL,1.576478668311643,0.4468999998312733,0.5121214139611553,0.6236857998231548,0.8570786903302842
AIT-2025-04-005,GOOG,1.547211609617165,0.098315063335258,0.23841478312267939,0.4263682358600008,0.7166179910367092
AIT-2025-04-005,ADI,2.067805808294138,0.5777775811787568,0.7635633671324253,0.6235246063940939,0.489271089955729
AIT-2025-04-005,AAPL,2.508355202788811,0.5064827740169333,0.2758786447911836,0.04463963293410887,0.2821796609895519
AIT-2025-04-005,AMAT,1.8854247360669214,0.5954983560011429,0.4532906938799662,0.24446921958279166,0.11657514817130774
AIT-2025-04-005,APP,1.2660313510149555,0.4075997215152879,0.4613516404748416,0.44222206602399106,0.5719222145068493
AIT-2025-04-005,ARM,0.47125335469126184,-0.8134963590706823,-0.6083610327615414,-0.7664811427848182,-0.2629446824741343
AIT-2025-04-005,ASML,1.1631428398125907,0.9964344513225851,0.564954684407536,-0.0034791749810773346,-0.2303133637722751
AIT-2025-04-005,ADSK,0.9290628182525202,-0.35825628006503196,-0.38490940315428485,-0.4034162311051406,-0.434980957773729
AIT-2025-04-005,AVGO,1.2176699476349242,0.10473932292992039,-0.17450303467534442,-0.4153719715746414,-0.5985134110661828
AIT-2025-04-005,CDNS,0.9071953976334315,0.3010575602932056,-0.0004800785906487655,0.4931866083116837,0.21927465481870567
AIT-2025-04-005,CTSH,0.767054141422195,-0.03879331709612287,0.08233542805979265,0.3178981237758049,0.16172705915636326
AIT-2025-04-005,CRWD,0.22635885873816752,-0.5370557697835514,-0.39891995702203803,-0.46746655769101025,-0.35372012865304225
AIT-2025-04-005,DDOG,1.1040733903565234,-0.18446719531538291,0.3089700066119863,0.11681350843307313,0.4796571823381071
AIT-2025-04-005,DASH,0.8408624631649255,-0.1778617613691948,-0.13115425038814102,-0.04736913129139657,0.27870133408440684
AIT-2025-04-005,FTNT,1.3349287712530251,-0.20011263746938812,-0.2590766081502031,-0.3537528073614222,0.1762006983966135
AIT-2025-04-005,INTC,1.3598184386633256,0.36469740661370376,0.4191988967179891,0.3875376866979112,0.08814830638544431
AIT-2025-04-005,INTU,1.222513959395708,0.6108511243077461,0.3524916805822708,0.020595191948397387,0.05775703943534941
AIT-2025-04-005,KLAC,1.5728684813493048,1.1716073800160687,0.763143649928201,0.31543873546256,0.3028082424671246
AIT-2025-04-005,LRCX,1.1927604004088277,0.8441453194521881,0.7659130819276402,0.3202182390200422,-0.04883634797598445
AIT-2025-04-005,MRVL,1.7228678305642853,0.5891175976558011,0.7406754576757204,0.5910356093085456,0.5718125705025768
AIT-2025-04-005,META,1.8224855999075058,0.6301927790047872,0.6079048181596235,0.8167243519427544,0.5923863678514082
AIT-2025-04-005,MCHP,2.177397735492759,0.8834271506816838,1.309277081371623,0.877525664488136,0.9064903765298479
AIT-2025-04-005,MU,1.6137884685962662,0.35804431142686277,0.21773394175473595,-0.10694260759444871,-0.21196246565173027
AIT-2025-04-005,MSFT,1.5278070642251063,0.21891747874639822,0.13767681114598998,0.4045114129457131,0.2930280380373033
AIT-2025-04-005,MPWR,1.630756065484568,0.8222560290537388,0.5950269881928946,0.34944187640143454,0.3282733217659983
AIT-2025-04-005,NVDA,1.3016826479459296,0.8159480466849074,0.16823606860394988,-0.15987183864586546,-0.4718655398154393
AIT-2025-04-005,NXPI,1.823190461054568,0.6906641720193676,0.7912236379448802,0.9580645322919608,0.6265589656695498
AIT-2025-04-005,PLTR,1.2473967657449172,0.8140335612790381,0.7607878345798403,0.7582545069018441,0.8610841748216512
AIT-2025-04-005,PANW,1.0028314056260632,0.05919819425391381,-0.19948966113008906,-0.22385445238886917,-0.3368355962757422
AIT-2025-04-005,PDD,1.3464683479814328,0.36118177916995875,0.2221118804916401,-0.4100724776775262,-0.48074841074309793
AIT-2025-04-005,QCOM,1.4588847530985134,0.31542230619314426,0.30021326895084116,0.3142532213427059,0.2971690350387456
AIT-2025-04-005,ROP,1.3007220228170115,-0.1551694949822104,0.07479727790913449,0.4239040024002337,0.30799572736090974
AIT-2025-04-005,STX,2.1273386934785687,1.7712707911289025,1.0437955827834522,1.4395082642722736,1.1832026591879805
AIT-2025-04-005,SHOP,1.9244565311307917,0.7442248410175178,0.647037324379578,0.4891504772712242,1.0266197366148606
AIT-2025-04-005,MSTR,0.5416784169511575,-0.4803392045607263,-0.20187625309241666,-0.2316840923359303,-0.2901798820053883
AIT-2025-04-005,SNPS,1.4601688104585628,0.06209255601722639,-0.013897331469654944,0.18358564315336665,-0.015883394433968905
AIT-2025-04-005,TXN,2.480725083510859,1.0138653430690683,1.7650163285191243,1.1628687166524059,0.9163489129595361
AIT-2025-04-005,TRI,1.6240096979764695,2.2822206684425588,1.8029889127904948,1.7340401855312535,1.4534099516793026
AIT-2025-04-005,WDC,1.5301484917182089,0.13402595953765642,-0.2214973633882924,-0.02394248033819756,-0.011940234147320573
AIT-2025-04-005,WDAY,1.0346688279344787,-0.1258482506565703,-0.18409554554159366,-0.592973671414318,-0.7337996580445262
AIT-2025-04-005,ZS,1.5440423841767263,0.12477111268859478,0.27141549322842334,0.6490332159333587,0.7058157483553461
AIT-2025-04-006,ADBE,0.6964415523859459,1.3678158662405044,1.6402622251014092,1.1317926439155122,0.6158295776900173
AIT-2025-04-006,AMD,-0.5423890371114292,1.1559366447932298,1.6658689130829807,1.0048242652713668,0.20678245610729706
AIT-2025-04-006,GOOGL,0.6921402140918628,2.0294687395459965,2.2372922744096955,1.4427710419023343,1.062319186026094
AIT-2025-04-006,GOOG,0.7850279807665568,1.853288779859038,2.212116893060471,1.2855687359010746,0.8964681179484328
AIT-2025-04-006,ADI,0.1586521028991386,2.5290882415789167,2.735269539061178,1.8321942789806291,1.260267325385538
AIT-2025-04-006,AAPL,-0.18869181333865173,2.436100055109635,2.886250631392396,2.0019196508652692,1.0911097505027807
AIT-2025-04-006,AMAT,0.22147146187768235,2.134920100730296,2.653011799906819,1.6753952976465256,0.9559952483711177
AIT-2025-04-006,APP,1.350793621032989,1.6718605210670772,1.644780772167292,1.2263504514301102,0.9124408316989646
AIT-2025-04-006,ARM,-1.0871500914578203,0.9740325240875379,0.9405434176292102,0.14166702596297,-0.3058031663478874
AIT-2025-04-006,ASML,-0.18394448993652615,1.7272975095218603,1.703942924638054,1.260721440865178,0.5602525860702621
AIT-2025-04-006,ADSK,-0.06387519742877204,1.22839424669093,1.2773007782863346,0.5238405069198807,0.0362478197421204
AIT-2025-04-006,AVGO,0.2096682619728882,1.5038459362733265,1.635997343405582,0.8332093704610883,0.15318982226152747
AIT-2025-04-006,CDNS,0.0738262787776045,1.5817280785725827,1.4845594971612714,0.8193036634203611,0.6760339990694055
AIT-2025-04-006,CTSH,0.7840189454955406,0.9993614372633384,1.3257053977455457,0.8036601313160787,0.6558819410847017
AIT-2025-04-006,CRWD,-0.20340561040392238,0.48808067280967526,0.5545946809099701,0.16495127413075356,-0.14501587471621974
AIT-2025-04-006,DDOG,-0.006170348968085604,1.184756902313306,1.3583107145029054,0.8794909449539923,0.5739706814156984
AIT-2025-04-006,DASH,1.392810974124055,1.480833449594536,1.3107684039565202,0.6604556984281754,0.3895936192554651
AIT-2025-04-006,FTNT,-0.18826924794794417,2.0417564917649784,1.870734376240114,0.9764861446686456,0.3116916326041556
AIT-2025-04-006,INTC,-0.20420310535949782,2.0961818490847635,1.771156233218207,1.187147699090241,0.7920001273432389
AIT-2025-04-006,INTU,0.36740559869725065,2.1296119306349515,1.871390919321331,1.0422161696824792,0.49523438670429937
AIT-2025-04-006,KLAC,-0.351527061537424,1.4818893515771985,2.318867596169969,1.5059375119351288,0.8261437726871512
AIT-2025-04-006,LRCX,-0.5076802288988581,1.834978524570642,1.9355231413409717,1.211392154571655,0.7370554424281137
AIT-2025-04-006,MRVL,0.28494873452709774,2.0927545224244803,2.236743269743229,1.5045785879641878,1.082614631365179
AIT-2025-04-006,META,0.677098952931872,2.8328739472226334,2.6239143092430974,1.7015953960930914,1.3650421341846097
AIT-2025-04-006,MCHP,1.1021388798255736,3.219893285681772,2.9717431055890398,2.1000172643734594,1.5564770528121266
AIT-2025-04-006,MU,0.3384250884601654,2.035399533455059,2.084641573349873,1.3404051543951987,0.5791072325678199
AIT-2025-04-006,MSFT,0.16704689184882845,2.148628359241457,2.3922990362399115,1.3457818430975714,0.9749722026803989
AIT-2025-04-006,MPWR,0.6630796456768475,1.930559416119867,2.011754011622989,1.5735933224038308,1.036063805561149
AIT-2025-04-006,NVDA,-0.3059248857999531,1.370059127297977,1.8008105749477483,1.1132105800905654,0.3531595223917836
AIT-2025-04-006,NXPI,0.4277758217457167,2.4283596483931706,2.4940682765903506,1.6310693322207137,1.3550351265063125
AIT-2025-04-006,PLTR,0.7303551973904908,1.1607272512529034,1.4868910341255595,1.2586096923934333,1.0486356366877403
AIT-2025-04-006,PANW,0.08740865391989806,1.2006294870541465,1.5040639810548273,0.840019209667727,0.27877120892391044
AIT-2025-04-006,PDD,-0.006483992992482392,1.131331722482025,1.5832318795780624,1.2058941214659264,0.38540295675690245
AIT-2025-04-006,QCOM,-0.522986365802277,2.084619464721499,2.022228611661206,1.1291119830630139,0.7419820545569115
AIT-2025-04-006,ROP,0.5969515559037711,2.5240980134577646,2.068796015480278,1.0278373992973602,0.8035072960120211
AIT-2025-04-006,STX,0.14222342576888586,3.488849392455079,2.800066638495253,2.0891432006068658,1.7227675406717131
AIT-2025-04-006,SHOP,0.578882855671142,2.8517992846647964,2.38988062189584,1.6863592211020553,1.113414228591913
AIT-2025-04-006,MSTR,0.10568234730043094,0.5128117775633596,0.792693850848682,0.3251056148818326,0.11155171252363927
AIT-2025-04-006,SNPS,0.08159803550988085,2.029936699895465,1.9245809757794878,1.215680455792648,0.7652442542555737
AIT-2025-04-006,TXN,0.3799569630659365,2.444476898631015,2.8996770035685984,2.3289348999908532,1.7876190482198977
AIT-2025-04-006,TRI,-0.013323480358758435,1.5375799387901976,1.833613931902682,1.9738143484759645,1.7994850429119886
AIT-2025-04-006,WDC,-0.23956394536056574,2.606890487580883,2.189492748731786,1.3188037524074492,0.6868099285465842
AIT-2025-04-006,WDAY,-0.27849451451861396,1.7751307309785722,1.4585851052231653,0.7563160326883556,0.042244228873243576
AIT-2025-04-006,ZS,0.28609358201773216,2.305356560275302,2.124270751162959,1.274526610729262,0.9951693149592648
AIT-2025-04-007,ADBE,0.7625443247483923,0.5927433674399226,0.9764269500249722,1.0641001232345872,0.6783900881100461
AIT-2025-04-007,AMD,-0.3839671891184548,-1.083388658993981,0.003220089864663674,0.62358176789232,0.1168734231754159
AIT-2025-04-007,GOOGL,0.5359979882296553,1.309542005122655,1.6220422268239532,1.5906137349814797,1.142983419498724
AIT-2025-04-007,GOOG,0.5637671110961628,1.151074913307902,1.4822919324980568,1.510088149289967,0.9702024862435831
AIT-2025-04-007,ADI,-0.11960995654366763,0.4134569540710451,1.4007137982264455,1.7488819762689636,1.1841629860863387
AIT-2025-04-007,AAPL,-0.17515398466156581,-0.043901061457063906,1.0950573149657694,1.6512740752789208,0.8012743718190803
AIT-2025-04-007,AMAT,-0.1661478914555733,0.11093924525458648,1.1489452936507416,1.5647259010159098,0.9055245017152384
AIT-2025-04-007,APP,1.2015966136292322,1.142828263678557,1.3852378874988946,1.3634067483503913,0.9580619385043396
AIT-2025-04-007,ARM,-1.2970112280191266,-0.6817643354824254,-0.12314204628581243,0.09257140941670734,-0.4458533855382082
AIT-2025-04-007,ASML,-0.3170847564910033,-0.07523559510290567,0.8119667288054974,0.944726538482855,0.6162603478976214
AIT-2025-04-007,ADSK,0.11167156516464773,-0.05321698647362966,0.6722752653150706,0.5794056485822725,0.0595582841169449
AIT-2025-04-007,AVGO,0.21547927482275553,-0.06515319587808505,0.6476197446705488,0.8063060409138223,0.16292061701321436
AIT-2025-04-007,CDNS,0.3938163508897834,0.03221922892742088,0.8924353889346577,0.7806349541058988,0.6103769164803615
AIT-2025-04-007,CTSH,0.6534166041944515,0.14336412937332071,0.6710938142770607,0.6621132782985151,0.44524792265988095
AIT-2025-04-007,CRWD,-0.10383336637436075,-0.5466557504696816,-0.04832695903467769,0.04341498205682259,-0.16966064636292097
AIT-2025-04-007,DDOG,-0.14055025092932183,0.16126178606975275,0.7431529667046863,0.9265894641753957,0.4799566910515648
AIT-2025-04-007,DASH,1.6509436130230484,0.7838504748893271,1.2371707333967898,0.9839593165821992,0.49901759102315696
AIT-2025-04-007,FTNT,-0.3753366722534602,0.3072978023281469,1.0480132310345662,1.0588506674752425,0.3102067259682383
AIT-2025-04-007,INTC,0.38069430426998646,-0.1501709594035019,0.8382047342023705,1.105406797236967,0.8116315827717244
AIT-2025-04-007,INTU,-0.06264494036947837,1.3586238996056494,1.5046595712700157,1.2312587991384105,0.6374827523298203
AIT-2025-04-007,KLAC,-0.36265694985194924,-0.24432075966714684,0.7876456112474095,1.2465640471475676,0.7302348609817781
AIT-2025-04-007,LRCX,-0.6309607622938715,-0.3111843820235595,0.7200930390499467,0.9120695192084066,0.6056965046244491
AIT-2025-04-007,MRVL,0.1223558937156532,0.41607836640234375,1.224145070723665,1.4935631230416697,1.040243226270822
AIT-2025-04-007,META,0.7972696484877044,0.6955532897152068,1.6938836576253073,1.699262322424442,1.1620835785570702
AIT-2025-04-007,MCHP,0.4614160725416467,1.2687198159154685,1.9541870822830252,2.1342864948274998,1.5576302352388336
AIT-2025-04-007,MU,0.3257343624928262,-0.47292874431369825,0.710294902384347,1.1358218799439093,0.5568419519729031
AIT-2025-04-007,MSFT,-0.03486858375655433,0.9046727743668378,1.4049966814247785,1.447502846004114,0.7030404475521701
AIT-2025-04-007,MPWR,0.6466669746674026,0.5532863769981846,1.0701270575582549,1.4844337294099674,0.9418616469987797
AIT-2025-04-007,NVDA,-0.20034645074758062,-0.09581969655261982,0.7397667990082836,0.9563642674158802,0.4022262745597934
AIT-2025-04-007,NXPI,-0.05156839373445378,0.723655959466762,1.4491534806451938,1.654367945815444,1.2912897274915227
AIT-2025-04-007,PLTR,0.7696061854076854,0.725757054346037,1.081726207598745,1.2117731365277618,1.0509912308945406
AIT-2025-04-007,PANW,-0.3655408753333043,-0.09028327951926221,0.47587617182912706,0.761130676507694,0.22291879709725299
AIT-2025-04-007,PDD,0.24838033381986196,-0.46424771560040257,0.47067133720119125,1.0440100500275802,0.4721403015979607
AIT-2025-04-007,QCOM,-0.723577203425446,-0.35086551644312197,0.751153377001307,0.9773516816967166,0.41357976260024437
AIT-2025-04-007,ROP,0.24401165180187126,0.7751340059661707,1.3768000745688014,1.2383557539990195,0.7801487705970416
AIT-2025-04-007,STX,0.15640270574601872,0.278452948058063,1.7445678701184903,1.788375302315204,1.4569874338541733
AIT-2025-04-007,SHOP,0.26978379156730414,1.1974419460308652,1.7757587305581233,1.7846409463124422,1.1095144482001866
AIT-2025-04-007,MSTR,0.041053256313083944,-0.07134555526144322,0.3264027586063695,0.4576478571472333,0.12137860673633429
AIT-2025-04-007,SNPS,0.17911398038257506,0.38747085689455496,1.307192199022938,1.3023882280906576,0.7526984454380055
AIT-2025-04-007,TXN,0.0984730667488638,0.8775816957962884,1.5662816129965098,2.184861554107095,1.765524076293076
AIT-2025-04-007,TRI,0.1507182945979679,0.18644003192668054,0.9537162508206875,1.312641373780244,1.5285783868712284
AIT-2025-04-007,WDC,-0.41166267768191495,-0.11322378903624533,0.9855635352747929,1.2252081437782925,0.4910823151526769
AIT-2025-04-007,WDAY,-0.4904014752801101,0.6831298021203771,1.0997454622704093,0.9517850821340581,0.2043611321488293
AIT-2025-04-007,ZS,0.0213930826375799,0.970380328981618,1.5458193462513254,1.4046742801632839,0.9660249452460247
AIT-2025-04-008,ADBE,0.32800363411974887,-0.23379318569060684,-0.3201273921032251,-0.3070751919147196,-0.2982765351135776
AIT-2025-04-008,AMD,-0.17198606136262984,-1.2500382001615957,-0.45460420519006056,0.1779917165237928,0.10580476359190724
AIT-2025-04-008,GOOGL,0.5036088281102106,0.3269876087069043,-0.06707436195283706,0.7716820296039827,0.9966643276074171
AIT-2025-04-008,GOOG,0.2303678710950436,-0.019189168242966126,-0.2837804704219582,0.6575690706293653,0.9885132362087258
AIT-2025-04-008,ADI,0.42184814269042126,0.6151308710209529,0.01309022045366772,0.23571405157379788,0.46869251979397525
AIT-2025-04-008,AAPL,0.2759836399369966,-0.2767386288335189,0.4885477064645092,0.37085143432121515,0.268087093515386
AIT-2025-04-008,AMAT,0.05437875034817325,-0.048962322626439875,-0.5190568588351518,-0.31221572614696186,0.02543448384607163
AIT-2025-04-008,APP,0.39503680089487386,0.43993695512350534,0.20786832928794954,0.6073916655927746,0.46064183414251747
AIT-2025-04-008,ARM,-0.7306411544535826,-1.5598025121405918,-0.7641563261653735,-0.05139805623639075,-0.27098790915031273
AIT-2025-04-008,ASML,0.31419074986653156,-0.8322281124583414,-0.9697363654029251,-0.6865666021479272,-0.700536249375759
AIT-2025-04-008,ADSK,-0.3841993807468107,-0.7965381897185325,-0.9158802015107853,-0.6640386790595504,-0.003645628166061474
AIT-2025-04-008,AVGO,-0.2977448284743865,-0.8543781724917976,-0.8869824658192537,-0.753891223969444,-0.8667948482818737
AIT-2025-04-008,CDNS,-0.05206990988252949,1.2671391646808465,0.4630252931261349,0.2083567018740662,0.020519627690240044
AIT-2025-04-008,CTSH,0.0699808308921262,0.5129405056539317,0.5427075028427647,0.28180591252012005,0.027774330072044724
AIT-2025-04-008,CRWD,-0.34103178159272557,-0.6933111005270624,-0.5555561745705958,-0.2737113255835538,-0.4424953652908079
AIT-2025-04-008,DDOG,0.20641819052711932,-0.5017684332637964,0.8027808119438857,0.6696921559770688,0.28154847544880585
AIT-2025-04-008,DASH,-0.11725684291044737,-0.25355711310257223,0.4952409879293542,0.5285052351554456,0.49425161941164475
AIT-2025-04-008,FTNT,-0.35596774934371594,-0.24117072093700764,-0.100933042287491,0.5245091994907232,0.1464626025248909
AIT-2025-04-008,INTC,0.3777060712430422,-0.22344061638560703,-0.49139320127214764,-0.36237919948588,-0.4051839181052623
AIT-2025-04-008,INTU,0.048811573081598864,-0.9685316113454356,-0.6305425600097178,-0.24305598168899623,0.27172062653075785
AIT-2025-04-008,KLAC,0.1849704411549871,-0.2843928560315498,-0.1896631953849827,0.1101102288746873,0.06266704718258281
AIT-2025-04-008,LRCX,0.2713036611907448,-0.5561655394453455,-0.5682189987283633,-0.4350517661127719,-0.6841112376778541
AIT-2025-04-008,MRVL,0.47324357238824405,0.32026514460323197,0.1084971241244632,0.5726127475453485,0.6226391658774756
AIT-2025-04-008,META,0.42628557518618715,0.7852024124646911,0.7627382474103336,0.54553122805681,-0.032974916472704494
AIT-2025-04-008,MCHP,0.7566402565311133,0.4511130575483988,0.23747159460454204,0.7006731011521327,0.49023295904326436
AIT-2025-04-008,MU,0.14941074567130636,-0.42168992078501244,-0.788158106307519,-0.5686054669946073,-0.6108241938166121
AIT-2025-04-008,MSFT,-0.09995890332472851,0.3575650453461685,0.6708760991651781,0.40832374749605405,0.10664317953438543
AIT-2025-04-008,MPWR,0.3224072012750616,0.13697030422454443,0.2722977140048406,0.2227781200562814,-0.15122852284189972
AIT-2025-04-008,NVDA,-0.008271402780098799,-0.8343577339778889,-1.0885042028180367,-0.9115646055254435,-0.7440495237054443
AIT-2025-04-008,NXPI,0.3224014774907327,1.4655970847003914,0.5109311687980509,0.48793617748651513,0.3151726466589823
AIT-2025-04-008,PLTR,0.7620757590876885,0.5602957716814427,0.9521332303534028,0.8885810505952173,0.49375894777002977
AIT-2025-04-008,PANW,-0.3251816320797023,0.24068202916256207,-0.4068130068473297,-0.4726247851563601,-0.025858589691048144
AIT-2025-04-008,PDD,0.10090157015256968,-1.0939813729333636,-1.104575332366833,-0.8636208271803127,-0.5760739881995466
AIT-2025-04-008,QCOM,-0.09762051758958205,0.18389285551762768,0.6398430133733334,0.510672903209887,0.22385047403549707
AIT-2025-04-008,ROP,-0.13169225632883494,0.7396378720550001,0.4858426824383311,0.2000909857827743,-0.023760877498458705
AIT-2025-04-008,STX,0.7818572816410335,2.61465518668143,1.3100934359840337,1.0389428275137425,1.1080959091407911
AIT-2025-04-008,SHOP,0.4151133112696236,0.4782702500526103,0.5186702934873205,1.1404108386592258,0.9688700154837213
AIT-2025-04-008,MSTR,-0.2755597069594785,-0.5218463135380469,-0.467078790468485,-0.3671295170475983,-0.40466147368502
AIT-2025-04-008,SNPS,-0.0830956890557275,0.620697410192657,0.23113783371551358,-0.09074740083947704,-0.08930776912936643
AIT-2025-04-008,TXN,1.278328410414269,0.24628572497840429,0.05366434544195139,0.4428955044833549,0.36860334902939745
AIT-2025-04-008,TRI,1.7267833087020135,1.287588256752242,1.283179059342235,1.1949353581251219,1.0493070324347749
AIT-2025-04-008,WDC,-0.30647560807489727,0.7948886146697614,0.2821032101922644,0.041473715622895306,-0.12388926896986119
AIT-2025-04-008,WDAY,-0.34162237407033175,-0.9971256458806117,-1.192505719866107,-0.9473697667579694,-0.35030812626131
AIT-2025-04-008,ZS,0.27957387145708246,0.6690077989538268,0.6127108076790638,0.6435545293560797,0.6585929464599071
AIT-2025-05-002,ADBE,0.23766428698619205,-0.33182998195862484,-0.3247770207296677,-0.32976276112776515,-0.30012192458094883
AIT-2025-05-002,AMD,-0.308236052654556,-0.7105979237561265,0.5391441884410383,0.6741579161750372,0.20288931587993048
AIT-2025-05-002,GOOGL,0.48545843763311364,0.07829195269739048,0.8151066278655876,0.8951407142791471,1.0535260986246366
AIT-2025-05-002,GOOG,0.2733196391856313,0.13251014418309265,0.7162623078677663,0.8490959200809866,1.0961036304903398
AIT-2025-05-002,ADI,0.4510849851892862,0.2687188623875678,-0.2044641191231872,0.18806900434699284,0.5649200359587546
AIT-2025-05-002,AAPL,-0.11516545990642858,1.187057689183102,0.7386786018360535,0.39643350074225375,0.3407343788498673
AIT-2025-05-002,AMAT,0.08505285384077028,-0.07191185358096404,-0.7145193785747361,-0.13265058040352626,0.13603053703103685
AIT-2025-05-002,APP,0.2859484275106501,0.36413397627895433,0.5467564559903993,0.5765894760201061,0.4365894823672713
AIT-2025-05-002,ARM,-0.8420032637638917,0.11047315621628064,0.28018085615678345,0.32431384320470424,-0.07318362658506954
AIT-2025-05-002,ASML,0.046506919280896994,-0.7190624055204263,-1.0044187305034409,-0.6188968577662594,-0.6535265942455982
AIT-2025-05-002,ADSK,-0.48065244797696205,-0.5233824240973207,-0.7598728021047815,-0.4650812281815442,0.2023812655285122
AIT-2025-05-002,AVGO,-0.4364867578598884,-0.5246970082843871,-0.8322262413926795,-0.7195631302949413,-0.7994024854396881
AIT-2025-05-002,CDNS,0.33541806044306355,0.28778494255572096,-0.035511893345559147,-0.11610916252382601,0.07179320543133602
AIT-2025-05-002,CTSH,0.022704422745913215,1.5409192529971638,0.38529915178858487,0.12258568161490507,0.09228940223964585
AIT-2025-05-002,CRWD,-0.516101693707701,-0.6260412000023505,-0.22371721591540253,-0.2902304660180608,-0.392995605996398
AIT-2025-05-002,DDOG,-0.07175307155398411,0.9872840176264814,1.2216522884961742,0.8575940403263267,0.37452178199695896
AIT-2025-05-002,DASH,-0.1146801446632429,0.3602687342293982,0.9161371007274783,0.582541064975544,0.538619955280525
AIT-2025-05-002,FTNT,-0.5087569111704068,-0.3623627701146779,0.6924967710228528,0.5760689234976222,0.33974896767932783
AIT-2025-05-002,INTC,0.3791160549323568,-0.2712573607477527,-0.5292345273124702,-0.32379090999365207,-0.3672107100855768
AIT-2025-05-002,INTU,-0.024104468958594874,-0.17323443718526238,-0.11978650069972978,0.0050199995441853554,0.4564012695820479
AIT-2025-05-002,KLAC,0.07953303229583714,0.17376755484530182,-0.18378366339146227,0.20379977820169193,0.13190762054055932
AIT-2025-05-002,LRCX,0.21748458636846024,0.3593865360188012,-0.5292041647218864,-0.4837669235699535,-0.6176810825075487
AIT-2025-05-002,MRVL,0.45003744494000525,0.5873496054672649,0.5480553056509311,0.4464588574888717,0.8322349768042983
AIT-2025-05-002,META,0.37642664926575264,1.7934075080876686,0.5246264313137841,0.3998083044760204,-0.13242008351230214
AIT-2025-05-002,MCHP,0.720900282570383,0.3471838868914961,0.29310736862416326,0.692454152803932,0.4599258835737731
AIT-2025-05-002,MU,-0.06885500314009725,-0.6157553689743545,-0.8957451359627844,-0.4101571083103215,-0.6082262925708074
AIT-2025-05-002,MSFT,-0.19581198165007027,2.195336784154269,0.674624199040954,0.34924886150822115,0.09184300803395029
AIT-2025-05-002,MPWR,0.18007179683351685,1.042215533724216,0.09861325985750896,0.20279857700333118,-0.1986817257289754
AIT-2025-05-002,NVDA,-0.1748643527424572,-0.6635630898029325,-1.0724887596312482,-0.7842129188224433,-0.5837465240355793
AIT-2025-05-002,NXPI,0.8103423739526051,0.6957521590469318,-0.060465254563884935,0.15863008620763747,0.1975108196117311
AIT-2025-05-002,PLTR,0.6349161306867508,0.607135734286489,1.0387346936316757,0.8225465722102427,0.5006279324012337
AIT-2025-05-002,PANW,-0.36846376492990185,-0.4656058099378048,-0.7520225603947258,-0.4871040024627869,0.030708955292305534
AIT-2025-05-002,PDD,-0.3098161494387909,-0.8862937863217748,-1.1127116041074272,-0.7449960698240191,-0.39771485914505333
AIT-2025-05-002,QCOM,-0.1319407730912564,2.046339018948754,0.7204191646409903,0.41849758692216954,0.24389373630558384
AIT-2025-05-002,ROP,0.28181137841053316,0.273594846667374,0.11334207080735247,0.11375113044033042,0.012425091102494028
AIT-2025-05-002,STX,0.8995258222071933,1.1123997050045022,0.5391318881677277,0.7682889892170863,0.8970756418339199
AIT-2025-05-002,SHOP,0.2907134546276826,0.49903875580548385,1.0567599732676927,1.2862679727679505,0.9560629021136946
AIT-2025-05-002,MSTR,-0.31400421561589437,-0.1037889522419503,-0.3793171309213899,-0.3942467084388049,-0.4404546665271192
AIT-2025-05-002,SNPS,-0.015145523120845753,0.31285258218529965,-0.07254640508059916,-0.3152096784848488,0.12117565691536707
AIT-2025-05-002,TXN,1.0550284886018995,0.4076376567736434,-0.09310144016016193,0.40144536646597934,0.4125821297867008
AIT-2025-05-002,TRI,1.4404509131039416,2.221923537948226,1.2690134739385928,1.1153016436257932,0.9870502755734094
AIT-2025-05-002,WDC,-0.41386568986635663,0.4152126489602219,-0.08574596004284056,-0.04965836809363433,-0.25196842327379027
AIT-2025-05-002,WDAY,-0.6261721280659047,-0.795465369083451,-1.1200616348092258,-0.9014238193612822,-0.17521130872079252
AIT-2025-05-002,ZS,0.4673322120040826,0.7038207459643843,0.48004000899839766,0.7290685686820448,0.8632138173819193
AIT-2025-05-003,ADBE,-0.1289359019258612,-0.9739740159304062,-0.5821247331666322,-0.520930814895967,0.2568528086989709
AIT-2025-05-003,AMD,0.6738773575309751,-0.6219509263533372,-0.44680113112613223,-0.41673026013519326,0.3982125668462268
AIT-2025-05-003,GOOGL,1.0111326918245729,1.5640877173077237,1.0503732307683036,0.879662915749585,0.7488765155644328
AIT-2025-05-003,GOOG,1.1438656254173423,1.552139545296563,1.1359709888866056,0.8822985576221559,0.8300988409933225
AIT-2025-05-003,ADI,0.4264894922848888,1.7448774672344398,1.4379109518824407,0.8021482414086303,0.4679104358308655
AIT-2025-05-003,AAPL,-0.022884128183458738,0.5751103814828706,0.41100403983104544,0.1254096645401167,0.2025346478488351
AIT-2025-05-003,AMAT,0.5099338913752226,-0.20057728302310757,0.4631576948685295,0.20109154667284457,0.11280790969132358
AIT-2025-05-003,APP,0.4717608012291522,-0.062244121651801924,0.21413221527024776,0.09820382385533541,-0.01568881321312691
AIT-2025-05-003,ARM,0.3678219062945214,-1.54947981740787,-0.3007696671126335,-0.6858252667155964,-0.5933240926827595
AIT-2025-05-003,ASML,-0.5037326084270621,-0.643761801670017,-0.3861511484160025,-0.49542961961872156,-0.2881492620315976
AIT-2025-05-003,ADSK,0.03678876599294605,1.7632011674811898,1.27030923616927,0.4427257497935301,0.17203869643445113
AIT-2025-05-003,AVGO,-0.7247472433659122,-1.2352998432197868,-0.7013939524134579,-0.18076405349907085,-0.16522674505846854
AIT-2025-05-003,CDNS,-0.28919817141970117,-0.9427985115396312,0.8057283812161232,0.32995338190080864,-0.019246912154172423
AIT-2025-05-003,CTSH,-0.05633892821586977,-0.5264440375527478,0.036450002193894195,-0.07872349881048062,-0.011306714267986937
AIT-2025-05-003,CRWD,-0.6102088841353035,-0.21387461432055752,-0.11735127930292487,0.520216026518586,0.08836815215635045
AIT-2025-05-003,DDOG,0.1954703494542069,-0.4196012646578077,-0.1979455669122974,0.039538292876471676,0.19173580530333395
AIT-2025-05-003,DASH,0.31886619362595164,0.16788359970373012,0.48166742324559425,0.3854435031231773,0.2877953036887385
AIT-2025-05-003,FTNT,0.5262082260469125,-0.47663484912148046,0.34558834856058884,-0.013883000521246773,-0.1219332998188007
AIT-2025-05-003,INTC,-0.3495835792732565,-0.5367359050878747,-0.35221561215903385,-0.2815578678595415,0.11889463499972545
AIT-2025-05-003,INTU,0.018140209584164218,2.314047976569564,1.7775930963468498,0.9251944754816323,0.45618763308044247
AIT-2025-05-003,KLAC,0.3967927511302077,-0.6239692612676042,0.007459754742203469,-0.005374496353183575,0.48545349431267015
AIT-2025-05-003,LRCX,-0.5723420960418559,-1.427583770536844,-0.6359730853108837,-0.7462872852589435,-0.45122397917707247
AIT-2025-05-003,MRVL,0.5533560350558342,0.5798792511412216,1.4809140478854914,1.312324056815398,1.2035471624904202
AIT-2025-05-003,META,-0.044525596450503656,-1.2339553827846053,-0.8364632473794229,-0.4912616540722449,-0.48722430434936953
AIT-2025-05-003,MCHP,0.6206495399830125,0.6631419824853891,0.41393994322420297,0.5288718841530963,0.48404287099590415
AIT-2025-05-003,MU,-0.18332394624630485,-0.9268578954960441,-0.8042702311870403,-0.5049224014374204,-0.2741739796533708
AIT-2025-05-003,MSFT,-0.027090595009083656,-0.5341813042305046,-0.21297859124423302,-0.45556935813743293,-0.3923080750075699
AIT-2025-05-003,MPWR,-0.21610759129445747,-0.8171697795566532,-0.473856385024715,-0.6824150721713219,-0.557052518727352
AIT-2025-05-003,NVDA,-0.5894102083647181,-0.8757342474836418,-0.05834957045752057,-0.4321674040399918,-0.8112799336915127
AIT-2025-05-003,NXPI,0.017229795085485514,1.247483022702244,0.6292776889197585,0.3057937502911813,0.01481176831490534
AIT-2025-05-003,PLTR,0.23067270818326482,-0.15670435639890615,0.17164907407461868,0.3329395802576893,0.1548626360679844
AIT-2025-05-003,PANW,-0.07616611358560374,0.4754148230665878,0.36285101452042606,-0.105969284772244,-0.34652709043283025
AIT-2025-05-003,PDD,-0.7497670734624744,-0.6149870523836383,0.7456475822306855,0.15800024135434854,-0.3144733621454929
AIT-2025-05-003,QCOM,-0.10924883530486175,0.4675315972606953,0.3478538366007114,-0.09672231102052678,0.04904679100798909
AIT-2025-05-003,ROP,0.08152070280805947,-0.8990858487636326,-0.1457800046631259,-0.20152743340852994,-0.3341000876275072
AIT-2025-05-003,STX,0.6759158521061761,1.9929678890880458,1.150604011247009,1.127427029382782,1.0190030889742612
AIT-2025-05-003,SHOP,1.7954818187680388,-0.3432336387236953,-0.00825818462977688,0.037698745440827346,0.08199586797429151
AIT-2025-05-003,MSTR,-0.41873198591830824,0.16854821371916728,-0.5035293746565856,-0.8205130757949117,-1.036433923009259
AIT-2025-05-003,SNPS,-0.5772711563982017,-0.9826953546465785,1.4097820313851406,0.9071473638482428,0.5216788285601501
AIT-2025-05-003,TXN,0.40989747336812843,0.5644796373858311,0.5686171457769662,0.2692396295805665,0.04580510608664449
AIT-2025-05-003,TRI,0.9690872153920534,0.4280544477637519,0.7729035210270178,0.8524676542927149,0.908342163886225
AIT-2025-05-003,WDC,-0.2960921514503452,-0.461290237216331,-0.3573674407313146,-0.37739055922427145,-0.29885199154732434
AIT-2025-05-003,WDAY,-0.48538653051702,2.1751817551193158,1.3588091431735316,0.4960001986790799,0.24345412407984998
AIT-2025-05-003,ZS,0.8050280979186686,0.4039043837973817,1.1446906594782496,1.3136385365832763,0.9814233601916122
AIT-2025-05-004,ADBE,-0.162391718217244,-0.48937590149754484,-0.6563367590463142,-0.4741872169365035,0.08773144558337075
AIT-2025-05-004,AMD,1.148202397910958,-0.10698287425248304,-0.37698769817852246,-0.33048201846134256,0.18023227879074696
AIT-2025-05-004,GOOGL,1.2618312721678493,1.9915096868051978,1.4617669379668816,1.1664771826016367,0.7690113555850094
AIT-2025-05-004,GOOG,1.2591134711163101,2.0588235348665878,1.516341097123162,1.1844761448239298,0.8441940373104718
AIT-2025-05-004,ADI,0.31460945666780854,0.28367706486475375,0.9461345267688278,0.8080598183743818,0.40190759975327445
AIT-2025-05-004,AAPL,0.13932548576578682,0.06403305929181216,0.23577851142187825,0.11039638012101381,0.0957118732984216
AIT-2025-05-004,AMAT,0.26104894505323073,-0.46650792803549856,-0.11078347146170603,0.09278386078253939,-0.09448083936192092
AIT-2025-05-004,APP,0.566478882271607,0.2877668398190923,0.23810921079452307,0.14889706500268626,-0.014823246522524522
AIT-2025-05-004,ARM,0.5758920365645612,-0.6988808054515518,-0.6894915415123676,-0.6290013936537469,-0.6122339705899088
AIT-2025-05-004,ASML,-0.5158151570760732,-1.1668761419169993,-0.7383455042986781,-0.6928489790677813,-0.4425366610481352
AIT-2025-05-004,ADSK,-0.2556484968985266,0.3590726890117971,0.9115257127278981,0.6325222466247165,0.06488576680986564
AIT-2025-05-004,AVGO,-0.5924246779033342,-1.3177740402236755,-1.0859096797343666,-0.6245851855965824,-0.32837730056793457
AIT-2025-05-004,CDNS,-0.2152981998048814,-0.3146798629843724,0.01025733418277297,0.3030994144325156,-0.11348014418356248
AIT-2025-05-004,CTSH,-0.005973330397464233,-0.0414041947238893,-0.3599463320519872,-0.04543745827615841,-0.21831929868613473
AIT-2025-05-004,CRWD,-0.18449248860708675,-0.49519664342591374,-0.31792694366871105,0.26834027490289397,-0.030519313757143778
AIT-2025-05-004,DDOG,0.5930853257157933,-0.36736853819494364,-0.4794618538933027,-0.0912714655151495,0.13409911995832016
AIT-2025-05-004,DASH,0.6046496683964999,1.0035384583900298,0.7331209878458455,0.5984684491210621,0.2815262990148224
AIT-2025-05-004,FTNT,0.771795022949449,-0.16496959543489265,-0.31003895326993014,0.09572600580860492,-0.19142917675162294
AIT-2025-05-004,INTC,-0.36800335966248293,-0.7943928320476066,-0.6963167846714149,-0.4014139143857456,-0.03916485284868031
AIT-2025-05-004,INTU,0.03402861677469899,-0.5533363457213052,1.276639541506333,0.8804910749755342,0.35123534814457946
AIT-2025-05-004,KLAC,0.3089234756634058,0.10665439669766578,-0.1416916550629109,-0.09795657354736162,0.33266382034727515
AIT-2025-05-004,LRCX,-0.5712706689195849,-1.3219492118802298,-1.137150378173793,-0.8731636166951461,-0.6925910321890099
AIT-2025-05-004,MRVL,0.5325781391487521,0.6708768974660388,0.8727953828186443,1.2299786655879772,1.0851014392182532
AIT-2025-05-004,META,0.1413993339067322,-1.0973476281029768,-1.0970537596132124,-0.6588503205928488,-0.6388826560757396
AIT-2025-05-004,MCHP,0.6471269976044678,-0.35412773139479714,0.23210491645971876,0.34597188670494733,0.349020284427001
AIT-2025-05-004,MU,-0.17827106743001375,-1.1005729542982239,-1.0711737192164863,-0.7851363942394081,-0.44861308976628517
AIT-2025-05-004,MSFT,-0.019670855009924024,-0.5856062267079962,-0.4771313574216179,-0.4789000696045788,-0.5719428002505818
AIT-2025-05-004,MPWR,-0.1459721881332557,-0.9565089531651508,-0.6975886272875961,-0.6600180108230349,-0.6538687684954769
AIT-2025-05-004,NVDA,-0.5971796419987583,-0.6611732037434855,-0.5954331627339574,-0.4035753683037735,-0.8108276252827671
AIT-2025-05-004,NXPI,-0.014912533419657691,-0.29461283406087385,0.42841320931172383,0.3083993490725488,-0.055228255947358494
AIT-2025-05-004,PLTR,0.5858066302609339,-0.13839284241554983,-0.09336966382822705,0.2046792623828459,0.15969842187106179
AIT-2025-05-004,PANW,-0.4577962717342545,2.414624862512391,0.8657166499860928,0.4912756424964599,-0.17917763410803006
AIT-2025-05-004,PDD,-0.7490468509507615,-1.2223257845075994,0.05334151230371942,0.07039192532713073,-0.38799949266203176
AIT-2025-05-004,QCOM,0.052211299283056005,-0.2598208351288311,0.10108619497440925,-0.009314141163229287,-0.06957534024039905
AIT-2025-05-004,ROP,0.06029088385435724,-0.35926174561158686,-0.6422736724584198,-0.23044189598619588,-0.4294915561903657
AIT-2025-05-004,STX,0.6508005392177296,0.8852004217038377,1.2915553726963573,1.0764254251961158,0.9670458882284378
AIT-2025-05-004,SHOP,1.9700205852269752,0.31791855255807705,-0.023316577877768214,-0.0001870839619816567,0.06747666926657886
AIT-2025-05-004,MSTR,-0.5113015722985925,-0.3528056581292926,-0.3298601479080067,-0.7047319861158772,-1.0010572092400838
AIT-2025-05-004,SNPS,-0.542031667715865,-0.7304879108667187,0.09643522961908306,0.6719424088224026,0.4056251376002993
AIT-2025-05-004,TXN,0.3219092964524886,0.36268284374430604,0.4103106130913048,0.34220098723369463,0.009618563388684434
AIT-2025-05-004,TRI,0.8358790337420197,1.2513521379530892,0.865711436163655,0.9408198411199185,0.9243877512806469
AIT-2025-05-004,WDC,-0.22634235539700834,-0.39567076528269735,-0.3528505839273939,-0.5148385853682839,-0.3392938229554611
AIT-2025-05-004,WDAY,-0.6593515268184637,-0.6848394988546593,0.8487320264906506,0.46774907310717423,0.10125525947684165
AIT-2025-05-004,ZS,0.7588222044971596,0.5674415924545926,0.42272526105487257,1.2402094732496192,0.9134502305284904
AIT-2025-05-009,ADBE,-0.33052257310678934,-0.9703775143786579,-0.3401140566725489,-0.34235706157446044,0.42633904973528775
AIT-2025-05-009,AMD,0.42867577781683125,-0.7319096738108708,-0.36406449446172046,-0.18328181713336456,0.7687274837862561
AIT-2025-05-009,GOOGL,1.2469307721740928,0.3671231600587178,0.7287864597277801,0.7460524453605313,0.6519900475107401
AIT-2025-05-009,GOOG,1.3168954950733776,0.617425297402336,0.7610704491356439,0.6796181227346761,0.7666372900475835
AIT-2025-05-009,ADI,0.7136477841865205,0.42345133477450636,0.633334130012222,0.48416011789518015,0.2606330147939637
AIT-2025-05-009,AAPL,0.1833568885315916,-0.007809779334611397,-0.03849544103341545,0.18915170466555714,0.1444557889827043
AIT-2025-05-009,AMAT,0.4946618239709124,0.11685854349713817,0.32577685742698653,0.12775528453481186,0.06839770332556881
AIT-2025-05-009,APP,0.18242820523538794,0.09575860411275729,0.06471900350069551,0.009284733797105855,-0.0860499230770335
AIT-2025-05-009,ARM,-0.35277051057701203,0.5295108290517472,-0.4113636372067817,-0.4619632227864026,-0.4653667328798462
AIT-2025-05-009,ASML,-0.6120179573550635,-0.5247619802336685,-0.5747835246022709,-0.32109067124794005,-0.17363122673286235
AIT-2025-05-009,ADSK,0.6721990932551508,-0.012659721400173685,0.31175448138352574,-0.10594829432235739,-0.061492392142571864
AIT-2025-05-009,AVGO,-0.8193608421878996,-0.4896358108452296,-0.11414515960295801,0.11768107617665305,-0.008790086435983162
AIT-2025-05-009,CDNS,-0.46673793574361255,3.182884657015149,1.1609652864140243,0.555125572723108,0.1449546714872841
AIT-2025-05-009,CTSH,-0.1526849996696643,-0.4524473515371699,0.19296136506789152,-0.15675155958934686,0.05954186834760797
AIT-2025-05-009,CRWD,-0.6294067386232329,-0.4186590999121913,0.8144252818187074,0.37775270331598565,0.08890757614671095
AIT-2025-05-009,DDOG,0.0397838735446516,-0.5836165647936077,0.15070320661391126,0.2367152572709398,0.22496620653226382
AIT-2025-05-009,DASH,0.37022561197540255,0.5615205677119053,0.6070741265193418,0.2747098198338956,0.28807420307594783
AIT-2025-05-009,FTNT,-0.09710807965067003,-0.1433439431648352,0.4360296009373726,0.0169619251213434,-0.2049714357119494
AIT-2025-05-009,INTC,-0.42568623209013257,-0.7662696002444026,-0.19814267550776887,0.16722013291369447,0.20946722571401097
AIT-2025-05-009,INTU,0.4453687289892792,0.7517945110792006,0.5648349835471936,0.15882533698054355,0.12071356792874033
AIT-2025-05-009,KLAC,0.16470447029190716,-0.2809694668549595,-0.0728277196911692,0.34144885140341225,0.47397306259098276
AIT-2025-05-009,LRCX,-0.9110662592888173,-0.8286494915190722,-0.5362197943021926,-0.4085187401574894,-0.3319018050692512
AIT-2025-05-009,MRVL,0.46272646541384865,1.7517650675843668,1.549439559256646,1.1788043880954222,1.2831377969562792
AIT-2025-05-009,META,-0.43829134499607925,-1.0458874976273953,-0.2506880126199421,-0.31837759879334426,-0.3544292143973227
AIT-2025-05-009,MCHP,0.18080771141999621,-0.14695030886471594,0.40895944300580683,0.562025183629068,0.35072515934842347
AIT-2025-05-009,MU,-0.33470618183739265,-1.3575637446044122,-0.6290261117231593,-0.2669426561304024,0.08585295255962219
AIT-2025-05-009,MSFT,-0.12849630307100435,-0.8977031613196668,-0.47879894153804076,-0.5650291083518482,-0.340126303888769
AIT-2025-05-009,MPWR,-0.5759472487733495,-0.8929242173710841,-0.620736128864588,-0.6148968419115238,-0.6018013273389048
AIT-2025-05-009,NVDA,-0.3758666227277119,0.8175461369670951,0.0026749391912762968,-0.5019726655177053,-0.7299934945809528
AIT-2025-05-009,NXPI,0.14933120783701276,-0.5118278172915265,0.09901849893195884,-0.029928720789891526,-0.17979248036767292
AIT-2025-05-009,PLTR,0.028507157773689853,-0.3600091310791276,0.3874493247473724,0.35746869372287093,0.09834607012860981
AIT-2025-05-009,PANW,0.6586523115561986,-0.44097841581840763,-0.031958050475583144,-0.5344258433057615,-0.42228158451875714
AIT-2025-05-009,PDD,-0.7795723051423802,0.933320993252311,0.2625884422757508,-0.18653000956408483,-0.49085614696926455
AIT-2025-05-009,QCOM,-0.0028019231318465484,-0.5006665337238658,-0.14059705850825602,-0.0850290108424955,-0.0978795673997855
AIT-2025-05-009,ROP,-0.1272605158110578,0.10230309796319131,0.0849078913641305,-0.22014384387322516,-0.23617313550725733
AIT-2025-05-009,STX,1.0940811031708924,0.3847230391960325,0.8345884394354619,1.0555326830851564,0.8739163162948678
AIT-2025-05-009,SHOP,0.9994035098847641,-0.16677820948122551,-0.0021827165427540534,0.19126987029072084,0.18458294840274542
AIT-2025-05-009,MSTR,-0.41183966023081264,-1.1430156592073333,-1.1580165722171138,-1.2573725487237537,-1.1982289132063326
AIT-2025-05-009,SNPS,-0.6492307686945039,3.6557884306260737,1.8357638424868348,1.191728258993488,0.5746912579183397
AIT-2025-05-009,TXN,0.29358092173262496,-0.3498602722530175,0.20190363442067313,0.10075256891014762,-0.07765943998885909
AIT-2025-05-009,TRI,0.7592769227101904,0.6544541142571623,0.9828732627288653,0.9086676972617999,0.8427103352206881
AIT-2025-05-009,WDC,-0.1967137992308721,-0.5268625571026694,-0.5827459594893775,-0.3588935157468372,-0.3041120527317026
AIT-2025-05-009,WDAY,0.0792854118656863,0.6203345210177209,0.11615003736382117,-0.1779050837595295,-0.017539366610544282
AIT-2025-05-009,ZS,0.7311668407625838,1.1748143681636938,1.9226492376784625,1.293458211695387,0.9772511949002363
AIT-2025-05-012,ADBE,-0.162391718217244,-0.48937590149754484,-0.6563367590463142,-0.4741872169365035,0.08773144558337075
AIT-2025-05-012,AMD,1.148202397910958,-0.10698287425248304,-0.37698769817852246,-0.33048201846134256,0.18023227879074696
AIT-2025-05-012,GOOGL,1.2618312721678493,1.9915096868051978,1.4617669379668816,1.1664771826016367,0.7690113555850094
AIT-2025-05-012,GOOG,1.2591134711163101,2.0588235348665878,1.516341097123162,1.1844761448239298,0.8441940373104718
AIT-2025-05-012,ADI,0.31460945666780854,0.28367706486475375,0.9461345267688278,0.8080598183743818,0.40190759975327445
AIT-2025-05-012,AAPL,0.13932548576578682,0.06403305929181216,0.23577851142187825,0.11039638012101381,0.0957118732984216
AIT-2025-05-012,AMAT,0.26104894505323073,-0.46650792803549856,-0.11078347146170603,0.09278386078253939,-0.09448083936192092
AIT-2025-05-012,APP,0.566478882271607,0.2877668398190923,0.23810921079452307,0.14889706500268626,-0.014823246522524522
AIT-2025-05-012,ARM,0.5758920365645612,-0.6988808054515518,-0.6894915415123676,-0.6290013936537469,-0.6122339705899088
AIT-2025-05-012,ASML,-0.5158151570760732,-1.1668761419169993,-0.7383455042986781,-0.6928489790677813,-0.4425366610481352
AIT-2025-05-012,ADSK,-0.2556484968985266,0.3590726890117971,0.9115257127278981,0.6325222466247165,0.06488576680986564
AIT-2025-05-012,AVGO,-0.5924246779033342,-1.3177740402236755,-1.0859096797343666,-0.6245851855965824,-0.32837730056793457
AIT-2025-05-012,CDNS,-0.2152981998048814,-0.3146798629843724,0.01025733418277297,0.3030994144325156,-0.11348014418356248
AIT-2025-05-012,CTSH,-0.005973330397464233,-0.0414041947238893,-0.3599463320519872,-0.04543745827615841,-0.21831929868613473
AIT-2025-05-012,CRWD,-0.18449248860708675,-0.49519664342591374,-0.31792694366871105,0.26834027490289397,-0.030519313757143778
AIT-2025-05-012,DDOG,0.5930853257157933,-0.36736853819494364,-0.4794618538933027,-0.0912714655151495,0.13409911995832016
AIT-2025-05-012,DASH,0.6046496683964999,1.0035384583900298,0.7331209878458455,0.5984684491210621,0.2815262990148224
AIT-2025-05-012,FTNT,0.771795022949449,-0.16496959543489265,-0.31003895326993014,0.09572600580860492,-0.19142917675162294
AIT-2025-05-012,INTC,-0.36800335966248293,-0.7943928320476066,-0.6963167846714149,-0.4014139143857456,-0.03916485284868031
AIT-2025-05-012,INTU,0.03402861677469899,-0.5533363457213052,1.276639541506333,0.8804910749755342,0.35123534814457946
AIT-2025-05-012,KLAC,0.3089234756634058,0.10665439669766578,-0.1416916550629109,-0.09795657354736162,0.33266382034727515
AIT-2025-05-012,LRCX,-0.5712706689195849,-1.3219492118802298,-1.137150378173793,-0.8731636166951461,-0.6925910321890099
AIT-2025-05-012,MRVL,0.5325781391487521,0.6708768974660388,0.8727953828186443,1.2299786655879772,1.0851014392182532
AIT-2025-05-012,META,0.1413993339067322,-1.0973476281029768,-1.0970537596132124,-0.6588503205928488,-0.6388826560757396
AIT-2025-05-012,MCHP,0.6471269976044678,-0.35412773139479714,0.23210491645971876,0.34597188670494733,0.349020284427001
AIT-2025-05-012,MU,-0.17827106743001375,-1.1005729542982239,-1.0711737192164863,-0.7851363942394081,-0.44861308976628517
AIT-2025-05-012,MSFT,-0.019670855009924024,-0.5856062267079962,-0.4771313574216179,-0.4789000696045788,-0.5719428002505818
AIT-2025-05-012,MPWR,-0.1459721881332557,-0.9565089531651508,-0.6975886272875961,-0.6600180108230349,-0.6538687684954769
AIT-2025-05-012,NVDA,-0.5971796419987583,-0.6611732037434855,-0.5954331627339574,-0.4035753683037735,-0.8108276252827671
AIT-2025-05-012,NXPI,-0.014912533419657691,-0.29461283406087385,0.42841320931172383,0.3083993490725488,-0.055228255947358494
AIT-2025-05-012,PLTR,0.5858066302609339,-0.13839284241554983,-0.09336966382822705,0.2046792623828459,0.15969842187106179
AIT-2025-05-012,PANW,-0.4577962717342545,2.414624862512391,0.8657166499860928,0.4912756424964599,-0.17917763410803006
AIT-2025-05-012,PDD,-0.7490468509507615,-1.2223257845075994,0.05334151230371942,0.07039192532713073,-0.38799949266203176
AIT-2025-05-012,QCOM,0.052211299283056005,-0.2598208351288311,0.10108619497440925,-0.009314141163229287,-0.06957534024039905
AIT-2025-05-012,ROP,0.06029088385435724,-0.35926174561158686,-0.6422736724584198,-0.23044189598619588,-0.4294915561903657
AIT-2025-05-012,STX,0.6508005392177296,0.8852004217038377,1.2915553726963573,1.0764254251961158,0.9670458882284378
AIT-2025-05-012,SHOP,1.9700205852269752,0.31791855255807705,-0.023316577877768214,-0.0001870839619816567,0.06747666926657886
AIT-2025-05-012,MSTR,-0.5113015722985925,-0.3528056581292926,-0.3298601479080067,-0.7047319861158772,-1.0010572092400838
AIT-2025-05-012,SNPS,-0.542031667715865,-0.7304879108667187,0.09643522961908306,0.6719424088224026,0.4056251376002993
AIT-2025-05-012,TXN,0.3219092964524886,0.36268284374430604,0.4103106130913048,0.34220098723369463,0.009618563388684434
AIT-2025-05-012,TRI,0.8358790337420197,1.2513521379530892,0.865711436163655,0.9408198411199185,0.9243877512806469
AIT-2025-05-012,WDC,-0.22634235539700834,-0.39567076528269735,-0.3528505839273939,-0.5148385853682839,-0.3392938229554611
AIT-2025-05-012,WDAY,-0.6593515268184637,-0.6848394988546593,0.8487320264906506,0.46774907310717423,0.10125525947684165
AIT-2025-05-012,ZS,0.7588222044971596,0.5674415924545926,0.42272526105487257,1.2402094732496192,0.9134502305284904
AIT-2025-06-002,ADBE,-0.545411259433307,-0.7486352980368668,-0.5899800685539978,0.40167175093071034,0.6591182210276133
AIT-2025-06-002,AMD,-0.3085325434120991,-0.2422913841747116,-0.0003878222645934311,0.5627034045759539,0.9879042594480626
AIT-2025-06-002,GOOGL,1.1064907790614997,0.5484168213220804,0.7392117716057198,0.3320510815298874,0.7630663599774294
AIT-2025-06-002,GOOG,1.1818107395965085,0.3671222694862699,0.5659890671317279,0.2925336508175988,0.8675371879257219
AIT-2025-06-002,ADI,1.0778566755224033,0.42207367287563097,0.37524173328268495,0.09640789115061076,0.1443232282730261
AIT-2025-06-002,AAPL,0.2910173340502433,-0.20909435746065091,0.2055844866381031,0.07250664783663151,0.37039520907538953
AIT-2025-06-002,AMAT,0.2214328386749196,-0.1598976535488924,-0.13828368661732052,-0.22404511559273066,0.011340085236921506
AIT-2025-06-002,APP,0.20057244289609144,-0.2914194760034524,-0.023493889266142754,-0.26859659232678273,-0.03598274109431885
AIT-2025-06-002,ARM,-0.3996742243497071,-1.337728673315045,-0.732463150996913,-0.6969269693324263,-0.4090913646864063
AIT-2025-06-002,ASML,-0.6091699179105262,-0.6798810641606285,-0.20017042063651316,-0.2216458181577609,-0.1875329060595486
AIT-2025-06-002,ADSK,0.9833821435671274,-0.2451601169657093,-0.5513541475456792,-0.5020199071428085,-0.12890575184829403
AIT-2025-06-002,AVGO,-0.8671985477862507,0.4092971832268406,0.48114281178173623,0.06776511313371295,0.035681203407592586
AIT-2025-06-002,CDNS,0.4724148345739455,-0.4005390483263222,-0.1254191436233728,-0.47972307787155005,-0.2756494976358148
AIT-2025-06-002,CTSH,-0.019056701916434222,-0.24774303314736276,-0.5024281001339715,-0.3768506825575454,0.06227665623751725
AIT-2025-06-002,CRWD,-0.29408972515768966,2.724860143050662,0.9275308904417198,0.28284693529237664,0.04956388141200866
AIT-2025-06-002,DDOG,-0.16518410406503142,0.3906563250794868,0.45989965641727076,0.2927194157332716,0.24708078381569815
AIT-2025-06-002,DASH,0.5754747381400143,0.6312404253241163,0.13371219302172677,0.0017986507890894227,0.38921494719253935
AIT-2025-06-002,FTNT,0.17385240339634178,-0.5596784638978165,-0.5625688739143466,-0.55254568845404,-0.327701736851352
AIT-2025-06-002,INTC,-0.4419191081808507,-0.07869138942931807,0.2513828906538604,0.3255387660911031,0.3389997628946375
AIT-2025-06-002,INTU,1.0062561717925662,-0.2743121898224697,-0.3161689922574688,-0.39502418884375706,0.000989440563417274
AIT-2025-06-002,KLAC,0.045668842925561934,-0.3774793619779934,0.36331450507769736,0.603145848333735,0.4341956440370501
AIT-2025-06-002,LRCX,-0.7721578283647312,-0.947394362276685,-0.47176739641243115,-0.5160899337089646,-0.35653081072126164
AIT-2025-06-002,MRVL,1.2070946979135007,1.1582078555951734,0.9648317207771858,0.7359739584921012,1.1730498525531599
AIT-2025-06-002,META,-0.898738320850015,-0.15240969302962662,-0.24469698501132356,-0.5089025693948329,-0.2944530794975476
AIT-2025-06-002,MCHP,0.17322890379590705,0.8772568220110504,0.7439314257589592,0.5249199514753492,0.2671595884868009
AIT-2025-06-002,MU,-0.8743444125399917,-0.3897325229131843,-0.00383673104498732,-0.09774090212360242,0.3538333543315641
AIT-2025-06-002,MSFT,-0.2584265391560527,-1.0143030504868689,-0.7834434898784254,-0.7404718969321277,-0.2281195320995082
AIT-2025-06-002,MPWR,-0.622779542192961,-0.6715379263500566,-0.6513177925304651,-0.6281095592646636,-0.6282696473795136
AIT-2025-06-002,NVDA,-0.22442217702300127,-0.8143273958842687,-0.9774845554920408,-1.1201074383174396,-0.9173837691194868
AIT-2025-06-002,NXPI,0.29235736016792685,0.6293849833457634,0.09919167536819219,-0.24255832989382461,-0.12874254525951587
AIT-2025-06-002,PLTR,0.056826338170446404,0.4168417262495829,0.32069973498102994,0.19342063317824068,0.13256007240421797
AIT-2025-06-002,PANW,0.776336728122204,-0.5303507089371395,-0.9757022875873069,-0.7994583668630724,-0.4809898396347797
AIT-2025-06-002,PDD,0.10105365878220264,-0.23609765248605608,-0.5532013635883496,-0.7211677564698123,-0.858695028330816
AIT-2025-06-002,QCOM,0.16896736729095896,-0.4359528386962239,-0.21739331474832835,-0.13621483432164083,0.0808271176178752
AIT-2025-06-002,ROP,-0.18660308222589805,-0.10898019987574004,-0.3714885240885086,-0.598017019623291,-0.2000239225108472
AIT-2025-06-002,STX,0.9751912068670249,1.392723111177649,1.3532426003240097,0.979763475904441,0.9762249753676777
AIT-2025-06-002,SHOP,0.09287174772973278,-0.02766465558068185,0.12251491395787735,0.13030032490678842,0.10591057148021718
AIT-2025-06-002,MSTR,-0.5234273863987492,-1.243386755666526,-1.2688191409587806,-1.3550616138678664,-1.041634513800165
AIT-2025-06-002,SNPS,0.7512107298565872,0.14599177871589047,0.37911831974234184,0.17969432297722332,0.20916470863174214
AIT-2025-06-002,TXN,0.4535604230683226,-0.10729786316410467,-0.0009015992594161951,-0.2539316833947672,-0.13845345620487667
AIT-2025-06-002,TRI,0.7616762583097599,1.1541954785959143,0.8253539363007567,0.9314999954225299,0.7856463102129486
AIT-2025-06-002,WDC,-0.36967587506491373,-0.6984319209440767,-0.1275864872207384,-0.19726968362491923,-0.24912540577506515
AIT-2025-06-002,WDAY,0.7123193714216991,-0.7499036428582555,-0.6188633943054453,-0.4107418237361394,-0.1327770985132815
AIT-2025-06-002,ZS,0.8712206602383427,1.498782602612851,0.8687766422978512,0.6969012197168637,0.690088439808372
AIT-2025-06-003,ADBE,-0.4944989625491139,-0.13921467142393884,1.2701431326377908,1.1371892173724694,0.9007910907107886
AIT-2025-06-003,AMD,-0.34757487066484,0.021879492737811757,1.1438981413781784,1.5244342471857608,1.0919588020689035
AIT-2025-06-003,GOOGL,0.628731341804396,1.0745513576660808,0.15517780728847433,0.58724265758517,0.6802632576385828
AIT-2025-06-003,GOOG,0.6211592344474894,0.6713992152588099,0.16029712078834266,0.7326601121449019,0.8029628016494228
AIT-2025-06-003,ADI,0.5514156204729727,0.310031916391708,-0.11724018626313244,0.0503174255092477,-0.04549116753827673
AIT-2025-06-003,AAPL,0.018562361669242036,0.4493456651213261,-0.038982396374123485,0.13295770005470972,0.2417752478127021
AIT-2025-06-003,AMAT,0.27476489191874415,-0.2589459962762557,-0.3251346603768742,-0.006720105739454459,-0.039476296174484664
AIT-2025-06-003,APP,0.07975785519740629,-0.5272814578615499,-0.5454785672285154,-0.2955155081237923,-0.2319320588904944
AIT-2025-06-003,ARM,-0.4321745861705615,-0.5455076940866181,-0.5507404688704646,-0.449436662702589,-0.3159861071887481
AIT-2025-06-003,ASML,-0.45189614099277026,-0.02140037821771676,-0.17016629962452393,-0.03767232132401994,-0.22009087399091606
AIT-2025-06-003,ADSK,0.08904337561009185,-0.7839648372431751,-0.6026964751760994,-0.17804386000381744,0.09862843186231
AIT-2025-06-003,AVGO,0.08898985779732753,-0.038009602522200536,-0.3334913303244906,-0.10716916257311473,-0.33648281843241545
AIT-2025-06-003,CDNS,0.6709986979213398,-0.5632917135630796,-0.7948763988182885,-0.4089283115365094,-0.28648184450816794
AIT-2025-06-003,CTSH,0.020071304355591086,-0.8462576801520482,-0.4318321207781231,0.13197980245633048,-0.05626737733648733
AIT-2025-06-003,CRWD,0.8215303343002611,-0.7818329357575814,-0.5340396932326578,-0.2523127304983311,-0.40028106784028256
AIT-2025-06-003,DDOG,0.13301570121885986,0.21927088528219962,0.1845245939563155,0.2229002793116103,0.9436446029632387
AIT-2025-06-003,DASH,0.4544265414583272,0.056200438883804216,-0.09148657632318276,0.2864203885500855,0.3065639754017229
AIT-2025-06-003,FTNT,0.15460758380240783,-0.24074854648924082,-0.497534206133783,-0.31246652993236107,-0.14570150637439921
AIT-2025-06-003,INTC,-0.20012740762593678,1.5482977521741186,0.6367580172467956,0.5638445021537938,0.32671110429586214
AIT-2025-06-003,INTU,0.5348558129702877,-0.4136510830074326,-0.47872592121742125,-0.050737491082801796,-0.06318122268281025
AIT-2025-06-003,KLAC,0.10372581614050112,1.0500761484980163,0.895487881264569,0.772765288034866,0.1429773138999237
AIT-2025-06-003,LRCX,-0.5372523885834991,-0.19950050344245332,-0.47066136602234887,-0.1745440213767191,-0.5500929595362101
AIT-2025-06-003,MRVL,1.4140902327093718,0.1715959357319503,0.40265868044075814,1.0664345492548895,0.9530341136893723
AIT-2025-06-003,META,-0.3033795301363549,-0.6972267915602404,-0.7568317347730343,-0.48280723364039113,-0.4538010250961748
AIT-2025-06-003,MCHP,0.4379421557576903,0.8868366205779994,0.3405219492789784,0.2626373540324323,0.007105358360192284
AIT-2025-06-003,MU,-0.37421800107289727,0.1361330198690304,-0.12106900543473714,0.21547966412543776,0.29486793558626406
AIT-2025-06-003,MSFT,-0.43632353445143557,-0.8233872474468202,-0.726647222497582,-0.2533660029854732,-0.29407886920299586
AIT-2025-06-003,MPWR,-0.6751555379090194,-0.1004677166473037,-0.44609166307746545,-0.4955655264160711,-0.6525476590156141
AIT-2025-06-003,NVDA,-0.24375364414195666,-1.3260858808662643,-1.280734631325916,-1.0227102206995815,-1.0301140316495243
AIT-2025-06-003,NXPI,0.046084200631727607,-0.1724530226909961,-0.5704880242753382,-0.39684857435678994,-0.3610686989396562
AIT-2025-06-003,PLTR,0.41494157271663656,0.12326666456410351,-0.018560679152994274,-0.15106145708658414,-0.10330683680846799
AIT-2025-06-003,PANW,-0.19756051378646763,-1.112780312315151,-0.709416425051704,-0.48081655248811495,-0.4077176203960924
AIT-2025-06-003,PDD,0.3346941836250492,-0.8805250642098247,-0.9175222300285734,-0.7847500791647944,-1.0882047141306757
AIT-2025-06-003,QCOM,-0.21962954446566915,0.38527032710607045,0.03006250704198136,0.01796625208534929,-0.07254273928317646
AIT-2025-06-003,ROP,-0.08295124005116387,-1.0822151258443398,-0.9212339304420714,-0.4718849677338609,-0.044880491424543756
AIT-2025-06-003,STX,0.8354038470385698,1.3231439695780725,0.6704609018094695,0.750714911215523,0.8783951619564344
AIT-2025-06-003,SHOP,0.09208648522652149,0.4359595172995558,0.07851634006813495,0.14487741170378166,-0.0436589899731544
AIT-2025-06-003,MSTR,-1.1506868570155604,-2.052942848032355,-1.6022318202275345,-1.3860499986712795,-1.1029732403618844
AIT-2025-06-003,SNPS,1.3747460686035484,0.07286295661276082,-0.05197238908602644,-0.08644972808635097,0.26514386370587967
AIT-2025-06-003,TXN,0.14705309881536055,-0.16696897971713218,-0.47815100771241603,-0.2615446678223525,-0.31847854275190884
AIT-2025-06-003,TRI,0.888307343364175,0.9582449600962497,0.9626228485602799,0.8021623894800958,0.674466011525704
AIT-2025-06-003,WDC,-0.32630314388755155,-0.49547804568498316,-0.21805073867897296,-0.2714541202673214,-0.2715737436563638
AIT-2025-06-003,WDAY,0.12394811263539667,-0.27736558026848235,-0.16962207538242388,0.08396620858409175,0.08841389272885823
AIT-2025-06-003,ZS,1.437082146724882,0.03808393954626002,0.36463798489698446,0.5136599508435439,0.4562399367468841
AIT-2025-07-001,ADBE,0.573209163249988,0.6546076970149671,0.11978162622574612,-0.2127133953971455,-0.013920248234501534
AIT-2025-07-001,AMD,0.9037936472913439,0.7304211023768903,1.168482170956132,0.9117768462153545,1.426482810770715
AIT-2025-07-001,GOOGL,0.704503561582129,0.43057416397737636,0.32871434452276693,0.5633391413325067,0.5725078638342199
AIT-2025-07-001,GOOG,0.7558975207410001,0.8297474077573797,0.479632058513695,0.5260432546405744,0.5495964269611203
AIT-2025-07-001,ADI,-0.14849662028005317,-0.3785742736611152,-0.621429080525961,-0.12767287663882063,-0.13872320420876974
AIT-2025-07-001,AAPL,0.3908596745295284,-0.18144886357268197,-0.36848043383009726,-0.23711986923695483,0.09189085158791602
AIT-2025-07-001,AMAT,-0.0987480856455946,-0.37176880585266014,-0.1347386624631005,-0.26950761037005616,-0.3150092965819813
AIT-2025-07-001,APP,-0.14085707543224427,-0.35245753255267925,-0.5651325498475361,-0.5440927255734649,-0.527276181722327
AIT-2025-07-001,ARM,0.12739534501072303,-0.6255182474782681,-0.12696204735084465,-0.11734083352109238,-0.09878283691402205
AIT-2025-07-001,ASML,-0.37208300116253473,-0.20726695217218835,0.5448658936372041,1.0151435185938125,0.6512563974355343
AIT-2025-07-001,ADSK,-0.0819394830865538,2.328710856686304,1.5367867454505102,1.0424636426747016,0.21342572301544216
AIT-2025-07-001,AVGO,-0.38367110440904795,-0.6372980924360225,-1.0225062976439878,-0.9395013067206622,-0.8806926772761879
AIT-2025-07-001,CDNS,-0.030345460489349725,-0.8325873882390262,-0.5598720046669011,-0.6722349263892705,-0.07844879086298191
AIT-2025-07-001,CTSH,-0.17279971640249403,-0.17689448493992327,-0.38022523479169007,-0.28956339174228546,0.3143968148782236
AIT-2025-07-001,CRWD,-0.39238283212450853,-0.6047474234243221,-0.6369306634079545,-0.6782954025006762,-0.8563063557255313
AIT-2025-07-001,DDOG,0.666415927926922,1.7288142147985457,0.9058175338313218,0.4005328675673445,0.28245024737157914
AIT-2025-07-001,DASH,0.44502106577897976,-0.32489149224325353,-0.3830957833780439,-0.49141182616562085,-0.45037647202466535
AIT-2025-07-001,FTNT,-0.3399290569150262,0.4180140907634575,0.12139655299769274,-0.3239248270612849,-0.3432994610650767
AIT-2025-07-001,INTC,0.13734328348105845,-0.5501151932762133,-0.7210325680065663,-0.7029171838336408,-0.16226353589480996
AIT-2025-07-001,INTU,-0.11344288354345476,0.03450344803141413,-0.5337335003552253,-0.5161600906077581,-0.3644284760036955
AIT-2025-07-001,KLAC,-0.48797858504244346,-1.1155880018694668,-1.010219208650503,-0.6374066031489928,-0.37321177390383575
AIT-2025-07-001,LRCX,-0.7004003262258305,-1.4009130084442103,-0.6718651218808843,-0.5593202916495974,-0.2915561617370954
AIT-2025-07-001,MRVL,0.8767835363257492,0.044961072173220096,0.08091626498022637,0.029227240803286147,0.14900030117540086
AIT-2025-07-001,META,-0.30730274329874885,-0.6207953169764476,-0.5642378775998992,-0.6373423302077497,-0.2665249313996277
AIT-2025-07-001,MCHP,-0.4786963725668881,-0.45080385451257765,-0.704055394013932,-0.4457262643961737,-0.2212273241804002
AIT-2025-07-001,MU,0.7060383782304522,-0.4207478440069081,0.14742064466535382,0.21560856665691877,-0.09806502968156439
AIT-2025-07-001,MSFT,-0.1269228933097236,-0.5360903889909248,-0.9160892725168073,-0.8366076694532119,-0.3477144949313838
AIT-2025-07-001,MPWR,-0.8371467228324517,-0.8925537698104196,-0.6850944039648971,-0.8412798283832643,-0.5537524964920942
AIT-2025-07-001,NVDA,-0.6395970820983562,-0.9338001669845417,-0.9216718719663318,-1.109188026173112,-1.1962607832179397
AIT-2025-07-001,NXPI,-0.23224455335429253,-0.7410179485635278,-0.4564965665742169,0.12443852125527564,-0.0034423973131599535
AIT-2025-07-001,PLTR,-0.1806950927684628,-0.47042587380229506,-0.5792259288687057,-0.8269687836189313,-0.7627210064978911
AIT-2025-07-001,PANW,-0.3761357406567891,0.23866730087816546,-0.001892074394213646,-0.21256832397273479,0.6918222745469735
AIT-2025-07-001,PDD,-1.1875290455794136,-1.561809925434309,-1.153358620205806,-0.5980384631188549,-0.7798848384188803
AIT-2025-07-001,QCOM,-0.006553143392481176,-1.3135547887962435,-0.7311427470606408,-0.49505550752965705,-0.024526692710248765
AIT-2025-07-001,ROP,-0.06897787999281743,1.4102047207216748,0.8283771035016131,0.8176806234837627,0.41298532863284204
AIT-2025-07-001,STX,0.706277732249683,1.4076618434976407,0.3584960886817401,0.41507476561019546,0.534258065839306
AIT-2025-07-001,SHOP,-0.2443608255828681,-0.3382243869274716,-0.09676111509360145,0.052850338140673796,0.06314644057952316
AIT-2025-07-001,MSTR,-0.7984843775935188,-0.6912233341596328,-0.4969443374910885,-0.6914493212435535,-1.0365257178536926
AIT-2025-07-001,SNPS,0.41422549375131557,0.3021589414631145,2.0278702397793915,2.158870595241032,1.494273591870974
AIT-2025-07-001,TXN,-0.32719801144962324,-0.679572161618187,-0.47712958201923006,0.18470470760175414,0.2779263561100974
AIT-2025-07-001,TRI,0.3775967779649962,0.3032281449365023,2.3212260557636424,2.3207812449864273,2.544202068016851
AIT-2025-07-001,WDC,-0.44311576010854903,-0.470747097055531,-0.5901330908836045,-0.6370810514160281,-0.14023647047225346
AIT-2025-07-001,WDAY,-0.09480737878311134,0.4629357810111709,0.1686224368093743,0.1473682563122376,0.24069433690412093
AIT-2025-07-001,ZS,0.29809466461847417,0.5856028063752591,0.1522057485352122,-0.11405710312597785,-0.3244159408556868
AIT-2025-07-005,ADBE,0.10289723833769672,-0.5979459089894956,-0.7307959842912978,-0.09207764069975663,0.0876031324138727
AIT-2025-07-005,AMD,0.7923728324672865,0.41097040188126305,0.7457408635866319,1.258014578238617,1.543605851451359
AIT-2025-07-005,GOOGL,0.2990960579432847,0.9489802620018916,1.1348157804568706,0.8511300852129501,0.3343467991776595
AIT-2025-07-005,GOOG,0.3602177576140609,0.5533530104825906,0.9839773664121664,0.7597758137909928,0.2575022879738749
AIT-2025-07-005,ADI,-0.4859133503666801,0.5774699103935188,0.5647158632528652,0.22092199961217512,0.015088861793095595
AIT-2025-07-005,AAPL,-0.3141704421189006,-0.052698458940403724,-0.3135026440377875,0.24239464178734546,0.4872951738866694
AIT-2025-07-005,AMAT,-0.07453094407866773,-0.24273626373053236,-0.41874270297903937,-0.34706902973724785,0.02932804804748138
AIT-2025-07-005,APP,-0.7032010948955516,-0.4395073885226588,-0.9967267626098212,-0.77625924433259,-0.3297354552723014
AIT-2025-07-005,ARM,-0.023886832788549323,0.1939129383229826,-0.6146640531946282,0.01153529186198704,-0.2437008073703298
AIT-2025-07-005,ASML,0.5322403114908851,1.4761162083927992,1.1668497942199718,0.7456788679468068,0.2712381120470964
AIT-2025-07-005,ADSK,1.1032426286842902,-0.026216817095776473,-0.3820987093495029,-0.4355952946202804,-0.2124870499187492
AIT-2025-07-005,AVGO,-0.9928541393465782,-0.8463546471723593,-0.9978900701659884,-0.7829078098177412,-0.868112891339416
AIT-2025-07-005,CDNS,-0.4486254893484765,-1.1265295353195133,-0.17596671846936598,0.4021998297432468,-0.09092525466527752
AIT-2025-07-005,CTSH,-0.4617599987811334,-0.8108163369517181,-0.35322470265022204,0.5064611097771479,0.5517793101102865
AIT-2025-07-005,CRWD,-0.6988567702437941,-0.7750286482421497,-1.0406977642700117,-0.9751531256668359,-0.7942491615628827
AIT-2025-07-005,DDOG,1.6246241353868596,-0.38524246328497935,-0.5077215824407539,-0.18787578566499696,0.31949687562362156
AIT-2025-07-005,DASH,-0.24391728997393822,-1.0405748325368074,-0.8613862861680466,-0.6966166639332676,-0.19209129594656202
AIT-2025-07-005,FTNT,0.09928456798093904,-0.8466593771207993,-1.467765230393553,-0.7651234994478309,1.0122806406208322
AIT-2025-07-005,INTC,-0.4662216284959731,-0.6900893404544213,0.40105133043935,0.27149270076029264,0.7204916100218683
AIT-2025-07-005,INTU,-0.6085161939511037,-0.8510698922677735,-0.2528850405671557,-0.14584314988608815,-0.06164609753357809
AIT-2025-07-005,KLAC,-0.7969146502586176,-0.10204245453291805,-0.512597271630315,-0.06293367562654555,-0.16748419322735886
AIT-2025-07-005,LRCX,-0.6607916577101298,-0.3572114238419427,-0.46113553503421584,-0.0041231509184380954,0.05086111268425601
AIT-2025-07-005,MRVL,0.12958755676794098,-0.12237835992072021,-0.39239241576889333,0.1684655727304044,-0.08098683599524399
AIT-2025-07-005,META,-0.6630317772990822,-0.9877912222744333,-0.9958332209627877,-0.03022155571346273,-0.3476622079233613
AIT-2025-07-005,MCHP,-0.4964023060972773,-0.3304270549705703,0.2547138192980931,0.16661613028642014,0.17543817729660807
AIT-2025-07-005,MU,0.30105709604871467,0.4566139329112056,-0.23665605945936774,-0.20697455960418457,-0.22368688986860258
AIT-2025-07-005,MSFT,-1.0378140855386069,-1.2752811035666074,-0.9408675483341228,-0.11622121396902446,-0.14950767068969828
AIT-2025-07-005,MPWR,-0.7861148294460159,-0.9029441830249598,-1.1966764360475988,-0.43677500461174534,-0.48015429117101743
AIT-2025-07-005,NVDA,-1.0663147079015374,-1.2826037720368344,-1.5411233985937163,-1.2214454655686209,-1.3477469206409562
AIT-2025-07-005,NXPI,-0.4525224112777445,2.0185177561647736,0.7652403001047259,0.2827504143405075,0.26963337339607624
AIT-2025-07-005,PLTR,-0.5926247621498562,-1.2614986170091054,-1.140531858797104,-1.0915467451232155,-0.7972119263192559
AIT-2025-07-005,PANW,-0.21843637632678972,0.22013838761382742,-0.8253342764626366,1.1698101481814571,1.597257061310996
AIT-2025-07-005,PDD,-0.9702683954165605,0.03265109890367926,-0.25218984559380664,-0.4688049606321304,-0.6612270443390312
AIT-2025-07-005,QCOM,-0.5796322531292891,-0.18715040998850083,-0.4267657669962881,0.39439487803419554,0.022789637327885866
AIT-2025-07-005,ROP,0.6476788830213835,1.303237376908378,0.27267410398757663,0.2843746553491414,0.36892627072649653
AIT-2025-07-005,STX,0.45688946629038607,0.13135431780655338,0.015449050848773219,0.5666846985865406,0.08206511010318658
AIT-2025-07-005,SHOP,-0.044074084314581125,-0.05719073989649259,-0.327611131051569,-0.2234269517617198,0.06770070233661823
AIT-2025-07-005,MSTR,-0.915324478195498,-1.250420334359104,-1.5017806922835881,-1.2470163708942803,-1.221965901824548
AIT-2025-07-005,SNPS,1.7589097080198322,2.1138815871759187,1.4431115460099557,1.206979428856899,0.504035577295693
AIT-2025-07-005,TXN,-0.39964744520804557,1.1428006210676371,1.37410852536666,0.8826514175348028,0.3703821515242411
AIT-2025-07-005,TRI,1.8794239102288843,2.497835503059399,3.2221830526095645,2.565673153043225,2.6007633081386268
AIT-2025-07-005,WDC,-0.40458632808681627,-1.01101646405179,-0.40071759814607616,0.22677378180167435,-0.04515013913002229
AIT-2025-07-005,WDAY,0.27275164357640325,0.18886116034787803,-0.121636878204248,0.209824358795814,0.5724336366166637
AIT-2025-07-005,ZS,0.07540861965274136,-0.8704417911880373,-1.0382093436809736,-0.5425046201235165,-0.7095893280556573
AIT-2025-07-006,ADBE,0.5648389210013988,-0.08137429639193776,-0.21657216427978554,-0.4828476450471237,-0.033763467749611434
AIT-2025-07-006,AMD,0.3849593853737173,0.6762554317796119,1.163853108091432,0.9046965177445454,1.5209853753700133
AIT-2025-07-006,GOOGL,0.7452275758566579,0.27137579093927655,0.25825945014847734,0.7443754503278281,0.537992532554325
AIT-2025-07-006,GOOG,0.7873848961462361,0.29088911167784526,0.2520151818705203,0.6493370960303536,0.4483188058883918
AIT-2025-07-006,ADI,-0.138904826813543,-1.1746539476752815,-0.6377994415372056,-0.0242388560253998,-0.14077404203625493
AIT-2025-07-006,AAPL,0.39343210961920944,-0.6318334719759999,-0.322446505181472,-0.2669842020285442,0.30201568789840705
AIT-2025-07-006,AMAT,-0.03442496882268586,-0.3810185684815314,-0.21233920049925226,-0.2763664176703852,-0.33326957609172336
AIT-2025-07-006,APP,-0.2424727739951772,-0.3868463743037369,-0.5772009096869711,-0.7261136897600721,-0.3315585181816358
AIT-2025-07-006,ARM,0.005057685946627021,-0.03766356980393476,0.08323865796868514,-0.2553960982052393,-0.08540917326972723
AIT-2025-07-006,ASML,-0.493018590491877,-0.6386021077241397,1.1507525057766317,1.1830149682908704,0.6359145234014641
AIT-2025-07-006,ADSK,0.12796076616012547,1.9835873900860541,1.0687544747389544,0.5323935960392933,0.00533012690501011
AIT-2025-07-006,AVGO,-0.5586504630351469,-1.4641776855808886,-1.140034125817907,-1.0485892370164709,-0.936311220161158
AIT-2025-07-006,CDNS,-0.13876544052995587,-0.44587242308726444,-0.523793628757231,-0.4587863045285163,-0.052440722304912
AIT-2025-07-006,CTSH,-0.45033264562591463,-0.5174838902942265,-0.10401161747238274,-0.2483334151188757,0.35564606737348725
AIT-2025-07-006,CRWD,-0.6586211473947128,-0.14322638432054396,-0.7057074773658506,-0.8005105173877193,-0.7370830254588588
AIT-2025-07-006,DDOG,1.7035883837700223,0.8879964774764093,0.34395122344341517,0.03558640881846595,0.35593367904557427
AIT-2025-07-006,DASH,0.28413016382995226,-0.5089940469811849,-0.3374701800601709,-0.56298040785409,-0.27694679447433673
AIT-2025-07-006,FTNT,-0.07808257959308623,0.33233306839294635,-0.20895862122956324,-0.7262252493336425,0.09778932734788996
AIT-2025-07-006,INTC,0.13902133958711912,-1.0739897238688947,-0.8113331478021707,-0.26517859401452115,-0.057167634337022814
AIT-2025-07-006,INTU,-0.22227130673031223,-1.1561366651261342,-0.7829984864915568,-0.6095409023137229,-0.3891546841394824
AIT-2025-07-006,KLAC,-0.6338071702693356,-1.6026708371713534,-0.8092402900407216,-0.652830727725674,-0.3626180913511347
AIT-2025-07-006,LRCX,-0.8356599088409135,-0.6893401228841699,-0.4366682349407092,-0.4221065849786559,-0.21148226825415925
AIT-2025-07-006,MRVL,0.7378040834501127,-0.5191587813136344,0.12177873477986988,-0.11448796089259973,0.0964997221612868
AIT-2025-07-006,META,-0.40916134049689545,-0.8103876208104219,-0.4393821016358312,-0.6858340956958582,-0.32839201046459765
AIT-2025-07-006,MCHP,-0.43854209014242607,-1.0475135144110548,-0.84383759369368,-0.276706705849923,-0.03565438631435333
AIT-2025-07-006,MU,0.5095609603589121,0.16642645660497252,0.45012782300181775,0.2170098951850303,-0.04091276302570331
AIT-2025-07-006,MSFT,-0.31886030683609246,-1.2044475154359786,-0.8192736503865374,-0.8350124329517353,-0.3770731357893218
AIT-2025-07-006,MPWR,-0.7869520403779662,-0.9347700048412962,-0.7402141604999587,-0.9856593057994997,-0.5374809163790657
AIT-2025-07-006,NVDA,-0.8639920181074718,-1.1532928477512765,-1.0494589630850295,-1.286361233222636,-1.260184950251748
AIT-2025-07-006,NXPI,-0.2770840654672865,-0.31667724530811353,-0.3198467424780373,0.212470594142612,0.005225950513593425
AIT-2025-07-006,PLTR,-0.14725914047147004,-0.5065946512789573,-0.7523371750310718,-0.9608121093413814,-0.750388760748463
AIT-2025-07-006,PANW,-0.4866061231437061,0.5873222951944955,-0.3337523642673377,-0.4471547542000796,0.8919102014608259
AIT-2025-07-006,PDD,-1.363480797910688,-0.913874242705652,-0.6527042061570018,-0.45119820189738424,-0.7472421941560343
AIT-2025-07-006,QCOM,-0.10522072458918269,-0.4698240944680604,-0.3631647439486992,-0.48525872632012296,0.028985295598095637
AIT-2025-07-006,ROP,0.21814302263119822,0.46759538841712367,0.37014789295159617,0.4023348513130871,0.19247732975174778
AIT-2025-07-006,STX,0.8117886915038545,-0.07810188770142902,0.10225230418075544,0.11577277617508855,0.3562021714368634
AIT-2025-07-006,SHOP,-0.35359574543586086,-0.06321681569014936,0.19809703756825126,-0.003236317614088652,0.17155138628263217
AIT-2025-07-006,MSTR,-0.8195911783393381,0.05093235066271354,-0.48564658931729343,-0.8797692878820814,-1.0333864622215243
AIT-2025-07-006,SNPS,0.5226159512060509,2.127429613730734,2.8994654892730076,2.2819957086244185,1.4552967929794094
AIT-2025-07-006,TXN,-0.3355184778370806,-0.44547175707072345,-0.45428433184611366,0.41823136053694737,0.34264789933476036
AIT-2025-07-006,TRI,0.3876609947641771,3.198502151200477,2.9596805134919943,3.1349350830681404,2.7553147413639656
AIT-2025-07-006,WDC,-0.1869328837137574,-0.7066124210080476,-0.6748709453861501,-0.49439713015041503,-0.13215285680002825
AIT-2025-07-006,WDAY,-0.034593776600082005,0.2054996767617629,0.11424298717491939,0.05144758288277326,0.26393147804466244
AIT-2025-07-006,ZS,0.19452273553757415,0.16872618709654513,-0.0014327960203468805,-0.45402251383426667,-0.3430548379164039
AIT-2025-07-007,ADBE,-0.5397584924078653,0.1099327928121552,0.4907419229886032,0.42652049711757994,0.15145871177776882
AIT-2025-07-007,AMD,0.8355099893565779,2.349716864665742,1.8274160843176173,2.1078559828705505,1.543224490426208
AIT-2025-07-007,GOOGL,0.7064292314748586,0.6101721297900069,0.48517716842790587,0.16723931673495526,-0.04617472830404815
AIT-2025-07-007,GOOG,0.5424698623505685,0.8020101271593103,0.46964877075290773,0.09313995053341131,-0.14652773501626937
AIT-2025-07-007,ADI,0.1328795712773334,-0.6318679510170515,-0.20278057277180764,-0.27170196458943785,0.09301297891677772
AIT-2025-07-007,AAPL,-0.22129481959788427,-0.3508708637739738,0.6286829977482227,0.9475044409097394,0.3317321344274696
AIT-2025-07-007,AMAT,-0.23847642560887522,-0.8443772323300631,-0.3544446071030746,-0.33201218860835735,0.17148237503181518
AIT-2025-07-007,APP,-0.6702010810981663,-1.2590614628334347,-0.6703278450194995,0.06844982055652099,-0.166082510923433
AIT-2025-07-007,ARM,-0.13896624086233494,-0.5929736196904668,0.5581214140460308,0.12703310035306184,-0.22196399905112024
AIT-2025-07-007,ASML,1.4963638445872531,0.8427964703960282,0.3242689827560404,-0.0440662340061164,-0.23420740062234474
AIT-2025-07-007,ADSK,0.5123766421038687,-1.1853816128127912,-0.7526671650142949,-0.47573414705503847,-0.36613116505410087
AIT-2025-07-007,AVGO,-0.9561684378339765,-0.9717476882849312,-0.6632654051864467,-0.8700326926125858,-0.831121989937901
AIT-2025-07-007,CDNS,-0.5773250654387847,1.5518491650001671,1.0626540799884838,0.3239588123458344,-0.1775274610283763
AIT-2025-07-007,CTSH,-0.17374617417150076,0.6812537572754088,1.2684357663640975,1.017788306525851,0.6351514231830592
AIT-2025-07-007,CRWD,-0.7551648444007042,-1.144665529572365,-1.0159328579381806,-0.6612883204824235,-0.8366950831076196
AIT-2025-07-007,DDOG,-0.21137758987245353,-0.9880248603032659,-0.09956601998742039,0.5503322384099727,0.18045145467170975
AIT-2025-07-007,DASH,-0.6321741185382946,-0.9175863349313109,-0.5932943275644654,0.05329910295720452,-0.08877528874962899
AIT-2025-07-007,FTNT,-0.6756906898841242,-1.443533519933513,-0.2934912564330254,1.1969625595367874,1.8322230895906977
AIT-2025-07-007,INTC,-0.47716956479064826,0.4020424329752169,0.12556662791413004,0.3515729472659145,1.038129642182359
AIT-2025-07-007,INTU,-0.5704352174856386,0.32504103316879673,0.07023258787880132,0.039857233747902315,0.42628561992272024
AIT-2025-07-007,KLAC,-0.5505117013664265,-0.39105314942515934,0.29453425302741815,-0.10926868750727646,-0.23474779367297655
AIT-2025-07-007,LRCX,-0.18429036907777466,-1.0412968975020778,0.32205231937342566,0.011455585295712445,0.07100041808968596
AIT-2025-07-007,MRVL,-0.041545170949252905,-0.11718750289355918,0.6509735124862653,0.19962237329192034,-0.030379589402341818
AIT-2025-07-007,META,-0.6157782966311697,-0.5698218945113442,0.7656083068034377,-0.05466117700951001,-0.2939149054484428
AIT-2025-07-007,MCHP,-0.2135584979667193,-0.7795458734390035,-0.05460768708662298,0.23172388605006963,-0.02635842174986445
AIT-2025-07-007,MU,0.4891960941248029,-0.8878839720448601,-0.32481141717390216,-0.13491400341506898,-0.4283206580894663
AIT-2025-07-007,MSFT,-0.92993151820791,-0.9635455027927873,0.5318481432354338,0.10173349442005643,0.12149163512366463
AIT-2025-07-007,MPWR,-0.8756380123808408,-0.7558775717386477,0.2861734382347974,-0.10974912412599384,-0.37297348070028874
AIT-2025-07-007,NVDA,-1.1865717026663734,-1.3747453263016327,-0.9118072243205505,-1.1786755416325603,-1.1491325953477889
AIT-2025-07-007,NXPI,0.39104114479632734,-0.2058237890681014,-0.2001991580921043,-0.12034616746165638,0.003145530227508477
AIT-2025-07-007,PLTR,-1.0438039726991557,-1.079432967266174,-0.9881194596986206,-0.5935889033451465,-0.3079836151091998
AIT-2025-07-007,PANW,-0.5593452477109744,0.26107535572294926,2.58142085810339,2.275193638175693,2.1579455875411027
AIT-2025-07-007,PDD,-0.11947042563369187,-0.5274771081085935,-0.6991690026657748,-0.9841158808631203,-0.41277734162401297
AIT-2025-07-007,QCOM,-0.3420586041752233,0.5665886694861303,1.2506967795179638,0.5015900615098867,0.013567354140078015
AIT-2025-07-007,ROP,0.5505656767682388,0.0370346483316395,0.11613799431701599,-0.09886674838420911,0.5312290700204665
AIT-2025-07-007,STX,0.03553187691662813,0.5264255036437457,0.926931975881213,0.46060534976602246,-0.14104580055768517
AIT-2025-07-007,SHOP,0.06702765914333036,-0.6208825410232471,-0.2116751856713018,0.35591513263355296,0.00023157255778863802
AIT-2025-07-007,MSTR,-0.9078361549936977,-1.6234395171919387,-1.120284900843316,-1.2112244903341258,-1.0401229318644818
AIT-2025-07-007,SNPS,2.5253251581022864,1.8635434667284683,0.9352115450299855,0.40559325725450357,0.11528171913766393
AIT-2025-07-007,TXN,0.5109894632418771,0.5953856347658882,0.37883765040773354,0.24620212873540182,-0.04887829280207599
AIT-2025-07-007,TRI,2.8285011196645122,2.2093173344419097,1.8843521634828095,2.3519866652314225,2.2412459186938283
AIT-2025-07-007,WDC,-0.563144648929862,-0.2550292779794631,0.6329292570377003,0.2554991600841405,-0.15177546819214782
AIT-2025-07-007,WDAY,0.01752142367548313,-0.3806242415328177,0.38948731617319915,0.5815186156725934,0.9550123698648343
AIT-2025-07-007,ZS,-0.5237820106478677,-0.4915670398333431,-0.14914499227615416,-0.3339755681822304,-0.8408392887487469
AIT-2025-08-002,ADBE,-0.2589599378358101,0.16242868674270175,0.32169285978853596,0.2026741395316697,-0.002949981944074325
AIT-2025-08-002,AMD,1.3584950968512834,2.974478726934432,2.1328211179842884,1.7624572912519838,0.980384984523075
AIT-2025-08-002,GOOGL,0.8746807733732435,-0.4626691621754662,-0.2325585480947823,-0.3546542999034455,-0.04785983299388542
AIT-2025-08-002,GOOG,0.7846877607884019,-0.49877585795850554,-0.3633746686160666,-0.4539371321520714,-0.13812810858032692
AIT-2025-08-002,ADI,0.314987295469987,-0.49734634552167883,-0.17078056179989484,-0.17383307327697028,0.19544567868643625
AIT-2025-08-002,AAPL,0.12631286310111833,0.9449241025932686,1.1574841761566976,0.6130410966048495,0.0267433269757348
AIT-2025-08-002,AMAT,-0.28275203572171964,-0.496366692443017,-0.3534158710013228,0.4399501993445219,0.26440050415224814
AIT-2025-08-002,APP,-0.8902408708897518,0.7796307275505694,0.7065626964599315,0.11685141539632204,-0.09069890988122713
AIT-2025-08-002,ARM,-0.02610387322838596,-0.609612272726434,-0.4122872945514897,-0.4979363471843637,-0.6566085482696994
AIT-2025-08-002,ASML,0.7635294944909898,-0.5798451113671781,-0.4820007183830917,-0.3754011745441634,-0.541615911066066
AIT-2025-08-002,ADSK,-0.5594271094116303,-1.0273493600447023,0.038804170695492725,-0.1251938880312905,0.22101823934749604
AIT-2025-08-002,AVGO,-0.7544009635663289,-0.7217046794534074,-1.035829342698393,-0.8934625309073414,-0.7802444000257138
AIT-2025-08-002,CDNS,0.6275632191410687,-0.7358745779872012,-0.616920161975333,-0.5857755825154803,-0.7465815791826054
AIT-2025-08-002,CTSH,0.604794395692664,1.0543688900682031,0.8382259443901048,0.5145795348426234,0.2576572669885258
AIT-2025-08-002,CRWD,-0.9742709747936069,-0.82880723935549,-0.3493079527026223,-0.5638745214106827,-0.25644832299004916
AIT-2025-08-002,DDOG,-0.22075483497559004,0.6290245109291135,1.2246494234763765,0.61924780656951,0.28441413978661173
AIT-2025-08-002,DASH,-0.7721794951332053,0.4035457561331479,0.6324197785689747,0.26806894284658633,-0.08618729240039134
AIT-2025-08-002,FTNT,-0.9652023893385725,0.808854083960022,3.068366541441879,2.998868526049341,2.0877069383887172
AIT-2025-08-002,INTC,0.40343322855186314,0.06061253675660133,0.7220230587551134,1.3813187939779104,0.8796871336122075
AIT-2025-08-002,INTU,-0.11408505342666198,-0.8597385214831477,0.13536206240311793,0.14596016666044165,0.5926048388676304
AIT-2025-08-002,KLAC,0.04857307504633971,-0.1081825321223954,-0.5527448736328255,-0.3009387156990329,-0.5056704379722218
AIT-2025-08-002,LRCX,0.12900002800434346,4.420418156483863e-05,-0.30382646989645684,0.10735414170790816,-0.1115887198914766
AIT-2025-08-002,MRVL,0.18410933843712865,-0.27930734849163086,-0.312791264553629,-0.3624807877830259,0.12152519371072168
AIT-2025-08-002,META,0.01490564885637755,-0.6225386176490901,-0.8631852486170365,-0.6718280292289428,-0.9009458049101631
AIT-2025-08-002,MCHP,0.2529330448304118,-0.21976469955906738,0.6143923252164911,0.023818102147767715,-0.03176845089323331
AIT-2025-08-002,MU,-0.1706073875244164,-0.808085240364496,0.1510471859910162,-0.3585063833128743,-0.598691330166411
AIT-2025-08-002,MSFT,-0.05389846245761901,-0.10051425934672088,-0.39731390967249053,-0.1469994947905673,-0.07598225085489425
AIT-2025-08-002,MPWR,-0.5761040940033211,-0.36795335394578116,-0.5493148093481,-0.5838563129553415,-0.8010767750839439
AIT-2025-08-002,NVDA,-1.0026928742663452,-1.31334894929633,-1.4115533813965315,-1.2917816859056357,-0.8857515188798288
AIT-2025-08-002,NXPI,0.11984570010063643,0.11980067933099084,0.13066336497358114,0.1552366027112278,-0.1781210969354748
AIT-2025-08-002,PLTR,-1.2179419173356936,0.5460226528233307,-0.25808042222352023,-0.3408986100523845,-0.1846223861528497
AIT-2025-08-002,PANW,1.0471175352387456,1.5984170637553723,1.942240621580764,2.234907519597934,1.5984109962849242
AIT-2025-08-002,PDD,-0.3038575263165098,-1.5725164200152717,-1.1070021374391097,-0.7789520421215115,-0.10465550599584568
AIT-2025-08-002,QCOM,0.47284903435926495,0.10393952125252588,-0.2745455124057326,-0.42085554790418717,-0.41542318521137517
AIT-2025-08-002,ROP,0.15605032724487597,0.11371469336672521,-0.12895981395868952,0.44306595934717913,0.7198060425507228
AIT-2025-08-002,STX,0.6411427251629442,0.26601611825105953,-0.2336896464761269,-0.575142552142765,-0.4693917157502575
AIT-2025-08-002,SHOP,-0.2625981291975852,1.5476459934569542,0.8051642229842398,0.27329378533508736,-0.24008405965634555
AIT-2025-08-002,MSTR,-1.2293753213415202,-1.7899074275541005,-1.3420382032833362,-1.027583336898574,-1.0943169869618692
AIT-2025-08-002,SNPS,0.9798558554043648,-0.24929032257979,-0.24381403446698932,-0.32396806073332046,-0.2560346142262076
AIT-2025-08-002,TXN,1.0743469296053394,0.07350907196552328,0.2432292982187929,-0.2453274631452351,-0.2717776985784213
AIT-2025-08-002,TRI,2.2303280749639174,2.84908432155557,2.47338462752386,2.155725939310909,1.819118477586691
AIT-2025-08-002,WDC,0.4940029530732213,-0.10943741291750593,-0.12749020780914178,-0.4512805325538516,-0.3809749169144422
AIT-2025-08-002,WDAY,0.06608866052125394,0.5369106531113049,0.8901192686466833,0.9071142433254452,1.1295691485726878
AIT-2025-08-002,ZS,-0.6381877457929269,-1.363480239329672,-0.6370311694438864,-0.9204469541354321,-0.7036842768393987
AIT-2025-08-004,ADBE,-0.2589599378358101,0.16242868674270175,0.32169285978853596,0.2026741395316697,-0.002949981944074325
AIT-2025-08-004,AMD,1.3584950968512834,2.974478726934432,2.1328211179842884,1.7624572912519838,0.980384984523075
AIT-2025-08-004,GOOGL,0.8746807733732435,-0.4626691621754662,-0.2325585480947823,-0.3546542999034455,-0.04785983299388542
AIT-2025-08-004,GOOG,0.7846877607884019,-0.49877585795850554,-0.3633746686160666,-0.4539371321520714,-0.13812810858032692
AIT-2025-08-004,ADI,0.314987295469987,-0.49734634552167883,-0.17078056179989484,-0.17383307327697028,0.19544567868643625
AIT-2025-08-004,AAPL,0.12631286310111833,0.9449241025932686,1.1574841761566976,0.6130410966048495,0.0267433269757348
AIT-2025-08-004,AMAT,-0.28275203572171964,-0.496366692443017,-0.3534158710013228,0.4399501993445219,0.26440050415224814
AIT-2025-08-004,APP,-0.8902408708897518,0.7796307275505694,0.7065626964599315,0.11685141539632204,-0.09069890988122713
AIT-2025-08-004,ARM,-0.02610387322838596,-0.609612272726434,-0.4122872945514897,-0.4979363471843637,-0.6566085482696994
AIT-2025-08-004,ASML,0.7635294944909898,-0.5798451113671781,-0.4820007183830917,-0.3754011745441634,-0.541615911066066
AIT-2025-08-004,ADSK,-0.5594271094116303,-1.0273493600447023,0.038804170695492725,-0.1251938880312905,0.22101823934749604
AIT-2025-08-004,AVGO,-0.7544009635663289,-0.7217046794534074,-1.035829342698393,-0.8934625309073414,-0.7802444000257138
AIT-2025-08-004,CDNS,0.6275632191410687,-0.7358745779872012,-0.616920161975333,-0.5857755825154803,-0.7465815791826054
AIT-2025-08-004,CTSH,0.604794395692664,1.0543688900682031,0.8382259443901048,0.5145795348426234,0.2576572669885258
AIT-2025-08-004,CRWD,-0.9742709747936069,-0.82880723935549,-0.3493079527026223,-0.5638745214106827,-0.25644832299004916
AIT-2025-08-004,DDOG,-0.22075483497559004,0.6290245109291135,1.2246494234763765,0.61924780656951,0.28441413978661173
AIT-2025-08-004,DASH,-0.7721794951332053,0.4035457561331479,0.6324197785689747,0.26806894284658633,-0.08618729240039134
AIT-2025-08-004,FTNT,-0.9652023893385725,0.808854083960022,3.068366541441879,2.998868526049341,2.0877069383887172
AIT-2025-08-004,INTC,0.40343322855186314,0.06061253675660133,0.7220230587551134,1.3813187939779104,0.8796871336122075
AIT-2025-08-004,INTU,-0.11408505342666198,-0.8597385214831477,0.13536206240311793,0.14596016666044165,0.5926048388676304
AIT-2025-08-004,KLAC,0.04857307504633971,-0.1081825321223954,-0.5527448736328255,-0.3009387156990329,-0.5056704379722218
AIT-2025-08-004,LRCX,0.12900002800434346,4.420418156483863e-05,-0.30382646989645684,0.10735414170790816,-0.1115887198914766
AIT-2025-08-004,MRVL,0.18410933843712865,-0.27930734849163086,-0.312791264553629,-0.3624807877830259,0.12152519371072168
AIT-2025-08-004,META,0.01490564885637755,-0.6225386176490901,-0.8631852486170365,-0.6718280292289428,-0.9009458049101631
AIT-2025-08-004,MCHP,0.2529330448304118,-0.21976469955906738,0.6143923252164911,0.023818102147767715,-0.03176845089323331
AIT-2025-08-004,MU,-0.1706073875244164,-0.808085240364496,0.1510471859910162,-0.3585063833128743,-0.598691330166411
AIT-2025-08-004,MSFT,-0.05389846245761901,-0.10051425934672088,-0.39731390967249053,-0.1469994947905673,-0.07598225085489425
AIT-2025-08-004,MPWR,-0.5761040940033211,-0.36795335394578116,-0.5493148093481,-0.5838563129553415,-0.8010767750839439
AIT-2025-08-004,NVDA,-1.0026928742663452,-1.31334894929633,-1.4115533813965315,-1.2917816859056357,-0.8857515188798288
AIT-2025-08-004,NXPI,0.11984570010063643,0.11980067933099084,0.13066336497358114,0.1552366027112278,-0.1781210969354748
AIT-2025-08-004,PLTR,-1.2179419173356936,0.5460226528233307,-0.25808042222352023,-0.3408986100523845,-0.1846223861528497
AIT-2025-08-004,PANW,1.0471175352387456,1.5984170637553723,1.942240621580764,2.234907519597934,1.5984109962849242
AIT-2025-08-004,PDD,-0.3038575263165098,-1.5725164200152717,-1.1070021374391097,-0.7789520421215115,-0.10465550599584568
AIT-2025-08-004,QCOM,0.47284903435926495,0.10393952125252588,-0.2745455124057326,-0.42085554790418717,-0.41542318521137517
AIT-2025-08-004,ROP,0.15605032724487597,0.11371469336672521,-0.12895981395868952,0.44306595934717913,0.7198060425507228
AIT-2025-08-004,STX,0.6411427251629442,0.26601611825105953,-0.2336896464761269,-0.575142552142765,-0.4693917157502575
AIT-2025-08-004,SHOP,-0.2625981291975852,1.5476459934569542,0.8051642229842398,0.27329378533508736,-0.24008405965634555
AIT-2025-08-004,MSTR,-1.2293753213415202,-1.7899074275541005,-1.3420382032833362,-1.027583336898574,-1.0943169869618692
AIT-2025-08-004,SNPS,0.9798558554043648,-0.24929032257979,-0.24381403446698932,-0.32396806073332046,-0.2560346142262076
AIT-2025-08-004,TXN,1.0743469296053394,0.07350907196552328,0.2432292982187929,-0.2453274631452351,-0.2717776985784213
AIT-2025-08-004,TRI,2.2303280749639174,2.84908432155557,2.47338462752386,2.155725939310909,1.819118477586691
AIT-2025-08-004,WDC,0.4940029530732213,-0.10943741291750593,-0.12749020780914178,-0.4512805325538516,-0.3809749169144422
AIT-2025-08-004,WDAY,0.06608866052125394,0.5369106531113049,0.8901192686466833,0.9071142433254452,1.1295691485726878
AIT-2025-08-004,ZS,-0.6381877457929269,-1.363480239329672,-0.6370311694438864,-0.9204469541354321,-0.7036842768393987
AIT-2025-08-005,ADBE,0.1829390313102851,0.4340738050060895,0.41567415250497436,0.1202743643481765,0.06520671912175592
AIT-2025-08-005,AMD,1.623993505444241,2.1252865925921096,1.891145196325448,1.3299365957248364,0.7651441888797176
AIT-2025-08-005,GOOGL,0.5820697281719309,0.024548222230962924,-0.24010114132814694,-0.4218561180580432,0.0746330019827521
AIT-2025-08-005,GOOG,0.5713698106856729,-0.2738406863847589,-0.3167679251518613,-0.6121175110053426,-0.036442383741412565
AIT-2025-08-005,ADI,-0.18543480480900879,-0.5417631100542185,-0.17483259750360036,0.23063308541141192,0.16549540822325207
AIT-2025-08-005,AAPL,0.26554498476497834,2.0830269279661437,1.0255527910785482,0.2626509380587731,-0.05890459220653933
AIT-2025-08-005,AMAT,-0.43099805821410736,-0.5880766100234065,-0.0031026583771204264,0.6959981771514299,0.33705035053241555
AIT-2025-08-005,APP,-0.7606443354407444,1.6015356188043122,0.40917619743202455,-0.041475149622415504,-0.13096212293169993
AIT-2025-08-005,ARM,0.03633874153931747,-0.5471579757090625,-0.3454676713529187,-0.37746346245265694,-0.6946790570658271
AIT-2025-08-005,ASML,0.2810655780690117,-0.4152602249049588,-0.2115300949540683,-0.41217543767317405,-0.48612681596736834
AIT-2025-08-005,ADSK,-0.8329752960687257,0.0021102553147057113,0.4964717346176793,-0.059834169142839545,0.3301595340616901
AIT-2025-08-005,AVGO,-0.7699708591587074,-1.2307982968292523,-1.0946120661353789,-0.87258127503117,-0.562290882344582
AIT-2025-08-005,CDNS,0.7747552400009498,-0.5312524003381328,-0.6768343607476938,-0.564295283879563,-0.7959266242034531
AIT-2025-08-005,CTSH,0.9950517185419757,0.3191583988102047,0.7369564783100514,0.2504982836243151,0.19259113513180942
AIT-2025-08-005,CRWD,-0.9673831745158333,0.7155173698688613,-0.2854090968523199,-0.6610197945191895,-0.2534837772628252
AIT-2025-08-005,DDOG,-0.13657273869418718,2.080129170634782,1.1283903022092383,0.3904312875434186,0.18087418679786615
AIT-2025-08-005,DASH,-0.5533055838212312,1.4345216682056448,0.5494648715607858,0.23565703810648622,-0.197894904270064
AIT-2025-08-005,FTNT,-0.6316917469014535,5.129172384829194,3.780702221502563,3.308396794449934,2.1683399976902153
AIT-2025-08-005,INTC,0.5594889116491389,0.5485562842057284,1.0754558574317683,1.567954345647228,0.804788973373275
AIT-2025-08-005,INTU,-0.1400985440110237,-0.1356480125024368,0.282197868750863,0.48070192821931745,0.6763908695490478
AIT-2025-08-005,KLAC,-0.06390410704108215,-1.096096091812559,-0.6355835417105664,-0.3952772400483855,-0.5209672276203099
AIT-2025-08-005,LRCX,0.094887323023328,-0.5919462312882714,-0.2692925752250877,0.17127574575006077,-0.1760722133027758
AIT-2025-08-005,MRVL,0.20294087720133522,-0.43319108421949426,-0.4237804218156715,-0.32874501686309365,0.266167778896687
AIT-2025-08-005,META,0.26232891783981416,-1.3072914439794916,-1.0521181178005834,-0.6814486648755396,-0.8963801324759036
AIT-2025-08-005,MCHP,0.05462990427603993,1.4376607210686991,0.5592401632333375,-0.002960771377304015,-0.01685088066418208
AIT-2025-08-005,MU,-0.3526231482857891,0.3040445411003652,0.1377966616607673,-0.26917265340911434,-0.49728564676351034
AIT-2025-08-005,MSFT,0.21000033168060087,-0.8565879793907494,-0.40687313417865006,-0.0802672600006591,-0.043458808195563546
AIT-2025-08-005,MPWR,-0.16660405004945936,-0.8360750711332972,-0.6274465875934853,-0.6457946857235262,-0.855488272402385
AIT-2025-08-005,NVDA,-1.0682680364039798,-1.4977635490734738,-1.3551872302974763,-1.1845192839297451,-0.8134526205713057
AIT-2025-08-005,NXPI,-0.25030624817905545,-0.7985317605562686,0.22305652568842269,0.14539853884176443,-0.21270877569536767
AIT-2025-08-005,PLTR,-0.8209908134611132,-0.38762059174864727,-0.7737446199766623,-0.1993269165212533,-0.28348084913127325
AIT-2025-08-005,PANW,1.6574325530000122,2.2526658694825814,2.0437956778662354,2.3117019273905046,1.5074406640141162
AIT-2025-08-005,PDD,-0.788401120272944,-1.1043230628771727,-0.8058259538363285,-0.4709129587668162,0.04751427245824119
AIT-2025-08-005,QCOM,0.5546929576732185,-0.8395733885868297,-0.454645951784626,-0.5754686476347559,-0.419123615091288
AIT-2025-08-005,ROP,-0.12267802132662073,-0.9955369682258364,0.3555092373751929,0.8181633682853146,0.6862323350906043
AIT-2025-08-005,STX,0.5473434160184498,-0.4978621999621811,-0.6232354637731855,-0.7899924782872533,-0.4407977958858783
AIT-2025-08-005,SHOP,-0.3113906821077609,0.7663873352820855,0.2709137469450831,-0.13566872699064803,-0.44578139053876253
AIT-2025-08-005,MSTR,-1.2837767207143023,-0.8182390641854609,-0.9359149292421898,-0.8889239321551227,-0.9908366185289909
AIT-2025-08-005,SNPS,0.5922132662957624,-0.3041733209509006,-0.2786736552694748,-0.21843337079911168,-0.2337217075968904
AIT-2025-08-005,TXN,0.3076615271966271,-0.018717460255531608,-0.09715870404923072,-0.2600110889659157,-0.18566918739202265
AIT-2025-08-005,TRI,2.117111275870584,2.0592592110898367,2.1207313311209206,1.874302263499054,1.6149962446878732
AIT-2025-08-005,WDC,0.4436872811485644,-0.42097525234204763,-0.22357598844860213,-0.5351751047955677,-0.1739195824154328
AIT-2025-08-005,WDAY,0.3154975250009645,0.6179435501973035,1.0437304900845639,1.1103975214191324,1.1275724091160868
AIT-2025-08-005,ZS,-0.5272323594716917,0.42623509523924963,-0.5411696113733444,-0.9474132321013876,-0.5747241495482217
AIT-2025-08-006,ADBE,0.15721198240458406,-0.6175387037785627,-0.4327039599736879,-0.13691487883782483,0.6929996404687132
AIT-2025-08-006,AMD,1.3065455891428097,0.03829544641527191,-0.0038654421129057925,0.012311892609692,0.16885305805248005
AIT-2025-08-006,GOOGL,-0.41804531834339,-0.2771465804626218,-0.3291017177674123,0.4125706885128711,0.35772540281508003
AIT-2025-08-006,GOOG,-0.5358475045527865,-0.547867573151605,-0.2889960888329703,0.3664071921377721,0.2786653767686046
AIT-2025-08-006,ADI,-0.17412120371947892,1.1518130514551501,0.6256132763792893,0.17457797377968018,-0.25183050976380866
AIT-2025-08-006,AAPL,0.47026148272118345,-1.034711771796042,-0.9501293632721204,-0.5642052977984666,-0.060371274088992045
AIT-2025-08-006,AMAT,0.6795466273741663,0.44914910313375767,-0.1325883434213687,0.0055250314995794044,0.24583185132708082
AIT-2025-08-006,APP,-0.06814432399997704,-0.16230152315398932,-0.4545718791342128,-0.2791670533021765,0.3232828792203851
AIT-2025-08-006,ARM,-0.4405942569916825,-0.3990233305954426,-1.1805109779861238,-0.94466387290012,-0.622666925852666
AIT-2025-08-006,ASML,-0.3105954737790724,-0.7157079285126929,-1.1206489128696544,-0.6211892234302884,-0.2339114560660531
AIT-2025-08-006,ADSK,0.08444078996772669,-0.5930481017498621,0.2563135613088729,0.647988229415848,0.3921573213725854
AIT-2025-08-006,AVGO,-0.9278298617183504,-1.0269664311908688,-0.8268413566087253,-0.3010009395488452,0.12428959646770708
AIT-2025-08-006,CDNS,-0.5218015883284122,-1.1337853148406347,-1.0257826376913612,-1.0647815916807504,-0.3455912762038779
AIT-2025-08-006,CTSH,0.32976593286091194,-0.4401665180868298,-0.01271412873311579,-0.03443609365031416,0.34967708951113935
AIT-2025-08-006,CRWD,-0.4534585620010117,-1.3639309071069432,0.19037222619958474,0.0583356327757583,0.01984918663170267
AIT-2025-08-006,DDOG,0.5691729143818888,-0.7065114275667878,-0.12149834523465493,-0.18502120559985846,-0.1737964838388978
AIT-2025-08-006,DASH,0.2266935889304363,-0.624659437012145,-0.7228859522888134,-0.7100631832693768,-0.4349135335131301
AIT-2025-08-006,FTNT,3.4035812283783633,1.529916728780735,1.0285594582424642,0.9934576623176175,0.9808588243570501
AIT-2025-08-006,INTC,1.6218253339378483,1.2829882133551478,0.5942320643429169,-0.06982043000344641,-0.022535125506608928
AIT-2025-08-006,INTU,0.3269374567436547,2.6552320729591807,1.5674954584197807,0.9069424569248853,0.8567914828044275
AIT-2025-08-006,KLAC,-0.3283938496715602,-0.7005060742645415,-1.0943254336250912,-0.6857258440119313,-0.5926447497736235
AIT-2025-08-006,LRCX,0.19244991600977082,-0.2507304945804787,-0.8001096833815734,-0.48345924999218054,-0.16055548123015537
AIT-2025-08-006,MRVL,-0.45465094192339073,-0.5444321966754802,-0.22824571281770747,0.7038153883190547,0.6450507371821919
AIT-2025-08-006,META,-0.7104741876380528,-0.8857521568420653,-1.313173739447409,-1.1597370857433762,-0.8393639089700669
AIT-2025-08-006,MCHP,-0.02433298793429671,-0.14786020740023081,-0.15418904523303703,-0.204240382727588,-0.428234872928926
AIT-2025-08-006,MU,-0.28281401663995687,-0.8818675764460437,-1.1222474325204141,-0.8177166877620933,-0.18525447048933105
AIT-2025-08-006,MSFT,-0.1866004632310981,0.008578703357119993,0.02454545227033955,-0.07246134689283008,-0.08973504650527687
AIT-2025-08-006,MPWR,-0.6426963753783922,-0.9745386978256734,-1.2628130064109093,-1.116845334769911,-0.9721307534909711
AIT-2025-08-006,NVDA,-1.1947643846969647,-1.047154386991576,-0.5004100258956539,-0.44152614586081146,-0.5956578680482222
AIT-2025-08-006,NXPI,0.12307501080151366,-0.21969869301398168,-1.0282824648359987,-0.6475685516953423,-0.4609951714431628
AIT-2025-08-006,PLTR,-0.6687579710220714,0.3748640719443419,-0.06876407997453537,-0.42364711359853885,-0.716407484782486
AIT-2025-08-006,PANW,1.941660718008606,0.827902788187157,0.6188072177854027,0.47516583374515114,0.31329982761948455
AIT-2025-08-006,PDD,-0.5508567684321809,1.4224911556636872,1.1235182719040828,0.6885911368787988,0.5899835679377233
AIT-2025-08-006,QCOM,-0.5662809383786924,-0.6878972374285979,-0.658194872803297,-0.38066173868111286,-0.21815746755671106
AIT-2025-08-006,ROP,0.4714633091234845,1.3184958058265432,0.8217398243417534,0.6671851379330653,1.0937877614333276
AIT-2025-08-006,SNDK,0.296897162304058,-0.30283513229891745,-0.23748702895070647,0.18475774862789363,0.6877721795391507
AIT-2025-08-006,STX,-0.8237079464227773,-0.9775690720533321,-0.5217448965413835,-0.1633398803414381,0.15824348741044988
AIT-2025-08-006,SHOP,-0.08437677757732441,-0.6899736524419616,-0.829797456490866,-0.8952336022398928,-0.7628653566173181
AIT-2025-08-006,MSTR,-0.7294986134458545,-0.7023722425112167,-1.0993199558642768,-1.0181844496961594,-1.021002256876094
AIT-2025-08-006,SNPS,-0.4084583121868317,-0.3788880669596133,-0.45075394567022725,-0.2922640604792791,1.3072992283612437
AIT-2025-08-006,TXN,-0.367508925649816,-0.2589938539168963,-0.6492761157568911,-0.1595372411494196,0.197191589144973
AIT-2025-08-006,TRI,1.5558770064468475,1.1778827362647069,1.0509648305712926,1.009259680218335,1.185755252953367
AIT-2025-08-006,WDC,-0.529001962743815,-0.3849230163534003,-0.4145706783709522,0.14457664963351585,0.32217086417154256
AIT-2025-08-006,WDAY,0.933063143757708,2.325617569248731,1.54719078400678,1.1848511871264582,1.0328991214387326
AIT-2025-08-006,ZS,-0.8652802676971693,-1.779031064107568,-1.3235186937980261,-0.3542018280591965,-0.3140742454504283
AIT-2025-08-007,ADBE,-0.12650781973703587,-0.2942322488186503,-0.15500508059123871,0.24612216408633836,0.900556551086939
AIT-2025-08-007,AMD,0.7925315852548241,0.2020369154211665,-0.1681218354256174,0.08859811990572962,0.15396630642951128
AIT-2025-08-007,GOOGL,-0.44048606138429824,-0.6019902884877696,0.5368697737961253,0.539944535506059,0.35509113892610156
AIT-2025-08-007,GOOG,-0.6256193712255796,-0.3468379454365188,0.5832508712366408,0.4754356033790988,0.26996743416934643
AIT-2025-08-007,ADI,0.4741969019192341,0.5781295601900099,0.14540150635524485,-0.32160285491862783,-0.5347316369841201
AIT-2025-08-007,AAPL,-0.33693367679432595,-0.6445142380548734,-0.4474682380818482,-0.07468265681019927,0.18187701575734355
AIT-2025-08-007,AMAT,0.9588210940203746,-0.4630204857048198,0.06549490226365183,-0.016047954608340763,0.44156770037641957
AIT-2025-08-007,APP,-0.474583982078862,-0.800086055218814,-0.45947688396924863,0.03563456101882638,0.3995280742449521
AIT-2025-08-007,ARM,-0.4035574985259542,-1.4855867794481057,-0.8892777979648492,-0.808596823282082,-0.4923287524598231
AIT-2025-08-007,ASML,-0.32868623925146406,-1.1238589047837846,-0.634936590880144,-0.3869873599552985,-0.05271364201804231
AIT-2025-08-007,ADSK,-0.2762820655842807,0.28107462332381167,1.421594395903359,0.7857375418352563,0.4409391215959361
AIT-2025-08-007,AVGO,-0.706172440690341,-0.5896376522583618,-0.528159829430504,0.2742243405365049,0.26180466013493414
AIT-2025-08-007,CDNS,-0.6203870600894683,-0.6548686096546886,-0.876268703794231,-0.5445714311321299,-0.19691088068470142
AIT-2025-08-007,CTSH,0.11369961717502503,0.23387704821268696,-0.062427654019996504,0.17888926674073866,0.5181843568317945
AIT-2025-08-007,CRWD,-0.9655588120516378,0.9912684516508049,0.9732571364812809,0.10632520629437493,0.11786558497438274
AIT-2025-08-007,DDOG,-0.2491506278416934,0.24204628283054402,0.2150001099162282,0.0071419561120319944,-0.17542559745918396
AIT-2025-08-007,DASH,-0.17394528199591278,-0.347887019213977,-0.6359657795634255,-0.5057888481345696,-0.40781498301147195
AIT-2025-08-007,FTNT,2.1930273072247553,0.5965704556762426,0.4235994636468647,0.6025738233237952,0.6904598248734027
AIT-2025-08-007,INTC,1.7743669669887634,0.08503637785480417,-0.5377206125116111,-0.747195860080557,-0.03729833940504997
AIT-2025-08-007,INTU,0.7950491786248671,1.2464514475317043,0.6012583805208471,0.378221117669902,0.6541267851265635
AIT-2025-08-007,KLAC,-0.17629932111089108,-1.3182930463146731,-0.5463468875266929,-0.6084382390688051,-0.47879263447593456
AIT-2025-08-007,LRCX,0.42614122593910553,-0.5311181341699933,-0.19641034769207766,-0.4177305334118021,0.018380206163404744
AIT-2025-08-007,MRVL,-0.3449795568188011,-0.5626577360431624,1.2646687625368134,1.0644558306949394,0.9094065921130721
AIT-2025-08-007,META,-0.44986696351581706,-1.3529562801513273,-1.2690516672376406,-0.8862892194520892,-0.7364232267059068
AIT-2025-08-007,MCHP,-0.4118629605145129,-0.21357872028650782,-0.15502920455022237,-0.4313138230004449,-0.5201838215634365
AIT-2025-08-007,MU,-0.6509936584021833,-1.0967040245624875,-0.9178987260081112,-0.44040935019962935,0.2271451586631254
AIT-2025-08-007,MSFT,0.14753209781784055,0.30193756136843447,-0.17922003734168857,-0.22197285428658106,-0.1524918861499677
AIT-2025-08-007,MPWR,-0.5976901312593177,-1.5018756182674493,-1.0885235408471667,-1.0488081076005484,-0.9775638799980158
AIT-2025-08-007,NVDA,-0.9366440179361576,-0.30615609728759546,-0.06850193579670373,-0.3123194614205527,-0.48013854499246555
AIT-2025-08-007,NXPI,0.27100153212717365,-1.2981419954195108,-0.762716260256469,-0.5884634299001683,-0.479003502653513
AIT-2025-08-007,PLTR,-0.09295872137109584,-0.12632417586145667,-0.7153270951066876,-0.8043596310946414,-0.9702689472566306
AIT-2025-08-007,PANW,1.7215841666356109,0.6553118331824899,0.407302893485126,0.27655400301084265,0.22667018167689093
AIT-2025-08-007,PDD,0.05446820376680011,0.9457788182459241,0.33194944834391366,0.17334258819602594,0.33648992081519136
AIT-2025-08-007,QCOM,-0.4781815063318436,-0.5715064150685463,-0.20375586711145713,-0.2025594448853452,-0.1387279712933494
AIT-2025-08-007,ROP,1.3007363606686748,0.6389775945303591,0.7885097648343979,0.9123678405823448,1.12285201403824
AIT-2025-08-007,SNDK,0.0904228009201156,-0.089962699614549,-0.01781905293943256,0.5150148653432097,1.0081722858590756
AIT-2025-08-007,STX,-0.9879105057197649,-0.23119375900021968,-0.12417005278378135,0.15378587520253853,0.3763048701485847
AIT-2025-08-007,SHOP,-0.49512821329690726,-1.0730366384822432,-1.0818329504274156,-0.8633897094096679,-0.7464833901492812
AIT-2025-08-007,MSTR,-0.6441156537099332,-1.3526474534783546,-1.2322944965254774,-1.174690936951542,-1.062494767685509
AIT-2025-08-007,SNPS,-0.29009870509576113,-0.2540144352421528,-0.26450770823310216,0.5777332605522946,1.7471513776903977
AIT-2025-08-007,TXN,-0.36825228857840386,-0.9275300231238035,-0.3658058917194616,0.08117547081761468,0.2770152594870744
AIT-2025-08-007,TRI,1.331204350089645,0.7837816961909583,0.9972039323714034,0.941361383126467,1.1989187874696448
AIT-2025-08-007,WDC,-0.610157211138976,-0.04139291750492968,-0.18948100846588742,0.34667013694735954,0.4426189870985805
AIT-2025-08-007,WDAY,1.24131526650164,1.1655082021274303,0.9418177547463095,0.6641445454448568,0.8208202942099373
AIT-2025-08-007,ZS,-1.421734043372807,-1.1610412588524512,0.26725698917081325,0.07271443941886169,-0.2637463914987576
AIT-2025-09-001,ADBE,1.691232872255024,0.5838618539005495,0.6009849761565829,0.3626997956883015,0.22201524907629325
AIT-2025-09-001,AMD,0.22762982575393526,-0.3480500282014254,-0.5015223277329581,0.7991670739722129,1.0809088943156802
AIT-2025-09-001,GOOGL,0.2084567708691532,-0.32056936210436926,-0.38345435330528144,-0.5241287391716377,-0.45014265297488415
AIT-2025-09-001,GOOG,0.08885297080310621,-0.6415190966474282,-0.2659690339290051,-0.4396560487552436,-0.4676051856458288
AIT-2025-09-001,ADI,-0.7167097881577447,-0.9625340140394005,-0.4866297677473421,-0.3954002617996815,-0.304593026109364
AIT-2025-09-001,AAPL,0.664190423350854,-0.22403773703442853,-0.4533714957117781,-0.5819042441817242,-0.48603287444796617
AIT-2025-09-001,AMAT,0.7795898367400751,-0.22308865207071193,0.6442688136645122,0.7298293411322785,0.4540299730391092
AIT-2025-09-001,APP,0.9351327271225676,0.043814113489938064,0.28078041213446603,0.341220762035816,-0.10994967469700252
AIT-2025-09-001,ARM,0.1595956043165333,-0.11566203450185454,-0.3133336541581254,-0.1748249327706838,0.2566112701938537
AIT-2025-09-001,ASML,0.47859984498995267,-0.30957382574633213,-0.3375475613583519,-0.12671156432032837,0.15017297067544164
AIT-2025-09-001,ADSK,0.12726233894300445,-0.7559314985252918,-0.5857239518167162,-0.4156673190186403,-0.46247397194086176
AIT-2025-09-001,AVGO,0.4933442929431781,-0.4223411144943018,-0.5176869214213173,-0.5896002141120178,-0.4479635618990989
AIT-2025-09-001,CDNS,0.609024094719286,0.0316117089396549,-0.5736818705742552,-0.6774784005491076,-0.4581996041769176
AIT-2025-09-001,CTSH,0.9254878888905537,0.6676841584849565,0.4756199256821157,0.2192334422560619,0.12591167910475512
AIT-2025-09-001,CRWD,0.2704750013702786,-0.7657908714396167,-0.8469835355577477,-0.7759827554806265,-0.9220439610832584
AIT-2025-09-001,DDOG,-0.2130941325149439,-1.3209971132910021,-0.5004083166383189,-0.23669953619356987,-0.5103449636676148
AIT-2025-09-001,DASH,-0.1473985573754992,-0.7750223424384124,-0.6886072438756249,-0.6421006986067411,-0.6628738413439427
AIT-2025-09-001,FTNT,0.6963550168382563,0.18308362427187905,-0.10039403710396887,-0.11298737976719168,-0.1678952447589767
AIT-2025-09-001,INTC,0.33196632475090126,2.1181354392512786,1.731413557342018,1.2860890217730894,0.8477440409141024
AIT-2025-09-001,INTU,1.0390063620329413,-0.07725309201718676,0.23976116478536702,0.24283567643530918,-0.02066041960512986
AIT-2025-09-001,KLAC,-0.2583354941328685,-0.737532231916497,-0.7054000213045656,-0.4159969922458941,-0.12172678875308234
AIT-2025-09-001,LRCX,0.5210938686993312,-0.03660097201937229,0.002433553226560544,0.2095652194271243,0.030541386748196963
AIT-2025-09-001,MRVL,0.4443990755608973,2.082739858112759,1.0198779307355264,0.6767269365167441,0.3442605292043569
AIT-2025-09-001,META,-0.4323443060397788,-0.8090832542210891,-0.302407643068392,-0.12236788321309659,-0.3894937673843649
AIT-2025-09-001,MCHP,-0.5942807546380603,-1.3659147764845412,-1.0291939795968452,-0.9878060543037414,-0.8385841034785051
AIT-2025-09-001,MU,0.6228365535800073,1.8133872913674682,1.0218061016499578,0.919149871204408,0.502271887302023
AIT-2025-09-001,MSFT,0.10955886880902582,-1.0934309475690087,-0.565885942113435,-0.610428587605029,-0.6331827113154729
AIT-2025-09-001,MPWR,-0.5350455534903418,-1.5090115961480883,-1.3321149793813316,-1.0851317488328915,-0.8119432795125101
AIT-2025-09-001,NVDA,-0.4861928834630888,-0.7631062056201018,-0.5541211294595771,-0.8640007174930786,-0.7445104957896541
AIT-2025-09-001,NXPI,-0.14100040596487382,-0.8344300023956706,-1.1380252528850074,-0.9087231566549729,-0.5335926161761941
AIT-2025-09-001,PLTR,-1.0955044160933793,-1.039226443066447,-1.5532064990891978,-1.3874571960241644,-1.6085803069414648
AIT-2025-09-001,PANW,0.06998563055343882,0.26783975117128,0.024432539489362613,0.015544121792059452,-0.17742548609728961
AIT-2025-09-001,PDD,0.5479877621575583,-0.30147691903967394,-0.0017815691702895338,-0.1922857591469831,-0.28411418933281507
AIT-2025-09-001,QCOM,0.08167759083781866,0.31640272477568,-0.3949781918232184,-0.4289397842091345,-0.18693696960764225
AIT-2025-09-001,ROP,1.2209083559194722,0.9932692374702436,0.7611654295206703,1.209821641111552,1.111219271964899
AIT-2025-09-001,SNDK,1.3878745345342904,2.0561269393985793,1.9563913186840232,1.8176963699987925,1.570398994428277
AIT-2025-09-001,STX,0.59382048474912,0.46379871070287876,0.6747902213764658,0.9257880082335564,0.641439797968492
AIT-2025-09-001,SHOP,-0.5184177940022512,-0.3209940360033214,0.031052491376052548,0.1291119141330851,-0.0005648829636179494
AIT-2025-09-001,MSTR,-0.7549567924536659,-0.09663046556430521,-0.48305976224842545,-0.3909005450879734,-0.4896183867227848
AIT-2025-09-001,SNPS,3.5536491320726182,2.4135951123799617,1.806196338367174,1.376545616252013,1.3346073511452266
AIT-2025-09-001,TXN,0.5676128150033214,-0.6336531814666092,-0.4337773899081416,-0.31660396422175174,0.1872086414257039
AIT-2025-09-001,TRI,1.2192831825085375,1.0461944858343852,1.121841899529346,1.103632987693513,1.0761721307172536
AIT-2025-09-001,WDC,0.584946663343739,0.4134812809857159,0.9524395167645793,0.9991067151434752,0.6658608500075951
AIT-2025-09-001,WDAY,0.9481538560753795,0.10882729912141673,0.5631054114487187,0.28826673600772795,-0.0009405033338584858
AIT-2025-09-001,ZS,-0.3561516924008391,-1.4964225272492095,-0.6717064328649217,-0.6918216598222343,-0.9353463708366482
AIT-2025-09-004,ADBE,1.6692917216745933,0.7680650963072057,0.381778942687596,0.4065981420418651,0.2439682848709462
AIT-2025-09-004,AMD,0.21000093982630394,-0.2428359131712333,-0.49366228085396996,0.4582600187638844,1.0283352464988675
AIT-2025-09-004,GOOGL,0.2622055728698309,-0.5089505905606282,-0.44940502152232636,-0.4633194823723388,-0.4753004498506231
AIT-2025-09-004,GOOG,0.13089789924592551,-0.6247329312873305,-0.39514603783663893,-0.3833478948102757,-0.4757046414147873
AIT-2025-09-004,ADI,-0.7204945733303288,-1.1527521615431189,-0.8588536675439657,-0.5515658525231291,-0.42056598445431187
AIT-2025-09-004,AAPL,0.5221031143740221,-0.08810213958195348,-0.34187385615799154,-0.440956518370438,-0.4372020485172101
AIT-2025-09-004,AMAT,0.46638802312402317,0.7255511683584711,0.6333911070350432,0.8376956441521703,0.5160016342832279
AIT-2025-09-004,APP,0.9177897658527416,0.23513170816699538,0.3563991966242848,0.40566929368762844,-0.05637777987398708
AIT-2025-09-004,ARM,-0.05050897885506801,0.00201829797687518,-0.5080206767515608,-0.31263518183398137,0.26342456453545504
AIT-2025-09-004,ASML,0.37916511369665695,0.018479177543057432,-0.4082654569341289,-0.16463736081495647,0.17383401107678315
AIT-2025-09-004,ADSK,0.04187832514723682,-0.39591525612863,-0.6867200398436889,-0.42269961851420307,-0.4719676658161063
AIT-2025-09-004,AVGO,0.48300093435070174,-0.4029474423954025,-0.4975465104457466,-0.5789722688757853,-0.4283149398729985
AIT-2025-09-004,CDNS,0.5444717736977741,-0.24035972882326984,-0.46644092291651756,-0.643954279483953,-0.4903744186583066
AIT-2025-09-004,CTSH,0.7550825782097293,0.606228243164862,0.39821279481469357,0.2826108917851814,0.14442528073769403
AIT-2025-09-004,CRWD,0.09811789515956902,-0.766097543815885,-0.8213663185929122,-0.8488751983050791,-0.8741640874446478
AIT-2025-09-004,DDOG,-0.17172976431816245,-0.7465265023115216,-0.7457759207044895,-0.3572581300247762,-0.4672650601310642
AIT-2025-09-004,DASH,-0.1355318782882567,-0.5983175542436138,-0.7151103983513468,-0.6454649491708427,-0.7136682561776722
AIT-2025-09-004,FTNT,0.6218977224839739,0.3175094660524501,-0.0185925868090485,-0.11949243165988664,-0.1375807129939094
AIT-2025-09-004,INTC,0.039622806920852356,1.1635748750166257,1.62955015030743,1.3175547090013886,0.8761994448883419
AIT-2025-09-004,INTU,0.8294114806939202,0.5608550611659231,0.29404526178094814,0.33526006795004765,0.0690239841494749
AIT-2025-09-004,KLAC,-0.3869934438924547,-0.5471224892509841,-0.8724259567243019,-0.5629350368156801,-0.193104557962049
AIT-2025-09-004,LRCX,0.324483077262512,0.2792492241484374,-0.12314384149562248,0.1725705661789232,-0.020051333079023816
AIT-2025-09-004,MRVL,0.405631909184387,1.3620806669724748,1.0363751073412593,0.6799567915889022,0.35007001826772377
AIT-2025-09-004,META,-0.45375016176343475,-0.7808173216602273,-0.5676931989127522,-0.12469077292172108,-0.3677237628222779
AIT-2025-09-004,MCHP,-0.7270033440388378,-1.0344753143373269,-1.1706217087960253,-1.0063438356910643,-0.9122734013441265
AIT-2025-09-004,MU,0.557593376231916,2.192360844443752,1.0364877786450366,1.0292479942513924,0.5837327712587622
AIT-2025-09-004,MSFT,-0.006690622629816801,-0.7506756445442488,-0.6403430586139178,-0.5057242672525724,-0.6326264027096997
AIT-2025-09-004,MPWR,-0.6421068165322394,-1.2802671002852288,-1.3691033121857783,-1.1616259895290784,-0.8814388252392601
AIT-2025-09-004,NVDA,-0.6550344262439298,-0.7570243024948637,-0.5071168426505864,-0.7649624158876942,-0.7226010251475837
AIT-2025-09-004,NXPI,-0.17220687634783982,-0.8562448366469433,-1.146138492479696,-0.9696170724376526,-0.6055543280690489
AIT-2025-09-004,PLTR,-1.018004980994126,-1.2455503904253291,-1.4242530659190944,-1.2650604503782026,-1.6091602919903054
AIT-2025-09-004,PANW,0.0016918768510475592,0.2375857589102597,0.10137469837721132,0.07344931463000794,-0.13794029034918082
AIT-2025-09-004,PDD,0.5971412885722722,0.1914247841307342,-0.047629115885347684,-0.11941042611485654,-0.2347084673917555
AIT-2025-09-004,QCOM,0.07617064452046485,-0.24777805247869095,-0.4536909318213987,-0.5067116719600836,-0.2726591617140821
AIT-2025-09-004,ROP,1.3514334496807219,1.208525283069021,0.831526797404147,1.1436826008995251,1.119599550513736
AIT-2025-09-004,SNDK,1.2598198192994536,1.846545762724788,1.8507693167915464,1.8257473112197333,1.5708893492680303
AIT-2025-09-004,STX,0.4684417929755281,0.5147589137920977,0.3649496658600591,0.8901970365108728,0.686299817756733
AIT-2025-09-004,SHOP,-0.5658894059316455,-0.46411563473449524,0.056893368596496637,0.12578101816226683,0.011685152745402452
AIT-2025-09-004,MSTR,-0.8955458315128065,-1.1795024721059546,-0.6671700003025968,-0.4828743385497958,-0.5660867841772899
AIT-2025-09-004,SNPS,3.387361731752188,2.390455146947407,2.019532123672589,1.5223431200172854,1.3735714294654353
AIT-2025-09-004,TXN,0.534111619952664,-0.1798340958052294,-0.5357405582880894,-0.32978062690423166,0.022971510248711087
AIT-2025-09-004,TRI,1.1422586976360596,1.318852890074738,1.1407700981556814,1.1511033583445185,1.0986048254058784
AIT-2025-09-004,WDC,0.5064637722381075,0.24484600517521524,0.5869462984500392,1.004709621367363,0.6430182950123827
AIT-2025-09-004,WDAY,0.7547735460710968,0.3571336818346298,0.540827124155981,0.4006572838390354,0.0708837587825293
AIT-2025-09-004,ZS,-0.2675568412253286,-1.3014696977044342,-0.895331845017015,-0.8334960057085421,-0.945282148656581
AIT-2025-09-005,ADBE,1.691232872255024,0.5838618539005495,0.6009849761565829,0.3626997956883015,0.22201524907629325
AIT-2025-09-005,AMD,0.22762982575393526,-0.3480500282014254,-0.5015223277329581,0.7991670739722129,1.0809088943156802
AIT-2025-09-005,GOOGL,0.2084567708691532,-0.32056936210436926,-0.38345435330528144,-0.5241287391716377,-0.45014265297488415
AIT-2025-09-005,GOOG,0.08885297080310621,-0.6415190966474282,-0.2659690339290051,-0.4396560487552436,-0.4676051856458288
AIT-2025-09-005,ADI,-0.7167097881577447,-0.9625340140394005,-0.4866297677473421,-0.3954002617996815,-0.304593026109364
AIT-2025-09-005,AAPL,0.664190423350854,-0.22403773703442853,-0.4533714957117781,-0.5819042441817242,-0.48603287444796617
AIT-2025-09-005,AMAT,0.7795898367400751,-0.22308865207071193,0.6442688136645122,0.7298293411322785,0.4540299730391092
AIT-2025-09-005,APP,0.9351327271225676,0.043814113489938064,0.28078041213446603,0.341220762035816,-0.10994967469700252
AIT-2025-09-005,ARM,0.1595956043165333,-0.11566203450185454,-0.3133336541581254,-0.1748249327706838,0.2566112701938537
AIT-2025-09-005,ASML,0.47859984498995267,-0.30957382574633213,-0.3375475613583519,-0.12671156432032837,0.15017297067544164
AIT-2025-09-005,ADSK,0.12726233894300445,-0.7559314985252918,-0.5857239518167162,-0.4156673190186403,-0.46247397194086176
AIT-2025-09-005,AVGO,0.4933442929431781,-0.4223411144943018,-0.5176869214213173,-0.5896002141120178,-0.4479635618990989
AIT-2025-09-005,CDNS,0.609024094719286,0.0316117089396549,-0.5736818705742552,-0.6774784005491076,-0.4581996041769176
AIT-2025-09-005,CTSH,0.9254878888905537,0.6676841584849565,0.4756199256821157,0.2192334422560619,0.12591167910475512
AIT-2025-09-005,CRWD,0.2704750013702786,-0.7657908714396167,-0.8469835355577477,-0.7759827554806265,-0.9220439610832584
AIT-2025-09-005,DDOG,-0.2130941325149439,-1.3209971132910021,-0.5004083166383189,-0.23669953619356987,-0.5103449636676148
AIT-2025-09-005,DASH,-0.1473985573754992,-0.7750223424384124,-0.6886072438756249,-0.6421006986067411,-0.6628738413439427
AIT-2025-09-005,FTNT,0.6963550168382563,0.18308362427187905,-0.10039403710396887,-0.11298737976719168,-0.1678952447589767
AIT-2025-09-005,INTC,0.33196632475090126,2.1181354392512786,1.731413557342018,1.2860890217730894,0.8477440409141024
AIT-2025-09-005,INTU,1.0390063620329413,-0.07725309201718676,0.23976116478536702,0.24283567643530918,-0.02066041960512986
AIT-2025-09-005,KLAC,-0.2583354941328685,-0.737532231916497,-0.7054000213045656,-0.4159969922458941,-0.12172678875308234
AIT-2025-09-005,LRCX,0.5210938686993312,-0.03660097201937229,0.002433553226560544,0.2095652194271243,0.030541386748196963
AIT-2025-09-005,MRVL,0.4443990755608973,2.082739858112759,1.0198779307355264,0.6767269365167441,0.3442605292043569
AIT-2025-09-005,META,-0.4323443060397788,-0.8090832542210891,-0.302407643068392,-0.12236788321309659,-0.3894937673843649
AIT-2025-09-005,MCHP,-0.5942807546380603,-1.3659147764845412,-1.0291939795968452,-0.9878060543037414,-0.8385841034785051
AIT-2025-09-005,MU,0.6228365535800073,1.8133872913674682,1.0218061016499578,0.919149871204408,0.502271887302023
AIT-2025-09-005,MSFT,0.10955886880902582,-1.0934309475690087,-0.565885942113435,-0.610428587605029,-0.6331827113154729
AIT-2025-09-005,MPWR,-0.5350455534903418,-1.5090115961480883,-1.3321149793813316,-1.0851317488328915,-0.8119432795125101
AIT-2025-09-005,NVDA,-0.4861928834630888,-0.7631062056201018,-0.5541211294595771,-0.8640007174930786,-0.7445104957896541
AIT-2025-09-005,NXPI,-0.14100040596487382,-0.8344300023956706,-1.1380252528850074,-0.9087231566549729,-0.5335926161761941
AIT-2025-09-005,PLTR,-1.0955044160933793,-1.039226443066447,-1.5532064990891978,-1.3874571960241644,-1.6085803069414648
AIT-2025-09-005,PANW,0.06998563055343882,0.26783975117128,0.024432539489362613,0.015544121792059452,-0.17742548609728961
AIT-2025-09-005,PDD,0.5479877621575583,-0.30147691903967394,-0.0017815691702895338,-0.1922857591469831,-0.28411418933281507
AIT-2025-09-005,QCOM,0.08167759083781866,0.31640272477568,-0.3949781918232184,-0.4289397842091345,-0.18693696960764225
AIT-2025-09-005,ROP,1.2209083559194722,0.9932692374702436,0.7611654295206703,1.209821641111552,1.111219271964899
AIT-2025-09-005,SNDK,1.3878745345342904,2.0561269393985793,1.9563913186840232,1.8176963699987925,1.570398994428277
AIT-2025-09-005,STX,0.59382048474912,0.46379871070287876,0.6747902213764658,0.9257880082335564,0.641439797968492
AIT-2025-09-005,SHOP,-0.5184177940022512,-0.3209940360033214,0.031052491376052548,0.1291119141330851,-0.0005648829636179494
AIT-2025-09-005,MSTR,-0.7549567924536659,-0.09663046556430521,-0.48305976224842545,-0.3909005450879734,-0.4896183867227848
AIT-2025-09-005,SNPS,3.5536491320726182,2.4135951123799617,1.806196338367174,1.376545616252013,1.3346073511452266
AIT-2025-09-005,TXN,0.5676128150033214,-0.6336531814666092,-0.4337773899081416,-0.31660396422175174,0.1872086414257039
AIT-2025-09-005,TRI,1.2192831825085375,1.0461944858343852,1.121841899529346,1.103632987693513,1.0761721307172536
AIT-2025-09-005,WDC,0.584946663343739,0.4134812809857159,0.9524395167645793,0.9991067151434752,0.6658608500075951
AIT-2025-09-005,WDAY,0.9481538560753795,0.10882729912141673,0.5631054114487187,0.28826673600772795,-0.0009405033338584858
AIT-2025-09-005,ZS,-0.3561516924008391,-1.4964225272492095,-0.6717064328649217,-0.6918216598222343,-0.9353463708366482
AIT-2025-09-007,ADBE,0.9454488055353547,0.589469984427529,0.5459432020346576,0.18537341889384393,-0.009960649796058405
AIT-2025-09-007,AMD,0.007245991017737781,-0.6194558066174382,0.671573296026947,1.4830187200969092,1.2576253131951085
AIT-2025-09-007,GOOGL,0.13927389124968156,-0.001048788559630351,-0.2570474261524404,-0.4524534052765956,-0.43555446044231144
AIT-2025-09-007,GOOG,0.03058349193929048,0.09169478156330442,-0.08580398353643165,-0.4231592876118249,-0.4587345923575474
AIT-2025-09-007,ADI,-0.6865787254457061,-0.5313543482736404,-0.303878229553802,-0.06356040270311168,-0.20138940600776203
AIT-2025-09-007,AAPL,0.4808413015150509,-0.8739568377594873,-0.5403487810825177,-0.6467052815323091,-0.5952315577683143
AIT-2025-09-007,AMAT,0.9513464714161075,1.2076349791738277,1.1098196845948156,0.9386321689562741,0.45744121989297043
AIT-2025-09-007,APP,0.9566945908853989,0.7702265795254045,0.4297747944150104,0.2824017053235042,-0.2518744017644823
AIT-2025-09-007,ARM,-0.1068896879696982,-1.1802836314374523,-0.5031064441220119,0.291044901921783,0.22450167741058275
AIT-2025-09-007,ASML,0.5698828450680113,-0.4498910206234509,-0.07728684019822668,0.2695408086305889,0.15695709161410779
AIT-2025-09-007,ADSK,0.0629386181141868,-0.5706464853690969,-0.27280317159123246,-0.25529113789585733,-0.46913311444923084
AIT-2025-09-007,AVGO,0.08260447156172201,-0.42582408272335615,-0.5980936581658749,-0.3469341719662107,-0.505376945744885
AIT-2025-09-007,CDNS,0.08467614667474693,-0.8923539654262733,-0.7648232990667087,-0.6543799758404475,-0.3436998305124947
AIT-2025-09-007,CTSH,0.9167606788176526,0.37432567712156783,0.11978541193944293,0.1536287109542976,0.13553787173498202
AIT-2025-09-007,CRWD,0.3083596461949317,-0.9720858865208917,-0.9744482866219667,-0.7287944290157969,-0.8939913039994423
AIT-2025-09-007,DDOG,-0.32028466526918675,-0.1335009329844754,0.17514959410851663,-0.05693057225767517,-0.516013559102109
AIT-2025-09-007,DASH,-0.285262387976551,-0.14660131666553258,-0.453557202374458,-0.6187750320875334,-0.5255054543077831
AIT-2025-09-007,FTNT,0.6296317037514271,-0.2406915939066187,-0.25559100270333485,-0.19193742311727996,-0.2989066434396013
AIT-2025-09-007,INTC,1.227125290325227,1.1012430987994777,1.0786474256702354,0.8997782036860794,0.7660747521904916
AIT-2025-09-007,INTU,0.7686710588528142,0.5905392179370871,0.5213169598614996,0.36428943277705433,-0.1426235455327063
AIT-2025-09-007,KLAC,-0.1887750577773003,-0.5878169851268429,-0.2622326387152509,0.08217014071171472,0.0035629836307744375
AIT-2025-09-007,LRCX,0.30024523060074615,-0.12245390054501071,0.2000085168156044,0.2892224604350487,0.09828641725922449
AIT-2025-09-007,MRVL,0.9846312196077975,0.34072971359776016,0.32394923767963885,0.3603164726307313,0.03240380739924999
AIT-2025-09-007,META,-0.35856184920780687,-0.2088945636148303,0.3225120848698865,0.06773646434289897,-0.36247553134674104
AIT-2025-09-007,MCHP,-0.547751741734879,-0.607180020191618,-0.6689132418911128,-0.676690254600841,-0.6593216492632621
AIT-2025-09-007,MU,0.7513273360852981,0.18057188617936992,0.7649969150131981,0.554973980011862,0.3021950639050606
AIT-2025-09-007,MSFT,-0.17097164212677862,-0.342609650446071,-0.2136732828780652,-0.4406742199550798,-0.6080946948883316
AIT-2025-09-007,MPWR,-0.7673658550245448,-1.108152992539611,-0.9275506179404648,-0.6982982632115793,-0.6498452571906368
AIT-2025-09-007,NVDA,-0.4084520963282464,-0.03913009598449338,-0.690397573667494,-0.6935613950045444,-0.8103172005671384
AIT-2025-09-007,NXPI,-0.41176837099330765,-1.3539993235978567,-1.0525152167211826,-0.4945757178081417,-0.3344968811032192
AIT-2025-09-007,PLTR,-0.9571159214376751,-1.8936311525490634,-1.331265744580334,-1.4339978887088924,-1.6828067743857613
AIT-2025-09-007,PANW,0.24281471938969762,-0.2185264240148041,-0.01514336472566008,-0.0981675904648265,-0.2767890265078223
AIT-2025-09-007,PDD,0.5594909093361884,0.526717878571149,0.17040207336586968,0.17059735746122423,-0.23163689306942048
AIT-2025-09-007,QCOM,0.11226667182623704,-0.49937007950711476,-0.5989893900930991,-0.12778502712408385,0.12080854810591964
AIT-2025-09-007,ROP,1.294637446108168,0.6815576047134286,1.2158262465562084,1.3351125524086187,1.383891335977241
AIT-2025-09-007,SNDK,1.5799839769490762,2.0714968238455738,1.948351318565592,1.6202049494088477,1.5511738631358116
AIT-2025-09-007,STX,0.6875762164394601,0.704090602545117,1.0815607808601606,0.9913402776928977,0.6453081208654119
AIT-2025-09-007,SHOP,-0.41080294396947326,0.7093822712065933,0.46630096878229343,0.2609112503904643,0.04309402196642111
AIT-2025-09-007,MSTR,-0.4709207921339498,-0.9654811748543571,-0.6154482604420703,-0.41644201991494256,-0.6211668725326253
AIT-2025-09-007,SNPS,2.2479516884057724,1.4361758752338376,1.107629516868937,0.9758566323605663,0.8849035765191373
AIT-2025-09-007,TXN,0.4181550482597458,-0.863258283078315,-0.2940644561710514,-0.09492794711667632,0.33636672102423804
AIT-2025-09-007,TRI,1.3568829072479098,1.30703018684442,1.2940959661855889,1.0885512004756388,0.9832543493375584
AIT-2025-09-007,WDC,0.6494475288543217,1.5991388444351549,1.5248595338304949,0.9753852299098891,0.6392911900805281
AIT-2025-09-007,WDAY,1.0149396482360569,0.7100867497865824,0.49258512982350605,0.13998234823266353,-0.19414524602866454
AIT-2025-09-007,ZS,-0.7438642067244261,-0.2976797663050572,-0.7025385721974877,-0.6292340475914021,-0.8874713569138369
AIT-2025-09-008,ADBE,0.718621666503892,1.1460758100557504,0.4461070224423241,0.11117317751827273,-0.053268265654669286
AIT-2025-09-008,AMD,-0.04561458684041132,-0.6115144413852742,1.1669209794311044,1.6360616993807389,1.2882340486320272
AIT-2025-09-008,GOOGL,-0.20282014692512065,-0.04654592085595218,-0.4130929687405865,-0.5525966613831698,-0.4561276557519422
AIT-2025-09-008,GOOG,-0.14492798650770194,0.13056259374591195,-0.3145012415671657,-0.4913681804363053,-0.4811119066474779
AIT-2025-09-008,ADI,-0.6491021468597764,-0.016595170772213508,-0.28990431473189077,-0.0533870206160898,-0.2382441805257718
AIT-2025-09-008,AAPL,0.5059054511173966,-0.5914076822908045,-0.649682174904633,-0.6782975402145303,-0.5895634693821723
AIT-2025-09-008,AMAT,1.0352451128382618,1.6207244937534437,1.1688350635892426,0.9144806500590023,0.4093712758922806
AIT-2025-09-008,APP,0.971734334101708,0.14355410758765813,0.4389991154871005,0.07897697175409456,-0.38950835889743035
AIT-2025-09-008,ARM,-0.009853245095445058,-0.10164958291825221,-0.29551726416919877,0.5857759003063977,0.23879297065962188
AIT-2025-09-008,ASML,0.27459685709176934,0.13125409185136513,0.042938558855462716,0.4121910555268356,0.1058698159552985
AIT-2025-09-008,ADSK,0.014668800981161424,-0.029299271922873737,-0.16955301988413998,-0.21716944067351918,-0.4902922088071208
AIT-2025-09-008,AVGO,-0.0009647988896443779,-0.4373407098429569,-0.6587282371037825,-0.34070654959963564,-0.507325361591033
AIT-2025-09-008,CDNS,0.06557426953148411,-0.9404669171225195,-0.8558216191033745,-0.5940076645543363,-0.2353352387152506
AIT-2025-09-008,CTSH,0.8428664237295568,0.6403643045241607,0.15847004659508915,0.1581879947617285,0.18405936822241725
AIT-2025-09-008,CRWD,0.2533280318346276,-0.8061753792476372,-0.865967294164608,-0.676833834896625,-0.8436928835085622
AIT-2025-09-008,DDOG,-0.4353409658999363,0.4460673907046524,0.08120058567956835,-0.131385808885204,-0.5976681312464284
AIT-2025-09-008,DASH,-0.390037136698695,-0.48639025798272356,-0.5240441697164794,-0.7226995014149383,-0.5495489181750008
AIT-2025-09-008,FTNT,0.5280842593683919,-0.32688824578997827,-0.28580717537514944,-0.18524297627015568,-0.29775119033428227
AIT-2025-09-008,INTC,1.5127008045216686,1.1703479413946651,0.9594115703881796,0.8457945098123244,0.7823666437711704
AIT-2025-09-008,INTU,0.6357004701550907,0.8284991485941859,0.45210130351187633,0.2573152631943083,-0.21837154605127557
AIT-2025-09-008,KLAC,-0.332797700800357,-0.023563759228829084,-0.20172362260557652,0.15975969392302758,-0.010849708880771367
AIT-2025-09-008,LRCX,0.2678419531806645,0.3654666525286003,0.39283683397806035,0.27845196166707714,0.05562861033103459
AIT-2025-09-008,MRVL,1.0840283516708973,0.3189989750386152,0.2723490760973157,0.307661812821139,-0.011838592731191564
AIT-2025-09-008,META,-0.38011176610656017,0.7731160361204742,0.4331254403514038,0.05837362604659801,-0.3286091334212594
AIT-2025-09-008,MCHP,-0.6759557358464158,-0.3018031155160894,-0.6933718544141372,-0.6019456708598491,-0.68939386732749
AIT-2025-09-008,MU,0.7997886166690035,0.7557112459287297,0.7832987685788607,0.4330990539490384,0.22858738101456422
AIT-2025-09-008,MSFT,-0.18815699644968154,0.04527732942462785,-0.3076610240541397,-0.48955495519978154,-0.5278083510206536
AIT-2025-09-008,MPWR,-0.8152925410105916,-0.7922657392326098,-0.8311370621424782,-0.5296590464246405,-0.6022003112067226
AIT-2025-09-008,NVDA,-0.40048281881870956,-0.18122177228515834,-0.8335900381207587,-0.6720150110840182,-0.7469060719406997
AIT-2025-09-008,NXPI,-0.5150112356884605,-0.8267207033045535,-0.8010908970734575,-0.37043664986588193,-0.19499097490587838
AIT-2025-09-008,PLTR,-0.9482279717703977,-1.6498670826829631,-1.1334002958684808,-1.3591467427052608,-1.668782990723825
AIT-2025-09-008,PANW,0.20786856276590993,-0.1670349981000563,-0.03992097727108878,-0.13610239111468297,-0.29269428625065447
AIT-2025-09-008,PDD,0.39338163534580595,0.6298297606340983,-7.067502866331399e-05,0.10022323079829305,-0.28205004154252866
AIT-2025-09-008,QCOM,0.07380940921846608,-0.7782968448858547,-0.6147210916281928,-0.08266166606640558,0.2639073476846357
AIT-2025-09-008,ROP,1.2281256867514758,1.0668037993037185,1.364657082753699,1.325459911731821,1.473899430820471
AIT-2025-09-008,SNDK,1.5080133423575603,2.0364063014430185,1.7810050992312636,1.529077691672184,1.5102624804934297
AIT-2025-09-008,STX,0.3873158756578144,1.43576782896811,1.3211420986845,0.8999803400808614,0.654010750597231
AIT-2025-09-008,SHOP,-0.3947112927808481,-0.04797925046135032,0.22475056669648386,0.16786710423446924,-0.023820356608279032
AIT-2025-09-008,MSTR,-0.4012206148007889,-0.8251392292576507,-0.41763520864264475,-0.4276076268624332,-0.665747632801763
AIT-2025-09-008,SNPS,2.0991672162750845,1.0788485306977327,0.8234739508860388,0.9575603495238468,0.8407874581714458
AIT-2025-09-008,TXN,0.2370178960350751,-0.38256158145742214,-0.28425154797673496,0.03573894784954162,0.394453681426887
AIT-2025-09-008,TRI,1.392766457072653,1.195558299702209,1.1574947781424185,1.1203751937103201,0.9282180248416642
AIT-2025-09-008,WDC,0.41726828974818064,1.9195494409565064,1.5006546092913424,0.8347379173896087,0.5464743881505167
AIT-2025-09-008,WDAY,1.1380825500112417,0.7823120311811047,0.3038307578490768,0.02361631375073634,-0.2566931864810956
AIT-2025-09-008,ZS,-0.6910322181873438,0.031698571328263855,-0.6147145272595863,-0.6072290869641404,-0.9077088638830972
AIT-2025-09-009,ADBE,0.9454488055353547,0.589469984427529,0.5459432020346576,0.18537341889384393,-0.009960649796058405
AIT-2025-09-009,AMD,0.007245991017737781,-0.6194558066174382,0.671573296026947,1.4830187200969092,1.2576253131951085
AIT-2025-09-009,GOOGL,0.13927389124968156,-0.001048788559630351,-0.2570474261524404,-0.4524534052765956,-0.43555446044231144
AIT-2025-09-009,GOOG,0.03058349193929048,0.09169478156330442,-0.08580398353643165,-0.4231592876118249,-0.4587345923575474
AIT-2025-09-009,ADI,-0.6865787254457061,-0.5313543482736404,-0.303878229553802,-0.06356040270311168,-0.20138940600776203
AIT-2025-09-009,AAPL,0.4808413015150509,-0.8739568377594873,-0.5403487810825177,-0.6467052815323091,-0.5952315577683143
AIT-2025-09-009,AMAT,0.9513464714161075,1.2076349791738277,1.1098196845948156,0.9386321689562741,0.45744121989297043
AIT-2025-09-009,APP,0.9566945908853989,0.7702265795254045,0.4297747944150104,0.2824017053235042,-0.2518744017644823
AIT-2025-09-009,ARM,-0.1068896879696982,-1.1802836314374523,-0.5031064441220119,0.291044901921783,0.22450167741058275
AIT-2025-09-009,ASML,0.5698828450680113,-0.4498910206234509,-0.07728684019822668,0.2695408086305889,0.15695709161410779
AIT-2025-09-009,ADSK,0.0629386181141868,-0.5706464853690969,-0.27280317159123246,-0.25529113789585733,-0.46913311444923084
AIT-2025-09-009,AVGO,0.08260447156172201,-0.42582408272335615,-0.5980936581658749,-0.3469341719662107,-0.505376945744885
AIT-2025-09-009,CDNS,0.08467614667474693,-0.8923539654262733,-0.7648232990667087,-0.6543799758404475,-0.3436998305124947
AIT-2025-09-009,CTSH,0.9167606788176526,0.37432567712156783,0.11978541193944293,0.1536287109542976,0.13553787173498202
AIT-2025-09-009,CRWD,0.3083596461949317,-0.9720858865208917,-0.9744482866219667,-0.7287944290157969,-0.8939913039994423
AIT-2025-09-009,DDOG,-0.32028466526918675,-0.1335009329844754,0.17514959410851663,-0.05693057225767517,-0.516013559102109
AIT-2025-09-009,DASH,-0.285262387976551,-0.14660131666553258,-0.453557202374458,-0.6187750320875334,-0.5255054543077831
AIT-2025-09-009,FTNT,0.6296317037514271,-0.2406915939066187,-0.25559100270333485,-0.19193742311727996,-0.2989066434396013
AIT-2025-09-009,INTC,1.227125290325227,1.1012430987994777,1.0786474256702354,0.8997782036860794,0.7660747521904916
AIT-2025-09-009,INTU,0.7686710588528142,0.5905392179370871,0.5213169598614996,0.36428943277705433,-0.1426235455327063
AIT-2025-09-009,KLAC,-0.1887750577773003,-0.5878169851268429,-0.2622326387152509,0.08217014071171472,0.0035629836307744375
AIT-2025-09-009,LRCX,0.30024523060074615,-0.12245390054501071,0.2000085168156044,0.2892224604350487,0.09828641725922449
AIT-2025-09-009,MRVL,0.9846312196077975,0.34072971359776016,0.32394923767963885,0.3603164726307313,0.03240380739924999
AIT-2025-09-009,META,-0.35856184920780687,-0.2088945636148303,0.3225120848698865,0.06773646434289897,-0.36247553134674104
AIT-2025-09-009,MCHP,-0.547751741734879,-0.607180020191618,-0.6689132418911128,-0.676690254600841,-0.6593216492632621
AIT-2025-09-009,MU,0.7513273360852981,0.18057188617936992,0.7649969150131981,0.554973980011862,0.3021950639050606
AIT-2025-09-009,MSFT,-0.17097164212677862,-0.342609650446071,-0.2136732828780652,-0.4406742199550798,-0.6080946948883316
AIT-2025-09-009,MPWR,-0.7673658550245448,-1.108152992539611,-0.9275506179404648,-0.6982982632115793,-0.6498452571906368
AIT-2025-09-009,NVDA,-0.4084520963282464,-0.03913009598449338,-0.690397573667494,-0.6935613950045444,-0.8103172005671384
AIT-2025-09-009,NXPI,-0.41176837099330765,-1.3539993235978567,-1.0525152167211826,-0.4945757178081417,-0.3344968811032192
AIT-2025-09-009,PLTR,-0.9571159214376751,-1.8936311525490634,-1.331265744580334,-1.4339978887088924,-1.6828067743857613
AIT-2025-09-009,PANW,0.24281471938969762,-0.2185264240148041,-0.01514336472566008,-0.0981675904648265,-0.2767890265078223
AIT-2025-09-009,PDD,0.5594909093361884,0.526717878571149,0.17040207336586968,0.17059735746122423,-0.23163689306942048
AIT-2025-09-009,QCOM,0.11226667182623704,-0.49937007950711476,-0.5989893900930991,-0.12778502712408385,0.12080854810591964
AIT-2025-09-009,ROP,1.294637446108168,0.6815576047134286,1.2158262465562084,1.3351125524086187,1.383891335977241
AIT-2025-09-009,SNDK,1.5799839769490762,2.0714968238455738,1.948351318565592,1.6202049494088477,1.5511738631358116
AIT-2025-09-009,STX,0.6875762164394601,0.704090602545117,1.0815607808601606,0.9913402776928977,0.6453081208654119
AIT-2025-09-009,SHOP,-0.41080294396947326,0.7093822712065933,0.46630096878229343,0.2609112503904643,0.04309402196642111
AIT-2025-09-009,MSTR,-0.4709207921339498,-0.9654811748543571,-0.6154482604420703,-0.41644201991494256,-0.6211668725326253
AIT-2025-09-009,SNPS,2.2479516884057724,1.4361758752338376,1.107629516868937,0.9758566323605663,0.8849035765191373
AIT-2025-09-009,TXN,0.4181550482597458,-0.863258283078315,-0.2940644561710514,-0.09492794711667632,0.33636672102423804
AIT-2025-09-009,TRI,1.3568829072479098,1.30703018684442,1.2940959661855889,1.0885512004756388,0.9832543493375584
AIT-2025-09-009,WDC,0.6494475288543217,1.5991388444351549,1.5248595338304949,0.9753852299098891,0.6392911900805281
AIT-2025-09-009,WDAY,1.0149396482360569,0.7100867497865824,0.49258512982350605,0.13998234823266353,-0.19414524602866454
AIT-2025-09-009,ZS,-0.7438642067244261,-0.2976797663050572,-0.7025385721974877,-0.6292340475914021,-0.8874713569138369
AIT-2025-10-003,ADBE,0.12508756620225053,0.40035066206208225,0.2654069872799412,-0.055675624814361946,-0.08544417942242082
AIT-2025-10-003,AMD,1.9555771948819647,1.9322654702352016,1.08689841893992,0.8624618367509934,0.7555926922051033
AIT-2025-10-003,GOOGL,-0.5654582003846841,-0.5327472192861376,-0.23989351473713885,-0.24965914352460275,-0.15151777176406964
AIT-2025-10-003,GOOG,-0.5433673695543213,-0.618428234050901,-0.4561876888157595,-0.3806503876556137,-0.20353705647196638
AIT-2025-10-003,ADI,0.06075812810526909,-0.555527629603615,-0.44960578980102966,-0.3950855717434314,-0.2887837931225808
AIT-2025-10-003,AAPL,-0.6340314774866566,-1.0821949392918069,-0.28413411087964796,-0.4923858247328988,-0.2850234850111853
AIT-2025-10-003,AMAT,0.8048836371197685,0.3520470902323385,-0.22860896337481007,-0.15111406585661447,-0.06323419149528092
AIT-2025-10-003,APP,0.11036749543530296,-1.0821759983952401,-0.7835069733758481,-0.9843890397579169,-0.718275732359838
AIT-2025-10-003,ARM,0.6415646989058553,0.5409678058673448,0.08108257157623111,-0.17809238230603108,-0.2572493306934647
AIT-2025-10-003,ASML,0.40114609875221885,1.0851246190809678,0.11562108511459446,-0.23168115796389388,-0.4287607417551657
AIT-2025-10-003,ADSK,-0.1947681908807912,-0.8944383780181513,-0.6416310932550754,-0.7129741510505687,-0.6694111299968503
AIT-2025-10-003,AVGO,-0.2603369271599686,-0.2152124351418376,-0.5671235206342019,-0.6040364375242161,-0.6129070689266545
AIT-2025-10-003,CDNS,-0.6216164781244828,-0.12019270666738745,-0.27926708952150725,0.19701342732673052,0.19259793070813908
AIT-2025-10-003,CTSH,0.011886154735624634,-0.21385055093637767,-0.28512173385896705,0.36854756923128773,0.6743628950802505
AIT-2025-10-003,CRWD,-0.6710863920463511,-1.3260384121243365,-1.352561265427634,-1.0660613074274492,-1.126817437136193
AIT-2025-10-003,DDOG,-0.026785081341211738,-0.3254983412001021,-0.8474210196437534,-1.039861816581327,-0.37995230916731715
AIT-2025-10-003,DASH,-0.7520572696863421,-0.6253112378451026,-0.5257997464166316,-0.32093682880800123,0.275990909509642
AIT-2025-10-003,FTNT,-0.234039772064352,-0.40821415214170303,-0.34671499557169616,-0.40864088489790706,0.051097044880811626
AIT-2025-10-003,INTC,0.6848453010609119,0.055502656121030315,0.016200970421814478,0.539801612630407,0.11510247773595192
AIT-2025-10-003,INTU,0.2759955549365193,-0.48555783281558645,-0.6257812729143454,-0.6653649811598402,-0.5367062402218387
AIT-2025-10-003,KLAC,0.2633303245361466,0.3316378224064162,0.048466079361277746,-0.07635457814777181,-0.005783249914861828
AIT-2025-10-003,LRCX,0.39960562719173454,-0.12235853363630829,-0.3184384211809032,-0.13209721130953292,-0.2367267259582254
AIT-2025-10-003,MRVL,0.31546427919017633,-0.3956314369536975,-0.2809073712867772,-0.4207244265492615,-0.24389867146277835
AIT-2025-10-003,META,0.13917970892245624,-0.839948162814572,-0.9090122475507268,-0.5479170904459412,0.668061026007288
AIT-2025-10-003,MCHP,-0.6728497286855222,-0.5347585682808514,-0.7918578750664657,-0.6819473588214054,-0.4361739604494274
AIT-2025-10-003,MU,0.6853259819867892,0.6599736950325408,0.10457140436754382,0.03645313200962949,0.0959173368385593
AIT-2025-10-003,MSFT,-0.45833340226938724,-1.0002683716803407,-0.7358880452292706,-0.3595497879402615,0.1355776462535059
AIT-2025-10-003,MPWR,-0.5168950830069164,-0.3172501790508603,-0.6583529756287869,-0.5089419146083387,-0.08863002099326917
AIT-2025-10-003,NVDA,-0.8264348483843549,-0.2639177839185966,-0.8226535933916085,-0.6565652825303007,-0.5154158210152248
AIT-2025-10-003,NXPI,-0.27871685553066855,-0.4508165943511384,-0.3121871646166472,0.1715387190736459,-0.05601842814429761
AIT-2025-10-003,PLTR,-1.2035035226388635,-1.811820624599806,-1.873077204795169,-1.7607446423501611,-1.116156150569492
AIT-2025-10-003,PANW,-0.1072395585395072,-0.5147849413095572,-0.5186447226674503,-0.4985555472749816,-0.42999657694239246
AIT-2025-10-003,PDD,0.0856350183655447,-1.337147930001175,-0.9513499110346965,-0.6174222051132249,-0.6607098035463883
AIT-2025-10-003,QCOM,-0.029587363193483,-0.5003345410302115,-0.3322956977954932,0.7079612695775198,0.8217644799611511
AIT-2025-10-003,ROP,1.4128279397891086,1.1763507389360515,0.9278890138520505,1.6781575480437751,1.561631110201232
AIT-2025-10-003,SNDK,1.3187762538187642,1.242831163991665,1.1103751545302887,1.3295323459309154,1.5320537808763963
AIT-2025-10-003,STX,1.011586800524345,1.1486182453851095,0.30369246876098505,0.5388386778457348,0.695477640645856
AIT-2025-10-003,SHOP,0.13480918843585038,-0.2267521418770717,-0.3806367159549601,-0.19674096125286314,0.08202053600568114
AIT-2025-10-003,MSTR,-0.18384602247297377,-0.35351934839557864,-0.5099711901842902,-0.8534840780649356,-0.5986262575812886
AIT-2025-10-003,SNPS,0.6649061659689086,0.9663823952480395,0.7130913330285585,0.5654930782259062,0.7389078785809223
AIT-2025-10-003,TXN,0.0354879213956041,0.5724204758318661,0.841688022551419,0.8362001215353565,0.6541117054309327
AIT-2025-10-003,TRI,0.888848972105587,1.2098539691081804,0.7748625707118468,0.6271771955805371,0.8337835538487345
AIT-2025-10-003,WDC,0.8234215113046109,1.19400553451915,0.40194283852871465,0.3901313153738078,0.6973955056234897
AIT-2025-10-003,WDAY,0.039820380640477576,-0.31744320549935945,-0.3349264713119268,-0.5638539002598967,-0.3975994042489662
AIT-2025-10-003,ZS,-0.6765883540590312,-1.1308993386591917,-1.421826337521751,-1.1977517400884312,-1.0547571126791002
AIT-2025-11-001,ADBE,-0.1682060588147536,0.23795368430668767,-0.27529644651436563,-0.2490934534495989,-0.07623299999131965
AIT-2025-11-001,AMD,0.12506404993432296,0.6050716513993302,0.7781238863387391,0.5047369427198224,0.037719152826049575
AIT-2025-11-001,GOOGL,0.008493769405047265,0.1186873415161452,-0.5286639883391294,0.23245470634782636,0.5213376715475931
AIT-2025-11-001,GOOG,0.038780745309174275,0.03176972381742763,-0.4911536013998919,0.14917122198925992,0.4642649443482245
AIT-2025-11-001,ADI,-0.47318995900182365,0.1525711529885402,0.2159454884093315,0.1288150077328272,0.4677286440734867
AIT-2025-11-001,AAPL,-0.195798449156244,-0.18310219804976657,-0.3231431890016783,-0.3977805306927452,-0.46355430141233966
AIT-2025-11-001,AMAT,-0.14523694977301918,0.3129214656148886,0.28516667852213434,0.6321303683513021,0.3116236246818896
AIT-2025-11-001,APP,-1.2367754149302213,0.29074969286469493,-0.15907450470606468,-0.49891102429954903,-0.7581448545955626
AIT-2025-11-001,ARM,-0.7157382456565893,0.6281335901504707,-0.09013902477979184,-0.2928317003152481,-0.6988968974169435
AIT-2025-11-001,ASML,-0.6646847173674993,-0.2677291321199249,-0.7024771573892408,-0.36376526992264907,-0.2174065575938322
AIT-2025-11-001,ADSK,-0.6577413100937252,-0.8592727139129102,-0.8135576168451731,-0.6494177223293165,-0.11506822928861987
AIT-2025-11-001,AVGO,-0.432366608327951,-0.3060634591979601,-0.6920697638731582,-0.5289798529324172,-0.2319941263583314
AIT-2025-11-001,CDNS,0.4080027597313137,0.5431966034495421,0.20680691369039972,-0.03586305538487949,-0.08208662939098792
AIT-2025-11-001,CTSH,1.2641270492346002,0.8731640732734243,0.5183961486269587,0.3594276736574944,0.3520692964251471
AIT-2025-11-001,CRWD,-0.8804573436454753,-0.42951740897544866,-0.9886038150619934,-1.122850259047168,-0.8782106235646717
AIT-2025-11-001,DDOG,-1.0487759338487193,2.2855415012120934,0.8602293467518424,0.38533433677947254,0.08218471308415817
AIT-2025-11-001,DASH,-0.037822573896362614,2.593999212346585,1.4429986554319436,1.746429638038524,1.2554070905370878
AIT-2025-11-001,FTNT,-0.24551004584945169,1.5358152041696445,0.5785712169087568,0.35194132678170154,0.12950642480563404
AIT-2025-11-001,INTC,0.4789277936826488,-0.1695896537083076,-0.5036760199783894,-0.5126018864342915,-0.2773823522969823
AIT-2025-11-001,INTU,-0.6824383649939741,0.06776665049437477,-0.2930352560854482,-0.15313734783254737,0.1455756981791189
AIT-2025-11-001,KLAC,0.03468153554431256,0.3255543539363074,-0.012091441388602372,0.18212140065256965,-0.14131583624872285
AIT-2025-11-001,LRCX,-0.18859003654910608,-0.1828549223747782,-0.23531445748339305,-0.022858984744073794,-0.21839248897078342
AIT-2025-11-001,MRVL,-0.532177142731786,0.6771013118979674,-0.13225298647362996,-0.1120106272230212,0.09867544992386053
AIT-2025-11-001,META,1.3683723275495012,1.7990680851826606,1.2153621492489826,1.219379020063575,0.9503260485942894
AIT-2025-11-001,MCHP,-0.619462992523228,1.1245736075666881,0.3291658894377328,0.19338499687339478,0.1805336562774449
AIT-2025-11-001,MU,-0.20976329230455748,1.0099565169862377,0.5561151448375308,0.9407658303059573,0.4478523044728919
AIT-2025-11-001,MSFT,0.5060032136113524,0.6904357633704663,0.518868376937973,0.6058997433234088,0.6019848524774597
AIT-2025-11-001,MPWR,0.3207762778438666,0.1593911853735707,-0.07174033626151367,0.03986333975226707,-0.15020118224344814
AIT-2025-11-001,NVDA,-0.4107634670651713,0.3749133746006107,-0.14260649748295484,0.000809972433195078,-0.09761628591937874
AIT-2025-11-001,NXPI,0.3936497516037032,-0.4093167967438507,-0.5648764726950549,-0.29343183182193927,0.11904413089521801
AIT-2025-11-001,PLTR,-0.9197158328887833,-0.05803915101152517,-0.3713554051723352,-0.5390041031021177,-1.201054346313031
AIT-2025-11-001,PANW,-0.4132512120824217,-0.08547795463855357,-0.288038659214698,0.0877678444884534,0.1887434181288729
AIT-2025-11-001,PDD,-0.44049055444891727,-0.7560475456493136,-0.5378278482117392,0.14004834310697312,-0.1735063226344654
AIT-2025-11-001,QCOM,1.3173355098487765,1.5143281180078723,0.8305890328508966,0.7545945977928735,0.4505094573768985
AIT-2025-11-001,ROP,2.1706565394490918,0.8383030187656149,0.7749855093705315,0.7913660477557231,0.5656537468479947
AIT-2025-11-001,SNDK,1.363820382160968,1.9444649979166022,1.9998741464822445,2.0637571599120874,1.9767439702520784
AIT-2025-11-001,STX,0.8411783460276839,0.5176396392784072,0.4076928565056512,0.053704322969384904,-0.2841557012662516
AIT-2025-11-001,SHOP,0.31980546665972537,0.4625986128948174,0.06727064977473567,0.2923334541398598,-0.046865029073522864
AIT-2025-11-001,MSTR,-0.6105221579612876,0.4613721886888543,-0.21475115352015087,0.6279389495915699,1.0815243328361248
AIT-2025-11-001,SNPS,0.4591737195717841,1.3315549721949913,0.6862668458849718,0.5369534769578138,0.5149035738650193
AIT-2025-11-001,TXN,0.6474966286008361,0.15380160955093172,0.15520522528693936,0.11161155079659585,0.18321490079413946
AIT-2025-11-001,TRI,0.584662932063524,1.231958027239084,0.9459858736994177,0.9165264548730022,0.4294096459380528
AIT-2025-11-001,WDC,0.7887738232067565,0.42850877890968625,0.6194106169729306,0.5286987069074267,0.11213050995950417
AIT-2025-11-001,WDAY,-0.6448585430262331,0.7433336660819277,-0.10919761392932133,0.13815225876786846,0.5286819236947358
AIT-2025-11-001,ZS,-0.9509840214498685,-0.6341062678959203,-0.8522902084500205,-0.7234718730305066,0.02846108307053618
AIT-2025-11-002,ADBE,0.18704844742792148,-0.47694347498218237,-0.3557486974808452,-0.05012829349763892,0.21732604853774626
AIT-2025-11-002,AMD,0.14533915605878028,1.4205145387172755,0.45712054096908794,0.49466099615417325,-0.3041349652264999
AIT-2025-11-002,GOOGL,0.22819442752223118,-0.688333870083873,0.4413416340227155,1.1927378035449516,0.6136867953430609
AIT-2025-11-002,GOOG,0.21200802591873238,-0.6883460447354157,0.3252063314369305,0.9851666270116322,0.4973471867543956
AIT-2025-11-002,ADI,-0.3034927242160206,0.8095665341297438,0.2136774626857704,0.7119341840944566,0.4591373268575727
AIT-2025-11-002,AAPL,0.04856193447155023,-0.19136475845228149,-0.3774738853844179,-0.29681792256060535,-0.605311359393738
AIT-2025-11-002,AMAT,0.06901027069133749,0.6213620536113436,0.9735770703344184,0.7860669240868255,0.17609918276883696
AIT-2025-11-002,APP,-0.67177678674275,-0.5769195135721572,-0.8160557039291478,-0.8326269373444048,-0.9868142514277533
AIT-2025-11-002,ARM,-0.3392667750365652,-0.2843325659778465,-0.5166778783100758,-0.38624667677980606,-0.9760701528049631
AIT-2025-11-002,ASML,-0.5129264715293841,-0.7159255695943727,-0.29379949487368134,-0.026671639651136617,-0.21539365969910712
AIT-2025-11-002,ADSK,-0.4475889388366908,-0.6047227815242544,-0.4875464543585352,0.21979504663345217,0.10662643312312134
AIT-2025-11-002,AVGO,-0.31459993199683806,-0.8578326870295195,-0.6315288160203162,0.05905357255259289,0.06398305646025854
AIT-2025-11-002,CDNS,0.2558380691532986,-0.1316158104950656,-0.2694206727646842,-0.11304875475249206,-0.39374651719219633
AIT-2025-11-002,CTSH,1.3210034633727252,0.3541709711109178,0.11442212500565979,0.5772117754295678,0.250868160021989
AIT-2025-11-002,CRWD,-1.0531843741115048,-0.9673033250891846,-1.2767048294654526,-1.052290099550437,-0.9098572775658856
AIT-2025-11-002,DDOG,0.31612191849227733,-0.09598432062552754,-0.3705489809228122,-0.103229889944792,-0.3536333525650313
AIT-2025-11-002,DASH,0.9202974848944976,0.8525296969553684,1.5739957328743255,1.4473161638998753,1.0602262672686602
AIT-2025-11-002,FTNT,0.6266123245329787,-0.11032075564547536,-0.03687152176545248,0.07044674535952926,-0.01534573971794433
AIT-2025-11-002,INTC,-0.27530573778089795,-0.5946821047457701,-0.6687847394589669,-0.5134879838183299,-0.33367610203936837
AIT-2025-11-002,INTU,-0.2586530691604161,-0.09356882851924714,-0.1882374592793532,0.49164327802071317,0.27547234424464856
AIT-2025-11-002,KLAC,0.3037256733087222,-0.07074742883203061,0.2790669173389337,0.3841247919277622,-0.25793469129463126
AIT-2025-11-002,LRCX,-0.24865730524567292,-0.04050158419515115,0.09255896365900262,0.2502640955623799,-0.2502866384915893
AIT-2025-11-002,MRVL,-0.0903357544654358,-0.5216043604119588,-0.3457242921767187,-0.22053585361237468,0.22610864595502841
AIT-2025-11-002,META,2.3148666432902867,1.4162615948452935,1.3275190360322862,1.2661134975129311,0.7852832943237108
AIT-2025-11-002,MCHP,-0.03193826857288337,-0.16459760962116457,-0.08305961089228844,0.05311496900910589,0.04084640674408293
AIT-2025-11-002,MU,0.2505465577114114,0.2626167769913355,0.9182467261561967,0.841365047222867,0.27698954851998625
AIT-2025-11-002,MSFT,0.9444560977935385,0.739163479547351,0.7105282348871292,0.8977902489056603,0.605374556962751
AIT-2025-11-002,MPWR,0.6260644254315346,-0.12943477257545405,-0.03785309161221254,0.1821274675499769,-0.2394179557099039
AIT-2025-11-002,NVDA,-0.040764943355845774,-0.4375694187317653,-0.2010630505177036,0.2730333025133854,-0.18009129578354446
AIT-2025-11-002,NXPI,-0.03581350288506203,-0.4395866584654259,-0.22963678436748,0.16194286414639533,0.14813296329750875
AIT-2025-11-002,PLTR,-0.13447159789116003,-0.6152141272238297,-0.7885915125118812,-0.8295168959579379,-1.4718424825069545
AIT-2025-11-002,PANW,-0.2828309405358334,-0.21076536090465278,-0.0034924173662603994,0.5382066272645321,0.1711416441858097
AIT-2025-11-002,PDD,-0.6050631923973153,-0.6965023250664333,0.45415482215426445,0.303430335509589,-0.1181449290366065
AIT-2025-11-002,QCOM,0.9278133962904942,0.38694144022929344,0.4075577449210037,0.49618940227969155,0.19381144785539628
AIT-2025-11-002,ROP,1.4055219669501466,0.7866912395675062,0.782414310416744,0.753879491751001,0.5183208125943368
AIT-2025-11-002,SNDK,1.4855047470754648,2.1392328798109257,2.0088813471979927,2.174142447359449,1.756891092060863
AIT-2025-11-002,STX,1.0978672384023078,0.558948744826553,-0.16194268868228082,-0.09841511663852094,-0.4370560763667737
AIT-2025-11-002,SHOP,0.5759389751877215,-0.001505191116320026,0.2994649904058859,0.194092308771967,-0.2702096391597706
AIT-2025-11-002,MSTR,-0.06534315655161518,0.06463224975549503,1.081896178373454,1.3446464499212734,1.4273266840848313
AIT-2025-11-002,SNPS,0.9261241285566041,0.3819775822130728,0.34941795730811265,0.3414988360416139,0.5568791788142858
AIT-2025-11-002,TXN,0.5873785258087914,0.08358414607768735,0.024993956437361048,0.2980796774487389,0.01960199989345351
AIT-2025-11-002,TRI,1.0700311348033196,1.1193295280084314,0.9758891486950754,0.7217745082164052,0.2659511742717183
AIT-2025-11-002,WDC,1.1705524887829564,0.7195579215479846,0.4351376070581387,0.3307170332316878,-0.1294790099524738
AIT-2025-11-002,WDAY,-0.06780419875108554,-0.41335774876528164,0.11004324460968196,0.8553408411377238,0.5117963516641688
AIT-2025-11-002,ZS,-0.8852374093763413,-1.0494215733789625,-0.7387199163587045,-0.011176888250717276,0.12276415853175097
AIT-2025-11-003,ADBE,-0.24857242890884657,-0.2717231317368933,0.24319507010222197,-0.05474561574940365,0.40477596655769926
AIT-2025-11-003,AMD,0.5969631963694504,-0.24802632248995016,0.27118011240613604,-0.08281474473066798,-0.6126230747524016
AIT-2025-11-003,GOOGL,-0.5089716293685987,1.0998403931690104,1.7659936743392468,1.2876450100353922,0.6204405534604959
AIT-2025-11-003,GOOG,-0.5112992279903962,0.9722707319582593,1.5633055906155953,1.1780438056593245,0.5355513426314886
AIT-2025-11-003,ADI,-0.007628011038273794,0.26160352121859376,0.5493181806302464,0.7810347657670086,0.4156002187310764
AIT-2025-11-003,AAPL,-0.29099035022776554,-0.4247372986834128,-0.16675099287026907,-0.5203266345696114,-0.6684353415630621
AIT-2025-11-003,AMAT,0.15031528827999607,0.9846965347150014,0.7247312811483367,0.3267510707691347,-0.02704316301927222
AIT-2025-11-003,APP,-0.38109062996516907,-0.9717089495629155,-0.7028317478496607,-0.9702631678382224,-1.0403160568270833
AIT-2025-11-003,ARM,-0.1422219677409512,-0.6732359587808352,-0.3416977220080463,-0.7994113393927165,-0.8570391076556276
AIT-2025-11-003,ASML,-0.6418980671723713,0.04597438995944876,0.41163687770168966,0.12242712980202276,-0.16944112904441924
AIT-2025-11-003,ADSK,-0.6994990329736114,-0.33627278657974646,0.05304649538917561,0.3222376235789949,0.25760575046523
AIT-2025-11-003,AVGO,-0.6017610702989394,-0.6529017779548838,0.27797886547295975,0.15361948266573658,0.6122009899752459
AIT-2025-11-003,CDNS,0.26269457910475935,-0.07456812663018006,0.011525154475085583,-0.18126581336654404,-0.358783515881237
AIT-2025-11-003,CTSH,0.7188554129895867,0.1706632511130852,0.7159941756937251,0.32103288844141026,0.3455287470702048
AIT-2025-11-003,CRWD,-1.0205669625016573,-1.2810727826508534,-0.9332098491263897,-0.9900822134261201,-0.8645933522476187
AIT-2025-11-003,DDOG,0.5515256010462322,-0.4631527145782196,0.18042818783405923,-0.1657015729668431,-0.36321059741320866
AIT-2025-11-003,DASH,1.2654171732760744,1.7776768142712749,1.8594952371809133,1.1794183489701688,0.8991076720651782
AIT-2025-11-003,FTNT,0.6191012602601008,0.15806017141727602,0.28685784713653806,-0.1894517749088727,-0.025561122902064096
AIT-2025-11-003,INTC,-0.503795556562848,-0.746601009500935,-0.29969578357067156,-0.28916056639435705,-0.3660457857847866
AIT-2025-11-003,INTU,-0.3803785449053072,0.24151814564671464,0.8251676954303234,0.3548176780779829,0.3238297102307702
AIT-2025-11-003,KLAC,-0.028467818157472013,0.5132876933008392,0.5542310395076577,-0.08216522043236783,-0.3026939706107077
AIT-2025-11-003,LRCX,-0.2777762687298305,0.10453501377978888,0.5715133044324309,-0.14511218245454705,-0.32827368214063485
AIT-2025-11-003,MRVL,-0.223413979699471,0.21568684612265984,0.14199981107990958,0.014668017819759632,0.22114291087920585
AIT-2025-11-003,META,1.2885325458668235,1.0267908840050832,1.1707334778159038,0.7231461275974922,0.5484396919740862
AIT-2025-11-003,MCHP,0.06915776189244559,-0.005080878757446117,0.29352478901228163,-0.124142602779459,0.055172999999635555
AIT-2025-11-003,MU,0.5165354432958577,1.1161540874965645,1.4161170427253849,0.4735509166049603,0.2659363975522295
AIT-2025-11-003,MSFT,0.4215149085951807,0.6655523782107737,0.9306923652391482,0.5807840247198298,0.5023669049407746
AIT-2025-11-003,MPWR,0.10620536138603394,0.006289085367766067,0.5237385727867765,0.07771294529025281,-0.20104068334371725
AIT-2025-11-003,NVDA,-0.1883412877586939,-0.20966063316276012,0.6226661761393816,0.22433668900302617,-0.17647392024731964
AIT-2025-11-003,NXPI,-0.5057628627336839,-0.07386468317296631,0.4333705666378374,0.4167155539356057,0.2447136210172578
AIT-2025-11-003,PLTR,-0.09665372777411857,-0.9130516518683811,-0.6374405167962133,-1.3684446603034441,-1.6171277287090988
AIT-2025-11-003,PANW,-0.2108585020244677,-0.11886711631136614,1.0106964184891245,0.6260123344841628,0.23276032219555298
AIT-2025-11-003,PDD,-0.5841320618633263,1.3381335924916709,0.7960635855818762,0.16599940008305358,-0.06231482916140907
AIT-2025-11-003,QCOM,0.8553051143286744,0.7592861411186458,0.7627619658366876,0.3071148820743248,0.12752692046593828
AIT-2025-11-003,ROP,0.9373637550516631,0.5894502436369318,0.9735904623074644,0.44228675720862615,0.7052886894403025
AIT-2025-11-003,SNDK,1.7553586511190178,1.9215643333420944,2.021757175195067,1.9925167734518177,1.5860256223723792
AIT-2025-11-003,STX,0.5052088454601451,-0.7967151055560726,-0.3269503568761553,-0.6503269365143645,-0.5243682337949047
AIT-2025-11-003,SHOP,0.32923362462691674,0.8238840803413596,0.5479657304543186,0.11077293764586517,-0.3580169809260657
AIT-2025-11-003,MSTR,-0.19577259077134468,1.296003799041857,1.7891108748010869,1.7428553727447933,1.5059699073867776
AIT-2025-11-003,SNPS,0.8889890116715146,0.4505595319243935,0.5429972735671882,0.5105430116617323,0.6375129867091326
AIT-2025-11-003,TXN,0.27823978614030526,0.33587508525306514,0.4622271663216919,0.2274543068076046,0.0070504443858629365
AIT-2025-11-003,TRI,1.0899377698309312,1.1885640766066112,0.8014409743110518,0.23348172598007208,0.15773580855863112
AIT-2025-11-003,WDC,0.6877670476406837,0.44551384685397805,0.5652780600345888,-0.040838701199142353,-0.2638468438769493
AIT-2025-11-003,WDAY,-0.17162631950664287,0.21789573387759673,0.7143093487080879,1.0080632166183205,0.6256275187019169
AIT-2025-11-003,ZS,-0.873624916399318,-1.0565181597501139,-0.5314855417173568,0.4841913524672783,0.23740160880263897
AIT-2025-11-004,ADBE,-0.34888588012529403,-0.1048370487700474,0.303955660236994,-0.06870640530479064,0.44305116015467483
AIT-2025-11-004,AMD,0.6705243676223964,0.13574131978886725,0.5172613608309579,-0.1438013638004971,-0.6319151053398673
AIT-2025-11-004,GOOGL,-0.48822215340029573,1.473931939450941,2.0171379142402643,1.2277506991738012,0.5963234870677352
AIT-2025-11-004,GOOG,-0.5366861808484296,1.2967259722120716,1.7500257743130418,1.1619141062569682,0.5120381253169694
AIT-2025-11-004,ADI,0.11453166617534544,-0.18593354528983833,0.854107495818552,0.803657522305715,0.42411897250577935
AIT-2025-11-004,AAPL,-0.3016100161945591,-0.5773085375053942,-0.13717794098612895,-0.523593290914436,-0.649002418127658
AIT-2025-11-004,AMAT,0.4154673924144075,1.0078832908644695,0.7045402466614638,0.30573266801087134,-0.040676393685206126
AIT-2025-11-004,APP,-0.32652213030776894,-0.9467945726588488,-0.8161612110653976,-1.0166582886709377,-1.0643667365778686
AIT-2025-11-004,ARM,0.0017372450485121866,-0.4734682223689135,-0.14106963365825637,-0.8484078357218013,-0.723957768853618
AIT-2025-11-004,ASML,-0.5080525040395187,-0.024669530267689435,0.2701545732767892,0.1811821786254653,-0.12712081864005947
AIT-2025-11-004,ADSK,-0.7041299514813034,-0.04117554548304732,0.3837315142992024,0.3751960187447573,0.29024597461472845
AIT-2025-11-004,AVGO,-0.5715505696337227,-0.13947623533219936,0.6436706521684131,0.2522639439134272,0.8240155673835393
AIT-2025-11-004,CDNS,0.24193754650501495,-0.14385781423343183,0.11304278569409935,-0.0618206422842906,-0.3597995505174141
AIT-2025-11-004,CTSH,0.5347483508375761,0.1502172977865943,0.859255470564027,0.30772015062756464,0.4342966840426922
AIT-2025-11-004,CRWD,-1.005723890780612,-1.1654023865627114,-0.8555903539325568,-0.6777360212439093,-0.7968822498408941
AIT-2025-11-004,DDOG,0.5267101437921341,-0.5754183488014946,0.11907757590937523,-0.17631036705871542,-0.36640719726210547
AIT-2025-11-004,DASH,1.4445270144654527,1.627478454711721,1.6294446687420514,1.0998856363144325,0.793436740912153
AIT-2025-11-004,FTNT,0.5651682276067013,0.07668221558805088,0.22069935382349337,-0.16614739872500314,0.048594291392985385
AIT-2025-11-004,INTC,-0.4588458551289201,-0.8206163166249676,-0.3461931718092887,-0.23612061728338915,-0.38644333541727155
AIT-2025-11-004,INTU,-0.33383783221938246,0.07511142750395317,0.9721846724692966,0.4158352513339016,0.3903939753731754
AIT-2025-11-004,KLAC,0.12237702502824052,0.07909648607570041,0.409464520504923,-0.19694493160957088,-0.3441197149441422
AIT-2025-11-004,LRCX,-0.023169460613985577,0.021229626696015552,0.5484761333248598,-0.14446847552388573,-0.2917780418543736
AIT-2025-11-004,MRVL,-0.258710137556636,-0.0006652393153787628,0.009471359214167585,0.2567487327987884,0.22254476997468886
AIT-2025-11-004,META,1.144343978485014,1.4956205295923044,1.3214259842730918,0.6230559984085619,0.529563191386497
AIT-2025-11-004,MCHP,0.1708630533045267,0.1240451421021021,0.3658573407328724,0.10510250356998779,0.07057648020848732
AIT-2025-11-004,MU,0.678955700541926,1.3233572383727101,1.1630324023634324,0.3590792892679441,0.30796620732086605
AIT-2025-11-004,MSFT,0.5194123734422346,0.9981995151646139,1.1528149407184907,0.7683962665647406,0.5519815564140925
AIT-2025-11-004,MPWR,-0.02090724128388013,0.5966853939219028,0.5741128494426861,0.06852989664498275,-0.14417677143776322
AIT-2025-11-004,NVDA,-0.16673157900717417,0.32284888344014984,0.9421823487690046,0.2247589098790872,-0.13100248188376784
AIT-2025-11-004,NXPI,-0.4812746578687169,0.1545108999037083,0.5466989679433667,0.5646726974389825,0.25889042120270034
AIT-2025-11-004,PLTR,-0.1633308687637245,-1.0149643300781288,-0.7615237042211112,-1.4738896312546572,-1.617243516396629
AIT-2025-11-004,PANW,-0.19477389265346207,0.3498728508616653,1.0877280613979319,0.6493633860484253,0.24965475030890327
AIT-2025-11-004,PDD,-0.46417820652583675,1.4030440351826534,0.571276694594951,0.0055570890482768065,-0.032903511252946264
AIT-2025-11-004,QCOM,0.8336711383061503,0.4717338336320466,0.6434942216779103,0.23744041138099375,0.1038196307407747
AIT-2025-11-004,ROP,0.7946605144004265,1.1321809474555087,1.026446561690328,0.4059021418710579,0.8329606577404911
AIT-2025-11-004,SNDK,1.8253084052162376,1.8027347239063567,2.0140660961666454,1.9370166796574297,1.5406959038294503
AIT-2025-11-004,STX,0.5152087080446172,-1.053958431601384,-0.3762130161494707,-0.5932615164901128,-0.5070081087808999
AIT-2025-11-004,SHOP,0.18809034644772166,0.5246744065620211,0.4037271384722132,-0.0547853510515072,-0.40070695339981444
AIT-2025-11-004,MSTR,0.03917608564841108,1.8044707732650638,1.7838132718120159,1.8270571945031386,1.5083121889323254
AIT-2025-11-004,SNPS,0.814510267641231,0.6155615509553496,0.4458549434086214,0.5686374411413673,0.6644144679484114
AIT-2025-11-004,TXN,0.3216019029169698,-0.006643071450487925,0.46787143470939513,0.2822988423297413,0.03196233778670894
AIT-2025-11-004,TRI,1.0109261790514923,0.810809092721315,0.5074948961899808,0.06360073443652467,0.11605064540217794
AIT-2025-11-004,WDC,0.596698370633977,0.07222826533508031,0.3670004964117279,-0.10177439263693865,-0.29737914626627465
AIT-2025-11-004,WDAY,-0.0901796616612971,0.451890003262575,1.018990786697436,0.9958646852541047,0.6755527701556887
AIT-2025-11-004,ZS,-0.7088306471095457,-0.7441289768448442,-0.1211919043318163,0.6301312986186768,0.2881784727169199
AIT-2025-11-006,ADBE,-0.3198875604920788,0.4517004852161151,-0.055001922463660646,0.1232152491857906,0.5505736245271694
AIT-2025-11-006,AMD,0.454001793164347,0.8934560102402487,0.0774906070252958,-0.3847108581886307,-0.674447112454667
AIT-2025-11-006,GOOGL,-0.15646903420845548,1.937676362139166,1.580680055475198,0.8880440887797124,0.5307635058259942
AIT-2025-11-006,GOOG,-0.20843707818370422,1.5458437816147053,1.3878350163388806,0.8153829155350956,0.4766219742703835
AIT-2025-11-006,ADI,0.20430839302877205,0.5871773665954191,0.959534486935103,0.843912474927166,0.5967410293468743
AIT-2025-11-006,AAPL,-0.31073698436059843,-0.0058004408758718096,-0.629647095163037,-0.48617341582451795,-0.4465372527035241
AIT-2025-11-006,AMAT,0.6298667747616439,0.6002260022106801,0.0633352442847898,0.02004213737990702,0.042216220458844135
AIT-2025-11-006,APP,-0.4109012427927741,-0.4295398752401998,-1.119415009535584,-1.0004284519952256,-1.0127528491755415
AIT-2025-11-006,ARM,-0.20992965108970885,0.324955188729229,-0.5801725486700208,-1.028307511442725,-0.6104641787729531
AIT-2025-11-006,ASML,-0.4568756031985445,1.0506818959127349,0.09015916240838391,0.10220637835692886,-0.058199847990986396
AIT-2025-11-006,ADSK,-0.705968422085463,-0.3397119001019837,0.691435899389944,0.39469117247798463,0.4275618269361717
AIT-2025-11-006,AVGO,-0.6363881517507232,0.6543813466838502,0.5554714402624573,0.21201009446922148,1.1851168488148338
AIT-2025-11-006,CDNS,0.016172580335330665,-0.22980277350451017,-0.2458094968670924,-0.18466979422148044,-0.2773418882597893
AIT-2025-11-006,CTSH,0.23468631390418476,1.24508051973341,0.504167853488321,0.2589196233366677,0.6402263097454935
AIT-2025-11-006,CRWD,-1.0237246470117993,-0.3554009497052524,-1.056809024897994,-0.5513772312557123,-0.6911739239190863
AIT-2025-11-006,DDOG,0.44271489046839263,0.9139282525823303,-0.024639309570794816,-0.06300180906278081,-0.2924879815610931
AIT-2025-11-006,DASH,1.5784238030176512,1.9626625419794244,0.7016009385987082,0.8645453904795025,0.6891022355005271
AIT-2025-11-006,FTNT,0.4050259489159602,0.2979319551268358,-0.17126930079179248,-0.08881588674378377,0.2313125547119983
AIT-2025-11-006,INTC,-0.5931345654894149,0.12488394904698279,-0.27082436331841303,-0.053152537552671957,-0.29266625766790005
AIT-2025-11-006,INTU,-0.17774475427828357,1.7681785914054653,0.7526642823689519,0.5593807485054788,0.5555598806310778
AIT-2025-11-006,KLAC,0.2291091193572912,0.6601832517469706,-0.011926906891209418,-0.40348180125502664,-0.24782985990935155
AIT-2025-11-006,LRCX,0.0003009208555367719,0.7340258309043504,0.0003801319600634419,-0.3033578289233543,-0.0823875146792255
AIT-2025-11-006,MRVL,-0.13559629532508066,0.18335708114760746,-0.2403069022908931,0.3588028514843498,0.20249550706220026
AIT-2025-11-006,META,1.0563121911210398,1.0308561879728875,0.7784106481213944,0.6118754510018792,0.5718172693417698
AIT-2025-11-006,MCHP,0.22450634443780684,0.539836897434506,-0.14411257209357728,0.21738291572737892,0.11516681620562556
AIT-2025-11-006,MU,0.7929405786879276,1.8320950478898441,0.3967379978706053,0.12628597912311942,0.45426372611258764
AIT-2025-11-006,MSFT,0.6270147826008424,1.1312307855313986,0.7454564477446937,0.6391772693933276,0.7010426257266961
AIT-2025-11-006,MPWR,-0.10147120817052624,0.6867059518451067,0.1390301753337716,-0.21806041499447842,0.0314835920117482
AIT-2025-11-006,NVDA,-0.10616420422366706,1.5554305906212882,0.53888632448382,0.03094029154082759,-0.1037992068370152
AIT-2025-11-006,NXPI,-0.46137719478478456,0.6190955885233209,0.3192447672340148,0.5740137908805687,0.42499491107686704
AIT-2025-11-006,PLTR,-0.47376805979570935,-0.058474313230919096,-1.3209404873751365,-1.6945104159695261,-1.6073413489513486
AIT-2025-11-006,PANW,-0.2031966237241818,1.6189085327236754,0.9642906846973996,0.50688444808521,0.37748256121923407
AIT-2025-11-006,PDD,0.026020926792324595,0.5601469583403685,-0.11296994281872062,-0.3786514036941632,-0.08811123062952889
AIT-2025-11-006,QCOM,0.5958000758299143,0.9075375194626438,0.26949863839960275,0.11912772280250153,0.18991118465218915
AIT-2025-11-006,ROP,0.6164749339043474,0.7955621775819547,0.2691108582046966,0.2170960150657707,1.0319721750962363
AIT-2025-11-006,SNDK,1.915980548742077,2.393394941954866,2.2093578697356615,1.839227525731676,1.4828463180473317
AIT-2025-11-006,STX,0.11052561970715064,0.2183349028195199,-0.4943096110162346,-0.6037991614497088,-0.20578788346780663
AIT-2025-11-006,SHOP,0.18418966016915242,0.6330240232693998,-0.22234733027731793,-0.343039056701227,-0.42213684982713623
AIT-2025-11-006,MSTR,0.3679486404629756,2.20658031265879,1.456890663050509,1.6822712144844387,1.4516174455336681
AIT-2025-11-006,SNPS,0.4839855640750213,0.31979153053092,0.13354236447467174,0.4241039971447726,0.6567222667650479
AIT-2025-11-006,TXN,0.13308863101376833,0.8571341654410247,0.2720914720102511,0.25998231325899923,0.16785179745133022
AIT-2025-11-006,TRI,0.8885127387374179,0.657046490213939,0.017485485066507156,-0.13749897267568825,0.15345922760502778
AIT-2025-11-006,WDC,0.5755310151492022,0.979565015012172,-0.1922861854569625,-0.21922094844638285,-0.10324200446376265
AIT-2025-11-006,WDAY,0.041563557183885456,1.130790532070552,1.3747719100621891,0.9396119156347946,0.7520952452158916
AIT-2025-11-006,ZS,-0.7587792939930275,-0.4417632280941353,0.8900902265596694,0.7437712175276033,0.40949188335860676
AIT-2025-11-007,ADBE,-0.359647721780193,0.5535562836330206,-0.1802964948282156,0.10761535312433318,0.44967308162632974
AIT-2025-11-007,AMD,0.4654386198841202,0.5234760967245761,-0.42007914549770026,-0.7697654310032654,-0.927931134887467
AIT-2025-11-007,GOOGL,0.23761119978399106,2.693810723420558,1.052141186752251,0.5058820185257694,0.27640593211953945
AIT-2025-11-007,GOOG,0.14363425801595361,2.453748000559366,1.0415538773848159,0.4184852158901592,0.2106270226645524
AIT-2025-11-007,ADI,0.1492629253347651,2.1820338508147348,1.2756896682392587,0.6306860339836782,0.4413136894532282
AIT-2025-11-007,AAPL,-0.4206656070142092,0.1753341303453146,-0.6860736054526452,-0.7164300806704813,-0.5923828663468413
AIT-2025-11-007,AMAT,0.69219046792989,0.4779350350462566,-0.059131349637384624,-0.31413883801090914,-0.18101932745987961
AIT-2025-11-007,APP,-0.6824484070192629,-1.1015369083617217,-1.1847350596576305,-1.1703765292741926,-1.1611339845176099
AIT-2025-11-007,ARM,-0.4400351028821594,-0.27188417079452964,-1.2347442646859768,-1.4027396101806273,-0.537437014156137
AIT-2025-11-007,ASML,-0.31578853023764364,-0.2159808372493299,-0.14589696987897802,-0.2867578987265818,-0.3852177932493747
AIT-2025-11-007,ADSK,-0.5961658384371165,1.5306265289431387,0.8480391356844911,0.4735098739198628,0.42194500567339494
AIT-2025-11-007,AVGO,-0.5258160611470937,1.4283370455450268,0.33368341752517056,0.17980212946872165,1.1815939494793126
AIT-2025-11-007,CDNS,-0.22431086071935147,0.659969504035723,-0.19186527473182102,-0.42463481989308427,-0.4186531328790918
AIT-2025-11-007,CTSH,0.13197191833721286,1.1288405945807078,0.07452856997117363,-0.009796911230538486,0.4523128169017667
AIT-2025-11-007,CRWD,-1.2058899095639788,-1.013178068262775,-0.93259590211326,-0.7269050598749083,-0.745114024905763
AIT-2025-11-007,DDOG,-0.014275669975046812,-0.011177779973871593,-0.37269842136752374,-0.37903902612040474,-0.47814039527304136
AIT-2025-11-007,DASH,1.4444602721384574,1.1805844020915344,0.5105360030314761,0.5770079414742283,0.414756631645936
AIT-2025-11-007,FTNT,0.05127794570069422,0.2443770775652358,-0.4605827402660531,-0.16596434925578032,0.13836250792530388
AIT-2025-11-007,INTC,-0.6401117063743142,-0.36977998342238544,-0.21123171236225022,-0.1722886264134092,-0.47766952956045605
AIT-2025-11-007,INTU,-0.16976751742376373,1.0945628721115068,0.146184974030012,0.2026916740266345,0.24893037595024084
AIT-2025-11-007,KLAC,0.15779365891891917,0.4788739154155811,-0.5220090304516859,-0.6684436653502254,-0.4706115966021841
AIT-2025-11-007,LRCX,0.060499216454131886,0.8962069912475419,-0.4623523043791114,-0.5453012498016562,-0.22500098635456825
AIT-2025-11-007,MRVL,-0.30771041271120575,-0.18034425980936203,-0.02521842525438907,0.532476454232691,0.06204478188151352
AIT-2025-11-007,META,0.9433642009295075,1.3737354829025903,0.34259464037597437,0.391230425329624,0.41819458843239654
AIT-2025-11-007,MCHP,0.014353969472715285,0.4443608828884299,-0.39039811242371497,0.060832886119564784,-0.0529476612710715
AIT-2025-11-007,MU,0.9348626687050634,0.29118627548149995,-0.38328781923167593,-0.2943556459843387,0.3035130986136931
AIT-2025-11-007,MSFT,0.5916752288841985,1.3193725708087816,0.40540944894289327,0.3359689157692914,0.4946121912165957
AIT-2025-11-007,MPWR,0.0465558478948863,0.46245296301651784,-0.1689381789171822,-0.48544551227010935,-0.09799310186791985
AIT-2025-11-007,NVDA,0.01571889100054586,1.0056170007109377,-0.07731895247241743,-0.3452051732490089,-0.33849864409707825
AIT-2025-11-007,NXPI,-0.25988293411249663,0.9182574827297909,0.5864190700729802,0.3987613388682563,0.28472698413634406
AIT-2025-11-007,PLTR,-0.5916207177372375,-1.202204019079964,-2.004264773114695,-2.182119140386847,-1.813892980480116
AIT-2025-11-007,PANW,0.14271819242758038,1.2954315514198023,0.5260186421631465,0.06426336462409031,0.1600206553616747
AIT-2025-11-007,PDD,0.37916178660937894,-0.19976879542142556,-0.4403399258164049,-0.6798648430525572,-0.1468410995782208
AIT-2025-11-007,QCOM,0.4469006949163835,0.4926081955198312,-0.03834283509194942,-0.09087716722289364,0.01737532762204006
AIT-2025-11-007,ROP,0.6151821113905613,1.1095070500383717,0.13899318722292756,0.13584281689050248,0.9471941659647063
AIT-2025-11-007,SNDK,1.9256845103206193,1.7520936896878365,1.847353265810933,1.5434507244031967,1.3015614511586624
AIT-2025-11-007,STX,-0.11141551590541436,-0.3364399381690912,-0.8479801501803661,-0.8049752355936927,-0.29219439257813756
AIT-2025-11-007,SHOP,0.20341029574877367,0.01928325704938969,-0.3517589744386746,-0.7002315360102913,-0.636431404106139
AIT-2025-11-007,MSTR,0.7158291165067556,1.3417760861772718,1.6761592123846307,1.487512028810579,1.3105573685612744
AIT-2025-11-007,SNPS,0.27201888715457023,0.30811335475925333,0.5067400120248219,0.4299669912107985,0.6119345046371889
AIT-2025-11-007,TXN,0.08089171885616057,0.5083091757387137,0.07456190857587099,-0.04899202192036232,-0.026918690395501526
AIT-2025-11-007,TRI,0.7515393078179855,-0.017362815665817738,-0.3515987446745609,-0.27877849528344023,0.06311502106131804
AIT-2025-11-007,WDC,0.5390058700405166,0.024220610047968216,-0.5141842237301287,-0.7019952953737486,-0.2786480539375114
AIT-2025-11-007,WDAY,0.007296939714820631,1.483615871028761,1.3357991044465427,0.7267423889685086,0.6364301338505072
AIT-2025-11-007,ZS,-0.73923256001889,0.8174001064027638,1.4791383637217368,0.8114009888378952,0.38063648211359213
AIT-2025-11-008,ADBE,-0.23037647134590225,-0.21952203240385385,-0.4314225170840358,0.16041388800292278,0.2544822760830748
AIT-2025-11-008,AMD,0.5857500143035328,0.42995419873248086,-0.6197107787281382,-0.9234621195048077,-1.1326609836363797
AIT-2025-11-008,GOOGL,0.546050685508336,1.9659141688048472,0.714676224188303,0.26535880275632084,-0.013156269024840128
AIT-2025-11-008,GOOG,0.4072718306179928,1.5765237971251822,0.7913036701664237,0.19343149404680798,-0.08354818534475163
AIT-2025-11-008,ADI,0.24459231574391527,1.567855139431804,0.9688594860959884,0.5151290048886659,0.15033750722154893
AIT-2025-11-008,AAPL,-0.30277128390322416,-0.8339246768287027,-0.8914616898611364,-0.9040217620304919,-0.778335084696373
AIT-2025-11-008,AMAT,0.7216286003849032,0.4706562223036785,-0.10828897544519323,-0.4047573432839833,-0.43381164316789556
AIT-2025-11-008,APP,-0.6330971408566873,-1.4848265077636122,-1.3637618618477652,-1.240529841957361,-1.3279500989007884
AIT-2025-11-008,ARM,-0.2701550748822909,-0.4918455873908026,-1.404729800013725,-1.5332296082234704,-0.5803171000917018
AIT-2025-11-008,ASML,-0.045840190532844195,-0.25689699336330235,-0.039582186394430265,-0.3763848755768848,-0.623245520145403
AIT-2025-11-008,ADSK,-0.5557974783417415,2.0938662812436255,0.5033789655453744,0.35369641250614653,0.1498847439835014
AIT-2025-11-008,AVGO,-0.3449759993371614,0.7853486204427031,-0.005145067472982619,0.08850785093530313,1.0087772925585579
AIT-2025-11-008,CDNS,-0.26566887373486947,-0.253932216625935,-0.24137416045716611,-0.6292637887395145,-0.6641143090034572
AIT-2025-11-008,CTSH,0.32854399863679684,0.6704894992614665,-0.15113070873201684,-0.05097689977432815,0.2870670045777345
AIT-2025-11-008,CRWD,-1.1056099225089326,-1.218154894210041,-0.6298191382095714,-0.7443499693003417,-0.8809434605960401
AIT-2025-11-008,DDOG,-0.034445260067668244,-0.7042251265351976,-0.5805839564113447,-0.5847696738518985,-0.6000436841352671
AIT-2025-11-008,DASH,1.444695561663428,0.2903955693279747,0.44442372632252997,0.5264359238689238,0.21713099866669466
AIT-2025-11-008,FTNT,0.019593680549783533,-0.4507251582139634,-0.6445066630852136,-0.18767978203702898,-0.06082444523271783
AIT-2025-11-008,INTC,-0.5723629576554816,-1.0610698242277177,-0.2581583207427735,-0.23658998180384244,-0.5858442981270482
AIT-2025-11-008,INTU,0.13524210491028257,0.5904981514771293,-0.14864133152312098,0.011653664790785355,-0.07710538869115947
AIT-2025-11-008,KLAC,0.2819498327105788,0.004545855117374556,-0.8384259047681887,-0.8775941418037256,-0.7445354074732878
AIT-2025-11-008,LRCX,0.18618538456070993,-0.6169409843254277,-0.8817767157508841,-0.7941943824501277,-0.5364818251062321
AIT-2025-11-008,MRVL,-0.27597533230074006,-0.7114675970958726,0.28210858051634086,0.5244003722106851,-0.09775485578824702
AIT-2025-11-008,META,0.96368101442672,0.8559844308355425,0.04666150559271659,0.3179749268300594,0.25546698503172993
AIT-2025-11-008,MCHP,0.06772704277282363,-0.3130992054566051,-0.13235570412493133,0.0011229929144520037,-0.24194918389553657
AIT-2025-11-008,MU,1.0112083491374924,-0.566913713996054,-0.641349777056519,-0.4052551064362129,0.2200013832430757
AIT-2025-11-008,MSFT,0.6598902223497246,0.839768550776692,0.4057169881976645,0.34458556921941114,0.21675160927332646
AIT-2025-11-008,MPWR,0.1199586379188757,-0.21680264202968502,-0.48885737946202257,-0.6695422528321795,-0.2716901618933988
AIT-2025-11-008,NVDA,0.20231245866535552,0.5105692427733701,-0.2943863133330553,-0.4665955254593675,-0.5303827021256817
AIT-2025-11-008,NXPI,-0.127884419207569,0.3126758266384199,0.5943037154731513,0.22385165767132117,0.10171805034633533
AIT-2025-11-008,PLTR,-0.6435828498313035,-1.81478200323996,-2.263097195061081,-2.1827763118334493,-1.9991616728544297
AIT-2025-11-008,PANW,0.26788917734452944,0.2146824520444207,0.14095947619051444,-0.17421499261897394,-0.06048396575409076
AIT-2025-11-008,PDD,0.4466949748460843,-0.25846491428279533,-0.6295142573832594,-0.6304411795118118,-0.17457167817963376
AIT-2025-11-008,QCOM,0.461614988695039,-0.041715518638575685,-0.2373019623903091,-0.11368236876842328,-0.22845587213715893
AIT-2025-11-008,ROP,0.684033135603956,-0.11363336987197203,-0.2485547296190497,0.08282686827063657,0.7302839441101407
AIT-2025-11-008,SNDK,1.9404940702865257,2.420026664730215,1.7582501501289667,1.4338711143144822,1.2320028474777247
AIT-2025-11-008,STX,-0.10752847144126917,-0.5670514956161532,-0.8984725661182195,-0.8507665530972957,-0.4205048886613256
AIT-2025-11-008,SHOP,0.1917747201128851,-0.584335560110949,-0.5354559165515047,-0.7465329609719024,-0.8082855302661004
AIT-2025-11-008,MSTR,1.0728319650404856,1.1358206541692768,1.7435592581549046,1.4827418050777987,1.157597456584094
AIT-2025-11-008,SNPS,0.25537174238252264,-0.18152051282537968,0.47027594697671943,0.4441108229859989,0.45699546641288874
AIT-2025-11-008,TXN,0.19259607961308756,0.18975500710481547,0.06083186469155255,-0.185704988085756,-0.2690130645538706
AIT-2025-11-008,TRI,0.7209203445368119,0.00807798740107707,-0.4927376694042985,-0.301192589682459,-0.020959772816626983
AIT-2025-11-008,WDC,0.5278212309175642,-0.9769727056152192,-0.7187450245913446,-0.7814287801657844,-0.43755253648232295
AIT-2025-11-008,WDAY,0.21427430044796453,2.6997468835881153,1.1105821386540453,0.6065226921426603,0.46227534736588066
AIT-2025-11-008,ZS,-0.6386440078154443,2.43956628497385,1.488551727240285,0.7649879774857378,0.2538028027897293
AIT-2025-12-001,ADBE,-0.09532755218601364,-0.12065394171821843,0.41660463133146314,0.8453997012158374,0.09050050123996135
AIT-2025-12-001,AMD,-0.000502304859376215,-0.7270899985262858,-1.0574502302317248,-1.145034458813652,-1.4996662157189338
AIT-2025-12-001,GOOGL,1.5565147713577931,0.3282882443538022,-0.11170495362038431,-0.08749103451420889,-0.6422347131706619
AIT-2025-12-001,GOOG,1.3798101268625103,0.6474632588097127,-0.23510124993306983,-0.12708422157033447,-0.7064404560480183
AIT-2025-12-001,ADI,0.6059505614880617,0.7547848631859203,0.038354269640375326,0.09941404927905005,-0.4841263473433183
AIT-2025-12-001,AAPL,-0.6189295304031669,-0.24139493170236484,-0.6215831544787577,-0.7670626994863419,-1.0089520889563806
AIT-2025-12-001,AMAT,0.2794325334462696,0.4503909313748643,-0.43138370230926126,-0.3752166474419136,-0.9379957991015961
AIT-2025-12-001,APP,-1.0967396872368476,-0.9856755901889394,-1.0394384584768561,-1.0862349085762393,-1.439218570207869
AIT-2025-12-001,ARM,-0.5926629066678175,-1.7306690829538343,-1.6227798435674696,-0.9775370229075704,-0.4759953460225899
AIT-2025-12-001,ASML,0.08784024488964631,0.328276935293234,-0.40009207777205774,-0.44247058084187785,-1.1154930474132077
AIT-2025-12-001,ADSK,0.379927756945036,0.042346886775620665,0.08380894955646258,0.21006313521837328,-0.40229445611752573
AIT-2025-12-001,AVGO,0.22943733796755783,-0.11929401807864523,-0.005317704996091267,1.0341013511045682,0.8553512409200811
AIT-2025-12-001,CDNS,-0.2970789270469416,0.4829822066713212,-0.5958322656644606,-0.5665114565083798,-0.9164228423365832
AIT-2025-12-001,CTSH,0.3607238149479309,0.13406892882624208,-0.05171510594168505,0.3322932364272729,0.1278044694141548
AIT-2025-12-001,CRWD,-1.1423199170451,1.2064796107444868,-0.19604752621208935,-0.5108837165180055,-0.9637786223752682
AIT-2025-12-001,DDOG,-0.1960924293119276,-0.05149296701218306,-0.25115981052092434,-0.500534384117996,-0.8643360907054778
AIT-2025-12-001,DASH,0.9840658672861333,1.60444434936855,0.86279656417247,0.6315815744930722,0.039619055774404416
AIT-2025-12-001,FTNT,-0.1437703918430204,-0.29894869012841635,0.05491528184845464,0.055546062188668796,-0.11110812544713544
AIT-2025-12-001,INTC,-0.4152546341996518,0.5936319015677209,0.12723491127386868,-0.2855365277680877,-0.7549915863687664
AIT-2025-12-001,INTU,0.4676078609626189,-0.11597533977413971,0.17511275215836078,0.2509449936024533,-0.4343045031031651
AIT-2025-12-001,KLAC,0.04797202644135496,-0.4697153352535053,-0.7833375303105988,-0.5681011891042487,-0.9990740406586912
AIT-2025-12-001,LRCX,-0.026824823206581132,-0.22464477508999023,-0.5688636532552951,-0.4929130942604514,-0.7090969167588331
AIT-2025-12-001,MRVL,-0.20756543939856442,2.1052723147532513,1.293924788853357,0.545583630002054,-0.3707723686304171
AIT-2025-12-001,META,0.8424279793172372,-0.43593342796522794,0.2873805778294174,0.2297083500212323,-0.04764920937961544
AIT-2025-12-001,MCHP,-0.08874126099129159,1.4697719481778981,0.6262499384979435,0.30800249932647533,-0.38325292082267515
AIT-2025-12-001,MU,0.6075789053552351,-0.4355391348001173,-0.2706408621570217,-0.07574615506474201,0.3210061103899266
AIT-2025-12-001,MSFT,0.6577310128939541,0.7235515475448526,0.16384470333598064,0.34180403198004883,-0.17811051043436546
AIT-2025-12-001,MPWR,0.19675387706486833,-0.42085760825464125,-0.7442155697919363,-0.45911484637489136,-0.45713753332645335
AIT-2025-12-001,NVDA,0.38693503607488144,-0.4864347270863615,-0.6076744702705877,-0.5697033736759339,-0.8007220357817492
AIT-2025-12-001,NXPI,0.24859513295156915,1.8033011672564099,0.5143742521184888,0.28347286538391514,-0.11138874150474615
AIT-2025-12-001,PLTR,-1.19456195102963,-1.9797354860610021,-2.2841472136465053,-1.8854676113935396,-2.0241637653380153
AIT-2025-12-001,PANW,0.7138774920710617,0.12020491023537108,-0.36533552977679107,-0.1554466213890805,-0.34800196522802523
AIT-2025-12-001,PDD,0.3448020236861845,-0.8792597244064598,-0.9272063477866924,-0.32075073096097506,-0.2550237398815366
AIT-2025-12-001,QCOM,0.33333795765180135,0.0961886721697456,-0.09163976133643531,-0.07107763128358405,-0.5674842008178393
AIT-2025-12-001,ROP,0.38426551472435705,-0.14539310366185595,0.10609517710728818,0.8587423309485327,0.5607133922496595
AIT-2025-12-001,SNDK,1.9222082592846073,1.289482271825026,1.1389047233085827,1.0240796085426647,0.9021647881667745
AIT-2025-12-001,STX,-0.7044248844587622,-0.26066231061406914,-0.7571648008492616,-0.4692069607500117,-0.6095335093817091
AIT-2025-12-001,SHOP,0.0693522508778954,-0.5151822257061354,-0.9432797616897907,-0.8161877895938258,-1.0685944766686737
AIT-2025-12-001,MSTR,1.466928629125651,2.1894963255923954,1.434977152641492,1.3332413911584573,0.8752775332346795
AIT-2025-12-001,SNPS,0.17695006896946133,0.8765634250653751,0.41273802579695373,0.7099389305683584,0.2383434729122549
AIT-2025-12-001,TXN,0.1633419625282013,0.7647962986834844,-0.0618583128221453,-0.1906757399446982,-0.5437920611079723
AIT-2025-12-001,TRI,0.27922120513444176,-0.44448080107542004,-0.2603378649150336,-0.050655554133711436,-0.028681154224128442
AIT-2025-12-001,WDC,-0.09277871208441511,-0.1474342351949166,-0.7816774021436474,-0.490500306607184,-0.5402180072000684
AIT-2025-12-001,WDAY,1.0122268711357187,0.37349125230164254,0.14754495745065002,0.2633707180082668,0.07474396054024976
AIT-2025-12-001,ZS,0.30125382413640084,0.8171480500021314,0.21775016873754105,0.08413795685518513,-0.4042783032329823
AIT-2025-12-002,ADBE,-0.020646992942424933,1.8666226848166485,0.8726057984734837,0.07583243689061997,-0.12111977274991347
AIT-2025-12-002,AMD,-1.1429038412344703,-0.8444794064246868,-1.1586883094027396,-1.5648031303881553,-1.5203108980206808
AIT-2025-12-002,GOOGL,-0.07785226339499364,0.23922880969999208,-0.028000741374381025,-0.679617193248482,-0.7643174383849698
AIT-2025-12-002,GOOG,-0.129279343338031,0.015327539073328678,-0.01054484555596999,-0.7556901801097102,-0.7746976718769721
AIT-2025-12-002,ADI,0.28890551410447607,-0.08366632190707843,0.11136498190057398,-0.4159471355056663,-0.4989833771922159
AIT-2025-12-002,AAPL,-0.9457310817813936,-1.1308784449640554,-0.602544718283856,-0.852539849867923,-0.9307644586449934
AIT-2025-12-002,AMAT,-0.5280667287420542,-0.14088354234177802,-0.0834849266419424,-0.7845027470762628,-0.791109044873067
AIT-2025-12-002,APP,-1.136015454595357,-0.974030106935123,-1.1491105785869926,-1.4735343079753123,-1.3643554608762725
AIT-2025-12-002,ARM,-1.6352771388554652,-0.23411155342862477,0.5132248883989194,0.3636412026345262,0.18914988097105281
AIT-2025-12-002,ASML,-0.3028968323974242,-0.010015300102662203,-0.08901722402239354,-1.152750851223374,-0.7136798204832708
AIT-2025-12-002,ADSK,0.2567475045099704,0.04179046057345866,0.31969136918794355,-0.32718005648761606,-0.4421028034333811
AIT-2025-12-002,AVGO,-0.0992097476243402,2.695875619826262,2.601971481302353,1.7087695156244032,0.8506261338867132
AIT-2025-12-002,CDNS,-0.6758851052510231,-0.927426158595461,-0.31010908772526463,-0.9245111671194107,-0.6897792662322049
AIT-2025-12-002,CTSH,-0.2838307952693899,0.2534223375292886,1.0463594399211698,0.3849625008436608,0.02678229568406711
AIT-2025-12-002,CRWD,-0.5762665892077193,-0.6826344074460207,-0.9009655160698902,-1.0673059139289849,-0.9539923506587454
AIT-2025-12-002,DDOG,-0.4320336640938367,-0.8207842911889696,-0.4933640439530272,-0.786461224722567,-0.6954954881766163
AIT-2025-12-002,DASH,0.36777591515433083,-0.03825283106768453,0.004669375098322594,-0.30110292743178246,-0.2595674560531422
AIT-2025-12-002,FTNT,-0.2571404696092349,-0.324971170218206,0.3079297045041098,-0.04347387660049247,-0.051184796417102774
AIT-2025-12-002,INTC,-0.05156549443176841,-0.5441767619476624,-0.851218443842591,-1.0696539844414203,-0.6394320291875191
AIT-2025-12-002,INTU,0.007051905648976188,0.9068848581255098,0.526652105658977,-0.4572612112832688,-0.39961102315109315
AIT-2025-12-002,KLAC,-0.9858064205623916,-0.04430148552670507,-0.14775925613839927,-0.8776802678981845,-0.7703337719540662
AIT-2025-12-002,LRCX,-0.872082007865577,-0.11398771753664226,-0.06910032563364998,-0.4381069282805827,-0.2425015689995728
AIT-2025-12-002,MRVL,0.6749058068977372,0.07561409766605282,-0.5791943813741399,-1.0365711200296426,-0.9318653863501983
AIT-2025-12-002,META,0.12294333898072603,-0.05627987851291652,0.22653214314475587,-0.012316882085138965,-0.24144750354904276
AIT-2025-12-002,MCHP,-0.006298935908758173,0.39563765170301235,-0.1707800020673044,-0.640004188127593,-0.5001476448422377
AIT-2025-12-002,MU,-0.5039303584971206,-0.02262064541460937,0.8565522061372536,0.6830227717744233,0.7538625826608365
AIT-2025-12-002,MSFT,0.08881739323223498,0.2912279873686316,0.41147716529143646,-0.2039835110191249,-0.229328735906885
AIT-2025-12-002,MPWR,-0.6916339347716417,0.13414856442714765,0.19192340084316076,-0.05695622644138141,-0.3101269207484498
AIT-2025-12-002,NVDA,-0.6592479063872049,-0.1978603202358475,-0.3772081641929201,-0.6651374372475357,-0.8755714110606128
AIT-2025-12-002,NXPI,0.3167482979540553,0.24359437959736907,0.12309496351717075,-0.1549607343016559,-0.16763176701257013
AIT-2025-12-002,PLTR,-2.3917496616702225,-1.5182326968259654,-1.4626460228638727,-1.830578990675925,-1.8157441649425003
AIT-2025-12-002,PANW,-0.20855530806520564,0.05539922207903361,0.2372285593995642,-0.09311571846782657,-0.15758328168235444
AIT-2025-12-002,PDD,-0.7707098210619224,0.44516210452137134,0.4262247044146144,0.2845653110328093,0.027925071042343003
AIT-2025-12-002,QCOM,-0.2706794573218329,-0.21389293902001005,-0.13389204406878727,-0.6466906534096274,-0.4659220603851857
AIT-2025-12-002,ROP,-0.1588018370436749,1.546103114640852,2.142402662909657,1.0478154623645608,0.5626117924335107
AIT-2025-12-002,SNDK,1.3771550213503476,1.1409576002763564,0.9462566281460401,0.8439882602918384,1.0908630418028153
AIT-2025-12-002,STX,-1.01224213965427,0.12701566108313325,-0.15307625342092332,-0.2880549744596988,-0.41884275187712594
AIT-2025-12-002,SHOP,-0.8674976688223005,-0.9324924669912807,-0.5481854530643253,-1.0388401091119364,-1.1727354965532935
AIT-2025-12-002,MSTR,1.4130120715062162,0.640230930228492,1.0001543618281525,0.6327057292370978,0.8470722447473756
AIT-2025-12-002,SNPS,0.41185801199961736,1.356690269335933,0.815427308285078,0.2708898878321007,0.16001150088530752
AIT-2025-12-002,TXN,-0.22421141911574477,-0.6478875888977108,0.004211222052066754,-0.5524406225888087,-0.4517055212140143
AIT-2025-12-002,TRI,-0.4051444099117273,0.17270141821105323,0.32000913203538,0.11390748959119247,0.07779196681609382
AIT-2025-12-002,WDC,-0.8750081427865004,0.2852059381720518,-0.1038756084720025,-0.22659449567797074,-0.04228205130206359
AIT-2025-12-002,WDAY,0.5259151643011338,0.1923325154555206,0.6201309211432067,0.1773701064892969,0.041823452954540284
AIT-2025-12-002,ZS,0.8137560479474643,-0.3220405284032015,-0.11523881964041886,-0.4933843520085702,-0.5213520871226114
AIT-2025-12-003,ADBE,0.9431329105971904,0.08110838573458945,-0.2977547031947572,-0.6158529796782148,-0.09199057193723674
AIT-2025-12-003,AMD,-1.2170672060704444,-1.0555478801336189,-1.5883203646494468,-1.8034737952237085,-1.2591504017116117
AIT-2025-12-003,GOOGL,-0.1618562090007524,0.19687572775013296,-0.5870807553314886,-1.1912072029945477,-0.7855907202012617
AIT-2025-12-003,GOOG,-0.25370235026223625,0.165227062661716,-0.7359915253038328,-1.2826408575934989,-0.8386474640455424
AIT-2025-12-003,ADI,0.011190938307039964,0.3586980493456655,-0.4213983969449158,-1.0124825720519433,-0.48589026348928516
AIT-2025-12-003,AAPL,-0.8197633984402533,-0.08382474592407295,-0.512871392823605,-1.2258876643206855,-0.7880398690427765
AIT-2025-12-003,AMAT,-0.46064833223111445,0.3563977630607162,-0.608542544157093,-1.3896991087985098,-0.6172602215193004
AIT-2025-12-003,APP,-1.0270579790074512,-1.262341062300015,-1.5300947795471795,-1.5958732752989215,-1.1511158806151354
AIT-2025-12-003,ARM,-1.001618916823248,0.9284224619233872,0.6317735922476878,0.19714824540673243,0.31906693632909977
AIT-2025-12-003,ASML,-0.3824000911839307,0.5713449145495123,-1.2080019212475115,-1.53678932554496,-0.4922895647062294
AIT-2025-12-003,ADSK,0.24551919833108382,0.3486614277994883,-0.28758233832596386,-0.9903732499114021,-0.24359365511839245
AIT-2025-12-003,AVGO,1.0078405723510317,2.6137489181823814,1.598025161560882,0.6275396197413584,0.4142956361905443
AIT-2025-12-003,CDNS,-0.7145954422541964,-0.1859260841451953,-0.9137430188526562,-1.255901727079831,-0.5761249623809208
AIT-2025-12-003,CTSH,0.24553476610611924,1.5865637686908662,0.5779623278029044,-0.12694208854194342,0.13214934300933986
AIT-2025-12-003,CRWD,-0.49718885399305685,-0.9058836875715198,-0.9422919809750626,-1.203129209843543,-0.7388096146526388
AIT-2025-12-003,DDOG,-0.5762654587385878,-0.276017175515528,-0.5680353986744945,-1.223586900566635,-0.5001080550891541
AIT-2025-12-003,DASH,0.47092470906420064,-0.18118105485910888,-0.33210495955197716,-0.570958878417507,-0.2799123531503224
AIT-2025-12-003,FTNT,0.13941703495476887,1.2050034306396737,0.2261415901505511,-0.17028685857159234,0.14642255494972323
AIT-2025-12-003,INTC,-0.29092862072625225,-0.8777779856170771,-0.9670756160207087,-1.1238257645928038,-0.28851423532834164
AIT-2025-12-003,INTU,0.3607207248397356,0.6837578915693486,-0.5696404412300023,-0.9250905336900765,-0.009891580063638508
AIT-2025-12-003,KLAC,-0.5269296614516005,-0.13171375751558184,-0.9302298050590782,-1.3411575859838525,-0.6082134079859843
AIT-2025-12-003,LRCX,-0.425166244592961,0.5455660375553428,-0.14426621375795454,-0.7831025738608622,0.04419164076341077
AIT-2025-12-003,MRVL,0.621953371442425,-0.5308655437686205,-0.9805912124713894,-1.3192003727123598,-0.9374161537598281
AIT-2025-12-003,META,0.28864510402282917,0.5725902190603072,0.19760094730483516,-0.3342623752765179,-0.19159314485761572
AIT-2025-12-003,MCHP,0.40243824170665854,-0.32798513998640044,-0.7559338921339055,-1.0320202621915648,-0.6143084758441556
AIT-2025-12-003,MU,-0.08192028804352525,2.291942504017171,1.265473167767343,0.7940102875765259,0.847601824715594
AIT-2025-12-003,MSFT,0.4335265338419749,0.765768547552115,-0.06525760314710312,-0.6147777900886096,-0.08082256951579683
AIT-2025-12-003,MPWR,-0.4943843753921755,0.5023694296269396,0.2818390009127086,-0.39298148712704145,-0.4388475348096896
AIT-2025-12-003,NVDA,-0.5378985256599584,-0.06953249373176634,-0.6600321379738872,-1.0410234458427443,-0.8387062702434358
AIT-2025-12-003,NXPI,0.15807316315947634,0.03211884721239139,-0.1176951467872162,-0.45315910283654653,-0.2953752659335968
AIT-2025-12-003,PLTR,-1.778015128061544,-1.071801397589476,-1.7125485550930815,-1.8544930938170872,-1.6836657618782294
AIT-2025-12-003,PANW,-0.2570187245750184,0.3599589779079263,-0.02715252044413267,-0.4853924611344167,-0.1543295597784106
AIT-2025-12-003,PDD,-0.35304081617471356,0.5855342911145901,0.3479928954308931,-0.19549257970170064,0.22108207433855173
AIT-2025-12-003,QCOM,-0.09847346391296684,0.19962364365049767,-0.4572605381423667,-1.0697419474668834,-0.3061837579714868
AIT-2025-12-003,ROP,0.7974379854252529,2.8026793026365113,1.0733039464435705,0.23734426441246378,0.45650803069048607
AIT-2025-12-003,SNDK,0.9130245863965434,1.0123504859546966,0.8355113901706225,0.7105225815191595,1.15117199630781
AIT-2025-12-003,STX,-0.46781670657508556,-0.1486762979626826,0.11373314598071153,-0.7805058863202171,-0.4981372926098026
AIT-2025-12-003,SHOP,-0.9311836906962915,-0.12202098994943411,-0.9524212304902312,-1.2919550020907213,-1.1368096246853194
AIT-2025-12-003,MSTR,1.1107508293676593,0.841286408505461,0.46619791372536196,0.38114333233070447,0.9638270721480529
AIT-2025-12-003,SNPS,0.6753640249569309,0.42249563404060664,0.04331508482107763,-0.2871935111879644,-0.04468007699087679
AIT-2025-12-003,TXN,-0.28062959710669605,0.5708427036660086,-0.4926524216823282,-0.8843130006206718,-0.4382014385850713
AIT-2025-12-003,TRI,-0.04474957203301821,0.5967213493726258,0.2610011202744629,0.02601959916066099,0.15599865164274498
AIT-2025-12-003,WDC,-0.4899079345283151,0.099918508256433,0.08259089055736905,-0.52940541749031,-0.015655733350081698
AIT-2025-12-003,WDAY,0.12638702126008958,0.8075316324649909,0.10263429610152912,0.02913064888506439,0.09832406128641591
AIT-2025-12-003,ZS,-0.11400182470081249,-0.28522937454892866,-0.481910641767086,-0.8688124826994172,-0.5494556402030786
AIT-2025-12-004,ADBE,-0.09532755218601364,-0.12065394171821843,0.41660463133146314,0.8453997012158374,0.09050050123996135
AIT-2025-12-004,AMD,-0.000502304859376215,-0.7270899985262858,-1.0574502302317248,-1.145034458813652,-1.4996662157189338
AIT-2025-12-004,GOOGL,1.5565147713577931,0.3282882443538022,-0.11170495362038431,-0.08749103451420889,-0.6422347131706619
AIT-2025-12-004,GOOG,1.3798101268625103,0.6474632588097127,-0.23510124993306983,-0.12708422157033447,-0.7064404560480183
AIT-2025-12-004,ADI,0.6059505614880617,0.7547848631859203,0.038354269640375326,0.09941404927905005,-0.4841263473433183
AIT-2025-12-004,AAPL,-0.6189295304031669,-0.24139493170236484,-0.6215831544787577,-0.7670626994863419,-1.0089520889563806
AIT-2025-12-004,AMAT,0.2794325334462696,0.4503909313748643,-0.43138370230926126,-0.3752166474419136,-0.9379957991015961
AIT-2025-12-004,APP,-1.0967396872368476,-0.9856755901889394,-1.0394384584768561,-1.0862349085762393,-1.439218570207869
AIT-2025-12-004,ARM,-0.5926629066678175,-1.7306690829538343,-1.6227798435674696,-0.9775370229075704,-0.4759953460225899
AIT-2025-12-004,ASML,0.08784024488964631,0.328276935293234,-0.40009207777205774,-0.44247058084187785,-1.1154930474132077
AIT-2025-12-004,ADSK,0.379927756945036,0.042346886775620665,0.08380894955646258,0.21006313521837328,-0.40229445611752573
AIT-2025-12-004,AVGO,0.22943733796755783,-0.11929401807864523,-0.005317704996091267,1.0341013511045682,0.8553512409200811
AIT-2025-12-004,CDNS,-0.2970789270469416,0.4829822066713212,-0.5958322656644606,-0.5665114565083798,-0.9164228423365832
AIT-2025-12-004,CTSH,0.3607238149479309,0.13406892882624208,-0.05171510594168505,0.3322932364272729,0.1278044694141548
AIT-2025-12-004,CRWD,-1.1423199170451,1.2064796107444868,-0.19604752621208935,-0.5108837165180055,-0.9637786223752682
AIT-2025-12-004,DDOG,-0.1960924293119276,-0.05149296701218306,-0.25115981052092434,-0.500534384117996,-0.8643360907054778
AIT-2025-12-004,DASH,0.9840658672861333,1.60444434936855,0.86279656417247,0.6315815744930722,0.039619055774404416
AIT-2025-12-004,FTNT,-0.1437703918430204,-0.29894869012841635,0.05491528184845464,0.055546062188668796,-0.11110812544713544
AIT-2025-12-004,INTC,-0.4152546341996518,0.5936319015677209,0.12723491127386868,-0.2855365277680877,-0.7549915863687664
AIT-2025-12-004,INTU,0.4676078609626189,-0.11597533977413971,0.17511275215836078,0.2509449936024533,-0.4343045031031651
AIT-2025-12-004,KLAC,0.04797202644135496,-0.4697153352535053,-0.7833375303105988,-0.5681011891042487,-0.9990740406586912
AIT-2025-12-004,LRCX,-0.026824823206581132,-0.22464477508999023,-0.5688636532552951,-0.4929130942604514,-0.7090969167588331
AIT-2025-12-004,MRVL,-0.20756543939856442,2.1052723147532513,1.293924788853357,0.545583630002054,-0.3707723686304171
AIT-2025-12-004,META,0.8424279793172372,-0.43593342796522794,0.2873805778294174,0.2297083500212323,-0.04764920937961544
AIT-2025-12-004,MCHP,-0.08874126099129159,1.4697719481778981,0.6262499384979435,0.30800249932647533,-0.38325292082267515
AIT-2025-12-004,MU,0.6075789053552351,-0.4355391348001173,-0.2706408621570217,-0.07574615506474201,0.3210061103899266
AIT-2025-12-004,MSFT,0.6577310128939541,0.7235515475448526,0.16384470333598064,0.34180403198004883,-0.17811051043436546
AIT-2025-12-004,MPWR,0.19675387706486833,-0.42085760825464125,-0.7442155697919363,-0.45911484637489136,-0.45713753332645335
AIT-2025-12-004,NVDA,0.38693503607488144,-0.4864347270863615,-0.6076744702705877,-0.5697033736759339,-0.8007220357817492
AIT-2025-12-004,NXPI,0.24859513295156915,1.8033011672564099,0.5143742521184888,0.28347286538391514,-0.11138874150474615
AIT-2025-12-004,PLTR,-1.19456195102963,-1.9797354860610021,-2.2841472136465053,-1.8854676113935396,-2.0241637653380153
AIT-2025-12-004,PANW,0.7138774920710617,0.12020491023537108,-0.36533552977679107,-0.1554466213890805,-0.34800196522802523
AIT-2025-12-004,PDD,0.3448020236861845,-0.8792597244064598,-0.9272063477866924,-0.32075073096097506,-0.2550237398815366
AIT-2025-12-004,QCOM,0.33333795765180135,0.0961886721697456,-0.09163976133643531,-0.07107763128358405,-0.5674842008178393
AIT-2025-12-004,ROP,0.38426551472435705,-0.14539310366185595,0.10609517710728818,0.8587423309485327,0.5607133922496595
AIT-2025-12-004,SNDK,1.9222082592846073,1.289482271825026,1.1389047233085827,1.0240796085426647,0.9021647881667745
AIT-2025-12-004,STX,-0.7044248844587622,-0.26066231061406914,-0.7571648008492616,-0.4692069607500117,-0.6095335093817091
AIT-2025-12-004,SHOP,0.0693522508778954,-0.5151822257061354,-0.9432797616897907,-0.8161877895938258,-1.0685944766686737
AIT-2025-12-004,MSTR,1.466928629125651,2.1894963255923954,1.434977152641492,1.3332413911584573,0.8752775332346795
AIT-2025-12-004,SNPS,0.17695006896946133,0.8765634250653751,0.41273802579695373,0.7099389305683584,0.2383434729122549
AIT-2025-12-004,TXN,0.1633419625282013,0.7647962986834844,-0.0618583128221453,-0.1906757399446982,-0.5437920611079723
AIT-2025-12-004,TRI,0.27922120513444176,-0.44448080107542004,-0.2603378649150336,-0.050655554133711436,-0.028681154224128442
AIT-2025-12-004,WDC,-0.09277871208441511,-0.1474342351949166,-0.7816774021436474,-0.490500306607184,-0.5402180072000684
AIT-2025-12-004,WDAY,1.0122268711357187,0.37349125230164254,0.14754495745065002,0.2633707180082668,0.07474396054024976
AIT-2025-12-004,ZS,0.30125382413640084,0.8171480500021314,0.21775016873754105,0.08413795685518513,-0.4042783032329823
AIT-2025-12-005,ADBE,0.029973780474589082,0.10337004028946997,0.34768633036897606,0.816386404001592,0.1590849534797687
AIT-2025-12-005,AMD,0.25395273802682183,-0.634056808336187,-0.9740336769375615,-1.0831025934806364,-1.4327985282374585
AIT-2025-12-005,GOOGL,1.6186860004234784,0.3094065772379721,0.04736147351638948,-0.0012801213302950818,-0.5034816800988364
AIT-2025-12-005,GOOG,1.353733032935215,0.47046207133147055,0.10819668504132122,-0.044173035217691975,-0.5636325529843709
AIT-2025-12-005,ADI,0.6826046079427256,1.5217897488907077,0.517778929553616,0.2765762519293725,-0.29833579799362486
AIT-2025-12-005,AAPL,-0.33458689249214874,-0.14156684874203557,-0.4383406035018334,-0.7109055154142007,-0.934515028180169
AIT-2025-12-005,AMAT,0.7799862921224882,0.2502106303654451,-0.19649631147980448,-0.3349686197809248,-0.8359814523379503
AIT-2025-12-005,APP,-0.9183356441417801,-0.5783304425022143,-0.9970169318924919,-1.0291780944549684,-1.3588346704865284
AIT-2025-12-005,ARM,-0.3771376632840988,-1.6160641476987807,-1.6079787166381703,-1.1819597855005122,-0.5258569939889463
AIT-2025-12-005,ASML,0.18023572716337607,0.3522642537298095,-0.036949295283239945,-0.25912493367769246,-0.9550783684107157
AIT-2025-12-005,ADSK,0.41759013681226037,0.14684171838778035,0.10234593585320166,0.20487366439135057,-0.3241527466898096
AIT-2025-12-005,AVGO,0.3206105798267648,-0.010733521400872161,-0.030172905573982795,0.8195761335955761,0.9049923315749387
AIT-2025-12-005,CDNS,-0.18189195525160665,-0.03941883070589197,-0.37467571021396506,-0.6315244191236471,-0.8599990371774401
AIT-2025-12-005,CTSH,0.5351846145499949,-0.05674742133828961,-0.07175236951232827,0.18842889509467273,0.16328104615028888
AIT-2025-12-005,CRWD,-0.985228459164929,0.029194944204924744,-0.20024489777164758,-0.4867783395052136,-0.9507793462773887
AIT-2025-12-005,DDOG,-0.10920512552585654,-0.110327878638177,-0.18310854793239337,-0.5298507401119509,-0.7848813997607791
AIT-2025-12-005,DASH,1.4814680642119038,1.4859095742232247,0.9380524153020068,0.7259992584859439,0.1409328053487939
AIT-2025-12-005,FTNT,0.07533150861958185,-0.5513590686351887,0.06860874133351298,0.007800107513279422,-0.06820526288483823
AIT-2025-12-005,INTC,-0.4935677419055857,0.3492748478577647,0.17815398699287774,-0.22094503467005797,-0.7235580510760738
AIT-2025-12-005,INTU,0.6335119913485585,-0.046632281875069126,0.3223971390073422,0.26287058022707616,-0.3392652124748015
AIT-2025-12-005,KLAC,0.47203064796056565,-0.8640623273011846,-0.8908889719737872,-0.6058199113098449,-0.987623709419813
AIT-2025-12-005,LRCX,0.35632593235200877,-0.6565264091415531,-0.6038482268451687,-0.5055635420015784,-0.640219232611654
AIT-2025-12-005,MRVL,-0.18217038371991234,0.8658742435218986,1.201631536495259,0.6822369420195283,-0.2695586742388196
AIT-2025-12-005,META,1.013984674773344,-0.24739025449555516,0.29517622720742415,0.21652293669192968,0.01341338450895867
AIT-2025-12-005,MCHP,0.12097167995384285,-0.19135588681820953,0.5127324090366511,0.25286703396061827,-0.3578530069053791
AIT-2025-12-005,MU,0.9372948953652807,-0.4959202271239239,-0.22971643420962476,-0.11828478013976652,0.33839465952498304
AIT-2025-12-005,MSFT,0.9092915517621675,0.13027352497218211,0.4322437719732111,0.3887945196352449,-0.10902753227289692
AIT-2025-12-005,MPWR,0.2726332854535543,-0.24257232154931663,-0.6650575232746144,-0.4703597529308709,-0.4193610831658055
AIT-2025-12-005,NVDA,0.5287340383914354,-0.2930147984398729,-0.4782628211423263,-0.5067102018437755,-0.7380034913205503
AIT-2025-12-005,NXPI,0.31621235417332927,1.4043804687062846,0.7774704015165129,0.35607481172766414,-0.005775064650509317
AIT-2025-12-005,PLTR,-0.8530503607085764,-2.09117666508201,-2.1314591417062894,-1.9739993323843115,-2.0017558882374455
AIT-2025-12-005,PANW,0.7230715735782475,0.321450031364958,-0.10712958371756236,-0.13471712684752463,-0.28098189901953663
AIT-2025-12-005,PDD,0.5658899726779592,-0.4277862548506877,-0.7860133382549245,-0.3844110616300064,-0.1845763483789375
AIT-2025-12-005,QCOM,0.4641931223299478,-0.04408279983803928,-0.14155401800715875,-0.07861601064567553,-0.5180762451017954
AIT-2025-12-005,ROP,0.6565451631690664,0.4050745239590532,0.17705451058216196,0.7726688004198743,0.6329679968804185
AIT-2025-12-005,SNDK,1.9808745201072537,1.3280611068596668,1.2514159984778417,1.0877503372972563,0.9705035299138661
AIT-2025-12-005,STX,-0.3414329725761203,-0.8505534288967043,-0.7031888660526447,-0.5229246270699572,-0.5362852780011013
AIT-2025-12-005,SHOP,0.23477284056989933,0.2990922697724864,-0.6201258398419011,-0.6974731103423775,-0.9638758561052392
AIT-2025-12-005,MSTR,1.6197406753000054,2.873986136022484,1.7190821989408274,1.531121302141924,1.023600834770703
AIT-2025-12-005,SNPS,0.22238539181046102,1.4959227994684356,0.6963929195957187,0.8546870133839356,0.3621153933062919
AIT-2025-12-005,TXN,0.2823859687201545,0.2575790225565895,0.15193678396073762,-0.16696548452812,-0.46394179436388444
AIT-2025-12-005,TRI,0.5174359605273425,-0.46568033245093116,-0.2779266423460266,-0.08770478484853149,-0.060358546034682145
AIT-2025-12-005,WDC,0.21448998846307304,0.048087216657311825,-0.46570496176840476,-0.4201156395843895,-0.4425588934382693
AIT-2025-12-005,WDAY,1.1457292901737137,0.9930460063817435,0.3745351214245293,0.32234323040378077,0.13548450693184988
AIT-2025-12-005,ZS,0.23394390077433394,1.3254578197165403,0.5235902625982359,0.175029677682931,-0.2736425187219389
AIT-2025-12-006,ADBE,0.9431329105971904,0.08110838573458945,-0.2977547031947572,-0.6158529796782148,-0.09199057193723674
AIT-2025-12-006,AMD,-1.2170672060704444,-1.0555478801336189,-1.5883203646494468,-1.8034737952237085,-1.2591504017116117
AIT-2025-12-006,GOOGL,-0.1618562090007524,0.19687572775013296,-0.5870807553314886,-1.1912072029945477,-0.7855907202012617
AIT-2025-12-006,GOOG,-0.25370235026223625,0.165227062661716,-0.7359915253038328,-1.2826408575934989,-0.8386474640455424
AIT-2025-12-006,ADI,0.011190938307039964,0.3586980493456655,-0.4213983969449158,-1.0124825720519433,-0.48589026348928516
AIT-2025-12-006,AAPL,-0.8197633984402533,-0.08382474592407295,-0.512871392823605,-1.2258876643206855,-0.7880398690427765
AIT-2025-12-006,AMAT,-0.46064833223111445,0.3563977630607162,-0.608542544157093,-1.3896991087985098,-0.6172602215193004
AIT-2025-12-006,APP,-1.0270579790074512,-1.262341062300015,-1.5300947795471795,-1.5958732752989215,-1.1511158806151354
AIT-2025-12-006,ARM,-1.001618916823248,0.9284224619233872,0.6317735922476878,0.19714824540673243,0.31906693632909977
AIT-2025-12-006,ASML,-0.3824000911839307,0.5713449145495123,-1.2080019212475115,-1.53678932554496,-0.4922895647062294
AIT-2025-12-006,ADSK,0.24551919833108382,0.3486614277994883,-0.28758233832596386,-0.9903732499114021,-0.24359365511839245
AIT-2025-12-006,AVGO,1.0078405723510317,2.6137489181823814,1.598025161560882,0.6275396197413584,0.4142956361905443
AIT-2025-12-006,CDNS,-0.7145954422541964,-0.1859260841451953,-0.9137430188526562,-1.255901727079831,-0.5761249623809208
AIT-2025-12-006,CTSH,0.24553476610611924,1.5865637686908662,0.5779623278029044,-0.12694208854194342,0.13214934300933986
AIT-2025-12-006,CRWD,-0.49718885399305685,-0.9058836875715198,-0.9422919809750626,-1.203129209843543,-0.7388096146526388
AIT-2025-12-006,DDOG,-0.5762654587385878,-0.276017175515528,-0.5680353986744945,-1.223586900566635,-0.5001080550891541
AIT-2025-12-006,DASH,0.47092470906420064,-0.18118105485910888,-0.33210495955197716,-0.570958878417507,-0.2799123531503224
AIT-2025-12-006,FTNT,0.13941703495476887,1.2050034306396737,0.2261415901505511,-0.17028685857159234,0.14642255494972323
AIT-2025-12-006,INTC,-0.29092862072625225,-0.8777779856170771,-0.9670756160207087,-1.1238257645928038,-0.28851423532834164
AIT-2025-12-006,INTU,0.3607207248397356,0.6837578915693486,-0.5696404412300023,-0.9250905336900765,-0.009891580063638508
AIT-2025-12-006,KLAC,-0.5269296614516005,-0.13171375751558184,-0.9302298050590782,-1.3411575859838525,-0.6082134079859843
AIT-2025-12-006,LRCX,-0.425166244592961,0.5455660375553428,-0.14426621375795454,-0.7831025738608622,0.04419164076341077
AIT-2025-12-006,MRVL,0.621953371442425,-0.5308655437686205,-0.9805912124713894,-1.3192003727123598,-0.9374161537598281
AIT-2025-12-006,META,0.28864510402282917,0.5725902190603072,0.19760094730483516,-0.3342623752765179,-0.19159314485761572
AIT-2025-12-006,MCHP,0.40243824170665854,-0.32798513998640044,-0.7559338921339055,-1.0320202621915648,-0.6143084758441556
AIT-2025-12-006,MU,-0.08192028804352525,2.291942504017171,1.265473167767343,0.7940102875765259,0.847601824715594
AIT-2025-12-006,MSFT,0.4335265338419749,0.765768547552115,-0.06525760314710312,-0.6147777900886096,-0.08082256951579683
AIT-2025-12-006,MPWR,-0.4943843753921755,0.5023694296269396,0.2818390009127086,-0.39298148712704145,-0.4388475348096896
AIT-2025-12-006,NVDA,-0.5378985256599584,-0.06953249373176634,-0.6600321379738872,-1.0410234458427443,-0.8387062702434358
AIT-2025-12-006,NXPI,0.15807316315947634,0.03211884721239139,-0.1176951467872162,-0.45315910283654653,-0.2953752659335968
AIT-2025-12-006,PLTR,-1.778015128061544,-1.071801397589476,-1.7125485550930815,-1.8544930938170872,-1.6836657618782294
AIT-2025-12-006,PANW,-0.2570187245750184,0.3599589779079263,-0.02715252044413267,-0.4853924611344167,-0.1543295597784106
AIT-2025-12-006,PDD,-0.35304081617471356,0.5855342911145901,0.3479928954308931,-0.19549257970170064,0.22108207433855173
AIT-2025-12-006,QCOM,-0.09847346391296684,0.19962364365049767,-0.4572605381423667,-1.0697419474668834,-0.3061837579714868
AIT-2025-12-006,ROP,0.7974379854252529,2.8026793026365113,1.0733039464435705,0.23734426441246378,0.45650803069048607
AIT-2025-12-006,SNDK,0.9130245863965434,1.0123504859546966,0.8355113901706225,0.7105225815191595,1.15117199630781
AIT-2025-12-006,STX,-0.46781670657508556,-0.1486762979626826,0.11373314598071153,-0.7805058863202171,-0.4981372926098026
AIT-2025-12-006,SHOP,-0.9311836906962915,-0.12202098994943411,-0.9524212304902312,-1.2919550020907213,-1.1368096246853194
AIT-2025-12-006,MSTR,1.1107508293676593,0.841286408505461,0.46619791372536196,0.38114333233070447,0.9638270721480529
AIT-2025-12-006,SNPS,0.6753640249569309,0.42249563404060664,0.04331508482107763,-0.2871935111879644,-0.04468007699087679
AIT-2025-12-006,TXN,-0.28062959710669605,0.5708427036660086,-0.4926524216823282,-0.8843130006206718,-0.4382014385850713
AIT-2025-12-006,TRI,-0.04474957203301821,0.5967213493726258,0.2610011202744629,0.02601959916066099,0.15599865164274498
AIT-2025-12-006,WDC,-0.4899079345283151,0.099918508256433,0.08259089055736905,-0.52940541749031,-0.015655733350081698
AIT-2025-12-006,WDAY,0.12638702126008958,0.8075316324649909,0.10263429610152912,0.02913064888506439,0.09832406128641591
AIT-2025-12-006,ZS,-0.11400182470081249,-0.28522937454892866,-0.481910641767086,-0.8688124826994172,-0.5494556402030786
AIT-2025-12-007,ADBE,0.8184532763068524,-0.5836084231083891,-1.486386548899084,-0.8568379195049453,-0.05822449527614782
AIT-2025-12-007,AMD,-1.2184183569788876,-1.7882635799400468,-2.514528735299838,-1.8683708205424734,-1.1714814059917689
AIT-2025-12-007,GOOGL,-0.10566593397152656,-0.904049567781521,-2.0738564559332517,-1.442784758219435,-0.9180923199173415
AIT-2025-12-007,GOOG,-0.18719173906047631,-1.4242408375441027,-2.323939215021669,-1.5556492943384532,-0.9440466905269906
AIT-2025-12-007,ADI,0.058556219149423626,-1.0426501440444573,-2.111568779197771,-1.2112831311288816,-0.6416434353613528
AIT-2025-12-007,AAPL,-0.7910337140374817,-1.366963881847775,-2.2338332556398193,-1.5372915288029239,-0.8913658017810493
AIT-2025-12-007,AMAT,-0.34347291661336193,-1.5675571684769727,-2.853962375205272,-1.705676821037266,-0.7851822713655711
AIT-2025-12-007,APP,-1.091117853520119,-1.6590924177305526,-2.14663710549467,-1.6603744808837433,-0.9789522015962469
AIT-2025-12-007,ARM,-0.1877275288928032,1.1630644708152083,-0.18599483477867604,-0.0013205321802731657,0.49457444911227944
AIT-2025-12-007,ASML,-0.3681831536391403,-2.302835361356971,-3.0079631329362737,-1.520520166378271,-0.42720251128114406
AIT-2025-12-007,ADSK,0.3386109446094502,-0.33450234621733843,-1.9686332075857793,-1.3613886669905868,-0.13661745364280245
AIT-2025-12-007,AVGO,2.0122651560670253,0.6101816882810482,-0.4104658299841802,-0.19130487227341844,0.0466819604471664
AIT-2025-12-007,CDNS,-0.619860563944224,-1.4945461108921319,-2.177142040839076,-1.1687461606015228,-0.6635062054732084
AIT-2025-12-007,CTSH,0.7440386441207332,-0.7750202710089891,-1.1659353536437147,-0.7937198461721341,-0.11987444770362823
AIT-2025-12-007,CRWD,-0.9075176464302113,-0.7895801754027023,-1.9218099683016552,-1.1859272444567701,-0.7877283415474382
AIT-2025-12-007,DDOG,-0.6360335245773667,-0.8656185874327873,-1.6774517787945387,-1.268196924980967,-0.3504645571881609
AIT-2025-12-007,DASH,0.2355099161579293,-0.42968100389736374,-1.0628338712804946,-0.6639591309760163,-0.2860008661295281
AIT-2025-12-007,FTNT,0.2858478354260745,-0.5070646711055267,-1.1736521105905136,-0.526590397820806,-0.0693818315642036
AIT-2025-12-007,INTC,-0.6956239048073731,-1.666929535451105,-1.7801411740248625,-1.0130923698702576,-0.03891172710939871
AIT-2025-12-007,INTU,0.31472742421890554,-1.4243168830650843,-2.3650410858905064,-1.1988234138524418,0.03960565370577048
AIT-2025-12-007,KLAC,-0.32294907667760003,-1.456650499438553,-2.3810297397876625,-1.4215472429260503,-0.5551403323955854
AIT-2025-12-007,LRCX,-0.16904554343608835,-0.6908979318644363,-1.875184309099672,-0.8592407454147449,-0.12354531492232916
AIT-2025-12-007,MRVL,-0.05500271893008715,-1.1817214892436665,-1.88197776673574,-1.184045437346935,-0.9516000558589662
AIT-2025-12-007,META,0.16720194087916518,-0.42216496580546153,-1.0758004928868194,-0.7936348302194811,-0.32769132718664373
AIT-2025-12-007,MCHP,-0.15367014504640225,-1.1546521659223576,-1.7755651167818332,-0.9331300190953123,-0.5693417250303059
AIT-2025-12-007,MU,0.4682264435476405,0.35365800735276137,0.03766350856142136,0.5168164461432876,0.791329982643931
AIT-2025-12-007,MSFT,0.3649651635147059,-0.8870561098640607,-1.9842905884778428,-0.9634718830684846,-0.18517090963959876
AIT-2025-12-007,MPWR,-0.08659425444511731,-0.7297835439654434,-1.4785386769431146,-0.857297215311587,-0.7384140316283261
AIT-2025-12-007,NVDA,-0.37906331942434207,-0.8889461981872729,-1.691101988061147,-1.2849114620270472,-0.9205328050977787
AIT-2025-12-007,NXPI,-0.05697366565845695,-0.9632463905472488,-1.2110194086174328,-0.6330796461722055,-0.4808486126929097
AIT-2025-12-007,PLTR,-1.4178321822765947,-1.9585474975769093,-2.472841860335136,-1.96237642706956,-1.727871285231183
AIT-2025-12-007,PANW,-0.06214805541094754,-0.612054701856553,-1.3571302540591654,-0.6758742223022608,-0.24657367002651173
AIT-2025-12-007,PDD,0.1372196567187494,-0.08804239463563185,-0.45844688567029496,-0.26045914098296563,0.23338943210921653
AIT-2025-12-007,QCOM,-0.05283980800941254,-0.9912801010156855,-2.1912683860102704,-1.2282351402482823,-0.41031064421509167
AIT-2025-12-007,ROP,1.6415655406655942,-0.053064494066133436,-1.0821193552069803,-0.3824142869105065,0.26977462511995437
AIT-2025-12-007,SNDK,0.805639750495239,0.6366469854623181,0.5181141488308103,0.8441505291924589,1.2540542745666048
AIT-2025-12-007,STX,-0.2717212239640033,-0.5687617188064791,-1.532763640851287,-1.0191247059492978,-0.6910452760870962
AIT-2025-12-007,SHOP,-0.6661462570075272,-1.4993075358784695,-2.0892226489657593,-1.6688210477805192,-1.0298236246916181
AIT-2025-12-007,MSTR,1.0648323701714966,0.7400682287058143,-0.054471758275332044,0.5641426216358267,0.9461010479118306
AIT-2025-12-007,SNPS,0.7510731030212625,0.03777733442674194,-0.8144565768873591,-0.35267150504784806,-0.12233223790862853
AIT-2025-12-007,TXN,-0.2687165626494268,-1.186965139023156,-1.8927076898460318,-1.0407212703584807,-0.5696506927529239
AIT-2025-12-007,TRI,0.17820853153166324,-0.27101604116278377,-0.6839999968325698,-0.23736137789699183,0.04971114805725968
AIT-2025-12-007,WDC,-0.3702429668675915,-0.6807392323831982,-1.2926460324371625,-0.49386165625173123,-0.15254050316709108
AIT-2025-12-007,WDAY,0.34460711040014935,-0.1909359544391563,-0.8253749577658654,-0.27750191944922054,0.01168311182081617
AIT-2025-12-007,ZS,-0.12384260947652424,-0.7153299887735769,-1.499614565023638,-1.0182941694839003,-0.63842126203324
AIT-2025-12-009,ADBE,0.8184532763068524,-0.5836084231083891,-1.486386548899084,-0.8568379195049453,-0.05822449527614782
AIT-2025-12-009,AMD,-1.2184183569788876,-1.7882635799400468,-2.514528735299838,-1.8683708205424734,-1.1714814059917689
AIT-2025-12-009,GOOGL,-0.10566593397152656,-0.904049567781521,-2.0738564559332517,-1.442784758219435,-0.9180923199173415
AIT-2025-12-009,GOOG,-0.18719173906047631,-1.4242408375441027,-2.323939215021669,-1.5556492943384532,-0.9440466905269906
AIT-2025-12-009,ADI,0.058556219149423626,-1.0426501440444573,-2.111568779197771,-1.2112831311288816,-0.6416434353613528
AIT-2025-12-009,AAPL,-0.7910337140374817,-1.366963881847775,-2.2338332556398193,-1.5372915288029239,-0.8913658017810493
AIT-2025-12-009,AMAT,-0.34347291661336193,-1.5675571684769727,-2.853962375205272,-1.705676821037266,-0.7851822713655711
AIT-2025-12-009,APP,-1.091117853520119,-1.6590924177305526,-2.14663710549467,-1.6603744808837433,-0.9789522015962469
AIT-2025-12-009,ARM,-0.1877275288928032,1.1630644708152083,-0.18599483477867604,-0.0013205321802731657,0.49457444911227944
AIT-2025-12-009,ASML,-0.3681831536391403,-2.302835361356971,-3.0079631329362737,-1.520520166378271,-0.42720251128114406
AIT-2025-12-009,ADSK,0.3386109446094502,-0.33450234621733843,-1.9686332075857793,-1.3613886669905868,-0.13661745364280245
AIT-2025-12-009,AVGO,2.0122651560670253,0.6101816882810482,-0.4104658299841802,-0.19130487227341844,0.0466819604471664
AIT-2025-12-009,CDNS,-0.619860563944224,-1.4945461108921319,-2.177142040839076,-1.1687461606015228,-0.6635062054732084
AIT-2025-12-009,CTSH,0.7440386441207332,-0.7750202710089891,-1.1659353536437147,-0.7937198461721341,-0.11987444770362823
AIT-2025-12-009,CRWD,-0.9075176464302113,-0.7895801754027023,-1.9218099683016552,-1.1859272444567701,-0.7877283415474382
AIT-2025-12-009,DDOG,-0.6360335245773667,-0.8656185874327873,-1.6774517787945387,-1.268196924980967,-0.3504645571881609
AIT-2025-12-009,DASH,0.2355099161579293,-0.42968100389736374,-1.0628338712804946,-0.6639591309760163,-0.2860008661295281
AIT-2025-12-009,FTNT,0.2858478354260745,-0.5070646711055267,-1.1736521105905136,-0.526590397820806,-0.0693818315642036
AIT-2025-12-009,INTC,-0.6956239048073731,-1.666929535451105,-1.7801411740248625,-1.0130923698702576,-0.03891172710939871
AIT-2025-12-009,INTU,0.31472742421890554,-1.4243168830650843,-2.3650410858905064,-1.1988234138524418,0.03960565370577048
AIT-2025-12-009,KLAC,-0.32294907667760003,-1.456650499438553,-2.3810297397876625,-1.4215472429260503,-0.5551403323955854
AIT-2025-12-009,LRCX,-0.16904554343608835,-0.6908979318644363,-1.875184309099672,-0.8592407454147449,-0.12354531492232916
AIT-2025-12-009,MRVL,-0.05500271893008715,-1.1817214892436665,-1.88197776673574,-1.184045437346935,-0.9516000558589662
AIT-2025-12-009,META,0.16720194087916518,-0.42216496580546153,-1.0758004928868194,-0.7936348302194811,-0.32769132718664373
AIT-2025-12-009,MCHP,-0.15367014504640225,-1.1546521659223576,-1.7755651167818332,-0.9331300190953123,-0.5693417250303059
AIT-2025-12-009,MU,0.4682264435476405,0.35365800735276137,0.03766350856142136,0.5168164461432876,0.791329982643931
AIT-2025-12-009,MSFT,0.3649651635147059,-0.8870561098640607,-1.9842905884778428,-0.9634718830684846,-0.18517090963959876
AIT-2025-12-009,MPWR,-0.08659425444511731,-0.7297835439654434,-1.4785386769431146,-0.857297215311587,-0.7384140316283261
AIT-2025-12-009,NVDA,-0.37906331942434207,-0.8889461981872729,-1.691101988061147,-1.2849114620270472,-0.9205328050977787
AIT-2025-12-009,NXPI,-0.05697366565845695,-0.9632463905472488,-1.2110194086174328,-0.6330796461722055,-0.4808486126929097
AIT-2025-12-009,PLTR,-1.4178321822765947,-1.9585474975769093,-2.472841860335136,-1.96237642706956,-1.727871285231183
AIT-2025-12-009,PANW,-0.06214805541094754,-0.612054701856553,-1.3571302540591654,-0.6758742223022608,-0.24657367002651173
AIT-2025-12-009,PDD,0.1372196567187494,-0.08804239463563185,-0.45844688567029496,-0.26045914098296563,0.23338943210921653
AIT-2025-12-009,QCOM,-0.05283980800941254,-0.9912801010156855,-2.1912683860102704,-1.2282351402482823,-0.41031064421509167
AIT-2025-12-009,ROP,1.6415655406655942,-0.053064494066133436,-1.0821193552069803,-0.3824142869105065,0.26977462511995437
AIT-2025-12-009,SNDK,0.805639750495239,0.6366469854623181,0.5181141488308103,0.8441505291924589,1.2540542745666048
AIT-2025-12-009,STX,-0.2717212239640033,-0.5687617188064791,-1.532763640851287,-1.0191247059492978,-0.6910452760870962
AIT-2025-12-009,SHOP,-0.6661462570075272,-1.4993075358784695,-2.0892226489657593,-1.6688210477805192,-1.0298236246916181
AIT-2025-12-009,MSTR,1.0648323701714966,0.7400682287058143,-0.054471758275332044,0.5641426216358267,0.9461010479118306
AIT-2025-12-009,SNPS,0.7510731030212625,0.03777733442674194,-0.8144565768873591,-0.35267150504784806,-0.12233223790862853
AIT-2025-12-009,TXN,-0.2687165626494268,-1.186965139023156,-1.8927076898460318,-1.0407212703584807,-0.5696506927529239
AIT-2025-12-009,TRI,0.17820853153166324,-0.27101604116278377,-0.6839999968325698,-0.23736137789699183,0.04971114805725968
AIT-2025-12-009,WDC,-0.3702429668675915,-0.6807392323831982,-1.2926460324371625,-0.49386165625173123,-0.15254050316709108
AIT-2025-12-009,WDAY,0.34460711040014935,-0.1909359544391563,-0.8253749577658654,-0.27750191944922054,0.01168311182081617
AIT-2025-12-009,ZS,-0.12384260947652424,-0.7153299887735769,-1.499614565023638,-1.0182941694839003,-0.63842126203324
AIT-2026-01-003,ADBE,1.0993749309217833,0.27787310970671986,1.030774879045633,1.2343807224199608,1.2769883707490455
AIT-2026-01-003,AMD,-0.02493955078727289,-1.181259498424944,-0.5934692814268431,-0.2015410427653288,-0.35807682787999356
AIT-2026-01-003,GOOGL,-0.22411805197381224,-0.9332587143560764,-0.3087203653874629,0.41084403486155097,0.24400852492125602
AIT-2026-01-003,GOOG,-0.15000248168361432,-0.7641317676376281,-0.16904873987375416,0.38152701814819,0.07749048394221013
AIT-2026-01-003,ADI,0.02080869930971148,0.19406489788550735,0.37777971787299486,0.5579958001025327,0.6498216859580259
AIT-2026-01-003,AAPL,-0.017438067698222696,-0.26159812735164123,0.679246622826394,0.42736829128594683,0.0999662962796416
AIT-2026-01-003,AMAT,0.2775771017311803,0.4013167823739977,0.48461117633230194,0.5170078830586329,0.4693818819914875
AIT-2026-01-003,APP,0.26764621119128296,-0.19835747581014615,0.39164767909608517,0.7138616708065345,0.7466048250862052
AIT-2026-01-003,ARM,1.226332022639216,0.7110857659789436,0.6460070760456865,1.4180823225846517,0.6944124944215819
AIT-2026-01-003,ASML,0.7158851769149127,2.427934941711251,1.4906003703553357,0.9466944632512274,0.3523844035484353
AIT-2026-01-003,ADSK,1.1547510163405568,-0.03288947063139144,0.9475493109896053,1.117192500863734,1.2056136761106904
AIT-2026-01-003,AVGO,0.40823565476716256,0.2060481041119719,0.23355869511971203,0.5439584697720533,0.06786618418756894
AIT-2026-01-003,CDNS,0.06556028213667259,-0.38209200568484236,1.0470269483784962,1.335946142211472,1.4712512519956986
AIT-2026-01-003,CTSH,0.7785204465914602,0.45899840883054127,0.8409674360329958,1.1503003314800853,1.793205329894204
AIT-2026-01-003,CRWD,-0.19617592413631466,-0.14379853497453154,0.2046684065494887,0.5658206770614497,0.8723636124578795
AIT-2026-01-003,DDOG,0.6389991613472901,0.6528073438383085,0.7476305091487404,1.0533541934498698,0.899984506252961
AIT-2026-01-003,DASH,0.1687820035875668,-0.4112309627502135,-0.1815273958226398,0.3949026221498386,1.0688820292022556
AIT-2026-01-003,FTNT,0.5872643498438954,-0.33697408568217546,0.3524352465004206,0.8857413224840037,0.7811788784087644
AIT-2026-01-003,INTC,1.3370592474162268,1.258694264800196,0.8144326193983863,0.6667547602273184,0.2239569231684413
AIT-2026-01-003,INTU,1.7712986702026017,0.9527624805578552,2.2200116073822334,2.526496784143509,2.7194965035892276
AIT-2026-01-003,KLAC,0.525569955479932,0.3661258516200002,1.3135885565758463,1.0959029852731477,0.2985524818882227
AIT-2026-01-003,LRCX,0.5347578234637408,0.7137812550345947,0.9263188231856798,0.6445279091320385,0.11401381894686378
AIT-2026-01-003,MRVL,-0.5329360516346393,-1.1147853974133635,-0.5743539498901832,-0.40727127956430886,-0.8755802730614155
AIT-2026-01-003,META,0.538107013668193,0.779376376242976,1.1176750008062983,0.7586832194079739,0.30409523654024073
AIT-2026-01-003,MCHP,-0.12970710339722352,0.3260901216779929,0.2705039779164039,0.6942012622575646,0.24881461582879222
AIT-2026-01-003,MU,1.0566653329860949,1.480974520147273,1.6521342551909208,1.5695769730849463,1.254360591386223
AIT-2026-01-003,MSFT,1.0755006704632963,1.454376738192868,2.8849051009731643,2.8274384196974753,2.2636084222404715
AIT-2026-01-003,MPWR,-0.514833469518037,0.13704015346658022,0.5107445783040426,0.7809971374462783,0.18319116431242752
AIT-2026-01-003,NVDA,-0.2788748627632377,-0.7999916323952898,-0.3346408209276068,-0.12217740758008794,-0.20172897609504623
AIT-2026-01-003,NXPI,-0.17422061103264974,0.4664684200575304,1.0475898357410085,0.966348455071265,0.38392069743684587
AIT-2026-01-003,PLTR,-1.1318403748049646,-1.1977687497430287,-0.21654958997175278,0.06166069353483368,-0.11321412729065258
AIT-2026-01-003,PANW,0.23969610790153528,-0.25542611951776345,0.5215363095057656,1.2749333374017544,1.9640335151260342
AIT-2026-01-003,PDD,0.9515867293941825,-0.13064013670731955,0.1990282506648944,-0.0023134803500290554,-0.061995524577945466
AIT-2026-01-003,QCOM,0.46678986217948576,0.1527481796709596,0.4067907250737412,0.9726943462252587,0.768196237490724
AIT-2026-01-003,ROP,1.1368363098079555,3.7057269707127767,3.235817648428553,2.898060177616104,2.5937229497102705
AIT-2026-01-003,SNDK,1.4925254663670813,1.4428116049537207,1.9890303749294223,1.9172976499091179,1.881104029648281
AIT-2026-01-003,STX,-0.4281447252586761,2.3476669196799542,1.828334487386454,1.0923704097233287,0.4151754869381292
AIT-2026-01-003,SHOP,0.15500780613017662,0.11735533972487491,0.9827125663554842,1.3446599065222764,1.5152789342215425
AIT-2026-01-003,MSTR,1.1284212434784089,0.15204726139316094,1.3254983553011515,1.9577874482359485,1.5165869728395487
AIT-2026-01-003,SNPS,0.04694509304840782,-0.4102291868754825,0.4276625759701971,0.641461203440419,0.5346365681061281
AIT-2026-01-003,TXN,0.036138279662973255,1.8217756304773425,1.538674894626299,1.1877438879893127,0.6194996599655058
AIT-2026-01-003,TRI,0.3422220363172867,0.47516001333604996,1.3981989602965095,2.1109974271587815,2.231540055597102
AIT-2026-01-003,WDC,0.010079969488347686,0.9588299408844374,1.6682982101713657,1.2843941666509233,1.0124308424197732
AIT-2026-01-003,WDAY,0.5160656613983561,0.5371878201357434,1.5038603012744558,1.7226947575604405,1.8364619296568503
AIT-2026-01-003,ZS,-0.16141506455422572,0.5087477621314433,0.4786814946020761,0.7701691087246225,0.9906267414539249
AIT-2026-01-004,ADBE,1.1620671066692734,1.0443079135273086,1.363271498132901,1.4314727269973255,1.3472056667771466
AIT-2026-01-004,AMD,0.01802101807204178,-0.9425917086816461,-0.06128452130255994,-0.13570238307273916,-0.31270339555278936
AIT-2026-01-004,GOOGL,-0.2948197833371655,-0.1143361937531473,0.22786421836636514,0.6060097460073061,0.3232762816283384
AIT-2026-01-004,GOOG,-0.21691170517130917,-0.2062439175181219,0.2035037105844095,0.4901350692384106,0.12880809295907486
AIT-2026-01-004,ADI,-0.01668986773709913,0.044097931385903205,0.6637697010185565,0.6134187939751622,0.7192688280628791
AIT-2026-01-004,AAPL,0.075089297001657,0.20671266930910004,1.030455837083457,0.47926168938280134,0.06486373635876762
AIT-2026-01-004,AMAT,0.20999294271729357,0.31605036420418625,0.7510482197617351,0.5156360292592711,0.48772012592215885
AIT-2026-01-004,APP,0.34112557249624237,-0.05682013260852552,0.8203806793322785,0.8879794074570232,0.7885230187080002
AIT-2026-01-004,ARM,1.2175583462739732,1.0968580500517633,1.0532283084291596,1.4412191012817053,0.7119514439927379
AIT-2026-01-004,ASML,0.813204440136179,2.2316692833600715,1.3928767512616602,0.7373138589739852,0.3174876604944097
AIT-2026-01-004,ADSK,1.2825064001831712,1.1208992643924216,1.2230139844791796,1.265885347031911,1.3437823457618414
AIT-2026-01-004,AVGO,0.48281556534721365,-0.04970651175222031,0.47459885376260624,0.4806014863351814,0.11620714135174931
AIT-2026-01-004,CDNS,0.047149337723618144,0.7890522181170887,1.60143780033,1.4778735299417447,1.6023529446180198
AIT-2026-01-004,CTSH,0.7293078866870989,0.4062962212103309,1.2166740177742634,1.330641444927747,1.9308890944577282
AIT-2026-01-004,CRWD,-0.17872078915796313,0.6261228779300856,0.43590796457108993,0.5612586774697003,0.9931320346808041
AIT-2026-01-004,DDOG,0.5911619337115174,1.1545150715558639,0.7872712532553215,1.1214594857966234,0.9204803585758763
AIT-2026-01-004,DASH,0.06674985420168891,-0.2709069803791252,0.10230925046365531,0.5485826620622232,1.1496112984608158
AIT-2026-01-004,FTNT,0.6932879294937458,-0.0446528898334492,0.538064738828573,0.9980127696297519,0.8142299495416426
AIT-2026-01-004,INTC,1.453574161577408,1.3030203028907628,0.852380777291569,0.6584908709081183,0.17982259893445415
AIT-2026-01-004,INTU,1.8749173532060037,2.172293241045362,2.718821763909839,2.776599127316464,2.9250374566355126
AIT-2026-01-004,KLAC,0.6799740699101421,0.7398149153517819,1.510997077569674,1.1316440030469481,0.32893342863530745
AIT-2026-01-004,LRCX,0.5585968073093519,1.2298395447693697,1.1984865928201571,0.6147528457766863,0.11615144689524938
AIT-2026-01-004,MRVL,-0.46762146493160167,-0.8666203702059583,-0.39632576735242014,-0.3872242880312944,-0.8539159714974264
AIT-2026-01-004,META,0.5851296965081476,2.575420686403912,1.2425378794680912,0.7996527547873032,0.2963580406986581
AIT-2026-01-004,MCHP,-0.08339518890199522,0.6586399760905313,0.659990751477396,0.9146477106547689,0.33279565412605094
AIT-2026-01-004,MU,1.1630250201068761,1.74961691404665,1.915058827671337,1.6885669434699218,1.2917976599210874
AIT-2026-01-004,MSFT,1.1850321622430682,3.7955746875377674,3.178503198791636,3.0021465274205243,2.345580564983685
AIT-2026-01-004,MPWR,-0.33598472817322816,0.2814045128118283,0.8384602357190225,0.8793314452647248,0.22141048623878473
AIT-2026-01-004,NVDA,-0.3026258004924797,-0.4933446781642063,-0.10745174919408262,-0.09879953200368753,-0.028577024667407018
AIT-2026-01-004,NXPI,-0.20045494516553505,0.3502175382389021,1.3720527960974076,1.1184218795491776,0.40886891701067235
AIT-2026-01-004,PLTR,-1.2271688714300022,-0.32862689174722903,0.31356166013561365,0.21402578109010403,-0.042075637617580056
AIT-2026-01-004,PANW,0.30332816014948244,0.6476335790207048,0.7578774899913862,1.686953622978673,2.061703040892434
AIT-2026-01-004,PDD,0.8581006839754092,1.1235250744243557,0.39176483959580505,0.09459366357444532,-0.03324828696934051
AIT-2026-01-004,QCOM,0.3317909384260878,0.27073438836319585,0.7582658584577054,1.0146381394740314,0.786089706617879
AIT-2026-01-004,ROP,1.3588490402391165,2.9401363703816648,3.034936579388003,2.7664732988315097,2.501716356865494
AIT-2026-01-004,SNDK,1.4682888999944237,1.7223964863615384,2.116409288043012,1.9425786915897576,1.8953624925527994
AIT-2026-01-004,STX,-0.28887889142164797,2.6404214932585957,1.8262424913914719,0.9175002288473558,0.3380732102436318
AIT-2026-01-004,SHOP,0.21285615732008736,0.7796585276992931,1.405625043452986,1.783353126052171,1.6141890602151907
AIT-2026-01-004,MSTR,1.1315629437832213,1.3876451179649654,1.6397799513275508,2.1609258073900492,1.5934993799499642
AIT-2026-01-004,SNPS,-0.030971613761884224,0.17713485339091237,0.8203327346393539,0.7311212746366327,0.6254339523885103
AIT-2026-01-004,TXN,0.14569889767423477,2.2090663515576896,1.7096833139945948,1.1919624271207334,0.5808944062291794
AIT-2026-01-004,TRI,0.28105183886682134,0.8892516332785184,1.812779063371348,2.284842227507468,2.345616021748576
AIT-2026-01-004,WDC,0.010457645698992938,1.9029156029719818,1.987048600522838,1.3678781431230502,1.0848741191102143
AIT-2026-01-004,WDAY,0.5775447767604196,2.0231582080451522,1.851602622823071,1.8822968123965667,1.9954620956979157
AIT-2026-01-004,ZS,-0.14303065176209562,0.4205681520467568,0.372542261672503,0.7437094796259356,1.0781897438699215
AIT-2026-02-001,ADBE,0.8197419033995467,1.1807978138552704,1.5563637615267865,1.2667625902806827,1.1072255053253288
AIT-2026-02-001,AMD,-0.5196726047470018,0.5550982336414253,-0.3187924544366771,-0.5450361579136621,-0.4528290256445194
AIT-2026-02-001,GOOGL,-0.4379086180973719,1.9242492107318885,1.030107532928555,0.608901052303393,0.2421317587521783
AIT-2026-02-001,GOOG,-0.25094240043071653,1.6463424282628267,0.7954889341659168,0.3117988761081612,0.057923301030347
AIT-2026-02-001,ADI,0.11063218088253017,1.73353217937543,0.6143063224914482,0.8580575515978578,0.7783471590929995
AIT-2026-02-001,AAPL,0.44779769062933816,0.18710100973868576,0.13492828187133993,-0.1030718325095677,-0.2630048672214457
AIT-2026-02-001,AMAT,0.17238273668233914,0.4764546515351494,0.3327954642208834,0.4945584959728711,0.29049834091837373
AIT-2026-02-001,APP,0.3080830077075605,0.7857443322574578,1.263110743874151,0.9532325088777704,0.6231195853465447
AIT-2026-02-001,ARM,0.7752020903722383,3.3713122989697255,1.6447165238347488,0.7980378085387538,0.27681672290957404
AIT-2026-02-001,ASML,1.194760047258116,0.6299905376393933,-0.017054652599642076,-0.21321932100486068,0.017891004783391895
AIT-2026-02-001,ADSK,0.8972807861336213,1.598575248739559,1.5745678500258196,1.2838331034306953,1.390263050321013
AIT-2026-02-001,AVGO,0.3252596368131367,1.3384880698308583,0.4142001596867991,-0.04992888160236262,0.2348016833884972
AIT-2026-02-001,CDNS,0.5686778273746427,1.6225758392421685,1.4908754351221887,1.6076596060407289,1.5286401795849915
AIT-2026-02-001,CTSH,0.48309735144149535,1.0368330260221013,1.812640159647368,1.9879544526716983,1.9298622683069642
AIT-2026-02-001,CRWD,-0.2134485221826049,1.7390630111286303,0.7153967417199957,0.7462099928068887,1.3976448846120304
AIT-2026-02-001,DDOG,0.680006411854877,0.8499360630888988,1.3702576486474503,0.8900615956849752,0.7606553282795953
AIT-2026-02-001,DASH,-0.2797005353045969,1.3702786339693187,1.239200842746236,1.6601514617299138,1.1040808325013969
AIT-2026-02-001,FTNT,0.4166367149303886,2.144187745123903,1.413036562064442,0.9492470564249679,0.756936262851388
AIT-2026-02-001,INTC,1.1138346667084138,0.555971924497261,0.3193333829211622,-0.02479405574980904,-0.16243443727114
AIT-2026-02-001,INTU,1.7938255112379113,2.4277753885931324,2.5755699735087894,2.4942345387012885,2.9019960444313373
AIT-2026-02-001,KLAC,1.0343681976165624,1.0580375043096968,0.6067173255221744,-0.08281232061740261,-0.0822631408247013
AIT-2026-02-001,LRCX,0.674414267001929,0.4388616102830217,-0.0672756253790574,-0.34897056054318243,-0.1779965504862717
AIT-2026-02-001,MRVL,-0.5850946308112525,0.3943465117129491,-0.3983811820459346,-0.9898046224086083,-0.49078692213153796
AIT-2026-02-001,META,1.1144072280325548,0.7099038886569939,0.28678903963466135,0.12156898616346382,-0.09005558471124273
AIT-2026-02-001,MCHP,0.322095495703353,1.611043107254354,1.268867624296522,0.5067675195544463,0.2250959206251142
AIT-2026-02-001,MU,1.4689972947369536,1.383392660340684,1.4495914264972587,1.087780303186689,0.9854709536323512
AIT-2026-02-001,MSFT,2.3363451527662247,3.275919933125799,2.6286759866108667,1.9700869894667994,1.9455531990434847
AIT-2026-02-001,MPWR,0.3139816657523263,1.6891594016852969,0.9902572058362235,0.10894770504018067,0.12125332169475042
AIT-2026-02-001,NVDA,-0.5519710659720578,0.7139830630841524,0.00296412526020765,-0.2323082960671205,0.18913619080525823
AIT-2026-02-001,NXPI,0.7153881882068185,0.9644436991483182,0.8955873923979847,0.3105750926472461,0.0890057328746387
AIT-2026-02-001,PLTR,-0.6398231871184312,0.5805751426655748,0.22425091927273696,-0.02327900375703769,-0.029385430092170588
AIT-2026-02-001,PANW,0.42027906247275243,1.538003552392225,2.775253805038519,2.6700200202431006,2.136033278603568
AIT-2026-02-001,PDD,-5.8860935793405814e-05,-0.07398212344100763,-0.07699231960118659,-0.09658293432683088,-0.32819131269518725
AIT-2026-02-001,QCOM,0.2283833685830314,2.433221595924065,1.282905152819627,0.9945803344798037,0.7146480714178359
AIT-2026-02-001,ROP,2.6346212399565423,2.544232054825722,2.44874671884365,2.3052986795312305,2.0078254785484555
AIT-2026-02-001,SNDK,1.7588594825840236,1.8817925074013222,1.6698135948723474,1.6812865596749769,1.642786927536805
AIT-2026-02-001,STX,1.1971111698063965,0.330375932952128,0.08560006357328752,-0.12608956695043905,-0.17124848806849108
AIT-2026-02-001,SHOP,0.7563054220156844,1.5536776544825104,2.4475712782542214,2.030334601466691,1.4824678949976169
AIT-2026-02-001,MSTR,0.8479722673499533,3.8233959992162108,2.387820547111281,1.6847268798967754,1.4115648654456094
AIT-2026-02-001,SNPS,0.23922818801363555,1.0117833333299007,0.6620864998409138,0.45491213643137746,0.6488441763315037
AIT-2026-02-001,TXN,1.2357664765484766,1.080695051313004,0.624060169167108,0.11956711673283996,0.17358097510806172
AIT-2026-02-001,TRI,0.8548177429066988,3.325801791064349,2.8177693736310316,2.2527278688515042,2.4407870865816728
AIT-2026-02-001,WDC,1.1555974101719328,0.8464228638504296,0.8755081865626139,0.7594771594423004,0.6043472029414696
AIT-2026-02-001,WDAY,0.9677977763785118,1.4597179558701807,1.7929023675805977,1.5537747837751086,1.973179032523726
AIT-2026-02-001,ZS,0.1895487734992972,1.7142789817076465,1.14496047401392,1.0611945184820806,1.4489112448101182
AIT-2026-02-002,ADBE,0.8197419033995467,1.1807978138552704,1.5563637615267865,1.2667625902806827,1.1072255053253288
AIT-2026-02-002,AMD,-0.5196726047470018,0.5550982336414253,-0.3187924544366771,-0.5450361579136621,-0.4528290256445194
AIT-2026-02-002,GOOGL,-0.4379086180973719,1.9242492107318885,1.030107532928555,0.608901052303393,0.2421317587521783
AIT-2026-02-002,GOOG,-0.25094240043071653,1.6463424282628267,0.7954889341659168,0.3117988761081612,0.057923301030347
AIT-2026-02-002,ADI,0.11063218088253017,1.73353217937543,0.6143063224914482,0.8580575515978578,0.7783471590929995
AIT-2026-02-002,AAPL,0.44779769062933816,0.18710100973868576,0.13492828187133993,-0.1030718325095677,-0.2630048672214457
AIT-2026-02-002,AMAT,0.17238273668233914,0.4764546515351494,0.3327954642208834,0.4945584959728711,0.29049834091837373
AIT-2026-02-002,APP,0.3080830077075605,0.7857443322574578,1.263110743874151,0.9532325088777704,0.6231195853465447
AIT-2026-02-002,ARM,0.7752020903722383,3.3713122989697255,1.6447165238347488,0.7980378085387538,0.27681672290957404
AIT-2026-02-002,ASML,1.194760047258116,0.6299905376393933,-0.017054652599642076,-0.21321932100486068,0.017891004783391895
AIT-2026-02-002,ADSK,0.8972807861336213,1.598575248739559,1.5745678500258196,1.2838331034306953,1.390263050321013
AIT-2026-02-002,AVGO,0.3252596368131367,1.3384880698308583,0.4142001596867991,-0.04992888160236262,0.2348016833884972
AIT-2026-02-002,CDNS,0.5686778273746427,1.6225758392421685,1.4908754351221887,1.6076596060407289,1.5286401795849915
AIT-2026-02-002,CTSH,0.48309735144149535,1.0368330260221013,1.812640159647368,1.9879544526716983,1.9298622683069642
AIT-2026-02-002,CRWD,-0.2134485221826049,1.7390630111286303,0.7153967417199957,0.7462099928068887,1.3976448846120304
AIT-2026-02-002,DDOG,0.680006411854877,0.8499360630888988,1.3702576486474503,0.8900615956849752,0.7606553282795953
AIT-2026-02-002,DASH,-0.2797005353045969,1.3702786339693187,1.239200842746236,1.6601514617299138,1.1040808325013969
AIT-2026-02-002,FTNT,0.4166367149303886,2.144187745123903,1.413036562064442,0.9492470564249679,0.756936262851388
AIT-2026-02-002,INTC,1.1138346667084138,0.555971924497261,0.3193333829211622,-0.02479405574980904,-0.16243443727114
AIT-2026-02-002,INTU,1.7938255112379113,2.4277753885931324,2.5755699735087894,2.4942345387012885,2.9019960444313373
AIT-2026-02-002,KLAC,1.0343681976165624,1.0580375043096968,0.6067173255221744,-0.08281232061740261,-0.0822631408247013
AIT-2026-02-002,LRCX,0.674414267001929,0.4388616102830217,-0.0672756253790574,-0.34897056054318243,-0.1779965504862717
AIT-2026-02-002,MRVL,-0.5850946308112525,0.3943465117129491,-0.3983811820459346,-0.9898046224086083,-0.49078692213153796
AIT-2026-02-002,META,1.1144072280325548,0.7099038886569939,0.28678903963466135,0.12156898616346382,-0.09005558471124273
AIT-2026-02-002,MCHP,0.322095495703353,1.611043107254354,1.268867624296522,0.5067675195544463,0.2250959206251142
AIT-2026-02-002,MU,1.4689972947369536,1.383392660340684,1.4495914264972587,1.087780303186689,0.9854709536323512
AIT-2026-02-002,MSFT,2.3363451527662247,3.275919933125799,2.6286759866108667,1.9700869894667994,1.9455531990434847
AIT-2026-02-002,MPWR,0.3139816657523263,1.6891594016852969,0.9902572058362235,0.10894770504018067,0.12125332169475042
AIT-2026-02-002,NVDA,-0.5519710659720578,0.7139830630841524,0.00296412526020765,-0.2323082960671205,0.18913619080525823
AIT-2026-02-002,NXPI,0.7153881882068185,0.9644436991483182,0.8955873923979847,0.3105750926472461,0.0890057328746387
AIT-2026-02-002,PLTR,-0.6398231871184312,0.5805751426655748,0.22425091927273696,-0.02327900375703769,-0.029385430092170588
AIT-2026-02-002,PANW,0.42027906247275243,1.538003552392225,2.775253805038519,2.6700200202431006,2.136033278603568
AIT-2026-02-002,PDD,-5.8860935793405814e-05,-0.07398212344100763,-0.07699231960118659,-0.09658293432683088,-0.32819131269518725
AIT-2026-02-002,QCOM,0.2283833685830314,2.433221595924065,1.282905152819627,0.9945803344798037,0.7146480714178359
AIT-2026-02-002,ROP,2.6346212399565423,2.544232054825722,2.44874671884365,2.3052986795312305,2.0078254785484555
AIT-2026-02-002,SNDK,1.7588594825840236,1.8817925074013222,1.6698135948723474,1.6812865596749769,1.642786927536805
AIT-2026-02-002,STX,1.1971111698063965,0.330375932952128,0.08560006357328752,-0.12608956695043905,-0.17124848806849108
AIT-2026-02-002,SHOP,0.7563054220156844,1.5536776544825104,2.4475712782542214,2.030334601466691,1.4824678949976169
AIT-2026-02-002,MSTR,0.8479722673499533,3.8233959992162108,2.387820547111281,1.6847268798967754,1.4115648654456094
AIT-2026-02-002,SNPS,0.23922818801363555,1.0117833333299007,0.6620864998409138,0.45491213643137746,0.6488441763315037
AIT-2026-02-002,TXN,1.2357664765484766,1.080695051313004,0.624060169167108,0.11956711673283996,0.17358097510806172
AIT-2026-02-002,TRI,0.8548177429066988,3.325801791064349,2.8177693736310316,2.2527278688515042,2.4407870865816728
AIT-2026-02-002,WDC,1.1555974101719328,0.8464228638504296,0.8755081865626139,0.7594771594423004,0.6043472029414696
AIT-2026-02-002,WDAY,0.9677977763785118,1.4597179558701807,1.7929023675805977,1.5537747837751086,1.973179032523726
AIT-2026-02-002,ZS,0.1895487734992972,1.7142789817076465,1.14496047401392,1.0611945184820806,1.4489112448101182
AIT-2026-02-005,ADBE,1.2673379122726312,2.1719362981757264,1.2321523376359418,1.2574262762027764,1.076576312962765
AIT-2026-02-005,AMD,0.041980876954283916,-0.7028317787472793,-0.83129576148169,-0.5271398470396877,-0.60434405492105
AIT-2026-02-005,GOOGL,0.6312430369963259,0.8177054741155685,0.17332655426997676,0.08987720734452505,-0.12074038372124349
AIT-2026-02-005,GOOG,0.5491543290900345,0.39169363709923233,-0.27008220710385106,-0.23000985027531434,-0.3141491293727091
AIT-2026-02-005,ADI,0.8516899179111858,0.5958637770926348,0.9658563182227445,0.8537151761633097,0.796991169439769
AIT-2026-02-005,AAPL,0.7456869759896113,0.8955589602035403,0.05373231913377319,-0.3127826965476421,-0.43287596231316783
AIT-2026-02-005,AMAT,0.6362704719078732,0.46467867997698237,0.6665001159558244,0.4314931366570842,0.20253926554173068
AIT-2026-02-005,APP,0.9008776152973189,2.111875677520271,1.0154715560210417,0.7754864423932767,0.5108309131020852
AIT-2026-02-005,ARM,1.478588650302469,0.25656870698646295,-0.07302258065686468,-0.1373248607265764,-0.2957695866941202
AIT-2026-02-005,ASML,0.9936283566612119,-0.2034518263073989,-0.3432892977961295,-0.18473180079248933,0.03798635953323938
AIT-2026-02-005,ADSK,1.1052970395024744,2.361277902257959,1.4554798878971684,1.3226095882341784,1.2549021814679966
AIT-2026-02-005,AVGO,0.7007005461470169,-0.33831793508617963,-0.5287094657653514,-0.32221539552907624,0.17458211769499732
AIT-2026-02-005,CDNS,1.573550110787177,1.5913544581298102,1.818206060239971,1.6689517660209483,1.4127282694177434
AIT-2026-02-005,CTSH,1.098947967878397,3.1860986290041193,2.5075428898256384,2.5019736968861217,1.9269270447177536
AIT-2026-02-005,CRWD,0.72388541327669,0.2186050373652199,0.2769706585555347,1.3631973676432918,1.2870184773758828
AIT-2026-02-005,DDOG,0.8718661748788386,0.9842581137357245,0.5762965053967175,0.7218494031663331,0.40708544298331806
AIT-2026-02-005,DASH,0.4899719411485067,1.5744386097217156,2.0643281334519923,1.7176939562049818,0.9067213630147108
AIT-2026-02-005,FTNT,0.9492898017858494,0.9061828968628862,0.519281613467335,0.5933220174936816,0.46499385807550636
AIT-2026-02-005,INTC,0.6273709213355977,0.16845919251137265,-0.3268521216704538,-0.3215543511738381,-0.2926664028562825
AIT-2026-02-005,INTU,2.3539980572424786,2.7756857089852938,2.4957143187753985,2.8006543118456144,2.7536546305363845
AIT-2026-02-005,KLAC,1.431124550249174,0.2575031979940742,-0.5047272555953648,-0.4772251146764338,-0.21183940274594418
AIT-2026-02-005,LRCX,0.9148094212994455,-0.11851030689425301,-0.5068052150730514,-0.40913108199534387,-0.1840109663243996
AIT-2026-02-005,MRVL,-0.21356341779213267,-0.7269422212428406,-1.3833247649230878,-1.300158896529803,-0.2989579863561339
AIT-2026-02-005,META,1.0229847631462308,0.260683445985997,-0.011816000699370147,-0.21141685868946797,-0.23483105636308382
AIT-2026-02-005,MCHP,0.9952071414730432,1.2817676448540742,0.16519214107240987,-0.10179326888989185,0.13083113694839696
AIT-2026-02-005,MU,1.5893249378167391,1.8973571089038739,1.031425959131851,0.8913220671452304,0.9073398300567632
AIT-2026-02-005,MSFT,3.002673288516667,2.1216018914554073,1.4025735253752698,1.5885453751394423,1.5480934902276562
AIT-2026-02-005,MPWR,1.1030677391802124,0.7243740835127856,-0.374388688815511,-0.3308282633415717,-0.11629275786686626
AIT-2026-02-005,NVDA,0.20547696454468856,-0.28893334712361907,-0.4878123197246556,0.07280845154364796,0.13277135300722995
AIT-2026-02-005,NXPI,1.2105704351774547,1.4587390353232377,0.25323760072287843,-0.1369268905234725,0.0748072135744316
AIT-2026-02-005,PLTR,0.437814097169477,0.19993587921349976,-0.12844828399308678,-0.1908267134729051,-0.12487486461881242
AIT-2026-02-005,PANW,1.1436833987552102,3.5495223946692884,2.7480549446412303,2.627648556684871,1.787619255039427
AIT-2026-02-005,PDD,0.21248076775771005,0.3904547054943246,-0.21072865057498288,-0.1442943610189193,-0.3134874315777474
AIT-2026-02-005,QCOM,1.138231236366733,0.7618769840723342,0.6925681623803498,0.523537390422247,0.5244422414951021
AIT-2026-02-005,ROP,2.564588424341072,2.5467891182561275,2.071891912281844,2.0012840194521577,1.6569089327260866
AIT-2026-02-005,SNDK,1.8316400610072465,1.6843007626854334,1.6798384486839837,1.6647342901195308,1.553752806771109
AIT-2026-02-005,STX,1.2412739817090261,0.294442541227549,-0.13473065365583317,-0.3252233484986323,-0.35204931401103956
AIT-2026-02-005,SHOP,1.452004746897263,3.8071452515440494,2.3203216059377367,1.7104603019149744,1.1096951531629906
AIT-2026-02-005,MSTR,2.16797291843063,1.448333966284062,1.0760799388098394,0.981361733756914,1.0084432175600027
AIT-2026-02-005,SNPS,0.7903605168131886,0.6877369438646181,0.3916469476937808,0.4825099761322079,0.5389372659337942
AIT-2026-02-005,TXN,1.5964846890731217,0.747481657299299,-0.06766823484196824,0.039137733414459856,0.07645213232316267
AIT-2026-02-005,TRI,2.155551493588077,2.4898375146462337,1.8712610604939435,2.377042296972189,2.22595913188352
AIT-2026-02-005,WDC,1.5506456515266591,1.3191186243944613,0.7991997904345999,0.7660928231151037,0.4791518505505238
AIT-2026-02-005,WDAY,1.8285313681554791,1.524827188150561,1.3844416173066145,2.0192378684762597,1.8793521268373543
AIT-2026-02-005,ZS,0.7452132514030895,0.8842577568665986,0.8640559564616579,1.4218613664874218,1.3694053650630886
AIT-2026-02-006,ADBE,0.5999983165981286,0.4126675708479539,1.7784326407111208,1.44823251830062,0.771615662696539
AIT-2026-02-006,AMD,-0.2566634301276109,-1.1986672099313198,-1.12777531882709,-0.9745342118982542,-0.6970763501025142
AIT-2026-02-006,GOOGL,-0.15898671554317145,-1.0323266883475894,-1.046091667622082,-0.7485729207638312,-0.5565077611995264
AIT-2026-02-006,GOOG,-0.1711425043130727,-1.3111358025898348,-1.12029969640783,-0.6660904536429698,-0.4506072553272932
AIT-2026-02-006,ADI,0.6417888377829027,-0.09505900125296873,-0.12157246170754821,0.09838267262948043,-0.06781349485835764
AIT-2026-02-006,AAPL,-0.3914382944211952,-1.6468057059068564,-1.1979014717178498,-0.739278535254808,-0.6732372358618264
AIT-2026-02-006,AMAT,0.05486186552016655,-0.7366919101264314,-0.783642894385446,-0.357002150763197,-0.4647047661684852
AIT-2026-02-006,APP,0.1846397351917271,0.35180867895795637,-0.14858029047728968,-0.25240659782862895,-0.3568819628015958
AIT-2026-02-006,ARM,-0.3050682569663591,-0.8758067757244631,-0.5166488691508837,0.13261310190947853,0.8066273876376039
AIT-2026-02-006,ASML,0.23450893634835973,-0.1628838965375282,-0.22693629341158914,0.09701179997200847,0.22057939268796975
AIT-2026-02-006,ADSK,1.3009986732885557,0.5389947682189027,0.09240816952072584,0.5817181533081189,0.43590690935855986
AIT-2026-02-006,AVGO,0.6283641126764018,0.1901505009363091,0.584481217695,0.5169987924622529,0.24145526744822626
AIT-2026-02-006,CDNS,1.171440291125534,0.41728423515922264,0.14846467975842517,0.4307130605706091,0.26339489905552266
AIT-2026-02-006,CTSH,1.4011995421536587,0.9438979283215867,0.8562044349566328,0.9117669657124599,0.4865512361371891
AIT-2026-02-006,CRWD,1.7136619587581488,0.2792838762711319,0.08851496343313293,0.38654812758106094,0.34334710992911976
AIT-2026-02-006,DDOG,0.381559464225951,-0.42124064648226023,-0.4923292305425113,-0.27767546513363267,-0.2926553178990466
AIT-2026-02-006,DASH,0.20733416148278602,-0.31584390559277714,-0.3978640960243767,-0.16511754893288164,0.0009108248042868876
AIT-2026-02-006,FTNT,0.3753453866649143,0.09213062419832346,-0.17762605926405395,0.052231397682547816,0.04772985809769443
AIT-2026-02-006,INTC,-0.34015990182208145,-0.3551806587169223,-0.20025417179807267,-0.17364989387481697,0.010960391161286987
AIT-2026-02-006,INTU,2.4726989561094377,1.4095497928731748,1.0051772209505991,0.9863287363262014,0.8221015370290516
AIT-2026-02-006,KLAC,-0.06562824711359976,-0.39081857415234567,0.014961117995432538,0.16567519718434948,-0.19398027838757356
AIT-2026-02-006,LRCX,0.026908667176526513,-0.5693339535045158,-0.3915513589038091,-0.07405688903059128,-0.29500006452341776
AIT-2026-02-006,MRVL,0.2289042364709975,0.5817806786378664,-0.04198487235452073,-0.07919383314815685,0.40619899912077223
AIT-2026-02-006,META,-0.2579404497679294,-0.78505872995916,-0.20682830990761336,-0.069788985324706,0.42158784006688904
AIT-2026-02-006,MCHP,0.06590539994488627,0.312387784439359,-0.0342925134145583,0.10325653841608834,0.08758869728884584
AIT-2026-02-006,MU,0.69525207921029,0.6780539499941542,1.01519237388584,1.5630534416382693,1.7891568462627314
AIT-2026-02-006,MSFT,1.3330759000213392,0.6362639170362291,0.5513422975837012,0.7729358088139741,0.793326040816945
AIT-2026-02-006,MPWR,0.24609888055550444,-0.8718109235964798,-0.7215104915093887,-0.4242594987557072,-0.24122565446968083
AIT-2026-02-006,NVDA,0.8885030253632937,-0.3386084097425662,-0.08678672015427709,-0.0337532509504104,-0.16815425115088486
AIT-2026-02-006,NXPI,-0.06287459195639553,-0.04728142398808771,0.0047268038858087795,-0.08402572981841455,0.09164179133725045
AIT-2026-02-006,PLTR,0.14512859528361258,-0.6922838354051654,-0.6616085255039362,-0.571158178170644,-0.7044104084944984
AIT-2026-02-006,PANW,0.9679630741263172,0.008489654210518463,0.05431947579202154,0.24443452761961518,0.3213440569055174
AIT-2026-02-006,PDD,-0.674904020394536,-0.4698269611288276,-0.6641690635428064,-0.13171211938767427,-0.016714477003210458
AIT-2026-02-006,QCOM,0.361725592479916,0.2450136184904831,0.2971999740851856,0.8195670131461537,0.6331563956182311
AIT-2026-02-006,ROP,0.9932596493642356,0.5987325290612902,0.5590258581165944,0.8347872619628874,0.6393135188996811
AIT-2026-02-006,SNDK,1.2102661992603612,1.0807883029861427,1.1032126119013055,1.1811946233521489,1.1614249611307799
AIT-2026-02-006,STX,-0.169232106196331,-0.8501138461531731,-0.7298586968685387,-0.21245830662449833,-0.14140829183612327
AIT-2026-02-006,SHOP,0.7986038471397083,-0.39738361988541526,-0.5819856928808455,-0.16568272096492173,-0.18641131680529252
AIT-2026-02-006,MSTR,0.8899542134163784,0.4212915257040826,0.6572286519727405,0.8089250626679064,0.6535012437149573
AIT-2026-02-006,SNPS,0.8023523636989816,-0.17404553673079604,-0.45515906332382167,-0.1377382910314142,-0.23833109519003487
AIT-2026-02-006,TXN,0.15514691217535903,-0.549997763954327,-0.7962128390624347,-0.3252779791732656,-0.4496589819783294
AIT-2026-02-006,TRI,2.0754852191996056,1.473805098689215,1.1905630579902455,1.1808711380101697,0.9352437691903493
AIT-2026-02-006,WDC,0.28109845711631054,-0.10274643230781905,0.12973902608348503,0.33375871719495154,0.2783367900022809
AIT-2026-02-006,WDAY,2.1607634956818336,1.1329748645590434,1.0397277094827864,1.1152406108352002,0.9135672756846146
AIT-2026-02-006,ZS,1.7185030019411542,0.9949159957818943,0.6593973952530688,0.6694525257198972,0.6376984132185533
AIT-2026-02-008,ADBE,1.1666792235897412,0.9341057104054915,0.6827706607040854,0.7924779227690787,1.122757565299025
AIT-2026-02-008,AMD,-0.5991768536717449,-0.7009175652149338,-0.5335955174290843,-0.6978124931835311,-0.7158503950088595
AIT-2026-02-008,GOOGL,0.11131403565760441,0.4170632913130131,0.09434625489867643,-0.33657699214960624,-0.4358191510142762
AIT-2026-02-008,GOOG,-0.2820797784000626,0.51636554459192,0.051184552402378646,-0.40718062249828163,-0.3702142574505276
AIT-2026-02-008,ADI,0.8775617866252152,1.2084094376619463,0.7584368253016529,0.6912051265081682,0.3626146867228419
AIT-2026-02-008,AAPL,-0.12839978158288673,-0.026897704143202028,-0.3041461663612695,-0.6363094541461269,-0.6436707761138115
AIT-2026-02-008,AMAT,0.3446794492976376,0.4024809122909286,-0.040413877447552336,-0.08151504170804448,-0.14547056391453778
AIT-2026-02-008,APP,0.8620855182036831,0.08623991840004705,0.25715386224705666,0.21181863373391832,-0.08296403577438613
AIT-2026-02-008,ARM,-0.20365980201276096,-0.5109365977721649,-0.43016260405875323,-0.48737273323380725,0.22430098536763352
AIT-2026-02-008,ASML,-0.38382617109338635,0.3216193625690396,0.290671328059458,0.25438268665535824,0.2024922871892261
AIT-2026-02-008,ADSK,1.119443796025684,2.712135820286233,1.7047067302561398,1.1766864316008379,0.9026022481888207
AIT-2026-02-008,AVGO,-0.5291233739274577,0.7336108927902398,0.7325406899054346,0.6820132583382383,0.5819606292978193
AIT-2026-02-008,CDNS,1.5667658289907398,1.664296659020199,1.3361868643101007,1.083927883641949,0.8193121215278127
AIT-2026-02-008,CTSH,2.258955361693236,3.0219132489914617,1.726617501225273,1.3431260602322679,1.117976054391517
AIT-2026-02-008,CRWD,1.2092481092443044,1.7737979038146119,1.884551476533021,1.2516647274307486,0.8818085838259933
AIT-2026-02-008,DDOG,0.652900183180066,0.5029536143904221,0.40302727728306414,0.09195453902526478,-0.07295334181764973
AIT-2026-02-008,DASH,1.9134271333125805,0.8027128901144055,0.23335586549621823,0.08859032813602515,0.004080187003910203
AIT-2026-02-008,FTNT,0.6161351005436667,0.4789363307620092,0.3505153395893743,0.2598827514510625,0.1660619910204107
AIT-2026-02-008,INTC,-0.35894044067933106,-0.4319007817330627,-0.3682848056884007,-0.34037182587694625,-0.22773342251913972
AIT-2026-02-008,INTU,2.1685709023896163,3.553163269812158,2.876407740005932,2.3818624723276614,1.6753326460579685
AIT-2026-02-008,KLAC,-0.6595281455669576,0.35041735436856036,0.023652036768839996,0.04092339357603531,0.07113170872639422
AIT-2026-02-008,LRCX,-0.5233113564066794,0.2855480424924734,0.026940879865421454,0.014399267719510573,0.02636509697682081
AIT-2026-02-008,MRVL,-1.3923205545064108,-0.2182220876637794,0.11797833776105948,0.6663127210190282,0.3020470050966851
AIT-2026-02-008,META,-0.1751882401490813,-0.04626223103072294,-0.2292093150814997,-0.28926557079115284,0.002916778043552509
AIT-2026-02-008,MCHP,-0.2141058555615149,0.5453319236336622,0.07879985963471199,0.34780921918444146,0.16309584719799744
AIT-2026-02-008,MU,0.754969019587127,0.7231961759322681,0.7680738676545681,0.7906378450283587,1.355768825782536
AIT-2026-02-008,MSFT,1.1695082674104256,1.7033693272345438,1.4910818641774573,1.160437654695324,1.0671038694704689
AIT-2026-02-008,MPWR,-0.3966495549831281,0.6031958814581106,0.255074936246455,0.11667680779957305,-0.14718152813325136
AIT-2026-02-008,NVDA,-0.3394534713731634,2.4226687516884313,0.9807918282074928,0.44012134580820506,0.2411548395277619
AIT-2026-02-008,NXPI,-0.1187122456235852,0.4622473733455102,0.14560966340985773,0.2886849141200338,0.057160368833282404
AIT-2026-02-008,PLTR,-0.11284836258387505,-0.1525429908512776,0.11860390410771411,-0.039287743705889576,-0.32873501168904373
AIT-2026-02-008,PANW,2.5808230615971217,1.2326086837668133,1.0496888014948869,0.7802248680109067,0.586602693985453
AIT-2026-02-008,PDD,-0.05371337655296052,-0.5953439545627177,-0.6432389348169577,-0.5700712269373776,-0.16602164439178274
AIT-2026-02-008,QCOM,0.5798972744976832,0.6064809088528441,0.4473268775592678,0.4440359436266284,0.6612681036754945
AIT-2026-02-008,ROP,1.6871381707438051,1.2057662172684733,1.1053161452279483,1.0335769200808924,0.9825914572706191
AIT-2026-02-008,SNDK,1.4603971307076757,1.417781728245539,1.279890800476312,1.2613310778426214,1.29892212592688
AIT-2026-02-008,STX,-0.35463549557461715,-0.32323292504289736,0.025817832040887233,-0.4244786655690105,-0.1954594982173734
AIT-2026-02-008,SHOP,1.8128095449779476,0.7027096067450995,0.7342000175232579,0.4373295241481991,0.2157413506687292
AIT-2026-02-008,MSTR,0.7473016804813091,0.32491469022431885,1.0219487891370342,0.815988973170665,0.8657051263295543
AIT-2026-02-008,SNPS,0.25466463890745167,1.4546507936539483,1.0104449870178054,0.5916424439095685,0.310526280255177
AIT-2026-02-008,TXN,-0.029056639480440287,0.0875656478405056,0.04295923454566535,-0.0010058775471939855,-0.20067491004958682
AIT-2026-02-008,TRI,1.7565606402477887,1.9953571007657565,1.8666512849070032,1.7396380447931572,1.4790356874321813
AIT-2026-02-008,WDC,0.6128257235110701,0.7401268213895031,0.370253108347775,0.1481785663038736,0.34995547334045773
AIT-2026-02-008,WDAY,1.4189379025535303,2.6958473394745757,1.9643497742482932,1.6440564177550654,1.4662750591469347
AIT-2026-02-008,ZS,1.233224276867789,3.3604235338813107,1.9034964451711103,1.4214930351577748,1.0483064412938856
AIT-2026-03-002,ADBE,0.7321705882544775,0.7100107608774422,0.8678081552685178,1.3169759773962086,0.9429993723420744
AIT-2026-03-002,AMD,-0.41965058355094614,-0.5558616193682733,-0.8047343140774629,-0.9091460974903994,-0.6551964521489277
AIT-2026-03-002,GOOGL,-0.021487206794710476,-0.37038886675634647,-0.6958776866463001,-0.9001899632346323,-0.47043052019660453
AIT-2026-03-002,GOOG,-0.1881059775665849,-0.3320820603764339,-0.7849725973448117,-0.9325122667377804,-0.36928285312319303
AIT-2026-03-002,ADI,0.7720938437913104,0.977243196005504,0.6993641602222569,0.250527668378366,0.1756126720706741
AIT-2026-03-002,AAPL,-0.582546247609445,-0.24427102483483434,-0.8569662741498013,-0.9591727390591749,-0.6843302821775006
AIT-2026-03-002,AMAT,0.06631568052208933,0.011946552555895357,-0.19422607365102698,-0.4527613085669797,-0.2540112064177296
AIT-2026-03-002,APP,0.2283628191358852,0.39508630788999544,0.25233895760203284,-0.08459969575563413,-0.24889373787333235
AIT-2026-03-002,ARM,-0.31856066991680276,-0.3390855511445185,-0.5474415032916252,-0.4343167977461896,0.6853580702701688
AIT-2026-03-002,ASML,-0.049446740925810105,0.5004411217867393,0.25865670182563866,0.017613371534486274,0.26594305155335285
AIT-2026-03-002,ADSK,1.0999432650566687,0.7613819758436042,0.5397400115594311,0.34001892308657555,0.5394291901398461
AIT-2026-03-002,AVGO,-0.1657257020406334,1.8357418580080596,0.9073952264882701,0.8207612682164075,0.4733361315714183
AIT-2026-03-002,CDNS,1.1586089719547232,1.3390440142900233,0.8748326290576821,0.39002332703081266,0.5180628376898498
AIT-2026-03-002,CTSH,1.7722353107507685,0.8035442713142078,0.831839990495526,0.923696584596255,0.6235444763989133
AIT-2026-03-002,CRWD,1.8943261466406005,1.6039544198200533,0.7304580362717764,0.419139998150758,0.5330862945916991
AIT-2026-03-002,DDOG,0.545423577600147,-0.12792020138827234,-0.24674285596029008,-0.35463199629267544,-0.22856492921080673
AIT-2026-03-002,DASH,1.011098972091765,0.15676217273251436,0.044666282259477975,-0.15338654385718473,0.10357636851069241
AIT-2026-03-002,FTNT,0.45186492528171357,0.09651566988424559,0.12494367182718617,-0.10663571883777928,0.1196936952198765
AIT-2026-03-002,INTC,-0.4239696239030984,-0.4029630042266524,-0.3171840634651963,-0.27354152777734647,-0.11812051678555029
AIT-2026-03-002,INTU,2.3298089945238556,2.5678623382785255,1.8306216916054854,1.300941337861949,1.0733739375633444
AIT-2026-03-002,KLAC,-0.37627242044082115,0.2731053211573634,0.11680104235511773,0.05134922645190279,0.020831950614465865
AIT-2026-03-002,LRCX,-0.2464575018958611,0.29707363471112264,-0.014488417443100662,-0.07312747475050561,-0.04636904795157774
AIT-2026-03-002,MRVL,-0.9063535073447737,2.880719564241465,1.4451100475840446,0.5853438706017747,0.6477778035497038
AIT-2026-03-002,META,-0.36935924836956463,0.0165973423873967,-0.29305311569950426,-0.12655644694003287,0.39618401596492736
AIT-2026-03-002,MCHP,-0.30020652860905694,0.7133813931585458,0.6715523590764773,0.3324561555609824,0.222089219821236
AIT-2026-03-002,MU,0.5065345234618915,0.7054664671599009,0.736749221628127,1.2310993781691764,1.6914774593641957
AIT-2026-03-002,MSFT,1.3552339820914228,1.1709362435680366,0.8396310124352505,0.6735924706482532,0.9609834435924623
AIT-2026-03-002,MPWR,-0.1115634472837464,0.4588036821751568,0.010752722024563751,-0.2845830113207422,-0.17692499172190784
AIT-2026-03-002,NVDA,0.6390236824327377,0.3715728340699144,-0.07177201556054232,-0.03847658876613,0.034961468667424125
AIT-2026-03-002,NXPI,-0.37293724030951103,0.6417402600527803,0.5090478095167837,0.1281480775747428,0.18242231201948847
AIT-2026-03-002,PLTR,-0.028306261415872194,0.272571758881648,-0.19750695568177332,-0.5510585213701136,-0.566815246263709
AIT-2026-03-002,PANW,1.5302782476115568,0.5637606455746694,0.420161480436378,0.23376290565853808,0.38298138126619014
AIT-2026-03-002,PDD,-0.23189560632709424,-1.107805958946531,-0.6176325326814153,-0.4732678187511181,-0.019196319364328245
AIT-2026-03-002,QCOM,0.3471849835478084,0.2685530741010674,0.3890544012218033,0.39268374456197913,0.6590870617890983
AIT-2026-03-002,ROP,1.2206069946896785,1.110845601781688,0.8910085588392561,0.7861870230470912,0.8353419712869149
AIT-2026-03-002,SNDK,1.3025464494600756,1.0413490871782791,1.1360733706322375,1.179517114696183,1.2252227622253897
AIT-2026-03-002,STX,-0.22760329858965397,-0.6560792483697595,-0.839378617040072,-0.5582543712669271,-0.31396487757132363
AIT-2026-03-002,SHOP,0.7335722203793552,1.1912283345089465,0.2162511463534452,-0.10914656683777749,0.02047694194453316
AIT-2026-03-002,MSTR,0.6220175744825326,0.8600795799960554,0.6075402725919316,0.7539351831710476,0.7354759397473917
AIT-2026-03-002,SNPS,0.635851133195179,0.41136826577990404,0.12759947952119857,-0.16993814438388857,-0.04275394521193338
AIT-2026-03-002,TXN,0.052267272372514745,0.2925650464144444,0.039787576950345994,-0.45060351056646863,-0.31479085414408536
AIT-2026-03-002,TRI,1.9821942062191455,1.8176800258893535,1.5538182521579564,1.3247998618891856,1.1928710106111589
AIT-2026-03-002,WDC,0.5351015498495166,-0.4482511692477227,-0.19082668105149836,0.20799203864590227,0.2899061045742086
AIT-2026-03-002,WDAY,2.058315467404256,1.303748906898932,1.2231739900652723,1.0680858499091965,1.0449669970408484
AIT-2026-03-002,ZS,2.1158324920936926,0.9862587561938074,0.9019153332868045,0.6173345128646646,0.7657114098514116
AIT-2026-03-003,ADBE,0.6331392040586898,1.8830353071711514,1.3010796300666907,0.9443683325834382,0.6190071059153536
AIT-2026-03-003,AMD,-0.6700094688092683,-1.1791416325488109,-0.8767129381960262,-0.6510551896334081,-0.6983606113491491
AIT-2026-03-003,GOOGL,-0.4811954324191329,-1.1422377804711954,-0.7264070895858241,-0.3635202092280314,-0.5859029450961354
AIT-2026-03-003,GOOG,-0.564776420452902,-1.1587390458744242,-0.5655860276963959,-0.14004190170607556,-0.46422801242225165
AIT-2026-03-003,ADI,0.5699971022703458,-0.4175724693182653,0.18651800257821652,0.06554260345527424,-0.2215148097424259
AIT-2026-03-003,AAPL,-0.7358482936235362,-1.2318268221652624,-0.5162142084905514,-0.5467781836134189,-0.6164628528712041
AIT-2026-03-003,AMAT,-0.20377341055040232,-1.0624376579018575,-0.19065746157050847,-0.2019388506808572,-0.463784529932489
AIT-2026-03-003,APP,0.223607818326573,-0.43940112929200326,-0.37255848134678105,-0.3627169516119936,-0.37632212773757034
AIT-2026-03-003,ARM,-0.465900709807109,0.256576946339611,0.5322469946282902,1.3424253510260382,1.0918090577708905
AIT-2026-03-003,ASML,0.2319338517101712,-0.4699829219653453,0.1681448641365805,0.2817027838634625,0.2717452768849168
AIT-2026-03-003,ADSK,0.7251353818063736,-0.328683959228693,0.6874154804951752,0.5641251971095785,0.5879160324161491
AIT-2026-03-003,AVGO,0.6582642337200151,1.0404037233199641,0.7504567062227885,0.3754303351297105,0.19146963636683664
AIT-2026-03-003,CDNS,0.7880989636421923,-0.4726408514689149,0.2692794545418718,0.4283369237018748,0.30599180446513785
AIT-2026-03-003,CTSH,0.6780247235578579,0.45944310772149904,0.9131660151517133,0.530692732033875,0.38878408292490746
AIT-2026-03-003,CRWD,0.9842386045611207,0.3742667630300549,0.6105173094098373,0.6399924620019141,0.5858611341005423
AIT-2026-03-003,DDOG,-0.05579965234529148,-0.6945351219608751,-0.21733357099863385,-0.17694895525840224,-0.18049015764330123
AIT-2026-03-003,DASH,-0.14603767443193527,-0.4824688069163446,-0.012851062632481458,0.07847696143162651,0.01268824719487253
AIT-2026-03-003,FTNT,0.15409694779854163,-0.29190449278929087,0.11136189045165114,0.20643950241553496,0.18286554796390556
AIT-2026-03-003,INTC,-0.3457584133205721,0.16320540162828923,0.05387331765995781,-0.12984479643467106,0.17151823397110977
AIT-2026-03-003,INTU,1.7225044509909078,0.6849232227914921,0.834665515204653,0.6439817320705071,0.8718384618121594
AIT-2026-03-003,KLAC,0.026442985501675217,-0.2328560125706677,0.3182891982740512,0.03876500386575689,-0.3076128987854735
AIT-2026-03-003,LRCX,-0.0542265025653458,-0.2648002949189948,0.33652419425441443,0.045602030735509676,-0.31792432856388925
AIT-2026-03-003,MRVL,0.8959010064517605,-0.47196875660112203,-0.17007671872518626,0.05562799444032865,0.6814266082869217
AIT-2026-03-003,META,-0.35565561541793295,-0.1292842695390839,0.10819631261071279,0.5097114566195965,0.500979962456378
AIT-2026-03-003,MCHP,0.35406743999594326,-0.5686118925043862,0.20716491974328463,0.06065532902493635,0.024014171067009638
AIT-2026-03-003,MU,0.7271403003459809,1.4131264762924387,2.0554374226177328,2.026995242736984,1.8774557868041075
AIT-2026-03-003,MSFT,0.8971615769583509,0.45503651105576837,0.7046842338342897,0.9790453438938687,0.813191762608132
AIT-2026-03-003,MPWR,0.04121930923024669,-0.7678148111316841,-0.21407875732302725,-0.2964671947896708,-0.1569696464878476
AIT-2026-03-003,NVDA,0.026480576037736386,0.45658850767267073,0.27489604677793106,0.1304728801785756,-0.26960256315897546
AIT-2026-03-003,NXPI,0.28517918943846443,-0.4960127313849675,-0.11439204394494724,-0.15063678205457406,0.06303952547495749
AIT-2026-03-003,PLTR,0.04564402063897389,-0.9949089282834379,-0.717996611821328,-0.6420101291743221,-0.43804378321374254
AIT-2026-03-003,PANW,0.47388117384873013,-0.12147712178940931,0.29011617235705206,0.38998765977968897,0.44130177147130567
AIT-2026-03-003,PDD,-0.572801139132531,-0.9119711435111216,0.021505807482464445,0.42465670855286564,0.051558291513268774
AIT-2026-03-003,QCOM,0.3731766746808758,0.5634855535497161,1.3774619517384068,0.8911784127417036,0.616446614348712
AIT-2026-03-003,ROP,0.8086833089485385,0.06601711673164935,0.8211366829701747,0.7084880077504678,0.5697762033140382
AIT-2026-03-003,SNDK,1.0555971099124704,1.0260545873385776,1.2159000106212527,1.1625171814048407,1.1064282486346935
AIT-2026-03-003,STX,-0.40895003148479314,-0.31282949784430725,0.2627947347246125,0.0615970049676346,-0.010504385069564132
AIT-2026-03-003,SHOP,0.35550833765818696,-1.0257759991009385,-0.2621458233166913,-0.06336176652073722,-0.05000839391696302
AIT-2026-03-003,MSTR,0.8749787378686114,0.8652300555839985,0.9972353695676922,0.794832602323769,0.5742037540190351
AIT-2026-03-003,SNPS,0.30209873954636224,-0.8676151904643097,-0.12928187322223317,-0.020331908268497567,-0.26106326967659355
AIT-2026-03-003,TXN,-0.006391495015652615,-1.304841300871134,-0.2472284085106279,-0.29826521470873524,-0.49435136609553404
AIT-2026-03-003,TRI,1.3795520084557482,0.7794734653611626,0.9716763573425777,0.8333074669510636,0.7412520334816313
AIT-2026-03-003,WDC,-0.05181131908031712,0.8170852703196946,0.7669907933017063,0.45006218351363414,0.20397986255856995
AIT-2026-03-003,WDAY,1.173225380173611,0.9575551171379115,1.0226297288518338,0.9605991577328737,0.9331009796479958
AIT-2026-03-003,ZS,0.859473006179824,0.40425357084130675,0.4165048549052121,0.7025880323092045,0.7826796064802399
AIT-2026-03-004,ADBE,1.655388988526967,0.23313905817135877,0.029188806960034386,0.053150761217658646,0.5073010972363692
AIT-2026-03-004,AMD,-0.9403000599086409,-0.38424780527185365,-0.28292857226276075,-0.5288178537807819,-0.428977117700459
AIT-2026-03-004,GOOGL,-0.6470811872131854,0.27601892121381527,0.06878990136858953,-0.4720764517634922,-0.8063265930095171
AIT-2026-03-004,GOOG,-0.4704438094003598,0.6203975635534129,0.2161630435605747,-0.4022752707860148,-0.7142313557651946
AIT-2026-03-004,ADI,0.1546452248271888,0.10488803366580655,-0.023470145421568667,-0.26504688632746204,-0.24664647131073314
AIT-2026-03-004,AAPL,-0.4788029615454923,-0.20535051916346597,-0.44983822853501126,-0.6107911465186158,-0.4618757629737425
AIT-2026-03-004,AMAT,-0.2762421472499325,0.11994584592159066,-0.20560297129410912,-0.5435089537427873,-0.6473969952839114
AIT-2026-03-004,APP,-0.38191256847896976,-0.031899042685624546,-0.3790050956566831,-0.29044366338254507,-0.38548788954729285
AIT-2026-03-004,ARM,0.36813188331024743,2.2318909863343688,1.680620703170271,1.1915833683363084,1.1938950692294443
AIT-2026-03-004,ASML,0.11483673913158118,0.31662903601126136,0.42607185261482083,0.28599089279806317,0.41576359872121305
AIT-2026-03-004,ADSK,0.5270760296305638,0.35945265718882047,0.38573360138287915,0.4489428808093432,0.3900841696771292
AIT-2026-03-004,AVGO,0.5507367593181584,-0.10865952573318152,-0.12605176951960637,-0.019434756634947366,-0.09425123903800664
AIT-2026-03-004,CDNS,0.40242229933554097,0.38653785385632544,0.16805874948972657,0.1435790428075689,0.4497468808287416
AIT-2026-03-004,CTSH,0.7641821206479954,-0.5368635883799696,-0.1125633526548492,0.012730152744720336,0.3719116663712737
AIT-2026-03-004,CRWD,0.3995671488806029,0.7676765594567705,0.23278992213614572,0.6214354944101832,0.4499342569227912
AIT-2026-03-004,DDOG,-0.27761392484811487,-0.05603900751709895,-0.2442072791440292,-0.1238138561790584,-0.08597848381958498
AIT-2026-03-004,DASH,-0.12806657935547708,0.5986930464117491,0.5328641484811921,0.1836458674469763,0.08183382812789618
AIT-2026-03-004,FTNT,-0.003293805486579917,0.2812580543522405,0.0941376110297062,0.1746874797715008,0.06117514956985983
AIT-2026-03-004,INTC,-0.154157154731721,-0.44681416383772954,0.015087277746317565,0.2808547297328595,0.3816750408435295
AIT-2026-03-004,INTU,0.6764443649364953,0.3012934464895857,0.4400533198027891,0.8408487643978517,0.7869814425288059
AIT-2026-03-004,KLAC,0.3065651976520857,-0.11155695562631598,-0.1998455289784363,-0.565353351110236,-0.5116499617395603
AIT-2026-03-004,LRCX,0.0074198044962856535,-0.014533520126613908,-0.1390863177627849,-0.5255397654915087,-0.51034465690144
AIT-2026-03-004,MRVL,-0.202281906736622,0.44163499540580187,1.0891145827114075,1.083653524065955,1.1732760340660815
AIT-2026-03-004,META,0.08600221029959494,2.149849595936269,1.529578315782602,0.966884729702218,0.4007428309974413
AIT-2026-03-004,MCHP,0.07652290936956575,0.40913661450265204,0.2671474371417571,0.14363274930452014,0.2373477890436548
AIT-2026-03-004,MU,1.7034244726606425,1.7583180374171135,2.280383098576041,1.833892235836567,1.4274195082896401
AIT-2026-03-004,MSFT,0.6810161044138658,1.17560671870037,1.053411083427615,0.6693752346450995,0.8574997904346824
AIT-2026-03-004,MPWR,-0.34341545265144535,-0.0626787881758018,0.037639276742534346,0.062337115042916016,-0.03838973208076847
AIT-2026-03-004,NVDA,0.0608906206480572,0.3622369847835457,0.17556528343153163,-0.42439019436634756,-0.6472677862514422
AIT-2026-03-004,NXPI,-0.07338793820721556,0.20782881533663877,0.6439917998192057,0.4056861047670877,0.3885555181777739
AIT-2026-03-004,PLTR,-0.49652990870273034,-0.7074102015791781,-0.7842874183093648,-0.38250716316695876,-0.32607188826440875
AIT-2026-03-004,PANW,0.23328823023130082,0.48725366006436516,0.36159232780485034,0.5368487997297146,0.32169013963202664
AIT-2026-03-004,PDD,0.02670874827785414,0.5774810079051262,0.2907056079198503,-0.07435863361613461,-0.026070629001787825
AIT-2026-03-004,QCOM,0.9177944428357967,0.5341766503421462,0.5667073944730757,0.43813138079564096,0.47947117331339584
AIT-2026-03-004,ROP,0.7841522153911582,0.5076045259119457,0.5849813792945607,0.3703267866399225,0.4401284633593604
AIT-2026-03-004,SNDK,1.0808497561160262,1.010949467803412,1.1012096945027505,0.968511802609632,0.9005590397995081
AIT-2026-03-004,STX,-0.025293225261484344,-0.4344714486439525,-0.29293436743071405,-0.056538459753947896,-0.18938046840163225
AIT-2026-03-004,SHOP,-0.15271519874057574,-0.09183480158416812,-0.10781642325652037,-0.15438831406892128,-0.1161112942771997
AIT-2026-03-004,MSTR,0.8143042737654266,0.49894091748471897,0.4356756018698511,0.2953469734330459,0.5374184407769769
AIT-2026-03-004,SNPS,-0.1995809575043789,-0.10060741717570554,-0.38281705287478296,-0.4880193363958341,-0.289734002505339
AIT-2026-03-004,TXN,-0.2823496244701115,-0.2947406241625696,-0.5043692860684237,-0.6039740211196359,-0.13911199505318633
AIT-2026-03-004,TRI,0.863283171150884,0.4485630163949469,0.6466311324621931,0.4604073305363791,0.552254092930473
AIT-2026-03-004,WDC,0.38366596160494854,0.09481196867441533,0.32103641566768454,0.058347727035232944,-0.25920169291749773
AIT-2026-03-004,WDAY,0.902232183178137,0.7288958148622042,0.4578246987855163,0.7462366159946444,0.8555380330995822
AIT-2026-03-004,ZS,0.5710908312908498,1.0353284715895068,0.6792485587824216,0.9029795040455717,0.9378925178249735
