ticker,period_end_date,fiscal_year,fiscal_quarter,assets,equity,bookValue,bookValuePerShare,sharesBasic,sharesDiluted,main_currency,price_currency,financial_currency,source,quarter_anchor_date,calendar_quarter,calendar_quarter_end_date,days_from_calendar_quarter_end
ADBE,2022-03-04,2022,Q1,25976000000,13775000000.0,13775000000,28.9756,472600000,475400000,USD,USD,USD,stockanalysis_fiscal_ai,2022-02-17,2022Q1,2022-03-31,27
ADBE,2022-06-03,2022,Q2,26326000000,13985000000.0,13985000000,29.5479,472100000,473300000,USD,USD,USD,stockanalysis_fiscal_ai,2022-05-19,2022Q2,2022-06-30,27
ADBE,2022-09-02,2022,Q3,26744000000,14373000000.0,14373000000,30.6199,468500000,469400000,USD,USD,USD,stockanalysis_fiscal_ai,2022-08-18,2022Q3,2022-09-30,28
ADBE,2022-12-02,2022,Q4,27165000000,14051000000.0,14051000000,30.1524,465000000,466000000,USD,USD,USD,stockanalysis_fiscal_ai,2022-11-17,2022Q4,2022-12-31,29
ADBE,2023-03-03,2023,Q1,26667000000,14206000000.0,14206000000,30.9162,459000000,459500000,USD,USD,USD,stockanalysis_fiscal_ai,2023-02-16,2023Q1,2023-03-31,28
ADBE,2023-06-02,2023,Q2,27838000000,14838000000.0,14838000000,32.3479,457800000,458700000,USD,USD,USD,stockanalysis_fiscal_ai,2023-05-18,2023Q2,2023-06-30,28
ADBE,2023-09-01,2023,Q3,29090000000,15776000000.0,15776000000,34.333,456400000,459500000,USD,USD,USD,stockanalysis_fiscal_ai,2023-08-17,2023Q3,2023-09-30,29
ADBE,2023-12-01,2023,Q4,29779000000,16518000000.0,16518000000,35.9869,455000000,459000000,USD,USD,USD,stockanalysis_fiscal_ai,2023-11-16,2023Q4,2023-12-31,30
ADBE,2024-03-01,2024,Q1,28751000000,15460000000.0,15460000000,33.8812,452800000,456300000,USD,USD,USD,stockanalysis_fiscal_ai,2024-02-15,2024Q1,2024-03-31,30
ADBE,2024-05-31,2024,Q2,30007000000,14843000000.0,14843000000,32.8821,449100000,451400000,USD,USD,USD,stockanalysis_fiscal_ai,2024-05-16,2024Q2,2024-06-30,30
ADBE,2024-08-30,2024,Q3,29830000000,14545000000.0,14545000000,32.4665,445000000,448000000,USD,USD,USD,stockanalysis_fiscal_ai,2024-08-15,2024Q3,2024-09-30,31
ADBE,2024-11-29,2024,Q4,30230000000,14105000000.0,14105000000,31.8397,441000000,443000000,USD,USD,USD,stockanalysis_fiscal_ai,2024-11-14,2024Q4,2024-12-31,32
ADBE,2025-02-28,2025,Q1,29955000000,13095000000.0,13095000000,29.8973,436000000,438000000,USD,USD,USD,stockanalysis_fiscal_ai,2025-02-13,2025Q1,2025-03-31,31
ADBE,2025-05-30,2025,Q2,28107000000,11448000000.0,11448000000,26.6853,428000000,429000000,USD,USD,USD,stockanalysis_fiscal_ai,2025-05-15,2025Q2,2025-06-30,31
ADBE,2025-08-29,2025,Q3,28754000000,11770000000.0,11770000000,27.7594,423000000,424000000,USD,USD,USD,stockanalysis_fiscal_ai,2025-08-14,2025Q3,2025-09-30,32
ADBE,2025-11-28,2025,Q4,29496000000,11623000000.0,11623000000,27.8729,417000000,417000000,USD,USD,USD,stockanalysis_fiscal_ai,2025-11-13,2025Q4,2025-12-31,33
ADBE,2026-02-27,2026,Q1,29704000000,11433000000.0,11433000000,27.8175,410000000,411000000,USD,USD,USD,stockanalysis_fiscal_ai,2026-02-12,2026Q1,2026-03-31,32
AMD,2022-03-26,2022,Q1,66915000000,55333000000.0,55333000000,39.2433,1393000000,1410000000,USD,USD,USD,stockanalysis_fiscal_ai,2022-03-11,2022Q1,2022-03-31,5
AMD,2022-06-25,2022,Q2,67502000000,55169000000.0,55169000000,33.8045,1618000000,1632000000,USD,USD,USD,stockanalysis_fiscal_ai,2022-06-10,2022Q2,2022-06-30,5
AMD,2022-09-24,2022,Q3,67811000000,54542000000.0,54542000000,33.5643,1615000000,1625000000,USD,USD,USD,stockanalysis_fiscal_ai,2022-09-09,2022Q3,2022-09-30,6
AMD,2022-12-31,2022,Q4,67580000000,54750000000.0,54750000000,33.8381,1613000000,1618000000,USD,USD,USD,stockanalysis_fiscal_ai,2022-12-16,2022Q4,2022-12-31,0
AMD,2023-04-01,2023,Q1,67634000000,54694000000.0,54694000000,33.9503,1611000000,1611000000,USD,USD,USD,stockanalysis_fiscal_ai,2023-03-17,2023Q1,2023-03-31,1
AMD,2023-07-01,2023,Q2,67967000000,55136000000.0,55136000000,33.8881,1612000000,1627000000,USD,USD,USD,stockanalysis_fiscal_ai,2023-06-16,2023Q2,2023-06-30,1
AMD,2023-09-30,2023,Q3,67626000000,54970000000.0,54970000000,33.7446,1616000000,1629000000,USD,USD,USD,stockanalysis_fiscal_ai,2023-09-15,2023Q3,2023-09-30,0
AMD,2023-12-30,2023,Q4,67885000000,55892000000.0,55892000000,34.3317,1616000000,1628000000,USD,USD,USD,stockanalysis_fiscal_ai,2023-12-15,2023Q4,2023-12-31,1
AMD,2024-03-30,2024,Q1,67895000000,56198000000.0,56198000000,34.288,1617000000,1639000000,USD,USD,USD,stockanalysis_fiscal_ai,2024-03-15,2024Q1,2024-03-31,1
AMD,2024-06-29,2024,Q2,67886000000,56538000000.0,56538000000,34.5376,1618000000,1637000000,USD,USD,USD,stockanalysis_fiscal_ai,2024-06-14,2024Q2,2024-06-30,1
AMD,2024-09-28,2024,Q3,69636000000,56985000000.0,56985000000,34.8319,1620000000,1636000000,USD,USD,USD,stockanalysis_fiscal_ai,2024-09-13,2024Q3,2024-09-30,2
AMD,2024-12-31,2024,Q4,69226000000,57568000000.0,57568000000,35.4788,1622600000,1622600000,USD,USD,USD,stockanalysis_fiscal_ai,2024-12-16,2024Q4,2024-12-31,0
AMD,2025-03-31,2025,Q1,71550000000,57881000000.0,57881000000,35.7402,1619490000,1619490000,USD,USD,USD,stockanalysis_fiscal_ai,2025-03-16,2025Q1,2025-03-31,0
AMD,2025-06-29,2025,Q2,74820000000,59665000000.0,59665000000,36.8348,1619800000,1619800000,USD,USD,USD,stockanalysis_fiscal_ai,2025-06-14,2025Q2,2025-06-30,1
AMD,2025-09-30,2025,Q3,76891000000,60790000000.0,60790000000,37.4258,1624280000,1624280000,USD,USD,USD,stockanalysis_fiscal_ai,2025-09-15,2025Q3,2025-09-30,0
AMD,2025-12-31,2025,Q4,76926000000,62999000000.0,62999000000,38.3581,1642390000,1642390000,USD,USD,USD,stockanalysis_fiscal_ai,2025-12-16,2025Q4,2025-12-31,0
AMD,2026-03-31,2026,Q1,79642000000,64462000000.0,64462000000,39.5439,1630140000,1630140000,USD,USD,USD,stockanalysis_fiscal_ai,2026-03-16,2026Q1,2026-03-31,0
GOOGL,2022-03-31,2022,Q1,357096000000,254004000000.0,254004000000,19.0086,13254800000,13362600000,USD,USD,USD,stockanalysis_fiscal_ai,2022-03-16,2022Q1,2022-03-31,0
GOOGL,2022-06-30,2022,Q2,355185000000,255419000000.0,255419000000,19.3136,13116400000,13224800000,USD,USD,USD,stockanalysis_fiscal_ai,2022-06-15,2022Q2,2022-06-30,0
GOOGL,2022-09-30,2022,Q3,358255000000,253626000000.0,253626000000,19.3274,13000000000,13122600000,USD,USD,USD,stockanalysis_fiscal_ai,2022-09-15,2022Q3,2022-09-30,0
GOOGL,2022-12-31,2022,Q4,365264000000,256144000000.0,256144000000,19.784,12897000000,12947000000,USD,USD,USD,stockanalysis_fiscal_ai,2022-12-16,2022Q4,2022-12-31,0
GOOGL,2023-03-31,2023,Q1,369491000000,260894000000.0,260894000000,20.3919,12725000000,12794000000,USD,USD,USD,stockanalysis_fiscal_ai,2023-03-16,2023Q1,2023-03-31,0
GOOGL,2023-06-30,2023,Q2,383044000000,267141000000.0,267141000000,20.9293,12668000000,12764000000,USD,USD,USD,stockanalysis_fiscal_ai,2023-06-15,2023Q2,2023-06-30,0
GOOGL,2023-09-30,2023,Q3,396711000000,273202000000.0,273202000000,21.5187,12581000000,12696000000,USD,USD,USD,stockanalysis_fiscal_ai,2023-09-15,2023Q3,2023-09-30,0
GOOGL,2023-12-31,2023,Q4,402392000000,283379000000.0,283379000000,22.4868,12488000000,12602000000,USD,USD,USD,stockanalysis_fiscal_ai,2023-12-16,2023Q4,2023-12-31,0
GOOGL,2024-03-31,2024,Q1,407350000000,292844000000.0,292844000000,23.377,12415000000,12527000000,USD,USD,USD,stockanalysis_fiscal_ai,2024-03-16,2024Q1,2024-03-31,0
GOOGL,2024-06-30,2024,Q2,414770000000,300753000000.0,300753000000,24.0699,12343000000,12495000000,USD,USD,USD,stockanalysis_fiscal_ai,2024-06-15,2024Q2,2024-06-30,0
GOOGL,2024-09-30,2024,Q3,430266000000,314119000000.0,314119000000,25.2934,12290000000,12419000000,USD,USD,USD,stockanalysis_fiscal_ai,2024-09-15,2024Q3,2024-09-30,0
GOOGL,2024-12-31,2024,Q4,450256000000,325084000000.0,325084000000,26.3269,12228000000,12348000000,USD,USD,USD,stockanalysis_fiscal_ai,2024-12-16,2024Q4,2024-12-31,0
GOOGL,2025-03-31,2025,Q1,475374000000,345267000000.0,345267000000,28.091,12183000000,12291000000,USD,USD,USD,stockanalysis_fiscal_ai,2025-03-16,2025Q1,2025-03-31,0
GOOGL,2025-06-30,2025,Q2,502053000000,362916000000.0,362916000000,29.7521,12122000000,12198000000,USD,USD,USD,stockanalysis_fiscal_ai,2025-06-15,2025Q2,2025-06-30,0
GOOGL,2025-09-30,2025,Q3,536469000000,386867000000.0,386867000000,31.7026,12086000000,12203000000,USD,USD,USD,stockanalysis_fiscal_ai,2025-09-15,2025Q3,2025-09-30,0
GOOGL,2025-12-31,2025,Q4,595281000000,415265000000.0,415265000000,33.9602,12073000000,12228000000,USD,USD,USD,stockanalysis_fiscal_ai,2025-12-16,2025Q4,2025-12-31,0
GOOGL,2026-03-31,2026,Q1,703919000000,478746000000.0,478746000000,39.1196,12099000000,12238000000,USD,USD,USD,stockanalysis_fiscal_ai,2026-03-16,2026Q1,2026-03-31,0
GOOG,2022-03-31,2022,Q1,357096000000,254004000000.0,254004000000,19.0086,13254800000,13362600000,USD,USD,USD,stockanalysis_fiscal_ai,2022-03-16,2022Q1,2022-03-31,0
GOOG,2022-06-30,2022,Q2,355185000000,255419000000.0,255419000000,19.3136,13116400000,13224800000,USD,USD,USD,stockanalysis_fiscal_ai,2022-06-15,2022Q2,2022-06-30,0
GOOG,2022-09-30,2022,Q3,358255000000,253626000000.0,253626000000,19.3274,13000000000,13122600000,USD,USD,USD,stockanalysis_fiscal_ai,2022-09-15,2022Q3,2022-09-30,0
GOOG,2022-12-31,2022,Q4,365264000000,256144000000.0,256144000000,19.784,12897000000,12947000000,USD,USD,USD,stockanalysis_fiscal_ai,2022-12-16,2022Q4,2022-12-31,0
GOOG,2023-03-31,2023,Q1,369491000000,260894000000.0,260894000000,20.3919,12725000000,12794000000,USD,USD,USD,stockanalysis_fiscal_ai,2023-03-16,2023Q1,2023-03-31,0
GOOG,2023-06-30,2023,Q2,383044000000,267141000000.0,267141000000,20.9293,12668000000,12764000000,USD,USD,USD,stockanalysis_fiscal_ai,2023-06-15,2023Q2,2023-06-30,0
GOOG,2023-09-30,2023,Q3,396711000000,273202000000.0,273202000000,21.5187,12581000000,12696000000,USD,USD,USD,stockanalysis_fiscal_ai,2023-09-15,2023Q3,2023-09-30,0
GOOG,2023-12-31,2023,Q4,402392000000,283379000000.0,283379000000,22.4868,12488000000,12602000000,USD,USD,USD,stockanalysis_fiscal_ai,2023-12-16,2023Q4,2023-12-31,0
GOOG,2024-03-31,2024,Q1,407350000000,292844000000.0,292844000000,23.377,12415000000,12527000000,USD,USD,USD,stockanalysis_fiscal_ai,2024-03-16,2024Q1,2024-03-31,0
GOOG,2024-06-30,2024,Q2,414770000000,300753000000.0,300753000000,24.0699,12343000000,12495000000,USD,USD,USD,stockanalysis_fiscal_ai,2024-06-15,2024Q2,2024-06-30,0
GOOG,2024-09-30,2024,Q3,430266000000,314119000000.0,314119000000,25.2934,12290000000,12419000000,USD,USD,USD,stockanalysis_fiscal_ai,2024-09-15,2024Q3,2024-09-30,0
GOOG,2024-12-31,2024,Q4,450256000000,325084000000.0,325084000000,26.3269,12228000000,12348000000,USD,USD,USD,stockanalysis_fiscal_ai,2024-12-16,2024Q4,2024-12-31,0
GOOG,2025-03-31,2025,Q1,475374000000,345267000000.0,345267000000,28.091,12183000000,12291000000,USD,USD,USD,stockanalysis_fiscal_ai,2025-03-16,2025Q1,2025-03-31,0
GOOG,2025-06-30,2025,Q2,502053000000,362916000000.0,362916000000,29.7521,12122000000,12198000000,USD,USD,USD,stockanalysis_fiscal_ai,2025-06-15,2025Q2,2025-06-30,0
GOOG,2025-09-30,2025,Q3,536469000000,386867000000.0,386867000000,31.7026,12086000000,12203000000,USD,USD,USD,stockanalysis_fiscal_ai,2025-09-15,2025Q3,2025-09-30,0
GOOG,2025-12-31,2025,Q4,595281000000,415265000000.0,415265000000,33.9602,12073000000,12228000000,USD,USD,USD,stockanalysis_fiscal_ai,2025-12-16,2025Q4,2025-12-31,0
GOOG,2026-03-31,2026,Q1,703919000000,478746000000.0,478746000000,39.1196,12099000000,12238000000,USD,USD,USD,stockanalysis_fiscal_ai,2026-03-16,2026Q1,2026-03-31,0
ADI,2022-01-29,2022,Q1,51215600000,37427300000.0,37427300000,70.5987,525291000,530142000,USD,USD,USD,stockanalysis_fiscal_ai,2022-01-14,2022Q1,2022-03-31,61
ADI,2022-04-30,2022,Q2,50800700000,37099800000.0,37099800000,70.4965,522370000,526264000,USD,USD,USD,stockanalysis_fiscal_ai,2022-04-15,2022Q2,2022-06-30,61
ADI,2022-07-30,2022,Q3,50346200000,36638600000.0,36638600000,70.3844,517011000,520550000,USD,USD,USD,stockanalysis_fiscal_ai,2022-07-15,2022Q3,2022-09-30,62
ADI,2022-10-29,2022,Q4,50302400000,36465300000.0,36465300000,70.7025,512231000,515757000,USD,USD,USD,stockanalysis_fiscal_ai,2022-10-14,2022Q4,2022-12-31,63
ADI,2023-01-28,2023,Q1,50234500000,36531500000.0,36531500000,71.4645,507121000,511184000,USD,USD,USD,stockanalysis_fiscal_ai,2023-01-13,2023Q1,2023-03-31,62
ADI,2023-04-29,2023,Q2,49544700000,36013200000.0,35929700000,70.6269,504715000,508725000,USD,USD,USD,stockanalysis_fiscal_ai,2023-04-14,2023Q2,2023-06-30,62
ADI,2023-07-29,2023,Q3,49346700000,35903700000.0,35903700000,71.3079,500018000,503503000,USD,USD,USD,stockanalysis_fiscal_ai,2023-07-14,2023Q3,2023-09-30,63
ADI,2023-10-28,2023,Q4,48794500000,35565100000.0,35565100000,71.07,497073000,500424000,USD,USD,USD,stockanalysis_fiscal_ai,2023-10-13,2023Q4,2023-12-31,64
ADI,2024-02-03,2024,Q1,48388500000,35548100000.0,35548100000,71.2756,495765000,498741000,USD,USD,USD,stockanalysis_fiscal_ai,2024-01-19,2024Q1,2024-03-31,57
ADI,2024-05-04,2024,Q2,48861900000,35248800000.0,35248800000,70.705,496130000,498533000,USD,USD,USD,stockanalysis_fiscal_ai,2024-04-19,2024Q2,2024-06-30,57
ADI,2024-08-03,2024,Q3,48618400000,35190100000.0,35190100000,70.5504,496338000,498794000,USD,USD,USD,stockanalysis_fiscal_ai,2024-07-19,2024Q3,2024-09-30,58
ADI,2024-11-02,2024,Q4,48228300000,35176300000.0,35176300000,70.5329,496432000,498722000,USD,USD,USD,stockanalysis_fiscal_ai,2024-10-18,2024Q4,2024-12-31,59
ADI,2025-02-01,2025,Q1,47967500000,35070500000.0,35070500000,70.3284,496116000,498668000,USD,USD,USD,stockanalysis_fiscal_ai,2025-01-17,2025Q1,2025-03-31,58
ADI,2025-05-03,2025,Q2,47344500000,35010600000.0,35010600000,70.2741,496173000,498201000,USD,USD,USD,stockanalysis_fiscal_ai,2025-04-18,2025Q2,2025-06-30,58
ADI,2025-08-02,2025,Q3,48192600000,34085800000.0,34085800000,68.621,494390000,496726000,USD,USD,USD,stockanalysis_fiscal_ai,2025-07-18,2025Q3,2025-09-30,59
ADI,2025-11-02,2025,Q4,47992700000,33815800000.0,33815800000,68.8986,490805000,490805000,USD,USD,USD,stockanalysis_fiscal_ai,2025-10-18,2025Q4,2025-12-31,59
ADI,2026-01-31,2026,Q1,47991200000,33787300000.0,33787300000,68.7213,488874000,491656000,USD,USD,USD,stockanalysis_fiscal_ai,2026-01-16,2026Q1,2026-03-31,59
AAPL,2022-03-26,2022,Q2,350662000000,67399000000.0,67399000000,4.10886,16278800000,16403300000,USD,USD,USD,stockanalysis_fiscal_ai,2022-03-11,2022Q1,2022-03-31,5
AAPL,2022-06-25,2022,Q3,336309000000,58107000000.0,58107000000,3.57313,16162900000,16262200000,USD,USD,USD,stockanalysis_fiscal_ai,2022-06-10,2022Q2,2022-06-30,5
AAPL,2022-09-24,2022,Q4,352755000000,50672000000.0,50672000000,3.14372,16030400000,16118500000,USD,USD,USD,stockanalysis_fiscal_ai,2022-09-09,2022Q3,2022-09-30,6
AAPL,2022-12-31,2023,Q1,346747000000,56727000000.0,56727000000,3.55528,15892700000,15955700000,USD,USD,USD,stockanalysis_fiscal_ai,2022-12-16,2022Q4,2022-12-31,0
AAPL,2023-04-01,2023,Q2,332160000000,62158000000.0,62158000000,3.92237,15787200000,15847100000,USD,USD,USD,stockanalysis_fiscal_ai,2023-03-17,2023Q1,2023-03-31,1
AAPL,2023-07-01,2023,Q3,335038000000,60274000000.0,60274000000,3.82085,15697600000,15775000000,USD,USD,USD,stockanalysis_fiscal_ai,2023-06-16,2023Q2,2023-06-30,1
AAPL,2023-09-30,2023,Q4,352583000000,62146000000.0,62146000000,3.96531,15599400000,15672400000,USD,USD,USD,stockanalysis_fiscal_ai,2023-09-15,2023Q3,2023-09-30,0
AAPL,2023-12-30,2024,Q1,353514000000,74100000000.0,74100000000,4.75712,15509800000,15576600000,USD,USD,USD,stockanalysis_fiscal_ai,2023-12-15,2023Q4,2023-12-31,1
AAPL,2024-03-30,2024,Q2,337411000000,74194000000.0,74194000000,4.79763,15405900000,15464700000,USD,USD,USD,stockanalysis_fiscal_ai,2024-03-15,2024Q1,2024-03-31,1
AAPL,2024-06-29,2024,Q3,331612000000,66708000000.0,66708000000,4.34631,15287500000,15348200000,USD,USD,USD,stockanalysis_fiscal_ai,2024-06-14,2024Q2,2024-06-30,1
AAPL,2024-09-28,2024,Q4,364980000000,56950000000.0,56950000000,3.73618,15172000000,15242900000,USD,USD,USD,stockanalysis_fiscal_ai,2024-09-13,2024Q3,2024-09-30,2
AAPL,2024-12-28,2025,Q1,344085000000,66758000000.0,66758000000,4.40622,15081700000,15150900000,USD,USD,USD,stockanalysis_fiscal_ai,2024-12-13,2024Q4,2024-12-31,3
AAPL,2025-03-29,2025,Q2,331233000000,66796000000.0,66796000000,4.43646,14994100000,15056100000,USD,USD,USD,stockanalysis_fiscal_ai,2025-03-14,2025Q1,2025-03-31,2
AAPL,2025-06-28,2025,Q3,331495000000,65830000000.0,65830000000,4.40388,14902900000,14948200000,USD,USD,USD,stockanalysis_fiscal_ai,2025-06-13,2025Q2,2025-06-30,2
AAPL,2025-09-27,2025,Q4,359241000000,73733000000.0,73733000000,4.96064,14815300000,14863600000,USD,USD,USD,stockanalysis_fiscal_ai,2025-09-12,2025Q3,2025-09-30,3
AAPL,2025-12-27,2026,Q1,379297000000,88190000000.0,88190000000,5.95462,14748200000,14810400000,USD,USD,USD,stockanalysis_fiscal_ai,2025-12-12,2025Q4,2025-12-31,4
AAPL,2026-03-28,2026,Q2,371082000000,106491000000.0,106491000000,7.23156,14673300000,14725900000,USD,USD,USD,stockanalysis_fiscal_ai,2026-03-13,2026Q1,2026-03-31,3
AMAT,2022-01-30,2022,Q1,25428000000,11890000000.0,11890000000,13.2553,889000000,897000000,USD,USD,USD,stockanalysis_fiscal_ai,2022-01-15,2022Q1,2022-03-31,60
AMAT,2022-05-01,2022,Q2,25459000000,11579000000.0,11579000000,13.1133,878000000,883000000,USD,USD,USD,stockanalysis_fiscal_ai,2022-04-16,2022Q2,2022-06-30,60
AMAT,2022-07-31,2022,Q3,26161000000,12070000000.0,12070000000,13.8895,864000000,869000000,USD,USD,USD,stockanalysis_fiscal_ai,2022-07-16,2022Q3,2022-09-30,61
AMAT,2022-10-30,2022,Q4,26726000000,12194000000.0,12194000000,14.1956,854000000,859000000,USD,USD,USD,stockanalysis_fiscal_ai,2022-10-15,2022Q4,2022-12-31,62
AMAT,2023-01-29,2023,Q1,27959000000,13420000000.0,13420000000,15.8068,845000000,849000000,USD,USD,USD,stockanalysis_fiscal_ai,2023-01-14,2023Q1,2023-03-31,61
AMAT,2023-04-30,2023,Q2,29092000000,14129000000.0,14129000000,16.6812,843000000,847000000,USD,USD,USD,stockanalysis_fiscal_ai,2023-04-15,2023Q2,2023-06-30,61
AMAT,2023-07-30,2023,Q3,30410000000,15093000000.0,15093000000,17.9039,838000000,843000000,USD,USD,USD,stockanalysis_fiscal_ai,2023-07-15,2023Q3,2023-09-30,62
AMAT,2023-10-29,2023,Q4,30729000000,16349000000.0,16349000000,19.4169,836000000,842000000,USD,USD,USD,stockanalysis_fiscal_ai,2023-10-14,2023Q4,2023-12-31,63
AMAT,2024-01-28,2024,Q1,31540000000,17429000000.0,17429000000,20.8232,831000000,837000000,USD,USD,USD,stockanalysis_fiscal_ai,2024-01-13,2024Q1,2024-03-31,63
AMAT,2024-04-28,2024,Q2,31949000000,18199000000.0,18199000000,21.7691,830000000,836000000,USD,USD,USD,stockanalysis_fiscal_ai,2024-04-13,2024Q2,2024-06-30,63
AMAT,2024-07-28,2024,Q3,33647000000,18840000000.0,18840000000,22.617,826000000,833000000,USD,USD,USD,stockanalysis_fiscal_ai,2024-07-13,2024Q3,2024-09-30,64
AMAT,2024-10-27,2024,Q4,34409000000,19001000000.0,19001000000,22.9481,822000000,828000000,USD,USD,USD,stockanalysis_fiscal_ai,2024-10-12,2024Q4,2024-12-31,65
AMAT,2025-01-26,2025,Q1,33338000000,18625000000.0,18625000000,22.7411,814000000,819000000,USD,USD,USD,stockanalysis_fiscal_ai,2025-01-11,2025Q1,2025-03-31,64
AMAT,2025-04-27,2025,Q2,33632000000,18961000000.0,18961000000,23.351,809000000,812000000,USD,USD,USD,stockanalysis_fiscal_ai,2025-04-12,2025Q2,2025-06-30,64
AMAT,2025-07-27,2025,Q3,34211000000,19504000000.0,19504000000,24.3192,798000000,802000000,USD,USD,USD,stockanalysis_fiscal_ai,2025-07-12,2025Q3,2025-09-30,65
AMAT,2025-10-26,2025,Q4,36299000000,20415000000.0,20415000000,25.5827,794000000,798000000,USD,USD,USD,stockanalysis_fiscal_ai,2025-10-11,2025Q4,2025-12-31,66
AMAT,2026-01-25,2026,Q1,37644000000,21717000000.0,21717000000,27.1802,793000000,799000000,USD,USD,USD,stockanalysis_fiscal_ai,2026-01-10,2026Q1,2026-03-31,65
APP,2022-03-31,2022,Q1,6167190000,2012460000.0,2012300000,5.40986,371968000,371968000,USD,USD,USD,stockanalysis_fiscal_ai,2022-03-16,2022Q1,2022-03-31,0
APP,2022-06-30,2022,Q2,5930830000,1907280000.0,1907180000,5.10059,373913000,373913000,USD,USD,USD,stockanalysis_fiscal_ai,2022-06-15,2022Q2,2022-06-30,0
APP,2022-09-30,2022,Q3,5805400000,1881900000.0,1881900000,4.9725,369389000,378462000,USD,USD,USD,stockanalysis_fiscal_ai,2022-09-15,2022Q3,2022-09-30,0
APP,2022-12-31,2022,Q4,5847850000,1902680000.0,1902680000,5.12747,371075000,371075000,USD,USD,USD,stockanalysis_fiscal_ai,2022-12-16,2022Q4,2022-12-31,0
APP,2023-03-31,2023,Q1,5915840000,1898580000.0,1898580000,5.08784,373160000,373160000,USD,USD,USD,stockanalysis_fiscal_ai,2023-03-16,2023Q1,2023-03-31,0
APP,2023-06-30,2023,Q2,5482120000,1517400000.0,1517400000,4.14205,356957000,366340000,USD,USD,USD,stockanalysis_fiscal_ai,2023-06-15,2023Q2,2023-06-30,0
APP,2023-09-30,2023,Q3,5005230000,1095790000.0,1095790000,3.07025,341436000,356906000,USD,USD,USD,stockanalysis_fiscal_ai,2023-09-15,2023Q3,2023-09-30,0
APP,2023-12-31,2023,Q4,5359190000,1256330000.0,1256330000,3.61541,337137000,347493000,USD,USD,USD,stockanalysis_fiscal_ai,2023-12-16,2023Q4,2023-12-31,0
APP,2024-03-31,2024,Q1,5262520000,760204000.0,760204000,2.18076,335795000,348596000,USD,USD,USD,stockanalysis_fiscal_ai,2024-03-16,2024Q1,2024-03-31,0
APP,2024-06-30,2024,Q2,5269470000,814836000.0,814836000,2.34172,335682000,347964000,USD,USD,USD,stockanalysis_fiscal_ai,2024-06-15,2024Q2,2024-06-30,0
APP,2024-09-30,2024,Q3,5442480000,938206000.0,938206000,2.69425,336931000,348225000,USD,USD,USD,stockanalysis_fiscal_ai,2024-09-15,2024Q3,2024-09-30,0
APP,2024-12-31,2024,Q4,5869260000,1089820000.0,1089820000,3.14591,339168000,346424000,USD,USD,USD,stockanalysis_fiscal_ai,2024-12-16,2024Q4,2024-12-31,0
APP,2025-03-31,2025,Q1,5706700000,575421000.0,575421000,1.66848,339837000,344878000,USD,USD,USD,stockanalysis_fiscal_ai,2025-03-16,2025Q1,2025-03-31,0
APP,2025-06-30,2025,Q2,5959500000,1167130000.0,1167130000,3.41071,338617000,342194000,USD,USD,USD,stockanalysis_fiscal_ai,2025-06-15,2025Q2,2025-06-30,0
APP,2025-09-30,2025,Q3,6343040000,1473920000.0,1473920000,4.32268,338531000,340974000,USD,USD,USD,stockanalysis_fiscal_ai,2025-09-15,2025Q3,2025-09-30,0
APP,2025-12-31,2025,Q4,7259610000,2134670000.0,2134670000,6.28033,338159000,339898000,USD,USD,USD,stockanalysis_fiscal_ai,2025-12-16,2025Q4,2025-12-31,0
APP,2026-03-31,2026,Q1,7707710000,2363480000.0,2363480000,6.9775,337399000,338729000,USD,USD,USD,stockanalysis_fiscal_ai,2026-03-16,2026Q1,2026-03-31,0
ARM,2022-03-31,2022,Q4,6510000000,3548000000.0,3548000000,3.46067,,,USD,USD,USD,stockanalysis_fiscal_ai,2022-03-16,2022Q1,2022-03-31,0
ARM,2022-12-31,2023,Q3,6866000000,4051000000.0,4051000000,3.94097,1025230000.0,1027920000.0,USD,USD,USD,stockanalysis_fiscal_ai,2022-12-16,2022Q4,2022-12-31,0
ARM,2023-03-31,2023,Q4,6866000000,4051000000.0,4051000000,3.93626,1025230000.0,1029150000.0,USD,USD,USD,stockanalysis_fiscal_ai,2023-03-16,2023Q1,2023-03-31,0
ARM,2023-06-30,2024,Q1,6700000000,4221000000.0,4221000000,4.10204,1025000000.0,1029000000.0,USD,USD,USD,stockanalysis_fiscal_ai,2023-06-15,2023Q2,2023-06-30,0
ARM,2023-09-30,2024,Q2,6810000000,4773000000.0,4773000000,4.65659,1025000000.0,1025000000.0,USD,USD,USD,stockanalysis_fiscal_ai,2023-09-15,2023Q3,2023-09-30,0
ARM,2023-12-31,2024,Q3,7115000000,5004000000.0,5004000000,4.77026,1027000000.0,1049000000.0,USD,USD,USD,stockanalysis_fiscal_ai,2023-12-16,2023Q4,2023-12-31,0
ARM,2024-03-31,2024,Q4,8051000000,5276000000.0,5276000000,4.98677,1032000000.0,1058000000.0,USD,USD,USD,stockanalysis_fiscal_ai,2024-03-16,2024Q1,2024-03-31,0
ARM,2024-06-30,2025,Q1,7880000000,5663000000.0,5663000000,5.34245,1044000000.0,1060000000.0,USD,USD,USD,stockanalysis_fiscal_ai,2024-06-15,2024Q2,2024-06-30,0
ARM,2024-09-30,2025,Q2,8086000000,6012000000.0,6012000000,5.65569,1049000000.0,1063000000.0,USD,USD,USD,stockanalysis_fiscal_ai,2024-09-15,2024Q3,2024-09-30,0
ARM,2024-12-31,2025,Q3,8496000000,6419000000.0,6419000000,6.03289,1052000000.0,1064000000.0,USD,USD,USD,stockanalysis_fiscal_ai,2024-12-16,2024Q4,2024-12-31,0
ARM,2025-03-31,2025,Q4,8932000000,6839000000.0,6839000000,6.4216,1055000000.0,1065000000.0,USD,USD,USD,stockanalysis_fiscal_ai,2025-03-16,2025Q1,2025-03-31,0
ARM,2025-06-30,2026,Q1,9395000000,7007000000.0,7007000000,6.57934,1058000000.0,1065000000.0,USD,USD,USD,stockanalysis_fiscal_ai,2025-06-15,2025Q2,2025-06-30,0
ARM,2025-09-30,2026,Q2,9710000000,7407000000.0,7407000000,6.92891,1060000000.0,1069000000.0,USD,USD,USD,stockanalysis_fiscal_ai,2025-09-15,2025Q3,2025-09-30,0
ARM,2025-12-31,2026,Q3,10176000000,7798000000.0,7798000000,7.29467,1062000000.0,1069000000.0,USD,USD,USD,stockanalysis_fiscal_ai,2025-12-16,2025Q4,2025-12-31,0
ARM,2026-03-31,2026,Q4,10703000000,8286000000.0,8286000000,7.75843,1063000000.0,1068000000.0,USD,USD,USD,stockanalysis_fiscal_ai,2026-03-16,2026Q1,2026-03-31,0
ASML,2022-04-03,2022,Q1,30231800000,8810400000.0,8810400000,21.9437,401100000,401500000,USD,USD,EUR,stockanalysis_fiscal_ai,2022-03-19,2022Q1,2022-03-31,3
ASML,2022-07-03,2022,Q2,31912600000,7648600000.0,7648600000,19.1887,398300000,398600000,USD,USD,EUR,stockanalysis_fiscal_ai,2022-06-18,2022Q2,2022-06-30,3
ASML,2022-10-02,2022,Q3,32803500000,7955100000.0,7955100000,20.0582,396200000,396600000,USD,USD,EUR,stockanalysis_fiscal_ai,2022-09-17,2022Q3,2022-09-30,2
ASML,2022-12-31,2022,Q4,36300400000,8810800000.0,8810800000,22.2945,394900000,395200000,USD,USD,EUR,stockanalysis_fiscal_ai,2022-12-16,2022Q4,2022-12-31,0
ASML,2023-04-02,2023,Q1,35147600000,9786300000.0,9786300000,24.788,394500000,394800000,USD,USD,EUR,stockanalysis_fiscal_ai,2023-03-18,2023Q1,2023-03-31,2
ASML,2023-07-02,2023,Q2,36928500000,10604900000.0,10604900000,26.916,393800000,394000000,USD,USD,EUR,stockanalysis_fiscal_ai,2023-06-17,2023Q2,2023-06-30,2
ASML,2023-10-01,2023,Q3,37513500000,11994900000.0,11994900000,30.4671,393400000,393700000,USD,USD,EUR,stockanalysis_fiscal_ai,2023-09-16,2023Q3,2023-09-30,1
ASML,2023-12-31,2023,Q4,43078600000,16209500000.0,16209500000,41.1618,393400000,393800000,USD,USD,EUR,stockanalysis_fiscal_ai,2023-12-16,2023Q4,2023-12-31,0
ASML,2024-03-31,2024,Q1,39042600000,13794100000.0,13794100000,35.0371,393400000,393700000,USD,USD,EUR,stockanalysis_fiscal_ai,2024-03-16,2024Q1,2024-03-31,0
ASML,2024-06-30,2024,Q2,40741000000,14711200000.0,14711200000,37.3855,393200000,393500000,USD,USD,EUR,stockanalysis_fiscal_ai,2024-06-15,2024Q2,2024-06-30,0
ASML,2024-09-30,2024,Q3,41766100000,16151600000.0,16151600000,41.0356,393300000,393600000,USD,USD,EUR,stockanalysis_fiscal_ai,2024-09-15,2024Q3,2024-09-30,0
ASML,2024-12-31,2024,Q4,52566500000,22021900000.0,22021900000,55.9499,393300000,393600000,USD,USD,EUR,stockanalysis_fiscal_ai,2024-12-16,2024Q4,2024-12-31,0
ASML,2025-03-31,2025,Q1,45478800000,17500700000.0,17500700000,44.4989,393284000,393284000,USD,USD,EUR,stockanalysis_fiscal_ai,2025-03-16,2025Q1,2025-03-31,0
ASML,2025-06-30,2025,Q2,44849100000,17618200000.0,17618200000,45.1353,390342000,390342000,USD,USD,EUR,stockanalysis_fiscal_ai,2025-06-15,2025Q2,2025-06-30,0
ASML,2025-09-30,2025,Q3,45097100000,18993500000.0,18993500000,49.0281,387400000,387400000,USD,USD,EUR,stockanalysis_fiscal_ai,2025-09-15,2025Q3,2025-09-30,0
ASML,2025-12-31,2025,Q4,55576800000,24185000000.0,24185000000,62.4935,386500000,387000000,USD,USD,EUR,stockanalysis_fiscal_ai,2025-12-16,2025Q4,2025-12-31,0
ASML,2026-03-31,2026,Q1,48060500000,20829500000.0,20829500000,54.044,385418000,385418000,USD,USD,EUR,stockanalysis_fiscal_ai,2026-03-16,2026Q1,2026-03-31,0
ADSK,2022-01-31,2022,Q4,8607000000,849000000.0,849000000,3.84163,219000000,221000000,USD,USD,USD,stockanalysis_fiscal_ai,2022-01-16,2022Q1,2022-03-31,59
ADSK,2022-04-30,2023,Q1,8261000000,681000000.0,681000000,3.10959,217000000,219000000,USD,USD,USD,stockanalysis_fiscal_ai,2022-04-15,2022Q2,2022-06-30,61
ADSK,2022-07-31,2023,Q2,8227000000,740000000.0,740000000,3.3945,217000000,218000000,USD,USD,USD,stockanalysis_fiscal_ai,2022-07-16,2022Q3,2022-09-30,61
ADSK,2022-10-31,2023,Q3,8635000000,906000000.0,906000000,4.17512,216000000,217000000,USD,USD,USD,stockanalysis_fiscal_ai,2022-10-16,2022Q4,2022-12-31,61
ADSK,2023-01-31,2023,Q4,9438000000,1145000000.0,1145000000,5.2765,216000000,217000000,USD,USD,USD,stockanalysis_fiscal_ai,2023-01-16,2023Q1,2023-03-31,59
ADSK,2023-04-30,2024,Q1,9069000000,897000000.0,897000000,4.15278,215000000,216000000,USD,USD,USD,stockanalysis_fiscal_ai,2023-04-15,2023Q2,2023-06-30,61
ADSK,2023-07-31,2024,Q2,9107000000,1206000000.0,1206000000,5.6093,214000000,215000000,USD,USD,USD,stockanalysis_fiscal_ai,2023-07-16,2023Q3,2023-09-30,61
ADSK,2023-10-31,2024,Q3,9226000000,1482000000.0,1482000000,6.86111,214000000,216000000,USD,USD,USD,stockanalysis_fiscal_ai,2023-10-16,2023Q4,2023-12-31,61
ADSK,2024-01-31,2024,Q4,9912000000,1855000000.0,1855000000,8.58796,214000000,216000000,USD,USD,USD,stockanalysis_fiscal_ai,2024-01-16,2024Q1,2024-03-31,60
ADSK,2024-04-30,2025,Q1,9830000000,2161000000.0,2161000000,9.95853,215000000,217000000,USD,USD,USD,stockanalysis_fiscal_ai,2024-04-15,2024Q2,2024-06-30,61
ADSK,2024-07-31,2025,Q2,9960000000,2474000000.0,2474000000,11.4009,216000000,217000000,USD,USD,USD,stockanalysis_fiscal_ai,2024-07-16,2024Q3,2024-09-30,61
ADSK,2024-10-31,2025,Q3,10133000000,2616000000.0,2616000000,12.0553,215000000,217000000,USD,USD,USD,stockanalysis_fiscal_ai,2024-10-16,2024Q4,2024-12-31,61
ADSK,2025-01-31,2025,Q4,10833000000,2621000000.0,2621000000,12.0783,214000000,217000000,USD,USD,USD,stockanalysis_fiscal_ai,2025-01-16,2025Q1,2025-03-31,59
ADSK,2025-04-30,2026,Q1,10585000000,2617000000.0,2617000000,12.1157,214000000,216000000,USD,USD,USD,stockanalysis_fiscal_ai,2025-04-15,2025Q2,2025-06-30,61
ADSK,2025-07-31,2026,Q2,10856000000,2715000000.0,2715000000,12.6279,213000000,215000000,USD,USD,USD,stockanalysis_fiscal_ai,2025-07-16,2025Q3,2025-09-30,61
ADSK,2025-10-31,2026,Q3,11198000000,2893000000.0,2893000000,13.4558,213000000,215000000,USD,USD,USD,stockanalysis_fiscal_ai,2025-10-16,2025Q4,2025-12-31,61
ADSK,2026-01-31,2026,Q4,12467000000,3045000000.0,3045000000,14.229,212000000,214000000,USD,USD,USD,stockanalysis_fiscal_ai,2026-01-16,2026Q1,2026-03-31,59
AVGO,2022-01-30,2022,Q1,73224000000,22994000000.0,22968000000,5.35385,4120000000,4290000000,USD,USD,USD,stockanalysis_fiscal_ai,2022-01-15,2022Q1,2022-03-31,60
AVGO,2022-05-01,2022,Q2,71719000000,20990000000.0,20963000000,4.9441,4080000000,4240000000,USD,USD,USD,stockanalysis_fiscal_ai,2022-04-16,2022Q2,2022-06-30,60
AVGO,2022-07-31,2022,Q3,71326000000,20903000000.0,20876000000,4.85488,4050000000,4300000000,USD,USD,USD,stockanalysis_fiscal_ai,2022-07-16,2022Q3,2022-09-30,61
AVGO,2022-10-30,2022,Q4,73249000000,22709000000.0,22709000000,5.29347,4110000000,4290000000,USD,USD,USD,stockanalysis_fiscal_ai,2022-10-15,2022Q4,2022-12-31,62
AVGO,2023-01-29,2023,Q1,72976000000,23310000000.0,23310000000,5.43357,4180000000,4290000000,USD,USD,USD,stockanalysis_fiscal_ai,2023-01-14,2023Q1,2023-03-31,61
AVGO,2023-04-30,2023,Q2,71667000000,22007000000.0,22007000000,5.15386,4150000000,4270000000,USD,USD,USD,stockanalysis_fiscal_ai,2023-04-15,2023Q2,2023-06-30,61
AVGO,2023-07-30,2023,Q3,71595000000,22079000000.0,22079000000,5.17194,4130000000,4269000000,USD,USD,USD,stockanalysis_fiscal_ai,2023-07-15,2023Q3,2023-09-30,62
AVGO,2023-10-29,2023,Q4,72861000000,23988000000.0,23988000000,5.62043,4133000000,4268000000,USD,USD,USD,stockanalysis_fiscal_ai,2023-10-14,2023Q4,2023-12-31,63
AVGO,2024-02-04,2024,Q1,177870000000,70284000000.0,70284000000,15.063,4517000000,4666000000,USD,USD,USD,stockanalysis_fiscal_ai,2024-01-20,2024Q1,2024-03-31,56
AVGO,2024-05-05,2024,Q2,175211000000,69961000000.0,69961000000,14.5782,4645000000,4799000000,USD,USD,USD,stockanalysis_fiscal_ai,2024-04-20,2024Q2,2024-06-30,56
AVGO,2024-08-04,2024,Q3,167966000000,65651000000.0,65651000000,14.0791,4663000000,4663000000,USD,USD,USD,stockanalysis_fiscal_ai,2024-07-20,2024Q3,2024-09-30,57
AVGO,2024-11-03,2024,Q4,165645000000,67678000000.0,67678000000,14.0178,4679000000,4828000000,USD,USD,USD,stockanalysis_fiscal_ai,2024-10-19,2024Q4,2024-12-31,58
AVGO,2025-02-02,2025,Q1,165358000000,69789000000.0,69789000000,14.4311,4695000000,4836000000,USD,USD,USD,stockanalysis_fiscal_ai,2025-01-18,2025Q1,2025-03-31,57
AVGO,2025-05-04,2025,Q2,164630000000,69586000000.0,69586000000,14.419,4707000000,4826000000,USD,USD,USD,stockanalysis_fiscal_ai,2025-04-19,2025Q2,2025-06-30,57
AVGO,2025-08-03,2025,Q3,165621000000,73277000000.0,73277000000,15.0776,4714000000,4860000000,USD,USD,USD,stockanalysis_fiscal_ai,2025-07-19,2025Q3,2025-09-30,58
AVGO,2025-11-02,2025,Q4,171092000000,81292000000.0,81292000000,16.6275,4732000000,4889000000,USD,USD,USD,stockanalysis_fiscal_ai,2025-10-18,2025Q4,2025-12-31,59
AVGO,2026-02-01,2026,Q1,169903000000,79867000000.0,79867000000,16.3394,4741000000,4888000000,USD,USD,USD,stockanalysis_fiscal_ai,2026-01-17,2026Q1,2026-03-31,58
CDNS,2022-04-02,2022,Q1,4395070000,2760180000.0,2760180000,9.96751,272431000,276918000,USD,USD,USD,stockanalysis_fiscal_ai,2022-03-18,2022Q1,2022-03-31,2
CDNS,2022-07-02,2022,Q2,4361270000,2625230000.0,2625230000,9.54032,271520000,275172000,USD,USD,USD,stockanalysis_fiscal_ai,2022-06-17,2022Q2,2022-06-30,2
CDNS,2022-10-01,2022,Q3,4968090000,2708130000.0,2708130000,9.84928,271131000,274957000,USD,USD,USD,stockanalysis_fiscal_ai,2022-09-16,2022Q3,2022-09-30,1
CDNS,2022-12-31,2022,Q4,5137070000,2745110000.0,2745110000,10.0555,269709000,272997000,USD,USD,USD,stockanalysis_fiscal_ai,2022-12-16,2022Q4,2022-12-31,0
CDNS,2023-03-31,2023,Q1,5171620000,2940880000.0,2940880000,10.7662,269501000,273159000,USD,USD,USD,stockanalysis_fiscal_ai,2023-03-16,2023Q1,2023-03-31,0
CDNS,2023-06-30,2023,Q2,5155120000,2908460000.0,2908460000,10.6538,269714000,272996000,USD,USD,USD,stockanalysis_fiscal_ai,2023-06-15,2023Q2,2023-06-30,0
CDNS,2023-09-30,2023,Q3,5431380000,3113890000.0,3113890000,11.4302,269229000,272427000,USD,USD,USD,stockanalysis_fiscal_ai,2023-09-15,2023Q3,2023-09-30,0
CDNS,2023-12-31,2023,Q4,5669490000,3404270000.0,3404270000,12.4965,269088000,272419000,USD,USD,USD,stockanalysis_fiscal_ai,2023-12-16,2023Q4,2023-12-31,0
CDNS,2024-03-31,2024,Q1,5722130000,3567600000.0,3567600000,13.0421,269606000,273544000,USD,USD,USD,stockanalysis_fiscal_ai,2024-03-16,2024Q1,2024-03-31,0
CDNS,2024-06-30,2024,Q2,7225740000,4260890000.0,4260890000,15.578,270912000,273520000,USD,USD,USD,stockanalysis_fiscal_ai,2024-06-15,2024Q2,2024-06-30,0
CDNS,2024-09-30,2024,Q3,9167030000,4563340000.0,4563340000,16.6571,272244000,273958000,USD,USD,USD,stockanalysis_fiscal_ai,2024-09-15,2024Q3,2024-09-30,0
CDNS,2024-12-31,2024,Q4,8974480000,4673580000.0,4673580000,17.0387,272069000,274292000,USD,USD,USD,stockanalysis_fiscal_ai,2024-12-16,2024Q4,2024-12-31,0
CDNS,2025-03-31,2025,Q1,9013490000,4776260000.0,4776260000,17.4551,271973000,273631000,USD,USD,USD,stockanalysis_fiscal_ai,2025-03-16,2025Q1,2025-03-31,0
CDNS,2025-06-30,2025,Q2,9508700000,5006540000.0,5006540000,18.3458,272899000,272899000,USD,USD,USD,stockanalysis_fiscal_ai,2025-06-15,2025Q2,2025-06-30,0
CDNS,2025-09-30,2025,Q3,9599270000,5199000000.0,5199000000,18.9885,271152000,273798000,USD,USD,USD,stockanalysis_fiscal_ai,2025-09-15,2025Q3,2025-09-30,0
CDNS,2025-12-31,2025,Q4,10153100000,5474180000.0,5474180000,20.0569,270924000,272932000,USD,USD,USD,stockanalysis_fiscal_ai,2025-12-16,2025Q4,2025-12-31,0
CDNS,2026-03-31,2026,Q1,12098400000,6561460000.0,6561460000,23.971,272061000,273725000,USD,USD,USD,stockanalysis_fiscal_ai,2026-03-16,2026Q1,2026-03-31,0
CTSH,2022-03-31,2022,Q1,17434000000,11973000000.0,11973000000,22.8057,,,USD,USD,USD,stockanalysis_fiscal_ai,2022-03-16,2022Q1,2022-03-31,0
CTSH,2022-06-30,2022,Q2,17258000000,11950000000.0,11950000000,22.9367,,,USD,USD,USD,stockanalysis_fiscal_ai,2022-06-15,2022Q2,2022-06-30,0
CTSH,2022-09-30,2022,Q3,17347000000,11958000000.0,11958000000,23.1296,,,USD,USD,USD,stockanalysis_fiscal_ai,2022-09-15,2022Q3,2022-09-30,0
CTSH,2022-12-31,2022,Q4,17852000000,12309000000.0,12309000000,23.9942,,,USD,USD,USD,stockanalysis_fiscal_ai,2022-12-16,2022Q4,2022-12-31,0
CTSH,2023-03-31,2023,Q1,18147000000,12661000000.0,12661000000,24.8743,,,USD,USD,USD,stockanalysis_fiscal_ai,2023-03-16,2023Q1,2023-03-31,0
CTSH,2023-06-30,2023,Q2,17967000000,12903000000.0,12903000000,25.4497,,,USD,USD,USD,stockanalysis_fiscal_ai,2023-06-15,2023Q2,2023-06-30,0
CTSH,2023-09-30,2023,Q3,18079000000,12882000000.0,12882000000,25.5089,,,USD,USD,USD,stockanalysis_fiscal_ai,2023-09-15,2023Q3,2023-09-30,0
CTSH,2023-12-31,2023,Q4,18483000000,13227000000.0,13227000000,26.4012,,,USD,USD,USD,stockanalysis_fiscal_ai,2023-12-16,2023Q4,2023-12-31,0
CTSH,2024-03-31,2024,Q1,18408000000,13490000000.0,13490000000,27.0884,,,USD,USD,USD,stockanalysis_fiscal_ai,2024-03-16,2024Q1,2024-03-31,0
CTSH,2024-06-30,2024,Q2,18580000000,13898000000.0,13898000000,27.9076,,,USD,USD,USD,stockanalysis_fiscal_ai,2024-06-15,2024Q2,2024-06-30,0
CTSH,2024-09-30,2024,Q3,20164000000,14452000000.0,14452000000,29.1371,,,USD,USD,USD,stockanalysis_fiscal_ai,2024-09-15,2024Q3,2024-09-30,0
CTSH,2024-12-31,2024,Q4,19966000000,14408000000.0,14408000000,29.0484,,,USD,USD,USD,stockanalysis_fiscal_ai,2024-12-16,2024Q4,2024-12-31,0
CTSH,2025-03-31,2025,Q1,19967000000,14899000000.0,14899000000,30.099,,,USD,USD,USD,stockanalysis_fiscal_ai,2025-03-16,2025Q1,2025-03-31,0
CTSH,2025-06-30,2025,Q2,20164000000,15288000000.0,15288000000,31.0732,,,USD,USD,USD,stockanalysis_fiscal_ai,2025-06-15,2025Q2,2025-06-30,0
CTSH,2025-09-30,2025,Q3,20134000000,14897000000.0,14897000000,30.5893,,,USD,USD,USD,stockanalysis_fiscal_ai,2025-09-15,2025Q3,2025-09-30,0
CTSH,2025-12-31,2025,Q4,20692000000,15015000000.0,15015000000,31.1515,,,USD,USD,USD,stockanalysis_fiscal_ai,2025-12-16,2025Q4,2025-12-31,0
CTSH,2026-03-31,2026,Q1,20500000000,15068000000.0,15068000000,31.5891,,,USD,USD,USD,stockanalysis_fiscal_ai,2026-03-16,2026Q1,2026-03-31,0
CRWD,2022-01-31,2022,Q4,3618380000,1037640000.0,1025760000,1.1166,918648000,918648000,USD,USD,USD,stockanalysis_fiscal_ai,2022-01-16,2022Q1,2022-03-31,59
CRWD,2022-04-30,2023,Q1,3835840000,1117000000.0,1102540000,1.1923,924716000,924716000,USD,USD,USD,stockanalysis_fiscal_ai,2022-04-15,2022Q2,2022-06-30,61
CRWD,2022-07-31,2023,Q2,4154240000,1243350000.0,1225420000,1.31735,930216000,930216000,USD,USD,USD,stockanalysis_fiscal_ai,2022-07-16,2022Q3,2022-09-30,61
CRWD,2022-10-31,2023,Q3,4469440000,1337630000.0,1314290000,1.40545,935140000,935140000,USD,USD,USD,stockanalysis_fiscal_ai,2022-10-16,2022Q4,2022-12-31,61
CRWD,2023-01-31,2023,Q4,5026540000,1487430000.0,1463640000,1.55689,940108000,940108000,USD,USD,USD,stockanalysis_fiscal_ai,2023-01-16,2023Q1,2023-03-31,59
CRWD,2023-04-30,2024,Q1,5137860000,1634360000.0,1605300000,1.66803,945656000,962392000,USD,USD,USD,stockanalysis_fiscal_ai,2023-04-15,2023Q2,2023-06-30,61
CRWD,2023-07-31,2024,Q2,5520460000,1870100000.0,1838210000,1.89784,951644000,968576000,USD,USD,USD,stockanalysis_fiscal_ai,2023-07-16,2023Q3,2023-09-30,61
CRWD,2023-10-31,2024,Q3,5831060000,2060850000.0,2028950000,2.08056,957188000,975196000,USD,USD,USD,stockanalysis_fiscal_ai,2023-10-16,2023Q4,2023-12-31,61
CRWD,2024-01-31,2024,Q4,6646520000,2337090000.0,2303950000,2.32313,963424000,991744000,USD,USD,USD,stockanalysis_fiscal_ai,2024-01-16,2024Q1,2024-03-31,60
CRWD,2024-04-30,2025,Q1,6841990000,2568780000.0,2535540000,2.53388,969556000,1000660000,USD,USD,USD,stockanalysis_fiscal_ai,2024-04-15,2024Q2,2024-06-30,61
CRWD,2024-07-31,2025,Q2,7202470000,2890590000.0,2852920000,2.83855,976364000,1005060000,USD,USD,USD,stockanalysis_fiscal_ai,2024-07-16,2024Q3,2024-09-30,61
CRWD,2024-10-31,2025,Q3,7782960000,3095610000.0,3057930000,3.11353,982144000,982144000,USD,USD,USD,stockanalysis_fiscal_ai,2024-10-16,2024Q4,2024-12-31,61
CRWD,2025-01-31,2025,Q4,8701580000,3318920000.0,3279490000,3.32023,987732000,987732000,USD,USD,USD,stockanalysis_fiscal_ai,2025-01-16,2025Q1,2025-03-31,59
CRWD,2025-04-30,2026,Q1,8720360000,3491010000.0,3450880000,3.47266,993728000,993728000,USD,USD,USD,stockanalysis_fiscal_ai,2025-04-15,2025Q2,2025-06-30,61
CRWD,2025-07-31,2026,Q2,9288860000,3794690000.0,3756680000,3.75805,999636000,999636000,USD,USD,USD,stockanalysis_fiscal_ai,2025-07-16,2025Q3,2025-09-30,61
CRWD,2025-10-31,2026,Q3,9965350000,4059020000.0,4016500000,3.99531,1005300000,1005300000,USD,USD,USD,stockanalysis_fiscal_ai,2025-10-16,2025Q4,2025-12-31,61
CRWD,2026-01-31,2026,Q4,11086700000,4472610000.0,4428390000,4.28886,1010260000,1032530000,USD,USD,USD,stockanalysis_fiscal_ai,2026-01-16,2026Q1,2026-03-31,59
DDOG,2022-03-31,2022,Q1,2529020000,1116860000.0,1116860000,3.23101,313456000,345668000,USD,USD,USD,stockanalysis_fiscal_ai,2022-03-16,2022Q1,2022-03-31,0
DDOG,2022-06-30,2022,Q2,2654490000,1215120000.0,1215120000,3.86004,314795000,314795000,USD,USD,USD,stockanalysis_fiscal_ai,2022-06-15,2022Q2,2022-06-30,0
DDOG,2022-09-30,2022,Q3,2797600000,1289440000.0,1289440000,4.08063,315990000,315990000,USD,USD,USD,stockanalysis_fiscal_ai,2022-09-15,2022Q3,2022-09-30,0
DDOG,2022-12-31,2022,Q4,3004850000,1410510000.0,1410510000,4.44466,317348000,317348000,USD,USD,USD,stockanalysis_fiscal_ai,2022-12-16,2022Q4,2022-12-31,0
DDOG,2023-03-31,2023,Q1,3139740000,1512100000.0,1512100000,4.73588,319286000,319286000,USD,USD,USD,stockanalysis_fiscal_ai,2023-03-16,2023Q1,2023-03-31,0
DDOG,2023-06-30,2023,Q2,3312170000,1649360000.0,1649360000,5.11882,322215000,322215000,USD,USD,USD,stockanalysis_fiscal_ai,2023-06-15,2023Q2,2023-06-30,0
DDOG,2023-09-30,2023,Q3,3543300000,1806480000.0,1806480000,5.14213,325557000,351309000,USD,USD,USD,stockanalysis_fiscal_ai,2023-09-15,2023Q3,2023-09-30,0
DDOG,2023-12-31,2023,Q4,3936070000,2025350000.0,2025350000,5.73906,328895000,352907000,USD,USD,USD,stockanalysis_fiscal_ai,2023-12-16,2023Q4,2023-12-31,0
DDOG,2024-03-31,2024,Q1,4141470000,2202360000.0,2202360000,6.18676,331806000,355979000,USD,USD,USD,stockanalysis_fiscal_ai,2024-03-16,2024Q1,2024-03-31,0
DDOG,2024-06-30,2024,Q2,4412390000,2407310000.0,2407310000,6.74807,334941000,356740000,USD,USD,USD,stockanalysis_fiscal_ai,2024-06-15,2024Q2,2024-06-30,0
DDOG,2024-09-30,2024,Q3,4631470000,2629150000.0,2629150000,7.35148,337562000,357635000,USD,USD,USD,stockanalysis_fiscal_ai,2024-09-15,2024Q3,2024-09-30,0
DDOG,2024-12-31,2024,Q4,5785340000,2714360000.0,2714360000,7.52026,340320000,360940000,USD,USD,USD,stockanalysis_fiscal_ai,2024-12-16,2024Q4,2024-12-31,0
DDOG,2025-03-31,2025,Q1,6010380000,2916670000.0,2916670000,8.03319,343097000,363078000,USD,USD,USD,stockanalysis_fiscal_ai,2025-03-16,2025Q1,2025-03-31,0
DDOG,2025-06-30,2025,Q2,5822420000,3195760000.0,3195760000,8.90865,346185000,358725000,USD,USD,USD,stockanalysis_fiscal_ai,2025-06-15,2025Q2,2025-06-30,0
DDOG,2025-09-30,2025,Q3,6052470000,3439120000.0,3439120000,9.5003,348645000,362001000,USD,USD,USD,stockanalysis_fiscal_ai,2025-09-15,2025Q3,2025-09-30,0
DDOG,2025-12-31,2025,Q4,6643840000,3732210000.0,3732210000,10.2108,350892000,365516000,USD,USD,USD,stockanalysis_fiscal_ai,2025-12-16,2025Q4,2025-12-31,0
DDOG,2026-03-31,2026,Q1,6952010000,3988220000.0,3988220000,10.9347,353272000,364731000,USD,USD,USD,stockanalysis_fiscal_ai,2026-03-16,2026Q1,2026-03-31,0
DASH,2022-03-31,2022,Q1,6822000000,4652000000.0,4652000000,13.3212,349219000,349219000,USD,USD,USD,stockanalysis_fiscal_ai,2022-03-16,2022Q1,2022-03-31,0
DASH,2022-06-30,2022,Q2,9928000000,7410000000.0,7410000000,20.3593,363961000,363961000,USD,USD,USD,stockanalysis_fiscal_ai,2022-06-15,2022Q2,2022-06-30,0
DASH,2022-09-30,2022,Q3,9552000000,6841000000.0,6825000000,17.7385,384756000,384756000,USD,USD,USD,stockanalysis_fiscal_ai,2022-09-15,2022Q3,2022-09-30,0
DASH,2022-12-31,2022,Q4,9789000000,6768000000.0,6754000000,17.4373,387331000,387331000,USD,USD,USD,stockanalysis_fiscal_ai,2022-12-16,2022Q4,2022-12-31,0
DASH,2023-03-31,2023,Q1,9646000000,6531000000.0,6518000000,16.6958,390397000,390397000,USD,USD,USD,stockanalysis_fiscal_ai,2023-03-16,2023Q1,2023-03-31,0
DASH,2023-06-30,2023,Q2,9601000000,6407000000.0,6396000000,16.5544,386364000,386364000,USD,USD,USD,stockanalysis_fiscal_ai,2023-06-15,2023Q2,2023-06-30,0
DASH,2023-09-30,2023,Q3,10013000000,6568000000.0,6559000000,16.6804,393217000,393217000,USD,USD,USD,stockanalysis_fiscal_ai,2023-09-15,2023Q3,2023-09-30,0
DASH,2023-12-31,2023,Q4,10839000000,6813000000.0,6806000000,17.0433,399336000,399336000,USD,USD,USD,stockanalysis_fiscal_ai,2023-12-16,2023Q4,2023-12-31,0
DASH,2024-03-31,2024,Q1,11450000000,7021000000.0,6999000000,17.2609,405482000,405482000,USD,USD,USD,stockanalysis_fiscal_ai,2024-03-16,2024Q1,2024-03-31,0
DASH,2024-06-30,2024,Q2,11837000000,7172000000.0,7162000000,17.3348,413158000,413158000,USD,USD,USD,stockanalysis_fiscal_ai,2024-06-15,2024Q2,2024-06-30,0
DASH,2024-09-30,2024,Q3,12277000000,7578000000.0,7569000000,17.6861,413106000,427962000,USD,USD,USD,stockanalysis_fiscal_ai,2024-09-15,2024Q3,2024-09-30,0
DASH,2024-12-31,2024,Q4,12845000000,7810000000.0,7803000000,18.0192,417056000,433039000,USD,USD,USD,stockanalysis_fiscal_ai,2024-12-16,2024Q4,2024-12-31,0
DASH,2025-03-31,2025,Q1,13572000000,8395000000.0,8389000000,19.2601,421422000,435563000,USD,USD,USD,stockanalysis_fiscal_ai,2025-03-16,2025Q1,2025-03-31,0
DASH,2025-06-30,2025,Q2,16950000000,8928000000.0,8923000000,20.3507,425373000,438462000,USD,USD,USD,stockanalysis_fiscal_ai,2025-06-15,2025Q2,2025-06-30,0
DASH,2025-09-30,2025,Q3,17971000000,9508000000.0,9495000000,21.491,428911000,441812000,USD,USD,USD,stockanalysis_fiscal_ai,2025-09-15,2025Q3,2025-09-30,0
DASH,2025-12-31,2025,Q4,19659000000,10046000000.0,10033000000,22.6556,432583000,442849000,USD,USD,USD,stockanalysis_fiscal_ai,2025-12-16,2025Q4,2025-12-31,0
DASH,2026-03-31,2026,Q1,19711000000,10210000000.0,10198000000,23.0554,435429000,442326000,USD,USD,USD,stockanalysis_fiscal_ai,2026-03-16,2026Q1,2026-03-31,0
FTNT,2022-03-31,2022,Q1,5651100000,233200000.0,217700000,0.265229,803400000,820800000,USD,USD,USD,stockanalysis_fiscal_ai,2022-03-16,2022Q1,2022-03-31,0
FTNT,2022-06-30,2022,Q2,5294500000,-379600000.0,-392900000,-0.485002,795400000,810100000,USD,USD,USD,stockanalysis_fiscal_ai,2022-06-15,2022Q2,2022-06-30,0
FTNT,2022-09-30,2022,Q3,5335900000,-622800000.0,-634700000,-0.794766,786200000,798600000,USD,USD,USD,stockanalysis_fiscal_ai,2022-09-15,2022Q3,2022-09-30,0
FTNT,2022-12-31,2022,Q4,6228000000,-281600000.0,-281600000,-0.355645,780900000,791800000,USD,USD,USD,stockanalysis_fiscal_ai,2022-12-16,2022Q4,2022-12-31,0
FTNT,2023-03-31,2023,Q1,6832300000,11400000.0,11400000,0.0143685,783200000,793400000,USD,USD,USD,stockanalysis_fiscal_ai,2023-03-16,2023Q1,2023-03-31,0
FTNT,2023-06-30,2023,Q2,7486100000,321200000.0,321200000,0.403568,785000000,795900000,USD,USD,USD,stockanalysis_fiscal_ai,2023-06-15,2023Q2,2023-06-30,0
FTNT,2023-09-30,2023,Q3,7479300000,74100000.0,74100000,0.0936552,781200000,791200000,USD,USD,USD,stockanalysis_fiscal_ai,2023-09-15,2023Q3,2023-09-30,0
FTNT,2023-12-31,2023,Q4,7258900000,-463400000.0,-463400000,-0.600026,764400000,772300000,USD,USD,USD,stockanalysis_fiscal_ai,2023-12-16,2023Q4,2023-12-31,0
FTNT,2024-03-31,2024,Q1,7662100000,-137500000.0,-137500000,-0.178456,762400000,770500000,USD,USD,USD,stockanalysis_fiscal_ai,2024-03-16,2024Q1,2024-03-31,0
FTNT,2024-06-30,2024,Q2,8052900000,288200000.0,288200000,0.374334,763800000,769900000,USD,USD,USD,stockanalysis_fiscal_ai,2024-06-15,2024Q2,2024-06-30,0
FTNT,2024-09-30,2024,Q3,8852000000,908100000.0,908100000,1.17645,765000000,771900000,USD,USD,USD,stockanalysis_fiscal_ai,2024-09-15,2024Q3,2024-09-30,0
FTNT,2024-12-31,2024,Q4,9763100000,1493800000.0,1493800000,1.92699,766500000,775200000,USD,USD,USD,stockanalysis_fiscal_ai,2024-12-16,2024Q4,2024-12-31,0
FTNT,2025-03-31,2025,Q1,10407000000,1962900000.0,1962900000,2.52691,768300000,776800000,USD,USD,USD,stockanalysis_fiscal_ai,2025-03-16,2025Q1,2025-03-31,0
FTNT,2025-06-30,2025,Q2,10641400000,2060400000.0,2060400000,2.66649,765500000,772700000,USD,USD,USD,stockanalysis_fiscal_ai,2025-06-15,2025Q2,2025-06-30,0
FTNT,2025-09-30,2025,Q3,9361300000,735100000.0,735100000,0.965712,755500000,761200000,USD,USD,USD,stockanalysis_fiscal_ai,2025-09-15,2025Q3,2025-09-30,0
FTNT,2025-12-31,2025,Q4,10389200000,1237500000.0,1237500000,1.65441,743100000,748000000,USD,USD,USD,stockanalysis_fiscal_ai,2025-12-16,2025Q4,2025-12-31,0
FTNT,2026-03-31,2026,Q1,9883500000,989700000.0,989700000,1.33239,738800000,742800000,USD,USD,USD,stockanalysis_fiscal_ai,2026-03-16,2026Q1,2026-03-31,0
INTC,2022-04-02,2022,Q1,176356000000,103136000000.0,103136000000,25.1122,4079000000,4107000000,USD,USD,USD,stockanalysis_fiscal_ai,2022-03-18,2022Q1,2022-03-31,2
INTC,2022-07-02,2022,Q2,170418000000,101218000000.0,101218000000,24.6873,4100000000,4100000000,USD,USD,USD,stockanalysis_fiscal_ai,2022-06-17,2022Q2,2022-06-30,2
INTC,2022-10-01,2022,Q3,174841000000,99885000000.0,99885000000,24.2145,4118000000,4125000000,USD,USD,USD,stockanalysis_fiscal_ai,2022-09-16,2022Q3,2022-09-30,1
INTC,2022-12-31,2022,Q4,182103000000,103286000000.0,101423000000,24.5398,4133000000,4133000000,USD,USD,USD,stockanalysis_fiscal_ai,2022-12-16,2022Q4,2022-12-31,0
INTC,2023-04-01,2023,Q1,185303000000,100403000000.0,98059000000,23.6059,4154000000,4154000000,USD,USD,USD,stockanalysis_fiscal_ai,2023-03-17,2023Q1,2023-03-31,1
INTC,2023-07-01,2023,Q2,185629000000,104471000000.0,101017000000,24.0746,4182000000,4196000000,USD,USD,USD,stockanalysis_fiscal_ai,2023-06-16,2023Q2,2023-06-30,1
INTC,2023-09-30,2023,Q3,188837000000,105686000000.0,101813000000,24.075,4202000000,4229000000,USD,USD,USD,stockanalysis_fiscal_ai,2023-09-15,2023Q3,2023-09-30,0
INTC,2023-12-30,2023,Q4,191572000000,109965000000.0,105590000000,24.7864,4222000000,4260000000,USD,USD,USD,stockanalysis_fiscal_ai,2023-12-15,2023Q4,2023-12-31,1
INTC,2024-03-30,2024,Q1,192733000000,110756000000.0,105973000000,24.9818,4242000000,4242000000,USD,USD,USD,stockanalysis_fiscal_ai,2024-03-15,2024Q1,2024-03-31,1
INTC,2024-06-29,2024,Q2,206205000000,120434000000.0,115229000000,27.0047,4267000000,4267000000,USD,USD,USD,stockanalysis_fiscal_ai,2024-06-14,2024Q2,2024-06-30,1
INTC,2024-09-28,2024,Q3,193542000000,104864000000.0,99532000000,23.1901,4292000000,4292000000,USD,USD,USD,stockanalysis_fiscal_ai,2024-09-13,2024Q3,2024-09-30,2
INTC,2024-12-28,2024,Q4,196485000000,105032000000.0,99270000000,22.9845,4319000000,4319000000,USD,USD,USD,stockanalysis_fiscal_ai,2024-12-13,2024Q4,2024-12-31,3
INTC,2025-03-29,2025,Q1,192242000000,106413000000.0,99756000000,22.9694,4343000000,4343000000,USD,USD,USD,stockanalysis_fiscal_ai,2025-03-14,2025Q1,2025-03-31,2
INTC,2025-06-28,2025,Q2,192520000000,105751000000.0,97883000000,22.404,4369000000,4369000000,USD,USD,USD,stockanalysis_fiscal_ai,2025-06-13,2025Q2,2025-06-30,2
INTC,2025-09-27,2025,Q3,204514000000,116730000000.0,106376000000,23.4774,4514000000,4531000000,USD,USD,USD,stockanalysis_fiscal_ai,2025-09-12,2025Q3,2025-09-30,3
INTC,2025-12-27,2025,Q4,211429000000,126360000000.0,114281000000,23.534,4856000000,4856000000,USD,USD,USD,stockanalysis_fiscal_ai,2025-12-12,2025Q4,2025-12-31,4
INTC,2026-03-28,2026,Q1,205332000000,124989000000.0,111394000000,21.915,5083000000,5083000000,USD,USD,USD,stockanalysis_fiscal_ai,2026-03-13,2026Q1,2026-03-31,3
INTU,2022-01-31,2022,Q2,26303000000,15595000000.0,15595000000,54.338,283000000,287000000,USD,USD,USD,stockanalysis_fiscal_ai,2022-01-16,2022Q1,2022-03-31,59
INTU,2022-04-30,2022,Q3,28514000000,16961000000.0,16961000000,59.3042,282000000,286000000,USD,USD,USD,stockanalysis_fiscal_ai,2022-04-15,2022Q2,2022-06-30,61
INTU,2022-07-31,2022,Q4,27734000000,16441000000.0,16441000000,58.3014,282000000,282000000,USD,USD,USD,stockanalysis_fiscal_ai,2022-07-16,2022Q3,2022-09-30,61
INTU,2022-10-31,2023,Q1,27085000000,16067000000.0,16067000000,56.5739,281000000,284000000,USD,USD,USD,stockanalysis_fiscal_ai,2022-10-16,2022Q4,2022-12-31,61
INTU,2023-01-31,2023,Q2,27202000000,15842000000.0,15842000000,56.1773,281000000,282000000,USD,USD,USD,stockanalysis_fiscal_ai,2023-01-16,2023Q1,2023-03-31,59
INTU,2023-04-30,2023,Q3,28921000000,17592000000.0,17592000000,62.1625,281000000,283000000,USD,USD,USD,stockanalysis_fiscal_ai,2023-04-15,2023Q2,2023-06-30,61
INTU,2023-07-31,2023,Q4,27780000000,17269000000.0,17269000000,61.0212,280000000,283000000,USD,USD,USD,stockanalysis_fiscal_ai,2023-07-16,2023Q3,2023-09-30,61
INTU,2023-10-31,2024,Q1,28488000000,16992000000.0,16992000000,60.0424,280000000,283000000,USD,USD,USD,stockanalysis_fiscal_ai,2023-10-16,2023Q4,2023-12-31,61
INTU,2024-01-31,2024,Q2,29688000000,16908000000.0,16908000000,59.5352,280000000,284000000,USD,USD,USD,stockanalysis_fiscal_ai,2024-01-16,2024Q1,2024-03-31,60
INTU,2024-04-30,2024,Q3,31560000000,18757000000.0,18757000000,66.0458,280000000,284000000,USD,USD,USD,stockanalysis_fiscal_ai,2024-04-15,2024Q2,2024-06-30,61
INTU,2024-07-31,2024,Q4,32132000000,18436000000.0,18436000000,65.8429,280000000,280000000,USD,USD,USD,stockanalysis_fiscal_ai,2024-07-16,2024Q3,2024-09-30,61
INTU,2024-10-31,2025,Q1,33193000000,18136000000.0,18136000000,64.0848,280000000,283000000,USD,USD,USD,stockanalysis_fiscal_ai,2024-10-16,2024Q4,2024-12-31,61
INTU,2025-01-31,2025,Q2,31682000000,17949000000.0,17949000000,63.424,280000000,283000000,USD,USD,USD,stockanalysis_fiscal_ai,2025-01-16,2025Q1,2025-03-31,59
INTU,2025-04-30,2025,Q3,36593000000,20125000000.0,20125000000,71.3652,280000000,282000000,USD,USD,USD,stockanalysis_fiscal_ai,2025-04-15,2025Q2,2025-06-30,61
INTU,2025-07-31,2025,Q4,36958000000,19710000000.0,19710000000,69.8936,279000000,282000000,USD,USD,USD,stockanalysis_fiscal_ai,2025-07-16,2025Q3,2025-09-30,61
INTU,2025-10-31,2026,Q1,33191000000,19322000000.0,19322000000,68.7616,279000000,281000000,USD,USD,USD,stockanalysis_fiscal_ai,2025-10-16,2025Q4,2025-12-31,61
INTU,2026-01-31,2026,Q2,34282000000,19055000000.0,19055000000,68.0536,278000000,280000000,USD,USD,USD,stockanalysis_fiscal_ai,2026-01-16,2026Q1,2026-03-31,59
KLAC,2022-03-31,2022,Q3,12017800000,4078620000.0,4080310000,2.69887,1501450000,1511860000,USD,USD,USD,stockanalysis_fiscal_ai,2022-03-16,2022Q1,2022-03-31,0
KLAC,2022-06-30,2022,Q4,12597100000,1399090000.0,1401350000,0.939357,1482260000,1491820000,USD,USD,USD,stockanalysis_fiscal_ai,2022-06-15,2022Q2,2022-06-30,0
KLAC,2022-09-30,2023,Q1,13123700000,2102070000.0,2102070000,1.47449,1418290000,1425630000,USD,USD,USD,stockanalysis_fiscal_ai,2022-09-15,2022Q3,2022-09-30,0
KLAC,2022-12-31,2023,Q2,13729100000,2603260000.0,2603260000,1.83372,1412990000,1419660000,USD,USD,USD,stockanalysis_fiscal_ai,2022-12-16,2022Q4,2022-12-31,0
KLAC,2023-03-31,2023,Q3,13683500000,2682780000.0,2682780000,1.935,1378650000,1386450000,USD,USD,USD,stockanalysis_fiscal_ai,2023-03-16,2023Q1,2023-03-31,0
KLAC,2023-06-30,2023,Q4,14072400000,2919750000.0,2919750000,2.12005,1368850000,1377210000,USD,USD,USD,stockanalysis_fiscal_ai,2023-06-15,2023Q2,2023-06-30,0
KLAC,2023-09-30,2024,Q1,14136800000,2990220000.0,2990220000,2.18098,1364120000,1371040000,USD,USD,USD,stockanalysis_fiscal_ai,2023-09-15,2023Q3,2023-09-30,0
KLAC,2023-12-31,2024,Q2,14280500000,3043710000.0,3043710000,2.23385,1355390000,1362540000,USD,USD,USD,stockanalysis_fiscal_ai,2023-12-16,2023Q4,2023-12-31,0
KLAC,2024-03-31,2024,Q3,14957300000,3094890000.0,3094890000,2.27806,1349540000,1358560000,USD,USD,USD,stockanalysis_fiscal_ai,2024-03-16,2024Q1,2024-03-31,0
KLAC,2024-06-30,2024,Q4,15433600000,3368330000.0,3368330000,2.48875,1344620000,1353420000,USD,USD,USD,stockanalysis_fiscal_ai,2024-06-15,2024Q2,2024-06-30,0
KLAC,2024-09-30,2025,Q1,15681700000,3559710000.0,3559710000,2.6396,1341340000,1348580000,USD,USD,USD,stockanalysis_fiscal_ai,2024-09-15,2024Q3,2024-09-30,0
KLAC,2024-12-31,2025,Q2,15001700000,3584550000.0,3584550000,2.67651,1333270000,1339260000,USD,USD,USD,stockanalysis_fiscal_ai,2024-12-16,2024Q4,2024-12-31,0
KLAC,2025-03-31,2025,Q3,15188300000,4004740000.0,4004740000,3.00424,1326070000,1333030000,USD,USD,USD,stockanalysis_fiscal_ai,2025-03-16,2025Q1,2025-03-31,0
KLAC,2025-06-30,2025,Q4,16067900000,4692450000.0,4692450000,3.53523,1320320000,1327340000,USD,USD,USD,stockanalysis_fiscal_ai,2025-06-15,2025Q2,2025-06-30,0
KLAC,2025-09-30,2026,Q1,9752620000,,0,0.0,1317570000,1323810000,USD,USD,USD,stockanalysis_fiscal_ai,2025-09-15,2025Q3,2025-09-30,0
KLAC,2025-12-31,2026,Q2,16720200000,5465730000.0,5465730000,4.14042,1312780000,1320090000,USD,USD,USD,stockanalysis_fiscal_ai,2025-12-16,2025Q4,2025-12-31,0
KLAC,2026-03-31,2026,Q3,16873500000,5830500000.0,5830500000,4.42542,1309090000,1317500000,USD,USD,USD,stockanalysis_fiscal_ai,2026-03-16,2026Q1,2026-03-31,0
LRCX,2022-03-27,2022,Q3,16589000000,6026490000.0,6026490000,4.30288,1392290000,1400570000,USD,USD,USD,stockanalysis_fiscal_ai,2022-03-12,2022Q1,2022-03-31,4
LRCX,2022-06-26,2022,Q4,17195600000,6278370000.0,6278370000,4.53925,1379930000,1383130000,USD,USD,USD,stockanalysis_fiscal_ai,2022-06-11,2022Q2,2022-06-30,4
LRCX,2022-09-25,2023,Q1,18721300000,7412570000.0,7412570000,5.40243,1368910000,1372080000,USD,USD,USD,stockanalysis_fiscal_ai,2022-09-10,2022Q3,2022-09-30,5
LRCX,2022-12-25,2023,Q2,19206400000,8304640000.0,8304640000,6.09117,1360180000,1363390000,USD,USD,USD,stockanalysis_fiscal_ai,2022-12-10,2022Q4,2022-12-31,6
LRCX,2023-03-31,2023,Q3,19243400000,8407390000.0,8407390000,6.22721,1350100000,1350100000,USD,USD,USD,stockanalysis_fiscal_ai,2023-03-16,2023Q1,2023-03-31,0
LRCX,2023-06-30,2023,Q4,18781600000,8210170000.0,8210170000,6.11893,1341760000,1341760000,USD,USD,USD,stockanalysis_fiscal_ai,2023-06-15,2023Q2,2023-06-30,0
LRCX,2023-09-24,2024,Q1,18538500000,8047330000.0,8047330000,6.04306,1325840000,1331660000,USD,USD,USD,stockanalysis_fiscal_ai,2023-09-09,2023Q3,2023-09-30,6
LRCX,2023-12-24,2024,Q2,18783900000,8222480000.0,8222480000,6.21878,1316290000,1322200000,USD,USD,USD,stockanalysis_fiscal_ai,2023-12-09,2023Q4,2023-12-31,7
LRCX,2024-03-31,2024,Q3,18279700000,8022100000.0,8022100000,6.09963,1308380000,1315180000,USD,USD,USD,stockanalysis_fiscal_ai,2024-03-16,2024Q1,2024-03-31,0
LRCX,2024-06-30,2024,Q4,18744700000,8539450000.0,8539450000,6.51311,1306330000,1311120000,USD,USD,USD,stockanalysis_fiscal_ai,2024-06-15,2024Q2,2024-06-30,0
LRCX,2024-09-29,2025,Q1,19532500000,8471890000.0,8471890000,6.49652,1299240000,1304070000,USD,USD,USD,stockanalysis_fiscal_ai,2024-09-14,2024Q3,2024-09-30,1
LRCX,2024-12-29,2025,Q2,19839900000,8808030000.0,8808030000,6.82016,1287110000,1291470000,USD,USD,USD,stockanalysis_fiscal_ai,2024-12-14,2024Q4,2024-12-31,2
LRCX,2025-03-30,2025,Q3,19968300000,9511110000.0,9511110000,7.38383,1283780000,1288100000,USD,USD,USD,stockanalysis_fiscal_ai,2025-03-15,2025Q1,2025-03-31,1
LRCX,2025-06-29,2025,Q4,21345300000,9861620000.0,9861620000,7.72289,1274280000,1276930000,USD,USD,USD,stockanalysis_fiscal_ai,2025-06-14,2025Q2,2025-06-30,1
LRCX,2025-09-28,2026,Q1,21900200000,10192800000.0,10192800000,8.03013,1264450000,1269310000,USD,USD,USD,stockanalysis_fiscal_ai,2025-09-13,2025Q3,2025-09-30,2
LRCX,2025-12-28,2026,Q2,21391200000,10145400000.0,10145400000,8.04083,1254860000,1261740000,USD,USD,USD,stockanalysis_fiscal_ai,2025-12-13,2025Q4,2025-12-31,3
LRCX,2026-03-29,2026,Q3,20791900000,10584800000.0,10584800000,8.41849,1249730000,1257330000,USD,USD,USD,stockanalysis_fiscal_ai,2026-03-14,2026Q1,2026-03-31,2
MRVL,2022-01-29,2022,Q4,22108600000,15702100000.0,15702100000,18.2138,844400000,862100000,USD,USD,USD,stockanalysis_fiscal_ai,2022-01-14,2022Q1,2022-03-31,61
MRVL,2022-04-30,2023,Q1,22038700000,15465000000.0,15465000000,18.237,848000000,848000000,USD,USD,USD,stockanalysis_fiscal_ai,2022-04-15,2022Q2,2022-06-30,61
MRVL,2022-07-30,2023,Q2,22162100000,15530200000.0,15530200000,18.1026,850900000,857900000,USD,USD,USD,stockanalysis_fiscal_ai,2022-07-15,2022Q3,2022-09-30,62
MRVL,2022-10-29,2023,Q3,22522100000,15559000000.0,15559000000,18.1256,852600000,858400000,USD,USD,USD,stockanalysis_fiscal_ai,2022-10-14,2022Q4,2022-12-31,63
MRVL,2023-01-28,2023,Q4,22522100000,15637200000.0,15637200000,18.3084,854100000,854100000,USD,USD,USD,stockanalysis_fiscal_ai,2023-01-13,2023Q1,2023-03-31,62
MRVL,2023-04-29,2024,Q1,22273200000,15493900000.0,15493900000,18.0856,856700000,856700000,USD,USD,USD,stockanalysis_fiscal_ai,2023-04-14,2023Q2,2023-06-30,62
MRVL,2023-07-29,2024,Q2,21750100000,15389500000.0,15389500000,17.8761,860900000,860900000,USD,USD,USD,stockanalysis_fiscal_ai,2023-07-14,2023Q3,2023-09-30,63
MRVL,2023-10-28,2024,Q3,21714400000,15233400000.0,15233400000,17.6599,862600000,862600000,USD,USD,USD,stockanalysis_fiscal_ai,2023-10-13,2023Q4,2023-12-31,64
MRVL,2024-02-03,2024,Q4,21228500000,14831400000.0,14831400000,17.1521,864700000,864700000,USD,USD,USD,stockanalysis_fiscal_ai,2024-01-19,2024Q1,2024-03-31,57
MRVL,2024-05-04,2025,Q1,20491000000,14478700000.0,14478700000,16.7384,865000000,865000000,USD,USD,USD,stockanalysis_fiscal_ai,2024-04-19,2024Q2,2024-06-30,57
MRVL,2024-08-03,2025,Q2,20293400000,14204900000.0,14204900000,16.4086,865700000,865700000,USD,USD,USD,stockanalysis_fiscal_ai,2024-07-19,2024Q3,2024-09-30,58
MRVL,2024-11-02,2025,Q3,19715600000,13372900000.0,13372900000,15.4475,865700000,865700000,USD,USD,USD,stockanalysis_fiscal_ai,2024-10-18,2024Q4,2024-12-31,59
MRVL,2025-02-01,2025,Q4,20204500000,13427000000.0,13427000000,15.2597,865700000,879900000,USD,USD,USD,stockanalysis_fiscal_ai,2025-01-17,2025Q1,2025-03-31,58
MRVL,2025-05-03,2026,Q1,20023700000,13312700000.0,13312700000,15.2041,864800000,875600000,USD,USD,USD,stockanalysis_fiscal_ai,2025-04-18,2025Q2,2025-06-30,58
MRVL,2025-08-02,2026,Q2,20586300000,13421700000.0,13421700000,15.4202,862600000,870400000,USD,USD,USD,stockanalysis_fiscal_ai,2025-07-18,2025Q3,2025-09-30,59
MRVL,2025-11-01,2026,Q3,21579000000,14056600000.0,14056600000,16.2749,855800000,863700000,USD,USD,USD,stockanalysis_fiscal_ai,2025-10-17,2025Q4,2025-12-31,60
MRVL,2026-01-31,2026,Q4,22285300000,14308400000.0,14308400000,16.7115,848000000,856200000,USD,USD,USD,stockanalysis_fiscal_ai,2026-01-16,2026Q1,2026-03-31,59
META,2022-03-31,2022,Q1,164218000000,123228000000.0,123228000000,44.9409,2725000000,2742000000,USD,USD,USD,stockanalysis_fiscal_ai,2022-03-16,2022Q1,2022-03-31,0
META,2022-06-30,2022,Q2,169779000000,125767000000.0,125767000000,46.3572,2704000000,2713000000,USD,USD,USD,stockanalysis_fiscal_ai,2022-06-15,2022Q2,2022-06-30,0
META,2022-09-30,2022,Q3,178894000000,124094000000.0,124094000000,46.1831,2682000000,2687000000,USD,USD,USD,stockanalysis_fiscal_ai,2022-09-15,2022Q3,2022-09-30,0
META,2022-12-31,2022,Q4,185727000000,125713000000.0,125713000000,47.6186,2638000000,2640000000,USD,USD,USD,stockanalysis_fiscal_ai,2022-12-16,2022Q4,2022-12-31,0
META,2023-03-31,2023,Q1,184491000000,124795000000.0,124795000000,48.072,2587000000,2596000000,USD,USD,USD,stockanalysis_fiscal_ai,2023-03-16,2023Q1,2023-03-31,0
META,2023-06-30,2023,Q2,206688000000,134033000000.0,134033000000,51.3143,2568000000,2612000000,USD,USD,USD,stockanalysis_fiscal_ai,2023-06-15,2023Q2,2023-06-30,0
META,2023-09-30,2023,Q3,216274000000,142873000000.0,142873000000,54.0981,2576000000,2641000000,USD,USD,USD,stockanalysis_fiscal_ai,2023-09-15,2023Q3,2023-09-30,0
META,2023-12-31,2023,Q4,229623000000,153168000000.0,153168000000,58.2388,2566000000,2630000000,USD,USD,USD,stockanalysis_fiscal_ai,2023-12-16,2023Q4,2023-12-31,0
META,2024-03-31,2024,Q1,222844000000,149529000000.0,149529000000,56.9634,2545000000,2625000000,USD,USD,USD,stockanalysis_fiscal_ai,2024-03-16,2024Q1,2024-03-31,0
META,2024-06-30,2024,Q2,230238000000,156763000000.0,156763000000,60.0625,2534000000,2610000000,USD,USD,USD,stockanalysis_fiscal_ai,2024-06-15,2024Q2,2024-06-30,0
META,2024-09-30,2024,Q3,256408000000,164529000000.0,164529000000,63.2804,2529000000,2600000000,USD,USD,USD,stockanalysis_fiscal_ai,2024-09-15,2024Q3,2024-09-30,0
META,2024-12-31,2024,Q4,276054000000,182637000000.0,182637000000,70.272,2529000000,2599000000,USD,USD,USD,stockanalysis_fiscal_ai,2024-12-16,2024Q4,2024-12-31,0
META,2025-03-31,2025,Q1,280213000000,185029000000.0,185029000000,71.4398,2527000000,2590000000,USD,USD,USD,stockanalysis_fiscal_ai,2025-03-16,2025Q1,2025-03-31,0
META,2025-06-30,2025,Q2,294744000000,195070000000.0,195070000000,75.9027,2518000000,2570000000,USD,USD,USD,stockanalysis_fiscal_ai,2025-06-15,2025Q2,2025-06-30,0
META,2025-09-30,2025,Q3,303844000000,194066000000.0,194066000000,75.4533,2517000000,2572000000,USD,USD,USD,stockanalysis_fiscal_ai,2025-09-15,2025Q3,2025-09-30,0
META,2025-12-31,2025,Q4,366021000000,217243000000.0,217243000000,84.6951,2525000000,2565000000,USD,USD,USD,stockanalysis_fiscal_ai,2025-12-16,2025Q4,2025-12-31,0
META,2026-03-31,2026,Q1,395250000000,243681000000.0,243681000000,95.0394,2534000000,2564000000,USD,USD,USD,stockanalysis_fiscal_ai,2026-03-16,2026Q1,2026-03-31,0
MCHP,2022-03-31,2022,Q4,16199500000,5894800000.0,5894800000,10.6964,545000000,551100000,USD,USD,USD,stockanalysis_fiscal_ai,2022-03-16,2022Q1,2022-03-31,0
MCHP,2022-06-30,2023,Q1,16208400000,5977900000.0,5977900000,10.6463,553800000,561500000,USD,USD,USD,stockanalysis_fiscal_ai,2022-06-15,2022Q2,2022-06-30,0
MCHP,2022-09-30,2023,Q2,16141100000,6103100000.0,6103100000,10.9316,551500000,558300000,USD,USD,USD,stockanalysis_fiscal_ai,2022-09-15,2022Q3,2022-09-30,0
MCHP,2022-12-31,2023,Q3,16116100000,6311600000.0,6311600000,11.3641,549200000,555400000,USD,USD,USD,stockanalysis_fiscal_ai,2022-12-16,2022Q4,2022-12-31,0
MCHP,2023-03-31,2023,Q4,16370300000,6513600000.0,6513600000,11.7979,545000000,552100000,USD,USD,USD,stockanalysis_fiscal_ai,2023-03-16,2023Q1,2023-03-31,0
MCHP,2023-06-30,2024,Q1,16494600000,6831300000.0,6831300000,12.389,545100000,551400000,USD,USD,USD,stockanalysis_fiscal_ai,2023-06-15,2023Q2,2023-06-30,0
MCHP,2023-09-30,2024,Q2,16601400000,6968500000.0,6968500000,12.6885,543100000,549200000,USD,USD,USD,stockanalysis_fiscal_ai,2023-09-15,2023Q3,2023-09-30,0
MCHP,2023-12-31,2024,Q3,16143000000,7080200000.0,7080200000,12.9555,540800000,546500000,USD,USD,USD,stockanalysis_fiscal_ai,2023-12-16,2023Q4,2023-12-31,0
MCHP,2024-03-31,2024,Q4,15873200000,6657800000.0,6657800000,12.2206,538900000,544800000,USD,USD,USD,stockanalysis_fiscal_ai,2024-03-16,2024Q1,2024-03-31,0
MCHP,2024-06-30,2025,Q1,15839700000,6406000000.0,6406000000,11.8018,536700000,542800000,USD,USD,USD,stockanalysis_fiscal_ai,2024-06-15,2024Q2,2024-06-30,0
MCHP,2024-09-30,2025,Q2,15622300000,6275900000.0,6275900000,11.5792,536700000,542000000,USD,USD,USD,stockanalysis_fiscal_ai,2024-09-15,2024Q3,2024-09-30,0
MCHP,2024-12-31,2025,Q3,15632200000,6031500000.0,6031500000,11.2235,537400000,537400000,USD,USD,USD,stockanalysis_fiscal_ai,2024-12-16,2024Q4,2024-12-31,0
MCHP,2025-03-31,2025,Q4,15374600000,7078300000.0,7078300000,13.1518,538200000,538200000,USD,USD,USD,stockanalysis_fiscal_ai,2025-03-16,2025Q1,2025-03-31,0
MCHP,2025-06-30,2026,Q1,14979500000,6857100000.0,6857100000,12.7172,539200000,539200000,USD,USD,USD,stockanalysis_fiscal_ai,2025-06-15,2025Q2,2025-06-30,0
MCHP,2025-09-30,2026,Q2,14469700000,6695500000.0,6695500000,12.2853,540000000,545000000,USD,USD,USD,stockanalysis_fiscal_ai,2025-09-15,2025Q3,2025-09-30,0
MCHP,2025-12-31,2026,Q3,14325500000,6560400000.0,6560400000,12.0264,540800000,545500000,USD,USD,USD,stockanalysis_fiscal_ai,2025-12-16,2025Q4,2025-12-31,0
MCHP,2026-03-31,2026,Q4,14370100000,6432400000.0,6432400000,11.7401,541500000,547900000,USD,USD,USD,stockanalysis_fiscal_ai,2026-03-16,2026Q1,2026-03-31,0
MU,2022-03-03,2022,Q2,63696000000,47845000000.0,47845000000,42.3407,1119000000,1130000000,USD,USD,USD,stockanalysis_fiscal_ai,2022-02-16,2022Q1,2022-03-31,28
MU,2022-06-02,2022,Q3,65296000000,49281000000.0,49281000000,43.9616,1112000000,1121000000,USD,USD,USD,stockanalysis_fiscal_ai,2022-05-18,2022Q2,2022-06-30,28
MU,2022-09-01,2022,Q4,66283000000,49907000000.0,49907000000,45.1239,1097000000,1106000000,USD,USD,USD,stockanalysis_fiscal_ai,2022-08-17,2022Q3,2022-09-30,29
MU,2022-12-01,2023,Q1,67874000000,49306000000.0,49306000000,45.2349,1090000000,1090000000,USD,USD,USD,stockanalysis_fiscal_ai,2022-11-16,2022Q4,2022-12-31,30
MU,2023-03-02,2023,Q2,66520000000,47257000000.0,47257000000,43.3153,1091000000,1091000000,USD,USD,USD,stockanalysis_fiscal_ai,2023-02-15,2023Q1,2023-03-31,29
MU,2023-06-01,2023,Q3,65680000000,45405000000.0,45405000000,41.5037,1094000000,1094000000,USD,USD,USD,stockanalysis_fiscal_ai,2023-05-17,2023Q2,2023-06-30,29
MU,2023-08-31,2023,Q4,64254000000,44120000000.0,44120000000,40.2922,1095000000,1095000000,USD,USD,USD,stockanalysis_fiscal_ai,2023-08-16,2023Q3,2023-09-30,30
MU,2023-11-30,2024,Q1,63776000000,42885000000.0,42885000000,38.9864,1100000000,1100000000,USD,USD,USD,stockanalysis_fiscal_ai,2023-11-15,2023Q4,2023-12-31,31
MU,2024-02-29,2024,Q2,65718000000,43870000000.0,43870000000,39.3806,1104000000,1114000000,USD,USD,USD,stockanalysis_fiscal_ai,2024-02-14,2024Q1,2024-03-31,31
MU,2024-05-30,2024,Q3,66255000000,44225000000.0,44225000000,39.3811,1107000000,1123000000,USD,USD,USD,stockanalysis_fiscal_ai,2024-05-15,2024Q2,2024-06-30,31
MU,2024-08-29,2024,Q4,69416000000,45131000000.0,45131000000,40.1164,1108000000,1125000000,USD,USD,USD,stockanalysis_fiscal_ai,2024-08-14,2024Q3,2024-09-30,32
MU,2024-11-28,2025,Q1,71461000000,46797000000.0,46797000000,41.7086,1111000000,1122000000,USD,USD,USD,stockanalysis_fiscal_ai,2024-11-13,2024Q4,2024-12-31,33
MU,2025-02-27,2025,Q2,73053000000,48633000000.0,48633000000,43.3063,1115000000,1123000000,USD,USD,USD,stockanalysis_fiscal_ai,2025-02-12,2025Q1,2025-03-31,32
MU,2025-05-29,2025,Q3,78397000000,50748000000.0,50748000000,45.1093,1118000000,1125000000,USD,USD,USD,stockanalysis_fiscal_ai,2025-05-14,2025Q2,2025-06-30,32
MU,2025-08-28,2025,Q4,82798000000,54165000000.0,54165000000,47.8912,1120000000,1131000000,USD,USD,USD,stockanalysis_fiscal_ai,2025-08-13,2025Q3,2025-09-30,33
MU,2025-11-27,2026,Q1,85971000000,58806000000.0,58806000000,51.6749,1125000000,1138000000,USD,USD,USD,stockanalysis_fiscal_ai,2025-11-12,2025Q4,2025-12-31,34
MU,2026-02-26,2026,Q2,101509000000,72459000000.0,72459000000,63.4492,1126000000,1142000000,USD,USD,USD,stockanalysis_fiscal_ai,2026-02-11,2026Q1,2026-03-31,33
MSFT,2022-03-31,2022,Q3,344607000000,162924000000.0,162924000000,21.6252,7493000000,7534000000,USD,USD,USD,stockanalysis_fiscal_ai,2022-03-16,2022Q1,2022-03-31,0
MSFT,2022-06-30,2022,Q4,364840000000,166542000000.0,166542000000,22.1878,7474000000,7506000000,USD,USD,USD,stockanalysis_fiscal_ai,2022-06-15,2022Q2,2022-06-30,0
MSFT,2022-09-30,2023,Q1,359784000000,173566000000.0,173566000000,23.1885,7457000000,7485000000,USD,USD,USD,stockanalysis_fiscal_ai,2022-09-15,2022Q3,2022-09-30,0
MSFT,2022-12-31,2023,Q2,364552000000,183136000000.0,183136000000,24.5064,7451000000,7473000000,USD,USD,USD,stockanalysis_fiscal_ai,2022-12-16,2022Q4,2022-12-31,0
MSFT,2023-03-31,2023,Q3,380088000000,194683000000.0,194683000000,26.0829,7441000000,7464000000,USD,USD,USD,stockanalysis_fiscal_ai,2023-03-16,2023Q1,2023-03-31,0
MSFT,2023-06-30,2023,Q4,411976000000,206223000000.0,206223000000,27.6179,7434000000,7467000000,USD,USD,USD,stockanalysis_fiscal_ai,2023-06-15,2023Q2,2023-06-30,0
MSFT,2023-09-30,2024,Q1,445785000000,220714000000.0,220714000000,29.5784,7429000000,7462000000,USD,USD,USD,stockanalysis_fiscal_ai,2023-09-15,2023Q3,2023-09-30,0
MSFT,2023-12-31,2024,Q2,470558000000,238268000000.0,238268000000,31.9052,7432000000,7468000000,USD,USD,USD,stockanalysis_fiscal_ai,2023-12-16,2023Q4,2023-12-31,0
MSFT,2024-03-31,2024,Q3,484275000000,253152000000.0,253152000000,33.8801,7431000000,7472000000,USD,USD,USD,stockanalysis_fiscal_ai,2024-03-16,2024Q1,2024-03-31,0
MSFT,2024-06-30,2024,Q4,512163000000,268477000000.0,268477000000,35.8304,7445000000,7493000000,USD,USD,USD,stockanalysis_fiscal_ai,2024-06-15,2024Q2,2024-06-30,0
MSFT,2024-09-30,2025,Q1,523013000000,287723000000.0,287723000000,38.5171,7433000000,7470000000,USD,USD,USD,stockanalysis_fiscal_ai,2024-09-15,2024Q3,2024-09-30,0
MSFT,2024-12-31,2025,Q2,533898000000,302695000000.0,302695000000,40.5323,7435000000,7468000000,USD,USD,USD,stockanalysis_fiscal_ai,2024-12-16,2024Q4,2024-12-31,0
MSFT,2025-03-31,2025,Q3,562624000000,321891000000.0,321891000000,43.1431,7434000000,7461000000,USD,USD,USD,stockanalysis_fiscal_ai,2025-03-16,2025Q1,2025-03-31,0
MSFT,2025-06-30,2025,Q4,619003000000,343479000000.0,343479000000,46.0366,7432000000,7461000000,USD,USD,USD,stockanalysis_fiscal_ai,2025-06-15,2025Q2,2025-06-30,0
MSFT,2025-09-30,2026,Q1,636351000000,363076000000.0,363076000000,48.6306,7433000000,7466000000,USD,USD,USD,stockanalysis_fiscal_ai,2025-09-15,2025Q3,2025-09-30,0
MSFT,2025-12-31,2026,Q2,665302000000,390875000000.0,390875000000,52.3961,7431000000,7460000000,USD,USD,USD,stockanalysis_fiscal_ai,2025-12-16,2025Q4,2025-12-31,0
MSFT,2026-03-31,2026,Q3,694228000000,414367000000.0,414367000000,55.6571,7426000000,7445000000,USD,USD,USD,stockanalysis_fiscal_ai,2026-03-16,2026Q1,2026-03-31,0
MPWR,2022-03-31,2022,Q1,1713980000,1326110000.0,1326110000,27.4842,46424000,48250000,USD,USD,USD,stockanalysis_fiscal_ai,2022-03-16,2022Q1,2022-03-31,0
MPWR,2022-06-30,2022,Q2,1785690000,1423120000.0,1423120000,29.4728,46675000,48286000,USD,USD,USD,stockanalysis_fiscal_ai,2022-06-15,2022Q2,2022-06-30,0
MPWR,2022-09-30,2022,Q3,1931220000,1530710000.0,1530710000,31.6596,46829000,48349000,USD,USD,USD,stockanalysis_fiscal_ai,2022-09-15,2022Q3,2022-09-30,0
MPWR,2022-12-31,2022,Q4,2058890000,1668600000.0,1668600000,34.3694,46979000,48549000,USD,USD,USD,stockanalysis_fiscal_ai,2022-12-16,2022Q4,2022-12-31,0
MPWR,2023-03-31,2023,Q1,2226650000,1776260000.0,1776260000,36.5073,47234000,48655000,USD,USD,USD,stockanalysis_fiscal_ai,2023-03-16,2023Q1,2023-03-31,0
MPWR,2023-06-30,2023,Q2,2220620000,1839090000.0,1839090000,37.7203,47489000,48756000,USD,USD,USD,stockanalysis_fiscal_ai,2023-06-15,2023Q2,2023-06-30,0
MPWR,2023-09-30,2023,Q3,2328090000,1944860000.0,1944860000,39.8603,47780000,48792000,USD,USD,USD,stockanalysis_fiscal_ai,2023-09-15,2023Q3,2023-09-30,0
MPWR,2023-12-31,2023,Q4,2434350000,2049940000.0,2049940000,41.9373,47936000,48881000,USD,USD,USD,stockanalysis_fiscal_ai,2023-12-16,2023Q4,2023-12-31,0
MPWR,2024-03-31,2024,Q1,2578700000,2113560000.0,2113560000,43.1973,48635000,48928000,USD,USD,USD,stockanalysis_fiscal_ai,2024-03-16,2024Q1,2024-03-31,0
MPWR,2024-06-30,2024,Q2,2648130000,2195860000.0,2195860000,44.8638,48687000,48945000,USD,USD,USD,stockanalysis_fiscal_ai,2024-06-15,2024Q2,2024-06-30,0
MPWR,2024-09-30,2024,Q3,2854740000,2351690000.0,2351690000,48.029,48757000,48964000,USD,USD,USD,stockanalysis_fiscal_ai,2024-09-15,2024Q3,2024-09-30,0
MPWR,2024-12-31,2024,Q4,3515820000,2951130000.0,2951130000,60.8404,48317000,48506000,USD,USD,USD,stockanalysis_fiscal_ai,2024-12-16,2024Q4,2024-12-31,0
MPWR,2025-03-31,2025,Q1,3805760000,3267010000.0,3267010000,68.0542,47851000,48006000,USD,USD,USD,stockanalysis_fiscal_ai,2025-03-16,2025Q1,2025-03-31,0
MPWR,2025-06-30,2025,Q2,3972210000,3402070000.0,3402070000,70.8484,47887000,48019000,USD,USD,USD,stockanalysis_fiscal_ai,2025-06-15,2025Q2,2025-06-30,0
MPWR,2025-09-30,2025,Q3,4206390000,3567950000.0,3567950000,74.2672,47898000,48042000,USD,USD,USD,stockanalysis_fiscal_ai,2025-09-15,2025Q3,2025-09-30,0
MPWR,2025-12-31,2025,Q4,4194200000,3531500000.0,3531500000,71.8251,48502000,49168000,USD,USD,USD,stockanalysis_fiscal_ai,2025-12-16,2025Q4,2025-12-31,0
MPWR,2026-03-31,2026,Q1,4448870000,3677410000.0,3677410000,74.6804,49097000,49242000,USD,USD,USD,stockanalysis_fiscal_ai,2026-03-16,2026Q1,2026-03-31,0
NVDA,2022-01-30,2022,Q4,44187000000,26612000000.0,26612000000,1.04566,25040000000,25450000000,USD,USD,USD,stockanalysis_fiscal_ai,2022-01-15,2022Q1,2022-03-31,60
NVDA,2022-05-01,2023,Q1,45212000000,26320000000.0,26320000000,1.03745,25060000000,25370000000,USD,USD,USD,stockanalysis_fiscal_ai,2022-04-16,2022Q2,2022-06-30,60
NVDA,2022-07-31,2023,Q2,43476000000,23851000000.0,23851000000,0.947973,24950000000,25160000000,USD,USD,USD,stockanalysis_fiscal_ai,2022-07-16,2022Q3,2022-09-30,61
NVDA,2022-10-30,2023,Q3,40488000000,21349000000.0,21349000000,0.854302,24830000000,24990000000,USD,USD,USD,stockanalysis_fiscal_ai,2022-10-15,2022Q4,2022-12-31,62
NVDA,2023-01-29,2023,Q4,41182000000,22101000000.0,22101000000,0.892249,24640000000,24770000000,USD,USD,USD,stockanalysis_fiscal_ai,2023-01-14,2023Q1,2023-03-31,61
NVDA,2023-04-30,2024,Q1,44460000000,24520000000.0,24520000000,0.984739,24700000000,24900000000,USD,USD,USD,stockanalysis_fiscal_ai,2023-04-15,2023Q2,2023-06-30,61
NVDA,2023-07-30,2024,Q2,49555000000,27501000000.0,27501000000,1.1003,24729000000,24994000000,USD,USD,USD,stockanalysis_fiscal_ai,2023-07-15,2023Q3,2023-09-30,62
NVDA,2023-10-29,2024,Q3,54148000000,33265000000.0,33265000000,1.3338,24680000000,24940000000,USD,USD,USD,stockanalysis_fiscal_ai,2023-10-14,2023Q4,2023-12-31,63
NVDA,2024-01-28,2024,Q4,65728000000,42978000000.0,42978000000,1.72602,24660000000,24900000000,USD,USD,USD,stockanalysis_fiscal_ai,2024-01-13,2024Q1,2024-03-31,63
NVDA,2024-04-28,2025,Q1,77072000000,49142000000.0,49142000000,1.97437,24620000000,24890000000,USD,USD,USD,stockanalysis_fiscal_ai,2024-04-13,2024Q2,2024-06-30,63
NVDA,2024-07-28,2025,Q2,85227000000,58157000000.0,58157000000,2.34051,24578000000,24848000000,USD,USD,USD,stockanalysis_fiscal_ai,2024-07-13,2024Q3,2024-09-30,64
NVDA,2024-10-27,2025,Q3,96013000000,65899000000.0,65899000000,2.66001,24533000000,24774000000,USD,USD,USD,stockanalysis_fiscal_ai,2024-10-12,2024Q4,2024-12-31,65
NVDA,2025-01-26,2025,Q4,111601000000,79327000000.0,79327000000,3.21084,24489000000,24706000000,USD,USD,USD,stockanalysis_fiscal_ai,2025-01-11,2025Q1,2025-03-31,64
NVDA,2025-04-27,2026,Q1,125254000000,83843000000.0,83843000000,3.40673,24441000000,24611000000,USD,USD,USD,stockanalysis_fiscal_ai,2025-04-12,2025Q2,2025-06-30,64
NVDA,2025-07-27,2026,Q2,140740000000,100131000000.0,100131000000,4.08165,24366000000,24532000000,USD,USD,USD,stockanalysis_fiscal_ai,2025-07-12,2025Q3,2025-09-30,65
NVDA,2025-10-26,2026,Q3,161148000000,118897000000.0,118897000000,4.85631,24327000000,24483000000,USD,USD,USD,stockanalysis_fiscal_ai,2025-10-11,2025Q4,2025-12-31,66
NVDA,2026-01-25,2026,Q4,206803000000,157293000000.0,157293000000,6.43799,24304000000,24432000000,USD,USD,USD,stockanalysis_fiscal_ai,2026-01-10,2026Q1,2026-03-31,65
NXPI,2022-04-03,2022,Q1,21321000000,6760000000.0,6509000000,24.5522,263089000,265109000,USD,USD,USD,stockanalysis_fiscal_ai,2022-03-19,2022Q1,2022-03-31,3
NXPI,2022-07-03,2022,Q2,22539000000,7226000000.0,6962000000,26.3023,262579000,264692000,USD,USD,USD,stockanalysis_fiscal_ai,2022-06-18,2022Q2,2022-06-30,3
NXPI,2022-10-02,2022,Q3,22940000000,7385000000.0,7106000000,26.845,262180000,264705000,USD,USD,USD,stockanalysis_fiscal_ai,2022-09-17,2022Q3,2022-09-30,2
NXPI,2022-12-31,2022,Q4,26474000000,10653000000.0,10358000000,39.6178,259618000,261448000,USD,USD,USD,stockanalysis_fiscal_ai,2022-12-16,2022Q4,2022-12-31,0
NXPI,2023-04-02,2023,Q1,23732000000,8248000000.0,7949000000,30.4315,259576000,261210000,USD,USD,USD,stockanalysis_fiscal_ai,2023-03-18,2023Q1,2023-03-31,2
NXPI,2023-07-02,2023,Q2,23795000000,8477000000.0,8172000000,31.274,259160000,261303000,USD,USD,USD,stockanalysis_fiscal_ai,2023-06-17,2023Q2,2023-06-30,2
NXPI,2023-10-01,2023,Q3,23996000000,8798000000.0,8488000000,32.5092,257488000,261095000,USD,USD,USD,stockanalysis_fiscal_ai,2023-09-16,2023Q3,2023-09-30,1
NXPI,2023-12-31,2023,Q4,28071000000,12405000000.0,12085000000,46.4276,257285000,260298000,USD,USD,USD,stockanalysis_fiscal_ai,2023-12-16,2023Q4,2023-12-31,0
NXPI,2024-03-31,2024,Q1,23320000000,9150000000.0,8829000000,34.0949,256567000,258954000,USD,USD,USD,stockanalysis_fiscal_ai,2024-03-16,2024Q1,2024-03-31,0
NXPI,2024-06-30,2024,Q2,23196000000,9345000000.0,9018000000,34.8546,255478000,258732000,USD,USD,USD,stockanalysis_fiscal_ai,2024-06-15,2024Q2,2024-06-30,0
NXPI,2024-09-29,2024,Q3,23669000000,9744000000.0,9406000000,36.4974,254458000,257717000,USD,USD,USD,stockanalysis_fiscal_ai,2024-09-14,2024Q3,2024-09-30,1
NXPI,2024-12-31,2024,Q4,28458000000,13330000000.0,12978000000,50.5713,254349000,256628000,USD,USD,USD,stockanalysis_fiscal_ai,2024-12-16,2024Q4,2024-12-31,0
NXPI,2025-03-30,2025,Q1,25180000000,9677000000.0,9322000000,36.5543,253709000,255018000,USD,USD,USD,stockanalysis_fiscal_ai,2025-03-15,2025Q1,2025-03-31,1
NXPI,2025-06-29,2025,Q2,25250000000,9936000000.0,9569000000,37.6964,252418000,253844000,USD,USD,USD,stockanalysis_fiscal_ai,2025-06-14,2025Q2,2025-06-30,1
NXPI,2025-09-28,2025,Q3,26354000000,10427000000.0,10045000000,39.499,252170000,254310000,USD,USD,USD,stockanalysis_fiscal_ai,2025-09-13,2025Q3,2025-09-30,2
NXPI,2025-12-31,2025,Q4,30898000000,14546000000.0,14147000000,55.6798,252544000,254078000,USD,USD,USD,stockanalysis_fiscal_ai,2025-12-16,2025Q4,2025-12-31,0
NXPI,2026-03-29,2026,Q1,27113000000,11274000000.0,10927000000,43.1003,252715000,253525000,USD,USD,USD,stockanalysis_fiscal_ai,2026-03-14,2026Q1,2026-03-31,2
PLTR,2022-03-31,2022,Q1,3319180000,2364750000.0,2364750000,1.16129,2036310000,2036310000,USD,USD,USD,stockanalysis_fiscal_ai,2022-03-16,2022Q1,2022-03-31,0
PLTR,2022-06-30,2022,Q2,3282340000,2348820000.0,2348820000,1.14309,2054800000,2054800000,USD,USD,USD,stockanalysis_fiscal_ai,2022-06-15,2022Q2,2022-06-30,0
PLTR,2022-09-30,2022,Q3,3318840000,2386620000.0,2386620000,1.15114,2073270000,2073270000,USD,USD,USD,stockanalysis_fiscal_ai,2022-09-15,2022Q3,2022-09-30,0
PLTR,2022-12-31,2022,Q4,3461240000,2642440000.0,2565330000,1.16408,2090110000,2203730000,USD,USD,USD,stockanalysis_fiscal_ai,2022-12-16,2022Q4,2022-12-31,0
PLTR,2023-03-31,2023,Q1,3683140000,2803190000.0,2723730000,1.22832,2107780000,2217440000,USD,USD,USD,stockanalysis_fiscal_ai,2023-03-16,2023Q1,2023-03-31,0
PLTR,2023-06-30,2023,Q2,3980260000,3035140000.0,2955470000,1.29731,2131220000,2278160000,USD,USD,USD,stockanalysis_fiscal_ai,2023-06-15,2023Q2,2023-06-30,0
PLTR,2023-09-30,2023,Q3,4193420000,3271900000.0,3190020000,1.3717,2162530000,2325600000,USD,USD,USD,stockanalysis_fiscal_ai,2023-09-15,2023Q3,2023-09-30,0
PLTR,2023-12-31,2023,Q4,4522430000,3560970000.0,3475560000,1.47411,2187210000,2357740000,USD,USD,USD,stockanalysis_fiscal_ai,2023-12-16,2023Q4,2023-12-31,0
PLTR,2024-03-31,2024,Q1,4807080000,3861170000.0,3775230000,1.57294,2213550000,2400110000,USD,USD,USD,stockanalysis_fiscal_ai,2024-03-16,2024Q1,2024-03-31,0
PLTR,2024-06-30,2024,Q2,5191880000,4137810000.0,4050520000,1.67745,2231590000,2414700000,USD,USD,USD,stockanalysis_fiscal_ai,2024-06-15,2024Q2,2024-06-30,0
PLTR,2024-09-30,2024,Q3,5768100000,4591360000.0,4498140000,1.82882,2250030000,2459590000,USD,USD,USD,stockanalysis_fiscal_ai,2024-09-15,2024Q3,2024-09-30,0
PLTR,2024-12-31,2024,Q4,6340880000,5094410000.0,5003280000,1.97893,2304880000,2528280000,USD,USD,USD,stockanalysis_fiscal_ai,2024-12-16,2024Q4,2024-12-31,0
PLTR,2025-03-31,2025,Q1,6736920000,5518970000.0,5424160000,2.12477,2348680000,2552820000,USD,USD,USD,stockanalysis_fiscal_ai,2025-03-16,2025Q1,2025-03-31,0
PLTR,2025-06-30,2025,Q2,7365690000,6025560000.0,5928900000,2.31335,2365200000,2562910000,USD,USD,USD,stockanalysis_fiscal_ai,2025-06-15,2025Q2,2025-06-30,0
PLTR,2025-09-30,2025,Q3,8113960000,6688270000.0,6590460000,2.56333,2377170000,2571060000,USD,USD,USD,stockanalysis_fiscal_ai,2025-09-15,2025Q3,2025-09-30,0
PLTR,2025-12-31,2025,Q4,8900390000,7488010000.0,7387270000,2.87052,2386900000,2573500000,USD,USD,USD,stockanalysis_fiscal_ai,2025-12-16,2025Q4,2025-12-31,0
PLTR,2026-03-31,2026,Q1,10199200000,8556280000.0,8449660000,3.28662,2393870000,2570920000,USD,USD,USD,stockanalysis_fiscal_ai,2026-03-16,2026Q1,2026-03-31,0
PANW,2022-01-31,2022,Q2,10400500000,117800000.0,117800000,0.2,589000000,589000000,USD,USD,USD,stockanalysis_fiscal_ai,2022-01-16,2022Q1,2022-03-31,59
PANW,2022-04-30,2022,Q3,11100000000,337600000.0,337600000,0.568925,593400000,593400000,USD,USD,USD,stockanalysis_fiscal_ai,2022-04-15,2022Q2,2022-06-30,61
PANW,2022-07-31,2022,Q4,12253600000,210000000.0,210000000,0.312314,597000000,672400000,USD,USD,USD,stockanalysis_fiscal_ai,2022-07-16,2022Q3,2022-09-30,61
PANW,2022-10-31,2023,Q1,12543800000,508000000.0,508000000,0.768765,599600000,660800000,USD,USD,USD,stockanalysis_fiscal_ai,2022-10-16,2022Q4,2022-12-31,61
PANW,2023-01-31,2023,Q2,13163400000,729000000.0,729000000,1.09922,604600000,663200000,USD,USD,USD,stockanalysis_fiscal_ai,2023-01-16,2023Q1,2023-03-31,59
PANW,2023-04-30,2023,Q3,14170500000,1232400000.0,1232400000,1.78764,607800000,689400000,USD,USD,USD,stockanalysis_fiscal_ai,2023-04-15,2023Q2,2023-06-30,61
PANW,2023-07-31,2023,Q4,14501100000,1748400000.0,1748400000,2.46601,613800000,709000000,USD,USD,USD,stockanalysis_fiscal_ai,2023-07-16,2023Q3,2023-09-30,61
PANW,2023-10-31,2024,Q1,14808500000,2170500000.0,2170500000,3.11138,620200000,697600000,USD,USD,USD,stockanalysis_fiscal_ai,2023-10-16,2023Q4,2023-12-31,61
PANW,2024-01-31,2024,Q2,18292000000,4357200000.0,4357200000,6.09399,639300000,715000000,USD,USD,USD,stockanalysis_fiscal_ai,2024-01-16,2024Q1,2024-03-31,60
PANW,2024-04-30,2024,Q3,17930800000,4467800000.0,4467800000,6.29889,645800000,709300000,USD,USD,USD,stockanalysis_fiscal_ai,2024-04-15,2024Q2,2024-06-30,61
PANW,2024-07-31,2024,Q4,19990900000,5169700000.0,5169700000,7.3039,648800000,707800000,USD,USD,USD,stockanalysis_fiscal_ai,2024-07-16,2024Q3,2024-09-30,61
PANW,2024-10-31,2025,Q1,20374600000,5911800000.0,5911800000,8.33822,654000000,709000000,USD,USD,USD,stockanalysis_fiscal_ai,2024-10-16,2024Q4,2024-12-31,61
PANW,2025-01-31,2025,Q2,20951700000,6375300000.0,6375300000,8.99196,659000000,709000000,USD,USD,USD,stockanalysis_fiscal_ai,2025-01-16,2025Q1,2025-03-31,59
PANW,2025-04-30,2025,Q3,22002800000,7230500000.0,7230500000,10.227,665000000,707000000,USD,USD,USD,stockanalysis_fiscal_ai,2025-04-15,2025Q2,2025-06-30,61
PANW,2025-07-31,2025,Q4,23576000000,7824000000.0,7824000000,11.0353,669400000,709000000,USD,USD,USD,stockanalysis_fiscal_ai,2025-07-16,2025Q3,2025-09-30,61
PANW,2025-10-31,2026,Q1,23536000000,8665000000.0,8665000000,12.2214,679000000,709000000,USD,USD,USD,stockanalysis_fiscal_ai,2025-10-16,2025Q4,2025-12-31,61
PANW,2026-01-31,2026,Q2,24979000000,9393000000.0,9393000000,13.211,704000000,711000000,USD,USD,USD,stockanalysis_fiscal_ai,2026-01-16,2026Q1,2026-03-31,59
PDD,2022-03-31,2022,Q1,168719000000,76653000000.0,76653000000,53.9042,1259180000,1422020000,USD,USD,CNY,stockanalysis_fiscal_ai,2022-03-16,2022Q1,2022-03-31,0
PDD,2022-06-30,2022,Q2,191999000000,90909200000.0,90909200000,63.6068,1260600000,1429240000,USD,USD,CNY,stockanalysis_fiscal_ai,2022-06-15,2022Q2,2022-06-30,0
PDD,2022-09-30,2022,Q3,209108000000,107130000000.0,107130000000,74.1875,1262810000,1444040000,USD,USD,CNY,stockanalysis_fiscal_ai,2022-09-15,2022Q3,2022-09-30,0
PDD,2022-12-31,2022,Q4,237120000000,117771000000.0,117771000000,81.0925,1274780000,1452300000,USD,USD,CNY,stockanalysis_fiscal_ai,2022-12-16,2022Q4,2022-12-31,0
PDD,2023-03-31,2023,Q1,240066000000,126510000000.0,126510000000,86.4971,1320680000,1462590000,USD,USD,CNY,stockanalysis_fiscal_ai,2023-03-16,2023Q1,2023-03-31,0
PDD,2023-06-30,2023,Q2,274285000000,145344000000.0,145344000000,99.6643,1359600000,1458340000,USD,USD,CNY,stockanalysis_fiscal_ai,2023-06-15,2023Q2,2023-06-30,0
PDD,2023-09-30,2023,Q3,314251000000,162050000000.0,162050000000,110.518,1365640000,1466280000,USD,USD,CNY,stockanalysis_fiscal_ai,2023-09-15,2023Q3,2023-09-30,0
PDD,2023-12-31,2023,Q4,348078000000,187242000000.0,187242000000,127.311,1369530000,1470750000,USD,USD,CNY,stockanalysis_fiscal_ai,2023-12-16,2023Q4,2023-12-31,0
PDD,2024-03-31,2024,Q1,377826000000,218706000000.0,218706000000,148.099,1377420000,1476760000,USD,USD,CNY,stockanalysis_fiscal_ai,2024-03-16,2024Q1,2024-03-31,0
PDD,2024-06-30,2024,Q2,432744000000,253978000000.0,253978000000,171.443,1383450000,1481410000,USD,USD,CNY,stockanalysis_fiscal_ai,2024-06-15,2024Q2,2024-06-30,0
PDD,2024-09-30,2024,Q3,466794000000,278505000000.0,278505000000,188.504,1385910000,1477450000,USD,USD,CNY,stockanalysis_fiscal_ai,2024-09-15,2024Q3,2024-09-30,0
PDD,2024-12-31,2024,Q4,505034000000,313313000000.0,313313000000,211.509,1389190000,1481320000,USD,USD,CNY,stockanalysis_fiscal_ai,2024-12-16,2024Q4,2024-12-31,0
PDD,2025-03-31,2025,Q1,530513000000,329701000000.0,329701000000,222.321,1392000000,1483000000,USD,USD,CNY,stockanalysis_fiscal_ai,2025-03-16,2025Q1,2025-03-31,0
PDD,2025-06-30,2025,Q2,567156000000,361864000000.0,361864000000,244.181,1396950000,1481950000,USD,USD,CNY,stockanalysis_fiscal_ai,2025-06-15,2025Q2,2025-06-30,0
PDD,2025-09-30,2025,Q3,613724000000,391403000000.0,391403000000,262.96,1399310000,1488450000,USD,USD,CNY,stockanalysis_fiscal_ai,2025-09-15,2025Q3,2025-09-30,0
PDD,2025-12-31,2025,Q4,630044000000,413385000000.0,413385000000,278.056,1402590000,1486700000,USD,USD,CNY,stockanalysis_fiscal_ai,2025-12-16,2025Q4,2025-12-31,0
PDD,2026-03-31,2026,Q1,637704000000,423427000000.0,423427000000,286.099,1404000000,1480000000,USD,USD,CNY,stockanalysis_fiscal_ai,2026-03-16,2026Q1,2026-03-31,0
QCOM,2022-03-27,2022,Q2,44302000000,13328000000.0,26441000000,23.1939,1125000000,1140000000,USD,USD,USD,stockanalysis_fiscal_ai,2022-03-12,2022Q1,2022-03-31,4
QCOM,2022-06-26,2022,Q3,47020000000,16048000000.0,16048000000,14.1517,1122000000,1134000000,USD,USD,USD,stockanalysis_fiscal_ai,2022-06-11,2022Q2,2022-06-30,4
QCOM,2022-09-25,2022,Q4,49014000000,18013000000.0,18208000000,16.0706,1122000000,1133000000,USD,USD,USD,stockanalysis_fiscal_ai,2022-09-10,2022Q3,2022-09-30,5
QCOM,2022-12-25,2023,Q1,50014000000,18810000000.0,18810000000,16.6313,1122000000,1131000000,USD,USD,USD,stockanalysis_fiscal_ai,2022-12-10,2022Q4,2022-12-31,6
QCOM,2023-03-26,2023,Q2,48362000000,19698000000.0,19698000000,17.5405,1116000000,1123000000,USD,USD,USD,stockanalysis_fiscal_ai,2023-03-11,2023Q1,2023-03-31,5
QCOM,2023-06-25,2023,Q3,49002000000,20670000000.0,20747000000,18.4582,1115000000,1124000000,USD,USD,USD,stockanalysis_fiscal_ai,2023-06-10,2023Q2,2023-06-30,5
QCOM,2023-09-24,2023,Q4,51040000000,21581000000.0,22071000000,19.6187,1116000000,1125000000,USD,USD,USD,stockanalysis_fiscal_ai,2023-09-09,2023Q3,2023-09-30,6
QCOM,2023-12-24,2024,Q1,52135000000,23058000000.0,23058000000,20.4596,1116000000,1127000000,USD,USD,USD,stockanalysis_fiscal_ai,2023-12-09,2023Q4,2023-12-31,7
QCOM,2024-03-24,2024,Q2,53167000000,24469000000.0,24535000000,21.7124,1117000000,1130000000,USD,USD,USD,stockanalysis_fiscal_ai,2024-03-09,2024Q1,2024-03-31,7
QCOM,2024-06-23,2024,Q3,52741000000,24670000000.0,24670000000,21.7549,1116000000,1134000000,USD,USD,USD,stockanalysis_fiscal_ai,2024-06-08,2024Q2,2024-06-30,7
QCOM,2024-09-29,2024,Q4,55154000000,26274000000.0,26274000000,23.2719,1115000000,1129000000,USD,USD,USD,stockanalysis_fiscal_ai,2024-09-14,2024Q3,2024-09-30,1
QCOM,2024-12-29,2025,Q1,55575000000,26880000000.0,26880000000,23.9572,1110000000,1122000000,USD,USD,USD,stockanalysis_fiscal_ai,2024-12-14,2024Q4,2024-12-31,2
QCOM,2025-03-30,2025,Q2,55372000000,27728000000.0,27728000000,24.8682,1104000000,1115000000,USD,USD,USD,stockanalysis_fiscal_ai,2025-03-15,2025Q1,2025-03-31,1
QCOM,2025-06-29,2025,Q3,54862000000,27209000000.0,53761000000,48.9181,1092000000,1099000000,USD,USD,USD,stockanalysis_fiscal_ai,2025-06-14,2025Q2,2025-06-30,1
QCOM,2025-09-28,2025,Q4,50143000000,21206000000.0,21206000000,19.6716,1078000000,1078000000,USD,USD,USD,stockanalysis_fiscal_ai,2025-09-13,2025Q3,2025-09-30,2
QCOM,2025-12-28,2026,Q1,53034000000,23073000000.0,23073000000,21.3837,1070000000,1079000000,USD,USD,USD,stockanalysis_fiscal_ai,2025-12-13,2025Q4,2025-12-31,3
QCOM,2026-03-29,2026,Q2,57136000000,27278000000.0,27278000000,25.4459,1066000000,1072000000,USD,USD,USD,stockanalysis_fiscal_ai,2026-03-14,2026Q1,2026-03-31,2
ROP,2022-03-31,2022,Q1,25635800000,13551900000.0,13551900000,127.009,105600000,106700000,USD,USD,USD,stockanalysis_fiscal_ai,2022-03-16,2022Q1,2022-03-31,0
ROP,2022-06-30,2022,Q2,25350300000,13726500000.0,13726500000,128.525,105900000,106800000,USD,USD,USD,stockanalysis_fiscal_ai,2022-06-15,2022Q2,2022-06-30,0
ROP,2022-09-30,2022,Q3,24397200000,13857800000.0,13857800000,129.755,106000000,106800000,USD,USD,USD,stockanalysis_fiscal_ai,2022-09-15,2022Q3,2022-09-30,0
ROP,2022-12-31,2022,Q4,26980800000,16037800000.0,16037800000,150.167,106100000,106800000,USD,USD,USD,stockanalysis_fiscal_ai,2022-12-16,2022Q4,2022-12-31,0
ROP,2023-03-31,2023,Q1,27134800000,16332700000.0,16332700000,152.642,106300000,107000000,USD,USD,USD,stockanalysis_fiscal_ai,2023-03-16,2023Q1,2023-03-31,0
ROP,2023-06-30,2023,Q2,27460400000,16745900000.0,16745900000,155.921,106600000,107400000,USD,USD,USD,stockanalysis_fiscal_ai,2023-06-15,2023Q2,2023-06-30,0
ROP,2023-09-30,2023,Q3,28188000000,17038700000.0,17038700000,158.352,106700000,107600000,USD,USD,USD,stockanalysis_fiscal_ai,2023-09-15,2023Q3,2023-09-30,0
ROP,2023-12-31,2023,Q4,28167500000,17444800000.0,17444800000,161.976,106900000,107700000,USD,USD,USD,stockanalysis_fiscal_ai,2023-12-16,2023Q4,2023-12-31,0
ROP,2024-03-31,2024,Q1,29978500000,17797600000.0,17797600000,164.945,107000000,107900000,USD,USD,USD,stockanalysis_fiscal_ai,2024-03-16,2024Q1,2024-03-31,0
ROP,2024-06-30,2024,Q2,29847500000,18139000000.0,18139000000,168.109,107100000,107900000,USD,USD,USD,stockanalysis_fiscal_ai,2024-06-15,2024Q2,2024-06-30,0
ROP,2024-09-30,2024,Q3,31552700000,18515500000.0,18515500000,171.281,107200000,108100000,USD,USD,USD,stockanalysis_fiscal_ai,2024-09-15,2024Q3,2024-09-30,0
ROP,2024-12-31,2024,Q4,31334700000,18867600000.0,18867600000,174.538,107300000,108100000,USD,USD,USD,stockanalysis_fiscal_ai,2024-12-16,2024Q4,2024-12-31,0
ROP,2025-03-31,2025,Q1,31418800000,19223600000.0,19223600000,177.667,107400000,108200000,USD,USD,USD,stockanalysis_fiscal_ai,2025-03-16,2025Q1,2025-03-31,0
ROP,2025-06-30,2025,Q2,33220400000,19633900000.0,19633900000,181.125,107600000,108400000,USD,USD,USD,stockanalysis_fiscal_ai,2025-06-15,2025Q2,2025-06-30,0
ROP,2025-09-30,2025,Q3,34584400000,19992800000.0,19992800000,184.435,107600000,108400000,USD,USD,USD,stockanalysis_fiscal_ai,2025-09-15,2025Q3,2025-09-30,0
ROP,2025-12-31,2025,Q4,34577000000,19881500000.0,19881500000,184.429,107200000,107800000,USD,USD,USD,stockanalysis_fiscal_ai,2025-12-16,2025Q4,2025-12-31,0
ROP,2026-03-31,2026,Q1,34550800000,18818000000.0,18818000000,179.904,104300000,104600000,USD,USD,USD,stockanalysis_fiscal_ai,2026-03-16,2026Q1,2026-03-31,0
SNDK,2022-04-01,2022,Q3,15761000000,25954000000.0,25954000000,,,,USD,USD,USD,stockanalysis_fiscal_ai,2022-03-17,2022Q1,2022-03-31,1
SNDK,2022-07-01,2022,Q4,15761000000,25954000000.0,25954000000,,,,USD,USD,USD,stockanalysis_fiscal_ai,2022-06-16,2022Q2,2022-06-30,1
SNDK,2023-03-31,2023,Q3,14322000000,12106000000.0,12106000000,,,,USD,USD,USD,stockanalysis_fiscal_ai,2023-03-16,2023Q1,2023-03-31,0
SNDK,2023-06-30,2023,Q4,13820000000,22878000000.0,22878000000,,,,USD,USD,USD,stockanalysis_fiscal_ai,2023-06-15,2023Q2,2023-06-30,0
SNDK,2023-09-29,2024,Q1,13434000000,10925000000.0,10925000000,,,,USD,USD,USD,stockanalysis_fiscal_ai,2023-09-14,2023Q3,2023-09-30,1
SNDK,2023-12-29,2024,Q2,13338000000,10896000000.0,10896000000,,,,USD,USD,USD,stockanalysis_fiscal_ai,2023-12-14,2023Q4,2023-12-31,2
SNDK,2024-03-29,2024,Q3,13328000000,10939000000.0,10939000000,75.4414,145000000.0,145000000.0,USD,USD,USD,stockanalysis_fiscal_ai,2024-03-14,2024Q1,2024-03-31,2
SNDK,2024-06-28,2024,Q4,13506000000,11082000000.0,11082000000,76.4276,145000000.0,145000000.0,USD,USD,USD,stockanalysis_fiscal_ai,2024-06-13,2024Q2,2024-06-30,2
SNDK,2024-09-27,2025,Q1,13890000000,12126000000.0,12126000000,83.6276,145000000.0,145000000.0,USD,USD,USD,stockanalysis_fiscal_ai,2024-09-12,2024Q3,2024-09-30,3
SNDK,2024-12-27,2025,Q2,14234000000,24002000000.0,24002000000,165.531,145000000.0,145000000.0,USD,USD,USD,stockanalysis_fiscal_ai,2024-12-12,2024Q4,2024-12-31,4
SNDK,2025-03-28,2025,Q3,12960000000,9161000000.0,9161000000,63.1793,145000000.0,145000000.0,USD,USD,USD,stockanalysis_fiscal_ai,2025-03-13,2025Q1,2025-03-31,3
SNDK,2025-06-27,2025,Q4,12985000000,9216000000.0,9216000000,63.5586,145000000.0,145000000.0,USD,USD,USD,stockanalysis_fiscal_ai,2025-06-12,2025Q2,2025-06-30,3
SNDK,2025-10-03,2026,Q1,12749000000,9381000000.0,9381000000,62.9597,146000000.0,149000000.0,USD,USD,USD,stockanalysis_fiscal_ai,2025-09-18,2025Q3,2025-09-30,3
SNDK,2026-01-02,2026,Q2,12998000000,10213000000.0,10213000000,65.4679,147000000.0,156000000.0,USD,USD,USD,stockanalysis_fiscal_ai,2025-12-18,2025Q4,2025-12-31,2
SNDK,2026-04-03,2026,Q3,17075000000,13777000000.0,13777000000,87.7516,148000000.0,157000000.0,USD,USD,USD,stockanalysis_fiscal_ai,2026-03-19,2026Q1,2026-03-31,3
STX,2022-04-01,2022,Q3,9145000000,421000000.0,421000000,1.8964,218000000,222000000,USD,USD,USD,stockanalysis_fiscal_ai,2022-03-17,2022Q1,2022-03-31,1
STX,2022-07-01,2022,Q4,8944000000,109000000.0,109000000,0.502304,213000000,217000000,USD,USD,USD,stockanalysis_fiscal_ai,2022-06-16,2022Q2,2022-06-30,1
STX,2022-09-30,2023,Q1,8611000000,-351000000.0,-351000000,-1.67143,208000000,210000000,USD,USD,USD,stockanalysis_fiscal_ai,2022-09-15,2022Q3,2022-09-30,0
STX,2022-12-30,2023,Q2,7867000000,-470000000.0,-470000000,-2.28155,206000000,206000000,USD,USD,USD,stockanalysis_fiscal_ai,2022-12-15,2022Q4,2022-12-31,1
STX,2023-03-31,2023,Q3,7967000000,-1004000000.0,-1004000000,-4.85024,207000000,207000000,USD,USD,USD,stockanalysis_fiscal_ai,2023-03-16,2023Q1,2023-03-31,0
STX,2023-06-30,2023,Q4,7556000000,-1199000000.0,-1199000000,-5.79227,207000000,207000000,USD,USD,USD,stockanalysis_fiscal_ai,2023-06-15,2023Q2,2023-06-30,0
STX,2023-09-29,2024,Q1,7196000000,-1702000000.0,-1702000000,-8.18269,208000000,208000000,USD,USD,USD,stockanalysis_fiscal_ai,2023-09-14,2023Q3,2023-09-30,1
STX,2023-12-29,2024,Q2,7149000000,-1814000000.0,-1814000000,-8.67943,209000000,209000000,USD,USD,USD,stockanalysis_fiscal_ai,2023-12-14,2023Q4,2023-12-31,2
STX,2024-03-29,2024,Q3,7096000000,-1889000000.0,-1889000000,-8.86854,210000000,213000000,USD,USD,USD,stockanalysis_fiscal_ai,2024-03-14,2024Q1,2024-03-31,2
STX,2024-06-28,2024,Q4,7739000000,-1491000000.0,-1491000000,-6.93488,210000000,215000000,USD,USD,USD,stockanalysis_fiscal_ai,2024-06-13,2024Q2,2024-06-30,2
STX,2024-09-27,2025,Q1,7972000000,-1300000000.0,-1300000000,-6.01852,211000000,216000000,USD,USD,USD,stockanalysis_fiscal_ai,2024-09-12,2024Q3,2024-09-30,3
STX,2024-12-27,2025,Q2,7959000000,-1079000000.0,-1079000000,-4.97235,212000000,217000000,USD,USD,USD,stockanalysis_fiscal_ai,2024-12-12,2024Q4,2024-12-31,4
STX,2025-03-28,2025,Q3,7564000000,-829000000.0,-829000000,-3.83796,212000000,216000000,USD,USD,USD,stockanalysis_fiscal_ai,2025-03-13,2025Q1,2025-03-31,3
STX,2025-06-27,2025,Q4,8023000000,-453000000.0,-453000000,-2.07798,212000000,218000000,USD,USD,USD,stockanalysis_fiscal_ai,2025-06-12,2025Q2,2025-06-30,3
STX,2025-10-03,2026,Q1,8442000000,-63000000.0,-63000000,-0.278761,213000000,226000000,USD,USD,USD,stockanalysis_fiscal_ai,2025-09-18,2025Q3,2025-09-30,3
STX,2026-01-02,2026,Q2,8708000000,459000000.0,459000000,2.01316,216000000,228000000,USD,USD,USD,stockanalysis_fiscal_ai,2025-12-18,2025Q4,2025-12-31,2
STX,2026-04-03,2026,Q3,8892000000,1095000000.0,1095000000,4.78166,221000000,229000000,USD,USD,USD,stockanalysis_fiscal_ai,2026-03-19,2026Q1,2026-03-31,3
SHOP,2022-03-31,2022,Q1,11834457000,9789595000.0,,,1260130660,1260130660,USD,USD,USD,stockanalysis_fiscal_ai,2022-03-16,2022Q1,2022-03-31,0
SHOP,2022-06-30,2022,Q2,10747630000,8717128000.0,,,1262011665,1262011665,USD,USD,USD,stockanalysis_fiscal_ai,2022-06-15,2022Q2,2022-06-30,0
SHOP,2022-09-30,2022,Q3,11203285000,8693008000.0,,,1269425226,1269425226,USD,USD,USD,stockanalysis_fiscal_ai,2022-09-15,2022Q3,2022-09-30,0
SHOP,2022-12-31,2022,Q4,10757000000,8239000000.0,,,1273338804,1273338804,USD,USD,USD,stockanalysis_fiscal_ai,2022-12-16,2022Q4,2022-12-31,0
SHOP,2023-03-31,2023,Q1,10964000000,8457000000.0,,,1276884726,1291682051,USD,USD,USD,stockanalysis_fiscal_ai,2023-03-16,2023Q1,2023-03-31,0
SHOP,2023-06-30,2023,Q2,9703000000,7463000000.0,,,1280407642,1280407642,USD,USD,USD,stockanalysis_fiscal_ai,2023-06-15,2023Q2,2023-06-30,0
SHOP,2023-09-30,2023,Q3,10464000000,8284000000.0,,,1283329213,1295830188,USD,USD,USD,stockanalysis_fiscal_ai,2023-09-15,2023Q3,2023-09-30,0
SHOP,2023-12-31,2023,Q4,11299000000,9066000000.0,,,1285498532,1297295576,USD,USD,USD,stockanalysis_fiscal_ai,2023-12-16,2023Q4,2023-12-31,0
SHOP,2024-03-31,2024,Q1,11112000000,8893000000.0,,,1287376719,1287376719,USD,USD,USD,stockanalysis_fiscal_ai,2024-03-16,2024Q1,2024-03-31,0
SHOP,2024-06-30,2024,Q2,11346000000,9172000000.0,,,1288900183,1299913079,USD,USD,USD,stockanalysis_fiscal_ai,2024-06-15,2024Q2,2024-06-30,0
SHOP,2024-09-30,2024,Q3,12329000000,10118000000.0,,,1290585426,1301600656,USD,USD,USD,stockanalysis_fiscal_ai,2024-09-15,2024Q3,2024-09-30,0
SHOP,2024-12-31,2024,Q4,13924000000,11558000000.0,,,1292368307,1304787933,USD,USD,USD,stockanalysis_fiscal_ai,2024-12-16,2024Q4,2024-12-31,0
SHOP,2025-03-31,2025,Q1,13400000000,11051000000.0,,,1295377376,1295377376,USD,USD,USD,stockanalysis_fiscal_ai,2025-03-16,2025Q1,2025-03-31,0
SHOP,2025-06-30,2025,Q2,14561000000,12124000000.0,,,1297746050,1308993838,USD,USD,USD,stockanalysis_fiscal_ai,2025-06-15,2025Q2,2025-06-30,0
SHOP,2025-09-30,2025,Q3,15039000000,12511000000.0,,,1300069685,1312872709,USD,USD,USD,stockanalysis_fiscal_ai,2025-09-15,2025Q3,2025-09-30,0
SHOP,2025-12-31,2025,Q4,15189000000,13473000000.0,,,1302528869,1302528869,USD,USD,USD,stockanalysis_fiscal_ai,2025-12-16,2025Q4,2025-12-31,0
SHOP,2026-03-31,2026,Q1,14121000000,12501000000.0,,,1303357874,1303357874,USD,USD,USD,stockanalysis_fiscal_ai,2026-03-16,2026Q1,2026-03-31,0
MSTR,2022-03-31,2022,Q1,3638390000,862999000.0,862999000,7.6446,,,USD,USD,USD,stockanalysis_fiscal_ai,2022-03-16,2022Q1,2022-03-31,0
MSTR,2022-06-30,2022,Q2,2568370000,-187068000.0,-187068000,-1.65547,,,USD,USD,USD,stockanalysis_fiscal_ai,2022-06-15,2022Q2,2022-06-30,0
MSTR,2022-09-30,2022,Q3,2545290000,-200289000.0,-200289000,-1.77122,,,USD,USD,USD,stockanalysis_fiscal_ai,2022-09-15,2022Q3,2022-09-30,0
MSTR,2022-12-31,2022,Q4,2410270000,-383120000.0,-383120000,-3.36483,113860000.0,113860000.0,USD,USD,USD,stockanalysis_fiscal_ai,2022-12-16,2022Q4,2022-12-31,0
MSTR,2023-03-31,2023,Q1,3026400000,443211000.0,443211000,3.0409,118340000.0,145750000.0,USD,USD,USD,stockanalysis_fiscal_ai,2023-03-16,2023Q1,2023-03-31,0
MSTR,2023-09-30,2023,Q3,3373940000,840395000.0,840395000,5.90937,142214000.0,142214000.0,USD,USD,USD,stockanalysis_fiscal_ai,2023-09-15,2023Q3,2023-09-30,0
MSTR,2023-12-31,2023,Q4,4762530000,2164970000.0,2164970000,11.7817,153361000.0,183757000.0,USD,USD,USD,stockanalysis_fiscal_ai,2023-12-16,2023Q4,2023-12-31,0
MSTR,2024-03-31,2024,Q1,6351540000,2400110000.0,2400110000,13.9588,171942000.0,171942000.0,USD,USD,USD,stockanalysis_fiscal_ai,2024-03-16,2024Q1,2024-03-31,0
MSTR,2024-06-30,2024,Q2,7053070000,2834800000.0,2834800000,15.8717,178607000.0,178607000.0,USD,USD,USD,stockanalysis_fiscal_ai,2024-06-15,2024Q2,2024-06-30,0
MSTR,2024-09-30,2024,Q3,8343580000,3773650000.0,3773650000,19.1291,197273000.0,197273000.0,USD,USD,USD,stockanalysis_fiscal_ai,2024-09-15,2024Q3,2024-09-30,0
MSTR,2024-12-31,2024,Q4,25843700000,18230000000.0,18230000000,82.2623,221608000.0,221608000.0,USD,USD,USD,stockanalysis_fiscal_ai,2024-12-16,2024Q4,2024-12-31,0
MSTR,2025-03-31,2025,Q1,43919800000,33525700000.0,32221200000,125.632,256473000.0,256473000.0,USD,USD,USD,stockanalysis_fiscal_ai,2025-03-16,2025Q1,2025-03-31,0
MSTR,2025-06-30,2025,Q2,64773400000,50371000000.0,47477000000,154.767,275244000.0,306764000.0,USD,USD,USD,stockanalysis_fiscal_ai,2025-06-15,2025Q2,2025-06-30,0
MSTR,2025-09-30,2025,Q3,73619000000,58117000000.0,52330700000,165.922,284376000.0,315393000.0,USD,USD,USD,stockanalysis_fiscal_ai,2025-09-15,2025Q3,2025-09-30,0
MSTR,2025-12-31,2025,Q4,61641100000,51043000000.0,44123500000,150.081,293998000.0,293998000.0,USD,USD,USD,stockanalysis_fiscal_ai,2025-12-16,2025Q4,2025-12-31,0
MSTR,2026-03-31,2026,Q1,54268800000,45636300000.0,36651400000,109.763,333913000.0,333913000.0,USD,USD,USD,stockanalysis_fiscal_ai,2026-03-16,2026Q1,2026-03-31,0
SNPS,2022-01-31,2022,Q1,8901350000,5390230000.0,5386770000,34.2511,153218000,157273000,USD,USD,USD,stockanalysis_fiscal_ai,2022-01-16,2022Q1,2022-03-31,59
SNPS,2022-04-30,2022,Q2,9210380000,5567430000.0,5564310000,35.6305,153090000,156167000,USD,USD,USD,stockanalysis_fiscal_ai,2022-04-15,2022Q2,2022-06-30,61
SNPS,2022-07-31,2022,Q3,9329550000,5608130000.0,5604030000,35.968,152938000,155806000,USD,USD,USD,stockanalysis_fiscal_ai,2022-07-16,2022Q3,2022-09-30,61
SNPS,2022-10-31,2022,Q4,9418090000,5520530000.0,5515730000,35.4142,152761000,155749000,USD,USD,USD,stockanalysis_fiscal_ai,2022-10-16,2022Q4,2022-12-31,61
SNPS,2023-01-31,2023,Q1,9565620000,5642700000.0,5636750000,36.3483,152401000,155076000,USD,USD,USD,stockanalysis_fiscal_ai,2023-01-16,2023Q1,2023-03-31,59
SNPS,2023-04-30,2023,Q2,9790730000,5836950000.0,5831860000,37.6906,152187000,154730000,USD,USD,USD,stockanalysis_fiscal_ai,2023-04-15,2023Q2,2023-06-30,61
SNPS,2023-07-31,2023,Q3,9923230000,5964000000.0,5958560000,38.4554,152023000,154947000,USD,USD,USD,stockanalysis_fiscal_ai,2023-07-16,2023Q3,2023-09-30,61
SNPS,2023-10-31,2023,Q4,10333100000,6153260000.0,6147310000,39.6998,151972000,154845000,USD,USD,USD,stockanalysis_fiscal_ai,2023-10-16,2023Q4,2023-12-31,61
SNPS,2024-01-31,2024,Q1,10558300000,6675570000.0,6670980000,42.9461,152311000,155334000,USD,USD,USD,stockanalysis_fiscal_ai,2024-01-16,2024Q1,2024-03-31,60
SNPS,2024-04-30,2024,Q2,11011800000,7157800000.0,7153160000,45.9213,152971000,155770000,USD,USD,USD,stockanalysis_fiscal_ai,2024-04-15,2024Q2,2024-06-30,61
SNPS,2024-07-31,2024,Q3,11648700000,7714370000.0,7709400000,49.3777,153417000,156131000,USD,USD,USD,stockanalysis_fiscal_ai,2024-07-16,2024Q3,2024-09-30,61
SNPS,2024-11-02,2024,Q4,13073600000,8993210000.0,8990700000,58.3388,154112000,154112000,USD,USD,USD,stockanalysis_fiscal_ai,2024-10-18,2024Q4,2024-12-31,59
SNPS,2025-01-31,2025,Q1,13041100000,9304900000.0,9304790000,59.5739,154408000,156189000,USD,USD,USD,stockanalysis_fiscal_ai,2025-01-16,2025Q1,2025-03-31,59
SNPS,2025-04-30,2025,Q2,23756500000,9915610000.0,9915720000,63.5265,154927000,156088000,USD,USD,USD,stockanalysis_fiscal_ai,2025-04-15,2025Q2,2025-06-30,61
SNPS,2025-07-31,2025,Q3,48230300000,27614200000.0,27614500000,170.795,160174000,161682000,USD,USD,USD,stockanalysis_fiscal_ai,2025-07-16,2025Q3,2025-09-30,61
SNPS,2025-10-31,2025,Q4,48224500000,28327000000.0,28327600000,151.079,185779000,187502000,USD,USD,USD,stockanalysis_fiscal_ai,2025-10-16,2025Q4,2025-12-31,61
SNPS,2026-01-31,2026,Q1,47237900000,30548000000.0,30548800000,160.141,189593000,190762000,USD,USD,USD,stockanalysis_fiscal_ai,2026-01-16,2026Q1,2026-03-31,59
TXN,2022-03-31,2022,Q1,25276000000,14017000000.0,14017000000,15.0075,923000000,934000000,USD,USD,USD,stockanalysis_fiscal_ai,2022-03-16,2022Q1,2022-03-31,0
TXN,2022-06-30,2022,Q2,24723000000,14092000000.0,14092000000,15.1527,920000000,930000000,USD,USD,USD,stockanalysis_fiscal_ai,2022-06-15,2022Q2,2022-06-30,0
TXN,2022-09-30,2022,Q3,26057000000,14507000000.0,14507000000,15.7172,913000000,923000000,USD,USD,USD,stockanalysis_fiscal_ai,2022-09-15,2022Q3,2022-09-30,0
TXN,2022-12-31,2022,Q4,27207000000,14577000000.0,14577000000,15.9138,906000000,916000000,USD,USD,USD,stockanalysis_fiscal_ai,2022-12-16,2022Q4,2022-12-31,0
TXN,2023-03-31,2023,Q1,29220000000,15243000000.0,15243000000,16.6408,907000000,916000000,USD,USD,USD,stockanalysis_fiscal_ai,2023-03-16,2023Q1,2023-03-31,0
TXN,2023-06-30,2023,Q2,30939000000,15940000000.0,15940000000,17.4017,908000000,916000000,USD,USD,USD,stockanalysis_fiscal_ai,2023-06-15,2023Q2,2023-06-30,0
TXN,2023-09-30,2023,Q3,31638000000,16631000000.0,16631000000,18.1561,908000000,916000000,USD,USD,USD,stockanalysis_fiscal_ai,2023-09-15,2023Q3,2023-09-30,0
TXN,2023-12-31,2023,Q4,32348000000,16897000000.0,16897000000,18.4667,908000000,915000000,USD,USD,USD,stockanalysis_fiscal_ai,2023-12-16,2023Q4,2023-12-31,0
TXN,2024-03-31,2024,Q1,34885000000,16983000000.0,16983000000,18.5202,910000000,917000000,USD,USD,USD,stockanalysis_fiscal_ai,2024-03-16,2024Q1,2024-03-31,0
TXN,2024-06-30,2024,Q2,35048000000,17214000000.0,17214000000,18.7312,912000000,919000000,USD,USD,USD,stockanalysis_fiscal_ai,2024-06-15,2024Q2,2024-06-30,0
TXN,2024-09-30,2024,Q3,35321000000,17268000000.0,17268000000,18.7696,913000000,920000000,USD,USD,USD,stockanalysis_fiscal_ai,2024-09-15,2024Q3,2024-09-30,0
TXN,2024-12-31,2024,Q4,35509000000,16903000000.0,16903000000,18.3928,912000000,919000000,USD,USD,USD,stockanalysis_fiscal_ai,2024-12-16,2024Q4,2024-12-31,0
TXN,2025-03-31,2025,Q1,33757000000,16406000000.0,16406000000,17.9105,910000000,916000000,USD,USD,USD,stockanalysis_fiscal_ai,2025-03-16,2025Q1,2025-03-31,0
TXN,2025-06-30,2025,Q2,34933000000,16403000000.0,16403000000,17.9857,908000000,912000000,USD,USD,USD,stockanalysis_fiscal_ai,2025-06-15,2025Q2,2025-06-30,0
TXN,2025-09-30,2025,Q3,35004000000,16627000000.0,16627000000,18.1915,909000000,914000000,USD,USD,USD,stockanalysis_fiscal_ai,2025-09-15,2025Q3,2025-09-30,0
TXN,2025-12-31,2025,Q4,34585000000,16273000000.0,16273000000,17.8628,907000000,911000000,USD,USD,USD,stockanalysis_fiscal_ai,2025-12-16,2025Q4,2025-12-31,0
TXN,2026-03-31,2026,Q1,34393000000,16778000000.0,16778000000,18.3567,909000000,914000000,USD,USD,USD,stockanalysis_fiscal_ai,2026-03-16,2026Q1,2026-03-31,0
TRI,2022-03-31,2022,Q1,22829000000,14625000000.0,14625000000,31.6089,461922000,462686000,USD,USD,USD,stockanalysis_fiscal_ai,2022-03-16,2022Q1,2022-03-31,0
TRI,2022-06-30,2022,Q2,21799000000,13353000000.0,13353000000,27.8391,479649000,479649000,USD,USD,USD,stockanalysis_fiscal_ai,2022-06-15,2022Q2,2022-06-30,0
TRI,2022-09-30,2022,Q3,21162000000,12278000000.0,12278000000,25.7715,475644000,476417000,USD,USD,USD,stockanalysis_fiscal_ai,2022-09-15,2022Q3,2022-09-30,0
TRI,2022-12-31,2022,Q4,21711000000,11885000000.0,11885000000,25.1741,471214000,472112000,USD,USD,USD,stockanalysis_fiscal_ai,2022-12-16,2022Q4,2022-12-31,0
TRI,2023-03-31,2023,Q1,21035000000,12479000000.0,12479000000,26.7307,465962000,466842000,USD,USD,USD,stockanalysis_fiscal_ai,2023-03-16,2023Q1,2023-03-31,0
TRI,2023-06-30,2023,Q2,20889000000,11201000000.0,11201000000,24.186,462504000,463120000,USD,USD,USD,stockanalysis_fiscal_ai,2023-06-15,2023Q2,2023-06-30,0
TRI,2023-09-30,2023,Q3,19349000000,11192000000.0,11192000000,24.9254,448426000,449021000,USD,USD,USD,stockanalysis_fiscal_ai,2023-09-15,2023Q3,2023-09-30,0
TRI,2023-12-31,2023,Q4,18684000000,11064000000.0,11064000000,24.6884,447493000,448146000,USD,USD,USD,stockanalysis_fiscal_ai,2023-12-16,2023Q4,2023-12-31,0
TRI,2024-03-31,2024,Q1,18816000000,11035000000.0,11035000000,24.7513,445145000,445835000,USD,USD,USD,stockanalysis_fiscal_ai,2024-03-16,2024Q1,2024-03-31,0
TRI,2024-06-30,2024,Q2,18378000000,11616000000.0,11616000000,26.1651,443411000,443949000,USD,USD,USD,stockanalysis_fiscal_ai,2024-06-15,2024Q2,2024-06-30,0
TRI,2024-09-30,2024,Q3,18431000000,11873000000.0,11873000000,26.7709,442941000,443504000,USD,USD,USD,stockanalysis_fiscal_ai,2024-09-15,2024Q3,2024-09-30,0
TRI,2024-12-31,2024,Q4,18437000000,12006000000.0,12006000000,27.0623,443128000,443643000,USD,USD,USD,stockanalysis_fiscal_ai,2024-12-16,2024Q4,2024-12-31,0
TRI,2025-03-31,2025,Q1,18478000000,12296000000.0,12296000000,27.2742,450290000,450829000,USD,USD,USD,stockanalysis_fiscal_ai,2025-03-16,2025Q1,2025-03-31,0
TRI,2025-06-30,2025,Q2,17966000000,12616000000.0,12616000000,28.3992,443715000,444238000,USD,USD,USD,stockanalysis_fiscal_ai,2025-06-15,2025Q2,2025-06-30,0
TRI,2025-09-30,2025,Q3,17850000000,11761000000.0,11761000000,26.5287,442839000,443331000,USD,USD,USD,stockanalysis_fiscal_ai,2025-09-15,2025Q3,2025-09-30,0
TRI,2025-12-31,2025,Q4,17940000000,11914000000.0,11914000000,27.1564,438341000,438718000,USD,USD,USD,stockanalysis_fiscal_ai,2025-12-16,2025Q4,2025-12-31,0
TRI,2026-03-31,2026,Q1,17944000000,11812000000.0,11812000000,26.5643,444562000,444657000,USD,USD,USD,stockanalysis_fiscal_ai,2026-03-16,2026Q1,2026-03-31,0
WDC,2022-04-01,2022,Q3,25699000000,11984000000.0,11984000000,37.9241,313000000,316000000,USD,USD,USD,stockanalysis_fiscal_ai,2022-03-17,2022Q1,2022-03-31,1
WDC,2022-07-01,2022,Q4,26259000000,12221000000.0,12221000000,38.4308,314000000,318000000,USD,USD,USD,stockanalysis_fiscal_ai,2022-06-16,2022Q2,2022-06-30,1
WDC,2022-09-30,2023,Q1,25686000000,12107000000.0,12107000000,37.953,316000000,319000000,USD,USD,USD,stockanalysis_fiscal_ai,2022-09-15,2022Q3,2022-09-30,0
WDC,2022-12-30,2023,Q2,25047000000,12115000000.0,12115000000,38.0975,318000000,318000000,USD,USD,USD,stockanalysis_fiscal_ai,2022-12-15,2022Q4,2022-12-31,1
WDC,2023-03-31,2023,Q3,25151000000,12487000000.0,11611000000,36.3981,319000000,319000000,USD,USD,USD,stockanalysis_fiscal_ai,2023-03-16,2023Q1,2023-03-31,0
WDC,2023-06-30,2023,Q4,24546000000,11840000000.0,10964000000,34.1558,321000000,321000000,USD,USD,USD,stockanalysis_fiscal_ai,2023-06-15,2023Q2,2023-06-30,0
WDC,2023-09-29,2024,Q1,24001000000,10989000000.0,10113000000,31.3096,323000000,323000000,USD,USD,USD,stockanalysis_fiscal_ai,2023-09-14,2023Q3,2023-09-30,1
WDC,2023-12-29,2024,Q2,24385000000,10944000000.0,10068000000,30.9785,325000000,325000000,USD,USD,USD,stockanalysis_fiscal_ai,2023-12-14,2023Q4,2023-12-31,2
WDC,2024-03-29,2024,Q3,23801000000,10997000000.0,10121000000,30.2119,326000000,335000000,USD,USD,USD,stockanalysis_fiscal_ai,2024-03-14,2024Q1,2024-03-31,2
WDC,2024-06-28,2024,Q4,24188000000,11047000000.0,10818000000,32.4865,333000000,333000000,USD,USD,USD,stockanalysis_fiscal_ai,2024-06-13,2024Q2,2024-06-30,2
WDC,2024-09-27,2025,Q1,24771000000,11872000000.0,11643000000,32.6134,344000000,357000000,USD,USD,USD,stockanalysis_fiscal_ai,2024-09-12,2024Q3,2024-09-30,3
WDC,2024-12-27,2025,Q2,25456000000,12346000000.0,12117000000,33.9412,346000000,357000000,USD,USD,USD,stockanalysis_fiscal_ai,2024-12-12,2024Q4,2024-12-31,4
WDC,2025-03-28,2025,Q3,16368000000,5406000000.0,5177000000,14.4609,348000000,358000000,USD,USD,USD,stockanalysis_fiscal_ai,2025-03-13,2025Q1,2025-03-31,3
WDC,2025-06-27,2025,Q4,14002000000,5540000000.0,5311000000,14.6713,348000000,362000000,USD,USD,USD,stockanalysis_fiscal_ai,2025-06-12,2025Q2,2025-06-30,3
WDC,2025-10-03,2026,Q1,14359000000,6117000000.0,5888000000,15.6596,345000000,376000000,USD,USD,USD,stockanalysis_fiscal_ai,2025-09-18,2025Q3,2025-09-30,3
WDC,2026-01-02,2026,Q2,15611000000,7340000000.0,7111000000,18.664,341000000,381000000,USD,USD,USD,stockanalysis_fiscal_ai,2025-12-18,2025Q4,2025-12-31,2
WDC,2026-04-03,2026,Q3,15045000000,9680000000.0,9680000000,25.0129,342000000,387000000,USD,USD,USD,stockanalysis_fiscal_ai,2026-03-19,2026Q1,2026-03-31,3
WDAY,2022-01-31,2022,Q4,10498500000,4535080000.0,4535080000,18.1372,250043000,250043000,USD,USD,USD,stockanalysis_fiscal_ai,2022-01-16,2022Q1,2022-03-31,59
WDAY,2022-04-30,2023,Q1,12799100000,4780810000.0,4780810000,18.9908,251743000,251743000,USD,USD,USD,stockanalysis_fiscal_ai,2022-04-15,2022Q2,2022-06-30,61
WDAY,2022-07-31,2023,Q2,13249600000,5127810000.0,5127810000,20.16,254355000,254355000,USD,USD,USD,stockanalysis_fiscal_ai,2022-07-16,2022Q3,2022-09-30,61
WDAY,2022-10-31,2023,Q3,12389800000,5409110000.0,5409110000,21.1497,255753000,255753000,USD,USD,USD,stockanalysis_fiscal_ai,2022-10-16,2022Q4,2022-12-31,61
WDAY,2023-01-31,2023,Q4,13486000000,5585000000.0,5585000000,21.7043,257322000,257322000,USD,USD,USD,stockanalysis_fiscal_ai,2023-01-16,2023Q1,2023-03-31,59
WDAY,2023-04-30,2024,Q1,13252800000,5941860000.0,5941860000,22.7334,258820000,261371000,USD,USD,USD,stockanalysis_fiscal_ai,2023-04-15,2023Q2,2023-06-30,61
WDAY,2023-07-31,2024,Q2,13735300000,6274550000.0,6274550000,23.7281,261191000,264435000,USD,USD,USD,stockanalysis_fiscal_ai,2023-07-16,2023Q3,2023-09-30,61
WDAY,2023-10-31,2024,Q3,13925900000,6624920000.0,6624920000,24.8705,262153000,266377000,USD,USD,USD,stockanalysis_fiscal_ai,2023-10-16,2023Q4,2023-12-31,61
WDAY,2024-01-31,2024,Q4,16452000000,8082000000.0,8082000000,30.0622,263102000,268843000,USD,USD,USD,stockanalysis_fiscal_ai,2024-01-16,2024Q1,2024-03-31,60
WDAY,2024-04-30,2025,Q1,15941000000,8163000000.0,8163000000,30.2,264444000,270298000,USD,USD,USD,stockanalysis_fiscal_ai,2024-04-15,2024Q2,2024-06-30,61
WDAY,2024-07-31,2025,Q2,16234000000,8345000000.0,8345000000,31.144,265317000,267949000,USD,USD,USD,stockanalysis_fiscal_ai,2024-07-16,2024Q3,2024-09-30,61
WDAY,2024-10-31,2025,Q3,16424000000,8624000000.0,8624000000,32.1133,265411000,268549000,USD,USD,USD,stockanalysis_fiscal_ai,2024-10-16,2024Q4,2024-12-31,61
WDAY,2025-01-31,2025,Q4,17977000000,9034000000.0,9034000000,33.4584,265837000,270007000,USD,USD,USD,stockanalysis_fiscal_ai,2025-01-16,2025Q1,2025-03-31,59
WDAY,2025-04-30,2026,Q1,17212000000,8919000000.0,8919000000,32.9972,266516000,270296000,USD,USD,USD,stockanalysis_fiscal_ai,2025-04-15,2025Q2,2025-06-30,61
WDAY,2025-07-31,2026,Q2,17961000000,9172000000.0,9172000000,33.9477,266777000,270180000,USD,USD,USD,stockanalysis_fiscal_ai,2025-07-16,2025Q3,2025-09-30,61
WDAY,2025-10-31,2026,Q3,17751000000,8879000000.0,8879000000,33.053,265870000,268629000,USD,USD,USD,stockanalysis_fiscal_ai,2025-10-16,2025Q4,2025-12-31,61
WDAY,2026-01-31,2026,Q4,18074000000,7805000000.0,7805000000,29.6305,261273000,263411000,USD,USD,USD,stockanalysis_fiscal_ai,2026-01-16,2026Q1,2026-03-31,59
ZS,2022-01-31,2022,Q2,2422021000,539367000.0,539367000,3.8385,,,USD,USD,USD,stockanalysis_fiscal_ai,2022-01-16,2022Q1,2022-03-31,59
ZS,2022-04-30,2022,Q3,2524544000,531577000.0,531577000,3.7588,,,USD,USD,USD,stockanalysis_fiscal_ai,2022-04-15,2022Q2,2022-06-30,61
ZS,2022-07-31,2022,Q4,2832665000,573300000.0,573300000,4.02726,,,USD,USD,USD,stockanalysis_fiscal_ai,2022-07-16,2022Q3,2022-09-30,61
ZS,2022-10-31,2023,Q1,2835732000,431275000.0,431275000,3.0059,,,USD,USD,USD,stockanalysis_fiscal_ai,2022-10-16,2022Q4,2022-12-31,61
ZS,2023-01-31,2023,Q2,3039956000,528657000.0,528657000,3.65825,,,USD,USD,USD,stockanalysis_fiscal_ai,2023-01-16,2023Q1,2023-03-31,59
ZS,2023-04-30,2023,Q3,3200712000,601274000.0,601274000,4.13662,,,USD,USD,USD,stockanalysis_fiscal_ai,2023-04-15,2023Q2,2023-06-30,61
ZS,2023-07-31,2023,Q4,3608317000,725112000.0,725112000,4.95214,,,USD,USD,USD,stockanalysis_fiscal_ai,2023-07-16,2023Q3,2023-09-30,61
ZS,2023-10-31,2024,Q1,3635584000,807525000.0,807525000,5.47011,,,USD,USD,USD,stockanalysis_fiscal_ai,2023-10-16,2023Q4,2023-12-31,61
ZS,2024-01-31,2024,Q2,3934226000,958856000.0,958856000,6.43739,,,USD,USD,USD,stockanalysis_fiscal_ai,2024-01-16,2024Q1,2024-03-31,60
ZS,2024-04-30,2024,Q3,4198751000,1093139000.0,1093139000,7.09457,,,USD,USD,USD,stockanalysis_fiscal_ai,2024-04-15,2024Q2,2024-06-30,61
ZS,2024-07-31,2024,Q4,4704968000,1274102000.0,1274102000,8.41008,,,USD,USD,USD,stockanalysis_fiscal_ai,2024-07-16,2024Q3,2024-09-30,61
ZS,2024-10-31,2025,Q1,4709002000,1428545000.0,1428545000,9.36401,,,USD,USD,USD,stockanalysis_fiscal_ai,2024-10-16,2024Q4,2024-12-31,61
ZS,2025-01-31,2025,Q2,5005968000,1607346000.0,1607346000,10.4596,,,USD,USD,USD,stockanalysis_fiscal_ai,2025-01-16,2025Q1,2025-03-31,59
ZS,2025-04-30,2025,Q3,5339628000,1804939000.0,1804939000,11.6516,,,USD,USD,USD,stockanalysis_fiscal_ai,2025-04-15,2025Q2,2025-06-30,61
ZS,2025-07-31,2025,Q4,6419888000,1799273000.0,1799273000,11.4972,,,USD,USD,USD,stockanalysis_fiscal_ai,2025-07-16,2025Q3,2025-09-30,61
ZS,2025-10-31,2026,Q1,6503087000,1982328000.0,1982328000,12.4992,,,USD,USD,USD,stockanalysis_fiscal_ai,2025-10-16,2025Q4,2025-12-31,61
ZS,2026-01-31,2026,Q2,6753828000,2195948000.0,2195948000,13.7519,,,USD,USD,USD,stockanalysis_fiscal_ai,2026-01-16,2026Q1,2026-03-31,59
