ticker,company,sec_cik,sec_title,gics_sector,index_tag,is_main_ndxt,is_sox_robustness,calendar_quarter,period_end_date,quarter_anchor_date,calendar_quarter_end_date,days_from_calendar_quarter_end,fiscal_year,fiscal_quarter,financial_currency,price_currency,total_assets,stockholders_equity,book_value,book_value_per_share,shares_basic,shares_diluted,implied_shares_from_book_value,shares_for_market_cap,shares_for_market_cap_source,quarter_price_date,quarter_end_close_usd,quarter_end_market_cap_usd,source,financial_fx_date,financial_fx_to_usd,financial_fx_symbol,total_assets_usd,stockholders_equity_usd,book_value_usd,size_log_assets,bm_ratio
AAPL,Apple Inc.,0000320193,Apple Inc.,Technology,ndxt_only,True,False,2022Q1,2022-03-26,2022-03-11,2022-03-31,5,2022,Q2,USD,USD,350662000000,67399000000.0,67399000000.0,4.10886,16278800000.0,16403300000.0,16403333284.658031,16403300000.0,shares_diluted,2022-03-25,174.72000122070312,2865984596023.5596,stockanalysis_fiscal_ai,2022-03-26,1.0,USD,350662000000.0,67399000000.0,67399000000.0,26.583088633502612,0.023516874477801958
AAPL,Apple Inc.,0000320193,Apple Inc.,Technology,ndxt_only,True,False,2022Q2,2022-06-25,2022-06-10,2022-06-30,5,2022,Q3,USD,USD,336309000000,58107000000.0,58107000000.0,3.57313,16162900000.0,16262200000.0,16262212681.878353,16262200000.0,shares_diluted,2022-06-24,141.66000366210938,2303703311553.955,stockanalysis_fiscal_ai,2022-06-25,1.0,USD,336309000000.0,58107000000.0,58107000000.0,26.541296217154347,0.025223300113591505
AAPL,Apple Inc.,0000320193,Apple Inc.,Technology,ndxt_only,True,False,2022Q3,2022-09-24,2022-09-09,2022-09-30,6,2022,Q4,USD,USD,352755000000,50672000000.0,50672000000.0,3.14372,16030400000.0,16118500000.0,16118483834.43818,16118500000.0,shares_diluted,2022-09-23,150.42999267578125,2424705836944.58,stockanalysis_fiscal_ai,2022-09-24,1.0,USD,352755000000.0,50672000000.0,50672000000.0,26.589039601923314,0.020898205146341706
AAPL,Apple Inc.,0000320193,Apple Inc.,Technology,ndxt_only,True,False,2022Q4,2022-12-31,2022-12-16,2022-12-31,0,2023,Q1,USD,USD,346747000000,56727000000.0,56727000000.0,3.55528,15892700000.0,15955700000.0,15955705317.162079,15955700000.0,shares_diluted,2022-12-30,129.92999267578125,2073123984136.963,stockanalysis_fiscal_ai,2022-12-31,1.0,USD,346747000000.0,56727000000.0,56727000000.0,26.571861244337523,0.027363052298878945
AAPL,Apple Inc.,0000320193,Apple Inc.,Technology,ndxt_only,True,False,2023Q1,2023-04-01,2023-03-17,2023-03-31,1,2023,Q2,USD,USD,332160000000,62158000000.0,62158000000.0,3.92237,15787200000.0,15847100000.0,15847051654.994303,15847100000.0,shares_diluted,2023-03-31,164.89999389648438,2613186693276.9775,stockanalysis_fiscal_ai,2023-04-01,1.0,USD,332160000000.0,62158000000.0,62158000000.0,26.52888261748388,0.02378628368187995
AAPL,Apple Inc.,0000320193,Apple Inc.,Technology,ndxt_only,True,False,2023Q2,2023-07-01,2023-06-16,2023-06-30,1,2023,Q3,USD,USD,335038000000,60274000000.0,60274000000.0,3.82085,15697600000.0,15775000000.0,15775023882.12047,15775000000.0,shares_diluted,2023-06-30,193.97000122070312,3059876769256.592,stockanalysis_fiscal_ai,2023-07-01,1.0,USD,335038000000.0,60274000000.0,60274000000.0,26.53750979517428,0.01969817889582651
AAPL,Apple Inc.,0000320193,Apple Inc.,Technology,ndxt_only,True,False,2023Q3,2023-09-30,2023-09-15,2023-09-30,0,2023,Q4,USD,USD,352583000000,62146000000.0,62146000000.0,3.96531,15599400000.0,15672400000.0,15672419054.247965,15672400000.0,shares_diluted,2023-09-29,171.2100067138672,2683271709222.412,stockanalysis_fiscal_ai,2023-09-30,1.0,USD,352583000000.0,62146000000.0,62146000000.0,26.588551892475053,0.023160531893361386
AAPL,Apple Inc.,0000320193,Apple Inc.,Technology,ndxt_only,True,False,2023Q4,2023-12-30,2023-12-15,2023-12-31,1,2024,Q1,USD,USD,353514000000,74100000000.0,74100000000.0,4.75712,15509800000.0,15576600000.0,15576651419.34616,15576600000.0,shares_diluted,2023-12-29,192.52999877929688,2998962778985.5957,stockanalysis_fiscal_ai,2023-12-30,1.0,USD,353514000000.0,74100000000.0,74100000000.0,26.591188925459218,0.024708542739921718
AAPL,Apple Inc.,0000320193,Apple Inc.,Technology,ndxt_only,True,False,2024Q1,2024-03-30,2024-03-15,2024-03-31,1,2024,Q2,USD,USD,337411000000,74194000000.0,74194000000.0,4.79763,15405900000.0,15464700000.0,15464719038.358524,15464700000.0,shares_diluted,2024-03-28,171.47999572753906,2651886689927.6733,stockanalysis_fiscal_ai,2024-03-30,1.0,USD,337411000000.0,74194000000.0,74194000000.0,26.544567608779357,0.02797781680559796
AAPL,Apple Inc.,0000320193,Apple Inc.,Technology,ndxt_only,True,False,2024Q2,2024-06-29,2024-06-14,2024-06-30,1,2024,Q3,USD,USD,331612000000,66708000000.0,66708000000.0,4.34631,15287500000.0,15348200000.0,15348191914.520594,15348200000.0,shares_diluted,2024-06-28,210.6199951171875,3232637809057.617,stockanalysis_fiscal_ai,2024-06-29,1.0,USD,331612000000.0,66708000000.0,66708000000.0,26.527231447731303,0.020635779181041876
AAPL,Apple Inc.,0000320193,Apple Inc.,Technology,ndxt_only,True,False,2024Q3,2024-09-28,2024-09-13,2024-09-30,2,2024,Q4,USD,USD,364980000000,56950000000.0,56950000000.0,3.73618,15172000000.0,15242900000.0,15242841618.979813,15242900000.0,shares_diluted,2024-09-27,227.7899932861328,3472180088661.194,stockanalysis_fiscal_ai,2024-09-28,1.0,USD,364980000000.0,56950000000.0,56950000000.0,26.62310839450708,0.01640179902706568
AAPL,Apple Inc.,0000320193,Apple Inc.,Technology,ndxt_only,True,False,2024Q4,2024-12-28,2024-12-13,2024-12-31,3,2025,Q1,USD,USD,344085000000,66758000000.0,66758000000.0,4.40622,15081700000.0,15150900000.0,15150854927.8066,15150900000.0,shares_diluted,2024-12-27,255.58999633789065,3872418475515.7476,stockanalysis_fiscal_ai,2024-12-28,1.0,USD,344085000000.0,66758000000.0,66758000000.0,26.56415455682061,0.01723935582429759
AAPL,Apple Inc.,0000320193,Apple Inc.,Technology,ndxt_only,True,False,2025Q1,2025-03-29,2025-03-14,2025-03-31,2,2025,Q2,USD,USD,331233000000,66796000000.0,66796000000.0,4.43646,14994100000.0,15056100000.0,15056148370.547688,15056100000.0,shares_diluted,2025-03-28,217.8999938964844,3280724098104.859,stockanalysis_fiscal_ai,2025-03-29,1.0,USD,331233000000.0,66796000000.0,66796000000.0,26.52608789217517,0.02036013940903636
AAPL,Apple Inc.,0000320193,Apple Inc.,Technology,ndxt_only,True,False,2025Q2,2025-06-28,2025-06-13,2025-06-30,2,2025,Q3,USD,USD,331495000000,65830000000.0,65830000000.0,4.40388,14902900000.0,14948200000.0,14948182057.640081,14948200000.0,shares_diluted,2025-06-27,201.0800018310547,3005784083370.9717,stockanalysis_fiscal_ai,2025-06-28,1.0,USD,331495000000.0,65830000000.0,65830000000.0,26.52687856350232,0.021901107389647227
AAPL,Apple Inc.,0000320193,Apple Inc.,Technology,ndxt_only,True,False,2025Q3,2025-09-27,2025-09-12,2025-09-30,3,2025,Q4,USD,USD,359241000000,73733000000.0,73733000000.0,4.96064,14815300000.0,14863600000.0,14863606308.863373,14863600000.0,shares_diluted,2025-09-26,255.4600067138672,3797055355792.2363,stockanalysis_fiscal_ai,2025-09-27,1.0,USD,359241000000.0,73733000000.0,73733000000.0,26.607259309399666,0.019418468547613782
AAPL,Apple Inc.,0000320193,Apple Inc.,Technology,ndxt_only,True,False,2025Q4,2025-12-27,2025-12-12,2025-12-31,4,2026,Q1,USD,USD,379297000000,88190000000.0,88190000000.0,5.95462,14748200000.0,14810400000.0,14810348939.143051,14810400000.0,shares_diluted,2025-12-26,273.3999938964844,4049163269604.492,stockanalysis_fiscal_ai,2025-12-27,1.0,USD,379297000000.0,88190000000.0,88190000000.0,26.661585376303368,0.02177980835250787
AAPL,Apple Inc.,0000320193,Apple Inc.,Technology,ndxt_only,True,False,2026Q1,2026-03-28,2026-03-13,2026-03-31,3,2026,Q2,USD,USD,371082000000,106491000000.0,106491000000.0,7.23156,14673300000.0,14725900000.0,14725868277.384132,14725900000.0,shares_diluted,2026-03-27,248.8000030517578,3663803964939.8804,stockanalysis_fiscal_ai,2026-03-28,1.0,USD,371082000000.0,106491000000.0,106491000000.0,26.639688899390343,0.029065692656879753
ADBE,Adobe Inc.,0000796343,ADOBE INC.,Technology,ndxt_only,True,False,2022Q1,2022-03-04,2022-02-17,2022-03-31,27,2022,Q1,USD,USD,25976000000,13775000000.0,13775000000.0,28.9756,472600000.0,475400000.0,475399991.7171689,475400000.0,shares_diluted,2022-03-04,452.1300048828125,214942604321.28906,stockanalysis_fiscal_ai,2022-03-04,1.0,USD,25976000000.0,13775000000.0,13775000000.0,23.980438871746955,0.0640868758592391
ADBE,Adobe Inc.,0000796343,ADOBE INC.,Technology,ndxt_only,True,False,2022Q2,2022-06-03,2022-05-19,2022-06-30,27,2022,Q2,USD,USD,26326000000,13985000000.0,13985000000.0,29.5479,472100000.0,473300000.0,473299286.9205595,473300000.0,shares_diluted,2022-06-03,429.760009765625,203405412622.0703,stockanalysis_fiscal_ai,2022-06-03,1.0,USD,26326000000.0,13985000000.0,13985000000.0,23.993822880949626,0.06875431592365881
ADBE,Adobe Inc.,0000796343,ADOBE INC.,Technology,ndxt_only,True,False,2022Q3,2022-09-02,2022-08-18,2022-09-30,28,2022,Q3,USD,USD,26744000000,14373000000.0,14373000000.0,30.6199,468500000.0,469400000.0,469400618.5519874,469400000.0,shares_diluted,2022-09-02,368.1400146484375,172804922875.97656,stockanalysis_fiscal_ai,2022-09-02,1.0,USD,26744000000.0,14373000000.0,14373000000.0,24.00957598606421,0.08317471378009071
ADBE,Adobe Inc.,0000796343,ADOBE INC.,Technology,ndxt_only,True,False,2022Q4,2022-12-02,2022-11-17,2022-12-31,29,2022,Q4,USD,USD,27165000000,14051000000.0,14051000000.0,30.1524,465000000.0,466000000.0,465999389.76665205,466000000.0,shares_diluted,2022-12-02,341.5299987792969,159152979431.15234,stockanalysis_fiscal_ai,2022-12-02,1.0,USD,27165000000.0,14051000000.0,14051000000.0,24.025195216949896,0.08828612602931693
ADBE,Adobe Inc.,0000796343,ADOBE INC.,Technology,ndxt_only,True,False,2023Q1,2023-03-03,2023-02-16,2023-03-31,28,2023,Q1,USD,USD,26667000000,14206000000.0,14206000000.0,30.9162,459000000.0,459500000.0,459500197.30756044,459500000.0,shares_diluted,2023-03-03,344.0400085449219,158086383926.3916,stockanalysis_fiscal_ai,2023-03-03,1.0,USD,26667000000.0,14206000000.0,14206000000.0,24.006692682874057,0.08986226167722716
ADBE,Adobe Inc.,0000796343,ADOBE INC.,Technology,ndxt_only,True,False,2023Q2,2023-06-02,2023-05-18,2023-06-30,28,2023,Q2,USD,USD,27838000000,14838000000.0,14838000000.0,32.3479,457800000.0,458700000.0,458700564.79709655,458700000.0,shares_diluted,2023-06-02,436.3699951171875,200162916760.2539,stockanalysis_fiscal_ai,2023-06-02,1.0,USD,27838000000.0,14838000000.0,14838000000.0,24.04966783075162,0.0741296152162505
ADBE,Adobe Inc.,0000796343,ADOBE INC.,Technology,ndxt_only,True,False,2023Q3,2023-09-01,2023-08-17,2023-09-30,29,2023,Q3,USD,USD,29090000000,15776000000.0,15776000000.0,34.333,456400000.0,459500000.0,459499606.792299,459500000.0,shares_diluted,2023-09-01,563.2100219726562,258795005096.43555,stockanalysis_fiscal_ai,2023-09-01,1.0,USD,29090000000.0,15776000000.0,15776000000.0,24.093660309453522,0.06095944546580929
ADBE,Adobe Inc.,0000796343,ADOBE INC.,Technology,ndxt_only,True,False,2023Q4,2023-12-01,2023-11-16,2023-12-31,30,2023,Q4,USD,USD,29779000000,16518000000.0,16518000000.0,35.9869,455000000.0,459000000.0,459000358.4637743,459000000.0,shares_diluted,2023-12-01,612.469970703125,281123716552.7344,stockanalysis_fiscal_ai,2023-12-01,1.0,USD,29779000000.0,16518000000.0,16518000000.0,24.117069284054853,0.0587570490407254
ADBE,Adobe Inc.,0000796343,ADOBE INC.,Technology,ndxt_only,True,False,2024Q1,2024-03-01,2024-02-15,2024-03-31,30,2024,Q1,USD,USD,28751000000,15460000000.0,15460000000.0,33.8812,452800000.0,456300000.0,456300249.10569876,456300000.0,shares_diluted,2024-03-01,570.9299926757812,260515355657.95898,stockanalysis_fiscal_ai,2024-03-01,1.0,USD,28751000000.0,15460000000.0,15460000000.0,24.081938386193567,0.059343910691767636
ADBE,Adobe Inc.,0000796343,ADOBE INC.,Technology,ndxt_only,True,False,2024Q2,2024-05-31,2024-05-16,2024-06-30,30,2024,Q2,USD,USD,30007000000,14843000000.0,14843000000.0,32.8821,449100000.0,451400000.0,451400610.05836,451400000.0,shares_diluted,2024-05-31,444.760009765625,200764668408.20312,stockanalysis_fiscal_ai,2024-05-31,1.0,USD,30007000000.0,14843000000.0,14843000000.0,24.124696524723912,0.07393233140913316
ADBE,Adobe Inc.,0000796343,ADOBE INC.,Technology,ndxt_only,True,False,2024Q3,2024-08-30,2024-08-15,2024-09-30,31,2024,Q3,USD,USD,29830000000,14545000000.0,14545000000.0,32.4665,445000000.0,448000000.0,448000246.4078357,448000000.0,shares_diluted,2024-08-30,574.4099731445312,257335667968.75,stockanalysis_fiscal_ai,2024-08-30,1.0,USD,29830000000.0,14545000000.0,14545000000.0,24.118780435473067,0.05652150793867525
ADBE,Adobe Inc.,0000796343,ADOBE INC.,Technology,ndxt_only,True,False,2024Q4,2024-11-29,2024-11-14,2024-12-31,32,2024,Q4,USD,USD,30230000000,14105000000.0,14105000000.0,31.8397,441000000.0,443000000.0,443000405.1545712,443000000.0,shares_diluted,2024-11-29,515.9299926757812,228556986755.3711,stockanalysis_fiscal_ai,2024-11-29,1.0,USD,30230000000.0,14105000000.0,14105000000.0,24.13210064573778,0.06171327422642674
ADBE,Adobe Inc.,0000796343,ADOBE INC.,Technology,ndxt_only,True,False,2025Q1,2025-02-28,2025-02-13,2025-03-31,31,2025,Q1,USD,USD,29955000000,13095000000.0,13095000000.0,29.8973,436000000.0,438000000.0,437999418.00764614,438000000.0,shares_diluted,2025-02-28,438.55999755859375,192089278930.66406,stockanalysis_fiscal_ai,2025-02-28,1.0,USD,29955000000.0,13095000000.0,13095000000.0,24.1229620924823,0.06817142566674286
ADBE,Adobe Inc.,0000796343,ADOBE INC.,Technology,ndxt_only,True,False,2025Q2,2025-05-30,2025-05-15,2025-06-30,31,2025,Q2,USD,USD,28107000000,11448000000.0,11448000000.0,26.6853,428000000.0,429000000.0,429000236.08503556,429000000.0,shares_diluted,2025-05-30,415.0899963378906,178073608428.95508,stockanalysis_fiscal_ai,2025-05-30,1.0,USD,28107000000.0,11448000000.0,11448000000.0,24.059284492583572,0.06428802168383833
ADBE,Adobe Inc.,0000796343,ADOBE INC.,Technology,ndxt_only,True,False,2025Q3,2025-08-29,2025-08-14,2025-09-30,32,2025,Q3,USD,USD,28754000000,11770000000.0,11770000000.0,27.7594,423000000.0,424000000.0,424000518.7432005,424000000.0,shares_diluted,2025-08-29,356.70001220703125,151240805175.78125,stockanalysis_fiscal_ai,2025-08-29,1.0,USD,28754000000.0,11770000000.0,11770000000.0,24.082042724946813,0.0778229128463062
ADBE,Adobe Inc.,0000796343,ADOBE INC.,Technology,ndxt_only,True,False,2025Q4,2025-11-28,2025-11-13,2025-12-31,33,2025,Q4,USD,USD,29496000000,11623000000.0,11623000000.0,27.8729,417000000.0,417000000.0,417000025.1139996,417000000.0,shares_diluted,2025-11-28,320.1300048828125,133494212036.13281,stockanalysis_fiscal_ai,2025-11-28,1.0,USD,29496000000.0,11623000000.0,11623000000.0,24.107520497878255,0.0870674452676196
ADBE,Adobe Inc.,0000796343,ADOBE INC.,Technology,ndxt_only,True,False,2026Q1,2026-02-27,2026-02-12,2026-03-31,32,2026,Q1,USD,USD,29704000000,11433000000.0,11433000000.0,27.8175,410000000.0,411000000.0,411000269.61445135,411000000.0,shares_diluted,2026-02-27,262.4100036621094,107850511505.12695,stockanalysis_fiscal_ai,2026-02-27,1.0,USD,29704000000.0,11433000000.0,11433000000.0,24.11454755382119,0.10600784215526417
ADI,Analog Devices,0000006281,ANALOG DEVICES INC,Technology,ndxt_sox,True,True,2022Q1,2022-01-29,2022-01-14,2022-03-31,61,2022,Q1,USD,USD,51215600000,37427300000.0,37427300000.0,70.5987,525291000.0,530142000.0,530141489.857462,530142000.0,shares_diluted,2022-01-28,158.6300048828125,84096428048.58398,stockanalysis_fiscal_ai,2022-01-29,1.0,USD,51215600000.0,37427300000.0,37427300000.0,24.659310010084063,0.44505219625234965
ADI,Analog Devices,0000006281,ANALOG DEVICES INC,Technology,ndxt_sox,True,True,2022Q2,2022-04-30,2022-04-15,2022-06-30,61,2022,Q2,USD,USD,50800700000,37099800000.0,37099800000.0,70.4965,522370000.0,526264000.0,526264424.474974,526264000.0,shares_diluted,2022-04-29,154.3800048828125,81244638889.64844,stockanalysis_fiscal_ai,2022-04-30,1.0,USD,50800700000.0,37099800000.0,37099800000.0,24.651175970963468,0.45664305370833486
ADI,Analog Devices,0000006281,ANALOG DEVICES INC,Technology,ndxt_sox,True,True,2022Q3,2022-07-30,2022-07-15,2022-09-30,62,2022,Q3,USD,USD,50346200000,36638600000.0,36638600000.0,70.3844,517011000.0,520550000.0,520550008.24046236,520550000.0,shares_diluted,2022-07-29,171.9600067138672,89513781494.90356,stockanalysis_fiscal_ai,2022-07-30,1.0,USD,50346200000.0,36638600000.0,36638600000.0,24.642188981564736,0.40930680603730285
ADI,Analog Devices,0000006281,ANALOG DEVICES INC,Technology,ndxt_sox,True,True,2022Q4,2022-10-29,2022-10-14,2022-12-31,63,2022,Q4,USD,USD,50302400000,36465300000.0,36465300000.0,70.7025,512231000.0,515757000.0,515756868.56900394,515757000.0,shares_diluted,2022-10-28,144.8800048828125,74722876678.34473,stockanalysis_fiscal_ai,2022-10-29,1.0,USD,50302400000.0,36465300000.0,36465300000.0,24.641318626631534,0.4880071755932267
ADI,Analog Devices,0000006281,ANALOG DEVICES INC,Technology,ndxt_sox,True,True,2023Q1,2023-01-28,2023-01-13,2023-03-31,62,2023,Q1,USD,USD,50234500000,36531500000.0,36531500000.0,71.4645,507121000.0,511184000.0,511183874.5111209,511184000.0,shares_diluted,2023-01-27,170.8300018310547,87325563656.00586,stockanalysis_fiscal_ai,2023-01-28,1.0,USD,50234500000.0,36531500000.0,36531500000.0,24.63996787859129,0.41833683597973004
ADI,Analog Devices,0000006281,ANALOG DEVICES INC,Technology,ndxt_sox,True,True,2023Q2,2023-04-29,2023-04-14,2023-06-30,62,2023,Q2,USD,USD,49544700000,36013200000.0,35929700000.0,70.6269,504715000.0,508725000.0,508725428.9796097,508725000.0,shares_diluted,2023-04-28,179.8800048828125,91509455484.00879,stockanalysis_fiscal_ai,2023-04-29,1.0,USD,49544700000.0,36013200000.0,35929700000.0,24.62614112933752,0.3935462167217603
ADI,Analog Devices,0000006281,ANALOG DEVICES INC,Technology,ndxt_sox,True,True,2023Q3,2023-07-29,2023-07-14,2023-09-30,63,2023,Q3,USD,USD,49346700000,35903700000.0,35903700000.0,71.3079,500018000.0,503503000.0,503502416.98325145,503503000.0,shares_diluted,2023-07-28,198.4199981689453,99905064338.05847,stockanalysis_fiscal_ai,2023-07-29,1.0,USD,49346700000.0,35903700000.0,35903700000.0,24.62213673128914,0.3593781780522073
ADI,Analog Devices,0000006281,ANALOG DEVICES INC,Technology,ndxt_sox,True,True,2023Q4,2023-10-28,2023-10-13,2023-12-31,64,2023,Q4,USD,USD,48794500000,35565100000.0,35565100000.0,71.07,497073000.0,500424000.0,500423526.1010272,500424000.0,shares_diluted,2023-10-27,160.57000732421875,80353085345.21484,stockanalysis_fiscal_ai,2023-10-28,1.0,USD,48794500000.0,35565100000.0,35565100000.0,24.610883438535804,0.4426102600442082
ADI,Analog Devices,0000006281,ANALOG DEVICES INC,Technology,ndxt_sox,True,True,2024Q1,2024-02-03,2024-01-19,2024-03-31,57,2024,Q1,USD,USD,48388500000,35548100000.0,35548100000.0,71.2756,495765000.0,498741000.0,498741504.80669403,498741000.0,shares_diluted,2024-02-02,192.1000061035156,95808149144.07347,stockanalysis_fiscal_ai,2024-02-03,1.0,USD,48388500000.0,35548100000.0,35548100000.0,24.602528019131075,0.3710342003011019
ADI,Analog Devices,0000006281,ANALOG DEVICES INC,Technology,ndxt_sox,True,True,2024Q2,2024-05-04,2024-04-19,2024-06-30,57,2024,Q2,USD,USD,48861900000,35248800000.0,35248800000.0,70.705,496130000.0,498533000.0,498533342.7621809,498533000.0,shares_diluted,2024-05-03,199.6300048828125,99522145224.24316,stockanalysis_fiscal_ai,2024-05-04,1.0,USD,48861900000.0,35248800000.0,35248800000.0,24.61226378863476,0.3541804682824858
ADI,Analog Devices,0000006281,ANALOG DEVICES INC,Technology,ndxt_sox,True,True,2024Q3,2024-08-03,2024-07-19,2024-09-30,58,2024,Q3,USD,USD,48618400000,35190100000.0,35190100000.0,70.5504,496338000.0,498794000.0,498793770.127455,498794000.0,shares_diluted,2024-08-02,207.9600067138672,103729203588.83667,stockanalysis_fiscal_ai,2024-08-03,1.0,USD,48618400000.0,35190100000.0,35190100000.0,24.6072678970247,0.33924968844344966
ADI,Analog Devices,0000006281,ANALOG DEVICES INC,Technology,ndxt_sox,True,True,2024Q4,2024-11-02,2024-10-18,2024-12-31,59,2024,Q4,USD,USD,48228300000,35176300000.0,35176300000.0,70.5329,496432000.0,498722000.0,498721873.0549857,498722000.0,shares_diluted,2024-11-01,225.47999572753903,112451834429.22972,stockanalysis_fiscal_ai,2024-11-02,1.0,USD,48228300000.0,35176300000.0,35176300000.0,24.599211822634977,0.3128121491173877
ADI,Analog Devices,0000006281,ANALOG DEVICES INC,Technology,ndxt_sox,True,True,2025Q1,2025-02-01,2025-01-17,2025-03-31,58,2025,Q1,USD,USD,47967500000,35070500000.0,35070500000.0,70.3284,496116000.0,498668000.0,498667679.05995303,498668000.0,shares_diluted,2025-01-31,211.88999938964844,105662762215.6372,stockanalysis_fiscal_ai,2025-02-01,1.0,USD,47967500000.0,35070500000.0,35070500000.0,24.593789535196528,0.33190974061825024
ADI,Analog Devices,0000006281,ANALOG DEVICES INC,Technology,ndxt_sox,True,True,2025Q2,2025-05-03,2025-04-18,2025-06-30,58,2025,Q2,USD,USD,47344500000,35010600000.0,35010600000.0,70.2741,496173000.0,498201000.0,498200617.29712653,498201000.0,shares_diluted,2025-05-02,198.58999633789065,98937734765.53346,stockanalysis_fiscal_ai,2025-05-03,1.0,USD,47344500000.0,35010600000.0,35010600000.0,24.580716493548834,0.35386498470951955
ADI,Analog Devices,0000006281,ANALOG DEVICES INC,Technology,ndxt_sox,True,True,2025Q3,2025-08-02,2025-07-18,2025-09-30,59,2025,Q3,USD,USD,48192600000,34085800000.0,34085800000.0,68.621,494390000.0,496726000.0,496725492.1962665,496726000.0,shares_diluted,2025-08-01,221.7100067138672,110129124794.9524,stockanalysis_fiscal_ai,2025-08-02,1.0,USD,48192600000.0,34085800000.0,34085800000.0,24.59847131924554,0.30950758996281674
ADI,Analog Devices,0000006281,ANALOG DEVICES INC,Technology,ndxt_sox,True,True,2025Q4,2025-11-02,2025-10-18,2025-12-31,59,2025,Q4,USD,USD,47992700000,33815800000.0,33815800000.0,68.8986,490805000.0,490805000.0,490805328.41015637,490805000.0,shares_diluted,2025-10-31,234.1300048828125,114912177046.50879,stockanalysis_fiscal_ai,2025-11-02,1.0,USD,47992700000.0,33815800000.0,33815800000.0,24.594314752955125,0.2942751662107456
ADI,Analog Devices,0000006281,ANALOG DEVICES INC,Technology,ndxt_sox,True,True,2026Q1,2026-01-31,2026-01-16,2026-03-31,59,2026,Q1,USD,USD,47991200000,33787300000.0,33787300000.0,68.7213,488874000.0,491656000.0,491656880.763315,491656000.0,shares_diluted,2026-01-30,310.8800048828125,152846019680.66406,stockanalysis_fiscal_ai,2026-01-31,1.0,USD,47991200000.0,33787300000.0,33787300000.0,24.59428349771336,0.22105449700679577
ADSK,Autodesk,0000769397,"Autodesk, Inc.",Technology,ndxt_only,True,False,2022Q1,2022-01-31,2022-01-16,2022-03-31,59,2022,Q4,USD,USD,8607000000,849000000.0,849000000.0,3.84163,219000000.0,221000000.0,220999940.1295804,221000000.0,shares_diluted,2022-01-31,249.7899932861328,55203588516.23535,stockanalysis_fiscal_ai,2022-01-31,1.0,USD,8607000000.0,849000000.0,849000000.0,22.875841662613748,0.015379434975505432
ADSK,Autodesk,0000769397,"Autodesk, Inc.",Technology,ndxt_only,True,False,2022Q2,2022-04-30,2022-04-15,2022-06-30,61,2023,Q1,USD,USD,8261000000,681000000.0,681000000.0,3.10959,217000000.0,219000000.0,218999932.4669812,219000000.0,shares_diluted,2022-04-29,189.27999877929688,41452319732.666016,stockanalysis_fiscal_ai,2022-04-30,1.0,USD,8261000000.0,681000000.0,681000000.0,22.834811482526778,0.01642851363667703
ADSK,Autodesk,0000769397,"Autodesk, Inc.",Technology,ndxt_only,True,False,2022Q3,2022-07-31,2022-07-16,2022-09-30,61,2023,Q2,USD,USD,8227000000,740000000.0,740000000.0,3.3945,217000000.0,218000000.0,217999705.4058035,218000000.0,shares_diluted,2022-07-29,216.32000732421875,47157761596.67969,stockanalysis_fiscal_ai,2022-07-31,1.0,USD,8227000000.0,740000000.0,740000000.0,22.830687265133204,0.015692008588721953
ADSK,Autodesk,0000769397,"Autodesk, Inc.",Technology,ndxt_only,True,False,2022Q4,2022-10-31,2022-10-16,2022-12-31,61,2023,Q3,USD,USD,8635000000,906000000.0,906000000.0,4.17512,216000000.0,217000000.0,216999750.9053632,217000000.0,shares_diluted,2022-10-31,214.3000030517578,46503100662.231445,stockanalysis_fiscal_ai,2022-10-31,1.0,USD,8635000000.0,906000000.0,906000000.0,22.879089548545053,0.0194825718521567
ADSK,Autodesk,0000769397,"Autodesk, Inc.",Technology,ndxt_only,True,False,2023Q1,2023-01-31,2023-01-16,2023-03-31,59,2023,Q4,USD,USD,9438000000,1145000000.0,1145000000.0,5.2765,216000000.0,217000000.0,216999905.24021605,217000000.0,shares_diluted,2023-01-31,215.16000366210935,46689720794.67773,stockanalysis_fiscal_ai,2023-01-31,1.0,USD,9438000000.0,1145000000.0,1145000000.0,22.968009930250606,0.024523599210096825
ADSK,Autodesk,0000769397,"Autodesk, Inc.",Technology,ndxt_only,True,False,2023Q2,2023-04-30,2023-04-15,2023-06-30,61,2024,Q1,USD,USD,9069000000,897000000.0,897000000.0,4.15278,215000000.0,216000000.0,215999884.41477758,216000000.0,shares_diluted,2023-04-28,194.7899932861328,42074638549.80469,stockanalysis_fiscal_ai,2023-04-30,1.0,USD,9069000000.0,897000000.0,897000000.0,22.928127841411843,0.021319256229336375
ADSK,Autodesk,0000769397,"Autodesk, Inc.",Technology,ndxt_only,True,False,2023Q3,2023-07-31,2023-07-16,2023-09-30,61,2024,Q2,USD,USD,9107000000,1206000000.0,1206000000.0,5.6093,214000000.0,215000000.0,215000089.13768205,215000000.0,shares_diluted,2023-07-31,211.9900054931641,45577851181.03028,stockanalysis_fiscal_ai,2023-07-31,1.0,USD,9107000000.0,1206000000.0,1206000000.0,22.93230918553209,0.02646022067187632
ADSK,Autodesk,0000769397,"Autodesk, Inc.",Technology,ndxt_only,True,False,2023Q4,2023-10-31,2023-10-16,2023-12-31,61,2024,Q3,USD,USD,9226000000,1482000000.0,1482000000.0,6.86111,214000000.0,216000000.0,216000034.97976276,216000000.0,shares_diluted,2023-10-31,197.6300048828125,42688081054.6875,stockanalysis_fiscal_ai,2023-10-31,1.0,USD,9226000000.0,1482000000.0,1482000000.0,22.94529142208204,0.034716950572254976
ADSK,Autodesk,0000769397,"Autodesk, Inc.",Technology,ndxt_only,True,False,2024Q1,2024-01-31,2024-01-16,2024-03-31,60,2024,Q4,USD,USD,9912000000,1855000000.0,1855000000.0,8.58796,214000000.0,216000000.0,216000074.52293673,216000000.0,shares_diluted,2024-01-31,253.80999755859375,54822959472.65625,stockanalysis_fiscal_ai,2024-01-31,1.0,USD,9912000000.0,1855000000.0,1855000000.0,23.017011981273253,0.03383618866699833
ADSK,Autodesk,0000769397,"Autodesk, Inc.",Technology,ndxt_only,True,False,2024Q2,2024-04-30,2024-04-15,2024-06-30,61,2025,Q1,USD,USD,9830000000,2161000000.0,2161000000.0,9.95853,215000000.0,217000000.0,216999898.57940882,217000000.0,shares_diluted,2024-04-30,212.8500061035156,46188451324.46288,stockanalysis_fiscal_ai,2024-04-30,1.0,USD,9830000000.0,2161000000.0,2161000000.0,23.008704771105485,0.04678658708038269
ADSK,Autodesk,0000769397,"Autodesk, Inc.",Technology,ndxt_only,True,False,2024Q3,2024-07-31,2024-07-16,2024-09-30,61,2025,Q2,USD,USD,9960000000,2474000000.0,2474000000.0,11.4009,216000000.0,217000000.0,217000412.24815583,217000000.0,shares_diluted,2024-07-31,247.52000427246097,53711840927.12403,stockanalysis_fiscal_ai,2024-07-31,1.0,USD,9960000000.0,2474000000.0,2474000000.0,23.02184290854292,0.04606060707091964
ADSK,Autodesk,0000769397,"Autodesk, Inc.",Technology,ndxt_only,True,False,2024Q4,2024-10-31,2024-10-16,2024-12-31,61,2025,Q3,USD,USD,10133000000,2616000000.0,2616000000.0,12.0553,215000000.0,217000000.0,216999991.70489326,217000000.0,shares_diluted,2024-10-31,283.79998779296875,61584597351.07422,stockanalysis_fiscal_ai,2024-10-31,1.0,USD,10133000000.0,2616000000.0,2616000000.0,23.039063261412593,0.04247815383263798
ADSK,Autodesk,0000769397,"Autodesk, Inc.",Technology,ndxt_only,True,False,2025Q1,2025-01-31,2025-01-16,2025-03-31,59,2025,Q4,USD,USD,10833000000,2621000000.0,2621000000.0,12.0783,214000000.0,217000000.0,217000736.8586639,217000000.0,shares_diluted,2025-01-31,311.3399963378906,67560779205.322266,stockanalysis_fiscal_ai,2025-01-31,1.0,USD,10833000000.0,2621000000.0,2621000000.0,23.105862867909842,0.038794697616417136
ADSK,Autodesk,0000769397,"Autodesk, Inc.",Technology,ndxt_only,True,False,2025Q2,2025-04-30,2025-04-15,2025-06-30,61,2026,Q1,USD,USD,10585000000,2617000000.0,2617000000.0,12.1157,214000000.0,216000000.0,216000726.3302987,216000000.0,shares_diluted,2025-04-30,274.25,59238000000.0,stockanalysis_fiscal_ai,2025-04-30,1.0,USD,10585000000.0,2617000000.0,2617000000.0,23.08270374153324,0.044177723758398325
ADSK,Autodesk,0000769397,"Autodesk, Inc.",Technology,ndxt_only,True,False,2025Q3,2025-07-31,2025-07-16,2025-09-30,61,2026,Q2,USD,USD,10856000000,2715000000.0,2715000000.0,12.6279,213000000.0,215000000.0,215000118.784596,215000000.0,shares_diluted,2025-07-31,303.1099853515625,65168646850.58594,stockanalysis_fiscal_ai,2025-07-31,1.0,USD,10856000000.0,2715000000.0,2715000000.0,23.10798375947898,0.04166113815781322
ADSK,Autodesk,0000769397,"Autodesk, Inc.",Technology,ndxt_only,True,False,2025Q4,2025-10-31,2025-10-16,2025-12-31,61,2026,Q3,USD,USD,11198000000,2893000000.0,2893000000.0,13.4558,213000000.0,215000000.0,215000222.9521842,215000000.0,shares_diluted,2025-10-31,301.3399963378906,64788099212.646484,stockanalysis_fiscal_ai,2025-10-31,1.0,USD,11198000000.0,2893000000.0,2893000000.0,23.139001027873114,0.044653262484281885
ADSK,Autodesk,0000769397,"Autodesk, Inc.",Technology,ndxt_only,True,False,2026Q1,2026-01-31,2026-01-16,2026-03-31,59,2026,Q4,USD,USD,12467000000,3045000000.0,3045000000.0,14.229,212000000.0,214000000.0,213999578.32595405,214000000.0,shares_diluted,2026-01-30,252.8699951171875,54114178955.078125,stockanalysis_fiscal_ai,2026-01-31,1.0,USD,12467000000.0,3045000000.0,3045000000.0,23.24635099030925,0.05626991037834557
AMAT,Applied Materials,0000006951,APPLIED MATERIALS INC /DE,Technology,ndxt_sox,True,True,2022Q1,2022-01-30,2022-01-15,2022-03-31,60,2022,Q1,USD,USD,25428000000,11890000000.0,11890000000.0,13.2553,889000000.0,897000000.0,896999690.6897619,897000000.0,shares_diluted,2022-01-28,132.4499969482422,118807647262.57324,stockanalysis_fiscal_ai,2022-01-30,1.0,USD,25428000000.0,11890000000.0,11890000000.0,23.959116766020575,0.10007773299072462
AMAT,Applied Materials,0000006951,APPLIED MATERIALS INC /DE,Technology,ndxt_sox,True,True,2022Q2,2022-05-01,2022-04-16,2022-06-30,60,2022,Q2,USD,USD,25459000000,11579000000.0,11579000000.0,13.1133,878000000.0,883000000.0,882996652.2538186,883000000.0,shares_diluted,2022-04-29,110.3499984741211,97439048652.64893,stockanalysis_fiscal_ai,2022-05-01,1.0,USD,25459000000.0,11579000000.0,11579000000.0,23.960335152006575,0.11883326202492864
AMAT,Applied Materials,0000006951,APPLIED MATERIALS INC /DE,Technology,ndxt_sox,True,True,2022Q3,2022-07-31,2022-07-16,2022-09-30,61,2022,Q3,USD,USD,26161000000,12070000000.0,12070000000.0,13.8895,864000000.0,869000000.0,869001763.9223874,869000000.0,shares_diluted,2022-07-29,105.9800033569336,92096622917.1753,stockanalysis_fiscal_ai,2022-07-31,1.0,USD,26161000000.0,12070000000.0,12070000000.0,23.987535589104496,0.13105800861834901
AMAT,Applied Materials,0000006951,APPLIED MATERIALS INC /DE,Technology,ndxt_sox,True,True,2022Q4,2022-10-30,2022-10-15,2022-12-31,62,2022,Q4,USD,USD,26726000000,12194000000.0,12194000000.0,14.1956,854000000.0,859000000.0,858998562.9349939,859000000.0,shares_diluted,2022-10-28,89.72000122070312,77069481048.58398,stockanalysis_fiscal_ai,2022-10-30,1.0,USD,26726000000.0,12194000000.0,12194000000.0,24.00890271130528,0.1582208655630236
AMAT,Applied Materials,0000006951,APPLIED MATERIALS INC /DE,Technology,ndxt_sox,True,True,2023Q1,2023-01-29,2023-01-14,2023-03-31,61,2023,Q1,USD,USD,27959000000,13420000000.0,13420000000.0,15.8068,845000000.0,849000000.0,849001695.4728345,849000000.0,shares_diluted,2023-01-27,112.5,95512500000.0,stockanalysis_fiscal_ai,2023-01-29,1.0,USD,27959000000.0,13420000000.0,13420000000.0,24.05400498829331,0.1405051694804345
AMAT,Applied Materials,0000006951,APPLIED MATERIALS INC /DE,Technology,ndxt_sox,True,True,2023Q2,2023-04-30,2023-04-15,2023-06-30,61,2023,Q2,USD,USD,29092000000,14129000000.0,14129000000.0,16.6812,843000000.0,847000000.0,847001414.7663237,847000000.0,shares_diluted,2023-04-28,113.02999877929688,95736408966.06445,stockanalysis_fiscal_ai,2023-04-30,1.0,USD,29092000000.0,14129000000.0,14129000000.0,24.093729059238704,0.1475823059647901
AMAT,Applied Materials,0000006951,APPLIED MATERIALS INC /DE,Technology,ndxt_sox,True,True,2023Q3,2023-07-30,2023-07-15,2023-09-30,62,2023,Q3,USD,USD,30410000000,15093000000.0,15093000000.0,17.9039,838000000.0,843000000.0,843000687.0011562,843000000.0,shares_diluted,2023-07-28,151.92999267578125,128076983825.6836,stockanalysis_fiscal_ai,2023-07-30,1.0,USD,30410000000.0,15093000000.0,15093000000.0,24.138037338635684,0.11784318734849347
AMAT,Applied Materials,0000006951,APPLIED MATERIALS INC /DE,Technology,ndxt_sox,True,True,2023Q4,2023-10-29,2023-10-14,2023-12-31,63,2023,Q4,USD,USD,30729000000,16349000000.0,16349000000.0,19.4169,836000000.0,842000000.0,841998465.2544949,842000000.0,shares_diluted,2023-10-27,131.3000030517578,110554602569.58008,stockanalysis_fiscal_ai,2023-10-29,1.0,USD,30729000000.0,16349000000.0,16349000000.0,24.14847267106892,0.14788167674620675
AMAT,Applied Materials,0000006951,APPLIED MATERIALS INC /DE,Technology,ndxt_sox,True,True,2024Q1,2024-01-28,2024-01-13,2024-03-31,63,2024,Q1,USD,USD,31540000000,17429000000.0,17429000000.0,20.8232,831000000.0,837000000.0,836999116.3702024,837000000.0,shares_diluted,2024-01-26,166.89999389648438,139695294891.35742,stockanalysis_fiscal_ai,2024-01-28,1.0,USD,31540000000.0,17429000000.0,17429000000.0,24.174522418481303,0.1247644025058591
AMAT,Applied Materials,0000006951,APPLIED MATERIALS INC /DE,Technology,ndxt_sox,True,True,2024Q2,2024-04-28,2024-04-13,2024-06-30,63,2024,Q2,USD,USD,31949000000,18199000000.0,18199000000.0,21.7691,830000000.0,836000000.0,836001488.3481631,836000000.0,shares_diluted,2024-04-26,203.3800048828125,170025684082.03125,stockanalysis_fiscal_ai,2024-04-28,1.0,USD,31949000000.0,18199000000.0,18199000000.0,24.187406718375595,0.10703676975779518
AMAT,Applied Materials,0000006951,APPLIED MATERIALS INC /DE,Technology,ndxt_sox,True,True,2024Q3,2024-07-28,2024-07-13,2024-09-30,64,2024,Q3,USD,USD,33647000000,18840000000.0,18840000000.0,22.617,826000000.0,833000000.0,833001724.3666269,833000000.0,shares_diluted,2024-07-26,206.47000122070312,171989511016.8457,stockanalysis_fiscal_ai,2024-07-28,1.0,USD,33647000000.0,18840000000.0,18840000000.0,24.239189736016716,0.10954156383498698
AMAT,Applied Materials,0000006951,APPLIED MATERIALS INC /DE,Technology,ndxt_sox,True,True,2024Q4,2024-10-27,2024-10-12,2024-12-31,65,2024,Q4,USD,USD,34409000000,19001000000.0,19001000000.0,22.9481,822000000.0,828000000.0,827998832.1473237,828000000.0,shares_diluted,2024-10-25,186.52000427246097,154438563537.5977,stockanalysis_fiscal_ai,2024-10-27,1.0,USD,34409000000.0,19001000000.0,19001000000.0,24.261583995014128,0.12303274237185101
AMAT,Applied Materials,0000006951,APPLIED MATERIALS INC /DE,Technology,ndxt_sox,True,True,2025Q1,2025-01-26,2025-01-11,2025-03-31,64,2025,Q1,USD,USD,33338000000,18625000000.0,18625000000.0,22.7411,814000000.0,819000000.0,819001719.3539451,819000000.0,shares_diluted,2025-01-24,186.75,152948250000.0,stockanalysis_fiscal_ai,2025-01-26,1.0,USD,33338000000.0,18625000000.0,18625000000.0,24.229963724467307,0.12177321414269206
AMAT,Applied Materials,0000006951,APPLIED MATERIALS INC /DE,Technology,ndxt_sox,True,True,2025Q2,2025-04-27,2025-04-12,2025-06-30,64,2025,Q2,USD,USD,33632000000,18961000000.0,18961000000.0,23.351,809000000.0,812000000.0,811999486.1033789,812000000.0,shares_diluted,2025-04-25,151.5500030517578,123058602478.02734,stockanalysis_fiscal_ai,2025-04-27,1.0,USD,33632000000.0,18961000000.0,18961000000.0,24.238743831640953,0.15408106071565025
AMAT,Applied Materials,0000006951,APPLIED MATERIALS INC /DE,Technology,ndxt_sox,True,True,2025Q3,2025-07-27,2025-07-12,2025-09-30,65,2025,Q3,USD,USD,34211000000,19504000000.0,19504000000.0,24.3192,798000000.0,802000000.0,802000065.7916379,802000000.0,shares_diluted,2025-07-25,185.69000244140625,148923381958.0078,stockanalysis_fiscal_ai,2025-07-27,1.0,USD,34211000000.0,19504000000.0,19504000000.0,24.255813066727644,0.13096667389342243
AMAT,Applied Materials,0000006951,APPLIED MATERIALS INC /DE,Technology,ndxt_sox,True,True,2025Q4,2025-10-26,2025-10-11,2025-12-31,66,2025,Q4,USD,USD,36299000000,20415000000.0,20415000000.0,25.5827,794000000.0,798000000.0,798000211.080144,798000000.0,shares_diluted,2025-10-24,228.75,182542500000.0,stockanalysis_fiscal_ai,2025-10-26,1.0,USD,36299000000.0,20415000000.0,20415000000.0,24.31505602962839,0.11183696947286248
AMAT,Applied Materials,0000006951,APPLIED MATERIALS INC /DE,Technology,ndxt_sox,True,True,2026Q1,2026-01-25,2026-01-10,2026-03-31,65,2026,Q1,USD,USD,37644000000,21717000000.0,21717000000.0,27.1802,793000000.0,799000000.0,799000743.188056,799000000.0,shares_diluted,2026-01-23,322.3800048828125,257581623901.3672,stockanalysis_fiscal_ai,2026-01-25,1.0,USD,37644000000.0,21717000000.0,21717000000.0,24.351439415942952,0.08431113862499696
AMD,Advanced Micro Devices,0000002488,ADVANCED MICRO DEVICES INC,Technology,ndxt_sox,True,True,2022Q1,2022-03-26,2022-03-11,2022-03-31,5,2022,Q1,USD,USD,66915000000,55333000000.0,55333000000.0,39.2433,1393000000.0,1410000000.0,1409998649.4509892,1410000000.0,shares_diluted,2022-03-25,119.66999816894533,168734697418.21292,stockanalysis_fiscal_ai,2022-03-26,1.0,USD,66915000000.0,55333000000.0,55333000000.0,24.92668899419475,0.32792899650541857
AMD,Advanced Micro Devices,0000002488,ADVANCED MICRO DEVICES INC,Technology,ndxt_sox,True,True,2022Q2,2022-06-25,2022-06-10,2022-06-30,5,2022,Q2,USD,USD,67502000000,55169000000.0,55169000000.0,33.8045,1618000000.0,1632000000.0,1632001656.5841827,1632000000.0,shares_diluted,2022-06-24,87.08000183105469,142114562988.28125,stockanalysis_fiscal_ai,2022-06-25,1.0,USD,67502000000.0,55169000000.0,55169000000.0,24.935423064015577,0.3882008911679884
AMD,Advanced Micro Devices,0000002488,ADVANCED MICRO DEVICES INC,Technology,ndxt_sox,True,True,2022Q3,2022-09-24,2022-09-09,2022-09-30,6,2022,Q3,USD,USD,67811000000,54542000000.0,54542000000.0,33.5643,1615000000.0,1625000000.0,1625000372.4195051,1625000000.0,shares_diluted,2022-09-23,67.95999908447266,110434998512.26807,stockanalysis_fiscal_ai,2022-09-24,1.0,USD,67811000000.0,54542000000.0,54542000000.0,24.939990260620874,0.49388328641070256
AMD,Advanced Micro Devices,0000002488,ADVANCED MICRO DEVICES INC,Technology,ndxt_sox,True,True,2022Q4,2022-12-31,2022-12-16,2022-12-31,0,2022,Q4,USD,USD,67580000000,54750000000.0,54750000000.0,33.8381,1613000000.0,1618000000.0,1617998646.4961095,1618000000.0,shares_diluted,2022-12-30,64.7699966430664,104797854568.48145,stockanalysis_fiscal_ai,2022-12-31,1.0,USD,67580000000.0,54750000000.0,54750000000.0,24.936577918232555,0.5224343592284415
AMD,Advanced Micro Devices,0000002488,ADVANCED MICRO DEVICES INC,Technology,ndxt_sox,True,True,2023Q1,2023-04-01,2023-03-17,2023-03-31,1,2023,Q1,USD,USD,67634000000,54694000000.0,54694000000.0,33.9503,1611000000.0,1611000000.0,1611001964.6365423,1611000000.0,shares_diluted,2023-03-31,98.01000213623048,157894113441.46732,stockanalysis_fiscal_ai,2023-04-01,1.0,USD,67634000000.0,54694000000.0,54694000000.0,24.93737665213394,0.3463967009781877
AMD,Advanced Micro Devices,0000002488,ADVANCED MICRO DEVICES INC,Technology,ndxt_sox,True,True,2023Q2,2023-07-01,2023-06-16,2023-06-30,1,2023,Q2,USD,USD,67967000000,55136000000.0,55136000000.0,33.8881,1612000000.0,1627000000.0,1627001808.8945677,1627000000.0,shares_diluted,2023-06-30,113.91000366210938,185331575958.25195,stockanalysis_fiscal_ai,2023-07-01,1.0,USD,67967000000.0,55136000000.0,55136000000.0,24.94228813021157,0.2974992238366333
AMD,Advanced Micro Devices,0000002488,ADVANCED MICRO DEVICES INC,Technology,ndxt_sox,True,True,2023Q3,2023-09-30,2023-09-15,2023-09-30,0,2023,Q3,USD,USD,67626000000,54970000000.0,54970000000.0,33.7446,1616000000.0,1629000000.0,1629001380.9616947,1629000000.0,shares_diluted,2023-09-29,102.81999969482422,167493779502.86865,stockanalysis_fiscal_ai,2023-09-30,1.0,USD,67626000000.0,54970000000.0,54970000000.0,24.93725836143441,0.328191292614891
AMD,Advanced Micro Devices,0000002488,ADVANCED MICRO DEVICES INC,Technology,ndxt_sox,True,True,2023Q4,2023-12-30,2023-12-15,2023-12-31,1,2023,Q4,USD,USD,67885000000,55892000000.0,55892000000.0,34.3317,1616000000.0,1628000000.0,1627999778.6302457,1628000000.0,shares_diluted,2023-12-29,147.41000366210938,239983485961.91406,stockanalysis_fiscal_ai,2023-12-30,1.0,USD,67885000000.0,55892000000.0,55892000000.0,24.941080933998656,0.232899358787005
AMD,Advanced Micro Devices,0000002488,ADVANCED MICRO DEVICES INC,Technology,ndxt_sox,True,True,2024Q1,2024-03-30,2024-03-15,2024-03-31,1,2024,Q1,USD,USD,67895000000,56198000000.0,56198000000.0,34.288,1617000000.0,1639000000.0,1638999066.728885,1639000000.0,shares_diluted,2024-03-28,180.4900054931641,295823119003.29596,stockanalysis_fiscal_ai,2024-03-30,1.0,USD,67895000000.0,56198000000.0,56198000000.0,24.94122823109717,0.18997162963241512
AMD,Advanced Micro Devices,0000002488,ADVANCED MICRO DEVICES INC,Technology,ndxt_sox,True,True,2024Q2,2024-06-29,2024-06-14,2024-06-30,1,2024,Q2,USD,USD,67886000000,56538000000.0,56538000000.0,34.5376,1618000000.0,1637000000.0,1636998517.5576763,1637000000.0,shares_diluted,2024-06-28,162.2100067138672,265537780990.6006,stockanalysis_fiscal_ai,2024-06-29,1.0,USD,67886000000.0,56538000000.0,56538000000.0,24.941095664684884,0.21291885391631452
AMD,Advanced Micro Devices,0000002488,ADVANCED MICRO DEVICES INC,Technology,ndxt_sox,True,True,2024Q3,2024-09-28,2024-09-13,2024-09-30,2,2024,Q3,USD,USD,69636000000,56985000000.0,56985000000.0,34.8319,1620000000.0,1636000000.0,1636000333.0280578,1636000000.0,shares_diluted,2024-09-27,164.35000610351562,268876609985.35156,stockanalysis_fiscal_ai,2024-09-28,1.0,USD,69636000000.0,56985000000.0,56985000000.0,24.96654751194288,0.21193736414299685
AMD,Advanced Micro Devices,0000002488,ADVANCED MICRO DEVICES INC,Technology,ndxt_sox,True,True,2024Q4,2024-12-31,2024-12-16,2024-12-31,0,2024,Q4,USD,USD,69226000000,57568000000.0,57568000000.0,35.4788,1622600000.0,1622600000.0,1622602793.781075,1622600000.0,shares_diluted,2024-12-31,120.79000091552734,195993855485.53467,stockanalysis_fiscal_ai,2024-12-31,1.0,USD,69226000000.0,57568000000.0,57568000000.0,24.96064235154735,0.2937234938176356
AMD,Advanced Micro Devices,0000002488,ADVANCED MICRO DEVICES INC,Technology,ndxt_sox,True,True,2025Q1,2025-03-31,2025-03-16,2025-03-31,0,2025,Q1,USD,USD,71550000000,57881000000.0,57881000000.0,35.7402,1619490000.0,1619490000.0,1619492895.9546952,1619490000.0,shares_diluted,2025-03-31,102.73999786376952,166386399140.3961,stockanalysis_fiscal_ai,2025-03-31,1.0,USD,71550000000.0,57881000000.0,57881000000.0,24.99366234294887,0.34787098163690816
AMD,Advanced Micro Devices,0000002488,ADVANCED MICRO DEVICES INC,Technology,ndxt_sox,True,True,2025Q2,2025-06-29,2025-06-14,2025-06-30,1,2025,Q2,USD,USD,74820000000,59665000000.0,59665000000.0,36.8348,1619800000.0,1619800000.0,1619799754.5799081,1619800000.0,shares_diluted,2025-06-27,143.80999755859375,232943434045.41016,stockanalysis_fiscal_ai,2025-06-29,1.0,USD,74820000000.0,59665000000.0,59665000000.0,25.03835106586641,0.2561351439009389
AMD,Advanced Micro Devices,0000002488,ADVANCED MICRO DEVICES INC,Technology,ndxt_sox,True,True,2025Q3,2025-09-30,2025-09-15,2025-09-30,0,2025,Q3,USD,USD,76891000000,60790000000.0,60790000000.0,37.4258,1624280000.0,1624280000.0,1624280576.5007026,1624280000.0,shares_diluted,2025-09-30,161.7899932861328,262792250294.7998,stockanalysis_fiscal_ai,2025-09-30,1.0,USD,76891000000.0,60790000000.0,60790000000.0,25.065654671498333,0.23132341205574328
AMD,Advanced Micro Devices,0000002488,ADVANCED MICRO DEVICES INC,Technology,ndxt_sox,True,True,2025Q4,2025-12-31,2025-12-16,2025-12-31,0,2025,Q4,USD,USD,76926000000,62999000000.0,62999000000.0,38.3581,1642390000.0,1642390000.0,1642391046.4804044,1642390000.0,shares_diluted,2025-12-31,214.16000366210935,351734248414.61176,stockanalysis_fiscal_ai,2025-12-31,1.0,USD,76926000000.0,62999000000.0,62999000000.0,25.06610975774503,0.17910965532631054
AMD,Advanced Micro Devices,0000002488,ADVANCED MICRO DEVICES INC,Technology,ndxt_sox,True,True,2026Q1,2026-03-31,2026-03-16,2026-03-31,0,2026,Q1,USD,USD,79642000000,64462000000.0,64462000000.0,39.5439,1630140000.0,1630140000.0,1630137644.4913123,1630140000.0,shares_diluted,2026-03-31,203.42999267578125,331619368260.49805,stockanalysis_fiscal_ai,2026-03-31,1.0,USD,79642000000.0,64462000000.0,64462000000.0,25.10080742883562,0.19438550992402517
APP,AppLovin,0001751008,AppLovin Corp,Technology,ndxt_only,True,False,2022Q1,2022-03-31,2022-03-16,2022-03-31,0,2022,Q1,USD,USD,6167190000,2012460000.0,2012300000.0,5.40986,371968000.0,371968000.0,371968960.379751,371968000.0,shares_diluted,2022-03-31,55.06999969482422,20484277646.484375,stockanalysis_fiscal_ai,2022-03-31,1.0,USD,6167190000.0,2012460000.0,2012300000.0,22.542509141626628,0.09824412823975706
APP,AppLovin,0001751008,AppLovin Corp,Technology,ndxt_only,True,False,2022Q2,2022-06-30,2022-06-15,2022-06-30,0,2022,Q2,USD,USD,5930830000,1907280000.0,1907180000.0,5.10059,373913000.0,373913000.0,373913606.0730229,373913000.0,shares_diluted,2022-06-30,34.439998626708984,12877563206.508636,stockanalysis_fiscal_ai,2022-06-30,1.0,USD,5930830000.0,1907280000.0,1907180000.0,22.50343000643487,0.1481087663414468
APP,AppLovin,0001751008,AppLovin Corp,Technology,ndxt_only,True,False,2022Q3,2022-09-30,2022-09-15,2022-09-30,0,2022,Q3,USD,USD,5805400000,1881900000.0,1881900000.0,4.9725,369389000.0,378462000.0,378461538.46153843,378462000.0,shares_diluted,2022-09-30,19.489999771118164,7376224293.376923,stockanalysis_fiscal_ai,2022-09-30,1.0,USD,5805400000.0,1881900000.0,1881900000.0,22.482054355837768,0.25513052818767307
APP,AppLovin,0001751008,AppLovin Corp,Technology,ndxt_only,True,False,2022Q4,2022-12-31,2022-12-16,2022-12-31,0,2022,Q4,USD,USD,5847850000,1902680000.0,1902680000.0,5.12747,371075000.0,371075000.0,371075793.71502906,371075000.0,shares_diluted,2022-12-30,10.529999732971191,3907419650.912285,stockanalysis_fiscal_ai,2022-12-31,1.0,USD,5847850000.0,1902680000.0,1902680000.0,22.489339909270125,0.48694027516490884
APP,AppLovin,0001751008,AppLovin Corp,Technology,ndxt_only,True,False,2023Q1,2023-03-31,2023-03-16,2023-03-31,0,2023,Q1,USD,USD,5915840000,1898580000.0,1898580000.0,5.08784,373160000.0,373160000.0,373160319.50690275,373160000.0,shares_diluted,2023-03-31,15.75,5877270000.0,stockanalysis_fiscal_ai,2023-03-31,1.0,USD,5915840000.0,1898580000.0,1898580000.0,22.500899336128356,0.3230377369084626
APP,AppLovin,0001751008,AppLovin Corp,Technology,ndxt_only,True,False,2023Q2,2023-06-30,2023-06-15,2023-06-30,0,2023,Q2,USD,USD,5482120000,1517400000.0,1517400000.0,4.14205,356957000.0,366340000.0,366340338.72116464,366340000.0,shares_diluted,2023-06-30,25.729999542236328,9425928032.302856,stockanalysis_fiscal_ai,2023-06-30,1.0,USD,5482120000.0,1517400000.0,1517400000.0,22.42475772440866,0.16098149644256118
APP,AppLovin,0001751008,AppLovin Corp,Technology,ndxt_only,True,False,2023Q3,2023-09-30,2023-09-15,2023-09-30,0,2023,Q3,USD,USD,5005230000,1095790000.0,1095790000.0,3.07025,341436000.0,356906000.0,356905789.4308281,356906000.0,shares_diluted,2023-09-29,39.959999084472656,14261963433.242798,stockanalysis_fiscal_ai,2023-09-30,1.0,USD,5005230000.0,1095790000.0,1095790000.0,22.333749202703693,0.07683303951304873
APP,AppLovin,0001751008,AppLovin Corp,Technology,ndxt_only,True,False,2023Q4,2023-12-31,2023-12-16,2023-12-31,0,2023,Q4,USD,USD,5359190000,1256330000.0,1256330000.0,3.61541,337137000.0,347493000.0,347493092.0697791,347493000.0,shares_diluted,2023-12-29,39.849998474121094,13847595519.767761,stockanalysis_fiscal_ai,2023-12-31,1.0,USD,5359190000.0,1256330000.0,1256330000.0,22.40207868120645,0.09072549802646676
APP,AppLovin,0001751008,AppLovin Corp,Technology,ndxt_only,True,False,2024Q1,2024-03-31,2024-03-16,2024-03-31,0,2024,Q1,USD,USD,5262520000,760204000.0,760204000.0,2.18076,335795000.0,348596000.0,348595902.34597117,348596000.0,shares_diluted,2024-03-28,69.22000122070312,24129815545.532227,stockanalysis_fiscal_ai,2024-03-31,1.0,USD,5262520000.0,760204000.0,760204000.0,22.38387583642275,0.03150475802707726
APP,AppLovin,0001751008,AppLovin Corp,Technology,ndxt_only,True,False,2024Q2,2024-06-30,2024-06-15,2024-06-30,0,2024,Q2,USD,USD,5269470000,814836000.0,814836000.0,2.34172,335682000.0,347964000.0,347964743.863485,347964000.0,shares_diluted,2024-06-28,83.22000122070312,28957564504.760742,stockanalysis_fiscal_ai,2024-06-30,1.0,USD,5269470000.0,814836000.0,814836000.0,22.38519562518229,0.0281389686576037
APP,AppLovin,0001751008,AppLovin Corp,Technology,ndxt_only,True,False,2024Q3,2024-09-30,2024-09-15,2024-09-30,0,2024,Q3,USD,USD,5442480000,938206000.0,938206000.0,2.69425,336931000.0,348225000.0,348225294.60888934,348225000.0,shares_diluted,2024-09-30,130.5500030517578,45460774812.698364,stockanalysis_fiscal_ai,2024-09-30,1.0,USD,5442480000.0,938206000.0,938206000.0,22.417500676284416,0.02063770368775006
APP,AppLovin,0001751008,AppLovin Corp,Technology,ndxt_only,True,False,2024Q4,2024-12-31,2024-12-16,2024-12-31,0,2024,Q4,USD,USD,5869260000,1089820000.0,1089820000.0,3.14591,339168000.0,346424000.0,346424405.02112263,346424000.0,shares_diluted,2024-12-31,323.8299865722656,112182479268.31055,stockanalysis_fiscal_ai,2024-12-31,1.0,USD,5869260000.0,1089820000.0,1089820000.0,22.492994398103644,0.009714707743206864
APP,AppLovin,0001751008,AppLovin Corp,Technology,ndxt_only,True,False,2025Q1,2025-03-31,2025-03-16,2025-03-31,0,2025,Q1,USD,USD,5706700000,575421000.0,575421000.0,1.66848,339837000.0,344878000.0,344877373.4177215,344878000.0,shares_diluted,2025-03-31,264.9700012207031,91382324080.99365,stockanalysis_fiscal_ai,2025-03-31,1.0,USD,5706700000.0,575421000.0,575421000.0,22.464906760096333,0.006296852326605252
APP,AppLovin,0001751008,AppLovin Corp,Technology,ndxt_only,True,False,2025Q2,2025-06-30,2025-06-15,2025-06-30,0,2025,Q2,USD,USD,5959500000,1167130000.0,1167130000.0,3.41071,338617000.0,342194000.0,342195613.2300899,342194000.0,shares_diluted,2025-06-30,350.0799865722656,119795270925.10986,stockanalysis_fiscal_ai,2025-06-30,1.0,USD,5959500000.0,1167130000.0,1167130000.0,22.508252421887036,0.00974270512505984
APP,AppLovin,0001751008,AppLovin Corp,Technology,ndxt_only,True,False,2025Q3,2025-09-30,2025-09-15,2025-09-30,0,2025,Q3,USD,USD,6343040000,1473920000.0,1473920000.0,4.32268,338531000.0,340974000.0,340973655.2324021,340974000.0,shares_diluted,2025-09-30,718.5399780273438,245003450467.8955,stockanalysis_fiscal_ai,2025-09-30,1.0,USD,6343040000.0,1473920000.0,1473920000.0,22.570623985742564,0.006015915274601971
APP,AppLovin,0001751008,AppLovin Corp,Technology,ndxt_only,True,False,2025Q4,2025-12-31,2025-12-16,2025-12-31,0,2025,Q4,USD,USD,7259610000,2134670000.0,2134670000.0,6.28033,338159000.0,339898000.0,339897744.2268161,339898000.0,shares_diluted,2025-12-31,673.8200073242188,229030072849.4873,stockanalysis_fiscal_ai,2025-12-31,1.0,USD,7259610000.0,2134670000.0,2134670000.0,22.705591945331935,0.009320479068278735
APP,AppLovin,0001751008,AppLovin Corp,Technology,ndxt_only,True,False,2026Q1,2026-03-31,2026-03-16,2026-03-31,0,2026,Q1,USD,USD,7707710000,2363480000.0,2363480000.0,6.9775,337399000.0,338729000.0,338728771.04980296,338729000.0,shares_diluted,2026-03-31,398.0,134814142000.0,stockanalysis_fiscal_ai,2026-03-31,1.0,USD,7707710000.0,2363480000.0,2363480000.0,22.765486963542187,0.01753139518552883
ARM,Arm Holdings,0001973239,ARM HOLDINGS PLC /UK,Technology,ndxt_only,True,False,2022Q1,2022-03-31,2022-03-16,2022-03-31,0,2022,Q4,USD,USD,6510000000,3548000000.0,3548000000.0,3.46067,,,1025234997.8472377,1025234997.8472377,book_value_divided_by_book_value_per_share,,,,stockanalysis_fiscal_ai,2022-03-31,1.0,USD,6510000000.0,3548000000.0,3548000000.0,22.59660529316689,
ARM,Arm Holdings,0001973239,ARM HOLDINGS PLC /UK,Technology,ndxt_only,True,False,2022Q4,2022-12-31,2022-12-16,2022-12-31,0,2023,Q3,USD,USD,6866000000,4051000000.0,4051000000.0,3.94097,1025230000.0,1027920000.0,1027919522.3510963,1027920000.0,shares_diluted,,,,stockanalysis_fiscal_ai,2022-12-31,1.0,USD,6866000000.0,4051000000.0,4051000000.0,22.649847531981912,
ARM,Arm Holdings,0001973239,ARM HOLDINGS PLC /UK,Technology,ndxt_only,True,False,2023Q1,2023-03-31,2023-03-16,2023-03-31,0,2023,Q4,USD,USD,6866000000,4051000000.0,4051000000.0,3.93626,1025230000.0,1029150000.0,1029149497.2384955,1029150000.0,shares_diluted,,,,stockanalysis_fiscal_ai,2023-03-31,1.0,USD,6866000000.0,4051000000.0,4051000000.0,22.649847531981912,
ARM,Arm Holdings,0001973239,ARM HOLDINGS PLC /UK,Technology,ndxt_only,True,False,2023Q2,2023-06-30,2023-06-15,2023-06-30,0,2024,Q1,USD,USD,6700000000,4221000000.0,4221000000.0,4.10204,1025000000.0,1029000000.0,1029000204.7761602,1029000000.0,shares_diluted,,,,stockanalysis_fiscal_ai,2023-06-30,1.0,USD,6700000000.0,4221000000.0,4221000000.0,22.625373363343332,
ARM,Arm Holdings,0001973239,ARM HOLDINGS PLC /UK,Technology,ndxt_only,True,False,2023Q3,2023-09-30,2023-09-15,2023-09-30,0,2024,Q2,USD,USD,6810000000,4773000000.0,4773000000.0,4.65659,1025000000.0,1025000000.0,1024998979.9402568,1025000000.0,shares_diluted,2023-09-29,53.52000045776367,54858000469.20776,stockanalysis_fiscal_ai,2023-09-30,1.0,USD,6810000000.0,4773000000.0,4773000000.0,22.64165795710783,0.08700645227999375
ARM,Arm Holdings,0001973239,ARM HOLDINGS PLC /UK,Technology,ndxt_only,True,False,2023Q4,2023-12-31,2023-12-16,2023-12-31,0,2024,Q3,USD,USD,7115000000,5004000000.0,5004000000.0,4.77026,1027000000.0,1049000000.0,1048999425.6078284,1049000000.0,shares_diluted,2023-12-29,75.1449966430664,78827101478.57666,stockanalysis_fiscal_ai,2023-12-31,1.0,USD,7115000000.0,5004000000.0,5004000000.0,22.685471068488226,0.06348070531757366
ARM,Arm Holdings,0001973239,ARM HOLDINGS PLC /UK,Technology,ndxt_only,True,False,2024Q1,2024-03-31,2024-03-16,2024-03-31,0,2024,Q4,USD,USD,8051000000,5276000000.0,5276000000.0,4.98677,1032000000.0,1058000000.0,1057999466.5885935,1058000000.0,shares_diluted,2024-03-28,124.98999786376952,132239417739.86815,stockanalysis_fiscal_ai,2024-03-31,1.0,USD,8051000000.0,5276000000.0,5276000000.0,22.809062144264256,0.03989733235500603
ARM,Arm Holdings,0001973239,ARM HOLDINGS PLC /UK,Technology,ndxt_only,True,False,2024Q2,2024-06-30,2024-06-15,2024-06-30,0,2025,Q1,USD,USD,7880000000,5663000000.0,5663000000.0,5.34245,1044000000.0,1060000000.0,1060000561.5401173,1060000000.0,shares_diluted,2024-06-28,163.6199951171875,173437194824.21875,stockanalysis_fiscal_ai,2024-06-30,1.0,USD,7880000000.0,5663000000.0,5663000000.0,22.7875937408162,0.03265158898435562
ARM,Arm Holdings,0001973239,ARM HOLDINGS PLC /UK,Technology,ndxt_only,True,False,2024Q3,2024-09-30,2024-09-15,2024-09-30,0,2025,Q2,USD,USD,8086000000,6012000000.0,6012000000.0,5.65569,1049000000.0,1063000000.0,1063000270.5240209,1063000000.0,shares_diluted,2024-09-30,143.00999450683594,152019624160.7666,stockanalysis_fiscal_ai,2024-09-30,1.0,USD,8086000000.0,6012000000.0,6012000000.0,22.81340000816499,0.03954752574340059
ARM,Arm Holdings,0001973239,ARM HOLDINGS PLC /UK,Technology,ndxt_only,True,False,2024Q4,2024-12-31,2024-12-16,2024-12-31,0,2025,Q3,USD,USD,8496000000,6419000000.0,6419000000.0,6.03289,1052000000.0,1064000000.0,1064000835.4205033,1064000000.0,shares_diluted,2024-12-31,123.36000061035156,131255040649.41406,stockanalysis_fiscal_ai,2024-12-31,1.0,USD,8496000000.0,6419000000.0,6419000000.0,22.862861301445996,0.048904788480812186
ARM,Arm Holdings,0001973239,ARM HOLDINGS PLC /UK,Technology,ndxt_only,True,False,2025Q1,2025-03-31,2025-03-16,2025-03-31,0,2025,Q4,USD,USD,8932000000,6839000000.0,6839000000.0,6.4216,1055000000.0,1065000000.0,1064999377.1022799,1065000000.0,shares_diluted,2025-03-31,106.79000091552734,113731350975.03662,stockanalysis_fiscal_ai,2025-03-31,1.0,USD,8932000000.0,6839000000.0,6839000000.0,22.912906170924323,0.06013293556585925
ARM,Arm Holdings,0001973239,ARM HOLDINGS PLC /UK,Technology,ndxt_only,True,False,2025Q2,2025-06-30,2025-06-15,2025-06-30,0,2026,Q1,USD,USD,9395000000,7007000000.0,7007000000.0,6.57934,1058000000.0,1065000000.0,1065000440.7736946,1065000000.0,shares_diluted,2025-06-30,161.74000549316406,172253105850.21973,stockanalysis_fiscal_ai,2025-06-30,1.0,USD,9395000000.0,7007000000.0,7007000000.0,22.96344346981184,0.04067851180629996
ARM,Arm Holdings,0001973239,ARM HOLDINGS PLC /UK,Technology,ndxt_only,True,False,2025Q3,2025-09-30,2025-09-15,2025-09-30,0,2026,Q2,USD,USD,9710000000,7407000000.0,7407000000.0,6.92891,1060000000.0,1069000000.0,1068999308.6935751,1069000000.0,shares_diluted,2025-09-30,141.49000549316406,151252815872.19238,stockanalysis_fiscal_ai,2025-09-30,1.0,USD,9710000000.0,7407000000.0,7407000000.0,22.996422119249644,0.04897098911704801
ARM,Arm Holdings,0001973239,ARM HOLDINGS PLC /UK,Technology,ndxt_only,True,False,2025Q4,2025-12-31,2025-12-16,2025-12-31,0,2026,Q3,USD,USD,10176000000,7798000000.0,7798000000.0,7.29467,1062000000.0,1069000000.0,1068999694.2973431,1069000000.0,shares_diluted,2025-12-31,109.30999755859376,116852387390.13673,stockanalysis_fiscal_ai,2025-12-31,1.0,USD,10176000000.0,7798000000.0,7798000000.0,23.043297843544178,0.06673376705573593
ARM,Arm Holdings,0001973239,ARM HOLDINGS PLC /UK,Technology,ndxt_only,True,False,2026Q1,2026-03-31,2026-03-16,2026-03-31,0,2026,Q4,USD,USD,10703000000,8286000000.0,8286000000.0,7.75843,1063000000.0,1068000000.0,1067999582.389736,1068000000.0,shares_diluted,2026-03-31,151.27999877929688,161567038696.28906,stockanalysis_fiscal_ai,2026-03-31,1.0,USD,10703000000.0,8286000000.0,8286000000.0,23.09378991294865,0.051285213041354805
ASML,ASML Holding,0000937966,ASML HOLDING NV,Technology,ndxt_sox,True,True,2022Q1,2022-04-03,2022-03-19,2022-03-31,3,2022,Q1,EUR,USD,30231800000,8810400000.0,8810400000.0,21.9437,401100000.0,401500000.0,401500202.79168963,401500000.0,shares_diluted,2022-04-01,667.72998046875,268093587158.20312,stockanalysis_fiscal_ai,2022-04-03,1.1047282218933105,EURUSD=X,33397922658.634186,9733097526.168823,9733097526.168823,24.231759539145546,0.03630485021794006
ASML,ASML Holding,0000937966,ASML HOLDING NV,Technology,ndxt_sox,True,True,2022Q2,2022-07-03,2022-06-18,2022-06-30,3,2022,Q2,EUR,USD,31912600000,7648600000.0,7648600000.0,19.1887,398300000.0,398600000.0,398599175.55644727,398600000.0,shares_diluted,2022-07-01,449.8299865722656,179302232647.70508,stockanalysis_fiscal_ai,2022-07-03,1.0433948040008545,EURUSD=X,33297441022.15767,7980509497.880936,7980509497.880936,24.228746384798537,0.04450870120262878
ASML,ASML Holding,0000937966,ASML HOLDING NV,Technology,ndxt_sox,True,True,2022Q3,2022-10-02,2022-09-17,2022-09-30,2,2022,Q3,EUR,USD,32803500000,7955100000.0,7955100000.0,20.0582,396200000.0,396600000.0,396600891.40600854,396600000.0,shares_diluted,2022-09-30,415.3500061035156,164727812420.6543,stockanalysis_fiscal_ai,2022-10-02,0.9792688488960266,EURUSD=X,32123445684.76081,7790181619.852781,7790181619.852781,24.192851995637533,0.04729123458496201
ASML,ASML Holding,0000937966,ASML HOLDING NV,Technology,ndxt_sox,True,True,2022Q4,2022-12-31,2022-12-16,2022-12-31,0,2022,Q4,EUR,USD,36300400000,8810800000.0,8810800000.0,22.2945,394900000.0,395200000.0,395200610.0159232,395200000.0,shares_diluted,2022-12-30,546.4000244140625,215937289648.4375,stockanalysis_fiscal_ai,2022-12-30,1.066075325012207,EURUSD=X,38698960728.07312,9392976473.617554,9392976473.617554,24.379078582049804,0.043498630963230304
ASML,ASML Holding,0000937966,ASML HOLDING NV,Technology,ndxt_sox,True,True,2023Q1,2023-04-02,2023-03-18,2023-03-31,2,2023,Q1,EUR,USD,35147600000,9786300000.0,9786300000.0,24.788,394500000.0,394800000.0,394799903.1789576,394800000.0,shares_diluted,2023-03-31,680.7100219726562,268744316674.8047,stockanalysis_fiscal_ai,2023-04-02,1.0803335905075073,EURUSD=X,37971132905.721664,10572468616.783619,10572468616.783619,24.360092047608894,0.03934025004732243
ASML,ASML Holding,0000937966,ASML HOLDING NV,Technology,ndxt_sox,True,True,2023Q2,2023-07-02,2023-06-17,2023-06-30,2,2023,Q2,EUR,USD,36928500000,10604900000.0,10604900000.0,26.916,393800000.0,394000000.0,393999851.38950807,394000000.0,shares_diluted,2023-06-30,724.75,285551500000.0,stockanalysis_fiscal_ai,2023-07-02,1.0907504558563232,EURUSD=X,40279778209.09023,11567299509.310722,11567299509.310722,24.419115398552474,0.04050862807343237
ASML,ASML Holding,0000937966,ASML HOLDING NV,Technology,ndxt_sox,True,True,2023Q3,2023-10-01,2023-09-16,2023-09-30,1,2023,Q3,EUR,USD,37513500000,11994900000.0,11994900000.0,30.4671,393400000.0,393700000.0,393700089.60485244,393700000.0,shares_diluted,2023-09-29,588.6599731445312,231755431427.00195,stockanalysis_fiscal_ai,2023-10-01,1.0565240383148193,EURUSD=X,39633914511.322975,12672900187.182426,12672900187.182426,24.40295101573606,0.05468221438932758
ASML,ASML Holding,0000937966,ASML HOLDING NV,Technology,ndxt_sox,True,True,2023Q4,2023-12-31,2023-12-16,2023-12-31,0,2023,Q4,EUR,USD,43078600000,16209500000.0,16209500000.0,41.1618,393400000.0,393800000.0,393799590.8828088,393800000.0,shares_diluted,2023-12-29,756.9199829101562,298075089270.01953,stockanalysis_fiscal_ai,2023-12-29,1.1068191528320312,EURUSD=X,47680219557.18994,17940985057.83081,17940985057.83081,24.58778246449974,0.060189481455052
ASML,ASML Holding,0000937966,ASML HOLDING NV,Technology,ndxt_sox,True,True,2024Q1,2024-03-31,2024-03-16,2024-03-31,0,2024,Q1,EUR,USD,39042600000,13794100000.0,13794100000.0,35.0371,393400000.0,393700000.0,393699821.0468332,393700000.0,shares_diluted,2024-03-28,970.469970703125,382074027465.8203,stockanalysis_fiscal_ai,2024-03-31,1.0792726278305054,EURUSD=X,42137609499.33529,14887594555.556774,14887594555.556774,24.464206516122857,0.03896520958072344
ASML,ASML Holding,0000937966,ASML HOLDING NV,Technology,ndxt_sox,True,True,2024Q2,2024-06-30,2024-06-15,2024-06-30,0,2024,Q2,EUR,USD,40741000000,14711200000.0,14711200000.0,37.3855,393200000.0,393500000.0,393500153.80294496,393500000.0,shares_diluted,2024-06-28,1022.72998046875,402444247314.4531,stockanalysis_fiscal_ai,2024-06-30,1.0735257863998413,EURUSD=X,43736514063.715935,15792852548.885345,15792852548.885345,24.50144915225904,0.03924233643361156
ASML,ASML Holding,0000937966,ASML HOLDING NV,Technology,ndxt_sox,True,True,2024Q3,2024-09-30,2024-09-15,2024-09-30,0,2024,Q3,EUR,USD,41766100000,16151600000.0,16151600000.0,41.0356,393300000.0,393600000.0,393599703.6719336,393600000.0,shares_diluted,2024-09-30,833.25,327967200000.0,stockanalysis_fiscal_ai,2024-09-30,1.113660216331482,EURUSD=X,46513243961.32231,17987394350.099564,17987394350.099564,24.56300292535976,0.05484510143117837
ASML,ASML Holding,0000937966,ASML HOLDING NV,Technology,ndxt_sox,True,True,2024Q4,2024-12-31,2024-12-16,2024-12-31,0,2024,Q4,EUR,USD,52566500000,22021900000.0,22021900000.0,55.9499,393300000.0,393600000.0,393600346.0238535,393600000.0,shares_diluted,2024-12-31,693.0800170898438,272796294726.5625,stockanalysis_fiscal_ai,2024-12-31,1.040615200996399,EURUSD=X,54701498963.1772,22916323894.822598,22916323894.822598,24.725156949347642,0.08400526084048461
ASML,ASML Holding,0000937966,ASML HOLDING NV,Technology,ndxt_sox,True,True,2025Q1,2025-03-31,2025-03-16,2025-03-31,0,2025,Q1,EUR,USD,45478800000,17500700000.0,17500700000.0,44.4989,393284000.0,393284000.0,393283878.92734426,393284000.0,shares_diluted,2025-03-31,662.6300048828125,260601778840.33203,stockanalysis_fiscal_ai,2025-03-31,1.0818880796432495,EURUSD=X,49202971596.479416,18933798715.412617,18933798715.412617,24.6192198569232,0.07265414226897184
ASML,ASML Holding,0000937966,ASML HOLDING NV,Technology,ndxt_sox,True,True,2025Q2,2025-06-30,2025-06-15,2025-06-30,0,2025,Q2,EUR,USD,44849100000,17618200000.0,17618200000.0,45.1353,390342000.0,390342000.0,390341927.4935582,390342000.0,shares_diluted,2025-06-30,801.3900146484375,312816181097.9004,stockanalysis_fiscal_ai,2025-06-30,1.178717017173767,EURUSD=X,52864397374.92799,20766872151.970863,20766872151.970863,24.690995931745547,0.06638682205979482
ASML,ASML Holding,0000937966,ASML HOLDING NV,Technology,ndxt_sox,True,True,2025Q3,2025-09-30,2025-09-15,2025-09-30,0,2025,Q3,EUR,USD,45097100000,18993500000.0,18993500000.0,49.0281,387400000.0,387400000.0,387400286.7743192,387400000.0,shares_diluted,2025-09-30,968.0900268554688,375038076403.8086,stockanalysis_fiscal_ai,2025-09-30,1.1735849380493164,EURUSD=X,52925277309.70383,22290485520.83969,22290485520.83969,24.69214689362681,0.059435259839694846
ASML,ASML Holding,0000937966,ASML HOLDING NV,Technology,ndxt_sox,True,True,2025Q4,2025-12-31,2025-12-16,2025-12-31,0,2025,Q4,EUR,USD,55576800000,24185000000.0,24185000000.0,62.4935,386500000.0,387000000.0,387000248.0257947,387000000.0,shares_diluted,2025-12-31,1069.8599853515625,414035814331.0547,stockanalysis_fiscal_ai,2025-12-31,1.1747292280197144,EURUSD=X,65287691359.80606,28410826379.65679,28410826379.65679,24.902069361737365,0.06861924837482795
ASML,ASML Holding,0000937966,ASML HOLDING NV,Technology,ndxt_sox,True,True,2026Q1,2026-03-31,2026-03-16,2026-03-31,0,2026,Q1,EUR,USD,48060500000,20829500000.0,20829500000.0,54.044,385418000.0,385418000.0,385417437.6434017,385418000.0,shares_diluted,2026-03-31,1320.8299560546875,509071640002.68555,stockanalysis_fiscal_ai,2026-02-02,1.1849182844161987,EURUSD=X,56947765208.18472,24681255405.24721,24681255405.24721,24.765400284773502,0.04848287247963176
AVGO,Broadcom,0001730168,Broadcom Inc.,Technology,ndxt_sox,True,True,2022Q1,2022-01-30,2022-01-15,2022-03-31,60,2022,Q1,USD,USD,73224000000,22994000000.0,22968000000.0,5.35385,4120000000.0,4290000000.0,4289996918.105662,4290000000.0,shares_diluted,2022-01-28,56.0099983215332,240282892799.37744,stockanalysis_fiscal_ai,2022-01-30,1.0,USD,73224000000.0,22994000000.0,22968000000.0,25.01678907302889,0.09569553509245739
AVGO,Broadcom,0001730168,Broadcom Inc.,Technology,ndxt_sox,True,True,2022Q2,2022-05-01,2022-04-16,2022-06-30,60,2022,Q2,USD,USD,71719000000,20990000000.0,20963000000.0,4.9441,4080000000.0,4240000000.0,4240003236.180498,4240000000.0,shares_diluted,2022-04-29,55.43899917602539,235061356506.34766,stockanalysis_fiscal_ai,2022-05-01,1.0,USD,71719000000.0,20990000000.0,20963000000.0,24.996021542474036,0.08929583455132141
AVGO,Broadcom,0001730168,Broadcom Inc.,Technology,ndxt_sox,True,True,2022Q3,2022-07-31,2022-07-16,2022-09-30,61,2022,Q3,USD,USD,71326000000,20903000000.0,20876000000.0,4.85488,4050000000.0,4300000000.0,4300003295.653034,4300000000.0,shares_diluted,2022-07-29,53.54800033569336,230256401443.48145,stockanalysis_fiscal_ai,2022-07-31,1.0,USD,71326000000.0,20903000000.0,20876000000.0,24.99052675427717,0.09078140659264508
AVGO,Broadcom,0001730168,Broadcom Inc.,Technology,ndxt_sox,True,True,2022Q4,2022-10-30,2022-10-15,2022-12-31,62,2022,Q4,USD,USD,73249000000,22709000000.0,22709000000.0,5.29347,4110000000.0,4290000000.0,4290002588.094388,4290000000.0,shares_diluted,2022-10-28,47.290000915527344,202874103927.6123,stockanalysis_fiscal_ai,2022-10-30,1.0,USD,73249000000.0,22709000000.0,22709000000.0,25.017130432873266,0.11193641554223609
AVGO,Broadcom,0001730168,Broadcom Inc.,Technology,ndxt_sox,True,True,2023Q1,2023-01-29,2023-01-14,2023-03-31,61,2023,Q1,USD,USD,72976000000,23310000000.0,23310000000.0,5.43357,4180000000.0,4290000000.0,4289997184.171733,4290000000.0,shares_diluted,2023-01-27,59.0989990234375,253534705810.54688,stockanalysis_fiscal_ai,2023-01-29,1.0,USD,72976000000.0,23310000000.0,23310000000.0,25.013396456915757,0.09194007552330266
AVGO,Broadcom,0001730168,Broadcom Inc.,Technology,ndxt_sox,True,True,2023Q2,2023-04-30,2023-04-15,2023-06-30,61,2023,Q2,USD,USD,71667000000,22007000000.0,22007000000.0,5.15386,4150000000.0,4270000000.0,4270003453.7220645,4270000000.0,shares_diluted,2023-04-28,62.650001525878906,267515506515.50293,stockanalysis_fiscal_ai,2023-04-30,1.0,USD,71667000000.0,22007000000.0,22007000000.0,24.995296227557937,0.08226439015311683
AVGO,Broadcom,0001730168,Broadcom Inc.,Technology,ndxt_sox,True,True,2023Q3,2023-07-30,2023-07-15,2023-09-30,62,2023,Q3,USD,USD,71595000000,22079000000.0,22079000000.0,5.17194,4130000000.0,4269000000.0,4268997706.8566146,4269000000.0,shares_diluted,2023-07-28,89.97899627685547,384120335105.896,stockanalysis_fiscal_ai,2023-07-30,1.0,USD,71595000000.0,22079000000.0,22079000000.0,24.99429107607238,0.05747938336540596
AVGO,Broadcom,0001730168,Broadcom Inc.,Technology,ndxt_sox,True,True,2023Q4,2023-10-29,2023-10-14,2023-12-31,63,2023,Q4,USD,USD,72861000000,23988000000.0,23988000000.0,5.62043,4133000000.0,4268000000.0,4268000846.91029,4268000000.0,shares_diluted,2023-10-27,83.83599853515625,357812041748.0469,stockanalysis_fiscal_ai,2023-10-29,1.0,USD,72861000000.0,23988000000.0,23988000000.0,25.011819353384606,0.06704078454936722
AVGO,Broadcom,0001730168,Broadcom Inc.,Technology,ndxt_sox,True,True,2024Q1,2024-02-04,2024-01-20,2024-03-31,56,2024,Q1,USD,USD,177870000000,70284000000.0,70284000000.0,15.063,4517000000.0,4666000000.0,4666002788.289186,4666000000.0,shares_diluted,2024-02-02,122.43399810791016,571277035171.5088,stockanalysis_fiscal_ai,2024-02-04,1.0,USD,177870000000.0,70284000000.0,70284000000.0,25.904318783333796,0.12302962603581524
AVGO,Broadcom,0001730168,Broadcom Inc.,Technology,ndxt_sox,True,True,2024Q2,2024-05-05,2024-04-20,2024-06-30,56,2024,Q2,USD,USD,175211000000,69961000000.0,69961000000.0,14.5782,4645000000.0,4799000000.0,4799014967.554294,4799000000.0,shares_diluted,2024-05-03,127.81099700927734,613364974647.522,stockanalysis_fiscal_ai,2024-05-05,1.0,USD,175211000000.0,69961000000.0,69961000000.0,25.88925679886591,0.11406096352372254
AVGO,Broadcom,0001730168,Broadcom Inc.,Technology,ndxt_sox,True,True,2024Q3,2024-08-04,2024-07-20,2024-09-30,57,2024,Q3,USD,USD,167966000000,65651000000.0,65651000000.0,14.0791,4663000000.0,4663000000.0,4663011129.972796,4663000000.0,shares_diluted,2024-08-02,143.82000732421875,670632694152.832,stockanalysis_fiscal_ai,2024-08-04,1.0,USD,167966000000.0,65651000000.0,65651000000.0,25.8470274149155,0.09789412382128605
AVGO,Broadcom,0001730168,Broadcom Inc.,Technology,ndxt_sox,True,True,2024Q4,2024-11-03,2024-10-19,2024-12-31,58,2024,Q4,USD,USD,165645000000,67678000000.0,67678000000.0,14.0178,4679000000.0,4828000000.0,4828004394.412818,4828000000.0,shares_diluted,2024-11-01,168.9199981689453,815545751159.668,stockanalysis_fiscal_ai,2024-11-03,1.0,USD,165645000000.0,67678000000.0,67678000000.0,25.833112781113616,0.08298492132877285
AVGO,Broadcom,0001730168,Broadcom Inc.,Technology,ndxt_sox,True,True,2025Q1,2025-02-02,2025-01-18,2025-03-31,57,2025,Q1,USD,USD,165358000000,69789000000.0,69789000000.0,14.4311,4695000000.0,4836000000.0,4836013886.675305,4836000000.0,shares_diluted,2025-01-31,221.27000427246097,1070061740661.6212,stockanalysis_fiscal_ai,2025-02-02,1.0,USD,165358000000.0,69789000000.0,69789000000.0,25.831378657423365,0.06521960121371065
AVGO,Broadcom,0001730168,Broadcom Inc.,Technology,ndxt_sox,True,True,2025Q2,2025-05-04,2025-04-19,2025-06-30,57,2025,Q2,USD,USD,164630000000,69586000000.0,69586000000.0,14.419,4707000000.0,4826000000.0,4825993480.823913,4826000000.0,shares_diluted,2025-05-02,203.63999938964844,982766637054.4434,stockanalysis_fiscal_ai,2025-05-04,1.0,USD,164630000000.0,69586000000.0,69586000000.0,25.826966368606342,0.07080622945093432
AVGO,Broadcom,0001730168,Broadcom Inc.,Technology,ndxt_sox,True,True,2025Q3,2025-08-03,2025-07-19,2025-09-30,58,2025,Q3,USD,USD,165621000000,73277000000.0,73277000000.0,15.0776,4714000000.0,4860000000.0,4859990979.996817,4860000000.0,shares_diluted,2025-08-01,288.6400146484375,1402790471191.4062,stockanalysis_fiscal_ai,2025-08-03,1.0,USD,165621000000.0,73277000000.0,73277000000.0,25.832967882451864,0.05223659662997639
AVGO,Broadcom,0001730168,Broadcom Inc.,Technology,ndxt_sox,True,True,2025Q4,2025-11-02,2025-10-18,2025-12-31,59,2025,Q4,USD,USD,171092000000,81292000000.0,81292000000.0,16.6275,4732000000.0,4889000000.0,4889009171.553149,4889000000.0,shares_diluted,2025-10-31,369.6300048828125,1807121093872.0703,stockanalysis_fiscal_ai,2025-11-02,1.0,USD,171092000000.0,81292000000.0,81292000000.0,25.865467260468574,0.04498425715667886
AVGO,Broadcom,0001730168,Broadcom Inc.,Technology,ndxt_sox,True,True,2026Q1,2026-02-01,2026-01-17,2026-03-31,58,2026,Q1,USD,USD,169903000000,79867000000.0,79867000000.0,16.3394,4741000000.0,4888000000.0,4888000783.382499,4888000000.0,shares_diluted,2026-01-30,331.29998779296875,1619394340332.0312,stockanalysis_fiscal_ai,2026-02-01,1.0,USD,169903000000.0,79867000000.0,79867000000.0,25.858493522913964,0.0493190559031005
CDNS,Cadence Design Systems,0000813672,CADENCE DESIGN SYSTEMS INC,Technology,ndxt_only,True,False,2022Q1,2022-04-02,2022-03-18,2022-03-31,2,2022,Q1,USD,USD,4395070000,2760180000.0,2760180000.0,9.96751,272431000.0,276918000.0,276917705.6255775,276918000.0,shares_diluted,2022-04-01,165.6300048828125,45865929692.13867,stockanalysis_fiscal_ai,2022-04-02,1.0,USD,4395070000.0,2760180000.0,2760180000.0,22.203749295146704,0.0601793099698814
CDNS,Cadence Design Systems,0000813672,CADENCE DESIGN SYSTEMS INC,Technology,ndxt_only,True,False,2022Q2,2022-07-02,2022-06-17,2022-06-30,2,2022,Q2,USD,USD,4361270000,2625230000.0,2625230000.0,9.54032,271520000.0,275172000.0,275172111.627283,275172000.0,shares_diluted,2022-07-01,149.63999938964844,41176737912.04834,stockanalysis_fiscal_ai,2022-07-02,1.0,USD,4361270000.0,2625230000.0,2625230000.0,22.19602913629596,0.0637551718061633
CDNS,Cadence Design Systems,0000813672,CADENCE DESIGN SYSTEMS INC,Technology,ndxt_only,True,False,2022Q3,2022-10-01,2022-09-16,2022-09-30,1,2022,Q3,USD,USD,4968090000,2708130000.0,2708130000.0,9.84928,271131000.0,274957000.0,274957154.22853243,274957000.0,shares_diluted,2022-09-30,163.42999267578125,44936220496.154785,stockanalysis_fiscal_ai,2022-10-01,1.0,USD,4968090000.0,2708130000.0,2708130000.0,22.326301297355528,0.06026608313068377
CDNS,Cadence Design Systems,0000813672,CADENCE DESIGN SYSTEMS INC,Technology,ndxt_only,True,False,2022Q4,2022-12-31,2022-12-16,2022-12-31,0,2022,Q4,USD,USD,5137070000,2745110000.0,2745110000.0,10.0555,269709000.0,272997000.0,272995872.9053752,272997000.0,shares_diluted,2022-12-30,160.63999938964844,43854237913.375854,stockanalysis_fiscal_ai,2022-12-31,1.0,USD,5137070000.0,2745110000.0,2745110000.0,22.35974871496903,0.06259623084597536
CDNS,Cadence Design Systems,0000813672,CADENCE DESIGN SYSTEMS INC,Technology,ndxt_only,True,False,2023Q1,2023-03-31,2023-03-16,2023-03-31,0,2023,Q1,USD,USD,5171620000,2940880000.0,2940880000.0,10.7662,269501000.0,273159000.0,273158588.9171667,273159000.0,shares_diluted,2023-03-31,210.08999633789065,57387973309.66187,stockanalysis_fiscal_ai,2023-03-31,1.0,USD,5171620000.0,2940880000.0,2940880000.0,22.366451822612312,0.05124558039593414
CDNS,Cadence Design Systems,0000813672,CADENCE DESIGN SYSTEMS INC,Technology,ndxt_only,True,False,2023Q2,2023-06-30,2023-06-15,2023-06-30,0,2023,Q2,USD,USD,5155120000,2908460000.0,2908460000.0,10.6538,269714000.0,272996000.0,272997428.1477032,272996000.0,shares_diluted,2023-06-30,234.52000427246097,64023023086.36475,stockanalysis_fiscal_ai,2023-06-30,1.0,USD,5155120000.0,2908460000.0,2908460000.0,22.36325623251491,0.04542834530129251
CDNS,Cadence Design Systems,0000813672,CADENCE DESIGN SYSTEMS INC,Technology,ndxt_only,True,False,2023Q3,2023-09-30,2023-09-15,2023-09-30,0,2023,Q3,USD,USD,5431380000,3113890000.0,3113890000.0,11.4302,269229000.0,272427000.0,272426554.2160242,272427000.0,shares_diluted,2023-09-29,234.3000030517578,63829646931.381226,stockanalysis_fiscal_ai,2023-09-30,1.0,USD,5431380000.0,3113890000.0,3113890000.0,22.415459082249637,0.048784383898402645
CDNS,Cadence Design Systems,0000813672,CADENCE DESIGN SYSTEMS INC,Technology,ndxt_only,True,False,2023Q4,2023-12-31,2023-12-16,2023-12-31,0,2023,Q4,USD,USD,5669490000,3404270000.0,3404270000.0,12.4965,269088000.0,272419000.0,272417877.0055616,272419000.0,shares_diluted,2023-12-29,272.3699951171875,74198761699.8291,stockanalysis_fiscal_ai,2023-12-31,1.0,USD,5669490000.0,3404270000.0,3404270000.0,22.458365003550643,0.04588041527932724
CDNS,Cadence Design Systems,0000813672,CADENCE DESIGN SYSTEMS INC,Technology,ndxt_only,True,False,2024Q1,2024-03-31,2024-03-16,2024-03-31,0,2024,Q1,USD,USD,5722130000,3567600000.0,3567600000.0,13.0421,269606000.0,273544000.0,273544904.57825047,273544000.0,shares_diluted,2024-03-28,311.2799987792969,85148775986.08398,stockanalysis_fiscal_ai,2024-03-31,1.0,USD,5722130000.0,3567600000.0,3567600000.0,22.467606950645155,0.0418984296448731
CDNS,Cadence Design Systems,0000813672,CADENCE DESIGN SYSTEMS INC,Technology,ndxt_only,True,False,2024Q2,2024-06-30,2024-06-15,2024-06-30,0,2024,Q2,USD,USD,7225740000,4260890000.0,4260890000.0,15.578,270912000.0,273520000.0,273519707.2794967,273520000.0,shares_diluted,2024-06-28,307.75,84175780000.0,stockanalysis_fiscal_ai,2024-06-30,1.0,USD,7225740000.0,4260890000.0,4260890000.0,22.700915487845446,0.05061895476347234
CDNS,Cadence Design Systems,0000813672,CADENCE DESIGN SYSTEMS INC,Technology,ndxt_only,True,False,2024Q3,2024-09-30,2024-09-15,2024-09-30,0,2024,Q3,USD,USD,9167030000,4563340000.0,4563340000.0,16.6571,272244000.0,273958000.0,273957651.69207126,273958000.0,shares_diluted,2024-09-30,271.0299987792969,74250836405.57861,stockanalysis_fiscal_ai,2024-09-30,1.0,USD,9167030000.0,4563340000.0,4563340000.0,22.938879188528965,0.06145843226699527
CDNS,Cadence Design Systems,0000813672,CADENCE DESIGN SYSTEMS INC,Technology,ndxt_only,True,False,2024Q4,2024-12-31,2024-12-16,2024-12-31,0,2024,Q4,USD,USD,8974480000,4673580000.0,4673580000.0,17.0387,272069000.0,274292000.0,274292052.79745525,274292000.0,shares_diluted,2024-12-31,300.4599914550781,82413771976.19629,stockanalysis_fiscal_ai,2024-12-31,1.0,USD,8974480000.0,4673580000.0,4673580000.0,22.917650830923577,0.05670872583468062
CDNS,Cadence Design Systems,0000813672,CADENCE DESIGN SYSTEMS INC,Technology,ndxt_only,True,False,2025Q1,2025-03-31,2025-03-16,2025-03-31,0,2025,Q1,USD,USD,9013490000,4776260000.0,4776260000.0,17.4551,271973000.0,273631000.0,273631202.3420089,273631000.0,shares_diluted,2025-03-31,254.3300018310547,69592572731.03333,stockanalysis_fiscal_ai,2025-03-31,1.0,USD,9013490000.0,4776260000.0,4776260000.0,22.92198818095881,0.06863174923076423
CDNS,Cadence Design Systems,0000813672,CADENCE DESIGN SYSTEMS INC,Technology,ndxt_only,True,False,2025Q2,2025-06-30,2025-06-15,2025-06-30,0,2025,Q2,USD,USD,9508700000,5006540000.0,5006540000.0,18.3458,272899000.0,272899000.0,272898429.0682336,272899000.0,shares_diluted,2025-06-30,308.1499938964844,84093825184.35669,stockanalysis_fiscal_ai,2025-06-30,1.0,USD,9508700000.0,5006540000.0,5006540000.0,22.97547300594725,0.059535167879737824
CDNS,Cadence Design Systems,0000813672,CADENCE DESIGN SYSTEMS INC,Technology,ndxt_only,True,False,2025Q3,2025-09-30,2025-09-15,2025-09-30,0,2025,Q3,USD,USD,9599270000,5199000000.0,5199000000.0,18.9885,271152000.0,273798000.0,273797298.3647998,273798000.0,shares_diluted,2025-09-30,351.260009765625,96174288153.8086,stockanalysis_fiscal_ai,2025-09-30,1.0,USD,9599270000.0,5199000000.0,5199000000.0,22.98495289086222,0.0540581074193697
CDNS,Cadence Design Systems,0000813672,CADENCE DESIGN SYSTEMS INC,Technology,ndxt_only,True,False,2025Q4,2025-12-31,2025-12-16,2025-12-31,0,2025,Q4,USD,USD,10153100000,5474180000.0,5474180000.0,20.0569,270924000.0,272932000.0,272932507.01753515,272932000.0,shares_diluted,2025-12-31,312.5799865722656,85313080895.1416,stockanalysis_fiscal_ai,2025-12-31,1.0,USD,10153100000.0,5474180000.0,5474180000.0,23.041044914522615,0.06416577554769497
CDNS,Cadence Design Systems,0000813672,CADENCE DESIGN SYSTEMS INC,Technology,ndxt_only,True,False,2026Q1,2026-03-31,2026-03-16,2026-03-31,0,2026,Q1,USD,USD,12098400000,6561460000.0,6561460000.0,23.971,272061000.0,273725000.0,273724917.6087773,273725000.0,shares_diluted,2026-03-31,277.8699951171875,76059964413.45215,stockanalysis_fiscal_ai,2026-03-31,1.0,USD,12098400000.0,6561460000.0,6561460000.0,23.216339049400805,0.08626693491904296
CRWD,CrowdStrike,0001535527,"CrowdStrike Holdings, Inc.",Technology,ndxt_only,True,False,2022Q1,2022-01-31,2022-01-16,2022-03-31,59,2022,Q4,USD,USD,3618380000,1037640000.0,1025760000.0,1.1166,918648000.0,918648000.0,918645889.3068242,918648000.0,shares_diluted,2022-01-31,45.15999984741211,41486143539.82544,stockanalysis_fiscal_ai,2022-01-31,1.0,USD,3618380000.0,1037640000.0,1025760000.0,22.009292248807746,0.025011724673899782
CRWD,CrowdStrike,0001535527,"CrowdStrike Holdings, Inc.",Technology,ndxt_only,True,False,2022Q2,2022-04-30,2022-04-15,2022-06-30,61,2023,Q1,USD,USD,3835840000,1117000000.0,1102540000.0,1.1923,924716000.0,924716000.0,924716933.6576365,924716000.0,shares_diluted,2022-04-29,49.689998626708984,45949136770.095825,stockanalysis_fiscal_ai,2022-04-30,1.0,USD,3835840000.0,1117000000.0,1102540000.0,22.06765428298301,0.024309488241070834
CRWD,CrowdStrike,0001535527,"CrowdStrike Holdings, Inc.",Technology,ndxt_only,True,False,2022Q3,2022-07-31,2022-07-16,2022-09-30,61,2023,Q2,USD,USD,4154240000,1243350000.0,1225420000.0,1.31735,930216000.0,930216000.0,930215963.866854,930216000.0,shares_diluted,2022-07-29,45.900001525878906,42696915819.39697,stockanalysis_fiscal_ai,2022-07-31,1.0,USD,4154240000.0,1243350000.0,1225420000.0,22.147395336369325,0.02912037031572086
CRWD,CrowdStrike,0001535527,"CrowdStrike Holdings, Inc.",Technology,ndxt_only,True,False,2022Q4,2022-10-31,2022-10-16,2022-12-31,61,2023,Q3,USD,USD,4469440000,1337630000.0,1314290000.0,1.40545,935140000.0,935140000.0,935138211.960582,935140000.0,shares_diluted,2022-10-31,40.29999923706055,37686141286.5448,stockanalysis_fiscal_ai,2022-10-31,1.0,USD,4469440000.0,1337630000.0,1314290000.0,22.22052895808168,0.03549394961477731
CRWD,CrowdStrike,0001535527,"CrowdStrike Holdings, Inc.",Technology,ndxt_only,True,False,2023Q1,2023-01-31,2023-01-16,2023-03-31,59,2023,Q4,USD,USD,5026540000,1487430000.0,1463640000.0,1.55689,940108000.0,940108000.0,940104952.8226142,940108000.0,shares_diluted,2023-01-31,26.475000381469727,24889359658.62274,stockanalysis_fiscal_ai,2023-01-31,1.0,USD,5026540000.0,1487430000.0,1463640000.0,22.33799771160162,0.05976168211642562
CRWD,CrowdStrike,0001535527,"CrowdStrike Holdings, Inc.",Technology,ndxt_only,True,False,2023Q2,2023-04-30,2023-04-15,2023-06-30,61,2024,Q1,USD,USD,5137860000,1634360000.0,1605300000.0,1.66803,945656000.0,962392000.0,962392762.720095,962392000.0,shares_diluted,2023-04-28,30.012500762939453,28883790634.246826,stockanalysis_fiscal_ai,2023-04-30,1.0,USD,5137860000.0,1634360000.0,1605300000.0,22.359902487306467,0.0565839858312149
CRWD,CrowdStrike,0001535527,"CrowdStrike Holdings, Inc.",Technology,ndxt_only,True,False,2023Q3,2023-07-31,2023-07-16,2023-09-30,61,2024,Q2,USD,USD,5520460000,1870100000.0,1838210000.0,1.89784,951644000.0,968576000.0,968580069.9742866,968576000.0,shares_diluted,2023-07-31,40.415000915527344,39144999926.75781,stockanalysis_fiscal_ai,2023-07-31,1.0,USD,5520460000.0,1870100000.0,1838210000.0,22.43172702709672,0.04777366211518834
CRWD,CrowdStrike,0001535527,"CrowdStrike Holdings, Inc.",Technology,ndxt_only,True,False,2023Q4,2023-10-31,2023-10-16,2023-12-31,61,2024,Q3,USD,USD,5831060000,2060850000.0,2028950000.0,2.08056,957188000.0,975196000.0,975194178.4904064,975196000.0,shares_diluted,2023-10-31,44.192501068115234,43096350271.621704,stockanalysis_fiscal_ai,2023-10-31,1.0,USD,5831060000.0,2060850000.0,2028950000.0,22.486464638963707,0.047819594629502506
CRWD,CrowdStrike,0001535527,"CrowdStrike Holdings, Inc.",Technology,ndxt_only,True,False,2024Q1,2024-01-31,2024-01-16,2024-03-31,60,2024,Q4,USD,USD,6646520000,2337090000.0,2303950000.0,2.32313,963424000.0,991744000.0,991743897.242083,991744000.0,shares_diluted,2024-01-31,73.125,72521280000.0,stockanalysis_fiscal_ai,2024-01-31,1.0,USD,6646520000.0,2337090000.0,2303950000.0,22.617359246369936,0.032226265173477354
CRWD,CrowdStrike,0001535527,"CrowdStrike Holdings, Inc.",Technology,ndxt_only,True,False,2024Q2,2024-04-30,2024-04-15,2024-06-30,61,2025,Q1,USD,USD,6841990000,2568780000.0,2535540000.0,2.53388,969556000.0,1000660000.0,1000655121.7895086,1000660000.0,shares_diluted,2024-04-30,73.13500213623047,73183271237.64038,stockanalysis_fiscal_ai,2024-04-30,1.0,USD,6841990000.0,2568780000.0,2535540000.0,22.646344461939808,0.035100644676823334
CRWD,CrowdStrike,0001535527,"CrowdStrike Holdings, Inc.",Technology,ndxt_only,True,False,2024Q3,2024-07-31,2024-07-16,2024-09-30,61,2025,Q2,USD,USD,7202470000,2890590000.0,2852920000.0,2.83855,976364000.0,1005060000.0,1005062443.8533758,1005060000.0,shares_diluted,2024-07-31,57.9900016784668,58283431086.95984,stockanalysis_fiscal_ai,2024-07-31,1.0,USD,7202470000.0,2890590000.0,2852920000.0,22.697689859693874,0.049595398659478235
CRWD,CrowdStrike,0001535527,"CrowdStrike Holdings, Inc.",Technology,ndxt_only,True,False,2024Q4,2024-10-31,2024-10-16,2024-12-31,61,2025,Q3,USD,USD,7782960000,3095610000.0,3057930000.0,3.11353,982144000.0,982144000.0,982142455.6692886,982144000.0,shares_diluted,2024-10-31,74.21749877929688,72892271121.09375,stockanalysis_fiscal_ai,2024-10-31,1.0,USD,7782960000.0,3095610000.0,3057930000.0,22.775202565504056,0.042468288508357155
CRWD,CrowdStrike,0001535527,"CrowdStrike Holdings, Inc.",Technology,ndxt_only,True,False,2025Q1,2025-01-31,2025-01-16,2025-03-31,59,2025,Q4,USD,USD,8701580000,3318920000.0,3279490000.0,3.32023,987732000.0,987732000.0,987729765.7090021,987732000.0,shares_diluted,2025-01-31,99.51750183105467,98296621118.5913,stockanalysis_fiscal_ai,2025-01-31,1.0,USD,8701580000.0,3318920000.0,3279490000.0,22.886770455313396,0.033764334544071906
CRWD,CrowdStrike,0001535527,"CrowdStrike Holdings, Inc.",Technology,ndxt_only,True,False,2025Q2,2025-04-30,2025-04-15,2025-06-30,61,2026,Q1,USD,USD,8720360000,3491010000.0,3450880000.0,3.47266,993728000.0,993728000.0,993728150.7547529,993728000.0,shares_diluted,2025-04-30,107.21749877929688,106545030626.95312,stockanalysis_fiscal_ai,2025-04-30,1.0,USD,8720360000.0,3491010000.0,3450880000.0,22.888926358418793,0.032765582584729815
CRWD,CrowdStrike,0001535527,"CrowdStrike Holdings, Inc.",Technology,ndxt_only,True,False,2025Q3,2025-07-31,2025-07-16,2025-09-30,61,2026,Q2,USD,USD,9288860000,3794690000.0,3756680000.0,3.75805,999636000.0,999636000.0,999635449.2356409,999636000.0,shares_diluted,2025-07-31,113.64250183105467,113601135960.38817,stockanalysis_fiscal_ai,2025-07-31,1.0,USD,9288860000.0,3794690000.0,3756680000.0,22.952081669648166,0.033403627242980904
CRWD,CrowdStrike,0001535527,"CrowdStrike Holdings, Inc.",Technology,ndxt_only,True,False,2025Q4,2025-10-31,2025-10-16,2025-12-31,61,2026,Q3,USD,USD,9965350000,4059020000.0,4016500000.0,3.99531,1005300000.0,1005300000.0,1005303718.6100703,1005300000.0,shares_diluted,2025-10-31,135.75250244140625,136471990704.3457,stockanalysis_fiscal_ai,2025-10-31,1.0,USD,9965350000.0,4059020000.0,4016500000.0,23.02237991292463,0.029742513310247683
CRWD,CrowdStrike,0001535527,"CrowdStrike Holdings, Inc.",Technology,ndxt_only,True,False,2026Q1,2026-01-31,2026-01-16,2026-03-31,59,2026,Q4,USD,USD,11086700000,4472610000.0,4428390000.0,4.28886,1010260000.0,1032530000.0,1032533120.689414,1032530000.0,shares_diluted,2026-01-30,110.35124969482422,113940975847.39685,stockanalysis_fiscal_ai,2026-01-31,1.0,USD,11086700000.0,4472610000.0,4428390000.0,23.129012028653115,0.03925374490376706
CTSH,Cognizant Technology Solutions Corporation,0001058290,COGNIZANT TECHNOLOGY SOLUTIONS CORP,Technology,ndxt_only,True,False,2022Q1,2022-03-31,2022-03-16,2022-03-31,0,2022,Q1,USD,USD,17434000000,11973000000.0,11973000000.0,22.8057,,,525000328.8651521,525000328.8651521,book_value_divided_by_book_value_per_share,2022-03-31,89.66999816894531,47076778528.033875,stockanalysis_fiscal_ai,2022-03-31,1.0,USD,17434000000.0,11973000000.0,11973000000.0,23.581688159535794,0.25432921228605665
CTSH,Cognizant Technology Solutions Corporation,0001058290,COGNIZANT TECHNOLOGY SOLUTIONS CORP,Technology,ndxt_only,True,False,2022Q2,2022-06-30,2022-06-15,2022-06-30,0,2022,Q2,USD,USD,17258000000,11950000000.0,11950000000.0,22.9367,,,520999097.5162077,520999097.5162077,book_value_divided_by_book_value_per_share,2022-06-30,67.48999786376953,35162227978.394714,stockanalysis_fiscal_ai,2022-06-30,1.0,USD,17258000000.0,11950000000.0,11950000000.0,23.57154164103253,0.33985332235894233
CTSH,Cognizant Technology Solutions Corporation,0001058290,COGNIZANT TECHNOLOGY SOLUTIONS CORP,Technology,ndxt_only,True,False,2022Q3,2022-09-30,2022-09-15,2022-09-30,0,2022,Q3,USD,USD,17347000000,11958000000.0,11958000000.0,23.1296,,,516999861.6491422,516999861.6491422,book_value_divided_by_book_value_per_share,2022-09-30,57.439998626708984,29696471343.135464,stockanalysis_fiscal_ai,2022-09-30,1.0,USD,17347000000.0,11958000000.0,11958000000.0,23.576685417725685,0.40267410433476203
CTSH,Cognizant Technology Solutions Corporation,0001058290,COGNIZANT TECHNOLOGY SOLUTIONS CORP,Technology,ndxt_only,True,False,2022Q4,2022-12-31,2022-12-16,2022-12-31,0,2022,Q4,USD,USD,17852000000,12309000000.0,12309000000.0,23.9942,,,512998974.7522318,512998974.7522318,book_value_divided_by_book_value_per_share,2022-12-30,57.189998626708984,29338410661.583252,stockanalysis_fiscal_ai,2022-12-31,1.0,USD,17852000000.0,12309000000.0,12309000000.0,23.605381383713436,0.41955237936995127
CTSH,Cognizant Technology Solutions Corporation,0001058290,COGNIZANT TECHNOLOGY SOLUTIONS CORP,Technology,ndxt_only,True,False,2023Q1,2023-03-31,2023-03-16,2023-03-31,0,2023,Q1,USD,USD,18147000000,12661000000.0,12661000000.0,24.8743,,,508999248.2200504,508999248.2200504,book_value_divided_by_book_value_per_share,2023-03-31,60.93000030517578,31013324349.381912,stockanalysis_fiscal_ai,2023-03-31,1.0,USD,18147000000.0,12661000000.0,12661000000.0,23.621771094739298,0.4082438843823052
CTSH,Cognizant Technology Solutions Corporation,0001058290,COGNIZANT TECHNOLOGY SOLUTIONS CORP,Technology,ndxt_only,True,False,2023Q2,2023-06-30,2023-06-15,2023-06-30,0,2023,Q2,USD,USD,17967000000,12903000000.0,12903000000.0,25.4497,,,507000082.51570743,507000082.51570743,book_value_divided_by_book_value_per_share,2023-06-30,65.27999877929688,33096964767.728798,stockanalysis_fiscal_ai,2023-06-30,1.0,USD,17967000000.0,12903000000.0,12903000000.0,23.611802578896846,0.38985448032929815
CTSH,Cognizant Technology Solutions Corporation,0001058290,COGNIZANT TECHNOLOGY SOLUTIONS CORP,Technology,ndxt_only,True,False,2023Q3,2023-09-30,2023-09-15,2023-09-30,0,2023,Q3,USD,USD,18079000000,12882000000.0,12882000000.0,25.5089,,,505000215.611022,505000215.611022,book_value_divided_by_book_value_per_share,2023-09-29,67.73999786376953,34208713526.693783,stockanalysis_fiscal_ai,2023-09-30,1.0,USD,18079000000.0,12882000000.0,12882000000.0,23.618016880646287,0.3765707234195727
CTSH,Cognizant Technology Solutions Corporation,0001058290,COGNIZANT TECHNOLOGY SOLUTIONS CORP,Technology,ndxt_only,True,False,2023Q4,2023-12-31,2023-12-16,2023-12-31,0,2023,Q4,USD,USD,18483000000,13227000000.0,13227000000.0,26.4012,,,500999954.5475206,500999954.5475206,book_value_divided_by_book_value_per_share,2023-12-29,75.52999877929688,37840525955.402016,stockanalysis_fiscal_ai,2023-12-31,1.0,USD,18483000000.0,13227000000.0,13227000000.0,23.640117227646954,0.3495458814602377
CTSH,Cognizant Technology Solutions Corporation,0001058290,COGNIZANT TECHNOLOGY SOLUTIONS CORP,Technology,ndxt_only,True,False,2024Q1,2024-03-31,2024-03-16,2024-03-31,0,2024,Q1,USD,USD,18408000000,13490000000.0,13490000000.0,27.0884,,,497999143.54483837,497999143.54483837,book_value_divided_by_book_value_per_share,2024-03-28,73.29000091552734,36498357686.33304,stockanalysis_fiscal_ai,2024-03-31,1.0,USD,18408000000.0,13490000000.0,13490000000.0,23.636051189679478,0.3696056714642639
CTSH,Cognizant Technology Solutions Corporation,0001058290,COGNIZANT TECHNOLOGY SOLUTIONS CORP,Technology,ndxt_only,True,False,2024Q2,2024-06-30,2024-06-15,2024-06-30,0,2024,Q2,USD,USD,18580000000,13898000000.0,13898000000.0,27.9076,,,498000544.65450275,498000544.65450275,book_value_divided_by_book_value_per_share,2024-06-28,68.0,33864037036.506187,stockanalysis_fiscal_ai,2024-06-30,1.0,USD,18580000000.0,13898000000.0,13898000000.0,23.645351570332103,0.4104058823529411
CTSH,Cognizant Technology Solutions Corporation,0001058290,COGNIZANT TECHNOLOGY SOLUTIONS CORP,Technology,ndxt_only,True,False,2024Q3,2024-09-30,2024-09-15,2024-09-30,0,2024,Q3,USD,USD,20164000000,14452000000.0,14452000000.0,29.1371,,,495999945.0871912,495999945.0871912,book_value_divided_by_book_value_per_share,2024-09-30,77.18000030517578,38281275913.19659,stockanalysis_fiscal_ai,2024-09-30,1.0,USD,20164000000.0,14452000000.0,14452000000.0,23.727164673166797,0.3775213771027419
CTSH,Cognizant Technology Solutions Corporation,0001058290,COGNIZANT TECHNOLOGY SOLUTIONS CORP,Technology,ndxt_only,True,False,2024Q4,2024-12-31,2024-12-16,2024-12-31,0,2024,Q4,USD,USD,19966000000,14408000000.0,14408000000.0,29.0484,,,495999779.6780546,495999779.6780546,book_value_divided_by_book_value_per_share,2024-12-31,76.9000015258789,38142383814.077995,stockanalysis_fiscal_ai,2024-12-31,1.0,USD,19966000000.0,14408000000.0,14408000000.0,23.717296663860644,0.3777425152615171
CTSH,Cognizant Technology Solutions Corporation,0001058290,COGNIZANT TECHNOLOGY SOLUTIONS CORP,Technology,ndxt_only,True,False,2025Q1,2025-03-31,2025-03-16,2025-03-31,0,2025,Q1,USD,USD,19967000000,14899000000.0,14899000000.0,30.099,,,494999833.8815243,494999833.8815243,book_value_divided_by_book_value_per_share,2025-03-31,76.5,37867487291.93661,stockanalysis_fiscal_ai,2025-03-31,1.0,USD,19967000000.0,14899000000.0,14899000000.0,23.717346747751172,0.39345098039215687
CTSH,Cognizant Technology Solutions Corporation,0001058290,COGNIZANT TECHNOLOGY SOLUTIONS CORP,Technology,ndxt_only,True,False,2025Q2,2025-06-30,2025-06-15,2025-06-30,0,2025,Q2,USD,USD,20164000000,15288000000.0,15288000000.0,31.0732,,,491999536.5781445,491999536.5781445,book_value_divided_by_book_value_per_share,2025-06-30,78.02999877929688,38390723238.60725,stockanalysis_fiscal_ai,2025-06-30,1.0,USD,20164000000.0,15288000000.0,15288000000.0,23.727164673166797,0.3982212032053039
CTSH,Cognizant Technology Solutions Corporation,0001058290,COGNIZANT TECHNOLOGY SOLUTIONS CORP,Technology,ndxt_only,True,False,2025Q3,2025-09-30,2025-09-15,2025-09-30,0,2025,Q3,USD,USD,20134000000,14897000000.0,14897000000.0,30.5893,,,487000356.33375067,487000356.33375067,book_value_divided_by_book_value_per_share,2025-09-30,67.06999969482422,32663113750.683945,stockanalysis_fiscal_ai,2025-09-30,1.0,USD,20134000000.0,14897000000.0,14897000000.0,23.725675765253644,0.4560802167762731
CTSH,Cognizant Technology Solutions Corporation,0001058290,COGNIZANT TECHNOLOGY SOLUTIONS CORP,Technology,ndxt_only,True,False,2025Q4,2025-12-31,2025-12-16,2025-12-31,0,2025,Q4,USD,USD,20692000000,15015000000.0,15015000000.0,31.1515,,,481999261.6727927,481999261.6727927,book_value_divided_by_book_value_per_share,2025-12-31,83.0,40005938718.84179,stockanalysis_fiscal_ai,2025-12-31,1.0,USD,20692000000.0,15015000000.0,15015000000.0,23.75301298908768,0.3753192771084337
CTSH,Cognizant Technology Solutions Corporation,0001058290,COGNIZANT TECHNOLOGY SOLUTIONS CORP,Technology,ndxt_only,True,False,2026Q1,2026-03-31,2026-03-16,2026-03-31,0,2026,Q1,USD,USD,20500000000,15068000000.0,15068000000.0,31.5891,,,476999977.8404577,476999977.8404577,book_value_divided_by_book_value_per_share,2026-03-31,61.349998474121094,29263947912.667873,stockanalysis_fiscal_ai,2026-03-31,1.0,USD,20500000000.0,15068000000.0,15068000000.0,23.743690723090772,0.5148997683076559
DASH,DoorDash,0001792789,"DoorDash, Inc.",Technology,ndxt_only,True,False,2022Q1,2022-03-31,2022-03-16,2022-03-31,0,2022,Q1,USD,USD,6822000000,4652000000.0,4652000000.0,13.3212,349219000.0,349219000.0,349217788.18725044,349219000.0,shares_diluted,2022-03-31,117.19000244140624,40924975462.58544,stockanalysis_fiscal_ai,2022-03-31,1.0,USD,6822000000.0,4652000000.0,4652000000.0,22.643418520942866,0.11367141818455007
DASH,DoorDash,0001792789,"DoorDash, Inc.",Technology,ndxt_only,True,False,2022Q2,2022-06-30,2022-06-15,2022-06-30,0,2022,Q2,USD,USD,9928000000,7410000000.0,7410000000.0,20.3593,363961000.0,363961000.0,363961432.85869354,363961000.0,shares_diluted,2022-06-30,64.16999816894531,23355376703.567505,stockanalysis_fiscal_ai,2022-06-30,1.0,USD,9928000000.0,7410000000.0,7410000000.0,23.018624884848716,0.3172716969650989
DASH,DoorDash,0001792789,"DoorDash, Inc.",Technology,ndxt_only,True,False,2022Q3,2022-09-30,2022-09-15,2022-09-30,0,2022,Q3,USD,USD,9552000000,6841000000.0,6825000000.0,17.7385,384756000.0,384756000.0,384756320.99670213,384756000.0,shares_diluted,2022-09-30,49.45000076293945,19026184493.545532,stockanalysis_fiscal_ai,2022-09-30,1.0,USD,9552000000.0,6841000000.0,6825000000.0,22.980016393596657,0.3595571146869069
DASH,DoorDash,0001792789,"DoorDash, Inc.",Technology,ndxt_only,True,False,2022Q4,2022-12-31,2022-12-16,2022-12-31,0,2022,Q4,USD,USD,9789000000,6768000000.0,6754000000.0,17.4373,387331000.0,387331000.0,387330607.37614197,387331000.0,shares_diluted,2022-12-30,48.81999969482422,18909499301.79596,stockanalysis_fiscal_ai,2022-12-31,1.0,USD,9789000000.0,6768000000.0,6754000000.0,23.004525143225706,0.35791534677796566
DASH,DoorDash,0001792789,"DoorDash, Inc.",Technology,ndxt_only,True,False,2023Q1,2023-03-31,2023-03-16,2023-03-31,0,2023,Q1,USD,USD,9646000000,6531000000.0,6518000000.0,16.6958,390397000.0,390397000.0,390397585.0213827,390397000.0,shares_diluted,2023-03-31,63.560001373291016,24813633856.128693,stockanalysis_fiscal_ai,2023-03-31,1.0,USD,9646000000.0,6531000000.0,6518000000.0,22.989809158593193,0.2632020782553344
DASH,DoorDash,0001792789,"DoorDash, Inc.",Technology,ndxt_only,True,False,2023Q2,2023-06-30,2023-06-15,2023-06-30,0,2023,Q2,USD,USD,9601000000,6407000000.0,6396000000.0,16.5544,386364000.0,386364000.0,386362538.05634755,386364000.0,shares_diluted,2023-06-30,76.41999816894531,29525936172.546387,stockanalysis_fiscal_ai,2023-06-30,1.0,USD,9601000000.0,6407000000.0,6396000000.0,22.985133096661897,0.21699565976699886
DASH,DoorDash,0001792789,"DoorDash, Inc.",Technology,ndxt_only,True,False,2023Q3,2023-09-30,2023-09-15,2023-09-30,0,2023,Q3,USD,USD,10013000000,6568000000.0,6559000000.0,16.6804,393217000.0,393217000.0,393215990.02422005,393217000.0,shares_diluted,2023-09-29,79.47000122070312,31248955470.00122,stockanalysis_fiscal_ai,2023-09-30,1.0,USD,10013000000.0,6568000000.0,6559000000.0,23.027150085672076,0.2101830253592071
DASH,DoorDash,0001792789,"DoorDash, Inc.",Technology,ndxt_only,True,False,2023Q4,2023-12-31,2023-12-16,2023-12-31,0,2023,Q4,USD,USD,10839000000,6813000000.0,6806000000.0,17.0433,399336000.0,399336000.0,399335809.37963897,399336000.0,shares_diluted,2023-12-29,98.88999938964844,39490336796.26465,stockanalysis_fiscal_ai,2023-12-31,1.0,USD,10839000000.0,6813000000.0,6806000000.0,23.106416577780024,0.1725232184052792
DASH,DoorDash,0001792789,"DoorDash, Inc.",Technology,ndxt_only,True,False,2024Q1,2024-03-31,2024-03-16,2024-03-31,0,2024,Q1,USD,USD,11450000000,7021000000.0,6999000000.0,17.2609,405482000.0,405482000.0,405482912.2467542,405482000.0,shares_diluted,2024-03-28,137.72000122070312,55842981534.973145,stockanalysis_fiscal_ai,2024-03-31,1.0,USD,11450000000.0,7021000000.0,6999000000.0,23.16125556694666,0.12572752756052097
DASH,DoorDash,0001792789,"DoorDash, Inc.",Technology,ndxt_only,True,False,2024Q2,2024-06-30,2024-06-15,2024-06-30,0,2024,Q2,USD,USD,11837000000,7172000000.0,7162000000.0,17.3348,413158000.0,413158000.0,413157348.22438097,413158000.0,shares_diluted,2024-06-28,108.77999877929688,44943326735.65674,stockanalysis_fiscal_ai,2024-06-30,1.0,USD,11837000000.0,7172000000.0,7162000000.0,23.19449605591817,0.15957875219570566
DASH,DoorDash,0001792789,"DoorDash, Inc.",Technology,ndxt_only,True,False,2024Q3,2024-09-30,2024-09-15,2024-09-30,0,2024,Q3,USD,USD,12277000000,7578000000.0,7569000000.0,17.6861,413106000.0,427962000.0,427963202.7411357,427962000.0,shares_diluted,2024-09-30,142.72999572753906,61083014431.54907,stockanalysis_fiscal_ai,2024-09-30,1.0,USD,12277000000.0,7578000000.0,7569000000.0,23.230993430145116,0.12406067497687215
DASH,DoorDash,0001792789,"DoorDash, Inc.",Technology,ndxt_only,True,False,2024Q4,2024-12-31,2024-12-16,2024-12-31,0,2024,Q4,USD,USD,12845000000,7810000000.0,7803000000.0,18.0192,417056000.0,433039000.0,433038092.70111877,433039000.0,shares_diluted,2024-12-31,167.75,72642292250.0,stockanalysis_fiscal_ai,2024-12-31,1.0,USD,12845000000.0,7810000000.0,7803000000.0,23.276220467508256,0.10751312710675096
DASH,DoorDash,0001792789,"DoorDash, Inc.",Technology,ndxt_only,True,False,2025Q1,2025-03-31,2025-03-16,2025-03-31,0,2025,Q1,USD,USD,13572000000,8395000000.0,8389000000.0,19.2601,421422000.0,435563000.0,435563678.2778905,435563000.0,shares_diluted,2025-03-31,182.77000427246097,79607851370.92592,stockanalysis_fiscal_ai,2025-03-31,1.0,USD,13572000000.0,8395000000.0,8389000000.0,23.331274683868394,0.10545442259060883
DASH,DoorDash,0001792789,"DoorDash, Inc.",Technology,ndxt_only,True,False,2025Q2,2025-06-30,2025-06-15,2025-06-30,0,2025,Q2,USD,USD,16950000000,8928000000.0,8923000000.0,20.3507,425373000.0,438462000.0,438461576.2602761,438462000.0,shares_diluted,2025-06-30,246.5099945068359,108085265211.45628,stockanalysis_fiscal_ai,2025-06-30,1.0,USD,16950000000.0,8928000000.0,8923000000.0,23.55353367077287,0.08260145342229029
DASH,DoorDash,0001792789,"DoorDash, Inc.",Technology,ndxt_only,True,False,2025Q3,2025-09-30,2025-09-15,2025-09-30,0,2025,Q3,USD,USD,17971000000,9508000000.0,9495000000.0,21.491,428911000.0,441812000.0,441812851.89148945,441812000.0,shares_diluted,2025-09-30,271.989990234375,120168441565.42969,stockanalysis_fiscal_ai,2025-09-30,1.0,USD,17971000000.0,9508000000.0,9495000000.0,23.612025184496297,0.07912227100676057
DASH,DoorDash,0001792789,"DoorDash, Inc.",Technology,ndxt_only,True,False,2025Q4,2025-12-31,2025-12-16,2025-12-31,0,2025,Q4,USD,USD,19659000000,10046000000.0,10033000000.0,22.6556,432583000.0,442849000.0,442848567.24165326,442849000.0,shares_diluted,2025-12-31,226.47999572753903,100296439627.94493,stockanalysis_fiscal_ai,2025-12-31,1.0,USD,19659000000.0,10046000000.0,10033000000.0,23.70180108567188,0.10016307694735906
DASH,DoorDash,0001792789,"DoorDash, Inc.",Technology,ndxt_only,True,False,2026Q1,2026-03-31,2026-03-16,2026-03-31,0,2026,Q1,USD,USD,19711000000,10210000000.0,10198000000.0,23.0554,435429000.0,442326000.0,442325875.93362075,442326000.0,shares_diluted,2026-03-31,150.14999389648438,66415246200.25635,stockanalysis_fiscal_ai,2026-03-31,1.0,USD,19711000000.0,10210000000.0,10198000000.0,23.704442692491202,0.1537297621274284
DDOG,Datadog,0001561550,"Datadog, Inc.",Technology,ndxt_only,True,False,2022Q1,2022-03-31,2022-03-16,2022-03-31,0,2022,Q1,USD,USD,2529020000,1116860000.0,1116860000.0,3.23101,313456000.0,345668000.0,345669001.3339482,345668000.0,shares_diluted,2022-03-31,151.47000122070312,52358332381.95801,stockanalysis_fiscal_ai,2022-03-31,1.0,USD,2529020000.0,1116860000.0,1116860000.0,21.651097712867106,0.021331084264724506
DDOG,Datadog,0001561550,"Datadog, Inc.",Technology,ndxt_only,True,False,2022Q2,2022-06-30,2022-06-15,2022-06-30,0,2022,Q2,USD,USD,2654490000,1215120000.0,1215120000.0,3.86004,314795000.0,314795000.0,314794665.34025556,314795000.0,shares_diluted,2022-06-30,95.23999786376952,29981075127.525326,stockanalysis_fiscal_ai,2022-06-30,1.0,USD,2654490000.0,1215120000.0,1215120000.0,21.69951838279311,0.0405295672297092
DDOG,Datadog,0001561550,"Datadog, Inc.",Technology,ndxt_only,True,False,2022Q3,2022-09-30,2022-09-15,2022-09-30,0,2022,Q3,USD,USD,2797600000,1289440000.0,1289440000.0,4.08063,315990000.0,315990000.0,315990423.0474216,315990000.0,shares_diluted,2022-09-30,88.77999877929688,28053591814.27002,stockanalysis_fiscal_ai,2022-09-30,1.0,USD,2797600000.0,1289440000.0,1289440000.0,21.75202774371344,0.045963454823781266
DDOG,Datadog,0001561550,"Datadog, Inc.",Technology,ndxt_only,True,False,2022Q4,2022-12-31,2022-12-16,2022-12-31,0,2022,Q4,USD,USD,3004850000,1410510000.0,1410510000.0,4.44466,317348000.0,317348000.0,317349358.55611,317348000.0,shares_diluted,2022-12-30,73.5,23325078000.0,stockanalysis_fiscal_ai,2022-12-31,1.0,USD,3004850000.0,1410510000.0,1410510000.0,21.823493486882374,0.06047182350258379
DDOG,Datadog,0001561550,"Datadog, Inc.",Technology,ndxt_only,True,False,2023Q1,2023-03-31,2023-03-16,2023-03-31,0,2023,Q1,USD,USD,3139740000,1512100000.0,1512100000.0,4.73588,319286000.0,319286000.0,319285961.6375415,319286000.0,shares_diluted,2023-03-31,72.66000366210938,23199321929.260254,stockanalysis_fiscal_ai,2023-03-31,1.0,USD,3139740000.0,1512100000.0,1512100000.0,21.867405830890483,0.06517862912591668
DDOG,Datadog,0001561550,"Datadog, Inc.",Technology,ndxt_only,True,False,2023Q2,2023-06-30,2023-06-15,2023-06-30,0,2023,Q2,USD,USD,3312170000,1649360000.0,1649360000.0,5.11882,322215000.0,322215000.0,322214885.4618838,322215000.0,shares_diluted,2023-06-30,98.37999725341795,31699510815.010067,stockanalysis_fiscal_ai,2023-06-30,1.0,USD,3312170000.0,1649360000.0,1649360000.0,21.920869400654578,0.05203108683995874
DDOG,Datadog,0001561550,"Datadog, Inc.",Technology,ndxt_only,True,False,2023Q3,2023-09-30,2023-09-15,2023-09-30,0,2023,Q3,USD,USD,3543300000,1806480000.0,1806480000.0,5.14213,325557000.0,351309000.0,351309671.2840788,351309000.0,shares_diluted,2023-09-29,91.08999633789062,32000735523.468018,stockanalysis_fiscal_ai,2023-09-30,1.0,USD,3543300000.0,1806480000.0,1806480000.0,21.988324333250187,0.056451202462993455
DDOG,Datadog,0001561550,"Datadog, Inc.",Technology,ndxt_only,True,False,2023Q4,2023-12-31,2023-12-16,2023-12-31,0,2023,Q4,USD,USD,3936070000,2025350000.0,2025350000.0,5.73906,328895000.0,352907000.0,352906225.06124693,352907000.0,shares_diluted,2023-12-29,121.37999725341795,42835850690.71197,stockanalysis_fiscal_ai,2023-12-31,1.0,USD,3936070000.0,2025350000.0,2025350000.0,22.093448600531122,0.04728165700790328
DDOG,Datadog,0001561550,"Datadog, Inc.",Technology,ndxt_only,True,False,2024Q1,2024-03-31,2024-03-16,2024-03-31,0,2024,Q1,USD,USD,4141470000,2202360000.0,2202360000.0,6.18676,331806000.0,355979000.0,355979543.4120606,355979000.0,shares_diluted,2024-03-28,123.5999984741211,43999003856.81915,stockanalysis_fiscal_ai,2024-03-31,1.0,USD,4141470000.0,2202360000.0,2202360000.0,22.144316634224094,0.050054769584486146
DDOG,Datadog,0001561550,"Datadog, Inc.",Technology,ndxt_only,True,False,2024Q2,2024-06-30,2024-06-15,2024-06-30,0,2024,Q2,USD,USD,4412390000,2407310000.0,2407310000.0,6.74807,334941000.0,356740000.0,356740519.8819811,356740000.0,shares_diluted,2024-06-28,129.69000244140625,46265611470.947266,stockanalysis_fiscal_ai,2024-06-30,1.0,USD,4412390000.0,2407310000.0,2407310000.0,22.20768232971662,0.052032382658806595
DDOG,Datadog,0001561550,"Datadog, Inc.",Technology,ndxt_only,True,False,2024Q3,2024-09-30,2024-09-15,2024-09-30,0,2024,Q3,USD,USD,4631470000,2629150000.0,2629150000.0,7.35148,337562000.0,357635000.0,357635469.32046336,357635000.0,shares_diluted,2024-09-30,115.05999755859376,41149482226.86768,stockanalysis_fiscal_ai,2024-09-30,1.0,USD,4631470000.0,2629150000.0,2629150000.0,22.25614014925424,0.06389266298673746
DDOG,Datadog,0001561550,"Datadog, Inc.",Technology,ndxt_only,True,False,2024Q4,2024-12-31,2024-12-16,2024-12-31,0,2024,Q4,USD,USD,5785340000,2714360000.0,2714360000.0,7.52026,340320000.0,360940000.0,360939648.36322147,360940000.0,shares_diluted,2024-12-31,142.88999938964844,51574716379.69971,stockanalysis_fiscal_ai,2024-12-31,1.0,USD,5785340000.0,2714360000.0,2714360000.0,22.47859296855299,0.05262966411713313
DDOG,Datadog,0001561550,"Datadog, Inc.",Technology,ndxt_only,True,False,2025Q1,2025-03-31,2025-03-16,2025-03-31,0,2025,Q1,USD,USD,6010380000,2916670000.0,2916670000.0,8.03319,343097000.0,363078000.0,363077432.50190777,363078000.0,shares_diluted,2025-03-31,99.20999908447266,36020968047.59216,stockanalysis_fiscal_ai,2025-03-31,1.0,USD,6010380000.0,2916670000.0,2916670000.0,22.516753811448137,0.0809714496330691
DDOG,Datadog,0001561550,"Datadog, Inc.",Technology,ndxt_only,True,False,2025Q2,2025-06-30,2025-06-15,2025-06-30,0,2025,Q2,USD,USD,5822420000,3195760000.0,3195760000.0,8.90865,346185000.0,358725000.0,358725508.35424,358725000.0,shares_diluted,2025-06-30,134.3300018310547,48187529906.84509,stockanalysis_fiscal_ai,2025-06-30,1.0,USD,5822420000.0,3195760000.0,3195760000.0,22.484981819825887,0.06631923251052631
DDOG,Datadog,0001561550,"Datadog, Inc.",Technology,ndxt_only,True,False,2025Q3,2025-09-30,2025-09-15,2025-09-30,0,2025,Q3,USD,USD,6052470000,3439120000.0,3439120000.0,9.5003,348645000.0,362001000.0,362001199.96210647,362001000.0,shares_diluted,2025-09-30,142.39999389648438,51548940190.52124,stockanalysis_fiscal_ai,2025-09-30,1.0,USD,6052470000.0,3439120000.0,3439120000.0,22.52373229013471,0.06671562959954667
DDOG,Datadog,0001561550,"Datadog, Inc.",Technology,ndxt_only,True,False,2025Q4,2025-12-31,2025-12-16,2025-12-31,0,2025,Q4,USD,USD,6643840000,3732210000.0,3732210000.0,10.2108,350892000.0,365516000.0,365515924.3154307,365516000.0,shares_diluted,2025-12-31,135.99000549316406,49706522847.839355,stockanalysis_fiscal_ai,2025-12-31,1.0,USD,6643840000.0,3732210000.0,3732210000.0,22.6169559465291,0.07508491413541375
DDOG,Datadog,0001561550,"Datadog, Inc.",Technology,ndxt_only,True,False,2026Q1,2026-03-31,2026-03-16,2026-03-31,0,2026,Q1,USD,USD,6952010000,3988220000.0,3988220000.0,10.9347,353272000.0,364731000.0,364730628.1836722,364731000.0,shares_diluted,2026-03-31,118.0500030517578,43056495663.07067,stockanalysis_fiscal_ai,2026-03-31,1.0,USD,6952010000.0,3988220000.0,3988220000.0,22.66229666334345,0.09262760330540962
FTNT,Fortinet,0001262039,"Fortinet, Inc.",Technology,ndxt_only,True,False,2022Q1,2022-03-31,2022-03-16,2022-03-31,0,2022,Q1,USD,USD,5651100000,233200000.0,217700000.0,0.265229,803400000.0,820800000.0,820800138.7480253,820800000.0,shares_diluted,2022-03-31,68.3479995727539,56100038049.31641,stockanalysis_fiscal_ai,2022-03-31,1.0,USD,5651100000.0,233200000.0,217700000.0,22.455116053420557,0.00415685992574548
FTNT,Fortinet,0001262039,"Fortinet, Inc.",Technology,ndxt_only,True,False,2022Q2,2022-06-30,2022-06-15,2022-06-30,0,2022,Q2,USD,USD,5294500000,-379600000.0,-392900000.0,-0.485002,795400000.0,810100000.0,810099752.1659704,810100000.0,shares_diluted,2022-06-30,56.58000183105469,45835459483.3374,stockanalysis_fiscal_ai,2022-06-30,1.0,USD,5294500000.0,-379600000.0,-392900000.0,22.389934382834785,-0.008281797636129212
FTNT,Fortinet,0001262039,"Fortinet, Inc.",Technology,ndxt_only,True,False,2022Q3,2022-09-30,2022-09-15,2022-09-30,0,2022,Q3,USD,USD,5335900000,-622800000.0,-634700000.0,-0.794766,786200000.0,798600000.0,798599839.449599,798600000.0,shares_diluted,2022-09-30,49.130001068115234,39235218852.996826,stockanalysis_fiscal_ai,2022-09-30,1.0,USD,5335900000.0,-622800000.0,-634700000.0,22.39772340475444,-0.015873493718321134
FTNT,Fortinet,0001262039,"Fortinet, Inc.",Technology,ndxt_only,True,False,2022Q4,2022-12-31,2022-12-16,2022-12-31,0,2022,Q4,USD,USD,6228000000,-281600000.0,-281600000.0,-0.355645,780900000.0,791800000.0,791800812.6080784,791800000.0,shares_diluted,2022-12-30,48.88999938964844,38711101516.72363,stockanalysis_fiscal_ai,2022-12-31,1.0,USD,6228000000.0,-281600000.0,-281600000.0,22.552321090918163,-0.007274399047475971
FTNT,Fortinet,0001262039,"Fortinet, Inc.",Technology,ndxt_only,True,False,2023Q1,2023-03-31,2023-03-16,2023-03-31,0,2023,Q1,USD,USD,6832300000,11400000.0,11400000.0,0.0143685,783200000.0,793400000.0,793402234.0536591,793400000.0,shares_diluted,2023-03-31,66.45999908447266,52729363273.620605,stockanalysis_fiscal_ai,2023-03-31,1.0,USD,6832300000.0,11400000.0,11400000.0,22.644927203475646,0.00021619832465724428
FTNT,Fortinet,0001262039,"Fortinet, Inc.",Technology,ndxt_only,True,False,2023Q2,2023-06-30,2023-06-15,2023-06-30,0,2023,Q2,USD,USD,7486100000,321200000.0,321200000.0,0.403568,785000000.0,795900000.0,795900566.9428697,795900000.0,shares_diluted,2023-06-30,75.58999633789062,60162078085.32715,stockanalysis_fiscal_ai,2023-06-30,1.0,USD,7486100000.0,321200000.0,321200000.0,22.736313804608194,0.005338911324579678
FTNT,Fortinet,0001262039,"Fortinet, Inc.",Technology,ndxt_only,True,False,2023Q3,2023-09-30,2023-09-15,2023-09-30,0,2023,Q3,USD,USD,7479300000,74100000.0,74100000.0,0.0936552,781200000.0,791200000.0,791200061.5021911,791200000.0,shares_diluted,2023-09-29,58.68000030517578,46427616241.45508,stockanalysis_fiscal_ai,2023-09-30,1.0,USD,7479300000.0,74100000.0,74100000.0,22.735405041665945,0.0015960328356000395
FTNT,Fortinet,0001262039,"Fortinet, Inc.",Technology,ndxt_only,True,False,2023Q4,2023-12-31,2023-12-16,2023-12-31,0,2023,Q4,USD,USD,7258900000,-463400000.0,-463400000.0,-0.600026,764400000.0,772300000.0,772299867.0057632,772300000.0,shares_diluted,2023-12-29,58.529998779296875,45202718057.25098,stockanalysis_fiscal_ai,2023-12-31,1.0,USD,7258900000.0,-463400000.0,-463400000.0,22.70549413915202,-0.010251595919809205
FTNT,Fortinet,0001262039,"Fortinet, Inc.",Technology,ndxt_only,True,False,2024Q1,2024-03-31,2024-03-16,2024-03-31,0,2024,Q1,USD,USD,7662100000,-137500000.0,-137500000.0,-0.178456,762400000.0,770500000.0,770498049.9394809,770500000.0,shares_diluted,2024-03-28,68.30999755859375,52632853118.896484,stockanalysis_fiscal_ai,2024-03-31,1.0,USD,7662100000.0,-137500000.0,-137500000.0,22.759551934562303,-0.0026124367548418944
FTNT,Fortinet,0001262039,"Fortinet, Inc.",Technology,ndxt_only,True,False,2024Q2,2024-06-30,2024-06-15,2024-06-30,0,2024,Q2,USD,USD,8052900000,288200000.0,288200000.0,0.374334,763800000.0,769900000.0,769900676.935571,769900000.0,shares_diluted,2024-06-28,60.27000045776367,46401873352.43225,stockanalysis_fiscal_ai,2024-06-30,1.0,USD,8052900000.0,288200000.0,288200000.0,22.809298111950195,0.006210956135565018
FTNT,Fortinet,0001262039,"Fortinet, Inc.",Technology,ndxt_only,True,False,2024Q3,2024-09-30,2024-09-15,2024-09-30,0,2024,Q3,USD,USD,8852000000,908100000.0,908100000.0,1.17645,765000000.0,771900000.0,771898508.2238939,771900000.0,shares_diluted,2024-09-30,77.55000305175781,59860847355.651855,stockanalysis_fiscal_ai,2024-09-30,1.0,USD,8852000000.0,908100000.0,908100000.0,22.903909259135215,0.015170182850982651
FTNT,Fortinet,0001262039,"Fortinet, Inc.",Technology,ndxt_only,True,False,2024Q4,2024-12-31,2024-12-16,2024-12-31,0,2024,Q4,USD,USD,9763100000,1493800000.0,1493800000.0,1.92699,766500000.0,775200000.0,775198625.8361486,775200000.0,shares_diluted,2024-12-31,94.4800033569336,73240898602.29492,stockanalysis_fiscal_ai,2024-12-31,1.0,USD,9763100000.0,1493800000.0,1493800000.0,23.00187580989074,0.020395708251908222
FTNT,Fortinet,0001262039,"Fortinet, Inc.",Technology,ndxt_only,True,False,2025Q1,2025-03-31,2025-03-16,2025-03-31,0,2025,Q1,USD,USD,10407000000,1962900000.0,1962900000.0,2.52691,768300000.0,776800000.0,776798540.5099509,776800000.0,shares_diluted,2025-03-31,96.26000213623048,74774769659.42384,stockanalysis_fiscal_ai,2025-03-31,1.0,USD,10407000000.0,1962900000.0,1962900000.0,23.065744493602132,0.026250833121123713
FTNT,Fortinet,0001262039,"Fortinet, Inc.",Technology,ndxt_only,True,False,2025Q2,2025-06-30,2025-06-15,2025-06-30,0,2025,Q2,USD,USD,10641400000,2060400000.0,2060400000.0,2.66649,765500000.0,772700000.0,772701191.4539338,772700000.0,shares_diluted,2025-06-30,105.72000122070312,81689844943.2373,stockanalysis_fiscal_ai,2025-06-30,1.0,USD,10641400000.0,2060400000.0,2060400000.0,23.088017891151527,0.025222229292168222
FTNT,Fortinet,0001262039,"Fortinet, Inc.",Technology,ndxt_only,True,False,2025Q3,2025-09-30,2025-09-15,2025-09-30,0,2025,Q3,USD,USD,9361300000,735100000.0,735100000.0,0.965712,755500000.0,761200000.0,761200026.5089384,761200000.0,shares_diluted,2025-09-30,84.08000183105469,64001697393.79883,stockanalysis_fiscal_ai,2025-09-30,1.0,USD,9361300000.0,735100000.0,735100000.0,22.959850006680632,0.011485632880593327
FTNT,Fortinet,0001262039,"Fortinet, Inc.",Technology,ndxt_only,True,False,2025Q4,2025-12-31,2025-12-16,2025-12-31,0,2025,Q4,USD,USD,10389200000,1237500000.0,1237500000.0,1.65441,743100000.0,748000000.0,748000797.8675177,748000000.0,shares_diluted,2025-12-31,79.41000366210938,59398682739.25781,stockanalysis_fiscal_ai,2025-12-31,1.0,USD,10389200000.0,1237500000.0,1237500000.0,23.06403264198051,0.020833795345803364
FTNT,Fortinet,0001262039,"Fortinet, Inc.",Technology,ndxt_only,True,False,2026Q1,2026-03-31,2026-03-16,2026-03-31,0,2026,Q1,USD,USD,9883500000,989700000.0,989700000.0,1.33239,738800000.0,742800000.0,742800531.3759485,742800000.0,shares_diluted,2026-03-31,81.72000122070312,60701616906.73828,stockanalysis_fiscal_ai,2026-03-31,1.0,USD,9883500000.0,989700000.0,989700000.0,23.01413253698626,0.01630434328496671
GOOG,Alphabet Inc. (Class C),0001652044,Alphabet Inc.,Technology,ndxt_only,True,False,2022Q1,2022-03-31,2022-03-16,2022-03-31,0,2022,Q1,USD,USD,357096000000,254004000000.0,254004000000.0,19.0086,13254800000.0,13362600000.0,13362583251.791294,13362600000.0,shares_diluted,2022-03-31,139.64950561523438,1866080483734.1309,stockanalysis_fiscal_ai,2022-03-31,1.0,USD,357096000000.0,254004000000.0,254004000000.0,26.601270490139918,0.1361163155684067
GOOG,Alphabet Inc. (Class C),0001652044,Alphabet Inc.,Technology,ndxt_only,True,False,2022Q2,2022-06-30,2022-06-15,2022-06-30,0,2022,Q2,USD,USD,355185000000,255419000000.0,255419000000.0,19.3136,13116400000.0,13224800000.0,13224826029.326485,13224800000.0,shares_diluted,2022-06-30,109.37249755859376,1446429405712.8909,stockanalysis_fiscal_ai,2022-06-30,1.0,USD,355185000000.0,255419000000.0,255419000000.0,26.595904617442997,0.17658587345582452
GOOG,Alphabet Inc. (Class C),0001652044,Alphabet Inc.,Technology,ndxt_only,True,False,2022Q3,2022-09-30,2022-09-15,2022-09-30,0,2022,Q3,USD,USD,358255000000,253626000000.0,253626000000.0,19.3274,13000000000.0,13122600000.0,13122613491.72677,13122600000.0,shares_diluted,2022-09-30,96.1500015258789,1261738010023.4985,stockanalysis_fiscal_ai,2022-09-30,1.0,USD,358255000000.0,253626000000.0,253626000000.0,26.604510860291423,0.20101320399729933
GOOG,Alphabet Inc. (Class C),0001652044,Alphabet Inc.,Technology,ndxt_only,True,False,2022Q4,2022-12-31,2022-12-16,2022-12-31,0,2022,Q4,USD,USD,365264000000,256144000000.0,256144000000.0,19.784,12897000000.0,12947000000.0,12947027901.334412,12947000000.0,shares_diluted,2022-12-30,88.7300033569336,1148787353462.2192,stockanalysis_fiscal_ai,2022-12-31,1.0,USD,365264000000.0,256144000000.0,256144000000.0,26.623886216753668,0.22296902836546062
GOOG,Alphabet Inc. (Class C),0001652044,Alphabet Inc.,Technology,ndxt_only,True,False,2023Q1,2023-03-31,2023-03-16,2023-03-31,0,2023,Q1,USD,USD,369491000000,260894000000.0,260894000000.0,20.3919,12725000000.0,12794000000.0,12794001539.82709,12794000000.0,shares_diluted,2023-03-31,104.0,1330576000000.0,stockanalysis_fiscal_ai,2023-03-31,1.0,USD,369491000000.0,260894000000.0,260894000000.0,26.63539221979851,0.19607598513726388
GOOG,Alphabet Inc. (Class C),0001652044,Alphabet Inc.,Technology,ndxt_only,True,False,2023Q2,2023-06-30,2023-06-15,2023-06-30,0,2023,Q2,USD,USD,383044000000,267141000000.0,267141000000.0,20.9293,12668000000.0,12764000000.0,12763972039.198635,12764000000.0,shares_diluted,2023-06-30,120.97000122070312,1544061095581.0547,stockanalysis_fiscal_ai,2023-06-30,1.0,USD,383044000000.0,267141000000.0,267141000000.0,26.671415702035095,0.17301193635700704
GOOG,Alphabet Inc. (Class C),0001652044,Alphabet Inc.,Technology,ndxt_only,True,False,2023Q3,2023-09-30,2023-09-15,2023-09-30,0,2023,Q3,USD,USD,396711000000,273202000000.0,273202000000.0,21.5187,12581000000.0,12696000000.0,12696027176.362885,12696000000.0,shares_diluted,2023-09-29,131.85000610351562,1673967677490.2344,stockanalysis_fiscal_ai,2023-09-30,1.0,USD,396711000000.0,273202000000.0,273202000000.0,26.70647389284455,0.16320625760803784
GOOG,Alphabet Inc. (Class C),0001652044,Alphabet Inc.,Technology,ndxt_only,True,False,2023Q4,2023-12-31,2023-12-16,2023-12-31,0,2023,Q4,USD,USD,402392000000,283379000000.0,283379000000.0,22.4868,12488000000.0,12602000000.0,12602015404.592916,12602000000.0,shares_diluted,2023-12-29,140.92999267578125,1775999767700.1953,stockanalysis_fiscal_ai,2023-12-31,1.0,USD,402392000000.0,283379000000.0,283379000000.0,26.72069257481861,0.15956026861814146
GOOG,Alphabet Inc. (Class C),0001652044,Alphabet Inc.,Technology,ndxt_only,True,False,2024Q1,2024-03-31,2024-03-16,2024-03-31,0,2024,Q1,USD,USD,407350000000,292844000000.0,292844000000.0,23.377,12415000000.0,12527000000.0,12527013731.445438,12527000000.0,shares_diluted,2024-03-28,152.25999450683594,1907360951187.1338,stockanalysis_fiscal_ai,2024-03-31,1.0,USD,407350000000.0,292844000000.0,292844000000.0,26.73293860370306,0.15353360349426
GOOG,Alphabet Inc. (Class C),0001652044,Alphabet Inc.,Technology,ndxt_only,True,False,2024Q2,2024-06-30,2024-06-15,2024-06-30,0,2024,Q2,USD,USD,414770000000,300753000000.0,300753000000.0,24.0699,12343000000.0,12495000000.0,12494983360.9612,12495000000.0,shares_diluted,2024-06-28,183.4199981689453,2291832877120.9717,stockanalysis_fiscal_ai,2024-06-30,1.0,USD,414770000000.0,300753000000.0,300753000000.0,26.750989986674703,0.13122815498563298
GOOG,Alphabet Inc. (Class C),0001652044,Alphabet Inc.,Technology,ndxt_only,True,False,2024Q3,2024-09-30,2024-09-15,2024-09-30,0,2024,Q3,USD,USD,430266000000,314119000000.0,314119000000.0,25.2934,12290000000.0,12419000000.0,12419010492.855844,12419000000.0,shares_diluted,2024-09-30,167.19000244140625,2076332640319.8242,stockanalysis_fiscal_ai,2024-09-30,1.0,USD,430266000000.0,314119000000.0,314119000000.0,26.787669459028194,0.15128548956953988
GOOG,Alphabet Inc. (Class C),0001652044,Alphabet Inc.,Technology,ndxt_only,True,False,2024Q4,2024-12-31,2024-12-16,2024-12-31,0,2024,Q4,USD,USD,450256000000,325084000000.0,325084000000.0,26.3269,12228000000.0,12348000000.0,12347978683.39987,12348000000.0,shares_diluted,2024-12-31,190.44000244140625,2351553150146.4844,stockanalysis_fiscal_ai,2024-12-31,1.0,USD,450256000000.0,325084000000.0,325084000000.0,26.833082146843726,0.13824225065027754
GOOG,Alphabet Inc. (Class C),0001652044,Alphabet Inc.,Technology,ndxt_only,True,False,2025Q1,2025-03-31,2025-03-16,2025-03-31,0,2025,Q1,USD,USD,475374000000,345267000000.0,345267000000.0,28.091,12183000000.0,12291000000.0,12291018475.668364,12291000000.0,shares_diluted,2025-03-31,156.22999572753906,1920222877487.1826,stockanalysis_fiscal_ai,2025-03-31,1.0,USD,475374000000.0,345267000000.0,345267000000.0,26.887367699590204,0.179805690291441
GOOG,Alphabet Inc. (Class C),0001652044,Alphabet Inc.,Technology,ndxt_only,True,False,2025Q2,2025-06-30,2025-06-15,2025-06-30,0,2025,Q2,USD,USD,502053000000,362916000000.0,362916000000.0,29.7521,12122000000.0,12198000000.0,12197996107.837767,12198000000.0,shares_diluted,2025-06-30,177.38999938964844,2163803212554.9316,stockanalysis_fiscal_ai,2025-06-30,1.0,USD,502053000000.0,362916000000.0,362916000000.0,26.94197152875445,0.16772135187445414
GOOG,Alphabet Inc. (Class C),0001652044,Alphabet Inc.,Technology,ndxt_only,True,False,2025Q3,2025-09-30,2025-09-15,2025-09-30,0,2025,Q3,USD,USD,536469000000,386867000000.0,386867000000.0,31.7026,12086000000.0,12203000000.0,12203005431.731152,12203000000.0,shares_diluted,2025-09-30,243.5500030517578,2972040687240.6006,stockanalysis_fiscal_ai,2025-09-30,1.0,USD,536469000000.0,386867000000.0,386867000000.0,27.008274615427872,0.1301688101582444
GOOG,Alphabet Inc. (Class C),0001652044,Alphabet Inc.,Technology,ndxt_only,True,False,2025Q4,2025-12-31,2025-12-16,2025-12-31,0,2025,Q4,USD,USD,595281000000,415265000000.0,415265000000.0,33.9602,12073000000.0,12228000000.0,12227990412.30617,12228000000.0,shares_diluted,2025-12-31,313.79998779296875,3837146250732.422,stockanalysis_fiscal_ai,2025-12-31,1.0,USD,595281000000.0,415265000000.0,415265000000.0,27.11229939991574,0.10822235402696355
GOOG,Alphabet Inc. (Class C),0001652044,Alphabet Inc.,Technology,ndxt_only,True,False,2026Q1,2026-03-31,2026-03-16,2026-03-31,0,2026,Q1,USD,USD,703919000000,478746000000.0,478746000000.0,39.1196,12099000000.0,12238000000.0,12238008568.594772,12238000000.0,shares_diluted,2026-03-31,286.8599853515625,3510592500732.422,stockanalysis_fiscal_ai,2026-03-31,1.0,USD,703919000000.0,478746000000.0,478746000000.0,27.27992912966673,0.13637185173161462
GOOGL,Alphabet Inc. (Class A),0001652044,Alphabet Inc.,Technology,ndxt_only,True,False,2022Q1,2022-03-31,2022-03-16,2022-03-31,0,2022,Q1,USD,USD,357096000000,254004000000.0,254004000000.0,19.0086,13254800000.0,13362600000.0,13362583251.791294,13362600000.0,shares_diluted,2022-03-31,139.0675048828125,1858303440747.0703,stockanalysis_fiscal_ai,2022-03-31,1.0,USD,357096000000.0,254004000000.0,254004000000.0,26.601270490139918,0.13668596550512008
GOOGL,Alphabet Inc. (Class A),0001652044,Alphabet Inc.,Technology,ndxt_only,True,False,2022Q2,2022-06-30,2022-06-15,2022-06-30,0,2022,Q2,USD,USD,355185000000,255419000000.0,255419000000.0,19.3136,13116400000.0,13224800000.0,13224826029.326485,13224800000.0,shares_diluted,2022-06-30,108.96299743652344,1441013848498.5352,stockanalysis_fiscal_ai,2022-06-30,1.0,USD,355185000000.0,255419000000.0,255419000000.0,26.595904617442997,0.17724951100652775
GOOGL,Alphabet Inc. (Class A),0001652044,Alphabet Inc.,Technology,ndxt_only,True,False,2022Q3,2022-09-30,2022-09-15,2022-09-30,0,2022,Q3,USD,USD,358255000000,253626000000.0,253626000000.0,19.3274,13000000000.0,13122600000.0,13122613491.72677,13122600000.0,shares_diluted,2022-09-30,95.6500015258789,1255176710023.4985,stockanalysis_fiscal_ai,2022-09-30,1.0,USD,358255000000.0,253626000000.0,253626000000.0,26.604510860291423,0.20206397870085702
GOOGL,Alphabet Inc. (Class A),0001652044,Alphabet Inc.,Technology,ndxt_only,True,False,2022Q4,2022-12-31,2022-12-16,2022-12-31,0,2022,Q4,USD,USD,365264000000,256144000000.0,256144000000.0,19.784,12897000000.0,12947000000.0,12947027901.334412,12947000000.0,shares_diluted,2022-12-30,88.2300033569336,1142313853462.2192,stockanalysis_fiscal_ai,2022-12-31,1.0,USD,365264000000.0,256144000000.0,256144000000.0,26.623886216753668,0.22423259529214112
GOOGL,Alphabet Inc. (Class A),0001652044,Alphabet Inc.,Technology,ndxt_only,True,False,2023Q1,2023-03-31,2023-03-16,2023-03-31,0,2023,Q1,USD,USD,369491000000,260894000000.0,260894000000.0,20.3919,12725000000.0,12794000000.0,12794001539.82709,12794000000.0,shares_diluted,2023-03-31,103.7300033569336,1327121662948.6084,stockanalysis_fiscal_ai,2023-03-31,1.0,USD,369491000000.0,260894000000.0,260894000000.0,26.63539221979851,0.19658634719317583
GOOGL,Alphabet Inc. (Class A),0001652044,Alphabet Inc.,Technology,ndxt_only,True,False,2023Q2,2023-06-30,2023-06-15,2023-06-30,0,2023,Q2,USD,USD,383044000000,267141000000.0,267141000000.0,20.9293,12668000000.0,12764000000.0,12763972039.198635,12764000000.0,shares_diluted,2023-06-30,119.6999969482422,1527850761047.3635,stockanalysis_fiscal_ai,2023-06-30,1.0,USD,383044000000.0,267141000000.0,267141000000.0,26.671415702035095,0.17484757465242942
GOOGL,Alphabet Inc. (Class A),0001652044,Alphabet Inc.,Technology,ndxt_only,True,False,2023Q3,2023-09-30,2023-09-15,2023-09-30,0,2023,Q3,USD,USD,396711000000,273202000000.0,273202000000.0,21.5187,12581000000.0,12696000000.0,12696027176.362885,12696000000.0,shares_diluted,2023-09-29,130.86000061035156,1661398567749.0234,stockanalysis_fiscal_ai,2023-09-30,1.0,USD,396711000000.0,273202000000.0,273202000000.0,26.70647389284455,0.16444097479279327
GOOGL,Alphabet Inc. (Class A),0001652044,Alphabet Inc.,Technology,ndxt_only,True,False,2023Q4,2023-12-31,2023-12-16,2023-12-31,0,2023,Q4,USD,USD,402392000000,283379000000.0,283379000000.0,22.4868,12488000000.0,12602000000.0,12602015404.592916,12602000000.0,shares_diluted,2023-12-29,139.69000244140625,1760373410766.6016,stockanalysis_fiscal_ai,2023-12-31,1.0,USD,402392000000.0,283379000000.0,283379000000.0,26.72069257481861,0.1609766418118046
GOOGL,Alphabet Inc. (Class A),0001652044,Alphabet Inc.,Technology,ndxt_only,True,False,2024Q1,2024-03-31,2024-03-16,2024-03-31,0,2024,Q1,USD,USD,407350000000,292844000000.0,292844000000.0,23.377,12415000000.0,12527000000.0,12527013731.445438,12527000000.0,shares_diluted,2024-03-28,150.92999267578125,1890700018249.5117,stockanalysis_fiscal_ai,2024-03-31,1.0,USD,407350000000.0,292844000000.0,292844000000.0,26.73293860370306,0.15488654846003921
GOOGL,Alphabet Inc. (Class A),0001652044,Alphabet Inc.,Technology,ndxt_only,True,False,2024Q2,2024-06-30,2024-06-15,2024-06-30,0,2024,Q2,USD,USD,414770000000,300753000000.0,300753000000.0,24.0699,12343000000.0,12495000000.0,12494983360.9612,12495000000.0,shares_diluted,2024-06-28,182.1499938964844,2275964173736.5728,stockanalysis_fiscal_ai,2024-06-30,1.0,USD,414770000000.0,300753000000.0,300753000000.0,26.750989986674703,0.13214311695699393
GOOGL,Alphabet Inc. (Class A),0001652044,Alphabet Inc.,Technology,ndxt_only,True,False,2024Q3,2024-09-30,2024-09-15,2024-09-30,0,2024,Q3,USD,USD,430266000000,314119000000.0,314119000000.0,25.2934,12290000000.0,12419000000.0,12419010492.855844,12419000000.0,shares_diluted,2024-09-30,165.85000610351562,2059691225799.5605,stockanalysis_fiscal_ai,2024-09-30,1.0,USD,430266000000.0,314119000000.0,314119000000.0,26.787669459028194,0.15250781091134705
GOOGL,Alphabet Inc. (Class A),0001652044,Alphabet Inc.,Technology,ndxt_only,True,False,2024Q4,2024-12-31,2024-12-16,2024-12-31,0,2024,Q4,USD,USD,450256000000,325084000000.0,325084000000.0,26.3269,12228000000.0,12348000000.0,12347978683.39987,12348000000.0,shares_diluted,2024-12-31,189.3000030517578,2337476437683.1055,stockanalysis_fiscal_ai,2024-12-31,1.0,USD,450256000000.0,325084000000.0,325084000000.0,26.833082146843726,0.139074770876502
GOOGL,Alphabet Inc. (Class A),0001652044,Alphabet Inc.,Technology,ndxt_only,True,False,2025Q1,2025-03-31,2025-03-16,2025-03-31,0,2025,Q1,USD,USD,475374000000,345267000000.0,345267000000.0,28.091,12183000000.0,12291000000.0,12291018475.668364,12291000000.0,shares_diluted,2025-03-31,154.63999938964844,1900680232498.169,stockanalysis_fiscal_ai,2025-03-31,1.0,USD,475374000000.0,345267000000.0,345267000000.0,26.887367699590204,0.18165443828823144
GOOGL,Alphabet Inc. (Class A),0001652044,Alphabet Inc.,Technology,ndxt_only,True,False,2025Q2,2025-06-30,2025-06-15,2025-06-30,0,2025,Q2,USD,USD,502053000000,362916000000.0,362916000000.0,29.7521,12122000000.0,12198000000.0,12197996107.837767,12198000000.0,shares_diluted,2025-06-30,176.22999572753906,2149653487884.5215,stockanalysis_fiscal_ai,2025-06-30,1.0,USD,502053000000.0,362916000000.0,362916000000.0,26.94197152875445,0.16882534885059378
GOOGL,Alphabet Inc. (Class A),0001652044,Alphabet Inc.,Technology,ndxt_only,True,False,2025Q3,2025-09-30,2025-09-15,2025-09-30,0,2025,Q3,USD,USD,536469000000,386867000000.0,386867000000.0,31.7026,12086000000.0,12203000000.0,12203005431.731152,12203000000.0,shares_diluted,2025-09-30,243.1000061035156,2966549374481.2007,stockanalysis_fiscal_ai,2025-09-30,1.0,USD,536469000000.0,386867000000.0,386867000000.0,27.008274615427872,0.13040976271215998
GOOGL,Alphabet Inc. (Class A),0001652044,Alphabet Inc.,Technology,ndxt_only,True,False,2025Q4,2025-12-31,2025-12-16,2025-12-31,0,2025,Q4,USD,USD,595281000000,415265000000.0,415265000000.0,33.9602,12073000000.0,12228000000.0,12227990412.30617,12228000000.0,shares_diluted,2025-12-31,313.0,3827364000000.0,stockanalysis_fiscal_ai,2025-12-31,1.0,USD,595281000000.0,415265000000.0,415265000000.0,27.11229939991574,0.10849895646194091
GOOGL,Alphabet Inc. (Class A),0001652044,Alphabet Inc.,Technology,ndxt_only,True,False,2026Q1,2026-03-31,2026-03-16,2026-03-31,0,2026,Q1,USD,USD,703919000000,478746000000.0,478746000000.0,39.1196,12099000000.0,12238000000.0,12238008568.594772,12238000000.0,shares_diluted,2026-03-31,287.55999755859375,3519159250122.0703,stockanalysis_fiscal_ai,2026-03-31,1.0,USD,703919000000.0,478746000000.0,478746000000.0,27.27992912966673,0.13603987940681955
INTC,Intel,0000050863,INTEL CORP,Technology,ndxt_sox,True,True,2022Q1,2022-04-02,2022-03-18,2022-03-31,2,2022,Q1,USD,USD,176356000000,103136000000.0,103136000000.0,25.1122,4079000000.0,4107000000.0,4107007749.2214937,4107000000.0,shares_diluted,2022-04-01,48.11000061035156,197587772506.71387,stockanalysis_fiscal_ai,2022-04-02,1.0,USD,176356000000.0,103136000000.0,103136000000.0,25.895770516298914,0.5219756197033677
INTC,Intel,0000050863,INTEL CORP,Technology,ndxt_sox,True,True,2022Q2,2022-07-02,2022-06-17,2022-06-30,2,2022,Q2,USD,USD,170418000000,101218000000.0,101218000000.0,24.6873,4100000000.0,4100000000.0,4100002835.4660087,4100000000.0,shares_diluted,2022-07-01,36.34000015258789,148994000625.61035,stockanalysis_fiscal_ai,2022-07-02,1.0,USD,170418000000.0,101218000000.0,101218000000.0,25.861520079565587,0.6793427894747179
INTC,Intel,0000050863,INTEL CORP,Technology,ndxt_sox,True,True,2022Q3,2022-10-01,2022-09-16,2022-09-30,1,2022,Q3,USD,USD,174841000000,99885000000.0,99885000000.0,24.2145,4118000000.0,4125000000.0,4125007743.2943068,4125000000.0,shares_diluted,2022-09-30,25.770000457763672,106301251888.27515,stockanalysis_fiscal_ai,2022-10-01,1.0,USD,174841000000.0,99885000000.0,99885000000.0,25.887142826440154,0.939640862414125
INTC,Intel,0000050863,INTEL CORP,Technology,ndxt_sox,True,True,2022Q4,2022-12-31,2022-12-16,2022-12-31,0,2022,Q4,USD,USD,182103000000,103286000000.0,101423000000.0,24.5398,4133000000.0,4133000000.0,4133000268.950847,4133000000.0,shares_diluted,2022-12-30,26.43000030517578,109235191261.2915,stockanalysis_fiscal_ai,2022-12-31,1.0,USD,182103000000.0,103286000000.0,101423000000.0,25.92783829800885,0.9455377777747376
INTC,Intel,0000050863,INTEL CORP,Technology,ndxt_sox,True,True,2023Q1,2023-04-01,2023-03-17,2023-03-31,1,2023,Q1,USD,USD,185303000000,100403000000.0,98059000000.0,23.6059,4154000000.0,4154000000.0,4154003871.913378,4154000000.0,shares_diluted,2023-03-31,32.66999816894531,135711172393.79883,stockanalysis_fiscal_ai,2023-04-01,1.0,USD,185303000000.0,100403000000.0,98059000000.0,25.945258160068892,0.7398285508038821
INTC,Intel,0000050863,INTEL CORP,Technology,ndxt_sox,True,True,2023Q2,2023-07-01,2023-06-16,2023-06-30,1,2023,Q2,USD,USD,185629000000,104471000000.0,101017000000.0,24.0746,4182000000.0,4196000000.0,4195999102.788831,4196000000.0,shares_diluted,2023-06-30,33.439998626708984,140314234237.6709,stockanalysis_fiscal_ai,2023-07-01,1.0,USD,185629000000.0,104471000000.0,101017000000.0,25.94701589509275,0.744550262969344
INTC,Intel,0000050863,INTEL CORP,Technology,ndxt_sox,True,True,2023Q3,2023-09-30,2023-09-15,2023-09-30,0,2023,Q3,USD,USD,188837000000,105686000000.0,101813000000.0,24.075,4202000000.0,4229000000.0,4228992731.0488057,4229000000.0,shares_diluted,2023-09-29,35.54999923706055,150340946773.52905,stockanalysis_fiscal_ai,2023-09-30,1.0,USD,188837000000.0,105686000000.0,101813000000.0,25.964150046033573,0.702975485176394
INTC,Intel,0000050863,INTEL CORP,Technology,ndxt_sox,True,True,2023Q4,2023-12-30,2023-12-15,2023-12-31,1,2023,Q4,USD,USD,191572000000,109965000000.0,105590000000.0,24.7864,4222000000.0,4260000000.0,4259997417.9388695,4260000000.0,shares_diluted,2023-12-29,50.25,214065000000.0,stockanalysis_fiscal_ai,2023-12-30,1.0,USD,191572000000.0,109965000000.0,105590000000.0,25.978529554016948,0.5136991100833859
INTC,Intel,0000050863,INTEL CORP,Technology,ndxt_sox,True,True,2024Q1,2024-03-30,2024-03-15,2024-03-31,1,2024,Q1,USD,USD,192733000000,110756000000.0,105973000000.0,24.9818,4242000000.0,4242000000.0,4242008181.9564643,4242000000.0,shares_diluted,2024-03-28,44.16999816894531,187369132232.66602,stockanalysis_fiscal_ai,2024-03-30,1.0,USD,192733000000.0,110756000000.0,105973000000.0,25.98457164835369,0.5911112395101905
INTC,Intel,0000050863,INTEL CORP,Technology,ndxt_sox,True,True,2024Q2,2024-06-29,2024-06-14,2024-06-30,1,2024,Q2,USD,USD,206205000000,120434000000.0,115229000000.0,27.0047,4267000000.0,4267000000.0,4266997967.0205555,4267000000.0,shares_diluted,2024-06-28,30.969999313354492,132148987070.08362,stockanalysis_fiscal_ai,2024-06-29,1.0,USD,206205000000.0,120434000000.0,115229000000.0,26.052136656537904,0.9113501561395191
INTC,Intel,0000050863,INTEL CORP,Technology,ndxt_sox,True,True,2024Q3,2024-09-28,2024-09-13,2024-09-30,2,2024,Q3,USD,USD,193542000000,104864000000.0,99532000000.0,23.1901,4292000000.0,4292000000.0,4292003915.4639263,4292000000.0,shares_diluted,2024-09-27,23.90999984741211,102621719345.09277,stockanalysis_fiscal_ai,2024-09-28,1.0,USD,193542000000.0,104864000000.0,99532000000.0,25.988760380126944,1.0218499618717842
INTC,Intel,0000050863,INTEL CORP,Technology,ndxt_sox,True,True,2024Q4,2024-12-28,2024-12-13,2024-12-31,3,2024,Q4,USD,USD,196485000000,105032000000.0,99270000000.0,22.9845,4319000000.0,4319000000.0,4318997585.329244,4319000000.0,shares_diluted,2024-12-27,20.299999237060547,87675696704.8645,stockanalysis_fiscal_ai,2024-12-28,1.0,USD,196485000000.0,105032000000.0,99270000000.0,26.003851929464133,1.1979602552068744
INTC,Intel,0000050863,INTEL CORP,Technology,ndxt_sox,True,True,2025Q1,2025-03-29,2025-03-14,2025-03-31,2,2025,Q1,USD,USD,192242000000,106413000000.0,99756000000.0,22.9694,4343000000.0,4343000000.0,4342995463.529739,4343000000.0,shares_diluted,2025-03-28,22.709999084472656,98629526023.86475,stockanalysis_fiscal_ai,2025-03-29,1.0,USD,192242000000.0,106413000000.0,99756000000.0,25.982020831982595,1.0789162666588497
INTC,Intel,0000050863,INTEL CORP,Technology,ndxt_sox,True,True,2025Q2,2025-06-28,2025-06-13,2025-06-30,2,2025,Q2,USD,USD,192520000000,105751000000.0,97883000000.0,22.404,4369000000.0,4369000000.0,4368996607.748616,4369000000.0,shares_diluted,2025-06-27,22.690000534057617,99132612333.29773,stockanalysis_fiscal_ai,2025-06-28,1.0,USD,192520000000.0,105751000000.0,97883000000.0,25.98346588138132,1.0667629704385306
INTC,Intel,0000050863,INTEL CORP,Technology,ndxt_sox,True,True,2025Q3,2025-09-27,2025-09-12,2025-09-30,3,2025,Q3,USD,USD,204514000000,116730000000.0,106376000000.0,23.4774,4514000000.0,4531000000.0,4530995766.141055,4531000000.0,shares_diluted,2025-09-26,35.5,160850500000.0,stockanalysis_fiscal_ai,2025-09-27,1.0,USD,204514000000.0,116730000000.0,106376000000.0,26.043902269743715,0.7257049247593262
INTC,Intel,0000050863,INTEL CORP,Technology,ndxt_sox,True,True,2025Q4,2025-12-27,2025-12-12,2025-12-31,4,2025,Q4,USD,USD,211429000000,126360000000.0,114281000000.0,23.534,4856000000.0,4856000000.0,4855995580.8617325,4856000000.0,shares_diluted,2025-12-26,36.20000076293945,175787203704.83398,stockanalysis_fiscal_ai,2025-12-27,1.0,USD,211429000000.0,126360000000.0,114281000000.0,26.07715508167423,0.7188236534678162
INTC,Intel,0000050863,INTEL CORP,Technology,ndxt_sox,True,True,2026Q1,2026-03-28,2026-03-13,2026-03-31,3,2026,Q1,USD,USD,205332000000,124989000000.0,111394000000.0,21.915,5083000000.0,5083000000.0,5083002509.696555,5083000000.0,shares_diluted,2026-03-27,43.130001068115234,219229795429.22974,stockanalysis_fiscal_ai,2026-03-28,1.0,USD,205332000000.0,124989000000.0,111394000000.0,26.047894018284246,0.570127795609553
INTU,Intuit,0000896878,INTUIT INC.,Technology,ndxt_only,True,False,2022Q1,2022-01-31,2022-01-16,2022-03-31,59,2022,Q2,USD,USD,26303000000,15595000000.0,15595000000.0,54.338,283000000.0,287000000.0,286999889.58003604,287000000.0,shares_diluted,2022-01-31,555.22998046875,159351004394.53125,stockanalysis_fiscal_ai,2022-01-31,1.0,USD,26303000000.0,15595000000.0,15595000000.0,23.992948838065885,0.09786571511898925
INTU,Intuit,0000896878,INTUIT INC.,Technology,ndxt_only,True,False,2022Q2,2022-04-30,2022-04-15,2022-06-30,61,2022,Q3,USD,USD,28514000000,16961000000.0,16961000000.0,59.3042,282000000.0,286000000.0,285999979.76534545,286000000.0,shares_diluted,2022-04-29,418.75,119762500000.0,stockanalysis_fiscal_ai,2022-04-30,1.0,USD,28514000000.0,16961000000.0,16961000000.0,24.07366103167818,0.14162196012942282
INTU,Intuit,0000896878,INTUIT INC.,Technology,ndxt_only,True,False,2022Q3,2022-07-31,2022-07-16,2022-09-30,61,2022,Q4,USD,USD,27734000000,16441000000.0,16441000000.0,58.3014,282000000.0,282000000.0,282000089.19168323,282000000.0,shares_diluted,2022-07-29,456.1700134277344,128639943786.6211,stockanalysis_fiscal_ai,2022-07-31,1.0,USD,27734000000.0,16441000000.0,16441000000.0,24.045924934278084,0.12780633694361043
INTU,Intuit,0000896878,INTUIT INC.,Technology,ndxt_only,True,False,2022Q4,2022-10-31,2022-10-16,2022-12-31,61,2023,Q1,USD,USD,27085000000,16067000000.0,16067000000.0,56.5739,281000000.0,284000000.0,284000219.1823438,284000000.0,shares_diluted,2022-10-31,427.5,121410000000.0,stockanalysis_fiscal_ai,2022-10-31,1.0,USD,27085000000.0,16067000000.0,16067000000.0,24.022245906056273,0.13233671032040195
INTU,Intuit,0000896878,INTUIT INC.,Technology,ndxt_only,True,False,2023Q1,2023-01-31,2023-01-16,2023-03-31,59,2023,Q2,USD,USD,27202000000,15842000000.0,15842000000.0,56.1773,281000000.0,282000000.0,282000024.921098,282000000.0,shares_diluted,2023-01-31,422.6700134277344,119192943786.6211,stockanalysis_fiscal_ai,2023-01-31,1.0,USD,27202000000.0,15842000000.0,15842000000.0,24.026556336956972,0.1329105523927684
INTU,Intuit,0000896878,INTUIT INC.,Technology,ndxt_only,True,False,2023Q2,2023-04-30,2023-04-15,2023-06-30,61,2023,Q3,USD,USD,28921000000,17592000000.0,17592000000.0,62.1625,281000000.0,283000000.0,283000201.08586365,283000000.0,shares_diluted,2023-04-28,443.9500122070313,125637853454.58986,stockanalysis_fiscal_ai,2023-04-30,1.0,USD,28921000000.0,17592000000.0,17592000000.0,24.087833811785774,0.14002149444839407
INTU,Intuit,0000896878,INTUIT INC.,Technology,ndxt_only,True,False,2023Q3,2023-07-31,2023-07-16,2023-09-30,61,2023,Q4,USD,USD,27780000000,17269000000.0,17269000000.0,61.0212,280000000.0,283000000.0,283000006.5550989,283000000.0,shares_diluted,2023-07-31,511.7000122070313,144811103454.58987,stockanalysis_fiscal_ai,2023-07-31,1.0,USD,27780000000.0,17269000000.0,17269000000.0,24.04758217427261,0.11925190533069341
INTU,Intuit,0000896878,INTUIT INC.,Technology,ndxt_only,True,False,2023Q4,2023-10-31,2023-10-16,2023-12-31,61,2024,Q1,USD,USD,28488000000,16992000000.0,16992000000.0,60.0424,280000000.0,283000000.0,283000013.32391775,283000000.0,shares_diluted,2023-10-31,494.9500122070313,140070853454.58987,stockanalysis_fiscal_ai,2023-10-31,1.0,USD,28488000000.0,16992000000.0,16992000000.0,24.072748782921888,0.12131003403580105
INTU,Intuit,0000896878,INTUIT INC.,Technology,ndxt_only,True,False,2024Q1,2024-01-31,2024-01-16,2024-03-31,60,2024,Q2,USD,USD,29688000000,16908000000.0,16908000000.0,59.5352,280000000.0,284000000.0,284000053.74971443,284000000.0,shares_diluted,2024-01-31,631.3300170898438,179297724853.51562,stockanalysis_fiscal_ai,2024-01-31,1.0,USD,29688000000.0,16908000000.0,16908000000.0,24.114008760704706,0.09430125236565974
INTU,Intuit,0000896878,INTUIT INC.,Technology,ndxt_only,True,False,2024Q2,2024-04-30,2024-04-15,2024-06-30,61,2024,Q3,USD,USD,31560000000,18757000000.0,18757000000.0,66.0458,280000000.0,284000000.0,283999890.9847409,284000000.0,shares_diluted,2024-04-30,625.6199951171875,177676078613.28125,stockanalysis_fiscal_ai,2024-04-30,1.0,USD,31560000000.0,18757000000.0,18757000000.0,24.175156332924086,0.10556851629321089
INTU,Intuit,0000896878,INTUIT INC.,Technology,ndxt_only,True,False,2024Q3,2024-07-31,2024-07-16,2024-09-30,61,2024,Q4,USD,USD,32132000000,18436000000.0,18436000000.0,65.8429,280000000.0,280000000.0,279999817.7480032,280000000.0,shares_diluted,2024-07-31,647.3499755859375,181257993164.0625,stockanalysis_fiscal_ai,2024-07-31,1.0,USD,32132000000.0,18436000000.0,18436000000.0,24.19311825525798,0.10171137657533799
INTU,Intuit,0000896878,INTUIT INC.,Technology,ndxt_only,True,False,2024Q4,2024-10-31,2024-10-16,2024-12-31,61,2025,Q1,USD,USD,33193000000,18136000000.0,18136000000.0,64.0848,280000000.0,283000000.0,283000024.9669188,283000000.0,shares_diluted,2024-10-31,610.2999877929688,172714896545.41016,stockanalysis_fiscal_ai,2024-10-31,1.0,USD,33193000000.0,18136000000.0,18136000000.0,24.225604847264773,0.10500541854090557
INTU,Intuit,0000896878,INTUIT INC.,Technology,ndxt_only,True,False,2025Q1,2025-01-31,2025-01-16,2025-03-31,59,2025,Q2,USD,USD,31682000000,17949000000.0,17949000000.0,63.424,280000000.0,283000000.0,283000126.13521695,283000000.0,shares_diluted,2025-01-31,601.510009765625,170227332763.67188,stockanalysis_fiscal_ai,2025-01-31,1.0,USD,31682000000.0,17949000000.0,17949000000.0,24.17901453321307,0.10544135133056896
INTU,Intuit,0000896878,INTUIT INC.,Technology,ndxt_only,True,False,2025Q2,2025-04-30,2025-04-15,2025-06-30,61,2025,Q3,USD,USD,36593000000,20125000000.0,20125000000.0,71.3652,280000000.0,282000000.0,282000190.5690729,282000000.0,shares_diluted,2025-04-30,627.469970703125,176946531738.28125,stockanalysis_fiscal_ai,2025-04-30,1.0,USD,36593000000.0,20125000000.0,20125000000.0,24.32312280223121,0.1137349220823755
INTU,Intuit,0000896878,INTUIT INC.,Technology,ndxt_only,True,False,2025Q3,2025-07-31,2025-07-16,2025-09-30,61,2025,Q4,USD,USD,36958000000,19710000000.0,19710000000.0,69.8936,279000000.0,282000000.0,282000068.67581576,282000000.0,shares_diluted,2025-07-31,785.1300048828125,221406661376.95312,stockanalysis_fiscal_ai,2025-07-31,1.0,USD,36958000000.0,19710000000.0,19710000000.0,24.333047969701646,0.08902171180135808
INTU,Intuit,0000896878,INTUIT INC.,Technology,ndxt_only,True,False,2025Q4,2025-10-31,2025-10-16,2025-12-31,61,2026,Q1,USD,USD,33191000000,19322000000.0,19322000000.0,68.7616,279000000.0,281000000.0,280999860.38719285,281000000.0,shares_diluted,2025-10-31,667.5499877929688,187581546569.82422,stockanalysis_fiscal_ai,2025-10-31,1.0,USD,33191000000.0,19322000000.0,19322000000.0,24.225544591781503,0.10300586786562023
INTU,Intuit,0000896878,INTUIT INC.,Technology,ndxt_only,True,False,2026Q1,2026-01-31,2026-01-16,2026-03-31,59,2026,Q2,USD,USD,34282000000,19055000000.0,19055000000.0,68.0536,278000000.0,280000000.0,279999882.4456017,280000000.0,shares_diluted,2026-01-30,498.9200134277344,139697603759.76562,stockanalysis_fiscal_ai,2026-01-31,1.0,USD,34282000000.0,19055000000.0,19055000000.0,24.257886272031275,0.13640176701075268
KLAC,KLA Corporation,0000319201,KLA CORP,Technology,ndxt_sox,True,True,2022Q1,2022-03-31,2022-03-16,2022-03-31,0,2022,Q3,USD,USD,12017800000,4078620000.0,4080310000.0,2.69887,1501450000.0,1511860000.0,1511858666.7753541,1511860000.0,shares_diluted,2022-03-31,36.60599899291992,55343145637.43591,stockanalysis_fiscal_ai,2022-03-31,1.0,USD,12017800000.0,4078620000.0,4080310000.0,23.20965472101556,0.07369693126443988
KLAC,KLA Corporation,0000319201,KLA CORP,Technology,ndxt_sox,True,True,2022Q2,2022-06-30,2022-06-15,2022-06-30,0,2022,Q4,USD,USD,12597100000,1399090000.0,1401350000.0,0.939357,1482260000.0,1491820000.0,1491818339.5663204,1491820000.0,shares_diluted,2022-06-30,31.90800094604492,47600993971.32873,stockanalysis_fiscal_ai,2022-06-30,1.0,USD,12597100000.0,1399090000.0,1401350000.0,23.2567324656831,0.02939203330171439
KLAC,KLA Corporation,0000319201,KLA CORP,Technology,ndxt_sox,True,True,2022Q3,2022-09-30,2022-09-15,2022-09-30,0,2023,Q1,USD,USD,13123700000,2102070000.0,2102070000.0,1.47449,1418290000.0,1425630000.0,1425625131.4013658,1425630000.0,shares_diluted,2022-09-30,30.26300048828125,43143841386.1084,stockanalysis_fiscal_ai,2022-09-30,1.0,USD,13123700000.0,2102070000.0,2102070000.0,23.297685592899512,0.0487223652893558
KLAC,KLA Corporation,0000319201,KLA CORP,Technology,ndxt_sox,True,True,2022Q4,2022-12-31,2022-12-16,2022-12-31,0,2023,Q2,USD,USD,13729100000,2603260000.0,2603260000.0,1.83372,1412990000.0,1419660000.0,1419660580.6775298,1419660000.0,shares_diluted,2022-12-30,37.702999114990234,53525439723.587036,stockanalysis_fiscal_ai,2022-12-31,1.0,USD,13729100000.0,2603260000.0,2603260000.0,23.342783504687052,0.048635938601225955
KLAC,KLA Corporation,0000319201,KLA CORP,Technology,ndxt_sox,True,True,2023Q1,2023-03-31,2023-03-16,2023-03-31,0,2023,Q3,USD,USD,13683500000,2682780000.0,2682780000.0,1.935,1378650000.0,1386450000.0,1386449612.4031007,1386450000.0,shares_diluted,2023-03-31,39.91699981689453,55342924396.13342,stockanalysis_fiscal_ai,2023-03-31,1.0,USD,13683500000.0,2682780000.0,2682780000.0,23.339456564370526,0.048475573513195744
KLAC,KLA Corporation,0000319201,KLA CORP,Technology,ndxt_sox,True,True,2023Q2,2023-06-30,2023-06-15,2023-06-30,0,2023,Q4,USD,USD,14072400000,2919750000.0,2919750000.0,2.12005,1368850000.0,1377210000.0,1377208084.7149832,1377210000.0,shares_diluted,2023-06-30,48.50199890136719,66797437906.951904,stockanalysis_fiscal_ai,2023-06-30,1.0,USD,14072400000.0,2919750000.0,2919750000.0,23.367481269219294,0.043710508838185974
KLAC,KLA Corporation,0000319201,KLA CORP,Technology,ndxt_sox,True,True,2023Q3,2023-09-30,2023-09-15,2023-09-30,0,2024,Q1,USD,USD,14136800000,2990220000.0,2990220000.0,2.18098,1364120000.0,1371040000.0,1371044209.4838102,1371040000.0,shares_diluted,2023-09-29,45.86600112915039,62884122188.11035,stockanalysis_fiscal_ai,2023-09-30,1.0,USD,14136800000.0,2990220000.0,2990220000.0,23.37204716345812,0.04755127202149874
KLAC,KLA Corporation,0000319201,KLA CORP,Technology,ndxt_sox,True,True,2023Q4,2023-12-31,2023-12-16,2023-12-31,0,2024,Q2,USD,USD,14280500000,3043710000.0,3043710000.0,2.23385,1355390000.0,1362540000.0,1362540009.4008102,1362540000.0,shares_diluted,2023-12-29,58.130001068115234,79204451655.34973,stockanalysis_fiscal_ai,2023-12-31,1.0,USD,14280500000.0,3043710000.0,3043710000.0,23.382160807250475,0.038428521836681606
KLAC,KLA Corporation,0000319201,KLA CORP,Technology,ndxt_sox,True,True,2024Q1,2024-03-31,2024-03-16,2024-03-31,0,2024,Q3,USD,USD,14957300000,3094890000.0,3094890000.0,2.27806,1349540000.0,1358560000.0,1358563865.745415,1358560000.0,shares_diluted,2024-03-28,69.85700225830078,94904928988.03711,stockanalysis_fiscal_ai,2024-03-31,1.0,USD,14957300000.0,3094890000.0,3094890000.0,23.428465311920615,0.03261042427406605
KLAC,KLA Corporation,0000319201,KLA CORP,Technology,ndxt_sox,True,True,2024Q2,2024-06-30,2024-06-15,2024-06-30,0,2024,Q4,USD,USD,15433600000,3368330000.0,3368330000.0,2.48875,1344620000.0,1353420000.0,1353422400.8036163,1353420000.0,shares_diluted,2024-06-28,82.45099639892578,111590827546.23413,stockanalysis_fiscal_ai,2024-06-30,1.0,USD,15433600000.0,3368330000.0,3368330000.0,23.459812787838928,0.030184649348571582
KLAC,KLA Corporation,0000319201,KLA CORP,Technology,ndxt_sox,True,True,2024Q3,2024-09-30,2024-09-15,2024-09-30,0,2025,Q1,USD,USD,15681700000,3559710000.0,3559710000.0,2.6396,1341340000.0,1348580000.0,1348579330.2015457,1348580000.0,shares_diluted,2024-09-30,77.44100189208984,104435386331.63452,stockanalysis_fiscal_ai,2024-09-30,1.0,USD,15681700000.0,3559710000.0,3559710000.0,23.475760264359174,0.03408528588859855
KLAC,KLA Corporation,0000319201,KLA CORP,Technology,ndxt_sox,True,True,2024Q4,2024-12-31,2024-12-16,2024-12-31,0,2025,Q2,USD,USD,15001700000,3584550000.0,3584550000.0,2.67651,1333270000.0,1339260000.0,1339262696.5712812,1339260000.0,shares_diluted,2024-12-31,63.012001037597656,84389452509.61304,stockanalysis_fiscal_ai,2024-12-31,1.0,USD,15001700000.0,3584550000.0,3584550000.0,23.431429364960216,0.04247627983593891
KLAC,KLA Corporation,0000319201,KLA CORP,Technology,ndxt_sox,True,True,2025Q1,2025-03-31,2025-03-16,2025-03-31,0,2025,Q3,USD,USD,15188300000,4004740000.0,4004740000.0,3.00424,1326070000.0,1333030000.0,1333029318.5630975,1333030000.0,shares_diluted,2025-03-31,67.9800033569336,90619383874.89319,stockanalysis_fiscal_ai,2025-03-31,1.0,USD,15188300000.0,4004740000.0,4004740000.0,23.443791231557025,0.04419297316707474
KLAC,KLA Corporation,0000319201,KLA CORP,Technology,ndxt_sox,True,True,2025Q2,2025-06-30,2025-06-15,2025-06-30,0,2025,Q4,USD,USD,16067900000,4692450000.0,4692450000.0,3.53523,1320320000.0,1327340000.0,1327339381.0303714,1327340000.0,shares_diluted,2025-06-30,89.5739974975586,118895149838.40942,stockanalysis_fiscal_ai,2025-06-30,1.0,USD,16067900000.0,4692450000.0,4692450000.0,23.500089329874168,0.03946712718203826
KLAC,KLA Corporation,0000319201,KLA CORP,Technology,ndxt_sox,True,True,2025Q3,2025-09-30,2025-09-15,2025-09-30,0,2026,Q1,USD,USD,9752620000,,0.0,0.0,1317570000.0,1323810000.0,,1323810000.0,shares_diluted,2025-09-30,107.86000061035156,142786147407.9895,stockanalysis_fiscal_ai,2025-09-30,1.0,USD,9752620000.0,,0.0,23.000801803806684,
KLAC,KLA Corporation,0000319201,KLA CORP,Technology,ndxt_sox,True,True,2025Q4,2025-12-31,2025-12-16,2025-12-31,0,2026,Q2,USD,USD,16720200000,5465730000.0,5465730000.0,4.14042,1312780000.0,1320090000.0,1320090715.4346662,1320090000.0,shares_diluted,2025-12-31,121.50800323486328,160401499990.31067,stockanalysis_fiscal_ai,2025-12-31,1.0,USD,16720200000.0,5465730000.0,5465730000.0,23.539883406253914,0.03407530478412089
KLAC,KLA Corporation,0000319201,KLA CORP,Technology,ndxt_sox,True,True,2026Q1,2026-03-31,2026-03-16,2026-03-31,0,2026,Q3,USD,USD,16873500000,5830500000.0,5830500000.0,4.42542,1309090000.0,1317500000.0,1317502067.6003635,1317500000.0,shares_diluted,2026-03-31,147.24099731445312,193990013961.792,stockanalysis_fiscal_ai,2026-03-31,1.0,USD,16873500000.0,5830500000.0,5830500000.0,23.549010180865263,0.03005567080967563
LRCX,Lam Research,0000707549,LAM RESEARCH CORP,Technology,ndxt_sox,True,True,2022Q1,2022-03-27,2022-03-12,2022-03-31,4,2022,Q3,USD,USD,16589000000,6026490000.0,6026490000.0,4.30288,1392290000.0,1400570000.0,1400571245.3054698,1400570000.0,shares_diluted,2022-03-25,55.48199844360352,77706422560.15779,stockanalysis_fiscal_ai,2022-03-27,1.0,USD,16589000000.0,6026490000.0,6026490000.0,23.532005662056548,0.07755459331993424
LRCX,Lam Research,0000707549,LAM RESEARCH CORP,Technology,ndxt_sox,True,True,2022Q2,2022-06-26,2022-06-11,2022-06-30,4,2022,Q4,USD,USD,17195600000,6278370000.0,6278370000.0,4.53925,1379930000.0,1383130000.0,1383129371.5922234,1383130000.0,shares_diluted,2022-06-24,45.01900100708008,62267130862.92267,stockanalysis_fiscal_ai,2022-06-26,1.0,USD,17195600000.0,6278370000.0,6278370000.0,23.567919374086358,0.1008296016372017
LRCX,Lam Research,0000707549,LAM RESEARCH CORP,Technology,ndxt_sox,True,True,2022Q3,2022-09-25,2022-09-10,2022-09-30,5,2023,Q1,USD,USD,18721300000,7412570000.0,7412570000.0,5.40243,1368910000.0,1372080000.0,1372080711.8278258,1372080000.0,shares_diluted,2022-09-23,38.055999755859375,52215876145.01953,stockanalysis_fiscal_ai,2022-09-25,1.0,USD,18721300000.0,7412570000.0,7412570000.0,23.652927750029146,0.1419600808653103
LRCX,Lam Research,0000707549,LAM RESEARCH CORP,Technology,ndxt_sox,True,True,2022Q4,2022-12-25,2022-12-10,2022-12-31,6,2023,Q2,USD,USD,19206400000,8304640000.0,8304640000.0,6.09117,1360180000.0,1363390000.0,1363389956.2809772,1363390000.0,shares_diluted,2022-12-23,41.21200180053711,56188031134.83429,stockanalysis_fiscal_ai,2022-12-25,1.0,USD,19206400000.0,8304640000.0,8304640000.0,23.678509393770266,0.14780087204108247
LRCX,Lam Research,0000707549,LAM RESEARCH CORP,Technology,ndxt_sox,True,True,2023Q1,2023-03-31,2023-03-16,2023-03-31,0,2023,Q3,USD,USD,19243400000,8407390000.0,8407390000.0,6.22721,1350100000.0,1350100000.0,1350105424.4196036,1350100000.0,shares_diluted,2023-03-31,53.012001037597656,71571502600.8606,stockanalysis_fiscal_ai,2023-03-31,1.0,USD,19243400000.0,8407390000.0,8407390000.0,23.6804339817484,0.11746840145143057
LRCX,Lam Research,0000707549,LAM RESEARCH CORP,Technology,ndxt_sox,True,True,2023Q2,2023-06-30,2023-06-15,2023-06-30,0,2023,Q4,USD,USD,18781600000,8210170000.0,8210170000.0,6.11893,1341760000.0,1341760000.0,1341765635.4950948,1341760000.0,shares_diluted,2023-06-30,64.28600311279297,86256387536.6211,stockanalysis_fiscal_ai,2023-06-30,1.0,USD,18781600000.0,8210170000.0,8210170000.0,23.656143504115573,0.09518332768705717
LRCX,Lam Research,0000707549,LAM RESEARCH CORP,Technology,ndxt_sox,True,True,2023Q3,2023-09-24,2023-09-09,2023-09-30,6,2024,Q1,USD,USD,18538500000,8047330000.0,8047330000.0,6.04306,1325840000.0,1331660000.0,1331664752.6253257,1331660000.0,shares_diluted,2023-09-22,61.9109992980957,82444401325.30212,stockanalysis_fiscal_ai,2023-09-24,1.0,USD,18538500000.0,8047330000.0,8047330000.0,23.643115487662175,0.09760917503964311
LRCX,Lam Research,0000707549,LAM RESEARCH CORP,Technology,ndxt_sox,True,True,2023Q4,2023-12-24,2023-12-09,2023-12-31,7,2024,Q2,USD,USD,18783900000,8222480000.0,8222480000.0,6.21878,1316290000.0,1322200000.0,1322201460.736672,1322200000.0,shares_diluted,2023-12-22,77.9990005493164,103130278526.30615,stockanalysis_fiscal_ai,2023-12-24,1.0,USD,18783900000.0,8222480000.0,8222480000.0,23.6562659568982,0.07972905840550634
LRCX,Lam Research,0000707549,LAM RESEARCH CORP,Technology,ndxt_sox,True,True,2024Q1,2024-03-31,2024-03-16,2024-03-31,0,2024,Q3,USD,USD,18279700000,8022100000.0,8022100000.0,6.09963,1308380000.0,1315180000.0,1315178133.7556539,1315180000.0,shares_diluted,2024-03-28,97.15699768066406,127778940209.65576,stockanalysis_fiscal_ai,2024-03-31,1.0,USD,18279700000.0,8022100000.0,8022100000.0,23.62905699145919,0.06278108103602663
LRCX,Lam Research,0000707549,LAM RESEARCH CORP,Technology,ndxt_sox,True,True,2024Q2,2024-06-30,2024-06-15,2024-06-30,0,2024,Q4,USD,USD,18744700000,8539450000.0,8539450000.0,6.51311,1306330000.0,1311120000.0,1311117116.0935404,1311120000.0,shares_diluted,2024-06-28,106.48500061035156,139614614000.24414,stockanalysis_fiscal_ai,2024-06-30,1.0,USD,18744700000.0,8539450000.0,8539450000.0,23.654176882738412,0.06116444228385051
LRCX,Lam Research,0000707549,LAM RESEARCH CORP,Technology,ndxt_sox,True,True,2024Q3,2024-09-29,2024-09-14,2024-09-30,1,2025,Q1,USD,USD,19532500000,8471890000.0,8471890000.0,6.49652,1299240000.0,1304070000.0,1304065869.1114626,1304070000.0,shares_diluted,2024-09-27,82.71199798583984,107862235213.39417,stockanalysis_fiscal_ai,2024-09-29,1.0,USD,19532500000.0,8471890000.0,8471890000.0,23.695345581835173,0.07854361615294965
LRCX,Lam Research,0000707549,LAM RESEARCH CORP,Technology,ndxt_sox,True,True,2024Q4,2024-12-29,2024-12-14,2024-12-31,2,2025,Q2,USD,USD,19839900000,8808030000.0,8808030000.0,6.82016,1287110000.0,1291470000.0,1291469701.5905786,1291470000.0,shares_diluted,2024-12-27,73.4000015258789,94793899970.62683,stockanalysis_fiscal_ai,2024-12-29,1.0,USD,19839900000.0,8808030000.0,8808030000.0,23.710960898467853,0.0929176877703026
LRCX,Lam Research,0000707549,LAM RESEARCH CORP,Technology,ndxt_sox,True,True,2025Q1,2025-03-30,2025-03-15,2025-03-31,1,2025,Q3,USD,USD,19968300000,9511110000.0,9511110000.0,7.38383,1283780000.0,1288100000.0,1288099807.281587,1288100000.0,shares_diluted,2025-03-28,72.61000061035156,93528941786.19385,stockanalysis_fiscal_ai,2025-03-30,1.0,USD,19968300000.0,9511110000.0,9511110000.0,23.71741185305903,0.10169162420058483
LRCX,Lam Research,0000707549,LAM RESEARCH CORP,Technology,ndxt_sox,True,True,2025Q2,2025-06-29,2025-06-14,2025-06-30,1,2025,Q4,USD,USD,21345300000,9861620000.0,9861620000.0,7.72289,1274280000.0,1276930000.0,1276933893.9179504,1276930000.0,shares_diluted,2025-06-27,97.1999969482422,124117592103.11891,stockanalysis_fiscal_ai,2025-06-29,1.0,USD,21345300000.0,9861620000.0,9861620000.0,23.784097411871343,0.0794538456064053
LRCX,Lam Research,0000707549,LAM RESEARCH CORP,Technology,ndxt_sox,True,True,2025Q3,2025-09-28,2025-09-13,2025-09-30,2,2026,Q1,USD,USD,21900200000,10192800000.0,10192800000.0,8.03013,1264450000.0,1269310000.0,1269319425.7129087,1269310000.0,shares_diluted,2025-09-26,128.3300018310547,162890554624.17603,stockanalysis_fiscal_ai,2025-09-28,1.0,USD,21900200000.0,10192800000.0,10192800000.0,23.80976160614726,0.06257453063203701
LRCX,Lam Research,0000707549,LAM RESEARCH CORP,Technology,ndxt_sox,True,True,2025Q4,2025-12-28,2025-12-13,2025-12-31,3,2026,Q2,USD,USD,21391200000,10145400000.0,10145400000.0,8.04083,1254860000.0,1261740000.0,1261735417.8610916,1261740000.0,shares_diluted,2025-12-26,178.07000732421875,224678051041.25977,stockanalysis_fiscal_ai,2025-12-28,1.0,USD,21391200000.0,10145400000.0,10145400000.0,23.786245459448892,0.045155278644182756
LRCX,Lam Research,0000707549,LAM RESEARCH CORP,Technology,ndxt_sox,True,True,2026Q1,2026-03-29,2026-03-14,2026-03-31,2,2026,Q3,USD,USD,20791900000,10584800000.0,10584800000.0,8.41849,1249730000.0,1257330000.0,1257327620.5115168,1257330000.0,shares_diluted,2026-03-27,211.41000366210935,265812139904.47995,stockanalysis_fiscal_ai,2026-03-29,1.0,USD,20791900000.0,10584800000.0,10584800000.0,23.757829324731905,0.03982060414473043
MCHP,Microchip Technology,0000827054,MICROCHIP TECHNOLOGY INC,Technology,ndxt_sox,True,True,2022Q1,2022-03-31,2022-03-16,2022-03-31,0,2022,Q4,USD,USD,16199500000,5894800000.0,5894800000.0,10.6964,545000000.0,551100000.0,551101305.1120002,551100000.0,shares_diluted,2022-03-31,75.13999938964844,41409653663.635254,stockanalysis_fiscal_ai,2022-03-31,1.0,USD,16199500000.0,5894800000.0,5894800000.0,23.50824621451091,0.14235327945224138
MCHP,Microchip Technology,0000827054,MICROCHIP TECHNOLOGY INC,Technology,ndxt_sox,True,True,2022Q2,2022-06-30,2022-06-15,2022-06-30,0,2023,Q1,USD,USD,16208400000,5977900000.0,5977900000.0,10.6463,553800000.0,561500000.0,561500239.5198332,561500000.0,shares_diluted,2022-06-30,58.08000183105469,32611921028.137207,stockanalysis_fiscal_ai,2022-06-30,1.0,USD,16208400000.0,5977900000.0,5977900000.0,23.508795463318993,0.18330413577422605
MCHP,Microchip Technology,0000827054,MICROCHIP TECHNOLOGY INC,Technology,ndxt_sox,True,True,2022Q3,2022-09-30,2022-09-15,2022-09-30,0,2023,Q2,USD,USD,16141100000,6103100000.0,6103100000.0,10.9316,551500000.0,558300000.0,558298876.6511765,558300000.0,shares_diluted,2022-09-30,61.029998779296875,34073048318.481445,stockanalysis_fiscal_ai,2022-09-30,1.0,USD,16141100000.0,6103100000.0,6103100000.0,23.504634651121375,0.17911810950855367
MCHP,Microchip Technology,0000827054,MICROCHIP TECHNOLOGY INC,Technology,ndxt_sox,True,True,2022Q4,2022-12-31,2022-12-16,2022-12-31,0,2023,Q3,USD,USD,16116100000,6311600000.0,6311600000.0,11.3641,549200000.0,555400000.0,555398139.7558979,555400000.0,shares_diluted,2022-12-30,70.25,39016850000.0,stockanalysis_fiscal_ai,2022-12-31,1.0,USD,16116100000.0,6311600000.0,6311600000.0,23.503084609269912,0.16176600622551537
MCHP,Microchip Technology,0000827054,MICROCHIP TECHNOLOGY INC,Technology,ndxt_sox,True,True,2023Q1,2023-03-31,2023-03-16,2023-03-31,0,2023,Q4,USD,USD,16370300000,6513600000.0,6513600000.0,11.7979,545000000.0,552100000.0,552098254.7741547,552100000.0,shares_diluted,2023-03-31,83.77999877929688,46254937326.049805,stockanalysis_fiscal_ai,2023-03-31,1.0,USD,16370300000.0,6513600000.0,6513600000.0,23.518734554368006,0.14081956168453563
MCHP,Microchip Technology,0000827054,MICROCHIP TECHNOLOGY INC,Technology,ndxt_sox,True,True,2023Q2,2023-06-30,2023-06-15,2023-06-30,0,2024,Q1,USD,USD,16494600000,6831300000.0,6831300000.0,12.389,545100000.0,551400000.0,551400435.8705304,551400000.0,shares_diluted,2023-06-30,89.58999633789062,49399923980.71289,stockanalysis_fiscal_ai,2023-06-30,1.0,USD,16494600000.0,6831300000.0,6831300000.0,23.526298891560266,0.1382856379023403
MCHP,Microchip Technology,0000827054,MICROCHIP TECHNOLOGY INC,Technology,ndxt_sox,True,True,2023Q3,2023-09-30,2023-09-15,2023-09-30,0,2024,Q2,USD,USD,16601400000,6968500000.0,6968500000.0,12.6885,543100000.0,549200000.0,549198092.7611617,549200000.0,shares_diluted,2023-09-29,78.05000305175781,42865061676.02539,stockanalysis_fiscal_ai,2023-09-30,1.0,USD,16601400000.0,6968500000.0,6968500000.0,23.53275286610211,0.16256829519266763
MCHP,Microchip Technology,0000827054,MICROCHIP TECHNOLOGY INC,Technology,ndxt_sox,True,True,2023Q4,2023-12-31,2023-12-16,2023-12-31,0,2024,Q3,USD,USD,16143000000,7080200000.0,7080200000.0,12.9555,540800000.0,546500000.0,546501485.8554282,546500000.0,shares_diluted,2023-12-29,90.18000030517578,49283370166.778564,stockanalysis_fiscal_ai,2023-12-31,1.0,USD,16143000000.0,7080200000.0,7080200000.0,23.504752356121802,0.14366306476282123
MCHP,Microchip Technology,0000827054,MICROCHIP TECHNOLOGY INC,Technology,ndxt_sox,True,True,2024Q1,2024-03-31,2024-03-16,2024-03-31,0,2024,Q4,USD,USD,15873200000,6657800000.0,6657800000.0,12.2206,538900000.0,544800000.0,544801400.9132122,544800000.0,shares_diluted,2024-03-28,89.70999908447266,48874007501.2207,stockanalysis_fiscal_ai,2024-03-31,1.0,USD,15873200000.0,6657800000.0,6657800000.0,23.487897989469737,0.13622373814616515
MCHP,Microchip Technology,0000827054,MICROCHIP TECHNOLOGY INC,Technology,ndxt_sox,True,True,2024Q2,2024-06-30,2024-06-15,2024-06-30,0,2025,Q1,USD,USD,15839700000,6406000000.0,6406000000.0,11.8018,536700000.0,542800000.0,542798556.1524513,542800000.0,shares_diluted,2024-06-28,91.5,49666200000.0,stockanalysis_fiscal_ai,2024-06-30,1.0,USD,15839700000.0,6406000000.0,6406000000.0,23.485785283759398,0.12898107767455533
MCHP,Microchip Technology,0000827054,MICROCHIP TECHNOLOGY INC,Technology,ndxt_sox,True,True,2024Q3,2024-09-30,2024-09-15,2024-09-30,0,2025,Q2,USD,USD,15622300000,6275900000.0,6275900000.0,11.5792,536700000.0,542000000.0,541997720.0497444,542000000.0,shares_diluted,2024-09-30,80.29000091552734,43517180496.21582,stockanalysis_fiscal_ai,2024-09-30,1.0,USD,15622300000.0,6275900000.0,6275900000.0,23.471965217637237,0.1442166043028854
MCHP,Microchip Technology,0000827054,MICROCHIP TECHNOLOGY INC,Technology,ndxt_sox,True,True,2024Q4,2024-12-31,2024-12-16,2024-12-31,0,2025,Q3,USD,USD,15632200000,6031500000.0,6031500000.0,11.2235,537400000.0,537400000.0,537399207.0209827,537400000.0,shares_diluted,2024-12-31,57.349998474121094,30819889179.992676,stockanalysis_fiscal_ai,2024-12-31,1.0,USD,15632200000.0,6031500000.0,6031500000.0,23.47259872643316,0.19570154729548686
MCHP,Microchip Technology,0000827054,MICROCHIP TECHNOLOGY INC,Technology,ndxt_sox,True,True,2025Q1,2025-03-31,2025-03-16,2025-03-31,0,2025,Q4,USD,USD,15374600000,7078300000.0,7078300000.0,13.1518,538200000.0,538200000.0,538200094.2836722,538200000.0,shares_diluted,2025-03-31,48.40999984741211,26054261917.877197,stockanalysis_fiscal_ai,2025-03-31,1.0,USD,15374600000.0,7078300000.0,7078300000.0,23.455982634040403,0.27167532215307955
MCHP,Microchip Technology,0000827054,MICROCHIP TECHNOLOGY INC,Technology,ndxt_sox,True,True,2025Q2,2025-06-30,2025-06-15,2025-06-30,0,2026,Q1,USD,USD,14979500000,6857100000.0,6857100000.0,12.7172,539200000.0,539200000.0,539198880.2566602,539200000.0,shares_diluted,2025-06-30,70.37000274658203,37943505480.95703,stockanalysis_fiscal_ai,2025-06-30,1.0,USD,14979500000.0,6857100000.0,6857100000.0,23.429948436641315,0.1807186740677247
MCHP,Microchip Technology,0000827054,MICROCHIP TECHNOLOGY INC,Technology,ndxt_sox,True,True,2025Q3,2025-09-30,2025-09-15,2025-09-30,0,2026,Q2,USD,USD,14469700000,6695500000.0,6695500000.0,12.2853,540000000.0,545000000.0,545000936.0780771,545000000.0,shares_diluted,2025-09-30,64.22000122070312,34999900665.2832,stockanalysis_fiscal_ai,2025-09-30,1.0,USD,14469700000.0,6695500000.0,6695500000.0,23.395322644824777,0.19130054293672158
MCHP,Microchip Technology,0000827054,MICROCHIP TECHNOLOGY INC,Technology,ndxt_sox,True,True,2025Q4,2025-12-31,2025-12-16,2025-12-31,0,2026,Q3,USD,USD,14325500000,6560400000.0,6560400000.0,12.0264,540800000.0,545500000.0,545499900.219517,545500000.0,shares_diluted,2025-12-31,63.720001220703125,34759260665.893555,stockanalysis_fiscal_ai,2025-12-31,1.0,USD,14325500000.0,6560400000.0,6560400000.0,23.385307002952047,0.1887381916162903
MCHP,Microchip Technology,0000827054,MICROCHIP TECHNOLOGY INC,Technology,ndxt_sox,True,True,2026Q1,2026-03-31,2026-03-16,2026-03-31,0,2026,Q4,USD,USD,14370100000,6432400000.0,6432400000.0,11.7401,541500000.0,547900000.0,547899932.7092614,547900000.0,shares_diluted,2026-03-31,64.61000061035156,35399819334.41162,stockanalysis_fiscal_ai,2026-03-31,1.0,USD,14370100000.0,6432400000.0,6432400000.0,23.38841549595537,0.18170714204033134
META,Meta Platforms,0001326801,"Meta Platforms, Inc.",Technology,ndxt_only,True,False,2022Q1,2022-03-31,2022-03-16,2022-03-31,0,2022,Q1,USD,USD,164218000000,123228000000.0,123228000000.0,44.9409,2725000000.0,2742000000.0,2742001161.5254703,2742000000.0,shares_diluted,2022-03-31,222.36000061035156,609711121673.584,stockanalysis_fiscal_ai,2022-03-31,1.0,USD,164218000000.0,123228000000.0,123228000000.0,25.824460650368334,0.2021088276391513
META,Meta Platforms,0001326801,"Meta Platforms, Inc.",Technology,ndxt_only,True,False,2022Q2,2022-06-30,2022-06-15,2022-06-30,0,2022,Q2,USD,USD,169779000000,125767000000.0,125767000000.0,46.3572,2704000000.0,2713000000.0,2712998196.6123924,2713000000.0,shares_diluted,2022-06-30,161.25,437471250000.0,stockanalysis_fiscal_ai,2022-06-30,1.0,USD,169779000000.0,125767000000.0,125767000000.0,25.857763428263624,0.2874863205296348
META,Meta Platforms,0001326801,"Meta Platforms, Inc.",Technology,ndxt_only,True,False,2022Q3,2022-09-30,2022-09-15,2022-09-30,0,2022,Q3,USD,USD,178894000000,124094000000.0,124094000000.0,46.1831,2682000000.0,2687000000.0,2687000223.0253057,2687000000.0,shares_diluted,2022-09-30,135.67999267578125,364572140319.8242,stockanalysis_fiscal_ai,2022-09-30,1.0,USD,178894000000.0,124094000000.0,124094000000.0,25.910059288609116,0.3403825643153572
META,Meta Platforms,0001326801,"Meta Platforms, Inc.",Technology,ndxt_only,True,False,2022Q4,2022-12-31,2022-12-16,2022-12-31,0,2022,Q4,USD,USD,185727000000,125713000000.0,125713000000.0,47.6186,2638000000.0,2640000000.0,2639997815.9794703,2640000000.0,shares_diluted,2022-12-30,120.33999633789062,317697590332.03125,stockanalysis_fiscal_ai,2022-12-31,1.0,USD,185727000000.0,125713000000.0,125713000000.0,25.947543690535802,0.39570019989328586
META,Meta Platforms,0001326801,"Meta Platforms, Inc.",Technology,ndxt_only,True,False,2023Q1,2023-03-31,2023-03-16,2023-03-31,0,2023,Q1,USD,USD,184491000000,124795000000.0,124795000000.0,48.072,2587000000.0,2596000000.0,2596001830.587452,2596000000.0,shares_diluted,2023-03-31,211.94000244140625,550196246337.8906,stockanalysis_fiscal_ai,2023-03-31,1.0,USD,184491000000.0,124795000000.0,124795000000.0,25.94086651874938,0.22681906834267998
META,Meta Platforms,0001326801,"Meta Platforms, Inc.",Technology,ndxt_only,True,False,2023Q2,2023-06-30,2023-06-15,2023-06-30,0,2023,Q2,USD,USD,206688000000,134033000000.0,134033000000.0,51.3143,2568000000.0,2612000000.0,2612000943.2068644,2612000000.0,shares_diluted,2023-06-30,286.9800109863281,749591788696.2891,stockanalysis_fiscal_ai,2023-06-30,1.0,USD,206688000000.0,134033000000.0,134033000000.0,26.054476246796472,0.17880798858951474
META,Meta Platforms,0001326801,"Meta Platforms, Inc.",Technology,ndxt_only,True,False,2023Q3,2023-09-30,2023-09-15,2023-09-30,0,2023,Q3,USD,USD,216274000000,142873000000.0,142873000000.0,54.0981,2576000000.0,2641000000.0,2640998482.386627,2641000000.0,shares_diluted,2023-09-29,300.2099914550781,792854587432.8613,stockanalysis_fiscal_ai,2023-09-30,1.0,USD,216274000000.0,142873000000.0,142873000000.0,26.099811959259238,0.1802007609776218
META,Meta Platforms,0001326801,"Meta Platforms, Inc.",Technology,ndxt_only,True,False,2023Q4,2023-12-31,2023-12-16,2023-12-31,0,2023,Q4,USD,USD,229623000000,153168000000.0,153168000000.0,58.2388,2566000000.0,2630000000.0,2629999244.489928,2630000000.0,shares_diluted,2023-12-29,353.9599914550781,930914777526.8555,stockanalysis_fiscal_ai,2023-12-31,1.0,USD,229623000000.0,153168000000.0,153168000000.0,26.15970467059075,0.16453493241015968
META,Meta Platforms,0001326801,"Meta Platforms, Inc.",Technology,ndxt_only,True,False,2024Q1,2024-03-31,2024-03-16,2024-03-31,0,2024,Q1,USD,USD,222844000000,149529000000.0,149529000000.0,56.9634,2545000000.0,2625000000.0,2625001316.634892,2625000000.0,shares_diluted,2024-03-28,485.5799865722656,1274647464752.1973,stockanalysis_fiscal_ai,2024-03-31,1.0,USD,222844000000.0,149529000000.0,149529000000.0,26.12973781203665,0.11731008308957784
META,Meta Platforms,0001326801,"Meta Platforms, Inc.",Technology,ndxt_only,True,False,2024Q2,2024-06-30,2024-06-15,2024-06-30,0,2024,Q2,USD,USD,230238000000,156763000000.0,156763000000.0,60.0625,2534000000.0,2610000000.0,2609997918.8345475,2610000000.0,shares_diluted,2024-06-28,504.2200012207031,1316014203186.0352,stockanalysis_fiscal_ai,2024-06-30,1.0,USD,230238000000.0,156763000000.0,156763000000.0,26.162379393459833,0.11911953504793563
META,Meta Platforms,0001326801,"Meta Platforms, Inc.",Technology,ndxt_only,True,False,2024Q3,2024-09-30,2024-09-15,2024-09-30,0,2024,Q3,USD,USD,256408000000,164529000000.0,164529000000.0,63.2804,2529000000.0,2600000000.0,2599999367.892744,2600000000.0,shares_diluted,2024-09-30,572.4400024414062,1488344006347.6562,stockanalysis_fiscal_ai,2024-09-30,1.0,USD,256408000000.0,164529000000.0,164529000000.0,26.270035762754226,0.11054500794056904
META,Meta Platforms,0001326801,"Meta Platforms, Inc.",Technology,ndxt_only,True,False,2024Q4,2024-12-31,2024-12-16,2024-12-31,0,2024,Q4,USD,USD,276054000000,182637000000.0,182637000000.0,70.272,2529000000.0,2599000000.0,2599001024.5901637,2599000000.0,shares_diluted,2024-12-31,585.510009765625,1521740515380.8594,stockanalysis_fiscal_ai,2024-12-31,1.0,USD,276054000000.0,182637000000.0,182637000000.0,26.343862335700084,0.12001849077028079
META,Meta Platforms,0001326801,"Meta Platforms, Inc.",Technology,ndxt_only,True,False,2025Q1,2025-03-31,2025-03-16,2025-03-31,0,2025,Q1,USD,USD,280213000000,185029000000.0,185029000000.0,71.4398,2527000000.0,2590000000.0,2589998852.180437,2590000000.0,shares_diluted,2025-03-31,576.3599853515625,1492772362060.5469,stockanalysis_fiscal_ai,2025-03-31,1.0,USD,280213000000.0,185029000000.0,185029000000.0,26.358815865204917,0.12394991004830462
META,Meta Platforms,0001326801,"Meta Platforms, Inc.",Technology,ndxt_only,True,False,2025Q2,2025-06-30,2025-06-15,2025-06-30,0,2025,Q2,USD,USD,294744000000,195070000000.0,195070000000.0,75.9027,2518000000.0,2570000000.0,2570000803.660476,2570000000.0,shares_diluted,2025-06-30,738.0900268554688,1896891369018.5547,stockanalysis_fiscal_ai,2025-06-30,1.0,USD,294744000000.0,195070000000.0,195070000000.0,26.409373019922604,0.10283667435364449
META,Meta Platforms,0001326801,"Meta Platforms, Inc.",Technology,ndxt_only,True,False,2025Q3,2025-09-30,2025-09-15,2025-09-30,0,2025,Q3,USD,USD,303844000000,194066000000.0,194066000000.0,75.4533,2517000000.0,2572000000.0,2572001489.6631427,2572000000.0,shares_diluted,2025-09-30,734.3800048828125,1888825372558.5938,stockanalysis_fiscal_ai,2025-09-30,1.0,USD,303844000000.0,194066000000.0,194066000000.0,26.439780248747322,0.10274427843857219
META,Meta Platforms,0001326801,"Meta Platforms, Inc.",Technology,ndxt_only,True,False,2025Q4,2025-12-31,2025-12-16,2025-12-31,0,2025,Q4,USD,USD,366021000000,217243000000.0,217243000000.0,84.6951,2525000000.0,2565000000.0,2565000808.783507,2565000000.0,shares_diluted,2025-12-31,660.0900268554688,1693130918884.2773,stockanalysis_fiscal_ai,2025-12-31,1.0,USD,366021000000.0,217243000000.0,217243000000.0,26.62595654575096,0.12830844772662744
META,Meta Platforms,0001326801,"Meta Platforms, Inc.",Technology,ndxt_only,True,False,2026Q1,2026-03-31,2026-03-16,2026-03-31,0,2026,Q1,USD,USD,395250000000,243681000000.0,243681000000.0,95.0394,2534000000.0,2564000000.0,2563999772.7258377,2564000000.0,shares_diluted,2026-03-31,572.1300048828125,1466941332519.5312,stockanalysis_fiscal_ai,2026-03-31,1.0,USD,395250000000.0,243681000000.0,243681000000.0,26.70278431303599,0.16611502764154037
MPWR,Monolithic Power Systems,0001280452,MONOLITHIC POWER SYSTEMS INC,Technology,ndxt_sox,True,True,2022Q1,2022-03-31,2022-03-16,2022-03-31,0,2022,Q1,USD,USD,1713980000,1326110000.0,1326110000.0,27.4842,46424000.0,48250000.0,48249903.58096652,48250000.0,shares_diluted,2022-03-31,485.6799926757813,23434059646.60645,stockanalysis_fiscal_ai,2022-03-31,1.0,USD,1713980000.0,1326110000.0,1326110000.0,21.262083988442484,0.056588999942740935
MPWR,Monolithic Power Systems,0001280452,MONOLITHIC POWER SYSTEMS INC,Technology,ndxt_sox,True,True,2022Q2,2022-06-30,2022-06-15,2022-06-30,0,2022,Q2,USD,USD,1785690000,1423120000.0,1423120000.0,29.4728,46675000.0,48286000.0,48285877.147743,48286000.0,shares_diluted,2022-06-30,384.0400085449219,18543755852.600098,stockanalysis_fiscal_ai,2022-06-30,1.0,USD,1785690000.0,1423120000.0,1423120000.0,21.30307073210687,0.07674389219271663
MPWR,Monolithic Power Systems,0001280452,MONOLITHIC POWER SYSTEMS INC,Technology,ndxt_sox,True,True,2022Q3,2022-09-30,2022-09-15,2022-09-30,0,2022,Q3,USD,USD,1931220000,1530710000.0,1530710000.0,31.6596,46829000.0,48349000.0,48348999.9873656,48349000.0,shares_diluted,2022-09-30,363.3999938964844,17570026304.901123,stockanalysis_fiscal_ai,2022-09-30,1.0,USD,1931220000.0,1530710000.0,1530710000.0,21.381417764509095,0.08712052978389745
MPWR,Monolithic Power Systems,0001280452,MONOLITHIC POWER SYSTEMS INC,Technology,ndxt_sox,True,True,2022Q4,2022-12-31,2022-12-16,2022-12-31,0,2022,Q4,USD,USD,2058890000,1668600000.0,1668600000.0,34.3694,46979000.0,48549000.0,48548999.98254261,48549000.0,shares_diluted,2022-12-30,353.6099853515625,17167411178.833008,stockanalysis_fiscal_ai,2022-12-31,1.0,USD,2058890000.0,1668600000.0,1668600000.0,21.44543283957272,0.0971957846537364
MPWR,Monolithic Power Systems,0001280452,MONOLITHIC POWER SYSTEMS INC,Technology,ndxt_sox,True,True,2023Q1,2023-03-31,2023-03-16,2023-03-31,0,2023,Q1,USD,USD,2226650000,1776260000.0,1776260000.0,36.5073,47234000.0,48655000.0,48654926.548936784,48655000.0,shares_diluted,2023-03-31,500.5400085449219,24353774115.753174,stockanalysis_fiscal_ai,2023-03-31,1.0,USD,2226650000.0,1776260000.0,1776260000.0,21.523764050768904,0.07293571795309668
MPWR,Monolithic Power Systems,0001280452,MONOLITHIC POWER SYSTEMS INC,Technology,ndxt_sox,True,True,2023Q2,2023-06-30,2023-06-15,2023-06-30,0,2023,Q2,USD,USD,2220620000,1839090000.0,1839090000.0,37.7203,47489000.0,48756000.0,48755974.89945732,48756000.0,shares_diluted,2023-06-30,540.22998046875,26339452927.734375,stockanalysis_fiscal_ai,2023-06-30,1.0,USD,2220620000.0,1839090000.0,1839090000.0,21.52105227311868,0.06982263470109938
MPWR,Monolithic Power Systems,0001280452,MONOLITHIC POWER SYSTEMS INC,Technology,ndxt_sox,True,True,2023Q3,2023-09-30,2023-09-15,2023-09-30,0,2023,Q3,USD,USD,2328090000,1944860000.0,1944860000.0,39.8603,47780000.0,48792000.0,48791905.730764695,48792000.0,shares_diluted,2023-09-29,462.0,22541904000.0,stockanalysis_fiscal_ai,2023-09-30,1.0,USD,2328090000.0,1944860000.0,1944860000.0,21.568314025862147,0.08627753893371208
MPWR,Monolithic Power Systems,0001280452,MONOLITHIC POWER SYSTEMS INC,Technology,ndxt_sox,True,True,2023Q4,2023-12-31,2023-12-16,2023-12-31,0,2023,Q4,USD,USD,2434350000,2049940000.0,2049940000.0,41.9373,47936000.0,48881000.0,48881067.68914546,48881000.0,shares_diluted,2023-12-29,630.780029296875,30833158612.060547,stockanalysis_fiscal_ai,2023-12-31,1.0,USD,2434350000.0,2049940000.0,2049940000.0,21.612945617394274,0.06648491728635793
MPWR,Monolithic Power Systems,0001280452,MONOLITHIC POWER SYSTEMS INC,Technology,ndxt_sox,True,True,2024Q1,2024-03-31,2024-03-16,2024-03-31,0,2024,Q1,USD,USD,2578700000,2113560000.0,2113560000.0,43.1973,48635000.0,48928000.0,48928058.00362523,48928000.0,shares_diluted,2024-03-28,677.4199829101562,33144804923.828125,stockanalysis_fiscal_ai,2024-03-31,1.0,USD,2578700000.0,2113560000.0,2113560000.0,21.67055123292279,0.06376745933057343
MPWR,Monolithic Power Systems,0001280452,MONOLITHIC POWER SYSTEMS INC,Technology,ndxt_sox,True,True,2024Q2,2024-06-30,2024-06-15,2024-06-30,0,2024,Q2,USD,USD,2648130000,2195860000.0,2195860000.0,44.8638,48687000.0,48945000.0,48945029.177198544,48945000.0,shares_diluted,2024-06-28,821.6799926757812,40217127241.51611,stockanalysis_fiscal_ai,2024-06-30,1.0,USD,2648130000.0,2195860000.0,2195860000.0,21.69711956747171,0.0546001206603642
MPWR,Monolithic Power Systems,0001280452,MONOLITHIC POWER SYSTEMS INC,Technology,ndxt_sox,True,True,2024Q3,2024-09-30,2024-09-15,2024-09-30,0,2024,Q3,USD,USD,2854740000,2351690000.0,2351690000.0,48.029,48757000.0,48964000.0,48963959.274604924,48964000.0,shares_diluted,2024-09-30,924.5,45267218000.0,stockanalysis_fiscal_ai,2024-09-30,1.0,USD,2854740000.0,2351690000.0,2351690000.0,21.77224660760619,0.05195128183048492
MPWR,Monolithic Power Systems,0001280452,MONOLITHIC POWER SYSTEMS INC,Technology,ndxt_sox,True,True,2024Q4,2024-12-31,2024-12-16,2024-12-31,0,2024,Q4,USD,USD,3515820000,2951130000.0,2951130000.0,60.8404,48317000.0,48506000.0,48506091.34719693,48506000.0,shares_diluted,2024-12-31,591.7000122070312,28701000792.114258,stockanalysis_fiscal_ai,2024-12-31,1.0,USD,3515820000.0,2951130000.0,2951130000.0,21.980538620919607,0.10282324373897225
MPWR,Monolithic Power Systems,0001280452,MONOLITHIC POWER SYSTEMS INC,Technology,ndxt_sox,True,True,2025Q1,2025-03-31,2025-03-16,2025-03-31,0,2025,Q1,USD,USD,3805760000,3267010000.0,3267010000.0,68.0542,47851000.0,48006000.0,48006001.09912394,48006000.0,shares_diluted,2025-03-31,579.97998046875,27842518942.382812,stockanalysis_fiscal_ai,2025-03-31,1.0,USD,3805760000.0,3267010000.0,3267010000.0,22.059781545503153,0.11733888039227831
MPWR,Monolithic Power Systems,0001280452,MONOLITHIC POWER SYSTEMS INC,Technology,ndxt_sox,True,True,2025Q2,2025-06-30,2025-06-15,2025-06-30,0,2025,Q2,USD,USD,3972210000,3402070000.0,3402070000.0,70.8484,47887000.0,48019000.0,48019009.60360432,48019000.0,shares_diluted,2025-06-30,731.3800048828125,35120136454.46777,stockanalysis_fiscal_ai,2025-06-30,1.0,USD,3972210000.0,3402070000.0,3402070000.0,22.1025884518224,0.09686949834066516
MPWR,Monolithic Power Systems,0001280452,MONOLITHIC POWER SYSTEMS INC,Technology,ndxt_sox,True,True,2025Q3,2025-09-30,2025-09-15,2025-09-30,0,2025,Q3,USD,USD,4206390000,3567950000.0,3567950000.0,74.2672,47898000.0,48042000.0,48042069.71583687,48042000.0,shares_diluted,2025-09-30,920.6400146484376,44229387583.74024,stockanalysis_fiscal_ai,2025-09-30,1.0,USD,4206390000.0,3567950000.0,3567950000.0,22.15987063460728,0.08066921553559249
MPWR,Monolithic Power Systems,0001280452,MONOLITHIC POWER SYSTEMS INC,Technology,ndxt_sox,True,True,2025Q4,2025-12-31,2025-12-16,2025-12-31,0,2025,Q4,USD,USD,4194200000,3531500000.0,3531500000.0,71.8251,48502000.0,49168000.0,49168048.49558163,49168000.0,shares_diluted,2025-12-31,906.3599853515624,44563907759.76562,stockanalysis_fiscal_ai,2025-12-31,1.0,USD,4194200000.0,3531500000.0,3531500000.0,22.156968455461293,0.07924574341724142
MPWR,Monolithic Power Systems,0001280452,MONOLITHIC POWER SYSTEMS INC,Technology,ndxt_sox,True,True,2026Q1,2026-03-31,2026-03-16,2026-03-31,0,2026,Q1,USD,USD,4448870000,3677410000.0,3677410000.0,74.6804,49097000.0,49242000.0,49241969.78055821,49242000.0,shares_diluted,2026-03-31,1093.3499755859375,53838739497.802734,stockanalysis_fiscal_ai,2026-03-31,1.0,USD,4448870000.0,3677410000.0,3677410000.0,22.215915968293952,0.06830416228727053
MRVL,Marvell Technology,0001835632,"Marvell Technology, Inc.",Technology,ndxt_sox,True,True,2022Q1,2022-01-29,2022-01-14,2022-03-31,61,2022,Q4,USD,USD,22108600000,15702100000.0,15702100000.0,18.2138,844400000.0,862100000.0,862099067.7398456,862100000.0,shares_diluted,2022-01-28,66.31999969482422,57174471736.90796,stockanalysis_fiscal_ai,2022-01-29,1.0,USD,22108600000.0,15702100000.0,15702100000.0,23.819232510046174,0.2746348068112327
MRVL,Marvell Technology,0001835632,"Marvell Technology, Inc.",Technology,ndxt_sox,True,True,2022Q2,2022-04-30,2022-04-15,2022-06-30,61,2023,Q1,USD,USD,22038700000,15465000000.0,15465000000.0,18.237,848000000.0,848000000.0,848001316.0059221,848000000.0,shares_diluted,2022-04-29,58.08000183105469,49251841552.734375,stockanalysis_fiscal_ai,2022-04-30,1.0,USD,22038700000.0,15465000000.0,15465000000.0,23.81606583582546,0.3139984112764898
MRVL,Marvell Technology,0001835632,"Marvell Technology, Inc.",Technology,ndxt_sox,True,True,2022Q3,2022-07-30,2022-07-15,2022-09-30,62,2023,Q2,USD,USD,22162100000,15530200000.0,15530200000.0,18.1026,850900000.0,857900000.0,857898865.3563577,857900000.0,shares_diluted,2022-07-29,55.68000030517578,47767872261.8103,stockanalysis_fiscal_ai,2022-07-30,1.0,USD,22162100000.0,15530200000.0,15530200000.0,23.821649459678504,0.32511810270469516
MRVL,Marvell Technology,0001835632,"Marvell Technology, Inc.",Technology,ndxt_sox,True,True,2022Q4,2022-10-29,2022-10-14,2022-12-31,63,2023,Q3,USD,USD,22522100000,15559000000.0,15559000000.0,18.1256,852600000.0,858400000.0,858399170.2343647,858400000.0,shares_diluted,2022-10-28,41.0099983215332,35202982559.2041,stockanalysis_fiscal_ai,2022-10-29,1.0,USD,22522100000.0,15559000000.0,15559000000.0,23.837762886314398,0.4419795957297935
MRVL,Marvell Technology,0001835632,"Marvell Technology, Inc.",Technology,ndxt_sox,True,True,2023Q1,2023-01-28,2023-01-13,2023-03-31,62,2023,Q4,USD,USD,22522100000,15637200000.0,15637200000.0,18.3084,854100000.0,854100000.0,854099757.488366,854100000.0,shares_diluted,2023-01-27,44.25,37793925000.0,stockanalysis_fiscal_ai,2023-01-28,1.0,USD,22522100000.0,15637200000.0,15637200000.0,23.837762886314398,0.41374903506317484
MRVL,Marvell Technology,0001835632,"Marvell Technology, Inc.",Technology,ndxt_sox,True,True,2023Q2,2023-04-29,2023-04-14,2023-06-30,62,2024,Q1,USD,USD,22273200000,15493900000.0,15493900000.0,18.0856,856700000.0,856700000.0,856698146.5917636,856700000.0,shares_diluted,2023-04-28,39.47999954223633,33822515607.833862,stockanalysis_fiscal_ai,2023-04-29,1.0,USD,22273200000.0,15493900000.0,15493900000.0,23.826649998957325,0.45809425235097984
MRVL,Marvell Technology,0001835632,"Marvell Technology, Inc.",Technology,ndxt_sox,True,True,2023Q3,2023-07-29,2023-07-14,2023-09-30,63,2024,Q2,USD,USD,21750100000,15389500000.0,15389500000.0,17.8761,860900000.0,860900000.0,860898070.6082423,860900000.0,shares_diluted,2023-07-28,64.91000366210938,55881022152.70996,stockanalysis_fiscal_ai,2023-07-29,1.0,USD,21750100000.0,15389500000.0,15389500000.0,23.802884192171685,0.27539761098041554
MRVL,Marvell Technology,0001835632,"Marvell Technology, Inc.",Technology,ndxt_sox,True,True,2023Q4,2023-10-28,2023-10-13,2023-12-31,64,2024,Q3,USD,USD,21714400000,15233400000.0,15233400000.0,17.6599,862600000.0,862600000.0,862598315.958754,862600000.0,shares_diluted,2023-10-27,47.2599983215332,40766474552.15454,stockanalysis_fiscal_ai,2023-10-28,1.0,USD,21714400000.0,15233400000.0,15233400000.0,23.80124147188142,0.3736746963613733
MRVL,Marvell Technology,0001835632,"Marvell Technology, Inc.",Technology,ndxt_sox,True,True,2024Q1,2024-02-03,2024-01-19,2024-03-31,57,2024,Q4,USD,USD,21228500000,14831400000.0,14831400000.0,17.1521,864700000.0,864700000.0,864698783.2393701,864700000.0,shares_diluted,2024-02-02,67.52999877929688,58393189944.45801,stockanalysis_fiscal_ai,2024-02-03,1.0,USD,21228500000.0,14831400000.0,14831400000.0,23.778610455431547,0.25399194690523363
MRVL,Marvell Technology,0001835632,"Marvell Technology, Inc.",Technology,ndxt_sox,True,True,2024Q2,2024-05-04,2024-04-19,2024-06-30,57,2025,Q1,USD,USD,20491000000,14478700000.0,14478700000.0,16.7384,865000000.0,865000000.0,864999044.1141329,865000000.0,shares_diluted,2024-05-03,68.51000213623047,59261151847.839355,stockanalysis_fiscal_ai,2024-05-04,1.0,USD,20491000000.0,14478700000.0,14478700000.0,23.743251602301108,0.24432025953825415
MRVL,Marvell Technology,0001835632,"Marvell Technology, Inc.",Technology,ndxt_sox,True,True,2024Q3,2024-08-03,2024-07-19,2024-09-30,58,2025,Q2,USD,USD,20293400000,14204900000.0,14204900000.0,16.4086,865700000.0,865700000.0,865698475.1898395,865700000.0,shares_diluted,2024-08-02,59.25,51292725000.0,stockanalysis_fiscal_ai,2024-08-03,1.0,USD,20293400000.0,14204900000.0,14204900000.0,23.73356154697745,0.27693790883599967
MRVL,Marvell Technology,0001835632,"Marvell Technology, Inc.",Technology,ndxt_sox,True,True,2024Q4,2024-11-02,2024-10-18,2024-12-31,59,2025,Q3,USD,USD,19715600000,13372900000.0,13372900000.0,15.4475,865700000.0,865700000.0,865699951.4484545,865700000.0,shares_diluted,2024-11-01,84.7699966430664,73385386093.90259,stockanalysis_fiscal_ai,2024-11-02,1.0,USD,19715600000.0,13372900000.0,13372900000.0,23.704676037492845,0.18222837967886799
MRVL,Marvell Technology,0001835632,"Marvell Technology, Inc.",Technology,ndxt_sox,True,True,2025Q1,2025-02-01,2025-01-17,2025-03-31,58,2025,Q4,USD,USD,20204500000,13427000000.0,13427000000.0,15.2597,865700000.0,879900000.0,879899342.7131594,879900000.0,shares_diluted,2025-01-31,112.86000061035156,99305514537.04834,stockanalysis_fiscal_ai,2025-02-01,1.0,USD,20204500000.0,13427000000.0,13427000000.0,23.72917118882074,0.13520900689750448
MRVL,Marvell Technology,0001835632,"Marvell Technology, Inc.",Technology,ndxt_sox,True,True,2025Q2,2025-05-03,2025-04-18,2025-06-30,58,2026,Q1,USD,USD,20023700000,13312700000.0,13312700000.0,15.2041,864800000.0,875600000.0,875599344.913543,875600000.0,shares_diluted,2025-05-02,62.33000183105469,54576149603.271484,stockanalysis_fiscal_ai,2025-05-03,1.0,USD,20023700000.0,13312700000.0,13312700000.0,23.72018240894208,0.24392889745380628
MRVL,Marvell Technology,0001835632,"Marvell Technology, Inc.",Technology,ndxt_sox,True,True,2025Q3,2025-08-02,2025-07-18,2025-09-30,59,2026,Q2,USD,USD,20586300000,13421700000.0,13421700000.0,15.4202,862600000.0,870400000.0,870397271.1119182,870400000.0,shares_diluted,2025-08-01,74.44999694824219,64801277343.75,stockanalysis_fiscal_ai,2025-08-02,1.0,USD,20586300000.0,13421700000.0,13421700000.0,23.747891642955377,0.20712091721282258
MRVL,Marvell Technology,0001835632,"Marvell Technology, Inc.",Technology,ndxt_sox,True,True,2025Q4,2025-11-01,2025-10-17,2025-12-31,60,2026,Q3,USD,USD,21579000000,14056600000.0,14056600000.0,16.2749,855800000.0,863700000.0,863698087.2386314,863700000.0,shares_diluted,2025-10-31,93.73999786376952,80963236154.93773,stockanalysis_fiscal_ai,2025-11-01,1.0,USD,21579000000.0,14056600000.0,14056600000.0,23.79498645649974,0.17361707198931828
MRVL,Marvell Technology,0001835632,"Marvell Technology, Inc.",Technology,ndxt_sox,True,True,2026Q1,2026-01-31,2026-01-16,2026-03-31,59,2026,Q4,USD,USD,22285300000,14308400000.0,14308400000.0,16.7115,848000000.0,856200000.0,856200819.7947521,856200000.0,shares_diluted,2026-01-30,78.91999816894531,67571302432.25098,stockanalysis_fiscal_ai,2026-01-31,1.0,USD,22285300000.0,14308400000.0,14308400000.0,23.827193105224254,0.2117526151630129
MSFT,Microsoft,0000789019,MICROSOFT CORP,Technology,ndxt_only,True,False,2022Q1,2022-03-31,2022-03-16,2022-03-31,0,2022,Q3,USD,USD,344607000000,162924000000.0,162924000000.0,21.6252,7493000000.0,7534000000.0,7533988124.965319,7534000000.0,shares_diluted,2022-03-31,308.30999755859375,2322807521606.4453,stockanalysis_fiscal_ai,2022-03-31,1.0,USD,344607000000.0,162924000000.0,162924000000.0,26.565670474240775,0.07014098175785238
MSFT,Microsoft,0000789019,MICROSOFT CORP,Technology,ndxt_only,True,False,2022Q2,2022-06-30,2022-06-15,2022-06-30,0,2022,Q4,USD,USD,364840000000,166542000000.0,166542000000.0,22.1878,7474000000.0,7506000000.0,7506016820.054264,7506000000.0,shares_diluted,2022-06-30,256.8299865722656,1927765879211.4258,stockanalysis_fiscal_ai,2022-06-30,1.0,USD,364840000000.0,166542000000.0,166542000000.0,26.62272473825837,0.0863911960450954
MSFT,Microsoft,0000789019,MICROSOFT CORP,Technology,ndxt_only,True,False,2022Q3,2022-09-30,2022-09-15,2022-09-30,0,2023,Q1,USD,USD,359784000000,173566000000.0,173566000000.0,23.1885,7457000000.0,7485000000.0,7485003342.173922,7485000000.0,shares_diluted,2022-09-30,232.8999938964844,1743256454315.1858,stockanalysis_fiscal_ai,2022-09-30,1.0,USD,359784000000.0,173566000000.0,173566000000.0,26.608769688324536,0.09956423770602531
MSFT,Microsoft,0000789019,MICROSOFT CORP,Technology,ndxt_only,True,False,2022Q4,2022-12-31,2022-12-16,2022-12-31,0,2023,Q2,USD,USD,364552000000,183136000000.0,183136000000.0,24.5064,7451000000.0,7473000000.0,7472986648.385728,7473000000.0,shares_diluted,2022-12-30,239.82000732421875,1792174914733.8867,stockanalysis_fiscal_ai,2022-12-31,1.0,USD,364552000000.0,183136000000.0,183136000000.0,26.621935039399684,0.10218645428769053
MSFT,Microsoft,0000789019,MICROSOFT CORP,Technology,ndxt_only,True,False,2023Q1,2023-03-31,2023-03-16,2023-03-31,0,2023,Q3,USD,USD,380088000000,194683000000.0,194683000000.0,26.0829,7441000000.0,7464000000.0,7464008986.73077,7464000000.0,shares_diluted,2023-03-31,288.29998779296875,2151871108886.7188,stockanalysis_fiscal_ai,2023-03-31,1.0,USD,380088000000.0,194683000000.0,194683000000.0,26.663668641803945,0.09047149673417021
MSFT,Microsoft,0000789019,MICROSOFT CORP,Technology,ndxt_only,True,False,2023Q2,2023-06-30,2023-06-15,2023-06-30,0,2023,Q4,USD,USD,411976000000,206223000000.0,206223000000.0,27.6179,7434000000.0,7467000000.0,7467005094.522032,7467000000.0,shares_diluted,2023-06-30,340.5400085449219,2542812243804.9316,stockanalysis_fiscal_ai,2023-06-30,1.0,USD,411976000000.0,206223000000.0,206223000000.0,26.744230932172016,0.08110036456778211
MSFT,Microsoft,0000789019,MICROSOFT CORP,Technology,ndxt_only,True,False,2023Q3,2023-09-30,2023-09-15,2023-09-30,0,2024,Q1,USD,USD,445785000000,220714000000.0,220714000000.0,29.5784,7429000000.0,7462000000.0,7461999296.784141,7462000000.0,shares_diluted,2023-09-29,315.75,2356126500000.0,stockanalysis_fiscal_ai,2023-09-30,1.0,USD,445785000000.0,220714000000.0,220714000000.0,26.82310260995659,0.09367663408564862
MSFT,Microsoft,0000789019,MICROSOFT CORP,Technology,ndxt_only,True,False,2023Q4,2023-12-31,2023-12-16,2023-12-31,0,2024,Q2,USD,USD,470558000000,238268000000.0,238268000000.0,31.9052,7432000000.0,7468000000.0,7467998946.880133,7468000000.0,shares_diluted,2023-12-29,376.0400085449219,2808266783813.4766,stockanalysis_fiscal_ai,2023-12-31,1.0,USD,470558000000.0,238268000000.0,238268000000.0,26.87718506148805,0.08484521533828233
MSFT,Microsoft,0000789019,MICROSOFT CORP,Technology,ndxt_only,True,False,2024Q1,2024-03-31,2024-03-16,2024-03-31,0,2024,Q3,USD,USD,484275000000,253152000000.0,253152000000.0,33.8801,7431000000.0,7472000000.0,7471996835.900721,7472000000.0,shares_diluted,2024-03-28,420.7200012207031,3143619849121.0938,stockanalysis_fiscal_ai,2024-03-31,1.0,USD,484275000000.0,253152000000.0,253152000000.0,26.90591876412705,0.08052882096121683
MSFT,Microsoft,0000789019,MICROSOFT CORP,Technology,ndxt_only,True,False,2024Q2,2024-06-30,2024-06-15,2024-06-30,0,2024,Q4,USD,USD,512163000000,268477000000.0,268477000000.0,35.8304,7445000000.0,7493000000.0,7492994775.386265,7493000000.0,shares_diluted,2024-06-28,446.9500122070313,3348996441467.2856,stockanalysis_fiscal_ai,2024-06-30,1.0,USD,512163000000.0,268477000000.0,268477000000.0,26.961908770695327,0.0801664034860464
MSFT,Microsoft,0000789019,MICROSOFT CORP,Technology,ndxt_only,True,False,2024Q3,2024-09-30,2024-09-15,2024-09-30,0,2025,Q1,USD,USD,523013000000,287723000000.0,287723000000.0,38.5171,7433000000.0,7470000000.0,7470006828.136075,7470000000.0,shares_diluted,2024-09-30,430.2999877929687,3214340908813.476,stockanalysis_fiscal_ai,2024-09-30,1.0,USD,523013000000.0,287723000000.0,287723000000.0,26.98287215729897,0.08951228515030425
MSFT,Microsoft,0000789019,MICROSOFT CORP,Technology,ndxt_only,True,False,2024Q4,2024-12-31,2024-12-16,2024-12-31,0,2025,Q2,USD,USD,533898000000,302695000000.0,302695000000.0,40.5323,7435000000.0,7468000000.0,7467994661.048102,7468000000.0,shares_diluted,2024-12-31,421.5,3147762000000.0,stockanalysis_fiscal_ai,2024-12-31,1.0,USD,533898000000.0,302695000000.0,302695000000.0,27.003470646425683,0.0961619715848911
MSFT,Microsoft,0000789019,MICROSOFT CORP,Technology,ndxt_only,True,False,2025Q1,2025-03-31,2025-03-16,2025-03-31,0,2025,Q3,USD,USD,562624000000,321891000000.0,321891000000.0,43.1431,7434000000.0,7461000000.0,7461007669.824376,7461000000.0,shares_diluted,2025-03-31,375.3900146484375,2800784899291.992,stockanalysis_fiscal_ai,2025-03-31,1.0,USD,562624000000.0,321891000000.0,321891000000.0,27.055877391175123,0.11492885443697248
MSFT,Microsoft,0000789019,MICROSOFT CORP,Technology,ndxt_only,True,False,2025Q2,2025-06-30,2025-06-15,2025-06-30,0,2025,Q4,USD,USD,619003000000,343479000000.0,343479000000.0,46.0366,7432000000.0,7461000000.0,7460998422.993878,7461000000.0,shares_diluted,2025-06-30,497.4100036621094,3711176037322.998,stockanalysis_fiscal_ai,2025-06-30,1.0,USD,619003000000.0,343479000000.0,343479000000.0,27.15137595614592,0.09255260234105292
MSFT,Microsoft,0000789019,MICROSOFT CORP,Technology,ndxt_only,True,False,2025Q3,2025-09-30,2025-09-15,2025-09-30,0,2026,Q1,USD,USD,636351000000,363076000000.0,363076000000.0,48.6306,7433000000.0,7466000000.0,7465998774.434204,7466000000.0,shares_diluted,2025-09-30,517.9500122070312,3867014791137.6953,stockanalysis_fiscal_ai,2025-09-30,1.0,USD,636351000000.0,363076000000.0,363076000000.0,27.17901613484548,0.09389051234872087
MSFT,Microsoft,0000789019,MICROSOFT CORP,Technology,ndxt_only,True,False,2025Q4,2025-12-31,2025-12-16,2025-12-31,0,2026,Q2,USD,USD,665302000000,390875000000.0,390875000000.0,52.3961,7431000000.0,7460000000.0,7460001794.026655,7460000000.0,shares_diluted,2025-12-31,483.6199951171875,3607805163574.2188,stockanalysis_fiscal_ai,2025-12-31,1.0,USD,665302000000.0,390875000000.0,390875000000.0,27.223506909852368,0.10834149358907282
MSFT,Microsoft,0000789019,MICROSOFT CORP,Technology,ndxt_only,True,False,2026Q1,2026-03-31,2026-03-16,2026-03-31,0,2026,Q3,USD,USD,694228000000,414367000000.0,414367000000.0,55.6571,7426000000.0,7445000000.0,7444998032.596021,7445000000.0,shares_diluted,2026-03-31,370.1700134277344,2755915749969.4824,stockanalysis_fiscal_ai,2026-03-31,1.0,USD,694228000000.0,414367000000.0,414367000000.0,27.266066273758334,0.15035546714539022
MSTR,MicroStrategy,0001050446,Strategy Inc,Technology,ndxt_only,True,False,2022Q1,2022-03-31,2022-03-16,2022-03-31,0,2022,Q1,USD,USD,3638390000,862999000.0,862999000.0,7.6446,,,112890013.86599691,112890013.86599691,book_value_divided_by_book_value_per_share,2022-03-31,48.63199996948242,5490067150.886032,stockanalysis_fiscal_ai,2022-03-31,1.0,USD,3638390000.0,862999000.0,862999000.0,22.014807113055852,0.1571927949662186
MSTR,MicroStrategy,0001050446,Strategy Inc,Technology,ndxt_only,True,False,2022Q2,2022-06-30,2022-06-15,2022-06-30,0,2022,Q2,USD,USD,2568370000,-187068000.0,-187068000.0,-1.65547,,,112999933.55361317,112999933.55361317,book_value_divided_by_book_value_per_share,2022-06-30,16.43000030517578,1856588942.7707074,stockanalysis_fiscal_ai,2022-06-30,1.0,USD,2568370000.0,-187068000.0,-187068000.0,21.66653729339234,-0.10075897560869147
MSTR,MicroStrategy,0001050446,Strategy Inc,Technology,ndxt_only,True,False,2022Q3,2022-09-30,2022-09-15,2022-09-30,0,2022,Q3,USD,USD,2545290000,-200289000.0,-200289000.0,-1.77122,,,113079685.18873997,113079685.18873997,book_value_divided_by_book_value_per_share,2022-09-30,21.22599983215332,2400229378.836145,stockanalysis_fiscal_ai,2022-09-30,1.0,USD,2545290000.0,-200289000.0,-200289000.0,21.65751042937666,-0.0834457747105482
MSTR,MicroStrategy,0001050446,Strategy Inc,Technology,ndxt_only,True,False,2022Q4,2022-12-31,2022-12-16,2022-12-31,0,2022,Q4,USD,USD,2410270000,-383120000.0,-383120000.0,-3.36483,113860000.0,113860000.0,113860135.57891484,113860000.0,shares_diluted,2022-12-30,14.156999588012695,1611915973.0911255,stockanalysis_fiscal_ai,2022-12-31,1.0,USD,2410270000.0,-383120000.0,-383120000.0,21.603004611368746,-0.2376798830681612
MSTR,MicroStrategy,0001050446,Strategy Inc,Technology,ndxt_only,True,False,2023Q1,2023-03-31,2023-03-16,2023-03-31,0,2023,Q1,USD,USD,3026400000,443211000.0,443211000.0,3.0409,118340000.0,145750000.0,145749942.451248,145750000.0,shares_diluted,2023-03-31,29.23200035095215,4260564051.1512756,stockanalysis_fiscal_ai,2023-03-31,1.0,USD,3026400000.0,443211000.0,443211000.0,21.830639631283095,0.10402636709105147
MSTR,MicroStrategy,0001050446,Strategy Inc,Technology,ndxt_only,True,False,2023Q3,2023-09-30,2023-09-15,2023-09-30,0,2023,Q3,USD,USD,3373940000,840395000.0,840395000.0,5.90937,142214000.0,142214000.0,142213975.43223727,142214000.0,shares_diluted,2023-09-29,32.827999114990234,4668601066.139221,stockanalysis_fiscal_ai,2023-09-30,1.0,USD,3373940000.0,840395000.0,840395000.0,21.93934703786524,0.1800100261500773
MSTR,MicroStrategy,0001050446,Strategy Inc,Technology,ndxt_only,True,False,2023Q4,2023-12-31,2023-12-16,2023-12-31,0,2023,Q4,USD,USD,4762530000,2164970000.0,2164970000.0,11.7817,153361000.0,183757000.0,183757012.9947291,183757000.0,shares_diluted,2023-12-29,63.1619987487793,11606459404.079437,stockanalysis_fiscal_ai,2023-12-31,1.0,USD,4762530000.0,2164970000.0,2164970000.0,22.284044876591988,0.18653147567457623
MSTR,MicroStrategy,0001050446,Strategy Inc,Technology,ndxt_only,True,False,2024Q1,2024-03-31,2024-03-16,2024-03-31,0,2024,Q1,USD,USD,6351540000,2400110000.0,2400110000.0,13.9588,171942000.0,171942000.0,171942430.58142534,171942000.0,shares_diluted,2024-03-28,170.45599365234375,29308544460.57129,stockanalysis_fiscal_ai,2024-03-31,1.0,USD,6351540000.0,2400110000.0,2400110000.0,22.571963140132905,0.08189113598694271
MSTR,MicroStrategy,0001050446,Strategy Inc,Technology,ndxt_only,True,False,2024Q2,2024-06-30,2024-06-15,2024-06-30,0,2024,Q2,USD,USD,7053070000,2834800000.0,2834800000.0,15.8717,178607000.0,178607000.0,178607206.53742194,178607000.0,shares_diluted,2024-06-28,137.7480010986328,24602757232.22351,stockanalysis_fiscal_ai,2024-06-30,1.0,USD,7053070000.0,2834800000.0,2834800000.0,22.676728819977875,0.11522285787899882
MSTR,MicroStrategy,0001050446,Strategy Inc,Technology,ndxt_only,True,False,2024Q3,2024-09-30,2024-09-15,2024-09-30,0,2024,Q3,USD,USD,8343580000,3773650000.0,3773650000.0,19.1291,197273000.0,197273000.0,197272741.52992037,197273000.0,shares_diluted,2024-09-30,168.60000610351562,33260229004.058838,stockanalysis_fiscal_ai,2024-09-30,1.0,USD,8343580000.0,3773650000.0,3773650000.0,22.844758217807534,0.11345832885093758
MSTR,MicroStrategy,0001050446,Strategy Inc,Technology,ndxt_only,True,False,2024Q4,2024-12-31,2024-12-16,2024-12-31,0,2024,Q4,USD,USD,25843700000,18230000000.0,18230000000.0,82.2623,221608000.0,221608000.0,221608197.19361117,221608000.0,shares_diluted,2024-12-31,289.6199951171875,64182107877.92969,stockanalysis_fiscal_ai,2024-12-31,1.0,USD,25843700000.0,18230000000.0,18230000000.0,23.975332694464758,0.28403554515025137
MSTR,MicroStrategy,0001050446,Strategy Inc,Technology,ndxt_only,True,False,2025Q1,2025-03-31,2025-03-16,2025-03-31,0,2025,Q1,USD,USD,43919800000,33525700000.0,32221200000.0,125.632,256473000.0,256473000.0,256472873.15333673,256473000.0,shares_diluted,2025-03-31,288.2699890136719,73933468892.30347,stockanalysis_fiscal_ai,2025-03-31,1.0,USD,43919800000.0,33525700000.0,32221200000.0,24.505631080403255,0.45345768976207274
MSTR,MicroStrategy,0001050446,Strategy Inc,Technology,ndxt_only,True,False,2025Q2,2025-06-30,2025-06-15,2025-06-30,0,2025,Q2,USD,USD,64773400000,50371000000.0,47477000000.0,154.767,275244000.0,306764000.0,306764361.9117771,306764000.0,shares_diluted,2025-06-30,404.2300109863281,124003215090.20996,stockanalysis_fiscal_ai,2025-06-30,1.0,USD,64773400000.0,50371000000.0,47477000000.0,24.894160862201826,0.4062072097352965
MSTR,MicroStrategy,0001050446,Strategy Inc,Technology,ndxt_only,True,False,2025Q3,2025-09-30,2025-09-15,2025-09-30,0,2025,Q3,USD,USD,73619000000,58117000000.0,52330700000.0,165.922,284376000.0,315393000.0,315393377.6111667,315393000.0,shares_diluted,2025-09-30,322.2099914550781,101622775834.99146,stockanalysis_fiscal_ai,2025-09-30,1.0,USD,73619000000.0,58117000000.0,52330700000.0,25.022168981539615,0.5718895151453711
MSTR,MicroStrategy,0001050446,Strategy Inc,Technology,ndxt_only,True,False,2025Q4,2025-12-31,2025-12-16,2025-12-31,0,2025,Q4,USD,USD,61641100000,51043000000.0,44123500000.0,150.081,293998000.0,293998000.0,293997907.7964566,293998000.0,shares_diluted,2025-12-31,151.9499969482422,44672995202.78931,stockanalysis_fiscal_ai,2025-12-31,1.0,USD,61641100000.0,51043000000.0,44123500000.0,24.84459469279393,1.142591844766499
MSTR,MicroStrategy,0001050446,Strategy Inc,Technology,ndxt_only,True,False,2026Q1,2026-03-31,2026-03-16,2026-03-31,0,2026,Q1,USD,USD,54268800000,45636300000.0,36651400000.0,109.763,333913000.0,333913000.0,333913978.29869807,333913000.0,shares_diluted,2026-03-31,124.8000030517578,41672343419.0216,stockanalysis_fiscal_ai,2026-03-31,1.0,USD,54268800000.0,45636300000.0,36651400000.0,24.717215313113357,1.0951219983268095
MU,Micron Technology,0000723125,MICRON TECHNOLOGY INC,Technology,ndxt_sox,True,True,2022Q1,2022-03-03,2022-02-16,2022-03-31,28,2022,Q2,USD,USD,63696000000,47845000000.0,47845000000.0,42.3407,1119000000.0,1130000000.0,1130000212.5614362,1130000000.0,shares_diluted,2022-03-03,89.18000030517578,100773400344.84863,stockanalysis_fiscal_ai,2022-03-03,1.0,USD,63696000000.0,47845000000.0,47845000000.0,24.877387603204372,0.4747780648094977
MU,Micron Technology,0000723125,MICRON TECHNOLOGY INC,Technology,ndxt_sox,True,True,2022Q2,2022-06-02,2022-05-18,2022-06-30,28,2022,Q3,USD,USD,65296000000,49281000000.0,49281000000.0,43.9616,1112000000.0,1121000000.0,1121001055.4665892,1121000000.0,shares_diluted,2022-06-02,75.37000274658203,84489773078.91846,stockanalysis_fiscal_ai,2022-06-02,1.0,USD,65296000000.0,49281000000.0,49281000000.0,24.90219661560986,0.5832776939046649
MU,Micron Technology,0000723125,MICRON TECHNOLOGY INC,Technology,ndxt_sox,True,True,2022Q3,2022-09-01,2022-08-17,2022-09-30,29,2022,Q4,USD,USD,66283000000,49907000000.0,49907000000.0,45.1239,1097000000.0,1106000000.0,1105999259.8157518,1106000000.0,shares_diluted,2022-09-01,57.310001373291016,63384861518.85986,stockanalysis_fiscal_ai,2022-09-01,1.0,USD,66283000000.0,49907000000.0,49907000000.0,24.917199291003087,0.7873646609632555
MU,Micron Technology,0000723125,MICRON TECHNOLOGY INC,Technology,ndxt_sox,True,True,2022Q4,2022-12-01,2022-11-16,2022-12-31,30,2023,Q1,USD,USD,67874000000,49306000000.0,49306000000.0,45.2349,1090000000.0,1090000000.0,1089999093.6201913,1090000000.0,shares_diluted,2022-12-01,55.4900016784668,60484101829.52881,stockanalysis_fiscal_ai,2022-12-01,1.0,USD,67874000000.0,49306000000.0,49306000000.0,24.94091888212697,0.8151894218247022
MU,Micron Technology,0000723125,MICRON TECHNOLOGY INC,Technology,ndxt_sox,True,True,2023Q1,2023-03-02,2023-02-15,2023-03-31,29,2023,Q2,USD,USD,66520000000,47257000000.0,47257000000.0,43.3153,1091000000.0,1091000000.0,1091000177.766286,1091000000.0,shares_diluted,2023-03-02,56.43000030517578,61565130332.94678,stockanalysis_fiscal_ai,2023-03-02,1.0,USD,66520000000.0,47257000000.0,47257000000.0,24.920768491271136,0.7675935995657311
MU,Micron Technology,0000723125,MICRON TECHNOLOGY INC,Technology,ndxt_sox,True,True,2023Q2,2023-06-01,2023-05-17,2023-06-30,29,2023,Q3,USD,USD,65680000000,45405000000.0,45405000000.0,41.5037,1094000000.0,1094000000.0,1093998848.295453,1094000000.0,shares_diluted,2023-06-01,69.08999633789062,75584455993.65234,stockanalysis_fiscal_ai,2023-06-01,1.0,USD,65680000000.0,45405000000.0,45405000000.0,24.908060302090583,0.6007187510063333
MU,Micron Technology,0000723125,MICRON TECHNOLOGY INC,Technology,ndxt_sox,True,True,2023Q3,2023-08-31,2023-08-16,2023-09-30,30,2023,Q4,USD,USD,64254000000,44120000000.0,44120000000.0,40.2922,1095000000.0,1095000000.0,1095001017.5666754,1095000000.0,shares_diluted,2023-08-31,69.94000244140625,76584302673.33984,stockanalysis_fiscal_ai,2023-08-31,1.0,USD,64254000000.0,44120000000.0,44120000000.0,24.886109815593205,0.5760971695229503
MU,Micron Technology,0000723125,MICRON TECHNOLOGY INC,Technology,ndxt_sox,True,True,2023Q4,2023-11-30,2023-11-15,2023-12-31,31,2024,Q1,USD,USD,63776000000,42885000000.0,42885000000.0,38.9864,1100000000.0,1100000000.0,1099998974.00119,1100000000.0,shares_diluted,2023-11-30,76.12000274658203,83732003021.24023,stockanalysis_fiscal_ai,2023-11-30,1.0,USD,63776000000.0,42885000000.0,42885000000.0,24.878642780976794,0.512169761293318
MU,Micron Technology,0000723125,MICRON TECHNOLOGY INC,Technology,ndxt_sox,True,True,2024Q1,2024-02-29,2024-02-14,2024-03-31,31,2024,Q2,USD,USD,65718000000,43870000000.0,43870000000.0,39.3806,1104000000.0,1114000000.0,1114000294.5612814,1114000000.0,shares_diluted,2024-02-29,90.61000061035156,100939540679.93164,stockanalysis_fiscal_ai,2024-02-29,1.0,USD,65718000000.0,43870000000.0,43870000000.0,24.908638697516075,0.43461660023901855
MU,Micron Technology,0000723125,MICRON TECHNOLOGY INC,Technology,ndxt_sox,True,True,2024Q2,2024-05-30,2024-05-15,2024-06-30,31,2024,Q3,USD,USD,66255000000,44225000000.0,44225000000.0,39.3811,1107000000.0,1123000000.0,1123000627.2044203,1123000000.0,shares_diluted,2024-05-30,126.29000091552734,141823671028.1372,stockanalysis_fiscal_ai,2024-05-30,1.0,USD,66255000000.0,44225000000.0,44225000000.0,24.91677677066301,0.31183087900203876
MU,Micron Technology,0000723125,MICRON TECHNOLOGY INC,Technology,ndxt_sox,True,True,2024Q3,2024-08-29,2024-08-14,2024-09-30,32,2024,Q4,USD,USD,69416000000,45131000000.0,45131000000.0,40.1164,1108000000.0,1125000000.0,1125001246.3730545,1125000000.0,shares_diluted,2024-08-29,95.56999969482422,107516249656.67725,stockanalysis_fiscal_ai,2024-08-29,1.0,USD,69416000000.0,45131000000.0,45131000000.0,24.9633832254376,0.41975980509098015
MU,Micron Technology,0000723125,MICRON TECHNOLOGY INC,Technology,ndxt_sox,True,True,2024Q4,2024-11-28,2024-11-13,2024-12-31,33,2025,Q1,USD,USD,71461000000,46797000000.0,46797000000.0,41.7086,1111000000.0,1122000000.0,1121998820.3871624,1122000000.0,shares_diluted,2024-11-27,98.1999969482422,110180396575.92775,stockanalysis_fiscal_ai,2024-11-28,1.0,USD,71461000000.0,46797000000.0,46797000000.0,24.992417683286472,0.4247307275550706
MU,Micron Technology,0000723125,MICRON TECHNOLOGY INC,Technology,ndxt_sox,True,True,2025Q1,2025-02-27,2025-02-12,2025-03-31,32,2025,Q2,USD,USD,73053000000,48633000000.0,48633000000.0,43.3063,1115000000.0,1123000000.0,1123000579.5923457,1123000000.0,shares_diluted,2025-02-27,91.81999969482422,103113859657.2876,stockanalysis_fiscal_ai,2025-02-27,1.0,USD,73053000000.0,48633000000.0,48633000000.0,25.01445104206167,0.471643677791115
MU,Micron Technology,0000723125,MICRON TECHNOLOGY INC,Technology,ndxt_sox,True,True,2025Q2,2025-05-29,2025-05-14,2025-06-30,32,2025,Q3,USD,USD,78397000000,50748000000.0,50748000000.0,45.1093,1118000000.0,1125000000.0,1125000831.3141637,1125000000.0,shares_diluted,2025-05-29,96.8000030517578,108900003433.22752,stockanalysis_fiscal_ai,2025-05-29,1.0,USD,78397000000.0,50748000000.0,50748000000.0,25.085051498264516,0.4660054949503867
MU,Micron Technology,0000723125,MICRON TECHNOLOGY INC,Technology,ndxt_sox,True,True,2025Q3,2025-08-28,2025-08-13,2025-09-30,33,2025,Q4,USD,USD,82798000000,54165000000.0,54165000000.0,47.8912,1120000000.0,1131000000.0,1131001102.4989977,1131000000.0,shares_diluted,2025-08-28,122.0,137982000000.0,stockanalysis_fiscal_ai,2025-08-28,1.0,USD,82798000000.0,54165000000.0,54165000000.0,25.139669743456526,0.3925512023307388
MU,Micron Technology,0000723125,MICRON TECHNOLOGY INC,Technology,ndxt_sox,True,True,2025Q4,2025-11-27,2025-11-12,2025-12-31,34,2026,Q1,USD,USD,85971000000,58806000000.0,58806000000.0,51.6749,1125000000.0,1138000000.0,1137999299.4664721,1138000000.0,shares_diluted,2025-11-26,230.2599945068359,262035873748.77927,stockanalysis_fiscal_ai,2025-11-27,1.0,USD,85971000000.0,58806000000.0,58806000000.0,25.177275867029753,0.22441965353331303
MU,Micron Technology,0000723125,MICRON TECHNOLOGY INC,Technology,ndxt_sox,True,True,2026Q1,2026-02-26,2026-02-11,2026-03-31,33,2026,Q2,USD,USD,101509000000,72459000000.0,72459000000.0,63.4492,1126000000.0,1142000000.0,1142000214.3447042,1142000000.0,shares_diluted,2026-02-26,415.55999755859375,474569517211.91406,stockanalysis_fiscal_ai,2026-02-26,1.0,USD,101509000000.0,72459000000.0,72459000000.0,25.343413301448045,0.15268363721651382
NVDA,Nvidia,0001045810,NVIDIA CORP,Technology,ndxt_sox,True,True,2022Q1,2022-01-30,2022-01-15,2022-03-31,60,2022,Q4,USD,USD,44187000000,26612000000.0,26612000000.0,1.04566,25040000000.0,25450000000.0,25449955052.31146,25450000000.0,shares_diluted,2022-01-28,22.84000015258789,581278003883.3618,stockanalysis_fiscal_ai,2022-01-30,1.0,USD,44187000000.0,26612000000.0,26612000000.0,24.511696465121926,0.045781880308926874
NVDA,Nvidia,0001045810,NVIDIA CORP,Technology,ndxt_sox,True,True,2022Q2,2022-05-01,2022-04-16,2022-06-30,60,2023,Q1,USD,USD,45212000000,26320000000.0,26320000000.0,1.03745,25060000000.0,25370000000.0,25369897344.450336,25370000000.0,shares_diluted,2022-04-29,18.54700088500977,470537412452.6978,stockanalysis_fiscal_ai,2022-05-01,1.0,USD,45212000000.0,26320000000.0,26320000000.0,24.534628375274895,0.05593604101065162
NVDA,Nvidia,0001045810,NVIDIA CORP,Technology,ndxt_sox,True,True,2022Q3,2022-07-31,2022-07-16,2022-09-30,61,2023,Q2,USD,USD,43476000000,23851000000.0,23851000000.0,0.947973,24950000000.0,25160000000.0,25159999282.679993,25160000000.0,shares_diluted,2022-07-29,18.163000106811523,456981082687.3779,stockanalysis_fiscal_ai,2022-07-31,1.0,USD,43476000000.0,23851000000.0,23851000000.0,24.495474898647352,0.052192532478016244
NVDA,Nvidia,0001045810,NVIDIA CORP,Technology,ndxt_sox,True,True,2022Q4,2022-10-30,2022-10-15,2022-12-31,62,2023,Q3,USD,USD,40488000000,21349000000.0,21349000000.0,0.854302,24830000000.0,24990000000.0,24989991829.587196,24990000000.0,shares_diluted,2022-10-28,13.833999633789062,345711650848.3887,stockanalysis_fiscal_ai,2022-10-30,1.0,USD,40488000000.0,21349000000.0,21349000000.0,24.424271470858187,0.06175377644232931
NVDA,Nvidia,0001045810,NVIDIA CORP,Technology,ndxt_sox,True,True,2023Q1,2023-01-29,2023-01-14,2023-03-31,61,2023,Q4,USD,USD,41182000000,22101000000.0,22101000000.0,0.892249,24640000000.0,24770000000.0,24769991336.49912,24770000000.0,shares_diluted,2023-01-27,20.364999771118164,504441044330.5969,stockanalysis_fiscal_ai,2023-01-29,1.0,USD,41182000000.0,22101000000.0,22101000000.0,24.441267104632367,0.043812850378439086
NVDA,Nvidia,0001045810,NVIDIA CORP,Technology,ndxt_sox,True,True,2023Q2,2023-04-30,2023-04-15,2023-06-30,61,2024,Q1,USD,USD,44460000000,24520000000.0,24520000000.0,0.984739,24700000000.0,24900000000.0,24899998882.95274,24900000000.0,shares_diluted,2023-04-28,27.749000549316406,690950113677.9785,stockanalysis_fiscal_ai,2023-04-30,1.0,USD,44460000000.0,24520000000.0,24520000000.0,24.51785574548246,0.03548736661968001
NVDA,Nvidia,0001045810,NVIDIA CORP,Technology,ndxt_sox,True,True,2023Q3,2023-07-30,2023-07-15,2023-09-30,62,2024,Q2,USD,USD,49555000000,27501000000.0,27501000000.0,1.1003,24729000000.0,24994000000.0,24994092520.221756,24994000000.0,shares_diluted,2023-07-28,46.75,1168469500000.0,stockanalysis_fiscal_ai,2023-07-30,1.0,USD,49555000000.0,27501000000.0,27501000000.0,24.62634900080508,0.023535915999519028
NVDA,Nvidia,0001045810,NVIDIA CORP,Technology,ndxt_sox,True,True,2023Q4,2023-10-29,2023-10-14,2023-12-31,63,2024,Q3,USD,USD,54148000000,33265000000.0,33265000000.0,1.3338,24680000000.0,24940000000.0,24940020992.65257,24940000000.0,shares_diluted,2023-10-27,40.5,1010070000000.0,stockanalysis_fiscal_ai,2023-10-29,1.0,USD,54148000000.0,33265000000.0,33265000000.0,24.71498687526995,0.03293336105418437
NVDA,Nvidia,0001045810,NVIDIA CORP,Technology,ndxt_sox,True,True,2024Q1,2024-01-28,2024-01-13,2024-03-31,63,2024,Q4,USD,USD,65728000000,42978000000.0,42978000000.0,1.72602,24660000000.0,24900000000.0,24900059095.49136,24900000000.0,shares_diluted,2024-01-26,61.03099822998047,1519671855926.5137,stockanalysis_fiscal_ai,2024-01-28,1.0,USD,65728000000.0,42978000000.0,42978000000.0,24.908790851252505,0.0282811054454892
NVDA,Nvidia,0001045810,NVIDIA CORP,Technology,ndxt_sox,True,True,2024Q2,2024-04-28,2024-04-13,2024-06-30,63,2025,Q1,USD,USD,77072000000,49142000000.0,49142000000.0,1.97437,24620000000.0,24890000000.0,24889964900.19601,24890000000.0,shares_diluted,2024-04-26,87.73500061035156,2183724165191.6504,stockanalysis_fiscal_ai,2024-04-28,1.0,USD,77072000000.0,49142000000.0,49142000000.0,25.068005886834275,0.02250375793029114
NVDA,Nvidia,0001045810,NVIDIA CORP,Technology,ndxt_sox,True,True,2024Q3,2024-07-28,2024-07-13,2024-09-30,64,2025,Q2,USD,USD,85227000000,58157000000.0,58157000000.0,2.34051,24578000000.0,24848000000.0,24848003212.97495,24848000000.0,shares_diluted,2024-07-26,113.05999755859376,2809314819335.938,stockanalysis_fiscal_ai,2024-07-28,1.0,USD,85227000000.0,58157000000.0,58157000000.0,25.168584121987486,0.02070148906050589
NVDA,Nvidia,0001045810,NVIDIA CORP,Technology,ndxt_sox,True,True,2024Q4,2024-10-27,2024-10-12,2024-12-31,65,2025,Q3,USD,USD,96013000000,65899000000.0,65899000000.0,2.66001,24533000000.0,24774000000.0,24773967015.161594,24774000000.0,shares_diluted,2024-10-25,141.5399932861328,3506511793670.6543,stockanalysis_fiscal_ai,2024-10-27,1.0,USD,96013000000.0,65899000000.0,65899000000.0,25.287749435912904,0.018793320506992
NVDA,Nvidia,0001045810,NVIDIA CORP,Technology,ndxt_sox,True,True,2025Q1,2025-01-26,2025-01-11,2025-03-31,64,2025,Q4,USD,USD,111601000000,79327000000.0,79327000000.0,3.21084,24489000000.0,24706000000.0,24705995938.757458,24706000000.0,shares_diluted,2025-01-24,142.6199951171875,3523569599365.2344,stockanalysis_fiscal_ai,2025-01-26,1.0,USD,111601000000.0,79327000000.0,79327000000.0,25.438195847426954,0.02251324906830012
NVDA,Nvidia,0001045810,NVIDIA CORP,Technology,ndxt_sox,True,True,2025Q2,2025-04-27,2025-04-12,2025-06-30,64,2026,Q1,USD,USD,125254000000,83843000000.0,83843000000.0,3.40673,24441000000.0,24611000000.0,24610990598.02215,24611000000.0,shares_diluted,2025-04-25,111.01000213623048,2732067162574.7686,stockanalysis_fiscal_ai,2025-04-27,1.0,USD,125254000000.0,83843000000.0,83843000000.0,25.55360951252918,0.030688484217563764
NVDA,Nvidia,0001045810,NVIDIA CORP,Technology,ndxt_sox,True,True,2025Q3,2025-07-27,2025-07-12,2025-09-30,65,2026,Q2,USD,USD,140740000000,100131000000.0,100131000000.0,4.08165,24366000000.0,24532000000.0,24531990739.03936,24532000000.0,shares_diluted,2025-07-25,173.5,4256302000000.0,stockanalysis_fiscal_ai,2025-07-27,1.0,USD,140740000000.0,100131000000.0,100131000000.0,25.670180053484813,0.023525351349598784
NVDA,Nvidia,0001045810,NVIDIA CORP,Technology,ndxt_sox,True,True,2025Q4,2025-10-26,2025-10-11,2025-12-31,66,2026,Q3,USD,USD,161148000000,118897000000.0,118897000000.0,4.85631,24327000000.0,24483000000.0,24482992230.726624,24483000000.0,shares_diluted,2025-10-24,186.2599945068359,4560203445510.863,stockanalysis_fiscal_ai,2025-10-26,1.0,USD,161148000000.0,118897000000.0,118897000000.0,25.80558903433345,0.02607274026711332
NVDA,Nvidia,0001045810,NVIDIA CORP,Technology,ndxt_sox,True,True,2026Q1,2026-01-25,2026-01-10,2026-03-31,65,2026,Q4,USD,USD,206803000000,157293000000.0,157293000000.0,6.43799,24304000000.0,24432000000.0,24432004398.888474,24432000000.0,shares_diluted,2026-01-23,187.6699981689453,4585153395263.672,stockanalysis_fiscal_ai,2026-01-25,1.0,USD,206803000000.0,157293000000.0,157293000000.0,26.05503248624529,0.03430485011962283
NXPI,NXP Semiconductors,0001413447,NXP Semiconductors N.V.,Technology,ndxt_sox,True,True,2022Q1,2022-04-03,2022-03-19,2022-03-31,3,2022,Q1,USD,USD,21321000000,6760000000.0,6509000000.0,24.5522,263089000.0,265109000.0,265108625.70360294,265109000.0,shares_diluted,2022-04-01,182.02000427246097,48255141312.667854,stockanalysis_fiscal_ai,2022-04-03,1.0,USD,21321000000.0,6760000000.0,6509000000.0,23.782958339459277,0.14008869969313253
NXPI,NXP Semiconductors,0001413447,NXP Semiconductors N.V.,Technology,ndxt_sox,True,True,2022Q2,2022-07-03,2022-06-18,2022-06-30,3,2022,Q2,USD,USD,22539000000,7226000000.0,6962000000.0,26.3023,262579000.0,264692000.0,264691680.95565787,264692000.0,shares_diluted,2022-07-01,146.08999633789062,38668853310.668945,stockanalysis_fiscal_ai,2022-07-03,1.0,USD,22539000000.0,7226000000.0,6962000000.0,23.838512979001543,0.18686874270477288
NXPI,NXP Semiconductors,0001413447,NXP Semiconductors N.V.,Technology,ndxt_sox,True,True,2022Q3,2022-10-02,2022-09-17,2022-09-30,2,2022,Q3,USD,USD,22940000000,7385000000.0,7106000000.0,26.845,262180000.0,264705000.0,264704786.73868504,264705000.0,shares_diluted,2022-09-30,147.50999450683594,39046633095.93201,stockanalysis_fiscal_ai,2022-10-02,1.0,USD,22940000000.0,7385000000.0,7106000000.0,23.856147948647635,0.18913282438094237
NXPI,NXP Semiconductors,0001413447,NXP Semiconductors N.V.,Technology,ndxt_sox,True,True,2022Q4,2022-12-31,2022-12-16,2022-12-31,0,2022,Q4,USD,USD,26474000000,10653000000.0,10358000000.0,39.6178,259618000.0,261448000.0,261448136.9485433,261448000.0,shares_diluted,2022-12-30,158.02999877929688,41316627120.84961,stockanalysis_fiscal_ai,2022-12-31,1.0,USD,26474000000.0,10653000000.0,10358000000.0,23.999428956237992,0.25783808462487434
NXPI,NXP Semiconductors,0001413447,NXP Semiconductors N.V.,Technology,ndxt_sox,True,True,2023Q1,2023-04-02,2023-03-18,2023-03-31,2,2023,Q1,USD,USD,23732000000,8248000000.0,7949000000.0,30.4315,259576000.0,261210000.0,261209601.89277557,261210000.0,shares_diluted,2023-03-31,186.47999572753903,48710439683.99047,stockanalysis_fiscal_ai,2023-04-02,1.0,USD,23732000000.0,8248000000.0,7949000000.0,23.890090185342807,0.16932715149994526
NXPI,NXP Semiconductors,0001413447,NXP Semiconductors N.V.,Technology,ndxt_sox,True,True,2023Q2,2023-07-02,2023-06-17,2023-06-30,2,2023,Q2,USD,USD,23795000000,8477000000.0,8172000000.0,31.274,259160000.0,261303000.0,261303319.05096886,261303000.0,shares_diluted,2023-06-30,204.67999267578125,53483496126.15967,stockanalysis_fiscal_ai,2023-07-02,1.0,USD,23795000000.0,8477000000.0,8172000000.0,23.892741311519487,0.15849749201144236
NXPI,NXP Semiconductors,0001413447,NXP Semiconductors N.V.,Technology,ndxt_sox,True,True,2023Q3,2023-10-01,2023-09-16,2023-09-30,1,2023,Q3,USD,USD,23996000000,8798000000.0,8488000000.0,32.5092,257488000.0,261095000.0,261095320.70921463,261095000.0,shares_diluted,2023-09-29,199.9199981689453,52198111921.92078,stockanalysis_fiscal_ai,2023-10-01,1.0,USD,23996000000.0,8798000000.0,8488000000.0,23.90115298673726,0.16855015777506024
NXPI,NXP Semiconductors,0001413447,NXP Semiconductors N.V.,Technology,ndxt_sox,True,True,2023Q4,2023-12-31,2023-12-16,2023-12-31,0,2023,Q4,USD,USD,28071000000,12405000000.0,12085000000.0,46.4276,257285000.0,260298000.0,260297753.92223594,260298000.0,shares_diluted,2023-12-29,229.67999267578125,59785242733.52051,stockanalysis_fiscal_ai,2023-12-31,1.0,USD,28071000000.0,12405000000.0,12085000000.0,24.058002851908295,0.20749267599853266
NXPI,NXP Semiconductors,0001413447,NXP Semiconductors N.V.,Technology,ndxt_sox,True,True,2024Q1,2024-03-31,2024-03-16,2024-03-31,0,2024,Q1,USD,USD,23320000000,9150000000.0,8829000000.0,34.0949,256567000.0,258954000.0,258953685.1552578,258954000.0,shares_diluted,2024-03-28,247.77000427246097,64161033686.37086,stockanalysis_fiscal_ai,2024-03-31,1.0,USD,23320000000.0,9150000000.0,8829000000.0,23.872577198428704,0.14260992185267193
NXPI,NXP Semiconductors,0001413447,NXP Semiconductors N.V.,Technology,ndxt_sox,True,True,2024Q2,2024-06-30,2024-06-15,2024-06-30,0,2024,Q2,USD,USD,23196000000,9345000000.0,9018000000.0,34.8546,255478000.0,258732000.0,258731989.46480525,258732000.0,shares_diluted,2024-06-28,269.0899963378906,69622192932.49512,stockanalysis_fiscal_ai,2024-06-30,1.0,USD,23196000000.0,9345000000.0,9018000000.0,23.867245686960604,0.13422444204049713
NXPI,NXP Semiconductors,0001413447,NXP Semiconductors N.V.,Technology,ndxt_sox,True,True,2024Q3,2024-09-29,2024-09-14,2024-09-30,1,2024,Q3,USD,USD,23669000000,9744000000.0,9406000000.0,36.4974,254458000.0,257717000.0,257716988.05942342,257717000.0,shares_diluted,2024-09-27,244.92999267578125,63122622922.42432,stockanalysis_fiscal_ai,2024-09-29,1.0,USD,23669000000.0,9744000000.0,9406000000.0,23.887432012009086,0.15436620895768327
NXPI,NXP Semiconductors,0001413447,NXP Semiconductors N.V.,Technology,ndxt_sox,True,True,2024Q4,2024-12-31,2024-12-16,2024-12-31,0,2024,Q4,USD,USD,28458000000,13330000000.0,12978000000.0,50.5713,254349000.0,256628000.0,256627771.08755362,256628000.0,shares_diluted,2024-12-31,207.8500061035156,53340131366.333,stockanalysis_fiscal_ai,2024-12-31,1.0,USD,28458000000.0,13330000000.0,12978000000.0,24.07169515306991,0.2499056462469377
NXPI,NXP Semiconductors,0001413447,NXP Semiconductors N.V.,Technology,ndxt_sox,True,True,2025Q1,2025-03-30,2025-03-15,2025-03-31,1,2025,Q1,USD,USD,25180000000,9677000000.0,9322000000.0,36.5543,253709000.0,255018000.0,255017877.51372617,255018000.0,shares_diluted,2025-03-28,189.9900054931641,48450871220.85572,stockanalysis_fiscal_ai,2025-03-30,1.0,USD,25180000000.0,9677000000.0,9322000000.0,23.949315865562614,0.1997280906650555
NXPI,NXP Semiconductors,0001413447,NXP Semiconductors N.V.,Technology,ndxt_sox,True,True,2025Q2,2025-06-29,2025-06-14,2025-06-30,1,2025,Q2,USD,USD,25250000000,9936000000.0,9569000000.0,37.6964,252418000.0,253844000.0,253843868.38000447,253844000.0,shares_diluted,2025-06-27,217.0399932861328,55094300055.7251,stockanalysis_fiscal_ai,2025-06-29,1.0,USD,25250000000.0,9936000000.0,9569000000.0,23.95209199266778,0.18034533499745417
NXPI,NXP Semiconductors,0001413447,NXP Semiconductors N.V.,Technology,ndxt_sox,True,True,2025Q3,2025-09-28,2025-09-13,2025-09-30,2,2025,Q3,USD,USD,26354000000,10427000000.0,10045000000.0,39.499,252170000.0,254310000.0,254310235.70216966,254310000.0,shares_diluted,2025-09-26,226.0399932861328,57484230692.596436,stockanalysis_fiscal_ai,2025-09-28,1.0,USD,26354000000.0,10427000000.0,10045000000.0,23.99488590306947,0.18138887612081975
NXPI,NXP Semiconductors,0001413447,NXP Semiconductors N.V.,Technology,ndxt_sox,True,True,2025Q4,2025-12-31,2025-12-16,2025-12-31,0,2025,Q4,USD,USD,30898000000,14546000000.0,14147000000.0,55.6798,252544000.0,254078000.0,254077780.4517976,254078000.0,shares_diluted,2025-12-31,217.05999755859375,55150170059.69238,stockanalysis_fiscal_ai,2025-12-31,1.0,USD,30898000000.0,14546000000.0,14147000000.0,24.153957293836267,0.26375258651525424
NXPI,NXP Semiconductors,0001413447,NXP Semiconductors N.V.,Technology,ndxt_sox,True,True,2026Q1,2026-03-29,2026-03-14,2026-03-31,2,2026,Q1,USD,USD,27113000000,11274000000.0,10927000000.0,43.1003,252715000.0,253525000.0,253524917.45997128,253525000.0,shares_diluted,2026-03-27,191.66000366210935,48590602428.43627,stockanalysis_fiscal_ai,2026-03-29,1.0,USD,27113000000.0,11274000000.0,10927000000.0,24.02327915460755,0.23202017337826236
PANW,Palo Alto Networks,0001327567,Palo Alto Networks Inc,Technology,ndxt_only,True,False,2022Q1,2022-01-31,2022-01-16,2022-03-31,59,2022,Q2,USD,USD,10400500000,117800000.0,117800000.0,0.2,589000000.0,589000000.0,589000000.0,589000000.0,shares_diluted,2022-01-31,86.23332977294922,50791431236.26709,stockanalysis_fiscal_ai,2022-01-31,1.0,USD,10400500000.0,117800000.0,117800000.0,23.06511971886116,0.002319288847207876
PANW,Palo Alto Networks,0001327567,Palo Alto Networks Inc,Technology,ndxt_only,True,False,2022Q2,2022-04-30,2022-04-15,2022-06-30,61,2022,Q3,USD,USD,11100000000,337600000.0,337600000.0,0.568925,593400000.0,593400000.0,593399833.0184119,593400000.0,shares_diluted,2022-04-29,93.54666900634766,55510593388.3667,stockanalysis_fiscal_ai,2022-04-30,1.0,USD,11100000000.0,337600000.0,337600000.0,23.1302109452647,0.006081722053267593
PANW,Palo Alto Networks,0001327567,Palo Alto Networks Inc,Technology,ndxt_only,True,False,2022Q3,2022-07-31,2022-07-16,2022-09-30,61,2022,Q4,USD,USD,12253600000,210000000.0,210000000.0,0.312314,597000000.0,672400000.0,672400212.6065434,672400000.0,shares_diluted,2022-07-29,83.18333435058594,55932474017.333984,stockanalysis_fiscal_ai,2022-07-31,1.0,USD,12253600000.0,210000000.0,210000000.0,23.22908560831462,0.0037545272882962247
PANW,Palo Alto Networks,0001327567,Palo Alto Networks Inc,Technology,ndxt_only,True,False,2022Q4,2022-10-31,2022-10-16,2022-12-31,61,2023,Q1,USD,USD,12543800000,508000000.0,508000000.0,0.768765,599600000.0,660800000.0,660800114.4693111,660800000.0,shares_diluted,2022-10-31,85.79499816894531,56693334790.03906,stockanalysis_fiscal_ai,2022-10-31,1.0,USD,12543800000.0,508000000.0,508000000.0,23.25249235654981,0.008960488951326513
PANW,Palo Alto Networks,0001327567,Palo Alto Networks Inc,Technology,ndxt_only,True,False,2023Q1,2023-01-31,2023-01-16,2023-03-31,59,2023,Q2,USD,USD,13163400000,729000000.0,729000000.0,1.09922,604600000.0,663200000.0,663197540.0738705,663200000.0,shares_diluted,2023-01-31,79.31999969482422,52605023797.60742,stockanalysis_fiscal_ai,2023-01-31,1.0,USD,13163400000.0,729000000.0,729000000.0,23.300706088137343,0.013857992020016087
PANW,Palo Alto Networks,0001327567,Palo Alto Networks Inc,Technology,ndxt_only,True,False,2023Q2,2023-04-30,2023-04-15,2023-06-30,61,2023,Q3,USD,USD,14170500000,1232400000.0,1232400000.0,1.78764,607800000.0,689400000.0,689400550.4463986,689400000.0,shares_diluted,2023-04-28,91.2300033569336,62893964314.27002,stockanalysis_fiscal_ai,2023-04-30,1.0,USD,14170500000.0,1232400000.0,1232400000.0,23.374428175841572,0.019594885032877162
PANW,Palo Alto Networks,0001327567,Palo Alto Networks Inc,Technology,ndxt_only,True,False,2023Q3,2023-07-31,2023-07-16,2023-09-30,61,2023,Q4,USD,USD,14501100000,1748400000.0,1748400000.0,2.46601,613800000.0,709000000.0,708999557.9904381,709000000.0,shares_diluted,2023-07-31,124.9800033569336,88610822380.06592,stockanalysis_fiscal_ai,2023-07-31,1.0,USD,14501100000.0,1748400000.0,1748400000.0,23.397490345564524,0.019731224166962748
PANW,Palo Alto Networks,0001327567,Palo Alto Networks Inc,Technology,ndxt_only,True,False,2023Q4,2023-10-31,2023-10-16,2023-12-31,61,2024,Q1,USD,USD,14808500000,2170500000.0,2170500000.0,3.11138,620200000.0,697600000.0,697600421.6778407,697600000.0,shares_diluted,2023-10-31,121.51000213623048,84765377490.23439,stockanalysis_fiscal_ai,2023-10-31,1.0,USD,14808500000.0,2170500000.0,2170500000.0,23.41846717717971,0.025605973385183802
PANW,Palo Alto Networks,0001327567,Palo Alto Networks Inc,Technology,ndxt_only,True,False,2024Q1,2024-01-31,2024-01-16,2024-03-31,60,2024,Q2,USD,USD,18292000000,4357200000.0,4357200000.0,6.09399,639300000.0,715000000.0,714999532.3261114,715000000.0,shares_diluted,2024-01-31,169.2550048828125,121017328491.21094,stockanalysis_fiscal_ai,2024-01-31,1.0,USD,18292000000.0,4357200000.0,4357200000.0,23.62972964274222,0.036004761089371166
PANW,Palo Alto Networks,0001327567,Palo Alto Networks Inc,Technology,ndxt_only,True,False,2024Q2,2024-04-30,2024-04-15,2024-06-30,61,2024,Q3,USD,USD,17930800000,4467800000.0,4467800000.0,6.29889,645800000.0,709300000.0,709299575.0044849,709300000.0,shares_diluted,2024-04-30,145.44500732421875,103164143695.06836,stockanalysis_fiscal_ai,2024-04-30,1.0,USD,17930800000.0,4467800000.0,4467800000.0,23.609785741526828,0.043307682688724515
PANW,Palo Alto Networks,0001327567,Palo Alto Networks Inc,Technology,ndxt_only,True,False,2024Q3,2024-07-31,2024-07-16,2024-09-30,61,2024,Q4,USD,USD,19990900000,5169700000.0,5169700000.0,7.3039,648800000.0,707800000.0,707799942.4964745,707800000.0,shares_diluted,2024-07-31,162.36500549316406,114921950888.06152,stockanalysis_fiscal_ai,2024-07-31,1.0,USD,19990900000.0,5169700000.0,5169700000.0,23.71854300695649,0.04498444344227579
PANW,Palo Alto Networks,0001327567,Palo Alto Networks Inc,Technology,ndxt_only,True,False,2024Q4,2024-10-31,2024-10-16,2024-12-31,61,2025,Q1,USD,USD,20374600000,5911800000.0,5911800000.0,8.33822,654000000.0,709000000.0,709000242.2579399,709000000.0,shares_diluted,2024-10-31,180.1649932861328,127736980239.86816,stockanalysis_fiscal_ai,2024-10-31,1.0,USD,20374600000.0,5911800000.0,5911800000.0,23.73755486397879,0.046281037714361595
PANW,Palo Alto Networks,0001327567,Palo Alto Networks Inc,Technology,ndxt_only,True,False,2025Q1,2025-01-31,2025-01-16,2025-03-31,59,2025,Q2,USD,USD,20951700000,6375300000.0,6375300000.0,8.99196,659000000.0,709000000.0,709000040.0357653,709000000.0,shares_diluted,2025-01-31,184.4199981689453,130753778701.78223,stockanalysis_fiscal_ai,2025-01-31,1.0,USD,20951700000.0,6375300000.0,6375300000.0,23.76548562560716,0.04875805550935946
PANW,Palo Alto Networks,0001327567,Palo Alto Networks Inc,Technology,ndxt_only,True,False,2025Q2,2025-04-30,2025-04-15,2025-06-30,61,2025,Q3,USD,USD,22002800000,7230500000.0,7230500000.0,10.227,665000000.0,707000000.0,707001075.5842378,707000000.0,shares_diluted,2025-04-30,186.92999267578125,132159504821.77734,stockanalysis_fiscal_ai,2025-04-30,1.0,USD,22002800000.0,7230500000.0,7230500000.0,23.814435554933514,0.05471040474728347
PANW,Palo Alto Networks,0001327567,Palo Alto Networks Inc,Technology,ndxt_only,True,False,2025Q3,2025-07-31,2025-07-16,2025-09-30,61,2025,Q4,USD,USD,23576000000,7824000000.0,7824000000.0,11.0353,669400000.0,709000000.0,708997489.8734063,709000000.0,shares_diluted,2025-07-31,173.60000610351562,123082404327.39258,stockanalysis_fiscal_ai,2025-07-31,1.0,USD,23576000000.0,7824000000.0,7824000000.0,23.883495082381806,0.06356716902595257
PANW,Palo Alto Networks,0001327567,Palo Alto Networks Inc,Technology,ndxt_only,True,False,2025Q4,2025-10-31,2025-10-16,2025-12-31,61,2026,Q1,USD,USD,23536000000,8665000000.0,8665000000.0,12.2214,679000000.0,709000000.0,709002241.9690052,709000000.0,shares_diluted,2025-10-31,220.2400054931641,156150163894.65335,stockanalysis_fiscal_ai,2025-10-31,1.0,USD,23536000000.0,8665000000.0,8665000000.0,23.88179700080549,0.05549145632562921
PANW,Palo Alto Networks,0001327567,Palo Alto Networks Inc,Technology,ndxt_only,True,False,2026Q1,2026-01-31,2026-01-16,2026-03-31,59,2026,Q2,USD,USD,24979000000,9393000000.0,9393000000.0,13.211,704000000.0,711000000.0,710998410.4155627,711000000.0,shares_diluted,2026-01-30,176.97000122070312,125825670867.91992,stockanalysis_fiscal_ai,2026-01-31,1.0,USD,24979000000.0,9393000000.0,9393000000.0,23.941301308816918,0.07465090339045279
PDD,PDD Holdings,0001737806,PDD Holdings Inc.,Technology,ndxt_only,True,False,2022Q1,2022-03-31,2022-03-16,2022-03-31,0,2022,Q1,CNY,USD,168719000000,76653000000.0,76653000000.0,53.9042,1259180000.0,1422020000.0,1422022773.7356272,1422020000.0,shares_diluted,2022-03-31,40.11000061035156,57037223067.93213,stockanalysis_fiscal_ai,2022-03-31,0.15775607526302338,CNYUSD=X,26616447262.30204,12092476437.136532,12092476437.136532,24.004795179785827,0.21201025903267107
PDD,PDD Holdings,0001737806,PDD Holdings Inc.,Technology,ndxt_only,True,False,2022Q2,2022-06-30,2022-06-15,2022-06-30,0,2022,Q2,CNY,USD,191999000000,90909200000.0,90909200000.0,63.6068,1260600000.0,1429240000.0,1429237125.5903456,1429240000.0,shares_diluted,2022-06-30,61.79999923706055,88327030909.57642,stockanalysis_fiscal_ai,2022-06-30,0.14929383993148804,CNYUSD=X,28664267973.00577,13572183553.099632,13572183553.099632,24.078917165670568,0.153658324222332
PDD,PDD Holdings,0001737806,PDD Holdings Inc.,Technology,ndxt_only,True,False,2022Q3,2022-09-30,2022-09-15,2022-09-30,0,2022,Q3,CNY,USD,209108000000,107130000000.0,107130000000.0,74.1875,1262810000.0,1444040000.0,1444043807.919124,1444040000.0,shares_diluted,2022-09-30,62.58000183105469,90368025844.11621,stockanalysis_fiscal_ai,2022-09-29,0.14037254452705383,CNYUSD=X,29353022040.963173,15038110695.183277,15038110695.183277,24.102661343540472,0.1664096405195776
PDD,PDD Holdings,0001737806,PDD Holdings Inc.,Technology,ndxt_only,True,False,2022Q4,2022-12-31,2022-12-16,2022-12-31,0,2022,Q4,CNY,USD,237120000000,117771000000.0,117771000000.0,81.0925,1274780000.0,1452300000.0,1452304467.1208804,1452300000.0,shares_diluted,2022-12-30,81.55000305175781,118435069432.06787,stockanalysis_fiscal_ai,2022-12-30,0.14361420273780823,CNYUSD=X,34053799753.189087,16913588270.634413,16913588270.634413,24.251207456654747,0.1428089530553763
PDD,PDD Holdings,0001737806,PDD Holdings Inc.,Technology,ndxt_only,True,False,2023Q1,2023-03-31,2023-03-16,2023-03-31,0,2023,Q1,CNY,USD,240066000000,126510000000.0,126510000000.0,86.4971,1320680000.0,1462590000.0,1462592387.4904475,1462590000.0,shares_diluted,2023-03-31,75.9000015258789,111010583231.73523,stockanalysis_fiscal_ai,2023-03-30,0.14555193483829498,CNYUSD=X,34942070788.89012,18413775276.3927,18413775276.3927,24.27695740689353,0.16587405218792373
PDD,PDD Holdings,0001737806,PDD Holdings Inc.,Technology,ndxt_only,True,False,2023Q2,2023-06-30,2023-06-15,2023-06-30,0,2023,Q2,CNY,USD,274285000000,145344000000.0,145344000000.0,99.6643,1359600000.0,1458340000.0,1458335632.7190378,1458340000.0,shares_diluted,2023-06-30,69.13999938964844,100829626709.8999,stockanalysis_fiscal_ai,2023-06-29,0.13789679110050201,CNYUSD=X,37823021347.0012,20042471205.711365,20042471205.711365,24.356183784532185,0.198775616450274
PDD,PDD Holdings,0001737806,PDD Holdings Inc.,Technology,ndxt_only,True,False,2023Q3,2023-09-30,2023-09-15,2023-09-30,0,2023,Q3,CNY,USD,314251000000,162050000000.0,162050000000.0,110.518,1365640000.0,1466280000.0,1466276986.5542264,1466280000.0,shares_diluted,2023-09-29,98.06999969482422,143798079152.52686,stockanalysis_fiscal_ai,2023-09-28,0.13698817789554596,CNYUSD=X,43048671891.85321,22198934227.97322,22198934227.97322,24.485597216980814,0.1543757354674173
PDD,PDD Holdings,0001737806,PDD Holdings Inc.,Technology,ndxt_only,True,False,2023Q4,2023-12-31,2023-12-16,2023-12-31,0,2023,Q4,CNY,USD,348078000000,187242000000.0,187242000000.0,127.311,1369530000.0,1470750000.0,1470744868.8644342,1470750000.0,shares_diluted,2023-12-29,146.30999755859375,215185428909.30176,stockanalysis_fiscal_ai,2023-12-29,0.14070634543895721,CNYUSD=X,48976783307.70135,26346137532.68123,26346137532.68123,24.614612212726676,0.12243457963775897
PDD,PDD Holdings,0001737806,PDD Holdings Inc.,Technology,ndxt_only,True,False,2024Q1,2024-03-31,2024-03-16,2024-03-31,0,2024,Q1,CNY,USD,377826000000,218706000000.0,218706000000.0,148.099,1377420000.0,1476760000.0,1476755413.6084647,1476760000.0,shares_diluted,2024-03-28,116.25,171673350000.0,stockanalysis_fiscal_ai,2024-03-31,0.13849839568138123,CNYUSD=X,52328294846.71355,30290430125.892162,30290430125.892162,24.68080307217731,0.17644223827339633
PDD,PDD Holdings,0001737806,PDD Holdings Inc.,Technology,ndxt_only,True,False,2024Q2,2024-06-30,2024-06-15,2024-06-30,0,2024,Q2,CNY,USD,432744000000,253978000000.0,253978000000.0,171.443,1383450000.0,1481410000.0,1481413647.684653,1481410000.0,shares_diluted,2024-06-28,132.9499969482422,196953454979.09546,stockanalysis_fiscal_ai,2024-06-30,0.13763108849525452,CNYUSD=X,59559027759.79042,34955268593.84775,34955268593.84775,24.81023372091828,0.17747984465445343
PDD,PDD Holdings,0001737806,PDD Holdings Inc.,Technology,ndxt_only,True,False,2024Q3,2024-09-30,2024-09-15,2024-09-30,0,2024,Q3,CNY,USD,466794000000,278505000000.0,278505000000.0,188.504,1385910000.0,1477450000.0,1477448754.4030898,1477450000.0,shares_diluted,2024-09-30,134.80999755859375,199175030892.94434,stockanalysis_fiscal_ai,2024-09-30,0.1425008922815323,CNYUSD=X,66518561511.66558,39687211004.86815,39687211004.86815,24.92074686613752,0.19925796334481224
PDD,PDD Holdings,0001737806,PDD Holdings Inc.,Technology,ndxt_only,True,False,2024Q4,2024-12-31,2024-12-16,2024-12-31,0,2024,Q4,CNY,USD,505034000000,313313000000.0,313313000000.0,211.509,1389190000.0,1481320000.0,1481322307.797777,1481320000.0,shares_diluted,2024-12-31,96.98999786376952,143673223635.55905,stockanalysis_fiscal_ai,2024-12-31,0.1370219588279724,CNYUSD=X,69200747954.72623,42930760986.268524,42930760986.268524,24.960277508105932,0.2988083645646215
PDD,PDD Holdings,0001737806,PDD Holdings Inc.,Technology,ndxt_only,True,False,2025Q1,2025-03-31,2025-03-16,2025-03-31,0,2025,Q1,CNY,USD,530513000000,329701000000.0,329701000000.0,222.321,1392000000.0,1483000000.0,1482995308.5853338,1483000000.0,shares_diluted,2025-03-31,118.3499984741211,175513047737.12158,stockanalysis_fiscal_ai,2025-03-31,0.13780368864536285,CNYUSD=X,73106648274.31738,45434013950.06478,45434013950.06478,25.015185147231737,0.2588640248451189
PDD,PDD Holdings,0001737806,PDD Holdings Inc.,Technology,ndxt_only,True,False,2025Q2,2025-06-30,2025-06-15,2025-06-30,0,2025,Q2,CNY,USD,567156000000,361864000000.0,361864000000.0,244.181,1396950000.0,1481950000.0,1481949865.059116,1481950000.0,shares_diluted,2025-06-30,104.66000366210938,155100892427.063,stockanalysis_fiscal_ai,2025-06-30,0.13959461450576782,CNYUSD=X,79171923184.63326,50514265583.51517,50514265583.51517,25.094887567670423,0.3256864921474889
PDD,PDD Holdings,0001737806,PDD Holdings Inc.,Technology,ndxt_only,True,False,2025Q3,2025-09-30,2025-09-15,2025-09-30,0,2025,Q3,CNY,USD,613724000000,391403000000.0,391403000000.0,262.96,1399310000.0,1488450000.0,1488450714.9376333,1488450000.0,shares_diluted,2025-09-30,132.1699981689453,196728433774.56665,stockanalysis_fiscal_ai,2025-09-30,0.14046916365623474,CNYUSD=X,86209296995.759,54980052062.541245,54980052062.541245,25.180043862579364,0.27947181303513813
PDD,PDD Holdings,0001737806,PDD Holdings Inc.,Technology,ndxt_only,True,False,2025Q4,2025-12-31,2025-12-16,2025-12-31,0,2025,Q4,CNY,USD,630044000000,413385000000.0,413385000000.0,278.056,1402590000.0,1486700000.0,1486696924.3605607,1486700000.0,shares_diluted,2025-12-31,113.38999938964844,168576912092.59033,stockanalysis_fiscal_ai,2025-12-31,0.14293678104877472,CNYUSD=X,90056461279.09422,59087921233.84774,59087921233.84774,25.223702658121958,0.35051016476914637
PDD,PDD Holdings,0001737806,PDD Holdings Inc.,Technology,ndxt_only,True,False,2026Q1,2026-03-31,2026-03-16,2026-03-31,0,2026,Q1,CNY,USD,637704000000,423427000000.0,423427000000.0,286.099,1404000000.0,1480000000.0,1480001677.740922,1480000000.0,shares_diluted,2026-03-31,102.18000030517578,151226400451.66016,stockanalysis_fiscal_ai,2026-02-02,0.14386418461799622,CNYUSD=X,91742765987.63466,60915980100.244286,60915980100.244286,25.242254475951253,0.4028131326164588
PLTR,Palantir Technologies,0001321655,Palantir Technologies Inc.,Technology,ndxt_only,True,False,2022Q1,2022-03-31,2022-03-16,2022-03-31,0,2022,Q1,USD,USD,3319180000,2364750000.0,2364750000.0,1.16129,2036310000.0,2036310000.0,2036313065.6425183,2036310000.0,shares_diluted,2022-03-31,13.729999542236328,27958535367.851257,stockanalysis_fiscal_ai,2022-03-31,1.0,USD,3319180000.0,2364750000.0,2364750000.0,21.922983601416455,0.08458061085414224
PLTR,Palantir Technologies,0001321655,Palantir Technologies Inc.,Technology,ndxt_only,True,False,2022Q2,2022-06-30,2022-06-15,2022-06-30,0,2022,Q2,USD,USD,3282340000,2348820000.0,2348820000.0,1.14309,2054800000.0,2054800000.0,2054798834.7374225,2054800000.0,shares_diluted,2022-06-30,9.06999969482422,18637035372.92481,stockanalysis_fiscal_ai,2022-06-30,1.0,USD,3282340000.0,2348820000.0,2348820000.0,21.91182241961736,0.12602970123736945
PLTR,Palantir Technologies,0001321655,Palantir Technologies Inc.,Technology,ndxt_only,True,False,2022Q3,2022-09-30,2022-09-15,2022-09-30,0,2022,Q3,USD,USD,3318840000,2386620000.0,2386620000.0,1.15114,2073270000.0,2073270000.0,2073266501.0337577,2073270000.0,shares_diluted,2022-09-30,8.130000114440918,16855685337.266922,stockanalysis_fiscal_ai,2022-09-30,1.0,USD,3318840000.0,2386620000.0,2386620000.0,21.922881161230887,0.14159139496531326
PLTR,Palantir Technologies,0001321655,Palantir Technologies Inc.,Technology,ndxt_only,True,False,2022Q4,2022-12-31,2022-12-16,2022-12-31,0,2022,Q4,USD,USD,3461240000,2642440000.0,2565330000.0,1.16408,2090110000.0,2203730000.0,2203740292.763384,2203730000.0,shares_diluted,2022-12-30,6.420000076293945,14147946768.131256,stockanalysis_fiscal_ai,2022-12-31,1.0,USD,3461240000.0,2642440000.0,2565330000.0,21.964892743315623,0.18677197782169977
PLTR,Palantir Technologies,0001321655,Palantir Technologies Inc.,Technology,ndxt_only,True,False,2023Q1,2023-03-31,2023-03-16,2023-03-31,0,2023,Q1,USD,USD,3683140000,2803190000.0,2723730000.0,1.22832,2107780000.0,2217440000.0,2217443337.24111,2217440000.0,shares_diluted,2023-03-31,8.449999809265137,18737367577.056885,stockanalysis_fiscal_ai,2023-03-31,1.0,USD,3683140000.0,2803190000.0,2723730000.0,22.0270314861767,0.14960425942822342
PLTR,Palantir Technologies,0001321655,Palantir Technologies Inc.,Technology,ndxt_only,True,False,2023Q2,2023-06-30,2023-06-15,2023-06-30,0,2023,Q2,USD,USD,3980260000,3035140000.0,2955470000.0,1.29731,2131220000.0,2278160000.0,2278152484.7569203,2278160000.0,shares_diluted,2023-06-30,15.329999923706056,34924192626.19019,stockanalysis_fiscal_ai,2023-06-30,1.0,USD,3980260000.0,3035140000.0,2955470000.0,22.104612980742232,0.0869065187128736
PLTR,Palantir Technologies,0001321655,Palantir Technologies Inc.,Technology,ndxt_only,True,False,2023Q3,2023-09-30,2023-09-15,2023-09-30,0,2023,Q3,USD,USD,4193420000,3271900000.0,3190020000.0,1.3717,2162530000.0,2325600000.0,2325595975.7964573,2325600000.0,shares_diluted,2023-09-29,16.0,37209600000.0,stockanalysis_fiscal_ai,2023-09-30,1.0,USD,4193420000.0,3271900000.0,3190020000.0,22.15678246706357,0.08793160904712763
PLTR,Palantir Technologies,0001321655,Palantir Technologies Inc.,Technology,ndxt_only,True,False,2023Q4,2023-12-31,2023-12-16,2023-12-31,0,2023,Q4,USD,USD,4522430000,3560970000.0,3475560000.0,1.47411,2187210000.0,2357740000.0,2357734497.4255652,2357740000.0,shares_diluted,2023-12-29,17.170000076293945,40482395979.88129,stockanalysis_fiscal_ai,2023-12-31,1.0,USD,4522430000.0,3560970000.0,3475560000.0,22.232315296949203,0.08796341999543977
PLTR,Palantir Technologies,0001321655,Palantir Technologies Inc.,Technology,ndxt_only,True,False,2024Q1,2024-03-31,2024-03-16,2024-03-31,0,2024,Q1,USD,USD,4807080000,3861170000.0,3775230000.0,1.57294,2213550000.0,2400110000.0,2400110620.875558,2400110000.0,shares_diluted,2024-03-28,23.010000228881836,55226531649.34158,stockanalysis_fiscal_ai,2024-03-31,1.0,USD,4807080000.0,3861170000.0,3775230000.0,22.293355668116256,0.0699151274701864
PLTR,Palantir Technologies,0001321655,Palantir Technologies Inc.,Technology,ndxt_only,True,False,2024Q2,2024-06-30,2024-06-15,2024-06-30,0,2024,Q2,USD,USD,5191880000,4137810000.0,4050520000.0,1.67745,2231590000.0,2414700000.0,2414688962.4131866,2414700000.0,shares_diluted,2024-06-28,25.329999923706055,61164350815.77301,stockanalysis_fiscal_ai,2024-06-30,1.0,USD,5191880000.0,4137810000.0,4050520000.0,22.370361703600363,0.06765068123526859
PLTR,Palantir Technologies,0001321655,Palantir Technologies Inc.,Technology,ndxt_only,True,False,2024Q3,2024-09-30,2024-09-15,2024-09-30,0,2024,Q3,USD,USD,5768100000,4591360000.0,4498140000.0,1.82882,2250030000.0,2459590000.0,2459585962.5332184,2459590000.0,shares_diluted,2024-09-30,37.20000076293945,91496749876.51825,stockanalysis_fiscal_ai,2024-09-30,1.0,USD,5768100000.0,4591360000.0,4498140000.0,22.475608573810675,0.050180580252264545
PLTR,Palantir Technologies,0001321655,Palantir Technologies Inc.,Technology,ndxt_only,True,False,2024Q4,2024-12-31,2024-12-16,2024-12-31,0,2024,Q4,USD,USD,6340880000,5094410000.0,5003280000.0,1.97893,2304880000.0,2528280000.0,2528275381.140313,2528280000.0,shares_diluted,2024-12-31,75.62999725341797,191213809455.87158,stockanalysis_fiscal_ai,2024-12-31,1.0,USD,6340880000.0,5094410000.0,5003280000.0,22.57028339702537,0.02664247950760947
PLTR,Palantir Technologies,0001321655,Palantir Technologies Inc.,Technology,ndxt_only,True,False,2025Q1,2025-03-31,2025-03-16,2025-03-31,0,2025,Q1,USD,USD,6736920000,5518970000.0,5424160000.0,2.12477,2348680000.0,2552820000.0,2552822187.8132696,2552820000.0,shares_diluted,2025-03-31,84.4000015258789,215458011895.2942,stockanalysis_fiscal_ai,2025-03-31,1.0,USD,6736920000.0,5518970000.0,5424160000.0,22.630868684132743,0.025615060454015726
PLTR,Palantir Technologies,0001321655,Palantir Technologies Inc.,Technology,ndxt_only,True,False,2025Q2,2025-06-30,2025-06-15,2025-06-30,0,2025,Q2,USD,USD,7365690000,6025560000.0,5928900000.0,2.31335,2365200000.0,2562910000.0,2562906607.3011003,2562910000.0,shares_diluted,2025-06-30,136.32000732421875,349375909971.3135,stockanalysis_fiscal_ai,2025-06-30,1.0,USD,7365690000.0,6025560000.0,5928900000.0,22.72009856882709,0.017246638443087693
PLTR,Palantir Technologies,0001321655,Palantir Technologies Inc.,Technology,ndxt_only,True,False,2025Q3,2025-09-30,2025-09-15,2025-09-30,0,2025,Q3,USD,USD,8113960000,6688270000.0,6590460000.0,2.56333,2377170000.0,2571060000.0,2571054058.5878525,2571060000.0,shares_diluted,2025-09-30,182.4199981689453,469012760492.24854,stockanalysis_fiscal_ai,2025-09-30,1.0,USD,8113960000.0,6688270000.0,6590460000.0,22.81685187196747,0.014260315631882554
PLTR,Palantir Technologies,0001321655,Palantir Technologies Inc.,Technology,ndxt_only,True,False,2025Q4,2025-12-31,2025-12-16,2025-12-31,0,2025,Q4,USD,USD,8900390000,7488010000.0,7387270000.0,2.87052,2386900000.0,2573500000.0,2573495394.562658,2573500000.0,shares_diluted,2025-12-31,177.75,457439625000.0,stockanalysis_fiscal_ai,2025-12-31,1.0,USD,8900390000.0,7488010000.0,7387270000.0,22.909360932949145,0.016369395196142004
PLTR,Palantir Technologies,0001321655,Palantir Technologies Inc.,Technology,ndxt_only,True,False,2026Q1,2026-03-31,2026-03-16,2026-03-31,0,2026,Q1,USD,USD,10199200000,8556280000.0,8449660000.0,3.28662,2393870000.0,2570920000.0,2570926970.565505,2570920000.0,shares_diluted,2026-03-31,146.27999877929688,376074174461.6699,stockanalysis_fiscal_ai,2026-03-31,1.0,USD,10199200000.0,8556280000.0,8449660000.0,23.045575122788186,0.022751575569494656
QCOM,Qualcomm,0000804328,QUALCOMM INC/DE,Technology,ndxt_sox,True,True,2022Q1,2022-03-27,2022-03-12,2022-03-31,4,2022,Q2,USD,USD,44302000000,13328000000.0,26441000000.0,23.1939,1125000000.0,1140000000.0,1139998016.7199135,1140000000.0,shares_diluted,2022-03-25,157.97000122070312,180085801391.60156,stockanalysis_fiscal_ai,2022-03-27,1.0,USD,44302000000.0,13328000000.0,26441000000.0,24.51429565970528,0.07400916616972981
QCOM,Qualcomm,0000804328,QUALCOMM INC/DE,Technology,ndxt_sox,True,True,2022Q2,2022-06-26,2022-06-11,2022-06-30,4,2022,Q3,USD,USD,47020000000,16048000000.0,16048000000.0,14.1517,1122000000.0,1134000000.0,1133998035.5716982,1134000000.0,shares_diluted,2022-06-24,125.0999984741211,141863398269.65332,stockanalysis_fiscal_ai,2022-06-26,1.0,USD,47020000000.0,16048000000.0,16048000000.0,24.573838880058336,0.11312290693541707
QCOM,Qualcomm,0000804328,QUALCOMM INC/DE,Technology,ndxt_sox,True,True,2022Q3,2022-09-25,2022-09-10,2022-09-30,5,2022,Q4,USD,USD,49014000000,18013000000.0,18208000000.0,16.0706,1122000000.0,1133000000.0,1133000634.699389,1133000000.0,shares_diluted,2022-09-23,121.19000244140624,137308272766.11327,stockanalysis_fiscal_ai,2022-09-25,1.0,USD,49014000000.0,18013000000.0,18208000000.0,24.6153718085342,0.1311865602641641
QCOM,Qualcomm,0000804328,QUALCOMM INC/DE,Technology,ndxt_sox,True,True,2022Q4,2022-12-25,2022-12-10,2022-12-31,6,2023,Q1,USD,USD,50014000000,18810000000.0,18810000000.0,16.6313,1122000000.0,1131000000.0,1130999981.9617229,1131000000.0,shares_diluted,2022-12-23,110.83999633789062,125360035858.1543,stockanalysis_fiscal_ai,2022-12-25,1.0,USD,50014000000.0,18810000000.0,18810000000.0,24.635568803181872,0.15004781923709434
QCOM,Qualcomm,0000804328,QUALCOMM INC/DE,Technology,ndxt_sox,True,True,2023Q1,2023-03-26,2023-03-11,2023-03-31,5,2023,Q2,USD,USD,48362000000,19698000000.0,19698000000.0,17.5405,1116000000.0,1123000000.0,1123001054.7019753,1123000000.0,shares_diluted,2023-03-24,124.76000213623048,140105482398.98685,stockanalysis_fiscal_ai,2023-03-26,1.0,USD,48362000000.0,19698000000.0,19698000000.0,24.601980218330816,0.14059407000152083
QCOM,Qualcomm,0000804328,QUALCOMM INC/DE,Technology,ndxt_sox,True,True,2023Q2,2023-06-25,2023-06-10,2023-06-30,5,2023,Q3,USD,USD,49002000000,20670000000.0,20747000000.0,18.4582,1115000000.0,1124000000.0,1123999089.8354118,1124000000.0,shares_diluted,2023-06-23,113.43000030517578,127495320343.01758,stockanalysis_fiscal_ai,2023-06-25,1.0,USD,49002000000.0,20670000000.0,20747000000.0,24.615126950550604,0.16212359751235383
QCOM,Qualcomm,0000804328,QUALCOMM INC/DE,Technology,ndxt_sox,True,True,2023Q3,2023-09-24,2023-09-09,2023-09-30,6,2023,Q4,USD,USD,51040000000,21581000000.0,22071000000.0,19.6187,1116000000.0,1125000000.0,1124998088.558365,1125000000.0,shares_diluted,2023-09-22,107.68000030517578,121140000343.32275,stockanalysis_fiscal_ai,2023-09-24,1.0,USD,51040000000.0,21581000000.0,22071000000.0,24.655875475982945,0.1781492482981452
QCOM,Qualcomm,0000804328,QUALCOMM INC/DE,Technology,ndxt_sox,True,True,2023Q4,2023-12-24,2023-12-09,2023-12-31,7,2024,Q1,USD,USD,52135000000,23058000000.0,23058000000.0,20.4596,1116000000.0,1127000000.0,1127001505.4057753,1127000000.0,shares_diluted,2023-12-22,143.49000549316406,161713236190.7959,stockanalysis_fiscal_ai,2023-12-24,1.0,USD,52135000000.0,23058000000.0,23058000000.0,24.67710234518797,0.14258573103314331
QCOM,Qualcomm,0000804328,QUALCOMM INC/DE,Technology,ndxt_sox,True,True,2024Q1,2024-03-24,2024-03-09,2024-03-31,7,2024,Q2,USD,USD,53167000000,24469000000.0,24535000000.0,21.7124,1117000000.0,1130000000.0,1129999447.3204253,1130000000.0,shares_diluted,2024-03-22,170.10000610351562,192213006896.97266,stockanalysis_fiscal_ai,2024-03-24,1.0,USD,53167000000.0,24469000000.0,24535000000.0,24.696703740076025,0.12730147868253022
QCOM,Qualcomm,0000804328,QUALCOMM INC/DE,Technology,ndxt_sox,True,True,2024Q2,2024-06-23,2024-06-08,2024-06-30,7,2024,Q3,USD,USD,52741000000,24670000000.0,24670000000.0,21.7549,1116000000.0,1134000000.0,1133997398.2872825,1134000000.0,shares_diluted,2024-06-21,212.52999877929688,241009018615.72266,stockanalysis_fiscal_ai,2024-06-23,1.0,USD,52741000000.0,24670000000.0,24670000000.0,24.688658978632258,0.10236131469974215
QCOM,Qualcomm,0000804328,QUALCOMM INC/DE,Technology,ndxt_sox,True,True,2024Q3,2024-09-29,2024-09-14,2024-09-30,1,2024,Q4,USD,USD,55154000000,26274000000.0,26274000000.0,23.2719,1115000000.0,1129000000.0,1129001069.9599087,1129000000.0,shares_diluted,2024-09-27,170.1300048828125,192076775512.6953,stockanalysis_fiscal_ai,2024-09-29,1.0,USD,55154000000.0,26274000000.0,26274000000.0,24.733395109480885,0.13678905182507825
QCOM,Qualcomm,0000804328,QUALCOMM INC/DE,Technology,ndxt_sox,True,True,2024Q4,2024-12-29,2024-12-14,2024-12-31,2,2025,Q1,USD,USD,55575000000,26880000000.0,26880000000.0,23.9572,1110000000.0,1122000000.0,1122000901.6078672,1122000000.0,shares_diluted,2024-12-27,157.24000549316406,176423286163.33008,stockanalysis_fiscal_ai,2024-12-29,1.0,USD,55575000000.0,26880000000.0,26880000000.0,24.740999296796673,0.15236083957258847
QCOM,Qualcomm,0000804328,QUALCOMM INC/DE,Technology,ndxt_sox,True,True,2025Q1,2025-03-30,2025-03-15,2025-03-31,1,2025,Q2,USD,USD,55372000000,27728000000.0,27728000000.0,24.8682,1104000000.0,1115000000.0,1114998270.884101,1115000000.0,shares_diluted,2025-03-28,152.72000122070312,170282801361.08398,stockanalysis_fiscal_ai,2025-03-30,1.0,USD,55372000000.0,27728000000.0,27728000000.0,24.7373398877719,0.16283500023706382
QCOM,Qualcomm,0000804328,QUALCOMM INC/DE,Technology,ndxt_sox,True,True,2025Q2,2025-06-29,2025-06-14,2025-06-30,1,2025,Q3,USD,USD,54862000000,27209000000.0,53761000000.0,48.9181,1092000000.0,1099000000.0,1099000165.5828824,1099000000.0,shares_diluted,2025-06-27,158.5399932861328,174235452621.45996,stockanalysis_fiscal_ai,2025-06-29,1.0,USD,54862000000.0,27209000000.0,53761000000.0,24.728086778225908,0.15616224821428085
QCOM,Qualcomm,0000804328,QUALCOMM INC/DE,Technology,ndxt_sox,True,True,2025Q3,2025-09-28,2025-09-13,2025-09-30,2,2025,Q4,USD,USD,50143000000,21206000000.0,21206000000.0,19.6716,1078000000.0,1078000000.0,1078000772.687529,1078000000.0,shares_diluted,2025-09-26,169.1999969482422,182397596710.20508,stockanalysis_fiscal_ai,2025-09-28,1.0,USD,50143000000.0,21206000000.0,21206000000.0,24.638144760355754,0.11626249677890373
QCOM,Qualcomm,0000804328,QUALCOMM INC/DE,Technology,ndxt_sox,True,True,2025Q4,2025-12-28,2025-12-13,2025-12-31,3,2026,Q1,USD,USD,53034000000,23073000000.0,23073000000.0,21.3837,1070000000.0,1079000000.0,1078999424.7955217,1079000000.0,shares_diluted,2025-12-26,174.80999755859375,188619987365.72266,stockanalysis_fiscal_ai,2025-12-28,1.0,USD,53034000000.0,23073000000.0,23073000000.0,24.69419905425328,0.12232531834106669
QCOM,Qualcomm,0000804328,QUALCOMM INC/DE,Technology,ndxt_sox,True,True,2026Q1,2026-03-29,2026-03-14,2026-03-31,2,2026,Q2,USD,USD,57136000000,27278000000.0,27278000000.0,25.4459,1066000000.0,1072000000.0,1071999811.3645027,1072000000.0,shares_diluted,2026-03-27,127.11000061035156,136261920654.29688,stockanalysis_fiscal_ai,2026-03-29,1.0,USD,57136000000.0,27278000000.0,27278000000.0,24.768700227798504,0.200187989931579
ROP,Roper Technologies,0000882835,ROPER TECHNOLOGIES INC,Technology,ndxt_only,True,False,2022Q1,2022-03-31,2022-03-16,2022-03-31,0,2022,Q1,USD,USD,25635800000,13551900000.0,13551900000.0,127.009,105600000.0,106700000.0,106700312.57627413,106700000.0,shares_diluted,2022-03-31,472.2300109863281,50386942172.24121,stockanalysis_fiscal_ai,2022-03-31,1.0,USD,25635800000.0,13551900000.0,13551900000.0,23.96725564902886,0.2689565870791403
ROP,Roper Technologies,0000882835,ROPER TECHNOLOGIES INC,Technology,ndxt_only,True,False,2022Q2,2022-06-30,2022-06-15,2022-06-30,0,2022,Q2,USD,USD,25350300000,13726500000.0,13726500000.0,128.525,105900000.0,106800000.0,106800233.41762303,106800000.0,shares_diluted,2022-06-30,394.6499938964844,42148619348.14453,stockanalysis_fiscal_ai,2022-06-30,1.0,USD,25350300000.0,13726500000.0,13726500000.0,23.956056401233106,0.325669030499436
ROP,Roper Technologies,0000882835,ROPER TECHNOLOGIES INC,Technology,ndxt_only,True,False,2022Q3,2022-09-30,2022-09-15,2022-09-30,0,2022,Q3,USD,USD,24397200000,13857800000.0,13857800000.0,129.755,106000000.0,106800000.0,106799737.96770838,106800000.0,shares_diluted,2022-09-30,359.6400146484375,38409553564.453125,stockanalysis_fiscal_ai,2022-09-30,1.0,USD,24397200000.0,13857800000.0,13857800000.0,23.91773420856245,0.3607904470106878
ROP,Roper Technologies,0000882835,ROPER TECHNOLOGIES INC,Technology,ndxt_only,True,False,2022Q4,2022-12-31,2022-12-16,2022-12-31,0,2022,Q4,USD,USD,26980800000,16037800000.0,16037800000.0,150.167,106100000.0,106800000.0,106799762.93060392,106800000.0,shares_diluted,2022-12-30,432.0899963378906,46147211608.88672,stockanalysis_fiscal_ai,2022-12-31,1.0,USD,26980800000.0,16037800000.0,16037800000.0,24.018391338880193,0.34753562438237434
ROP,Roper Technologies,0000882835,ROPER TECHNOLOGIES INC,Technology,ndxt_only,True,False,2023Q1,2023-03-31,2023-03-16,2023-03-31,0,2023,Q1,USD,USD,27134800000,16332700000.0,16332700000.0,152.642,106300000.0,107000000.0,107000039.30766107,107000000.0,shares_diluted,2023-03-31,440.69000244140625,47153830261.23047,stockanalysis_fiscal_ai,2023-03-31,1.0,USD,27134800000.0,16332700000.0,16332700000.0,24.024082873879983,0.34637058982308433
ROP,Roper Technologies,0000882835,ROPER TECHNOLOGIES INC,Technology,ndxt_only,True,False,2023Q2,2023-06-30,2023-06-15,2023-06-30,0,2023,Q2,USD,USD,27460400000,16745900000.0,16745900000.0,155.921,106600000.0,107400000.0,107399901.23203418,107400000.0,shares_diluted,2023-06-30,480.7999877929687,51637918688.964836,stockanalysis_fiscal_ai,2023-06-30,1.0,USD,27460400000.0,16745900000.0,16745900000.0,24.03601080382253,0.3242946351278609
ROP,Roper Technologies,0000882835,ROPER TECHNOLOGIES INC,Technology,ndxt_only,True,False,2023Q3,2023-09-30,2023-09-15,2023-09-30,0,2023,Q3,USD,USD,28188000000,17038700000.0,17038700000.0,158.352,106700000.0,107600000.0,107600156.61311509,107600000.0,shares_diluted,2023-09-29,484.2799987792969,52108527868.65234,stockanalysis_fiscal_ai,2023-09-30,1.0,USD,28188000000.0,17038700000.0,17038700000.0,24.062162192411186,0.32698486595032383
ROP,Roper Technologies,0000882835,ROPER TECHNOLOGIES INC,Technology,ndxt_only,True,False,2023Q4,2023-12-31,2023-12-16,2023-12-31,0,2023,Q4,USD,USD,28167500000,17444800000.0,17444800000.0,161.976,106900000.0,107700000.0,107699906.15893713,107700000.0,shares_diluted,2023-12-29,545.1699829101562,58714807159.42383,stockanalysis_fiscal_ai,2023-12-31,1.0,USD,28167500000.0,17444800000.0,17444800000.0,24.061434668002594,0.29711074333657383
ROP,Roper Technologies,0000882835,ROPER TECHNOLOGIES INC,Technology,ndxt_only,True,False,2024Q1,2024-03-31,2024-03-16,2024-03-31,0,2024,Q1,USD,USD,29978500000,17797600000.0,17797600000.0,164.945,107000000.0,107900000.0,107900209.1606293,107900000.0,shares_diluted,2024-03-28,560.8400268554688,60514638897.70508,stockanalysis_fiscal_ai,2024-03-31,1.0,USD,29978500000.0,17797600000.0,17797600000.0,24.123746295013582,0.2941040436527325
ROP,Roper Technologies,0000882835,ROPER TECHNOLOGIES INC,Technology,ndxt_only,True,False,2024Q2,2024-06-30,2024-06-15,2024-06-30,0,2024,Q2,USD,USD,29847500000,18139000000.0,18139000000.0,168.109,107100000.0,107900000.0,107900231.39748615,107900000.0,shares_diluted,2024-06-28,563.6599731445312,60818911102.29492,stockanalysis_fiscal_ai,2024-06-30,1.0,USD,29847500000.0,18139000000.0,18139000000.0,24.11936692118382,0.2982460499743401
ROP,Roper Technologies,0000882835,ROPER TECHNOLOGIES INC,Technology,ndxt_only,True,False,2024Q3,2024-09-30,2024-09-15,2024-09-30,0,2024,Q3,USD,USD,31552700000,18515500000.0,18515500000.0,171.281,107200000.0,108100000.0,108100139.53678457,108100000.0,shares_diluted,2024-09-30,556.4400024414062,60151164263.916016,stockanalysis_fiscal_ai,2024-09-30,1.0,USD,31552700000.0,18515500000.0,18515500000.0,24.17492500071892,0.3078161532960923
ROP,Roper Technologies,0000882835,ROPER TECHNOLOGIES INC,Technology,ndxt_only,True,False,2024Q4,2024-12-31,2024-12-16,2024-12-31,0,2024,Q4,USD,USD,31334700000,18867600000.0,18867600000.0,174.538,107300000.0,108100000.0,108100241.7811594,108100000.0,shares_diluted,2024-12-31,519.8499755859375,56195782360.83984,stockanalysis_fiscal_ai,2024-12-31,1.0,USD,31334700000.0,18867600000.0,18867600000.0,24.167991946618386,0.33574761676683995
ROP,Roper Technologies,0000882835,ROPER TECHNOLOGIES INC,Technology,ndxt_only,True,False,2025Q1,2025-03-31,2025-03-16,2025-03-31,0,2025,Q1,USD,USD,31418800000,19223600000.0,19223600000.0,177.667,107400000.0,108200000.0,108200172.23232226,108200000.0,shares_diluted,2025-03-31,589.5800170898438,63792557849.12109,stockanalysis_fiscal_ai,2025-03-31,1.0,USD,31418800000.0,19223600000.0,19223600000.0,24.170672276810297,0.30134549621707724
ROP,Roper Technologies,0000882835,ROPER TECHNOLOGIES INC,Technology,ndxt_only,True,False,2025Q2,2025-06-30,2025-06-15,2025-06-30,0,2025,Q2,USD,USD,33220400000,19633900000.0,19633900000.0,181.125,107600000.0,108400000.0,108399723.94755003,108400000.0,shares_diluted,2025-06-30,566.8400268554688,61445458911.13281,stockanalysis_fiscal_ai,2025-06-30,1.0,USD,33220400000.0,19633900000.0,19633900000.0,24.226429981998262,0.3195337840733856
ROP,Roper Technologies,0000882835,ROPER TECHNOLOGIES INC,Technology,ndxt_only,True,False,2025Q3,2025-09-30,2025-09-15,2025-09-30,0,2025,Q3,USD,USD,34584400000,19992800000.0,19992800000.0,184.435,107600000.0,108400000.0,108400249.41036138,108400000.0,shares_diluted,2025-09-30,498.69000244140625,54057996264.64844,stockanalysis_fiscal_ai,2025-09-30,1.0,USD,34584400000.0,19992800000.0,19992800000.0,24.266668550286955,0.3698398272500236
ROP,Roper Technologies,0000882835,ROPER TECHNOLOGIES INC,Technology,ndxt_only,True,False,2025Q4,2025-12-31,2025-12-16,2025-12-31,0,2025,Q4,USD,USD,34577000000,19881500000.0,19881500000.0,184.429,107200000.0,107800000.0,107800291.7111734,107800000.0,shares_diluted,2025-12-31,445.1300048828125,47985014526.36719,stockanalysis_fiscal_ai,2025-12-31,1.0,USD,34577000000.0,19881500000.0,19881500000.0,24.266454558088178,0.4143272685491291
ROP,Roper Technologies,0000882835,ROPER TECHNOLOGIES INC,Technology,ndxt_only,True,False,2026Q1,2026-03-31,2026-03-16,2026-03-31,0,2026,Q1,USD,USD,34550800000,18818000000.0,18818000000.0,179.904,104300000.0,104600000.0,104600231.23443614,104600000.0,shares_diluted,2026-03-31,353.8599853515625,37013754467.77344,stockanalysis_fiscal_ai,2026-03-31,1.0,USD,34550800000.0,18818000000.0,18818000000.0,24.265696541740066,0.5084055986912693
SHOP,Shopify,0001594805,SHOPIFY INC.,Technology,ndxt_only,True,False,2022Q1,2022-03-31,2022-03-16,2022-03-31,0,2022,Q1,USD,USD,11834457000,9789595000.0,,,1260130660.0,1260130660.0,,1260130660.0,shares_diluted,2022-03-31,67.59600067138672,85179792939.39499,stockanalysis_fiscal_ai,2022-03-31,1.0,USD,11834457000.0,9789595000.0,,23.19428119799795,0.1149286076213551
SHOP,Shopify,0001594805,SHOPIFY INC.,Technology,ndxt_only,True,False,2022Q2,2022-06-30,2022-06-15,2022-06-30,0,2022,Q2,USD,USD,10747630000,8717128000.0,,,1262011665.0,1262011665.0,,1262011665.0,shares_diluted,2022-06-30,31.239999771118164,39425244125.74845,stockanalysis_fiscal_ai,2022-06-30,1.0,USD,10747630000.0,8717128000.0,,23.0979511020978,0.22110523836444382
SHOP,Shopify,0001594805,SHOPIFY INC.,Technology,ndxt_only,True,False,2022Q3,2022-09-30,2022-09-15,2022-09-30,0,2022,Q3,USD,USD,11203285000,8693008000.0,,,1269425226.0,1269425226.0,,1269425226.0,shares_diluted,2022-09-30,26.940000534057617,34198316266.38621,stockanalysis_fiscal_ai,2022-09-30,1.0,USD,11203285000.0,8693008000.0,,23.139472875813805,0.25419403494272097
SHOP,Shopify,0001594805,SHOPIFY INC.,Technology,ndxt_only,True,False,2022Q4,2022-12-31,2022-12-16,2022-12-31,0,2022,Q4,USD,USD,10757000000,8239000000.0,,,1273338804.0,1273338804.0,,1273338804.0,shares_diluted,2022-12-30,34.709999084472656,44197588721.06351,stockanalysis_fiscal_ai,2022-12-31,1.0,USD,10757000000.0,8239000000.0,,23.09882254239628,0.1864128844674617
SHOP,Shopify,0001594805,SHOPIFY INC.,Technology,ndxt_only,True,False,2023Q1,2023-03-31,2023-03-16,2023-03-31,0,2023,Q1,USD,USD,10964000000,8457000000.0,,,1276884726.0,1291682051.0,,1291682051.0,shares_diluted,2023-03-31,47.939998626708984,61923235751.08464,stockanalysis_fiscal_ai,2023-03-31,1.0,USD,10964000000.0,8457000000.0,,23.11788301538695,0.13657232050978324
SHOP,Shopify,0001594805,SHOPIFY INC.,Technology,ndxt_only,True,False,2023Q2,2023-06-30,2023-06-15,2023-06-30,0,2023,Q2,USD,USD,9703000000,7463000000.0,,,1280407642.0,1280407642.0,,1280407642.0,shares_diluted,2023-06-30,64.5999984741211,82714331719.45299,stockanalysis_fiscal_ai,2023-06-30,1.0,USD,9703000000.0,7463000000.0,,22.995700952989573,0.09022620197564662
SHOP,Shopify,0001594805,SHOPIFY INC.,Technology,ndxt_only,True,False,2023Q3,2023-09-30,2023-09-15,2023-09-30,0,2023,Q3,USD,USD,10464000000,8284000000.0,,,1283329213.0,1295830188.0,,1295830188.0,shares_diluted,2023-09-29,54.56999969482422,70713452963.70401,stockanalysis_fiscal_ai,2023-09-30,1.0,USD,10464000000.0,8284000000.0,,23.071206631661255,0.11714885432411332
SHOP,Shopify,0001594805,SHOPIFY INC.,Technology,ndxt_only,True,False,2023Q4,2023-12-31,2023-12-16,2023-12-31,0,2023,Q4,USD,USD,11299000000,9066000000.0,,,1285498532.0,1297295576.0,,1297295576.0,shares_diluted,2023-12-29,77.9000015258789,101059327349.91595,stockanalysis_fiscal_ai,2023-12-31,1.0,USD,11299000000.0,9066000000.0,,23.14798006317352,0.08970968081559806
SHOP,Shopify,0001594805,SHOPIFY INC.,Technology,ndxt_only,True,False,2024Q1,2024-03-31,2024-03-16,2024-03-31,0,2024,Q1,USD,USD,11112000000,8893000000.0,,,1287376719.0,1287376719.0,,1287376719.0,shares_diluted,2024-03-28,77.16999816894531,99346859047.97282,stockanalysis_fiscal_ai,2024-03-31,1.0,USD,11112000000.0,8893000000.0,,23.131291442398453,0.08951465688216402
SHOP,Shopify,0001594805,SHOPIFY INC.,Technology,ndxt_only,True,False,2024Q2,2024-06-30,2024-06-15,2024-06-30,0,2024,Q2,USD,USD,11346000000,9172000000.0,,,1288900183.0,1299913079.0,,1299913079.0,shares_diluted,2024-06-28,66.05000305175781,85859262834.9699,stockanalysis_fiscal_ai,2024-06-30,1.0,USD,11346000000.0,9172000000.0,,23.152131095850788,0.10682598122964906
SHOP,Shopify,0001594805,SHOPIFY INC.,Technology,ndxt_only,True,False,2024Q3,2024-09-30,2024-09-15,2024-09-30,0,2024,Q3,USD,USD,12329000000,10118000000.0,,,1290585426.0,1301600656.0,,1301600656.0,shares_diluted,2024-09-30,80.13999938964844,104310275777.406,stockanalysis_fiscal_ai,2024-09-30,1.0,USD,12329000000.0,10118000000.0,,23.235220047832826,0.09699907247480978
SHOP,Shopify,0001594805,SHOPIFY INC.,Technology,ndxt_only,True,False,2024Q4,2024-12-31,2024-12-16,2024-12-31,0,2024,Q4,USD,USD,13924000000,11558000000.0,,,1292368307.0,1304787933.0,,1304787933.0,shares_diluted,2024-12-31,106.33000183105467,138738103305.02805,stockanalysis_fiscal_ai,2024-12-31,1.0,USD,13924000000.0,11558000000.0,,23.356879806895602,0.08330804389468054
SHOP,Shopify,0001594805,SHOPIFY INC.,Technology,ndxt_only,True,False,2025Q1,2025-03-31,2025-03-16,2025-03-31,0,2025,Q1,USD,USD,13400000000,11051000000.0,,,1295377376.0,1295377376.0,,1295377376.0,shares_diluted,2025-03-31,95.4800033569336,123682636208.97583,stockanalysis_fiscal_ai,2025-03-31,1.0,USD,13400000000.0,11051000000.0,,23.318520543903276,0.08934964792736212
SHOP,Shopify,0001594805,SHOPIFY INC.,Technology,ndxt_only,True,False,2025Q2,2025-06-30,2025-06-15,2025-06-30,0,2025,Q2,USD,USD,14561000000,12124000000.0,,,1297746050.0,1308993838.0,,1308993838.0,shares_diluted,2025-06-30,115.3499984741211,150992437215.9339,stockanalysis_fiscal_ai,2025-06-30,1.0,USD,14561000000.0,12124000000.0,,23.40161255867518,0.08029541229711723
SHOP,Shopify,0001594805,SHOPIFY INC.,Technology,ndxt_only,True,False,2025Q3,2025-09-30,2025-09-15,2025-09-30,0,2025,Q3,USD,USD,15039000000,12511000000.0,,,1300069685.0,1312872709.0,,1312872709.0,shares_diluted,2025-09-30,148.61000061035156,195106014085.8039,stockanalysis_fiscal_ai,2025-09-30,1.0,USD,15039000000.0,12511000000.0,,23.43391266389589,0.06412411251709495
SHOP,Shopify,0001594805,SHOPIFY INC.,Technology,ndxt_only,True,False,2025Q4,2025-12-31,2025-12-16,2025-12-31,0,2025,Q4,USD,USD,15189000000,13473000000.0,,,1302528869.0,1302528869.0,,1302528869.0,shares_diluted,2025-12-31,160.97000122070312,209668073632.93106,stockanalysis_fiscal_ai,2025-12-31,1.0,USD,15189000000.0,13473000000.0,,23.44383731860229,0.06425871028694324
SHOP,Shopify,0001594805,SHOPIFY INC.,Technology,ndxt_only,True,False,2026Q1,2026-03-31,2026-03-16,2026-03-31,0,2026,Q1,USD,USD,14121000000,12501000000.0,,,1303357874.0,1303357874.0,,1303357874.0,shares_diluted,2026-03-31,118.62000274658205,154604314593.65933,stockanalysis_fiscal_ai,2026-03-31,1.0,USD,14121000000.0,12501000000.0,,23.370928888033525,0.08085802801076998
SNDK,Sandisk,0002023554,Sandisk Corp,Technology,ndxt_only,True,False,2022Q1,2022-04-01,2022-03-17,2022-03-31,1,2022,Q3,USD,USD,15761000000,25954000000.0,25954000000.0,,,,,,,,,,stockanalysis_fiscal_ai,2022-04-01,1.0,USD,15761000000.0,25954000000.0,25954000000.0,23.480804371139815,
SNDK,Sandisk,0002023554,Sandisk Corp,Technology,ndxt_only,True,False,2022Q2,2022-07-01,2022-06-16,2022-06-30,1,2022,Q4,USD,USD,15761000000,25954000000.0,25954000000.0,,,,,,,,,,stockanalysis_fiscal_ai,2022-07-01,1.0,USD,15761000000.0,25954000000.0,25954000000.0,23.480804371139815,
SNDK,Sandisk,0002023554,Sandisk Corp,Technology,ndxt_only,True,False,2023Q1,2023-03-31,2023-03-16,2023-03-31,0,2023,Q3,USD,USD,14322000000,12106000000.0,12106000000.0,,,,,,,,,,stockanalysis_fiscal_ai,2023-03-31,1.0,USD,14322000000.0,12106000000.0,12106000000.0,23.385062653531158,
SNDK,Sandisk,0002023554,Sandisk Corp,Technology,ndxt_only,True,False,2023Q2,2023-06-30,2023-06-15,2023-06-30,0,2023,Q4,USD,USD,13820000000,22878000000.0,22878000000.0,,,,,,,,,,stockanalysis_fiscal_ai,2023-06-30,1.0,USD,13820000000.0,22878000000.0,22878000000.0,23.349382655285936,
SNDK,Sandisk,0002023554,Sandisk Corp,Technology,ndxt_only,True,False,2023Q3,2023-09-29,2023-09-14,2023-09-30,1,2024,Q1,USD,USD,13434000000,10925000000.0,10925000000.0,,,,,,,,,,stockanalysis_fiscal_ai,2023-09-29,1.0,USD,13434000000.0,10925000000.0,10925000000.0,23.321054643791083,
SNDK,Sandisk,0002023554,Sandisk Corp,Technology,ndxt_only,True,False,2023Q4,2023-12-29,2023-12-14,2023-12-31,2,2024,Q2,USD,USD,13338000000,10896000000.0,10896000000.0,,,,,,,,,,stockanalysis_fiscal_ai,2023-12-29,1.0,USD,13338000000.0,10896000000.0,10896000000.0,23.313882941156525,
SNDK,Sandisk,0002023554,Sandisk Corp,Technology,ndxt_only,True,False,2024Q1,2024-03-29,2024-03-14,2024-03-31,2,2024,Q3,USD,USD,13328000000,10939000000.0,10939000000.0,75.4414,145000000.0,145000000.0,144999960.23403594,145000000.0,shares_diluted,,,,stockanalysis_fiscal_ai,2024-03-29,1.0,USD,13328000000.0,10939000000.0,10939000000.0,23.313132922370897,
SNDK,Sandisk,0002023554,Sandisk Corp,Technology,ndxt_only,True,False,2024Q2,2024-06-28,2024-06-13,2024-06-30,2,2024,Q4,USD,USD,13506000000,11082000000.0,11082000000.0,76.4276,145000000.0,145000000.0,144999973.8314431,145000000.0,shares_diluted,,,,stockanalysis_fiscal_ai,2024-06-28,1.0,USD,13506000000.0,11082000000.0,11082000000.0,23.32639986809906,
SNDK,Sandisk,0002023554,Sandisk Corp,Technology,ndxt_only,True,False,2024Q3,2024-09-27,2024-09-12,2024-09-30,3,2025,Q1,USD,USD,13890000000,12126000000.0,12126000000.0,83.6276,145000000.0,145000000.0,144999976.08445057,145000000.0,shares_diluted,,,,stockanalysis_fiscal_ai,2024-09-27,1.0,USD,13890000000.0,12126000000.0,12126000000.0,23.354434993712662,
SNDK,Sandisk,0002023554,Sandisk Corp,Technology,ndxt_only,True,False,2024Q4,2024-12-27,2024-12-12,2024-12-31,4,2025,Q2,USD,USD,14234000000,24002000000.0,24002000000.0,165.531,145000000.0,145000000.0,145000030.20582247,145000000.0,shares_diluted,,,,stockanalysis_fiscal_ai,2024-12-27,1.0,USD,14234000000.0,24002000000.0,24002000000.0,23.37889930582349,
SNDK,Sandisk,0002023554,Sandisk Corp,Technology,ndxt_only,True,False,2025Q1,2025-03-28,2025-03-13,2025-03-31,3,2025,Q3,USD,USD,12960000000,9161000000.0,9161000000.0,63.1793,145000000.0,145000000.0,145000023.74195346,145000000.0,shares_diluted,2025-03-28,48.970001220703125,7100650177.001953,stockanalysis_fiscal_ai,2025-03-28,1.0,USD,12960000000.0,9161000000.0,9161000000.0,23.28513352787054,1.290163544413333
SNDK,Sandisk,0002023554,Sandisk Corp,Technology,ndxt_only,True,False,2025Q2,2025-06-27,2025-06-12,2025-06-30,3,2025,Q4,USD,USD,12985000000,9216000000.0,9216000000.0,63.5586,145000000.0,145000000.0,145000047.2005362,145000000.0,shares_diluted,2025-06-27,47.150001525878906,6836750221.252441,stockanalysis_fiscal_ai,2025-06-27,1.0,USD,12985000000.0,9216000000.0,9216000000.0,23.287060682061124,1.3480088787435176
SNDK,Sandisk,0002023554,Sandisk Corp,Technology,ndxt_only,True,False,2025Q3,2025-10-03,2025-09-18,2025-09-30,3,2026,Q1,USD,USD,12749000000,9381000000.0,9381000000.0,62.9597,146000000.0,149000000.0,149000074.6509275,149000000.0,shares_diluted,2025-10-03,128.41000366210938,19133090545.654297,stockanalysis_fiscal_ai,2025-10-03,1.0,USD,12749000000.0,9381000000.0,9381000000.0,23.268718674102395,0.49030238881771815
SNDK,Sandisk,0002023554,Sandisk Corp,Technology,ndxt_only,True,False,2025Q4,2026-01-02,2025-12-18,2025-12-31,2,2026,Q2,USD,USD,12998000000,10213000000.0,10213000000.0,65.4679,147000000.0,156000000.0,156000116.08742604,156000000.0,shares_diluted,2026-01-02,275.239990234375,42937438476.5625,stockanalysis_fiscal_ai,2026-01-02,1.0,USD,12998000000.0,10213000000.0,10213000000.0,23.28806133641857,0.23785769161741657
SNDK,Sandisk,0002023554,Sandisk Corp,Technology,ndxt_only,True,False,2026Q1,2026-04-03,2026-03-19,2026-03-31,3,2026,Q3,USD,USD,17075000000,13777000000.0,13777000000.0,87.7516,148000000.0,157000000.0,156999986.32503566,157000000.0,shares_diluted,2026-04-02,701.5900268554688,110149634216.3086,stockanalysis_fiscal_ai,2026-04-03,1.0,USD,17075000000.0,13777000000.0,13777000000.0,23.560881242403266,0.12507531321388807
SNPS,Synopsys,0000883241,SYNOPSYS INC,Technology,ndxt_only,True,False,2022Q1,2022-01-31,2022-01-16,2022-03-31,59,2022,Q1,USD,USD,8901350000,5390230000.0,5386770000.0,34.2511,153218000.0,157273000.0,157272905.10377768,157273000.0,shares_diluted,2022-01-31,310.5,48833266500.0,stockanalysis_fiscal_ai,2022-01-31,1.0,USD,8901350000.0,5390230000.0,5386770000.0,22.9094687875747,0.11038028758530827
SNPS,Synopsys,0000883241,SYNOPSYS INC,Technology,ndxt_only,True,False,2022Q2,2022-04-30,2022-04-15,2022-06-30,61,2022,Q2,USD,USD,9210380000,5567430000.0,5564310000.0,35.6305,153090000.0,156167000.0,156167047.89436018,156167000.0,shares_diluted,2022-04-29,286.7900085449219,44787135264.434814,stockanalysis_fiscal_ai,2022-04-30,1.0,USD,9210380000.0,5567430000.0,5564310000.0,22.94359694586302,0.12430868746412235
SNPS,Synopsys,0000883241,SYNOPSYS INC,Technology,ndxt_only,True,False,2022Q3,2022-07-31,2022-07-16,2022-09-30,61,2022,Q3,USD,USD,9329550000,5608130000.0,5604030000.0,35.968,152938000.0,155806000.0,155805994.21708184,155806000.0,shares_diluted,2022-07-29,367.5,57258705000.0,stockanalysis_fiscal_ai,2022-07-31,1.0,USD,9329550000.0,5608130000.0,5604030000.0,22.956452619131234,0.0979437100437392
SNPS,Synopsys,0000883241,SYNOPSYS INC,Technology,ndxt_only,True,False,2022Q4,2022-10-31,2022-10-16,2022-12-31,61,2022,Q4,USD,USD,9418090000,5520530000.0,5515730000.0,35.4142,152761000.0,155749000.0,155749106.29069695,155749000.0,shares_diluted,2022-10-31,292.54998779296875,45564368048.76709,stockanalysis_fiscal_ai,2022-10-31,1.0,USD,9418090000.0,5520530000.0,5515730000.0,22.965898144891153,0.12115892826805875
SNPS,Synopsys,0000883241,SYNOPSYS INC,Technology,ndxt_only,True,False,2023Q1,2023-01-31,2023-01-16,2023-03-31,59,2023,Q1,USD,USD,9565620000,5642700000.0,5636750000.0,36.3483,152401000.0,155076000.0,155076028.31494182,155076000.0,shares_diluted,2023-01-31,353.75,54858135000.0,stockanalysis_fiscal_ai,2023-01-31,1.0,USD,9565620000.0,5642700000.0,5636750000.0,22.981441257392916,0.10285985843302912
SNPS,Synopsys,0000883241,SYNOPSYS INC,Technology,ndxt_only,True,False,2023Q2,2023-04-30,2023-04-15,2023-06-30,61,2023,Q2,USD,USD,9790730000,5836950000.0,5831860000.0,37.6906,152187000.0,154730000.0,154729826.5349981,154730000.0,shares_diluted,2023-04-28,371.3200073242187,57454344733.27636,stockanalysis_fiscal_ai,2023-04-30,1.0,USD,9790730000.0,5836950000.0,5831860000.0,23.004701856592487,0.10159283909854358
SNPS,Synopsys,0000883241,SYNOPSYS INC,Technology,ndxt_only,True,False,2023Q3,2023-07-31,2023-07-16,2023-09-30,61,2023,Q3,USD,USD,9923230000,5964000000.0,5958560000.0,38.4554,152023000.0,154947000.0,154947289.58741817,154947000.0,shares_diluted,2023-07-31,451.7999877929687,70005052708.55711,stockanalysis_fiscal_ai,2023-07-31,1.0,USD,9923230000.0,5964000000.0,5958560000.0,23.01814431008415,0.08519385057574547
SNPS,Synopsys,0000883241,SYNOPSYS INC,Technology,ndxt_only,True,False,2023Q4,2023-10-31,2023-10-16,2023-12-31,61,2023,Q4,USD,USD,10333100000,6153260000.0,6147310000.0,39.6998,151972000.0,154845000.0,154844860.67939886,154845000.0,shares_diluted,2023-10-31,469.44000244140625,72690437178.03955,stockanalysis_fiscal_ai,2023-10-31,1.0,USD,10333100000.0,6153260000.0,6147310000.0,23.05861817186334,0.08465019937806835
SNPS,Synopsys,0000883241,SYNOPSYS INC,Technology,ndxt_only,True,False,2024Q1,2024-01-31,2024-01-16,2024-03-31,60,2024,Q1,USD,USD,10558300000,6675570000.0,6670980000.0,42.9461,152311000.0,155334000.0,155333778.8530274,155334000.0,shares_diluted,2024-01-31,533.3499755859375,82847385107.66602,stockanalysis_fiscal_ai,2024-01-31,1.0,USD,10558300000.0,6675570000.0,6670980000.0,23.08017811741659,0.08057671333047658
SNPS,Synopsys,0000883241,SYNOPSYS INC,Technology,ndxt_only,True,False,2024Q2,2024-04-30,2024-04-15,2024-06-30,61,2024,Q2,USD,USD,11011800000,7157800000.0,7153160000.0,45.9213,152971000.0,155770000.0,155769980.37947533,155770000.0,shares_diluted,2024-04-30,530.5900268554688,82650008483.27637,stockanalysis_fiscal_ai,2024-04-30,1.0,USD,11011800000.0,7157800000.0,7153160000.0,23.122233262056756,0.08660374186710856
SNPS,Synopsys,0000883241,SYNOPSYS INC,Technology,ndxt_only,True,False,2024Q3,2024-07-31,2024-07-16,2024-09-30,61,2024,Q3,USD,USD,11648700000,7714370000.0,7709400000.0,49.3777,153417000.0,156131000.0,156131209.027557,156131000.0,shares_diluted,2024-07-31,558.3200073242188,87171061063.5376,stockanalysis_fiscal_ai,2024-07-31,1.0,USD,11648700000.0,7714370000.0,7709400000.0,23.178460422748884,0.08849691521337705
SNPS,Synopsys,0000883241,SYNOPSYS INC,Technology,ndxt_only,True,False,2024Q4,2024-11-02,2024-10-18,2024-12-31,59,2024,Q4,USD,USD,13073600000,8993210000.0,8990700000.0,58.3388,154112000.0,154112000.0,154111843.23297703,154112000.0,shares_diluted,2024-11-01,518.4000244140625,79891664562.5,stockanalysis_fiscal_ai,2024-11-02,1.0,USD,13073600000.0,8993210000.0,8990700000.0,23.29386076659472,0.11256756320259828
SNPS,Synopsys,0000883241,SYNOPSYS INC,Technology,ndxt_only,True,False,2025Q1,2025-01-31,2025-01-16,2025-03-31,59,2025,Q1,USD,USD,13041100000,9304900000.0,9304790000.0,59.5739,154408000.0,156189000.0,156189035.8025914,156189000.0,shares_diluted,2025-01-31,525.47998046875,82074192669.4336,stockanalysis_fiscal_ai,2025-01-31,1.0,USD,13041100000.0,9304900000.0,9304790000.0,23.291371745715384,0.11337181271434386
SNPS,Synopsys,0000883241,SYNOPSYS INC,Technology,ndxt_only,True,False,2025Q2,2025-04-30,2025-04-15,2025-06-30,61,2025,Q2,USD,USD,23756500000,9915610000.0,9915720000.0,63.5265,154927000.0,156088000.0,156087931.80798563,156088000.0,shares_diluted,2025-04-30,459.010009765625,71645954404.29688,stockanalysis_fiscal_ai,2025-04-30,1.0,USD,23756500000.0,9915610000.0,9915720000.0,23.891122014192895,0.13839734682081817
SNPS,Synopsys,0000883241,SYNOPSYS INC,Technology,ndxt_only,True,False,2025Q3,2025-07-31,2025-07-16,2025-09-30,61,2025,Q3,USD,USD,48230300000,27614200000.0,27614500000.0,170.795,160174000.0,161682000.0,161682133.55191898,161682000.0,shares_diluted,2025-07-31,633.469970703125,102420691803.22266,stockanalysis_fiscal_ai,2025-07-31,1.0,USD,48230300000.0,27614200000.0,27614500000.0,24.599253291202846,0.26961544111666624
SNPS,Synopsys,0000883241,SYNOPSYS INC,Technology,ndxt_only,True,False,2025Q4,2025-10-31,2025-10-16,2025-12-31,61,2025,Q4,USD,USD,48224500000,28327000000.0,28327600000.0,151.079,185779000.0,187502000.0,187501902.97791222,187502000.0,shares_diluted,2025-10-31,453.8200073242187,85092159013.30565,stockanalysis_fiscal_ai,2025-10-31,1.0,USD,48224500000.0,28327000000.0,28327600000.0,24.599133027618098,0.332897887754506
SNPS,Synopsys,0000883241,SYNOPSYS INC,Technology,ndxt_only,True,False,2026Q1,2026-01-31,2026-01-16,2026-03-31,59,2026,Q1,USD,USD,47237900000,30548000000.0,30548800000.0,160.141,189593000.0,190762000.0,190761891.08348268,190762000.0,shares_diluted,2026-01-30,465.1199951171875,88727220508.54492,stockanalysis_fiscal_ai,2026-01-31,1.0,USD,47237900000.0,30548000000.0,30548800000.0,24.578462373434803,0.34429118623250526
STX,Seagate Technology,0001137789,Seagate Technology Holdings plc,Technology,ndxt_only,True,False,2022Q1,2022-04-01,2022-03-17,2022-03-31,1,2022,Q3,USD,USD,9145000000,421000000.0,421000000.0,1.8964,218000000.0,222000000.0,221999578.14807,222000000.0,shares_diluted,2022-04-01,89.41999816894531,19851239593.50586,stockanalysis_fiscal_ai,2022-04-01,1.0,USD,9145000000.0,421000000.0,421000000.0,22.93647311878924,0.021207743628147337
STX,Seagate Technology,0001137789,Seagate Technology Holdings plc,Technology,ndxt_only,True,False,2022Q2,2022-07-01,2022-06-16,2022-06-30,1,2022,Q4,USD,USD,8944000000,109000000.0,109000000.0,0.502304,213000000.0,217000000.0,217000063.70644075,217000000.0,shares_diluted,2022-07-01,69.08999633789062,14992529205.322266,stockanalysis_fiscal_ai,2022-07-01,1.0,USD,8944000000.0,109000000.0,109000000.0,22.914248753359153,0.007270287655087949
STX,Seagate Technology,0001137789,Seagate Technology Holdings plc,Technology,ndxt_only,True,False,2022Q3,2022-09-30,2022-09-15,2022-09-30,0,2023,Q1,USD,USD,8611000000,-351000000.0,-351000000.0,-1.67143,208000000.0,210000000.0,209999820.51297393,210000000.0,shares_diluted,2022-09-30,53.22999954223633,11178299903.869629,stockanalysis_fiscal_ai,2022-09-30,1.0,USD,8611000000.0,-351000000.0,-351000000.0,22.876306292660438,-0.031400123723509435
STX,Seagate Technology,0001137789,Seagate Technology Holdings plc,Technology,ndxt_only,True,False,2022Q4,2022-12-30,2022-12-15,2022-12-31,1,2023,Q2,USD,USD,7867000000,-470000000.0,-470000000.0,-2.28155,206000000.0,206000000.0,206000306.80896756,206000000.0,shares_diluted,2022-12-30,52.61000061035156,10837660125.732422,stockanalysis_fiscal_ai,2022-12-30,1.0,USD,7867000000.0,-470000000.0,-470000000.0,22.785942632293516,-0.04336729465099708
STX,Seagate Technology,0001137789,Seagate Technology Holdings plc,Technology,ndxt_only,True,False,2023Q1,2023-03-31,2023-03-16,2023-03-31,0,2023,Q3,USD,USD,7967000000,-1004000000.0,-1004000000.0,-4.85024,207000000.0,207000000.0,207000065.97611663,207000000.0,shares_diluted,2023-03-31,66.12000274658203,13686840568.54248,stockanalysis_fiscal_ai,2023-03-31,1.0,USD,7967000000.0,-1004000000.0,-1004000000.0,22.79857384734464,-0.0733551322507234
STX,Seagate Technology,0001137789,Seagate Technology Holdings plc,Technology,ndxt_only,True,False,2023Q2,2023-06-30,2023-06-15,2023-06-30,0,2023,Q4,USD,USD,7556000000,-1199000000.0,-1199000000.0,-5.79227,207000000.0,207000000.0,207000018.9908274,207000000.0,shares_diluted,2023-06-30,61.869998931884766,12807089778.900146,stockanalysis_fiscal_ai,2023-06-30,1.0,USD,7556000000.0,-1199000000.0,-1199000000.0,22.745607786585673,-0.0936200199029891
STX,Seagate Technology,0001137789,Seagate Technology Holdings plc,Technology,ndxt_only,True,False,2023Q3,2023-09-29,2023-09-14,2023-09-30,1,2024,Q1,USD,USD,7196000000,-1702000000.0,-1702000000.0,-8.18269,208000000.0,208000000.0,208000058.6604161,208000000.0,shares_diluted,2023-09-29,65.94999694824219,13717599365.234375,stockanalysis_fiscal_ai,2023-09-29,1.0,USD,7196000000.0,-1702000000.0,-1702000000.0,22.6967911530347,-0.12407418781405125
STX,Seagate Technology,0001137789,Seagate Technology Holdings plc,Technology,ndxt_only,True,False,2023Q4,2023-12-29,2023-12-14,2023-12-31,2,2024,Q2,USD,USD,7149000000,-1814000000.0,-1814000000.0,-8.67943,209000000.0,209000000.0,208999899.76300287,209000000.0,shares_diluted,2023-12-29,85.37000274658203,17842330574.035645,stockanalysis_fiscal_ai,2023-12-29,1.0,USD,7149000000.0,-1814000000.0,-1814000000.0,22.690238323731126,-0.10166833264706757
STX,Seagate Technology,0001137789,Seagate Technology Holdings plc,Technology,ndxt_only,True,False,2024Q1,2024-03-29,2024-03-14,2024-03-31,2,2024,Q3,USD,USD,7096000000,-1889000000.0,-1889000000.0,-8.86854,210000000.0,213000000.0,213000110.50296894,213000000.0,shares_diluted,2024-03-28,93.0500030517578,19819650650.02441,stockanalysis_fiscal_ai,2024-03-29,1.0,USD,7096000000.0,-1889000000.0,-1889000000.0,22.68279708195369,-0.0953094498664977
STX,Seagate Technology,0001137789,Seagate Technology Holdings plc,Technology,ndxt_only,True,False,2024Q2,2024-06-28,2024-06-13,2024-06-30,2,2024,Q4,USD,USD,7739000000,-1491000000.0,-1491000000.0,-6.93488,210000000.0,215000000.0,215000115.3588815,215000000.0,shares_diluted,2024-06-28,103.2699966430664,22203049278.259277,stockanalysis_fiscal_ai,2024-06-28,1.0,USD,7739000000.0,-1491000000.0,-1491000000.0,22.769538317234733,-0.0671529383786016
STX,Seagate Technology,0001137789,Seagate Technology Holdings plc,Technology,ndxt_only,True,False,2024Q3,2024-09-27,2024-09-12,2024-09-30,3,2025,Q1,USD,USD,7972000000,-1300000000.0,-1300000000.0,-6.01852,211000000.0,216000000.0,215999946.83078232,216000000.0,shares_diluted,2024-09-27,108.73999786376952,23487839538.574215,stockanalysis_fiscal_ai,2024-09-27,1.0,USD,7972000000.0,-1300000000.0,-1300000000.0,22.79920123929696,-0.05534778955999774
STX,Seagate Technology,0001137789,Seagate Technology Holdings plc,Technology,ndxt_only,True,False,2024Q4,2024-12-27,2024-12-12,2024-12-31,4,2025,Q2,USD,USD,7959000000,-1079000000.0,-1079000000.0,-4.97235,212000000.0,217000000.0,217000010.05560753,217000000.0,shares_diluted,2024-12-27,87.38999938964844,18963629867.55371,stockanalysis_fiscal_ai,2024-12-27,1.0,USD,7959000000.0,-1079000000.0,-1079000000.0,22.797569200770123,-0.056898389577099986
STX,Seagate Technology,0001137789,Seagate Technology Holdings plc,Technology,ndxt_only,True,False,2025Q1,2025-03-28,2025-03-13,2025-03-31,3,2025,Q3,USD,USD,7564000000,-829000000.0,-829000000.0,-3.83796,212000000.0,216000000.0,216000166.7552554,216000000.0,shares_diluted,2025-03-28,84.91999816894531,18342719604.492188,stockanalysis_fiscal_ai,2025-03-28,1.0,USD,7564000000.0,-829000000.0,-829000000.0,22.746665987742624,-0.045195042931200635
STX,Seagate Technology,0001137789,Seagate Technology Holdings plc,Technology,ndxt_only,True,False,2025Q2,2025-06-27,2025-06-12,2025-06-30,3,2025,Q4,USD,USD,8023000000,-453000000.0,-453000000.0,-2.07798,212000000.0,218000000.0,218000173.24517077,218000000.0,shares_diluted,2025-06-27,141.44000244140625,30833920532.226562,stockanalysis_fiscal_ai,2025-06-27,1.0,USD,8023000000.0,-453000000.0,-453000000.0,22.80557825371793,-0.014691612100593561
STX,Seagate Technology,0001137789,Seagate Technology Holdings plc,Technology,ndxt_only,True,False,2025Q3,2025-10-03,2025-09-18,2025-09-30,3,2026,Q1,USD,USD,8442000000,-63000000.0,-63000000.0,-0.278761,213000000.0,226000000.0,226000050.22223338,226000000.0,shares_diluted,2025-10-03,252.7899932861328,57130538482.666016,stockanalysis_fiscal_ai,2025-10-03,1.0,USD,8442000000.0,-63000000.0,-63000000.0,22.85648508430672,-0.0011027377243978688
STX,Seagate Technology,0001137789,Seagate Technology Holdings plc,Technology,ndxt_only,True,False,2025Q4,2026-01-02,2025-12-18,2025-12-31,2,2026,Q2,USD,USD,8708000000,459000000.0,459000000.0,2.01316,216000000.0,228000000.0,227999761.56887677,228000000.0,shares_diluted,2026-01-02,287.5400085449219,65559121948.24219,stockanalysis_fiscal_ai,2026-01-02,1.0,USD,8708000000.0,459000000.0,459000000.0,22.887507980318713,0.007001314025565698
STX,Seagate Technology,0001137789,Seagate Technology Holdings plc,Technology,ndxt_only,True,False,2026Q1,2026-04-03,2026-03-19,2026-03-31,3,2026,Q3,USD,USD,8892000000,1095000000.0,1095000000.0,4.78166,221000000.0,229000000.0,228999970.72146496,229000000.0,shares_diluted,2026-04-02,429.3599853515625,98323436645.50781,stockanalysis_fiscal_ai,2026-04-03,1.0,USD,8892000000.0,1095000000.0,1095000000.0,22.90841783304836,0.011136714066940908
TRI,Thomson Reuters,0001075124,THOMSON REUTERS CORP /CAN/,Technology,ndxt_only,True,False,2022Q1,2022-03-31,2022-03-16,2022-03-31,0,2022,Q1,USD,USD,22829000000,14625000000.0,14625000000.0,31.6089,461922000.0,462686000.0,462686142.1941289,462686000.0,shares_diluted,2022-03-31,113.03218841552734,52298411129.226685,stockanalysis_fiscal_ai,2022-03-31,1.0,USD,22829000000.0,14625000000.0,14625000000.0,23.851297494513886,0.279645206885203
TRI,Thomson Reuters,0001075124,THOMSON REUTERS CORP /CAN/,Technology,ndxt_only,True,False,2022Q2,2022-06-30,2022-06-15,2022-06-30,0,2022,Q2,USD,USD,21799000000,13353000000.0,13353000000.0,27.8391,479649000.0,479649000.0,479649126.58814406,479649000.0,shares_diluted,2022-06-30,108.2139129638672,51904695139.20594,stockanalysis_fiscal_ai,2022-06-30,1.0,USD,21799000000.0,13353000000.0,13353000000.0,23.80512993412969,0.2572599639432981
TRI,Thomson Reuters,0001075124,THOMSON REUTERS CORP /CAN/,Technology,ndxt_only,True,False,2022Q3,2022-09-30,2022-09-15,2022-09-30,0,2022,Q3,USD,USD,21162000000,12278000000.0,12278000000.0,25.7715,475644000.0,476417000.0,476417748.2878373,476417000.0,shares_diluted,2022-09-30,106.56282806396484,50768342857.74994,stockanalysis_fiscal_ai,2022-09-30,1.0,USD,21162000000.0,12278000000.0,12278000000.0,23.77547295742838,0.2418436235825595
TRI,Thomson Reuters,0001075124,THOMSON REUTERS CORP /CAN/,Technology,ndxt_only,True,False,2022Q4,2022-12-31,2022-12-16,2022-12-31,0,2022,Q4,USD,USD,21711000000,11885000000.0,11885000000.0,25.1741,471214000.0,472112000.0,472112210.565621,472112000.0,shares_diluted,2022-12-30,118.45275115966795,55922965255.49316,stockanalysis_fiscal_ai,2022-12-31,1.0,USD,21711000000.0,11885000000.0,11885000000.0,23.80108488149851,0.21252449589719438
TRI,Thomson Reuters,0001075124,THOMSON REUTERS CORP /CAN/,Technology,ndxt_only,True,False,2023Q1,2023-03-31,2023-03-16,2023-03-31,0,2023,Q1,USD,USD,21035000000,12479000000.0,12479000000.0,26.7307,465962000.0,466842000.0,466841496.85567534,466842000.0,shares_diluted,2023-03-31,135.11941528320312,63079418069.64111,stockanalysis_fiscal_ai,2023-03-31,1.0,USD,21035000000.0,12479000000.0,12479000000.0,23.769453553988896,0.19782997976016362
TRI,Thomson Reuters,0001075124,THOMSON REUTERS CORP /CAN/,Technology,ndxt_only,True,False,2023Q2,2023-06-30,2023-06-15,2023-06-30,0,2023,Q2,USD,USD,20889000000,11201000000.0,11201000000.0,24.186,462504000.0,463120000.0,463119159.84453815,463120000.0,shares_diluted,2023-06-30,134.94000244140625,62493413930.66406,stockanalysis_fiscal_ai,2023-06-30,1.0,USD,20889000000.0,11201000000.0,11201000000.0,23.762488541574932,0.17923488725431802
TRI,Thomson Reuters,0001075124,THOMSON REUTERS CORP /CAN/,Technology,ndxt_only,True,False,2023Q3,2023-09-30,2023-09-15,2023-09-30,0,2023,Q3,USD,USD,19349000000,11192000000.0,11192000000.0,24.9254,448426000.0,449021000.0,449019875.30791885,449021000.0,shares_diluted,2023-09-29,122.31999969482422,54924248582.969666,stockanalysis_fiscal_ai,2023-09-30,1.0,USD,19349000000.0,11192000000.0,11192000000.0,23.6859065755002,0.20377156335772426
TRI,Thomson Reuters,0001075124,THOMSON REUTERS CORP /CAN/,Technology,ndxt_only,True,False,2023Q4,2023-12-31,2023-12-16,2023-12-31,0,2023,Q4,USD,USD,18684000000,11064000000.0,11064000000.0,24.6884,447493000.0,448146000.0,448145687.8534048,448146000.0,shares_diluted,2023-12-29,146.22000122070312,65527908667.05322,stockanalysis_fiscal_ai,2023-12-31,1.0,USD,18684000000.0,11064000000.0,11064000000.0,23.650933379586274,0.1688440883443434
TRI,Thomson Reuters,0001075124,THOMSON REUTERS CORP /CAN/,Technology,ndxt_only,True,False,2024Q1,2024-03-31,2024-03-16,2024-03-31,0,2024,Q1,USD,USD,18816000000,11035000000.0,11035000000.0,24.7513,445145000.0,445835000.0,445835168.2537887,445835000.0,shares_diluted,2024-03-28,155.8300018310547,69474468866.34827,stockanalysis_fiscal_ai,2024-03-31,1.0,USD,18816000000.0,11035000000.0,11035000000.0,23.657973408662627,0.15883532728013533
TRI,Thomson Reuters,0001075124,THOMSON REUTERS CORP /CAN/,Technology,ndxt_only,True,False,2024Q2,2024-06-30,2024-06-15,2024-06-30,0,2024,Q2,USD,USD,18378000000,11616000000.0,11616000000.0,26.1651,443411000.0,443949000.0,443950147.33366203,443949000.0,shares_diluted,2024-06-28,168.57000732421875,74836486181.57959,stockanalysis_fiscal_ai,2024-06-30,1.0,USD,18378000000.0,11616000000.0,11616000000.0,23.634420134025106,0.15521840472059986
TRI,Thomson Reuters,0001075124,THOMSON REUTERS CORP /CAN/,Technology,ndxt_only,True,False,2024Q3,2024-09-30,2024-09-15,2024-09-30,0,2024,Q3,USD,USD,18431000000,11873000000.0,11873000000.0,26.7709,442941000.0,443504000.0,443503953.92011476,443504000.0,shares_diluted,2024-09-30,170.60000610351562,75661785106.9336,stockanalysis_fiscal_ai,2024-09-30,1.0,USD,18431000000.0,11873000000.0,11873000000.0,23.637299866515896,0.1569220179410222
TRI,Thomson Reuters,0001075124,THOMSON REUTERS CORP /CAN/,Technology,ndxt_only,True,False,2024Q4,2024-12-31,2024-12-16,2024-12-31,0,2024,Q4,USD,USD,18437000000,12006000000.0,12006000000.0,27.0623,443128000.0,443643000.0,443643001.5187179,443643000.0,shares_diluted,2024-12-31,160.3800048828125,71151466506.22559,stockanalysis_fiscal_ai,2024-12-31,1.0,USD,18437000000.0,12006000000.0,12006000000.0,23.637625352034664,0.16873861621600594
TRI,Thomson Reuters,0001075124,THOMSON REUTERS CORP /CAN/,Technology,ndxt_only,True,False,2025Q1,2025-03-31,2025-03-16,2025-03-31,0,2025,Q1,USD,USD,18478000000,12296000000.0,12296000000.0,27.2742,450290000.0,450829000.0,450828988.56795067,450829000.0,shares_diluted,2025-03-31,172.77999877929688,77894234069.67163,stockanalysis_fiscal_ai,2025-03-31,1.0,USD,18478000000.0,12296000000.0,12296000000.0,23.639846672194963,0.1578550729313543
TRI,Thomson Reuters,0001075124,THOMSON REUTERS CORP /CAN/,Technology,ndxt_only,True,False,2025Q2,2025-06-30,2025-06-15,2025-06-30,0,2025,Q2,USD,USD,17966000000,12616000000.0,12616000000.0,28.3992,443715000.0,444238000.0,444237865.8553762,444238000.0,shares_diluted,2025-06-30,201.1300048828125,89349591109.13086,stockanalysis_fiscal_ai,2025-06-30,1.0,USD,17966000000.0,12616000000.0,12616000000.0,23.611746919753426,0.14119818393562564
TRI,Thomson Reuters,0001075124,THOMSON REUTERS CORP /CAN/,Technology,ndxt_only,True,False,2025Q3,2025-09-30,2025-09-15,2025-09-30,0,2025,Q3,USD,USD,17850000000,11761000000.0,11761000000.0,26.5287,442839000.0,443331000.0,443331184.7169292,443331000.0,shares_diluted,2025-09-30,155.3300018310547,68862605041.7633,stockanalysis_fiscal_ai,2025-09-30,1.0,USD,17850000000.0,11761000000.0,11761000000.0,23.605269345172058,0.1707893564710088
TRI,Thomson Reuters,0001075124,THOMSON REUTERS CORP /CAN/,Technology,ndxt_only,True,False,2025Q4,2025-12-31,2025-12-16,2025-12-31,0,2025,Q4,USD,USD,17940000000,11914000000.0,11914000000.0,27.1564,438341000.0,438718000.0,438717944.9411557,438718000.0,shares_diluted,2025-12-31,131.88999938964844,57862516752.22778,stockanalysis_fiscal_ai,2025-12-31,1.0,USD,17940000000.0,11914000000.0,11914000000.0,23.61029869357706,0.20590186304921304
TRI,Thomson Reuters,0001075124,THOMSON REUTERS CORP /CAN/,Technology,ndxt_only,True,False,2026Q1,2026-03-31,2026-03-16,2026-03-31,0,2026,Q1,USD,USD,17944000000,11812000000.0,11812000000.0,26.5643,444562000.0,444657000.0,444656926.77766776,444657000.0,shares_diluted,2026-03-31,89.9800033569336,40010238352.68402,stockanalysis_fiscal_ai,2026-03-31,1.0,USD,17944000000.0,11812000000.0,11812000000.0,23.610521634164318,0.29522443470291426
TXN,Texas Instruments,0000097476,TEXAS INSTRUMENTS INC,Technology,ndxt_sox,True,True,2022Q1,2022-03-31,2022-03-16,2022-03-31,0,2022,Q1,USD,USD,25276000000,14017000000.0,14017000000.0,15.0075,923000000.0,934000000.0,933999666.83325,934000000.0,shares_diluted,2022-03-31,183.47999572753903,171370316009.52145,stockanalysis_fiscal_ai,2022-03-31,1.0,USD,25276000000.0,14017000000.0,14017000000.0,23.95312116585762,0.08179362871234483
TXN,Texas Instruments,0000097476,TEXAS INSTRUMENTS INC,Technology,ndxt_sox,True,True,2022Q2,2022-06-30,2022-06-15,2022-06-30,0,2022,Q2,USD,USD,24723000000,14092000000.0,14092000000.0,15.1527,920000000.0,930000000.0,929999274.0567688,930000000.0,shares_diluted,2022-06-30,153.64999389648438,142894494323.73047,stockanalysis_fiscal_ai,2022-06-30,1.0,USD,24723000000.0,14092000000.0,14092000000.0,23.93099982139577,0.09861821525519576
TXN,Texas Instruments,0000097476,TEXAS INSTRUMENTS INC,Technology,ndxt_sox,True,True,2022Q3,2022-09-30,2022-09-15,2022-09-30,0,2022,Q3,USD,USD,26057000000,14507000000.0,14507000000.0,15.7172,913000000.0,923000000.0,923001552.4393657,923000000.0,shares_diluted,2022-09-30,154.77999877929688,142861938873.29102,stockanalysis_fiscal_ai,2022-09-30,1.0,USD,26057000000.0,14507000000.0,14507000000.0,23.98355228306016,0.10154559089994389
TXN,Texas Instruments,0000097476,TEXAS INSTRUMENTS INC,Technology,ndxt_sox,True,True,2022Q4,2022-12-31,2022-12-16,2022-12-31,0,2022,Q4,USD,USD,27207000000,14577000000.0,14577000000.0,15.9138,906000000.0,916000000.0,915997436.18746,916000000.0,shares_diluted,2022-12-30,165.22000122070312,151341521118.16406,stockanalysis_fiscal_ai,2022-12-31,1.0,USD,27207000000.0,14577000000.0,14577000000.0,24.02674013007995,0.09631857729656758
TXN,Texas Instruments,0000097476,TEXAS INSTRUMENTS INC,Technology,ndxt_sox,True,True,2023Q1,2023-03-31,2023-03-16,2023-03-31,0,2023,Q1,USD,USD,29220000000,15243000000.0,15243000000.0,16.6408,907000000.0,916000000.0,916001634.5368012,916000000.0,shares_diluted,2023-03-31,186.0099945068359,170385154968.2617,stockanalysis_fiscal_ai,2023-03-31,1.0,USD,29220000000.0,15243000000.0,15243000000.0,24.098119243268965,0.08946201916968279
TXN,Texas Instruments,0000097476,TEXAS INSTRUMENTS INC,Technology,ndxt_sox,True,True,2023Q2,2023-06-30,2023-06-15,2023-06-30,0,2023,Q2,USD,USD,30939000000,15940000000.0,15940000000.0,17.4017,908000000.0,916000000.0,916002459.5298159,916000000.0,shares_diluted,2023-06-30,180.02000427246094,164898323913.57422,stockanalysis_fiscal_ai,2023-06-30,1.0,USD,30939000000.0,15940000000.0,15940000000.0,24.155283360948452,0.0966656277740846
TXN,Texas Instruments,0000097476,TEXAS INSTRUMENTS INC,Technology,ndxt_sox,True,True,2023Q3,2023-09-30,2023-09-15,2023-09-30,0,2023,Q3,USD,USD,31638000000,16631000000.0,16631000000.0,18.1561,908000000.0,916000000.0,916000682.9660555,916000000.0,shares_diluted,2023-09-29,159.00999450683594,145653154968.26172,stockanalysis_fiscal_ai,2023-09-30,1.0,USD,31638000000.0,16631000000.0,16631000000.0,24.1776247667228,0.11418221598855134
TXN,Texas Instruments,0000097476,TEXAS INSTRUMENTS INC,Technology,ndxt_sox,True,True,2023Q4,2023-12-31,2023-12-16,2023-12-31,0,2023,Q4,USD,USD,32348000000,16897000000.0,16897000000.0,18.4667,908000000.0,915000000.0,914998348.3784325,915000000.0,shares_diluted,2023-12-29,170.4600067138672,155970906143.18848,stockanalysis_fiscal_ai,2023-12-31,1.0,USD,32348000000.0,16897000000.0,16897000000.0,24.199818032179987,0.10833430681288583
TXN,Texas Instruments,0000097476,TEXAS INSTRUMENTS INC,Technology,ndxt_sox,True,True,2024Q1,2024-03-31,2024-03-16,2024-03-31,0,2024,Q1,USD,USD,34885000000,16983000000.0,16983000000.0,18.5202,910000000.0,917000000.0,916998736.5147245,917000000.0,shares_diluted,2024-03-28,174.2100067138672,159750576156.6162,stockanalysis_fiscal_ai,2024-03-31,1.0,USD,34885000000.0,16983000000.0,16983000000.0,24.27532277433761,0.10630947573766628
TXN,Texas Instruments,0000097476,TEXAS INSTRUMENTS INC,Technology,ndxt_sox,True,True,2024Q2,2024-06-30,2024-06-15,2024-06-30,0,2024,Q2,USD,USD,35048000000,17214000000.0,17214000000.0,18.7312,912000000.0,919000000.0,919001452.1226616,919000000.0,shares_diluted,2024-06-28,194.52999877929688,178773068878.17383,stockanalysis_fiscal_ai,2024-06-30,1.0,USD,35048000000.0,17214000000.0,17214000000.0,24.279984387458008,0.09628967107864889
TXN,Texas Instruments,0000097476,TEXAS INSTRUMENTS INC,Technology,ndxt_sox,True,True,2024Q3,2024-09-30,2024-09-15,2024-09-30,0,2024,Q3,USD,USD,35321000000,17268000000.0,17268000000.0,18.7696,913000000.0,920000000.0,919998295.1155059,920000000.0,shares_diluted,2024-09-30,206.57000732421875,190044406738.28125,stockanalysis_fiscal_ai,2024-09-30,1.0,USD,35321000000.0,17268000000.0,17268000000.0,24.287743524852157,0.09086297406153365
TXN,Texas Instruments,0000097476,TEXAS INSTRUMENTS INC,Technology,ndxt_sox,True,True,2024Q4,2024-12-31,2024-12-16,2024-12-31,0,2024,Q4,USD,USD,35509000000,16903000000.0,16903000000.0,18.3928,912000000.0,919000000.0,919000913.400896,919000000.0,shares_diluted,2024-12-31,187.5099945068359,172321684951.7822,stockanalysis_fiscal_ai,2024-12-31,1.0,USD,35509000000.0,16903000000.0,16903000000.0,24.293052022423492,0.09808980224821777
TXN,Texas Instruments,0000097476,TEXAS INSTRUMENTS INC,Technology,ndxt_sox,True,True,2025Q1,2025-03-31,2025-03-16,2025-03-31,0,2025,Q1,USD,USD,33757000000,16406000000.0,16406000000.0,17.9105,910000000.0,916000000.0,915998995.0029312,916000000.0,shares_diluted,2025-03-31,179.6999969482422,164605197204.58984,stockanalysis_fiscal_ai,2025-03-31,1.0,USD,33757000000.0,16406000000.0,16406000000.0,24.242453640166413,0.09966878493884236
TXN,Texas Instruments,0000097476,TEXAS INSTRUMENTS INC,Technology,ndxt_sox,True,True,2025Q2,2025-06-30,2025-06-15,2025-06-30,0,2025,Q2,USD,USD,34933000000,16403000000.0,16403000000.0,17.9857,908000000.0,912000000.0,912002312.9486202,912000000.0,shares_diluted,2025-06-30,207.6199951171875,189349435546.875,stockanalysis_fiscal_ai,2025-06-30,1.0,USD,34933000000.0,16403000000.0,16403000000.0,24.276697778134984,0.08662819592054873
TXN,Texas Instruments,0000097476,TEXAS INSTRUMENTS INC,Technology,ndxt_sox,True,True,2025Q3,2025-09-30,2025-09-15,2025-09-30,0,2025,Q3,USD,USD,35004000000,16627000000.0,16627000000.0,18.1915,909000000.0,914000000.0,913998295.9074292,914000000.0,shares_diluted,2025-09-30,183.72999572753903,167929216094.97067,stockanalysis_fiscal_ai,2025-09-30,1.0,USD,35004000000.0,16627000000.0,16627000000.0,24.278728177619996,0.09901195507633864
TXN,Texas Instruments,0000097476,TEXAS INSTRUMENTS INC,Technology,ndxt_sox,True,True,2025Q4,2025-12-31,2025-12-16,2025-12-31,0,2025,Q4,USD,USD,34585000000,16273000000.0,16273000000.0,17.8628,907000000.0,911000000.0,910999395.3915399,911000000.0,shares_diluted,2025-12-31,173.49000549316406,158049395004.27246,stockanalysis_fiscal_ai,2025-12-31,1.0,USD,34585000000.0,16273000000.0,16273000000.0,24.266685898998958,0.10296148238694683
TXN,Texas Instruments,0000097476,TEXAS INSTRUMENTS INC,Technology,ndxt_sox,True,True,2026Q1,2026-03-31,2026-03-16,2026-03-31,0,2026,Q1,USD,USD,34393000000,16778000000.0,16778000000.0,18.3567,909000000.0,914000000.0,913998703.4706674,914000000.0,shares_diluted,2026-03-31,194.13999938964844,177443959442.13867,stockanalysis_fiscal_ai,2026-03-31,1.0,USD,34393000000.0,16778000000.0,16778000000.0,24.261118892247104,0.09455379632390928
WDAY,"Workday, Inc.",0001327811,"Workday, Inc.",Technology,ndxt_only,True,False,2022Q1,2022-01-31,2022-01-16,2022-03-31,59,2022,Q4,USD,USD,10498500000,4535080000.0,4535080000.0,18.1372,250043000.0,250043000.0,250043005.53558433,250043000.0,shares_diluted,2022-01-31,253.0099945068359,63263378056.47277,stockanalysis_fiscal_ai,2022-01-31,1.0,USD,10498500000.0,4535080000.0,4535080000.0,23.07449822676198,0.0716857072657693
WDAY,"Workday, Inc.",0001327811,"Workday, Inc.",Technology,ndxt_only,True,False,2022Q2,2022-04-30,2022-04-15,2022-06-30,61,2023,Q1,USD,USD,12799100000,4780810000.0,4780810000.0,18.9908,251743000.0,251743000.0,251743475.78827643,251743000.0,shares_diluted,2022-04-29,206.6999969482422,52035277331.74133,stockanalysis_fiscal_ai,2022-04-30,1.0,USD,12799100000.0,4780810000.0,4780810000.0,23.272640692899945,0.09187632400843808
WDAY,"Workday, Inc.",0001327811,"Workday, Inc.",Technology,ndxt_only,True,False,2022Q3,2022-07-31,2022-07-16,2022-09-30,61,2023,Q2,USD,USD,13249600000,5127810000.0,5127810000.0,20.16,254355000.0,254355000.0,254355654.76190475,254355000.0,shares_diluted,2022-07-29,155.10000610351562,39450462052.45972,stockanalysis_fiscal_ai,2022-07-31,1.0,USD,13249600000.0,5127810000.0,5127810000.0,23.30723320024371,0.12998098712205788
WDAY,"Workday, Inc.",0001327811,"Workday, Inc.",Technology,ndxt_only,True,False,2022Q4,2022-10-31,2022-10-16,2022-12-31,61,2023,Q3,USD,USD,12389800000,5409110000.0,5409110000.0,21.1497,255753000.0,255753000.0,255753509.506045,255753000.0,shares_diluted,2022-10-31,155.82000732421875,39851434333.19092,stockanalysis_fiscal_ai,2022-10-31,1.0,USD,12389800000.0,5409110000.0,5409110000.0,23.240139390407137,0.13573187742191087
WDAY,"Workday, Inc.",0001327811,"Workday, Inc.",Technology,ndxt_only,True,False,2023Q1,2023-01-31,2023-01-16,2023-03-31,59,2023,Q4,USD,USD,13486000000,5585000000.0,5585000000.0,21.7043,257322000.0,257322000.0,257322281.7598356,257322000.0,shares_diluted,2023-01-31,181.42999267578125,46685928575.31738,stockanalysis_fiscal_ai,2023-01-31,1.0,USD,13486000000.0,5585000000.0,5585000000.0,23.3249179472588,0.1196291938584844
WDAY,"Workday, Inc.",0001327811,"Workday, Inc.",Technology,ndxt_only,True,False,2023Q2,2023-04-30,2023-04-15,2023-06-30,61,2024,Q1,USD,USD,13252800000,5941860000.0,5941860000.0,22.7334,258820000.0,261371000.0,261371374.2774948,261371000.0,shares_diluted,2023-04-28,186.13999938964844,48651597780.4718,stockanalysis_fiscal_ai,2023-04-30,1.0,USD,13252800000.0,5941860000.0,5941860000.0,23.307474687808273,0.12213082963505456
WDAY,"Workday, Inc.",0001327811,"Workday, Inc.",Technology,ndxt_only,True,False,2023Q3,2023-07-31,2023-07-16,2023-09-30,61,2024,Q2,USD,USD,13735300000,6274550000.0,6274550000.0,23.7281,261191000.0,264435000.0,264435416.23644537,264435000.0,shares_diluted,2023-07-31,237.1300048828125,62705472841.18652,stockanalysis_fiscal_ai,2023-07-31,1.0,USD,13735300000.0,6274550000.0,6274550000.0,23.34323499826458,0.10006383359697303
WDAY,"Workday, Inc.",0001327811,"Workday, Inc.",Technology,ndxt_only,True,False,2023Q4,2023-10-31,2023-10-16,2023-12-31,61,2024,Q3,USD,USD,13925900000,6624920000.0,6624920000.0,24.8705,262153000.0,266377000.0,266376630.94831225,266377000.0,shares_diluted,2023-10-31,211.7100067138672,56394676458.4198,stockanalysis_fiscal_ai,2023-10-31,1.0,USD,13925900000.0,6624920000.0,6624920000.0,23.357016252628117,0.11747420884459903
WDAY,"Workday, Inc.",0001327811,"Workday, Inc.",Technology,ndxt_only,True,False,2024Q1,2024-01-31,2024-01-16,2024-03-31,60,2024,Q4,USD,USD,16452000000,8082000000.0,8082000000.0,30.0622,263102000.0,268843000.0,268842599.6766704,268843000.0,shares_diluted,2024-01-31,291.07000732421875,78252133979.06494,stockanalysis_fiscal_ai,2024-01-31,1.0,USD,16452000000.0,8082000000.0,8082000000.0,23.523712887314588,0.1032815284265884
WDAY,"Workday, Inc.",0001327811,"Workday, Inc.",Technology,ndxt_only,True,False,2024Q2,2024-04-30,2024-04-15,2024-06-30,61,2025,Q1,USD,USD,15941000000,8163000000.0,8163000000.0,30.2,264444000.0,270298000.0,270298013.24503314,270298000.0,shares_diluted,2024-04-30,244.72999572753903,66150028385.162346,stockanalysis_fiscal_ai,2024-04-30,1.0,USD,15941000000.0,8163000000.0,8163000000.0,23.492160243597922,0.12340130759234845
WDAY,"Workday, Inc.",0001327811,"Workday, Inc.",Technology,ndxt_only,True,False,2024Q3,2024-07-31,2024-07-16,2024-09-30,61,2025,Q2,USD,USD,16234000000,8345000000.0,8345000000.0,31.144,265317000.0,267949000.0,267948882.6098125,267949000.0,shares_diluted,2024-07-31,227.1199951171875,60856575571.65527,stockanalysis_fiscal_ai,2024-07-31,1.0,USD,16234000000.0,8345000000.0,8345000000.0,23.510373645285394,0.1371256913753588
WDAY,"Workday, Inc.",0001327811,"Workday, Inc.",Technology,ndxt_only,True,False,2024Q4,2024-10-31,2024-10-16,2024-12-31,61,2025,Q3,USD,USD,16424000000,8624000000.0,8624000000.0,32.1133,265411000.0,268549000.0,268549168.10168993,268549000.0,shares_diluted,2024-10-31,233.8500061035156,62800185289.09301,stockanalysis_fiscal_ai,2024-10-31,1.0,USD,16424000000.0,8624000000.0,8624000000.0,23.522009516663044,0.13732443559362867
WDAY,"Workday, Inc.",0001327811,"Workday, Inc.",Technology,ndxt_only,True,False,2025Q1,2025-01-31,2025-01-16,2025-03-31,59,2025,Q4,USD,USD,17977000000,9034000000.0,9034000000.0,33.4584,265837000.0,270007000.0,270006933.9836932,270007000.0,shares_diluted,2025-01-31,262.05999755859375,70758033760.80322,stockanalysis_fiscal_ai,2025-01-31,1.0,USD,17977000000.0,9034000000.0,9034000000.0,23.61235900001069,0.12767454831403796
WDAY,"Workday, Inc.",0001327811,"Workday, Inc.",Technology,ndxt_only,True,False,2025Q2,2025-04-30,2025-04-15,2025-06-30,61,2026,Q1,USD,USD,17212000000,8919000000.0,8919000000.0,32.9972,266516000.0,270296000.0,270295661.45006245,270296000.0,shares_diluted,2025-04-30,245.0,66222520000.0,stockanalysis_fiscal_ai,2025-04-30,1.0,USD,17212000000.0,8919000000.0,8919000000.0,23.568872651922764,0.13468228028773294
WDAY,"Workday, Inc.",0001327811,"Workday, Inc.",Technology,ndxt_only,True,False,2025Q3,2025-07-31,2025-07-16,2025-09-30,61,2026,Q2,USD,USD,17961000000,9172000000.0,9172000000.0,33.9477,266777000.0,270180000.0,270180306.7659959,270180000.0,shares_diluted,2025-07-31,229.3800048828125,61973889719.23828,stockanalysis_fiscal_ai,2025-07-31,1.0,USD,17961000000.0,9172000000.0,9172000000.0,23.611468577557737,0.14799781071596635
WDAY,"Workday, Inc.",0001327811,"Workday, Inc.",Technology,ndxt_only,True,False,2025Q4,2025-10-31,2025-10-16,2025-12-31,61,2026,Q3,USD,USD,17751000000,8879000000.0,8879000000.0,33.053,265870000.0,268629000.0,268629171.3308928,268629000.0,shares_diluted,2025-10-31,239.9199981689453,64449469188.12561,stockanalysis_fiscal_ai,2025-10-31,1.0,USD,17751000000.0,8879000000.0,8879000000.0,23.599707689309078,0.13776684450390939
WDAY,"Workday, Inc.",0001327811,"Workday, Inc.",Technology,ndxt_only,True,False,2026Q1,2026-01-31,2026-01-16,2026-03-31,59,2026,Q4,USD,USD,18074000000,7805000000.0,7805000000.0,29.6305,261273000.0,263411000.0,263411012.30151364,263411000.0,shares_diluted,2026-01-30,175.6300048828125,46262875216.18652,stockanalysis_fiscal_ai,2026-01-31,1.0,USD,18074000000.0,7805000000.0,7805000000.0,23.617740278426176,0.16870979081017376
WDC,Western Digital,0000106040,WESTERN DIGITAL CORP,Technology,ndxt_only,True,False,2022Q1,2022-04-01,2022-03-17,2022-03-31,1,2022,Q3,USD,USD,25699000000,11984000000.0,11984000000.0,37.9241,313000000.0,316000000.0,315999588.6520708,316000000.0,shares_diluted,2022-04-01,36.575965881347656,11558005218.50586,stockanalysis_fiscal_ai,2022-04-01,1.0,USD,25699000000.0,11984000000.0,11984000000.0,23.969717917584717,1.0368571196707947
WDC,Western Digital,0000106040,WESTERN DIGITAL CORP,Technology,ndxt_only,True,False,2022Q2,2022-07-01,2022-06-16,2022-06-30,1,2022,Q4,USD,USD,26259000000,12221000000.0,12221000000.0,38.4308,314000000.0,318000000.0,318000145.7164566,318000000.0,shares_diluted,2022-07-01,32.81935119628906,10436553680.419922,stockanalysis_fiscal_ai,2022-07-01,1.0,USD,26259000000.0,12221000000.0,12221000000.0,23.99127462436482,1.1709804188453405
WDC,Western Digital,0000106040,WESTERN DIGITAL CORP,Technology,ndxt_only,True,False,2022Q3,2022-09-30,2022-09-15,2022-09-30,0,2023,Q1,USD,USD,25686000000,12107000000.0,12107000000.0,37.953,316000000.0,319000000.0,318999815.5613522,319000000.0,shares_diluted,2022-09-30,24.603174209594727,7848412572.860718,stockanalysis_fiscal_ai,2022-09-30,1.0,USD,25686000000.0,12107000000.0,12107000000.0,23.969211933337274,1.5426049392287544
WDC,Western Digital,0000106040,WESTERN DIGITAL CORP,Technology,ndxt_only,True,False,2022Q4,2022-12-30,2022-12-15,2022-12-31,1,2023,Q2,USD,USD,25047000000,12115000000.0,12115000000.0,38.0975,318000000.0,318000000.0,317999868.75779253,318000000.0,shares_diluted,2022-12-30,23.84731674194336,7583446723.937988,stockanalysis_fiscal_ai,2022-12-30,1.0,USD,25047000000.0,12115000000.0,12115000000.0,23.944019896826383,1.5975585299172292
WDC,Western Digital,0000106040,WESTERN DIGITAL CORP,Technology,ndxt_only,True,False,2023Q1,2023-03-31,2023-03-16,2023-03-31,0,2023,Q3,USD,USD,25151000000,12487000000.0,11611000000.0,36.3981,319000000.0,319000000.0,319000167.5911655,319000000.0,shares_diluted,2023-03-31,28.473167419433594,9082940406.799316,stockanalysis_fiscal_ai,2023-03-31,1.0,USD,25151000000.0,12487000000.0,11611000000.0,23.948163494133105,1.3747750663047915
WDC,Western Digital,0000106040,WESTERN DIGITAL CORP,Technology,ndxt_only,True,False,2023Q2,2023-06-30,2023-06-15,2023-06-30,0,2023,Q4,USD,USD,24546000000,11840000000.0,10964000000.0,34.1558,321000000.0,321000000.0,320999654.5242682,321000000.0,shares_diluted,2023-06-30,28.669689178466797,9202970226.287842,stockanalysis_fiscal_ai,2023-06-30,1.0,USD,24546000000.0,11840000000.0,10964000000.0,23.923814745121728,1.286541161045986
WDC,Western Digital,0000106040,WESTERN DIGITAL CORP,Technology,ndxt_only,True,False,2023Q3,2023-09-29,2023-09-14,2023-09-30,1,2024,Q1,USD,USD,24001000000,10989000000.0,10113000000.0,31.3096,323000000.0,323000000.0,322999974.44873136,323000000.0,shares_diluted,2023-09-29,34.48979568481445,11140204006.195068,stockanalysis_fiscal_ai,2023-09-29,1.0,USD,24001000000.0,10989000000.0,10113000000.0,23.901361333092993,0.9864271779842646
WDC,Western Digital,0000106040,WESTERN DIGITAL CORP,Technology,ndxt_only,True,False,2023Q4,2023-12-29,2023-12-14,2023-12-31,2,2024,Q2,USD,USD,24385000000,10944000000.0,10068000000.0,30.9785,325000000.0,325000000.0,324999596.49434286,325000000.0,shares_diluted,2023-12-29,39.58427810668945,12864890384.674072,stockanalysis_fiscal_ai,2023-12-29,1.0,USD,24385000000.0,10944000000.0,10068000000.0,23.917234026108428,0.850687388136441
WDC,Western Digital,0000106040,WESTERN DIGITAL CORP,Technology,ndxt_only,True,False,2024Q1,2024-03-29,2024-03-14,2024-03-31,2,2024,Q3,USD,USD,23801000000,10997000000.0,10121000000.0,30.2119,326000000.0,335000000.0,335000446.84379333,335000000.0,shares_diluted,2024-03-28,51.579742431640625,17279213714.59961,stockanalysis_fiscal_ai,2024-03-29,1.0,USD,23801000000.0,10997000000.0,10121000000.0,23.892993433547883,0.6364294221737867
WDC,Western Digital,0000106040,WESTERN DIGITAL CORP,Technology,ndxt_only,True,False,2024Q2,2024-06-28,2024-06-13,2024-06-30,2,2024,Q4,USD,USD,24188000000,11047000000.0,10818000000.0,32.4865,333000000.0,333000000.0,332999861.4809229,333000000.0,shares_diluted,2024-06-28,57.27135467529297,19071361106.87256,stockanalysis_fiscal_ai,2024-06-28,1.0,USD,24188000000.0,11047000000.0,10818000000.0,23.90912247935738,0.5792454947549129
WDC,Western Digital,0000106040,WESTERN DIGITAL CORP,Technology,ndxt_only,True,False,2024Q3,2024-09-27,2024-09-12,2024-09-30,3,2025,Q1,USD,USD,24771000000,11872000000.0,11643000000.0,32.6134,344000000.0,357000000.0,357000496.72833866,357000000.0,shares_diluted,2024-09-27,52.471656799316406,18732381477.355957,stockanalysis_fiscal_ai,2024-09-27,1.0,USD,24771000000.0,11872000000.0,11643000000.0,23.932939451049812,0.6337688571178784
WDC,Western Digital,0000106040,WESTERN DIGITAL CORP,Technology,ndxt_only,True,False,2024Q4,2024-12-27,2024-12-12,2024-12-31,4,2025,Q2,USD,USD,25456000000,12346000000.0,12117000000.0,33.9412,346000000.0,357000000.0,356999752.5131698,357000000.0,shares_diluted,2024-12-27,45.88057327270508,16379364658.355713,stockanalysis_fiscal_ai,2024-12-27,1.0,USD,25456000000.0,12346000000.0,12117000000.0,23.960217308541843,0.7537532900399683
WDC,Western Digital,0000106040,WESTERN DIGITAL CORP,Technology,ndxt_only,True,False,2025Q1,2025-03-28,2025-03-13,2025-03-31,3,2025,Q3,USD,USD,16368000000,5406000000.0,5177000000.0,14.4609,348000000.0,358000000.0,357999847.86562383,358000000.0,shares_diluted,2025-03-28,40.619998931884766,14541959617.614746,stockanalysis_fiscal_ai,2025-03-28,1.0,USD,16368000000.0,5406000000.0,5177000000.0,23.51859404615568,0.37175182314849
WDC,Western Digital,0000106040,WESTERN DIGITAL CORP,Technology,ndxt_only,True,False,2025Q2,2025-06-27,2025-06-12,2025-06-30,3,2025,Q4,USD,USD,14002000000,5540000000.0,5311000000.0,14.6713,348000000.0,362000000.0,361999277.50097126,362000000.0,shares_diluted,2025-06-27,63.290000915527344,22910980331.4209,stockanalysis_fiscal_ai,2025-06-27,1.0,USD,14002000000.0,5540000000.0,5311000000.0,23.362466013501418,0.24180545397275102
WDC,Western Digital,0000106040,WESTERN DIGITAL CORP,Technology,ndxt_only,True,False,2025Q3,2025-10-03,2025-09-18,2025-09-30,3,2026,Q1,USD,USD,14359000000,6117000000.0,5888000000.0,15.6596,345000000.0,376000000.0,375999386.95752126,376000000.0,shares_diluted,2025-10-03,131.30999755859375,49372559082.03125,stockanalysis_fiscal_ai,2025-10-03,1.0,USD,14359000000.0,6117000000.0,5888000000.0,23.38764276025865,0.1238947324937474
WDC,Western Digital,0000106040,WESTERN DIGITAL CORP,Technology,ndxt_only,True,False,2025Q4,2026-01-02,2025-12-18,2025-12-31,2,2026,Q2,USD,USD,15611000000,7340000000.0,7111000000.0,18.664,341000000.0,381000000.0,381000857.2653236,381000000.0,shares_diluted,2026-01-02,187.6999969482422,71513698837.28027,stockanalysis_fiscal_ai,2026-01-02,1.0,USD,15611000000.0,7340000000.0,7111000000.0,23.47124163092094,0.10263767808600105
WDC,Western Digital,0000106040,WESTERN DIGITAL CORP,Technology,ndxt_only,True,False,2026Q1,2026-04-03,2026-03-19,2026-03-31,3,2026,Q3,USD,USD,15045000000,9680000000.0,9680000000.0,25.0129,342000000.0,387000000.0,387000307.841154,387000000.0,shares_diluted,2026-04-02,294.9700012207031,114153390472.41211,stockanalysis_fiscal_ai,2026-04-03,1.0,USD,15045000000.0,9680000000.0,9680000000.0,23.43431154702842,0.08479818216471988
ZS,"Zscaler, Inc.",0001713683,"Zscaler, Inc.",Technology,ndxt_only,True,False,2022Q1,2022-01-31,2022-01-16,2022-03-31,59,2022,Q2,USD,USD,2422021000,539367000.0,539367000.0,3.8385,,,140515044.93942946,140515044.93942946,book_value_divided_by_book_value_per_share,2022-01-31,257.1099853515625,36127821146.05086,stockanalysis_fiscal_ai,2022-01-31,1.0,USD,2422021000.0,539367000.0,539367000.0,21.607868152559956,0.014929408497112159
ZS,"Zscaler, Inc.",0001713683,"Zscaler, Inc.",Technology,ndxt_only,True,False,2022Q2,2022-04-30,2022-04-15,2022-06-30,61,2022,Q3,USD,USD,2524544000,531577000.0,531577000.0,3.7588,,,141421996.381824,141421996.381824,book_value_divided_by_book_value_per_share,2022-04-29,202.7400054931641,28671896323.305225,stockanalysis_fiscal_ai,2022-04-30,1.0,USD,2524544000.0,531577000.0,531577000.0,21.649326289305257,0.018540001470635937
ZS,"Zscaler, Inc.",0001713683,"Zscaler, Inc.",Technology,ndxt_only,True,False,2022Q3,2022-07-31,2022-07-16,2022-09-30,61,2022,Q4,USD,USD,2832665000,573300000.0,573300000.0,4.02726,,,142354851.68576154,142354851.68576154,book_value_divided_by_book_value_per_share,2022-07-29,155.05999755859375,22073542954.84816,stockanalysis_fiscal_ai,2022-07-31,1.0,USD,2832665000.0,573300000.0,573300000.0,21.764483801597013,0.02597226920810564
ZS,"Zscaler, Inc.",0001713683,"Zscaler, Inc.",Technology,ndxt_only,True,False,2022Q4,2022-10-31,2022-10-16,2022-12-31,61,2023,Q1,USD,USD,2835732000,431275000.0,431275000.0,3.0059,,,143476163.54502812,143476163.54502812,book_value_divided_by_book_value_per_share,2022-10-31,154.10000610351562,22109677677.99784,stockanalysis_fiscal_ai,2022-10-31,1.0,USD,2835732000.0,431275000.0,431275000.0,21.76556594185617,0.019506164055443365
ZS,"Zscaler, Inc.",0001713683,"Zscaler, Inc.",Technology,ndxt_only,True,False,2023Q1,2023-01-31,2023-01-16,2023-03-31,59,2023,Q2,USD,USD,3039956000,528657000.0,528657000.0,3.65825,,,144510900.0205016,144510900.0205016,book_value_divided_by_book_value_per_share,2023-01-31,124.16000366210938,17942473875.7602,stockanalysis_fiscal_ai,2023-01-31,1.0,USD,3039956000.0,528657000.0,528657000.0,21.835108878575586,0.029463997197967298
ZS,"Zscaler, Inc.",0001713683,"Zscaler, Inc.",Technology,ndxt_only,True,False,2023Q2,2023-04-30,2023-04-15,2023-06-30,61,2023,Q3,USD,USD,3200712000,601274000.0,601274000.0,4.13662,,,145353936.30548614,145353936.30548614,book_value_divided_by_book_value_per_share,2023-04-28,90.0999984741211,13096389439.331797,stockanalysis_fiscal_ai,2023-04-30,1.0,USD,3200712000.0,601274000.0,601274000.0,21.886639122002638,0.04591143252003647
ZS,"Zscaler, Inc.",0001713683,"Zscaler, Inc.",Technology,ndxt_only,True,False,2023Q3,2023-07-31,2023-07-16,2023-09-30,61,2023,Q4,USD,USD,3608317000,725112000.0,725112000.0,4.95214,,,146423970.2431676,146423970.2431676,book_value_divided_by_book_value_per_share,2023-07-31,160.3800048828125,23483477062.560013,stockanalysis_fiscal_ai,2023-07-31,1.0,USD,3608317000.0,725112000.0,725112000.0,22.006507295597718,0.030877539900428744
ZS,"Zscaler, Inc.",0001713683,"Zscaler, Inc.",Technology,ndxt_only,True,False,2023Q4,2023-10-31,2023-10-16,2023-12-31,61,2024,Q1,USD,USD,3635584000,807525000.0,807525000.0,5.47011,,,147625002.05663142,147625002.05663142,book_value_divided_by_book_value_per_share,2023-10-31,158.69000244140625,23426611936.77944,stockanalysis_fiscal_ai,2023-10-31,1.0,USD,3635584000.0,807525000.0,807525000.0,22.01403559527501,0.034470413484426976
ZS,"Zscaler, Inc.",0001713683,"Zscaler, Inc.",Technology,ndxt_only,True,False,2024Q1,2024-01-31,2024-01-16,2024-03-31,60,2024,Q2,USD,USD,3934226000,958856000.0,958856000.0,6.43739,,,148951050.03735986,148951050.03735986,book_value_divided_by_book_value_per_share,2024-01-31,235.6699981689453,35103293689.56708,stockanalysis_fiscal_ai,2024-01-31,1.0,USD,3934226000.0,958856000.0,958856000.0,22.0929800031534,0.027315271566239897
ZS,"Zscaler, Inc.",0001713683,"Zscaler, Inc.",Technology,ndxt_only,True,False,2024Q2,2024-04-30,2024-04-15,2024-06-30,61,2024,Q3,USD,USD,4198751000,1093139000.0,1093139000.0,7.09457,,,154081078.909645,154081078.909645,book_value_divided_by_book_value_per_share,2024-04-30,172.94000244140625,26646782162.808514,stockanalysis_fiscal_ai,2024-04-30,1.0,USD,4198751000.0,1093139000.0,1093139000.0,22.15805293705687,0.04102330230048255
ZS,"Zscaler, Inc.",0001713683,"Zscaler, Inc.",Technology,ndxt_only,True,False,2024Q3,2024-07-31,2024-07-16,2024-09-30,61,2024,Q4,USD,USD,4704968000,1274102000.0,1274102000.0,8.41008,,,151497013.10807982,151497013.10807982,book_value_divided_by_book_value_per_share,2024-07-31,179.35000610351562,27170990225.598503,stockanalysis_fiscal_ai,2024-07-31,1.0,USD,4704968000.0,1274102000.0,1274102000.0,22.271884808685385,0.04689199728906586
ZS,"Zscaler, Inc.",0001713683,"Zscaler, Inc.",Technology,ndxt_only,True,False,2024Q4,2024-10-31,2024-10-16,2024-12-31,61,2025,Q1,USD,USD,4709002000,1428545000.0,1428545000.0,9.36401,,,152556970.78495216,152556970.78495216,book_value_divided_by_book_value_per_share,2024-10-31,180.7899932861328,27580773723.96426,stockanalysis_fiscal_ai,2024-10-31,1.0,USD,4709002000.0,1428545000.0,1428545000.0,22.27274183292636,0.051794957396672746
ZS,"Zscaler, Inc.",0001713683,"Zscaler, Inc.",Technology,ndxt_only,True,False,2025Q1,2025-01-31,2025-01-16,2025-03-31,59,2025,Q2,USD,USD,5005968000,1607346000.0,1607346000.0,10.4596,,,153671842.1354545,153671842.1354545,book_value_divided_by_book_value_per_share,2025-01-31,202.58999633789065,31132377935.458637,stockanalysis_fiscal_ai,2025-01-31,1.0,USD,5005968000.0,1607346000.0,1607346000.0,22.333896637606358,0.05162940021260926
ZS,"Zscaler, Inc.",0001713683,"Zscaler, Inc.",Technology,ndxt_only,True,False,2025Q2,2025-04-30,2025-04-15,2025-06-30,61,2025,Q3,USD,USD,5339628000,1804939000.0,1804939000.0,11.6516,,,154909111.19502902,154909111.19502902,book_value_divided_by_book_value_per_share,2025-04-30,226.1699981689453,35035793395.33266,stockanalysis_fiscal_ai,2025-04-30,1.0,USD,5339628000.0,1804939000.0,1804939000.0,22.398421824570594,0.05151700090343744
ZS,"Zscaler, Inc.",0001713683,"Zscaler, Inc.",Technology,ndxt_only,True,False,2025Q3,2025-07-31,2025-07-16,2025-09-30,61,2025,Q4,USD,USD,6419888000,1799273000.0,1799273000.0,11.4972,,,156496625.26528198,156496625.26528198,book_value_divided_by_book_value_per_share,2025-07-31,285.55999755859375,44689175928.68208,stockanalysis_fiscal_ai,2025-07-31,1.0,USD,6419888000.0,1799273000.0,1799273000.0,22.58266650901324,0.04026194179260315
ZS,"Zscaler, Inc.",0001713683,"Zscaler, Inc.",Technology,ndxt_only,True,False,2025Q4,2025-10-31,2025-10-16,2025-12-31,61,2026,Q1,USD,USD,6503087000,1982328000.0,1982328000.0,12.4992,,,158596390.16897082,158596390.16897082,book_value_divided_by_book_value_per_share,2025-10-31,331.1400146484375,52517610963.74231,stockanalysis_fiscal_ai,2025-10-31,1.0,USD,6503087000.0,1982328000.0,1982328000.0,22.595542824184655,0.03774596680280414
ZS,"Zscaler, Inc.",0001713683,"Zscaler, Inc.",Technology,ndxt_only,True,False,2026Q1,2026-01-31,2026-01-16,2026-03-31,59,2026,Q2,USD,USD,6753828000,2195948000.0,2195948000.0,13.7519,,,159683243.7699518,159683243.7699518,book_value_divided_by_book_value_per_share,2026-01-30,200.0099945068359,31938244709.2618,stockanalysis_fiscal_ai,2026-01-31,1.0,USD,6753828000.0,2195948000.0,2195948000.0,22.633375292195225,0.06875606408523745
