date,financial_currency,fx_symbol,fx_to_usd
2022-01-03,EUR,EURUSD=X,1.1373459100723267
2022-01-04,EUR,EURUSD=X,1.1302244663238525
2022-01-05,EUR,EURUSD=X,1.1283625364303589
2022-01-06,EUR,EURUSD=X,1.1313496828079224
2022-01-07,EUR,EURUSD=X,1.1296881437301636
2022-01-10,EUR,EURUSD=X,1.1353960037231445
2022-01-11,EUR,EURUSD=X,1.1330417394638062
2022-01-12,EUR,EURUSD=X,1.1366478204727173
2022-01-13,EUR,EURUSD=X,1.144164800643921
2022-01-14,EUR,EURUSD=X,1.1457115411758423
2022-01-17,EUR,EURUSD=X,1.1410704851150513
2022-01-18,EUR,EURUSD=X,1.1410574913024902
2022-01-19,EUR,EURUSD=X,1.1329647302627563
2022-01-20,EUR,EURUSD=X,1.1343399286270142
2022-01-21,EUR,EURUSD=X,1.1313753128051758
2022-01-24,EUR,EURUSD=X,1.1341469287872314
2022-01-25,EUR,EURUSD=X,1.1324130296707153
2022-01-26,EUR,EURUSD=X,1.130454421043396
2022-01-27,EUR,EURUSD=X,1.1243535280227661
2022-01-28,EUR,EURUSD=X,1.1147029399871826
2022-01-31,EUR,EURUSD=X,1.1152374744415283
2022-02-01,EUR,EURUSD=X,1.12296462059021
2022-02-02,EUR,EURUSD=X,1.1273956298828125
2022-02-03,EUR,EURUSD=X,1.1299946308135986
2022-02-04,EUR,EURUSD=X,1.14357590675354
2022-02-07,EUR,EURUSD=X,1.145514726638794
2022-02-08,EUR,EURUSD=X,1.1442956924438477
2022-02-09,EUR,EURUSD=X,1.142126202583313
2022-02-10,EUR,EURUSD=X,1.142152190208435
2022-02-11,EUR,EURUSD=X,1.1415525674819946
2022-02-14,EUR,EURUSD=X,1.1365057229995728
2022-02-15,EUR,EURUSD=X,1.1306334733963013
2022-02-16,EUR,EURUSD=X,1.1356796026229858
2022-02-17,EUR,EURUSD=X,1.1375269889831543
2022-02-18,EUR,EURUSD=X,1.1366478204727173
2022-02-21,EUR,EURUSD=X,1.131721019744873
2022-02-22,EUR,EURUSD=X,1.1309658288955688
2022-02-23,EUR,EURUSD=X,1.13291335105896
2022-02-24,EUR,EURUSD=X,1.1305694580078125
2022-02-25,EUR,EURUSD=X,1.11906898021698
2022-02-28,EUR,EURUSD=X,1.118105411529541
2022-03-01,EUR,EURUSD=X,1.1215918064117432
2022-03-02,EUR,EURUSD=X,1.1132758855819702
2022-03-03,EUR,EURUSD=X,1.1112345457077026
2022-03-04,EUR,EURUSD=X,1.1066844463348389
2022-03-07,EUR,EURUSD=X,1.087453007698059
2022-03-08,EUR,EURUSD=X,1.0865312814712524
2022-03-09,EUR,EURUSD=X,1.0898232460021973
2022-03-10,EUR,EURUSD=X,1.107382893562317
2022-03-11,EUR,EURUSD=X,1.1013944149017334
2022-03-14,EUR,EURUSD=X,1.093206763267517
2022-03-15,EUR,EURUSD=X,1.0943193435668945
2022-03-16,EUR,EURUSD=X,1.0969363451004028
2022-03-17,EUR,EURUSD=X,1.1021955013275146
2022-03-18,EUR,EURUSD=X,1.1099518537521362
2022-03-21,EUR,EURUSD=X,1.1043134927749634
2022-03-22,EUR,EURUSD=X,1.101722002029419
2022-03-23,EUR,EURUSD=X,1.1029735803604126
2022-03-24,EUR,EURUSD=X,1.1006306409835815
2022-03-25,EUR,EURUSD=X,1.1009578704833984
2022-03-27,EUR,EURUSD=X,1.098189115524292
2022-03-28,EUR,EURUSD=X,1.0993843078613281
2022-03-29,EUR,EURUSD=X,1.1091516017913818
2022-03-30,EUR,EURUSD=X,1.1161835193634033
2022-03-31,EUR,EURUSD=X,1.1072357892990112
2022-04-03,EUR,EURUSD=X,1.1047282218933105
2022-04-04,EUR,EURUSD=X,1.0975863933563232
2022-04-05,EUR,EURUSD=X,1.090643286705017
2022-04-06,EUR,EURUSD=X,1.0898232460021973
2022-04-07,EUR,EURUSD=X,1.0864840745925903
2022-04-10,EUR,EURUSD=X,1.0884946584701538
2022-04-11,EUR,EURUSD=X,1.0877959728240967
2022-04-12,EUR,EURUSD=X,1.0826143026351929
2022-04-13,EUR,EURUSD=X,1.089656949043274
2022-04-14,EUR,EURUSD=X,1.0820988416671753
2022-04-17,EUR,EURUSD=X,1.081525444984436
2022-04-18,EUR,EURUSD=X,1.0781787633895874
2022-04-19,EUR,EURUSD=X,1.0794472694396973
2022-04-20,EUR,EURUSD=X,1.0849870443344116
2022-04-21,EUR,EURUSD=X,1.0835175514221191
2022-04-24,EUR,EURUSD=X,1.0811045169830322
2022-04-25,EUR,EURUSD=X,1.0714209079742432
2022-04-26,EUR,EURUSD=X,1.0643619298934937
2022-04-27,EUR,EURUSD=X,1.0555092096328735
2022-04-28,EUR,EURUSD=X,1.0504201650619507
2022-05-01,EUR,EURUSD=X,1.0535964965820312
2022-05-02,EUR,EURUSD=X,1.0509058237075806
2022-05-03,EUR,EURUSD=X,1.0528532266616821
2022-05-04,EUR,EURUSD=X,1.0622477531433105
2022-05-05,EUR,EURUSD=X,1.0539740324020386
2022-05-08,EUR,EURUSD=X,1.053219199180603
2022-05-09,EUR,EURUSD=X,1.056579828262329
2022-05-10,EUR,EURUSD=X,1.0532968044281006
2022-05-11,EUR,EURUSD=X,1.05124831199646
2022-05-12,EUR,EURUSD=X,1.0379581451416016
2022-05-15,EUR,EURUSD=X,1.0400632619857788
2022-05-16,EUR,EURUSD=X,1.0438958406448364
2022-05-17,EUR,EURUSD=X,1.0547856092453003
2022-05-18,EUR,EURUSD=X,1.0472739934921265
2022-05-19,EUR,EURUSD=X,1.057898759841919
2022-05-22,EUR,EURUSD=X,1.0569819211959839
2022-05-23,EUR,EURUSD=X,1.0682048797607422
2022-05-24,EUR,EURUSD=X,1.0736525058746338
2022-05-25,EUR,EURUSD=X,1.0686614513397217
2022-05-26,EUR,EURUSD=X,1.0732953548431396
2022-05-29,EUR,EURUSD=X,1.0731456279754639
2022-05-30,EUR,EURUSD=X,1.0773539543151855
2022-05-31,EUR,EURUSD=X,1.0734105110168457
2022-06-01,EUR,EURUSD=X,1.0654165744781494
2022-06-02,EUR,EURUSD=X,1.0751069784164429
2022-06-05,EUR,EURUSD=X,1.0726046562194824
2022-06-06,EUR,EURUSD=X,1.0691413879394531
2022-06-07,EUR,EURUSD=X,1.0698620080947876
2022-06-08,EUR,EURUSD=X,1.071765422821045
2022-06-09,EUR,EURUSD=X,1.0619205236434937
2022-06-12,EUR,EURUSD=X,1.0489987134933472
2022-06-13,EUR,EURUSD=X,1.0415147542953491
2022-06-14,EUR,EURUSD=X,1.0440592765808105
2022-06-15,EUR,EURUSD=X,1.0456204414367676
2022-06-16,EUR,EURUSD=X,1.0546854734420776
2022-06-19,EUR,EURUSD=X,1.049141764640808
2022-06-20,EUR,EURUSD=X,1.0520778894424438
2022-06-21,EUR,EURUSD=X,1.053263545036316
2022-06-22,EUR,EURUSD=X,1.0564124584197998
2022-06-23,EUR,EURUSD=X,1.052011489868164
2022-06-26,EUR,EURUSD=X,1.0566133260726929
2022-06-27,EUR,EURUSD=X,1.0580891370773315
2022-06-28,EUR,EURUSD=X,1.0523545742034912
2022-06-29,EUR,EURUSD=X,1.04465913772583
2022-06-30,EUR,EURUSD=X,1.0477677583694458
2022-07-03,EUR,EURUSD=X,1.0433948040008545
2022-07-04,EUR,EURUSD=X,1.0433186292648315
2022-07-05,EUR,EURUSD=X,1.0257673263549805
2022-07-06,EUR,EURUSD=X,1.0186411142349243
2022-07-07,EUR,EURUSD=X,1.0169836282730103
2022-07-10,EUR,EURUSD=X,1.0166114568710327
2022-07-11,EUR,EURUSD=X,1.004752516746521
2022-07-12,EUR,EURUSD=X,1.0033109188079834
2022-07-13,EUR,EURUSD=X,1.0032706260681152
2022-07-14,EUR,EURUSD=X,1.0025665760040283
2022-07-17,EUR,EURUSD=X,1.009631872177124
2022-07-18,EUR,EURUSD=X,1.0145177841186523
2022-07-19,EUR,EURUSD=X,1.0231330394744873
2022-07-20,EUR,EURUSD=X,1.0182781219482422
2022-07-21,EUR,EURUSD=X,1.0221081972122192
2022-07-24,EUR,EURUSD=X,1.0200231075286865
2022-07-25,EUR,EURUSD=X,1.022494912147522
2022-07-26,EUR,EURUSD=X,1.0129557847976685
2022-07-27,EUR,EURUSD=X,1.0209290981292725
2022-07-28,EUR,EURUSD=X,1.0192328691482544
2022-07-31,EUR,EURUSD=X,1.0208247900009155
2022-08-01,EUR,EURUSD=X,1.0261356830596924
2022-08-02,EUR,EURUSD=X,1.015568733215332
2022-08-03,EUR,EURUSD=X,1.015764594078064
2022-08-04,EUR,EURUSD=X,1.024779200553894
2022-08-07,EUR,EURUSD=X,1.0170871019363403
2022-08-08,EUR,EURUSD=X,1.0197629928588867
2022-08-09,EUR,EURUSD=X,1.0208144187927246
2022-08-10,EUR,EURUSD=X,1.0300782918930054
2022-08-11,EUR,EURUSD=X,1.0316723585128784
2022-08-14,EUR,EURUSD=X,1.0256409645080566
2022-08-15,EUR,EURUSD=X,1.0161981582641602
2022-08-16,EUR,EURUSD=X,1.0170663595199585
2022-08-17,EUR,EURUSD=X,1.0180189609527588
2022-08-18,EUR,EURUSD=X,1.0089900493621826
2022-08-21,EUR,EURUSD=X,1.0035223960876465
2022-08-22,EUR,EURUSD=X,0.9939467906951904
2022-08-23,EUR,EURUSD=X,0.9966909885406494
2022-08-24,EUR,EURUSD=X,0.9969095587730408
2022-08-25,EUR,EURUSD=X,0.9971283078193665
2022-08-28,EUR,EURUSD=X,0.993867814540863
2022-08-29,EUR,EURUSD=X,1.0014019012451172
2022-08-30,EUR,EURUSD=X,1.0025062561035156
2022-08-31,EUR,EURUSD=X,1.003905177116394
2022-09-01,EUR,EURUSD=X,0.995232880115509
2022-09-04,EUR,EURUSD=X,0.9909427762031555
2022-09-05,EUR,EURUSD=X,0.9952229857444763
2022-09-06,EUR,EURUSD=X,0.9897951483726501
2022-09-07,EUR,EURUSD=X,0.9995701909065247
2022-09-08,EUR,EURUSD=X,1.0012015104293823
2022-09-11,EUR,EURUSD=X,1.0071406364440918
2022-09-12,EUR,EURUSD=X,1.0129557847976685
2022-09-13,EUR,EURUSD=X,0.9982032775878906
2022-09-14,EUR,EURUSD=X,0.9984025359153748
2022-09-15,EUR,EURUSD=X,0.9988313317298889
2022-09-18,EUR,EURUSD=X,1.002234935760498
2022-09-19,EUR,EURUSD=X,1.0029587745666504
2022-09-20,EUR,EURUSD=X,0.997078537940979
2022-09-21,EUR,EURUSD=X,0.983071506023407
2022-09-22,EUR,EURUSD=X,0.9841550588607788
2022-09-25,EUR,EURUSD=X,0.968992292881012
2022-09-26,EUR,EURUSD=X,0.9623712301254272
2022-09-27,EUR,EURUSD=X,0.9596191644668579
2022-09-28,EUR,EURUSD=X,0.9708172082901001
2022-09-29,EUR,EURUSD=X,0.9829555749893188
2022-10-02,EUR,EURUSD=X,0.9792688488960266
2022-10-03,EUR,EURUSD=X,0.9832068681716919
2022-10-04,EUR,EURUSD=X,0.998432457447052
2022-10-05,EUR,EURUSD=X,0.9910998940467834
2022-10-06,EUR,EURUSD=X,0.9789045453071594
2022-10-09,EUR,EURUSD=X,0.9735012650489807
2022-10-10,EUR,EURUSD=X,0.9710057377815247
2022-10-11,EUR,EURUSD=X,0.9700167775154114
2022-10-12,EUR,EURUSD=X,0.9707984328269958
2022-10-13,EUR,EURUSD=X,0.975134015083313
2022-10-16,EUR,EURUSD=X,0.973937451839447
2022-10-17,EUR,EURUSD=X,0.9846396446228027
2022-10-18,EUR,EURUSD=X,0.9863878488540649
2022-10-19,EUR,EURUSD=X,0.9766482710838318
2022-10-20,EUR,EURUSD=X,0.9778899550437927
2022-10-23,EUR,EURUSD=X,0.9860085844993591
2022-10-24,EUR,EURUSD=X,0.9886503219604492
2022-10-25,EUR,EURUSD=X,0.9963731169700623
2022-10-26,EUR,EURUSD=X,1.009193778038025
2022-10-27,EUR,EURUSD=X,0.9967803955078125
2022-10-31,EUR,EURUSD=X,0.9955002665519714
2022-11-01,EUR,EURUSD=X,0.9886307716369629
2022-11-02,EUR,EURUSD=X,0.9877909421920776
2022-11-03,EUR,EURUSD=X,0.9814409017562866
2022-11-04,EUR,EURUSD=X,0.9749630093574524
2022-11-07,EUR,EURUSD=X,0.9928810596466064
2022-11-08,EUR,EURUSD=X,1.0018634796142578
2022-11-09,EUR,EURUSD=X,1.008084774017334
2022-11-10,EUR,EURUSD=X,1.0019538402557373
2022-11-11,EUR,EURUSD=X,1.0192224979400635
2022-11-14,EUR,EURUSD=X,1.0328551530838013
2022-11-15,EUR,EURUSD=X,1.0319278240203857
2022-11-16,EUR,EURUSD=X,1.0357863903045654
2022-11-17,EUR,EURUSD=X,1.0395010709762573
2022-11-18,EUR,EURUSD=X,1.036172866821289
2022-11-21,EUR,EURUSD=X,1.0330898761749268
2022-11-22,EUR,EURUSD=X,1.0245691537857056
2022-11-23,EUR,EURUSD=X,1.0311086177825928
2022-11-24,EUR,EURUSD=X,1.0416233539581299
2022-11-25,EUR,EURUSD=X,1.040810227394104
2022-11-28,EUR,EURUSD=X,1.0367528200149536
2022-11-29,EUR,EURUSD=X,1.034554123878479
2022-11-30,EUR,EURUSD=X,1.0324499607086182
2022-12-01,EUR,EURUSD=X,1.042535424232483
2022-12-02,EUR,EURUSD=X,1.052842140197754
2022-12-05,EUR,EURUSD=X,1.0544185638427734
2022-12-06,EUR,EURUSD=X,1.0496923923492432
2022-12-07,EUR,EURUSD=X,1.0469011068344116
2022-12-08,EUR,EURUSD=X,1.051325798034668
2022-12-09,EUR,EURUSD=X,1.0559661388397217
2022-12-12,EUR,EURUSD=X,1.0522217750549316
2022-12-13,EUR,EURUSD=X,1.0541739463806152
2022-12-14,EUR,EURUSD=X,1.062665343284607
2022-12-15,EUR,EURUSD=X,1.0676347017288208
2022-12-16,EUR,EURUSD=X,1.064056158065796
2022-12-19,EUR,EURUSD=X,1.05850350856781
2022-12-20,EUR,EURUSD=X,1.0614584684371948
2022-12-21,EUR,EURUSD=X,1.062699317932129
2022-12-22,EUR,EURUSD=X,1.0610079765319824
2022-12-23,EUR,EURUSD=X,1.060333013534546
2022-12-26,EUR,EURUSD=X,1.0667804479599
2022-12-27,EUR,EURUSD=X,1.064022183418274
2022-12-28,EUR,EURUSD=X,1.0637166500091553
2022-12-29,EUR,EURUSD=X,1.062925100326538
2022-12-30,EUR,EURUSD=X,1.066075325012207
2023-01-02,EUR,EURUSD=X,1.0709733963012695
2023-01-03,EUR,EURUSD=X,1.0677714347839355
2023-01-04,EUR,EURUSD=X,1.0546854734420776
2023-01-05,EUR,EURUSD=X,1.0606365203857422
2023-01-06,EUR,EURUSD=X,1.0522217750549316
2023-01-09,EUR,EURUSD=X,1.0656323432922363
2023-01-10,EUR,EURUSD=X,1.073318362236023
2023-01-11,EUR,EURUSD=X,1.0738946199417114
2023-01-12,EUR,EURUSD=X,1.0766000747680664
2023-01-13,EUR,EURUSD=X,1.0860239267349243
2023-01-16,EUR,EURUSD=X,1.082461953163147
2023-01-17,EUR,EURUSD=X,1.0830129384994507
2023-01-18,EUR,EURUSD=X,1.0793308019638062
2023-01-19,EUR,EURUSD=X,1.0797853469848633
2023-01-20,EUR,EURUSD=X,1.083388328552246
2023-01-23,EUR,EURUSD=X,1.086507797241211
2023-01-24,EUR,EURUSD=X,1.0874292850494385
2023-01-25,EUR,EURUSD=X,1.088814616203308
2023-01-26,EUR,EURUSD=X,1.0922038555145264
2023-01-27,EUR,EURUSD=X,1.0894432067871094
2023-01-30,EUR,EURUSD=X,1.0871455669403076
2023-01-31,EUR,EURUSD=X,1.0850694179534912
2023-02-01,EUR,EURUSD=X,1.0860947370529175
2023-02-02,EUR,EURUSD=X,1.1012852191925049
2023-02-03,EUR,EURUSD=X,1.0905125141143799
2023-02-06,EUR,EURUSD=X,1.079086184501648
2023-02-07,EUR,EURUSD=X,1.0730764865875244
2023-02-08,EUR,EURUSD=X,1.0729728937149048
2023-02-09,EUR,EURUSD=X,1.0715816020965576
2023-02-10,EUR,EURUSD=X,1.0742292404174805
2023-02-13,EUR,EURUSD=X,1.0677714347839355
2023-02-14,EUR,EURUSD=X,1.0730419158935547
2023-02-15,EUR,EURUSD=X,1.0735719203948975
2023-02-16,EUR,EURUSD=X,1.0691757202148438
2023-02-17,EUR,EURUSD=X,1.0665756464004517
2023-02-20,EUR,EURUSD=X,1.0684444904327393
2023-02-21,EUR,EURUSD=X,1.068261981010437
2023-02-22,EUR,EURUSD=X,1.065200924873352
2023-02-23,EUR,EURUSD=X,1.0605803728103638
2023-02-24,EUR,EURUSD=X,1.0598047971725464
2023-02-27,EUR,EURUSD=X,1.0554758310317993
2023-02-28,EUR,EURUSD=X,1.0611205101013184
2023-03-01,EUR,EURUSD=X,1.0577309131622314
2023-03-02,EUR,EURUSD=X,1.066894292831421
2023-03-03,EUR,EURUSD=X,1.0599732398986816
2023-03-06,EUR,EURUSD=X,1.0626201629638672
2023-03-07,EUR,EURUSD=X,1.0688328742980957
2023-03-08,EUR,EURUSD=X,1.05507493019104
2023-03-09,EUR,EURUSD=X,1.0549525022506714
2023-03-10,EUR,EURUSD=X,1.0584698915481567
2023-03-13,EUR,EURUSD=X,1.0683646202087402
2023-03-14,EUR,EURUSD=X,1.0725010633468628
2023-03-15,EUR,EURUSD=X,1.0727657079696655
2023-03-16,EUR,EURUSD=X,1.0583354234695435
2023-03-17,EUR,EURUSD=X,1.0614134073257446
2023-03-20,EUR,EURUSD=X,1.0678855180740356
2023-03-21,EUR,EURUSD=X,1.071914792060852
2023-03-22,EUR,EURUSD=X,1.0774236917495728
2023-03-23,EUR,EURUSD=X,1.0870392322540283
2023-03-24,EUR,EURUSD=X,1.0835057497024536
2023-03-26,EUR,EURUSD=X,1.077818512916565
2023-03-27,EUR,EURUSD=X,1.0807071924209595
2023-03-28,EUR,EURUSD=X,1.0839520692825317
2023-03-29,EUR,EURUSD=X,1.0843634605407715
2023-03-30,EUR,EURUSD=X,1.0904649496078491
2023-04-02,EUR,EURUSD=X,1.0803335905075073
2023-04-03,EUR,EURUSD=X,1.091226577758789
2023-04-04,EUR,EURUSD=X,1.0960105657577515
2023-04-05,EUR,EURUSD=X,1.090334177017212
2023-04-06,EUR,EURUSD=X,1.0920130014419556
2023-04-09,EUR,EURUSD=X,1.0913575887680054
2023-04-10,EUR,EURUSD=X,1.086932897567749
2023-04-11,EUR,EURUSD=X,1.0917507410049438
2023-04-12,EUR,EURUSD=X,1.0999890565872192
2023-04-13,EUR,EURUSD=X,1.1054610013961792
2023-04-16,EUR,EURUSD=X,1.098659634590149
2023-04-17,EUR,EURUSD=X,1.0925379991531372
2023-04-18,EUR,EURUSD=X,1.0975382328033447
2023-04-19,EUR,EURUSD=X,1.095218300819397
2023-04-20,EUR,EURUSD=X,1.0970927476882935
2023-04-23,EUR,EURUSD=X,1.0992271900177002
2023-04-24,EUR,EURUSD=X,1.1059499979019165
2023-04-25,EUR,EURUSD=X,1.0978394746780396
2023-04-26,EUR,EURUSD=X,1.1047282218933105
2023-04-27,EUR,EURUSD=X,1.1032048463821411
2023-04-30,EUR,EURUSD=X,1.1010911464691162
2023-05-01,EUR,EURUSD=X,1.0969241857528687
2023-05-02,EUR,EURUSD=X,1.1010911464691162
2023-05-03,EUR,EURUSD=X,1.1068925857543945
2023-05-04,EUR,EURUSD=X,1.102292776107788
2023-05-07,EUR,EURUSD=X,1.10186767578125
2023-05-08,EUR,EURUSD=X,1.0996140241622925
2023-05-09,EUR,EURUSD=X,1.096467137336731
2023-05-10,EUR,EURUSD=X,1.098406195640564
2023-05-11,EUR,EURUSD=X,1.0912145376205444
2023-05-14,EUR,EURUSD=X,1.0852696895599365
2023-05-15,EUR,EURUSD=X,1.0873701572418213
2023-05-16,EUR,EURUSD=X,1.0865668058395386
2023-05-17,EUR,EURUSD=X,1.0838346481323242
2023-05-18,EUR,EURUSD=X,1.0775396823883057
2023-05-21,EUR,EURUSD=X,1.0822745561599731
2023-05-22,EUR,EURUSD=X,1.0811045169830322
2023-05-23,EUR,EURUSD=X,1.076971173286438
2023-05-24,EUR,EURUSD=X,1.0757315158843994
2023-05-25,EUR,EURUSD=X,1.0724436044692993
2023-05-28,EUR,EURUSD=X,1.0723055601119995
2023-05-29,EUR,EURUSD=X,1.0707669258117676
2023-05-30,EUR,EURUSD=X,1.073306918144226
2023-05-31,EUR,EURUSD=X,1.0695186853408813
2023-06-01,EUR,EURUSD=X,1.0760787725448608
2023-06-04,EUR,EURUSD=X,1.0698620080947876
2023-06-05,EUR,EURUSD=X,1.0711798667907715
2023-06-06,EUR,EURUSD=X,1.0698047876358032
2023-06-07,EUR,EURUSD=X,1.0707440376281738
2023-06-08,EUR,EURUSD=X,1.078271746635437
2023-06-11,EUR,EURUSD=X,1.0750954151153564
2023-06-12,EUR,EURUSD=X,1.0762988328933716
2023-06-13,EUR,EURUSD=X,1.078934907913208
2023-06-14,EUR,EURUSD=X,1.084304690361023
2023-06-15,EUR,EURUSD=X,1.0945948362350464
2023-06-18,EUR,EURUSD=X,1.0942115783691406
2023-06-19,EUR,EURUSD=X,1.0924304723739624
2023-06-20,EUR,EURUSD=X,1.0920368432998657
2023-06-21,EUR,EURUSD=X,1.0992635488510132
2023-06-22,EUR,EURUSD=X,1.0958904027938843
2023-06-25,EUR,EURUSD=X,1.0906671285629272
2023-06-26,EUR,EURUSD=X,1.091048002243042
2023-06-27,EUR,EURUSD=X,1.0957223176956177
2023-06-28,EUR,EURUSD=X,1.0915838479995728
2023-06-29,EUR,EURUSD=X,1.0868029594421387
2023-07-02,EUR,EURUSD=X,1.0907504558563232
2023-07-03,EUR,EURUSD=X,1.091309905052185
2023-07-04,EUR,EURUSD=X,1.0884946584701538
2023-07-05,EUR,EURUSD=X,1.0856584310531616
2023-07-06,EUR,EURUSD=X,1.0890636444091797
2023-07-09,EUR,EURUSD=X,1.0969723463058472
2023-07-10,EUR,EURUSD=X,1.100594401359558
2023-07-11,EUR,EURUSD=X,1.101406455039978
2023-07-12,EUR,EURUSD=X,1.1144545078277588
2023-07-13,EUR,EURUSD=X,1.1223469972610474
2023-07-16,EUR,EURUSD=X,1.1227755546569824
2023-07-17,EUR,EURUSD=X,1.1237596273422241
2023-07-18,EUR,EURUSD=X,1.1228890419006348
2023-07-19,EUR,EURUSD=X,1.120523452758789
2023-07-20,EUR,EURUSD=X,1.113709807395935
2023-07-23,EUR,EURUSD=X,1.112532615661621
2023-07-24,EUR,EURUSD=X,1.1063170433044434
2023-07-25,EUR,EURUSD=X,1.1050456762313843
2023-07-26,EUR,EURUSD=X,1.1078368425369263
2023-07-27,EUR,EURUSD=X,1.0978755950927734
2023-07-30,EUR,EURUSD=X,1.1024264097213745
2023-07-31,EUR,EURUSD=X,1.0997591018676758
2023-08-01,EUR,EURUSD=X,1.1007881164550781
2023-08-02,EUR,EURUSD=X,1.0944151878356934
2023-08-03,EUR,EURUSD=X,1.095158338546753
2023-08-06,EUR,EURUSD=X,1.1002674102783203
2023-08-07,EUR,EURUSD=X,1.100315809249878
2023-08-08,EUR,EURUSD=X,1.0958904027938843
2023-08-09,EUR,EURUSD=X,1.0977671146392822
2023-08-10,EUR,EURUSD=X,1.0981649160385132
2023-08-13,EUR,EURUSD=X,1.094439148902893
2023-08-14,EUR,EURUSD=X,1.0909883975982666
2023-08-15,EUR,EURUSD=X,1.0904173851013184
2023-08-16,EUR,EURUSD=X,1.0874884128570557
2023-08-17,EUR,EURUSD=X,1.0874648094177246
2023-08-20,EUR,EURUSD=X,1.087559461593628
2023-08-21,EUR,EURUSD=X,1.0898351669311523
2023-08-22,EUR,EURUSD=X,1.0846692323684692
2023-08-23,EUR,EURUSD=X,1.086578607559204
2023-08-24,EUR,EURUSD=X,1.07991361618042
2023-08-27,EUR,EURUSD=X,1.0797386169433594
2023-08-28,EUR,EURUSD=X,1.0825556516647339
2023-08-29,EUR,EURUSD=X,1.0869210958480835
2023-08-30,EUR,EURUSD=X,1.0932546854019165
2023-08-31,EUR,EURUSD=X,1.0844104290008545
2023-09-03,EUR,EURUSD=X,1.07758629322052
2023-09-04,EUR,EURUSD=X,1.0794472694396973
2023-09-05,EUR,EURUSD=X,1.0726161003112793
2023-09-06,EUR,EURUSD=X,1.0724204778671265
2023-09-07,EUR,EURUSD=X,1.0697818994522095
2023-09-10,EUR,EURUSD=X,1.071811318397522
2023-09-11,EUR,EURUSD=X,1.0750375986099243
2023-09-12,EUR,EURUSD=X,1.075326681137085
2023-09-13,EUR,EURUSD=X,1.0734220743179321
2023-09-14,EUR,EURUSD=X,1.0637166500091553
2023-09-17,EUR,EURUSD=X,1.0668259859085083
2023-09-18,EUR,EURUSD=X,1.0692671537399292
2023-09-19,EUR,EURUSD=X,1.0682048797607422
2023-09-20,EUR,EURUSD=X,1.065303087234497
2023-09-21,EUR,EURUSD=X,1.0661548376083374
2023-09-24,EUR,EURUSD=X,1.0648492574691772
2023-09-25,EUR,EURUSD=X,1.0591648817062378
2023-09-26,EUR,EURUSD=X,1.0569483041763306
2023-09-27,EUR,EURUSD=X,1.0505305528640747
2023-09-28,EUR,EURUSD=X,1.0562450885772705
2023-10-01,EUR,EURUSD=X,1.0565240383148193
2023-10-02,EUR,EURUSD=X,1.0480751991271973
2023-10-03,EUR,EURUSD=X,1.0472300052642822
2023-10-04,EUR,EURUSD=X,1.0507071018218994
2023-10-05,EUR,EURUSD=X,1.0546631813049316
2023-10-08,EUR,EURUSD=X,1.056747317314148
2023-10-09,EUR,EURUSD=X,1.0578875541687012
2023-10-10,EUR,EURUSD=X,1.0604791641235352
2023-10-11,EUR,EURUSD=X,1.0624282360076904
2023-10-12,EUR,EURUSD=X,1.0536741018295288
2023-10-15,EUR,EURUSD=X,1.0521553754806519
2023-10-16,EUR,EURUSD=X,1.0554312467575073
2023-10-17,EUR,EURUSD=X,1.057305932044983
2023-10-18,EUR,EURUSD=X,1.053851842880249
2023-10-19,EUR,EURUSD=X,1.0586491823196411
2023-10-22,EUR,EURUSD=X,1.0589966773986816
2023-10-23,EUR,EURUSD=X,1.0669853687286377
2023-10-24,EUR,EURUSD=X,1.059535264968872
2023-10-25,EUR,EURUSD=X,1.056725025177002
2023-10-26,EUR,EURUSD=X,1.0564459562301636
2023-10-30,EUR,EURUSD=X,1.0562450885772705
2023-10-31,EUR,EURUSD=X,1.061503529548645
2023-11-01,EUR,EURUSD=X,1.0579099655151367
2023-11-02,EUR,EURUSD=X,1.05870521068573
2023-11-03,EUR,EURUSD=X,1.0619093179702759
2023-11-06,EUR,EURUSD=X,1.0732147693634033
2023-11-07,EUR,EURUSD=X,1.0721560716629028
2023-11-08,EUR,EURUSD=X,1.0696102380752563
2023-11-09,EUR,EURUSD=X,1.0710422992706299
2023-11-10,EUR,EURUSD=X,1.0667576789855957
2023-11-13,EUR,EURUSD=X,1.069015622138977
2023-11-14,EUR,EURUSD=X,1.0701825618743896
2023-11-15,EUR,EURUSD=X,1.0878314971923828
2023-11-16,EUR,EURUSD=X,1.0854581594467163
2023-11-17,EUR,EURUSD=X,1.0853756666183472
2023-11-20,EUR,EURUSD=X,1.090702772140503
2023-11-21,EUR,EURUSD=X,1.0945948362350464
2023-11-22,EUR,EURUSD=X,1.0918222665786743
2023-11-23,EUR,EURUSD=X,1.0890873670578003
2023-11-24,EUR,EURUSD=X,1.0906314849853516
2023-11-27,EUR,EURUSD=X,1.0940439701080322
2023-11-28,EUR,EURUSD=X,1.0958423614501953
2023-11-29,EUR,EURUSD=X,1.100594401359558
2023-11-30,EUR,EURUSD=X,1.0973695516586304
2023-12-01,EUR,EURUSD=X,1.0892059803009033
2023-12-04,EUR,EURUSD=X,1.088814616203308
2023-12-05,EUR,EURUSD=X,1.0837758779525757
2023-12-06,EUR,EURUSD=X,1.0793657302856445
2023-12-07,EUR,EURUSD=X,1.076669692993164
2023-12-08,EUR,EURUSD=X,1.079214334487915
2023-12-11,EUR,EURUSD=X,1.0765769481658936
2023-12-12,EUR,EURUSD=X,1.076658010482788
2023-12-13,EUR,EURUSD=X,1.0798670053482056
2023-12-14,EUR,EURUSD=X,1.0886130332946777
2023-12-15,EUR,EURUSD=X,1.0993602275848389
2023-12-18,EUR,EURUSD=X,1.0895264148712158
2023-12-19,EUR,EURUSD=X,1.092382788658142
2023-12-20,EUR,EURUSD=X,1.0981045961380005
2023-12-21,EUR,EURUSD=X,1.0945708751678467
2023-12-22,EUR,EURUSD=X,1.100618600845337
2023-12-25,EUR,EURUSD=X,1.102657437324524
2023-12-26,EUR,EURUSD=X,1.1020255088806152
2023-12-27,EUR,EURUSD=X,1.1043012142181396
2023-12-28,EUR,EURUSD=X,1.110864281654358
2023-12-29,EUR,EURUSD=X,1.1068191528320312
2024-01-01,EUR,EURUSD=X,1.1055831909179688
2024-01-02,EUR,EURUSD=X,1.1038745641708374
2024-01-03,EUR,EURUSD=X,1.0941756963729858
2024-01-04,EUR,EURUSD=X,1.0927767753601074
2024-01-05,EUR,EURUSD=X,1.0947387218475342
2024-01-08,EUR,EURUSD=X,1.0942236185073853
2024-01-09,EUR,EURUSD=X,1.095170259475708
2024-01-10,EUR,EURUSD=X,1.0932426452636719
2024-01-11,EUR,EURUSD=X,1.0975141525268555
2024-01-12,EUR,EURUSD=X,1.0981649160385132
2024-01-15,EUR,EURUSD=X,1.0945708751678467
2024-01-16,EUR,EURUSD=X,1.0945708751678467
2024-01-17,EUR,EURUSD=X,1.087878942489624
2024-01-18,EUR,EURUSD=X,1.0885775089263916
2024-01-19,EUR,EURUSD=X,1.0879143476486206
2024-01-22,EUR,EURUSD=X,1.089229702949524
2024-01-23,EUR,EURUSD=X,1.088020920753479
2024-01-24,EUR,EURUSD=X,1.0857881307601929
2024-01-25,EUR,EURUSD=X,1.088174819946289
2024-01-26,EUR,EURUSD=X,1.0847046375274658
2024-01-29,EUR,EURUSD=X,1.0843517780303955
2024-01-30,EUR,EURUSD=X,1.0834470987319946
2024-01-31,EUR,EURUSD=X,1.08433997631073
2024-02-01,EUR,EURUSD=X,1.0803920030593872
2024-02-02,EUR,EURUSD=X,1.0874648094177246
2024-02-05,EUR,EURUSD=X,1.0780043601989746
2024-02-06,EUR,EURUSD=X,1.0741831064224243
2024-02-07,EUR,EURUSD=X,1.075719952583313
2024-02-08,EUR,EURUSD=X,1.077574610710144
2024-02-09,EUR,EURUSD=X,1.0777255296707153
2024-02-12,EUR,EURUSD=X,1.0798202753067017
2024-02-13,EUR,EURUSD=X,1.0772264003753662
2024-02-14,EUR,EURUSD=X,1.0708931684494019
2024-02-15,EUR,EURUSD=X,1.0732147693634033
2024-02-16,EUR,EURUSD=X,1.0773887634277344
2024-02-19,EUR,EURUSD=X,1.0784927606582642
2024-02-20,EUR,EURUSD=X,1.0775396823883057
2024-02-21,EUR,EURUSD=X,1.0813149213790894
2024-02-22,EUR,EURUSD=X,1.0820403099060059
2024-02-23,EUR,EURUSD=X,1.0825674533843994
2024-02-26,EUR,EURUSD=X,1.0820051431655884
2024-02-27,EUR,EURUSD=X,1.0850930213928223
2024-02-28,EUR,EURUSD=X,1.084481120109558
2024-02-29,EUR,EURUSD=X,1.0838816165924072
2024-03-01,EUR,EURUSD=X,1.0804970264434814
2024-03-04,EUR,EURUSD=X,1.084269404411316
2024-03-05,EUR,EURUSD=X,1.0855170488357544
2024-03-06,EUR,EURUSD=X,1.0855995416641235
2024-03-07,EUR,EURUSD=X,1.089953899383545
2024-03-08,EUR,EURUSD=X,1.0950144529342651
2024-03-11,EUR,EURUSD=X,1.0942955017089844
2024-03-12,EUR,EURUSD=X,1.093135118484497
2024-03-13,EUR,EURUSD=X,1.0927767753601074
2024-03-14,EUR,EURUSD=X,1.0955302715301514
2024-03-15,EUR,EURUSD=X,1.0883406400680542
2024-03-18,EUR,EURUSD=X,1.0882576704025269
2024-03-19,EUR,EURUSD=X,1.087393879890442
2024-03-20,EUR,EURUSD=X,1.0863306522369385
2024-03-21,EUR,EURUSD=X,1.0937210321426392
2024-03-22,EUR,EURUSD=X,1.0862362384796143
2024-03-25,EUR,EURUSD=X,1.0807539224624634
2024-03-26,EUR,EURUSD=X,1.0838228464126587
2024-03-27,EUR,EURUSD=X,1.0832358598709106
2024-03-28,EUR,EURUSD=X,1.0813382863998413
2024-03-29,EUR,EURUSD=X,1.0794472694396973
2024-03-31,EUR,EURUSD=X,1.0792726278305054
2024-04-01,EUR,EURUSD=X,1.0737217664718628
2024-04-02,EUR,EURUSD=X,1.076855182647705
2024-04-03,EUR,EURUSD=X,1.0838346481323242
2024-04-04,EUR,EURUSD=X,1.0837054252624512
2024-04-07,EUR,EURUSD=X,1.0830481052398682
2024-04-08,EUR,EURUSD=X,1.0863661766052246
2024-04-09,EUR,EURUSD=X,1.0859296321868896
2024-04-10,EUR,EURUSD=X,1.074171543121338
2024-04-11,EUR,EURUSD=X,1.0726851224899292
2024-04-14,EUR,EURUSD=X,1.0649627447128296
2024-04-15,EUR,EURUSD=X,1.0625749826431274
2024-04-16,EUR,EURUSD=X,1.0621461868286133
2024-04-17,EUR,EURUSD=X,1.0669398307800293
2024-04-18,EUR,EURUSD=X,1.0644185543060303
2024-04-21,EUR,EURUSD=X,1.065825343132019
2024-04-22,EUR,EURUSD=X,1.065405249595642
2024-04-23,EUR,EURUSD=X,1.0704345703125
2024-04-24,EUR,EURUSD=X,1.0699878931045532
2024-04-25,EUR,EURUSD=X,1.072961449623108
2024-04-28,EUR,EURUSD=X,1.0706866979599
2024-04-29,EUR,EURUSD=X,1.0715701580047607
2024-04-30,EUR,EURUSD=X,1.0666552782058716
2024-05-01,EUR,EURUSD=X,1.0721560716629028
2024-05-02,EUR,EURUSD=X,1.073306918144226
2024-05-05,EUR,EURUSD=X,1.0758124589920044
2024-05-06,EUR,EURUSD=X,1.0767507553100586
2024-05-07,EUR,EURUSD=X,1.0750491619110107
2024-05-08,EUR,EURUSD=X,1.0746910572052002
2024-05-09,EUR,EURUSD=X,1.078515887260437
2024-05-12,EUR,EURUSD=X,1.077040672302246
2024-05-13,EUR,EURUSD=X,1.079354166984558
2024-05-14,EUR,EURUSD=X,1.0814552307128906
2024-05-15,EUR,EURUSD=X,1.0889805555343628
2024-05-16,EUR,EURUSD=X,1.0867793560028076
2024-05-19,EUR,EURUSD=X,1.0875475406646729
2024-05-20,EUR,EURUSD=X,1.086082935333252
2024-05-21,EUR,EURUSD=X,1.0855170488357544
2024-05-22,EUR,EURUSD=X,1.0825204849243164
2024-05-23,EUR,EURUSD=X,1.0812681913375854
2024-05-26,EUR,EURUSD=X,1.0847634077072144
2024-05-27,EUR,EURUSD=X,1.0861891508102417
2024-05-28,EUR,EURUSD=X,1.0851871967315674
2024-05-29,EUR,EURUSD=X,1.0801819562911987
2024-05-30,EUR,EURUSD=X,1.0835410356521606
2024-06-02,EUR,EURUSD=X,1.0853049755096436
2024-06-03,EUR,EURUSD=X,1.0907385349273682
2024-06-04,EUR,EURUSD=X,1.0881866216659546
2024-06-05,EUR,EURUSD=X,1.087453007698059
2024-06-06,EUR,EURUSD=X,1.0894432067871094
2024-06-09,EUR,EURUSD=X,1.0778882503509521
2024-06-10,EUR,EURUSD=X,1.0764262676239014
2024-06-11,EUR,EURUSD=X,1.0740330219268799
2024-06-12,EUR,EURUSD=X,1.0813149213790894
2024-06-13,EUR,EURUSD=X,1.0738831758499146
2024-06-16,EUR,EURUSD=X,1.0702168941497803
2024-06-17,EUR,EURUSD=X,1.0740677118301392
2024-06-18,EUR,EURUSD=X,1.0742292404174805
2024-06-19,EUR,EURUSD=X,1.0751532316207886
2024-06-20,EUR,EURUSD=X,1.0706409215927124
2024-06-23,EUR,EURUSD=X,1.0687757730484009
2024-06-24,EUR,EURUSD=X,1.0732723474502563
2024-06-25,EUR,EURUSD=X,1.0709619522094727
2024-06-26,EUR,EURUSD=X,1.068010926246643
2024-06-27,EUR,EURUSD=X,1.0708472728729248
2024-06-30,EUR,EURUSD=X,1.0735257863998413
2024-07-01,EUR,EURUSD=X,1.0737102031707764
2024-07-02,EUR,EURUSD=X,1.0748412609100342
2024-07-03,EUR,EURUSD=X,1.0793308019638062
2024-07-04,EUR,EURUSD=X,1.0810693502426147
2024-07-07,EUR,EURUSD=X,1.082602620124817
2024-07-08,EUR,EURUSD=X,1.0830950736999512
2024-07-09,EUR,EURUSD=X,1.0814785957336426
2024-07-10,EUR,EURUSD=X,1.083329677581787
2024-07-11,EUR,EURUSD=X,1.0872756242752075
2024-07-14,EUR,EURUSD=X,1.0885539054870605
2024-07-15,EUR,EURUSD=X,1.0901559591293335
2024-07-16,EUR,EURUSD=X,1.0902509689331055
2024-07-17,EUR,EURUSD=X,1.094020128250122
2024-07-18,EUR,EURUSD=X,1.0901559591293335
2024-07-21,EUR,EURUSD=X,1.0899182558059692
2024-07-22,EUR,EURUSD=X,1.0889805555343628
2024-07-23,EUR,EURUSD=X,1.0850694179534912
2024-07-24,EUR,EURUSD=X,1.0839520692825317
2024-07-25,EUR,EURUSD=X,1.0851283073425293
2024-07-28,EUR,EURUSD=X,1.0853756666183472
2024-07-29,EUR,EURUSD=X,1.081946611404419
2024-07-30,EUR,EURUSD=X,1.0816072225570679
2024-07-31,EUR,EURUSD=X,1.082391619682312
2024-08-01,EUR,EURUSD=X,1.0787602663040161
2024-08-04,EUR,EURUSD=X,1.0910836458206177
2024-08-05,EUR,EURUSD=X,1.0950982570648193
2024-08-06,EUR,EURUSD=X,1.0926215648651123
2024-08-07,EUR,EURUSD=X,1.0928125381469727
2024-08-08,EUR,EURUSD=X,1.0915720462799072
2024-08-11,EUR,EURUSD=X,1.091381311416626
2024-08-12,EUR,EURUSD=X,1.0936251878738403
2024-08-13,EUR,EURUSD=X,1.0996986627578735
2024-08-14,EUR,EURUSD=X,1.1013215780258179
2024-08-15,EUR,EURUSD=X,1.0972732305526733
2024-08-18,EUR,EURUSD=X,1.1024993658065796
2024-08-19,EUR,EURUSD=X,1.1086474657058716
2024-08-20,EUR,EURUSD=X,1.112792730331421
2024-08-21,EUR,EURUSD=X,1.115536093711853
2024-08-22,EUR,EURUSD=X,1.111716389656067
2024-08-25,EUR,EURUSD=X,1.1187934875488281
2024-08-26,EUR,EURUSD=X,1.1164700984954834
2024-08-27,EUR,EURUSD=X,1.117793083190918
2024-08-28,EUR,EURUSD=X,1.1124955415725708
2024-08-29,EUR,EURUSD=X,1.1080454587936401
2024-09-01,EUR,EURUSD=X,1.1044842004776
2024-09-02,EUR,EURUSD=X,1.1067456007003784
2024-09-03,EUR,EURUSD=X,1.1048868894577026
2024-09-04,EUR,EURUSD=X,1.1080454587936401
2024-09-05,EUR,EURUSD=X,1.1111111640930176
2024-09-08,EUR,EURUSD=X,1.1087212562561035
2024-09-09,EUR,EURUSD=X,1.1037527322769165
2024-09-10,EUR,EURUSD=X,1.1020983457565308
2024-09-11,EUR,EURUSD=X,1.1010911464691162
2024-09-12,EUR,EURUSD=X,1.1077877283096313
2024-09-15,EUR,EURUSD=X,1.1088441610336304
2024-09-16,EUR,EURUSD=X,1.1129536628723145
2024-09-17,EUR,EURUSD=X,1.1123099327087402
2024-09-18,EUR,EURUSD=X,1.1114816665649414
2024-09-19,EUR,EURUSD=X,1.1161960363388062
2024-09-22,EUR,EURUSD=X,1.1160838603973389
2024-09-23,EUR,EURUSD=X,1.1111727952957153
2024-09-24,EUR,EURUSD=X,1.1191190481185913
2024-09-25,EUR,EURUSD=X,1.1131023168563843
2024-09-26,EUR,EURUSD=X,1.117717981338501
2024-09-29,EUR,EURUSD=X,1.1169815063476562
2024-09-30,EUR,EURUSD=X,1.113660216331482
2024-10-01,EUR,EURUSD=X,1.1063904762268066
2024-10-02,EUR,EURUSD=X,1.1048502922058105
2024-10-03,EUR,EURUSD=X,1.103557825088501
2024-10-06,EUR,EURUSD=X,1.0974539518356323
2024-10-07,EUR,EURUSD=X,1.0975743532180786
2024-10-08,EUR,EURUSD=X,1.0975743532180786
2024-10-09,EUR,EURUSD=X,1.0943313837051392
2024-10-10,EUR,EURUSD=X,1.0933860540390015
2024-10-13,EUR,EURUSD=X,1.0925379991531372
2024-10-14,EUR,EURUSD=X,1.0909169912338257
2024-10-15,EUR,EURUSD=X,1.0884116888046265
2024-10-16,EUR,EURUSD=X,1.0862481594085693
2024-10-17,EUR,EURUSD=X,1.0829542875289917
2024-10-20,EUR,EURUSD=X,1.0868619680404663
2024-10-21,EUR,EURUSD=X,1.0817828178405762
2024-10-22,EUR,EURUSD=X,1.079727053642273
2024-10-23,EUR,EURUSD=X,1.0780508518218994
2024-10-24,EUR,EURUSD=X,1.0824151039123535
2024-10-28,EUR,EURUSD=X,1.0796570777893066
2024-10-29,EUR,EURUSD=X,1.0816774368286133
2024-10-30,EUR,EURUSD=X,1.0820636749267578
2024-10-31,EUR,EURUSD=X,1.0859178304672241
2024-11-01,EUR,EURUSD=X,1.0886130332946777
2024-11-04,EUR,EURUSD=X,1.087453007698059
2024-11-05,EUR,EURUSD=X,1.0874056816101074
2024-11-06,EUR,EURUSD=X,1.093445897102356
2024-11-07,EUR,EURUSD=X,1.073306918144226
2024-11-08,EUR,EURUSD=X,1.0795172452926636
2024-11-11,EUR,EURUSD=X,1.0714898109436035
2024-11-12,EUR,EURUSD=X,1.066439151763916
2024-11-13,EUR,EURUSD=X,1.061672568321228
2024-11-14,EUR,EURUSD=X,1.0564124584197998
2024-11-15,EUR,EURUSD=X,1.0530084371566772
2024-11-18,EUR,EURUSD=X,1.0533745288848877
2024-11-19,EUR,EURUSD=X,1.059490442276001
2024-11-20,EUR,EURUSD=X,1.0607603788375854
2024-11-21,EUR,EURUSD=X,1.0546187162399292
2024-11-22,EUR,EURUSD=X,1.0469341278076172
2024-11-25,EUR,EURUSD=X,1.0479873418807983
2024-11-26,EUR,EURUSD=X,1.0444300174713135
2024-11-27,EUR,EURUSD=X,1.0491198301315308
2024-11-28,EUR,EURUSD=X,1.0562450885772705
2024-11-29,EUR,EURUSD=X,1.0563008785247803
2024-12-02,EUR,EURUSD=X,1.0545074939727783
2024-12-03,EUR,EURUSD=X,1.0501223802566528
2024-12-04,EUR,EURUSD=X,1.0510826110839844
2024-12-05,EUR,EURUSD=X,1.051414132118225
2024-12-06,EUR,EURUSD=X,1.058559536933899
2024-12-09,EUR,EURUSD=X,1.0565463304519653
2024-12-10,EUR,EURUSD=X,1.0555204153060913
2024-12-11,EUR,EURUSD=X,1.0532968044281006
2024-12-12,EUR,EURUSD=X,1.0506850481033325
2024-12-13,EUR,EURUSD=X,1.0474056005477905
2024-12-16,EUR,EURUSD=X,1.051005244255066
2024-12-17,EUR,EURUSD=X,1.0517348051071167
2024-12-18,EUR,EURUSD=X,1.0495051145553589
2024-12-19,EUR,EURUSD=X,1.0350252389907837
2024-12-20,EUR,EURUSD=X,1.0364949703216553
2024-12-23,EUR,EURUSD=X,1.0433076620101929
2024-12-24,EUR,EURUSD=X,1.0405826568603516
2024-12-25,EUR,EURUSD=X,1.0402579307556152
2024-12-26,EUR,EURUSD=X,1.0399551391601562
2024-12-27,EUR,EURUSD=X,1.0423181056976318
2024-12-30,EUR,EURUSD=X,1.0429377555847168
2024-12-31,EUR,EURUSD=X,1.040615200996399
2025-01-01,EUR,EURUSD=X,
2025-01-02,EUR,EURUSD=X,1.0351860523223877
2025-01-03,EUR,EURUSD=X,1.0268205404281616
2025-01-06,EUR,EURUSD=X,1.0305347442626953
2025-01-07,EUR,EURUSD=X,1.0386372804641724
2025-01-08,EUR,EURUSD=X,1.034554123878479
2025-01-09,EUR,EURUSD=X,1.0314701795578003
2025-01-10,EUR,EURUSD=X,1.0297601222991943
2025-01-13,EUR,EURUSD=X,1.0244431495666504
2025-01-14,EUR,EURUSD=X,1.0265253782272339
2025-01-15,EUR,EURUSD=X,1.0306835174560547
2025-01-16,EUR,EURUSD=X,1.0295268297195435
2025-01-17,EUR,EURUSD=X,1.0301949977874756
2025-01-20,EUR,EURUSD=X,1.0277386903762817
2025-01-21,EUR,EURUSD=X,1.0420682430267334
2025-01-22,EUR,EURUSD=X,1.0405935049057007
2025-01-23,EUR,EURUSD=X,1.0410159826278687
2025-01-24,EUR,EURUSD=X,1.041601538658142
2025-01-27,EUR,EURUSD=X,1.0467586517333984
2025-01-28,EUR,EURUSD=X,1.0445064306259155
2025-01-29,EUR,EURUSD=X,1.0429050922393799
2025-01-30,EUR,EURUSD=X,1.0425245761871338
2025-01-31,EUR,EURUSD=X,1.0397279262542725
2025-02-03,EUR,EURUSD=X,1.024779200553894
2025-02-04,EUR,EURUSD=X,1.0327378511428833
2025-02-05,EUR,EURUSD=X,1.0372798442840576
2025-02-06,EUR,EURUSD=X,1.0400848388671875
2025-02-07,EUR,EURUSD=X,1.0385725498199463
2025-02-10,EUR,EURUSD=X,1.0311616659164429
2025-02-11,EUR,EURUSD=X,1.0301525592803955
2025-02-12,EUR,EURUSD=X,1.0364949703216553
2025-02-13,EUR,EURUSD=X,1.039198637008667
2025-02-14,EUR,EURUSD=X,1.0461673736572266
2025-02-17,EUR,EURUSD=X,1.0489217042922974
2025-02-18,EUR,EURUSD=X,1.048536777496338
2025-02-19,EUR,EURUSD=X,1.044833779335022
2025-02-20,EUR,EURUSD=X,1.0421009063720703
2025-02-21,EUR,EURUSD=X,1.0500562191009521
2025-02-24,EUR,EURUSD=X,1.0474823713302612
2025-02-25,EUR,EURUSD=X,1.0461344718933105
2025-02-26,EUR,EURUSD=X,1.0524100065231323
2025-02-27,EUR,EURUSD=X,1.0488777160644531
2025-02-28,EUR,EURUSD=X,1.039511799812317
2025-03-03,EUR,EURUSD=X,1.0413846969604492
2025-03-04,EUR,EURUSD=X,1.0485037565231323
2025-03-05,EUR,EURUSD=X,1.062699317932129
2025-03-06,EUR,EURUSD=X,1.0794938802719116
2025-03-07,EUR,EURUSD=X,1.0787951946258545
2025-03-10,EUR,EURUSD=X,1.086059331893921
2025-03-11,EUR,EURUSD=X,1.0839403867721558
2025-03-12,EUR,EURUSD=X,1.0914170742034912
2025-03-13,EUR,EURUSD=X,1.0886249542236328
2025-03-14,EUR,EURUSD=X,1.085564136505127
2025-03-17,EUR,EURUSD=X,1.0881274938583374
2025-03-18,EUR,EURUSD=X,1.091917634010315
2025-03-19,EUR,EURUSD=X,1.093948245048523
2025-03-20,EUR,EURUSD=X,1.0911908149719238
2025-03-21,EUR,EURUSD=X,1.0856702327728271
2025-03-24,EUR,EURUSD=X,1.0835762023925781
2025-03-25,EUR,EURUSD=X,1.0803569555282593
2025-03-26,EUR,EURUSD=X,1.0787487030029297
2025-03-27,EUR,EURUSD=X,1.0742061138153076
2025-03-28,EUR,EURUSD=X,1.080100178718567
2025-03-30,EUR,EURUSD=X,1.082391619682312
2025-03-31,EUR,EURUSD=X,1.0818880796432495
2025-04-01,EUR,EURUSD=X,1.0795987844467163
2025-04-02,EUR,EURUSD=X,1.090869426727295
2025-04-03,EUR,EURUSD=X,1.1043744087219238
2025-04-06,EUR,EURUSD=X,1.098454475402832
2025-04-07,EUR,EURUSD=X,1.0915361642837524
2025-04-08,EUR,EURUSD=X,1.0980443954467773
2025-04-09,EUR,EURUSD=X,1.0952062606811523
2025-04-10,EUR,EURUSD=X,1.1257838010787964
2025-04-13,EUR,EURUSD=X,1.1343141794204712
2025-04-14,EUR,EURUSD=X,1.1339668035507202
2025-04-15,EUR,EURUSD=X,1.1292672157287598
2025-04-16,EUR,EURUSD=X,1.1396790742874146
2025-04-17,EUR,EURUSD=X,
2025-04-20,EUR,EURUSD=X,
2025-04-21,EUR,EURUSD=X,1.1512778997421265
2025-04-22,EUR,EURUSD=X,1.1351252794265747
2025-04-23,EUR,EURUSD=X,1.132733702659607
2025-04-24,EUR,EURUSD=X,1.1371906995773315
2025-04-27,EUR,EURUSD=X,1.1343141794204712
2025-04-28,EUR,EURUSD=X,1.1409143209457397
2025-04-29,EUR,EURUSD=X,1.1389262676239014
2025-04-30,EUR,EURUSD=X,1.1324899196624756
2025-05-01,EUR,EURUSD=X,1.1296498775482178
2025-05-04,EUR,EURUSD=X,1.1323232650756836
2025-05-05,EUR,EURUSD=X,1.1313369274139404
2025-05-06,EUR,EURUSD=X,1.1342755556106567
2025-05-07,EUR,EURUSD=X,1.1306205987930298
2025-05-08,EUR,EURUSD=X,1.122422695159912
2025-05-11,EUR,EURUSD=X,1.12296462059021
2025-05-12,EUR,EURUSD=X,1.1095577478408813
2025-05-13,EUR,EURUSD=X,1.1185556650161743
2025-05-14,EUR,EURUSD=X,1.1181930303573608
2025-05-15,EUR,EURUSD=X,1.1192693710327148
2025-05-18,EUR,EURUSD=X,1.1187559366226196
2025-05-19,EUR,EURUSD=X,1.1233429908752441
2025-05-20,EUR,EURUSD=X,1.1287955045700073
2025-05-21,EUR,EURUSD=X,1.133118748664856
2025-05-22,EUR,EURUSD=X,1.1281843185424805
2025-05-25,EUR,EURUSD=X,1.1372811794281006
2025-05-26,EUR,EURUSD=X,1.1388484239578247
2025-05-27,EUR,EURUSD=X,1.1337097883224487
2025-05-28,EUR,EURUSD=X,1.123368263244629
2025-05-29,EUR,EURUSD=X,1.1378376483917236
2025-06-01,EUR,EURUSD=X,1.1353315114974976
2025-06-02,EUR,EURUSD=X,1.1453442573547363
2025-06-03,EUR,EURUSD=X,1.1384464502334595
2025-06-04,EUR,EURUSD=X,1.1422044038772583
2025-06-05,EUR,EURUSD=X,1.1453834772109985
2025-06-08,EUR,EURUSD=X,1.1407841444015503
2025-06-09,EUR,EURUSD=X,1.1428048610687256
2025-06-10,EUR,EURUSD=X,1.143746018409729
2025-06-11,EUR,EURUSD=X,1.1509333848953247
2025-06-12,EUR,EURUSD=X,1.1600254774093628
2025-06-15,EUR,EURUSD=X,1.1556684970855713
2025-06-16,EUR,EURUSD=X,1.1551345586776733
2025-06-17,EUR,EURUSD=X,1.1482638120651245
2025-06-18,EUR,EURUSD=X,1.1477497816085815
2025-06-19,EUR,EURUSD=X,1.1512778997421265
2025-06-22,EUR,EURUSD=X,1.1500862836837769
2025-06-23,EUR,EURUSD=X,1.1599044799804688
2025-06-24,EUR,EURUSD=X,1.161224365234375
2025-06-25,EUR,EURUSD=X,1.1683744192123413
2025-06-26,EUR,EURUSD=X,1.1692214012145996
2025-06-29,EUR,EURUSD=X,1.1727453470230103
2025-06-30,EUR,EURUSD=X,1.178717017173767
2025-07-01,EUR,EURUSD=X,1.180553913116455
2025-07-02,EUR,EURUSD=X,1.18002450466156
2025-07-03,EUR,EURUSD=X,1.1771491765975952
2025-07-06,EUR,EURUSD=X,1.178078293800354
2025-07-07,EUR,EURUSD=X,1.1736538410186768
2025-07-08,EUR,EURUSD=X,1.1724566221237183
2025-07-09,EUR,EURUSD=X,1.17311692237854
2025-07-10,EUR,EURUSD=X,1.1702749729156494
2025-07-13,EUR,EURUSD=X,1.1682106256484985
2025-07-14,EUR,EURUSD=X,1.1666297912597656
2025-07-15,EUR,EURUSD=X,1.1607391834259033
2025-07-16,EUR,EURUSD=X,1.1635754108428955
2025-07-17,EUR,EURUSD=X,1.161548137664795
2025-07-20,EUR,EURUSD=X,1.1630746126174927
2025-07-21,EUR,EURUSD=X,1.1694538593292236
2025-07-22,EUR,EURUSD=X,1.1739156246185303
2025-07-23,EUR,EURUSD=X,1.1774264574050903
2025-07-24,EUR,EURUSD=X,1.1756131649017334
2025-07-27,EUR,EURUSD=X,1.1756821870803833
2025-07-28,EUR,EURUSD=X,1.1596757173538208
2025-07-29,EUR,EURUSD=X,1.1550945043563843
2025-07-30,EUR,EURUSD=X,1.1429355144500732
2025-07-31,EUR,EURUSD=X,1.142374038696289
2025-08-03,EUR,EURUSD=X,1.158668041229248
2025-08-04,EUR,EURUSD=X,1.1584129333496094
2025-08-05,EUR,EURUSD=X,1.1579166650772095
2025-08-06,EUR,EURUSD=X,1.1663167476654053
2025-08-07,EUR,EURUSD=X,1.1676650047302246
2025-08-10,EUR,EURUSD=X,1.1647952795028687
2025-08-11,EUR,EURUSD=X,1.1618449687957764
2025-08-12,EUR,EURUSD=X,1.1677058935165405
2025-08-13,EUR,EURUSD=X,1.171289324760437
2025-08-14,EUR,EURUSD=X,1.1651345491409302
2025-08-17,EUR,EURUSD=X,1.1706587076187134
2025-08-18,EUR,EURUSD=X,1.1668338775634766
2025-08-19,EUR,EURUSD=X,1.164252758026123
2025-08-20,EUR,EURUSD=X,1.165175199508667
2025-08-21,EUR,EURUSD=X,1.16130530834198
2025-08-24,EUR,EURUSD=X,1.1709601879119873
2025-08-25,EUR,EURUSD=X,1.1618449687957764
2025-08-26,EUR,EURUSD=X,1.1639411449432373
2025-08-27,EUR,EURUSD=X,1.1647952795028687
2025-08-28,EUR,EURUSD=X,1.1681560277938843
2025-08-31,EUR,EURUSD=X,1.1691803932189941
2025-09-01,EUR,EURUSD=X,1.1715912818908691
2025-09-02,EUR,EURUSD=X,1.163602590560913
2025-09-03,EUR,EURUSD=X,1.16604483127594
2025-09-04,EUR,EURUSD=X,1.1656913757324219
2025-09-07,EUR,EURUSD=X,1.1713168621063232
2025-09-08,EUR,EURUSD=X,1.1769136190414429
2025-09-09,EUR,EURUSD=X,1.1702749729156494
2025-09-10,EUR,EURUSD=X,1.1703435182571411
2025-09-11,EUR,EURUSD=X,1.1734747886657715
2025-09-14,EUR,EURUSD=X,1.1726491451263428
2025-09-15,EUR,EURUSD=X,1.1763737201690674
2025-09-16,EUR,EURUSD=X,1.1871408224105835
2025-09-17,EUR,EURUSD=X,1.1826341152191162
2025-09-18,EUR,EURUSD=X,1.1791062355041504
2025-09-21,EUR,EURUSD=X,1.1736950874328613
2025-09-22,EUR,EURUSD=X,1.1801080703735352
2025-09-23,EUR,EURUSD=X,1.1814465522766113
2025-09-24,EUR,EURUSD=X,1.1744670867919922
2025-09-25,EUR,EURUSD=X,1.166275978088379
2025-09-28,EUR,EURUSD=X,1.170823097229004
2025-09-29,EUR,EURUSD=X,1.1731443405151367
2025-09-30,EUR,EURUSD=X,1.1735849380493164
2025-10-01,EUR,EURUSD=X,1.1734058856964111
2025-10-02,EUR,EURUSD=X,1.1725116968154907
2025-10-05,EUR,EURUSD=X,1.171248197555542
2025-10-06,EUR,EURUSD=X,1.171028733253479
2025-10-07,EUR,EURUSD=X,1.1654603481292725
2025-10-08,EUR,EURUSD=X,1.1631964445114136
2025-10-09,EUR,EURUSD=X,1.156644344329834
2025-10-12,EUR,EURUSD=X,1.160240888595581
2025-10-13,EUR,EURUSD=X,1.1566845178604126
2025-10-14,EUR,EURUSD=X,1.1602274179458618
2025-10-15,EUR,EURUSD=X,1.1646324396133423
2025-10-16,EUR,EURUSD=X,1.1699601411819458
2025-10-19,EUR,EURUSD=X,1.165745735168457
2025-10-20,EUR,EURUSD=X,1.164442539215088
2025-10-21,EUR,EURUSD=X,1.160038948059082
2025-10-22,EUR,EURUSD=X,1.1608469486236572
2025-10-23,EUR,EURUSD=X,1.1618045568466187
2025-10-27,EUR,EURUSD=X,1.1631693840026855
2025-10-28,EUR,EURUSD=X,1.165175199508667
2025-10-29,EUR,EURUSD=X,1.1657865047454834
2025-10-30,EUR,EURUSD=X,1.1603351831436157
2025-10-31,EUR,EURUSD=X,1.157246708869934
2025-11-03,EUR,EURUSD=X,1.1528042554855347
2025-11-04,EUR,EURUSD=X,1.1519144773483276
2025-11-05,EUR,EURUSD=X,1.1485539674758911
2025-11-06,EUR,EURUSD=X,1.1496764421463013
2025-11-07,EUR,EURUSD=X,1.1549211740493774
2025-11-10,EUR,EURUSD=X,1.1543878316879272
2025-11-11,EUR,EURUSD=X,1.1557220220565796
2025-11-12,EUR,EURUSD=X,1.1587486267089844
2025-11-13,EUR,EURUSD=X,1.159218668937683
2025-11-14,EUR,EURUSD=X,1.1631964445114136
2025-11-17,EUR,EURUSD=X,1.1615345478057861
2025-11-18,EUR,EURUSD=X,1.159057378768921
2025-11-19,EUR,EURUSD=X,1.1581177711486816
2025-11-20,EUR,EURUSD=X,1.154068112373352
2025-11-21,EUR,EURUSD=X,1.1534557342529297
2025-11-24,EUR,EURUSD=X,1.1507612466812134
2025-11-25,EUR,EURUSD=X,1.1520073413848877
2025-11-26,EUR,EURUSD=X,1.156483769416809
2025-11-27,EUR,EURUSD=X,1.1602139472961426
2025-11-28,EUR,EURUSD=X,1.1599851846694946
2025-12-01,EUR,EURUSD=X,1.1601465940475464
2025-12-02,EUR,EURUSD=X,1.1607661247253418
2025-12-03,EUR,EURUSD=X,1.1627906560897827
2025-12-04,EUR,EURUSD=X,1.1666841506958008
2025-12-05,EUR,EURUSD=X,1.1642799377441406
2025-12-08,EUR,EURUSD=X,1.164022445678711
2025-12-09,EUR,EURUSD=X,1.1641442775726318
2025-12-10,EUR,EURUSD=X,1.1628313064575195
2025-12-11,EUR,EURUSD=X,1.1701242923736572
2025-12-12,EUR,EURUSD=X,1.1739431619644165
2025-12-15,EUR,EURUSD=X,1.1737639904022217
2025-12-16,EUR,EURUSD=X,1.1754610538482666
2025-12-17,EUR,EURUSD=X,1.1749500036239624
2025-12-18,EUR,EURUSD=X,1.1742326021194458
2025-12-19,EUR,EURUSD=X,1.1725666522979736
2025-12-22,EUR,EURUSD=X,1.1708093881607056
2025-12-23,EUR,EURUSD=X,1.1765950918197632
2025-12-24,EUR,EURUSD=X,1.179551362991333
2025-12-25,EUR,EURUSD=X,
2025-12-26,EUR,EURUSD=X,1.1785364151000977
2025-12-29,EUR,EURUSD=X,1.1772738695144653
2025-12-30,EUR,EURUSD=X,1.1772878170013428
2025-12-31,EUR,EURUSD=X,1.1747292280197144
2026-01-01,EUR,EURUSD=X,
2026-01-02,EUR,EURUSD=X,1.175046682357788
2026-01-05,EUR,EURUSD=X,1.1704667806625366
2026-01-06,EUR,EURUSD=X,1.1714951992034912
2026-01-07,EUR,EURUSD=X,1.1688251495361328
2026-01-08,EUR,EURUSD=X,1.1676785945892334
2026-01-09,EUR,EURUSD=X,1.1657865047454834
2026-01-12,EUR,EURUSD=X,1.1623716354370117
2026-01-13,EUR,EURUSD=X,1.1666978597640991
2026-01-14,EUR,EURUSD=X,1.164252758026123
2026-01-15,EUR,EURUSD=X,1.1646324396133423
2026-01-16,EUR,EURUSD=X,1.1609008312225342
2026-01-19,EUR,EURUSD=X,1.162493348121643
2026-01-20,EUR,EURUSD=X,1.1639139652252197
2026-01-21,EUR,EURUSD=X,1.1727865934371948
2026-01-22,EUR,EURUSD=X,1.1672970056533813
2026-01-23,EUR,EURUSD=X,1.1754610538482666
2026-01-26,EUR,EURUSD=X,1.1858457326889038
2026-01-27,EUR,EURUSD=X,1.1876484155654907
2026-01-28,EUR,EURUSD=X,1.2017642259597778
2026-01-29,EUR,EURUSD=X,1.1977769136428833
2026-01-30,EUR,EURUSD=X,1.19657301902771
2026-02-02,EUR,EURUSD=X,1.1849182844161987
2022-01-03,CNY,CNYUSD=X,0.15735888481140137
2022-01-04,CNY,CNYUSD=X,0.157353937625885
2022-01-05,CNY,CNYUSD=X,0.15737374126911163
2022-01-06,CNY,CNYUSD=X,0.15738117694854736
2022-01-07,CNY,CNYUSD=X,0.15669314563274384
2022-01-10,CNY,CNYUSD=X,0.156833216547966
2022-01-11,CNY,CNYUSD=X,0.15688981115818024
2022-01-12,CNY,CNYUSD=X,0.15691442787647247
2022-01-13,CNY,CNYUSD=X,0.15729205310344696
2022-01-14,CNY,CNYUSD=X,0.15727968513965607
2022-01-17,CNY,CNYUSD=X,0.1574431210756302
2022-01-18,CNY,CNYUSD=X,0.15756219625473022
2022-01-19,CNY,CNYUSD=X,0.15742577612400055
2022-01-20,CNY,CNYUSD=X,0.1576416790485382
2022-01-21,CNY,CNYUSD=X,0.15774114429950714
2022-01-24,CNY,CNYUSD=X,0.15778595209121704
2022-01-25,CNY,CNYUSD=X,0.15798287093639374
2022-01-26,CNY,CNYUSD=X,0.1580652892589569
2022-01-27,CNY,CNYUSD=X,0.15823785960674286
2022-01-28,CNY,CNYUSD=X,0.15706230700016022
2022-01-31,CNY,CNYUSD=X,0.15745551884174347
2022-02-01,CNY,CNYUSD=X,0.15724506974220276
2022-02-02,CNY,CNYUSD=X,0.15724506974220276
2022-02-03,CNY,CNYUSD=X,0.15724506974220276
2022-02-04,CNY,CNYUSD=X,0.15724506974220276
2022-02-07,CNY,CNYUSD=X,0.15724506974220276
2022-02-08,CNY,CNYUSD=X,0.15742328763008118
2022-02-09,CNY,CNYUSD=X,0.1570919156074524
2022-02-10,CNY,CNYUSD=X,0.15719810128211975
2022-02-11,CNY,CNYUSD=X,0.15741585195064545
2022-02-14,CNY,CNYUSD=X,0.15740348398685455
2022-02-15,CNY,CNYUSD=X,0.1573341339826584
2022-02-16,CNY,CNYUSD=X,0.15777848660945892
2022-02-17,CNY,CNYUSD=X,0.15783825516700745
2022-02-18,CNY,CNYUSD=X,0.1578332632780075
2022-02-21,CNY,CNYUSD=X,0.15812276303768158
2022-02-22,CNY,CNYUSD=X,0.15787313878536224
2022-02-23,CNY,CNYUSD=X,0.15809525549411774
2022-02-24,CNY,CNYUSD=X,0.1584208607673645
2022-02-25,CNY,CNYUSD=X,0.1580577939748764
2022-02-28,CNY,CNYUSD=X,0.15832805633544922
2022-03-01,CNY,CNYUSD=X,0.15851879119873047
2022-03-02,CNY,CNYUSD=X,0.15844093263149261
2022-03-03,CNY,CNYUSD=X,0.15823785960674286
2022-03-04,CNY,CNYUSD=X,0.15824787318706512
2022-03-07,CNY,CNYUSD=X,0.15831051766872406
2022-03-08,CNY,CNYUSD=X,0.15824536979198456
2022-03-09,CNY,CNYUSD=X,0.15828795731067657
2022-03-10,CNY,CNYUSD=X,0.15831302106380463
2022-03-11,CNY,CNYUSD=X,0.15820781886577606
2022-03-14,CNY,CNYUSD=X,0.15776105225086212
2022-03-15,CNY,CNYUSD=X,0.15712153911590576
2022-03-16,CNY,CNYUSD=X,0.15700805187225342
2022-03-17,CNY,CNYUSD=X,0.15745055675506592
2022-03-18,CNY,CNYUSD=X,0.15759199857711792
2022-03-21,CNY,CNYUSD=X,0.1572277545928955
2022-03-22,CNY,CNYUSD=X,0.15736879408359528
2022-03-23,CNY,CNYUSD=X,0.15710178017616272
2022-03-24,CNY,CNYUSD=X,0.1569538414478302
2022-03-25,CNY,CNYUSD=X,0.1570771038532257
2022-03-27,CNY,CNYUSD=X,0.1571042537689209
2022-03-28,CNY,CNYUSD=X,0.1569686233997345
2022-03-29,CNY,CNYUSD=X,0.1571560949087143
2022-03-30,CNY,CNYUSD=X,0.1575746089220047
2022-03-31,CNY,CNYUSD=X,0.15775607526302338
2022-04-03,CNY,CNYUSD=X,0.1571808010339737
2022-04-04,CNY,CNYUSD=X,0.15717339515686035
2022-04-05,CNY,CNYUSD=X,0.1571560949087143
2022-04-06,CNY,CNYUSD=X,0.15726979076862335
2022-04-07,CNY,CNYUSD=X,0.1572401225566864
2022-04-10,CNY,CNYUSD=X,0.15713387727737427
2022-04-11,CNY,CNYUSD=X,0.15701791644096375
2022-04-12,CNY,CNYUSD=X,0.15710920095443726
2022-04-13,CNY,CNYUSD=X,0.15705491602420807
2022-04-14,CNY,CNYUSD=X,0.15680371224880219
2022-04-17,CNY,CNYUSD=X,0.15698093175888062
2022-04-18,CNY,CNYUSD=X,0.1570795774459839
2022-04-19,CNY,CNYUSD=X,0.1564357727766037
2022-04-20,CNY,CNYUSD=X,0.15581907331943512
2022-04-21,CNY,CNYUSD=X,0.15505559742450714
2022-04-24,CNY,CNYUSD=X,0.15383905172348022
2022-04-25,CNY,CNYUSD=X,0.1524878442287445
2022-04-26,CNY,CNYUSD=X,0.15252505242824554
2022-04-27,CNY,CNYUSD=X,0.15245063602924347
2022-04-28,CNY,CNYUSD=X,0.150936558842659
2022-05-01,CNY,CNYUSD=X,0.15134316682815552
2022-05-02,CNY,CNYUSD=X,0.15134316682815552
2022-05-03,CNY,CNYUSD=X,0.15134546160697937
2022-05-04,CNY,CNYUSD=X,0.15134316682815552
2022-05-05,CNY,CNYUSD=X,0.15027198195457458
2022-05-08,CNY,CNYUSD=X,0.15002401173114777
2022-05-09,CNY,CNYUSD=X,0.14859281480312347
2022-05-10,CNY,CNYUSD=X,0.1485089659690857
2022-05-11,CNY,CNYUSD=X,0.148794025182724
2022-05-12,CNY,CNYUSD=X,0.14736437797546387
2022-05-15,CNY,CNYUSD=X,0.1473187953233719
2022-05-16,CNY,CNYUSD=X,0.1473817676305771
2022-05-17,CNY,CNYUSD=X,0.14845165610313416
2022-05-18,CNY,CNYUSD=X,0.14807356894016266
2022-05-19,CNY,CNYUSD=X,0.14898467063903809
2022-05-22,CNY,CNYUSD=X,0.14943215250968933
2022-05-23,CNY,CNYUSD=X,0.1503804624080658
2022-05-24,CNY,CNYUSD=X,0.15030813217163086
2022-05-25,CNY,CNYUSD=X,0.14943885803222656
2022-05-26,CNY,CNYUSD=X,0.1484163999557495
2022-05-29,CNY,CNYUSD=X,0.1493072211742401
2022-05-30,CNY,CNYUSD=X,0.15014338493347168
2022-05-31,CNY,CNYUSD=X,0.1498868316411972
2022-06-01,CNY,CNYUSD=X,0.14958414435386658
2022-06-02,CNY,CNYUSD=X,0.15016818046569824
2022-06-05,CNY,CNYUSD=X,0.15016593039035797
2022-06-06,CNY,CNYUSD=X,0.15031038224697113
2022-06-07,CNY,CNYUSD=X,0.14993177354335785
2022-06-08,CNY,CNYUSD=X,0.14964011311531067
2022-06-09,CNY,CNYUSD=X,0.14945895969867706
2022-06-12,CNY,CNYUSD=X,0.14907795190811157
2022-06-13,CNY,CNYUSD=X,0.14807136356830597
2022-06-14,CNY,CNYUSD=X,0.14837895333766937
2022-06-15,CNY,CNYUSD=X,0.14898023009300232
2022-06-16,CNY,CNYUSD=X,0.14917802810668945
2022-06-19,CNY,CNYUSD=X,0.14890480041503906
2022-06-20,CNY,CNYUSD=X,0.1494455486536026
2022-06-21,CNY,CNYUSD=X,0.14951258897781372
2022-06-22,CNY,CNYUSD=X,0.1492292284965515
2022-06-23,CNY,CNYUSD=X,0.14931389689445496
2022-06-26,CNY,CNYUSD=X,0.1495036482810974
2022-06-27,CNY,CNYUSD=X,0.14946119487285614
2022-06-28,CNY,CNYUSD=X,0.14909128844738007
2022-06-29,CNY,CNYUSD=X,0.14925818145275116
2022-06-30,CNY,CNYUSD=X,0.14929383993148804
2022-07-03,CNY,CNYUSD=X,0.1492425948381424
2022-07-04,CNY,CNYUSD=X,0.14928492903709412
2022-07-05,CNY,CNYUSD=X,0.14883610606193542
2022-07-06,CNY,CNYUSD=X,0.14910906553268433
2022-07-07,CNY,CNYUSD=X,0.1492425948381424
2022-07-10,CNY,CNYUSD=X,0.14938081800937653
2022-07-11,CNY,CNYUSD=X,0.1488715559244156
2022-07-12,CNY,CNYUSD=X,0.14873647689819336
2022-07-13,CNY,CNYUSD=X,0.14886268973350525
2022-07-14,CNY,CNYUSD=X,0.14803411066532135
2022-07-17,CNY,CNYUSD=X,0.1480056345462799
2022-07-18,CNY,CNYUSD=X,0.1483173370361328
2022-07-19,CNY,CNYUSD=X,0.14828655123710632
2022-07-20,CNY,CNYUSD=X,0.14804068207740784
2022-07-21,CNY,CNYUSD=X,0.1478065401315689
2022-07-24,CNY,CNYUSD=X,0.148137167096138
2022-07-25,CNY,CNYUSD=X,0.14815913140773773
2022-07-26,CNY,CNYUSD=X,0.14787867665290833
2022-07-27,CNY,CNYUSD=X,0.14798590540885925
2022-07-28,CNY,CNYUSD=X,0.14824038743972778
2022-07-31,CNY,CNYUSD=X,0.14829754829406738
2022-08-01,CNY,CNYUSD=X,0.14776068925857544
2022-08-02,CNY,CNYUSD=X,0.14810864627361298
2022-08-03,CNY,CNYUSD=X,0.14799466729164124
2022-08-04,CNY,CNYUSD=X,0.14819645881652832
2022-08-07,CNY,CNYUSD=X,0.14790929853916168
2022-08-08,CNY,CNYUSD=X,0.14815033972263336
2022-08-09,CNY,CNYUSD=X,0.14811085164546967
2022-08-10,CNY,CNYUSD=X,0.1487475484609604
2022-08-11,CNY,CNYUSD=X,0.148288756608963
2022-08-14,CNY,CNYUSD=X,0.14832834899425507
2022-08-15,CNY,CNYUSD=X,0.14766687154769897
2022-08-16,CNY,CNYUSD=X,0.1473318189382553
2022-08-17,CNY,CNYUSD=X,0.14749479293823242
2022-08-18,CNY,CNYUSD=X,0.1473926305770874
2022-08-21,CNY,CNYUSD=X,0.1467200666666031
2022-08-22,CNY,CNYUSD=X,0.14603017270565033
2022-08-23,CNY,CNYUSD=X,0.14633575081825256
2022-08-24,CNY,CNYUSD=X,0.1458044797182083
2022-08-25,CNY,CNYUSD=X,0.14602163434028625
2022-08-28,CNY,CNYUSD=X,0.14554345607757568
2022-08-29,CNY,CNYUSD=X,0.14478065073490143
2022-08-30,CNY,CNYUSD=X,0.1447010487318039
2022-08-31,CNY,CNYUSD=X,0.14516106247901917
2022-09-01,CNY,CNYUSD=X,0.14481210708618164
2022-09-04,CNY,CNYUSD=X,0.1449485421180725
2022-09-05,CNY,CNYUSD=X,0.14423562586307526
2022-09-06,CNY,CNYUSD=X,0.14382073283195496
2022-09-07,CNY,CNYUSD=X,0.14356882870197296
2022-09-08,CNY,CNYUSD=X,0.14375044405460358
2022-09-11,CNY,CNYUSD=X,0.1443939059972763
2022-09-12,CNY,CNYUSD=X,0.1444043219089508
2022-09-13,CNY,CNYUSD=X,0.14442309737205505
2022-09-14,CNY,CNYUSD=X,0.14365752041339874
2022-09-15,CNY,CNYUSD=X,0.14300014078617096
2022-09-18,CNY,CNYUSD=X,0.14328700304031372
2022-09-19,CNY,CNYUSD=X,0.14274294674396515
2022-09-20,CNY,CNYUSD=X,0.14250698685646057
2022-09-21,CNY,CNYUSD=X,0.14188623428344727
2022-09-22,CNY,CNYUSD=X,0.14131079614162445
2022-09-25,CNY,CNYUSD=X,0.1403036117553711
2022-09-26,CNY,CNYUSD=X,0.13989928364753723
2022-09-27,CNY,CNYUSD=X,0.13933786749839783
2022-09-28,CNY,CNYUSD=X,0.13890817761421204
2022-09-29,CNY,CNYUSD=X,0.14037254452705383
2022-10-02,CNY,CNYUSD=X,0.14054813981056213
2022-10-03,CNY,CNYUSD=X,0.14055010676383972
2022-10-04,CNY,CNYUSD=X,0.14054813981056213
2022-10-05,CNY,CNYUSD=X,0.14054813981056213
2022-10-06,CNY,CNYUSD=X,0.14054813981056213
2022-10-09,CNY,CNYUSD=X,0.14054813981056213
2022-10-10,CNY,CNYUSD=X,0.13978974521160126
2022-10-11,CNY,CNYUSD=X,0.13957902789115906
2022-10-12,CNY,CNYUSD=X,0.13939030468463898
2022-10-13,CNY,CNYUSD=X,0.13947974145412445
2022-10-16,CNY,CNYUSD=X,0.13908205926418304
2022-10-17,CNY,CNYUSD=X,0.13897575438022614
2022-10-18,CNY,CNYUSD=X,0.13887731730937958
2022-10-19,CNY,CNYUSD=X,0.1383642554283142
2022-10-20,CNY,CNYUSD=X,0.13858477771282196
2022-10-23,CNY,CNYUSD=X,0.13806813955307007
2022-10-24,CNY,CNYUSD=X,0.1377050131559372
2022-10-25,CNY,CNYUSD=X,0.13691502809524536
2022-10-26,CNY,CNYUSD=X,0.13943307101726532
2022-10-27,CNY,CNYUSD=X,0.13835276663303375
2022-10-31,CNY,CNYUSD=X,0.13790440559387207
2022-11-01,CNY,CNYUSD=X,0.13695253431797028
2022-11-02,CNY,CNYUSD=X,0.13742682337760925
2022-11-03,CNY,CNYUSD=X,0.13719867169857025
2022-11-04,CNY,CNYUSD=X,0.13697129487991333
2022-11-07,CNY,CNYUSD=X,0.1393708884716034
2022-11-08,CNY,CNYUSD=X,0.13833555579185486
2022-11-09,CNY,CNYUSD=X,0.13796529173851013
2022-11-10,CNY,CNYUSD=X,0.13810628652572632
2022-11-11,CNY,CNYUSD=X,0.13916140794754028
2022-11-14,CNY,CNYUSD=X,0.14070436358451843
2022-11-15,CNY,CNYUSD=X,0.14138472080230713
2022-11-16,CNY,CNYUSD=X,0.1419849395751953
2022-11-17,CNY,CNYUSD=X,0.14109943807125092
2022-11-18,CNY,CNYUSD=X,0.13973896205425262
2022-11-21,CNY,CNYUSD=X,0.14047114551067352
2022-11-22,CNY,CNYUSD=X,0.13958293199539185
2022-11-23,CNY,CNYUSD=X,0.14006975293159485
2022-11-24,CNY,CNYUSD=X,0.13955175876617432
2022-11-25,CNY,CNYUSD=X,0.13985426723957062
2022-11-28,CNY,CNYUSD=X,0.13946029543876648
2022-11-29,CNY,CNYUSD=X,0.1387520581483841
2022-11-30,CNY,CNYUSD=X,0.1396765112876892
2022-12-01,CNY,CNYUSD=X,0.14131878316402435
2022-12-02,CNY,CNYUSD=X,0.14197082817554474
2022-12-05,CNY,CNYUSD=X,0.1423710435628891
2022-12-06,CNY,CNYUSD=X,0.1436595916748047
2022-12-07,CNY,CNYUSD=X,0.1429612934589386
2022-12-08,CNY,CNYUSD=X,0.14341852068901062
2022-12-09,CNY,CNYUSD=X,0.14354822039604187
2022-12-12,CNY,CNYUSD=X,0.14374837279319763
2022-12-13,CNY,CNYUSD=X,0.14333835244178772
2022-12-14,CNY,CNYUSD=X,0.1440216600894928
2022-12-15,CNY,CNYUSD=X,0.14388695359230042
2022-12-16,CNY,CNYUSD=X,0.14342676103115082
2022-12-19,CNY,CNYUSD=X,0.14342881739139557
2022-12-20,CNY,CNYUSD=X,0.14329521358013153
2022-12-21,CNY,CNYUSD=X,0.14366164803504944
2022-12-22,CNY,CNYUSD=X,0.14325416088104248
2022-12-23,CNY,CNYUSD=X,0.143204927444458
2022-12-26,CNY,CNYUSD=X,0.14308813214302063
2022-12-27,CNY,CNYUSD=X,0.14365339279174805
2022-12-28,CNY,CNYUSD=X,0.1436988115310669
2022-12-29,CNY,CNYUSD=X,0.14331574738025665
2022-12-30,CNY,CNYUSD=X,0.14361420273780823
2023-01-02,CNY,CNYUSD=X,0.1449926793575287
2023-01-03,CNY,CNYUSD=X,0.14498847723007202
2023-01-04,CNY,CNYUSD=X,0.1446319818496704
2023-01-05,CNY,CNYUSD=X,0.1451842337846756
2023-01-06,CNY,CNYUSD=X,0.1453171670436859
2023-01-09,CNY,CNYUSD=X,0.14625442028045654
2023-01-10,CNY,CNYUSD=X,0.14768867194652557
2023-01-11,CNY,CNYUSD=X,0.14754921197891235
2023-01-12,CNY,CNYUSD=X,0.14773230254650116
2023-01-13,CNY,CNYUSD=X,0.1484163999557495
2023-01-16,CNY,CNYUSD=X,0.14921364188194275
2023-01-17,CNY,CNYUSD=X,0.14853323996067047
2023-01-18,CNY,CNYUSD=X,0.14765813946723938
2023-01-19,CNY,CNYUSD=X,0.14821182191371918
2023-01-20,CNY,CNYUSD=X,0.14758405089378357
2023-01-23,CNY,CNYUSD=X,0.14743608236312866
2023-01-24,CNY,CNYUSD=X,0.14742739498615265
2023-01-25,CNY,CNYUSD=X,0.14741651713848114
2023-01-26,CNY,CNYUSD=X,0.14742957055568695
2023-01-27,CNY,CNYUSD=X,0.14743825793266296
2023-01-30,CNY,CNYUSD=X,0.14744043350219727
2023-01-31,CNY,CNYUSD=X,0.14819645881652832
2023-02-01,CNY,CNYUSD=X,0.14806917309761047
2023-02-02,CNY,CNYUSD=X,0.14835034310817719
2023-02-03,CNY,CNYUSD=X,0.14855529367923737
2023-02-06,CNY,CNYUSD=X,0.14761890470981598
2023-02-07,CNY,CNYUSD=X,0.1471886932849884
2023-02-08,CNY,CNYUSD=X,0.14724937081336975
2023-02-09,CNY,CNYUSD=X,0.14731445908546448
2023-02-10,CNY,CNYUSD=X,0.14749915897846222
2023-02-13,CNY,CNYUSD=X,0.14687953889369965
2023-02-14,CNY,CNYUSD=X,0.14658673107624054
2023-02-15,CNY,CNYUSD=X,0.146500825881958
2023-02-16,CNY,CNYUSD=X,0.14594492316246033
2023-02-17,CNY,CNYUSD=X,0.14577896893024445
2023-02-20,CNY,CNYUSD=X,0.1458236128091812
2023-02-21,CNY,CNYUSD=X,0.14589807391166687
2023-02-22,CNY,CNYUSD=X,0.14550745487213135
2023-02-23,CNY,CNYUSD=X,0.14511050283908844
2023-02-24,CNY,CNYUSD=X,0.14478065073490143
2023-02-27,CNY,CNYUSD=X,0.14378145337104797
2023-02-28,CNY,CNYUSD=X,0.14401128888130188
2023-03-01,CNY,CNYUSD=X,0.14425227046012878
2023-03-02,CNY,CNYUSD=X,0.14560279250144958
2023-03-03,CNY,CNYUSD=X,0.1446382701396942
2023-03-06,CNY,CNYUSD=X,0.1447848528623581
2023-03-07,CNY,CNYUSD=X,0.14431263506412506
2023-03-08,CNY,CNYUSD=X,0.14364926517009735
2023-03-09,CNY,CNYUSD=X,0.14387868344783783
2023-03-10,CNY,CNYUSD=X,0.1436038762331009
2023-03-13,CNY,CNYUSD=X,0.14481839537620544
2023-03-14,CNY,CNYUSD=X,0.14610056579113007
2023-03-15,CNY,CNYUSD=X,0.14554981887340546
2023-03-16,CNY,CNYUSD=X,0.1448037177324295
2023-03-17,CNY,CNYUSD=X,0.1449800580739975
2023-03-20,CNY,CNYUSD=X,0.145220085978508
2023-03-21,CNY,CNYUSD=X,0.14539743959903717
2023-03-22,CNY,CNYUSD=X,0.1452854871749878
2023-03-23,CNY,CNYUSD=X,0.14536574482917786
2023-03-24,CNY,CNYUSD=X,0.14666198194026947
2023-03-26,CNY,CNYUSD=X,0.14562399685382843
2023-03-27,CNY,CNYUSD=X,0.1452559381723404
2023-03-28,CNY,CNYUSD=X,0.14549051225185394
2023-03-29,CNY,CNYUSD=X,0.14523062109947205
2023-03-30,CNY,CNYUSD=X,0.14555193483829498
2023-04-02,CNY,CNYUSD=X,0.14560279250144958
2023-04-03,CNY,CNYUSD=X,0.14540590345859528
2023-04-04,CNY,CNYUSD=X,0.14537419378757477
2023-04-05,CNY,CNYUSD=X,0.14538052678108215
2023-04-06,CNY,CNYUSD=X,0.14545665681362152
2023-04-09,CNY,CNYUSD=X,0.14557524025440216
2023-04-10,CNY,CNYUSD=X,0.14532560110092163
2023-04-11,CNY,CNYUSD=X,0.14523273706436157
2023-04-12,CNY,CNYUSD=X,0.14548204839229584
2023-04-13,CNY,CNYUSD=X,0.14560702443122864
2023-04-16,CNY,CNYUSD=X,0.14555193483829498
2023-04-17,CNY,CNYUSD=X,0.14537419378757477
2023-04-18,CNY,CNYUSD=X,0.14545665681362152
2023-04-19,CNY,CNYUSD=X,0.1452411711215973
2023-04-20,CNY,CNYUSD=X,0.14551593363285065
2023-04-23,CNY,CNYUSD=X,0.14508524537086487
2023-04-24,CNY,CNYUSD=X,0.14503474533557892
2023-04-25,CNY,CNYUSD=X,0.14426682889461517
2023-04-26,CNY,CNYUSD=X,0.14438766241073608
2023-04-27,CNY,CNYUSD=X,0.14446066319942474
2023-04-30,CNY,CNYUSD=X,0.14469477534294128
2023-05-01,CNY,CNYUSD=X,0.14469686150550842
2023-05-02,CNY,CNYUSD=X,0.14470523595809937
2023-05-03,CNY,CNYUSD=X,0.14470523595809937
2023-05-04,CNY,CNYUSD=X,0.14480790495872498
2023-05-07,CNY,CNYUSD=X,0.14472827315330505
2023-05-08,CNY,CNYUSD=X,0.14468638598918915
2023-05-09,CNY,CNYUSD=X,0.14452119171619415
2023-05-10,CNY,CNYUSD=X,0.14425435662269592
2023-05-11,CNY,CNYUSD=X,0.1439325213432312
2023-05-14,CNY,CNYUSD=X,0.1437339186668396
2023-05-15,CNY,CNYUSD=X,0.14385177195072174
2023-05-16,CNY,CNYUSD=X,0.14333629608154297
2023-05-17,CNY,CNYUSD=X,0.14291635155677795
2023-05-18,CNY,CNYUSD=X,0.14214439690113068
2023-05-21,CNY,CNYUSD=X,0.14271646738052368
2023-05-22,CNY,CNYUSD=X,0.14222930371761322
2023-05-23,CNY,CNYUSD=X,0.14171533286571503
2023-05-24,CNY,CNYUSD=X,0.141647070646286
2023-05-25,CNY,CNYUSD=X,0.14129482209682465
2023-05-28,CNY,CNYUSD=X,0.14174745976924896
2023-05-29,CNY,CNYUSD=X,0.14139671623706818
2023-05-30,CNY,CNYUSD=X,0.14126288890838623
2023-05-31,CNY,CNYUSD=X,0.14063115417957306
2023-06-01,CNY,CNYUSD=X,0.14098407328128815
2023-06-04,CNY,CNYUSD=X,0.14116717875003815
2023-06-05,CNY,CNYUSD=X,0.14074595272541046
2023-06-06,CNY,CNYUSD=X,0.1404731124639511
2023-06-07,CNY,CNYUSD=X,0.14027605950832367
2023-06-08,CNY,CNYUSD=X,0.14062324166297913
2023-06-11,CNY,CNYUSD=X,0.14029967784881592
2023-06-12,CNY,CNYUSD=X,0.13996584713459015
2023-06-13,CNY,CNYUSD=X,0.13953812420368195
2023-06-14,CNY,CNYUSD=X,0.13961410522460938
2023-06-15,CNY,CNYUSD=X,0.14045140147209167
2023-06-18,CNY,CNYUSD=X,0.14033906161785126
2023-06-19,CNY,CNYUSD=X,0.13965700566768646
2023-06-20,CNY,CNYUSD=X,0.13926024734973907
2023-06-21,CNY,CNYUSD=X,0.13930681347846985
2023-06-22,CNY,CNYUSD=X,0.13930486142635345
2023-06-25,CNY,CNYUSD=X,0.13930486142635345
2023-06-26,CNY,CNYUSD=X,0.13818836212158203
2023-06-27,CNY,CNYUSD=X,0.13852909207344055
2023-06-28,CNY,CNYUSD=X,0.1380567103624344
2023-06-29,CNY,CNYUSD=X,0.13789679110050201
2023-07-02,CNY,CNYUSD=X,0.13807576894760132
2023-07-03,CNY,CNYUSD=X,0.13812536001205444
2023-07-04,CNY,CNYUSD=X,0.13862895965576172
2023-07-05,CNY,CNYUSD=X,0.13799956440925598
2023-07-06,CNY,CNYUSD=X,0.1379462629556656
2023-07-09,CNY,CNYUSD=X,0.13867124915122986
2023-07-10,CNY,CNYUSD=X,0.13830110430717468
2023-07-11,CNY,CNYUSD=X,0.13871164619922638
2023-07-12,CNY,CNYUSD=X,0.1395615041255951
2023-07-13,CNY,CNYUSD=X,0.139860138297081
2023-07-16,CNY,CNYUSD=X,0.14005014300346375
2023-07-17,CNY,CNYUSD=X,0.13945834338665009
2023-07-18,CNY,CNYUSD=X,0.13928934931755066
2023-07-19,CNY,CNYUSD=X,0.13839106261730194
2023-07-20,CNY,CNYUSD=X,0.13934369385242462
2023-07-23,CNY,CNYUSD=X,0.13931651413440704
2023-07-24,CNY,CNYUSD=X,0.13917303085327148
2023-07-25,CNY,CNYUSD=X,0.14014631509780884
2023-07-26,CNY,CNYUSD=X,0.139860138297081
2023-07-27,CNY,CNYUSD=X,0.13940973579883575
2023-07-30,CNY,CNYUSD=X,0.14078955352306366
2023-07-31,CNY,CNYUSD=X,0.1409304291009903
2023-08-01,CNY,CNYUSD=X,0.13934369385242462
2023-08-02,CNY,CNYUSD=X,0.13907432556152344
2023-08-03,CNY,CNYUSD=X,0.13961021602153778
2023-08-06,CNY,CNYUSD=X,0.14022885262966156
2023-08-07,CNY,CNYUSD=X,0.1390375792980194
2023-08-08,CNY,CNYUSD=X,0.13858668506145477
2023-08-09,CNY,CNYUSD=X,0.1387231945991516
2023-08-10,CNY,CNYUSD=X,0.13860589265823364
2023-08-13,CNY,CNYUSD=X,0.1390375792980194
2023-08-14,CNY,CNYUSD=X,0.13779228925704956
2023-08-15,CNY,CNYUSD=X,0.13733434677124023
2023-08-16,CNY,CNYUSD=X,0.13704262673854828
2023-08-17,CNY,CNYUSD=X,0.13735508918762207
2023-08-20,CNY,CNYUSD=X,0.1373494267463684
2023-08-21,CNY,CNYUSD=X,0.13892747461795807
2023-08-22,CNY,CNYUSD=X,0.1371290683746338
2023-08-23,CNY,CNYUSD=X,0.13946029543876648
2023-08-24,CNY,CNYUSD=X,0.13742870092391968
2023-08-27,CNY,CNYUSD=X,0.13719302415847778
2023-08-28,CNY,CNYUSD=X,0.13719114661216736
2023-08-29,CNY,CNYUSD=X,0.13737396895885468
2023-08-30,CNY,CNYUSD=X,0.13729475438594818
2023-08-31,CNY,CNYUSD=X,0.13779988884925842
2023-09-03,CNY,CNYUSD=X,0.14005406200885773
2023-09-04,CNY,CNYUSD=X,0.13751563429832458
2023-09-05,CNY,CNYUSD=X,0.13692252337932587
2023-09-06,CNY,CNYUSD=X,0.13668859004974365
2023-09-07,CNY,CNYUSD=X,0.1364666074514389
2023-09-10,CNY,CNYUSD=X,0.1382666826248169
2023-09-11,CNY,CNYUSD=X,0.1372118592262268
2023-09-12,CNY,CNYUSD=X,0.13715727627277374
2023-09-13,CNY,CNYUSD=X,0.13757430016994476
2023-09-14,CNY,CNYUSD=X,0.1374400407075882
2023-09-17,CNY,CNYUSD=X,0.1374778300523758
2023-09-18,CNY,CNYUSD=X,0.1371629238128662
2023-09-19,CNY,CNYUSD=X,0.13706891238689423
2023-09-20,CNY,CNYUSD=X,0.13724952936172485
2023-09-21,CNY,CNYUSD=X,0.13686443865299225
2023-09-24,CNY,CNYUSD=X,0.13703322410583496
2023-09-25,CNY,CNYUSD=X,0.13680078089237213
2023-09-26,CNY,CNYUSD=X,0.13678580522537231
2023-09-27,CNY,CNYUSD=X,0.13683447241783142
2023-09-28,CNY,CNYUSD=X,0.13698817789554596
2023-10-01,CNY,CNYUSD=X,0.13959461450576782
2023-10-02,CNY,CNYUSD=X,0.13927769660949707
2023-10-03,CNY,CNYUSD=X,0.13899892568588257
2023-10-04,CNY,CNYUSD=X,0.1388830989599228
2023-10-05,CNY,CNYUSD=X,0.13893327116966248
2023-10-08,CNY,CNYUSD=X,0.1369769275188446
2023-10-09,CNY,CNYUSD=X,0.13716667890548706
2023-10-10,CNY,CNYUSD=X,0.13708019256591797
2023-10-11,CNY,CNYUSD=X,0.13701070845127106
2023-10-12,CNY,CNYUSD=X,0.13695816695690155
2023-10-15,CNY,CNYUSD=X,0.1395069807767868
2023-10-16,CNY,CNYUSD=X,0.1368120014667511
2023-10-17,CNY,CNYUSD=X,0.13676710426807404
2023-10-18,CNY,CNYUSD=X,0.13673344254493713
2023-10-19,CNY,CNYUSD=X,0.13677644729614258
2023-10-22,CNY,CNYUSD=X,0.136697918176651
2023-10-23,CNY,CNYUSD=X,0.13672222197055817
2023-10-24,CNY,CNYUSD=X,0.13681761920452118
2023-10-25,CNY,CNYUSD=X,0.13669231534004211
2023-10-26,CNY,CNYUSD=X,0.13670727610588074
2023-10-30,CNY,CNYUSD=X,0.13969016075134277
2023-10-31,CNY,CNYUSD=X,0.13675962388515472
2023-11-01,CNY,CNYUSD=X,0.13669605553150177
2023-11-02,CNY,CNYUSD=X,0.13668859004974365
2023-11-03,CNY,CNYUSD=X,0.13672222197055817
2023-11-06,CNY,CNYUSD=X,0.1370144486427307
2023-11-07,CNY,CNYUSD=X,0.1375780701637268
2023-11-08,CNY,CNYUSD=X,0.13739849627017975
2023-11-09,CNY,CNYUSD=X,0.1373758465051651
2023-11-10,CNY,CNYUSD=X,0.13731925189495087
2023-11-13,CNY,CNYUSD=X,0.13924086093902588
2023-11-14,CNY,CNYUSD=X,0.13719302415847778
2023-11-15,CNY,CNYUSD=X,0.13789109885692596
2023-11-16,CNY,CNYUSD=X,0.13801097869873047
2023-11-17,CNY,CNYUSD=X,0.1381024718284607
2023-11-20,CNY,CNYUSD=X,0.13870202004909515
2023-11-21,CNY,CNYUSD=X,0.13951866328716278
2023-11-22,CNY,CNYUSD=X,0.14110541343688965
2023-11-23,CNY,CNYUSD=X,0.1397780328989029
2023-11-24,CNY,CNYUSD=X,0.1411273181438446
2023-11-27,CNY,CNYUSD=X,0.1412050426006317
2023-11-28,CNY,CNYUSD=X,0.14024655520915985
2023-11-29,CNY,CNYUSD=X,0.14156685769557953
2023-11-30,CNY,CNYUSD=X,0.1412648856639862
2023-12-01,CNY,CNYUSD=X,0.14133477210998535
2023-12-04,CNY,CNYUSD=X,0.14160695672035217
2023-12-05,CNY,CNYUSD=X,0.14015023410320282
2023-12-06,CNY,CNYUSD=X,0.13994626700878143
2023-12-07,CNY,CNYUSD=X,0.13996584713459015
2023-12-08,CNY,CNYUSD=X,0.1398836225271225
2023-12-11,CNY,CNYUSD=X,0.14031937718391418
2023-12-12,CNY,CNYUSD=X,0.13938836753368378
2023-12-13,CNY,CNYUSD=X,0.13935339450836182
2023-12-14,CNY,CNYUSD=X,0.13943696022033691
2023-12-15,CNY,CNYUSD=X,0.1415027678012848
2023-12-18,CNY,CNYUSD=X,0.1414327174425125
2023-12-19,CNY,CNYUSD=X,0.14021313190460205
2023-12-20,CNY,CNYUSD=X,0.14149075746536255
2023-12-21,CNY,CNYUSD=X,0.1401718556880951
2023-12-22,CNY,CNYUSD=X,0.14008544385433197
2023-12-25,CNY,CNYUSD=X,0.14117713272571564
2023-12-26,CNY,CNYUSD=X,0.14014434814453125
2023-12-27,CNY,CNYUSD=X,0.14000897109508514
2023-12-28,CNY,CNYUSD=X,0.14005209505558014
2023-12-29,CNY,CNYUSD=X,0.14070634543895721
2024-01-01,CNY,CNYUSD=X,0.14147073030471802
2024-01-02,CNY,CNYUSD=X,0.14147073030471802
2024-01-03,CNY,CNYUSD=X,0.14105167984962463
2024-01-04,CNY,CNYUSD=X,0.14086690545082092
2024-01-05,CNY,CNYUSD=X,0.14064697921276093
2024-01-08,CNY,CNYUSD=X,0.14099399745464325
2024-01-09,CNY,CNYUSD=X,0.14104372262954712
2024-01-10,CNY,CNYUSD=X,0.14081333577632904
2024-01-11,CNY,CNYUSD=X,0.13946223258972168
2024-01-12,CNY,CNYUSD=X,0.14078360795974731
2024-01-15,CNY,CNYUSD=X,0.14083316922187805
2024-01-16,CNY,CNYUSD=X,0.14090460538864136
2024-01-17,CNY,CNYUSD=X,0.14051851630210876
2024-01-18,CNY,CNYUSD=X,0.14055801928043365
2024-01-19,CNY,CNYUSD=X,0.14054813981056213
2024-01-22,CNY,CNYUSD=X,0.14070436358451843
2024-01-23,CNY,CNYUSD=X,0.1390298455953598
2024-01-24,CNY,CNYUSD=X,0.1412908285856247
2024-01-25,CNY,CNYUSD=X,0.14120306074619293
2024-01-26,CNY,CNYUSD=X,0.14122100174427032
2024-01-29,CNY,CNYUSD=X,0.14111140370368958
2024-01-30,CNY,CNYUSD=X,0.1411532312631607
2024-01-31,CNY,CNYUSD=X,0.14096221327781677
2024-02-01,CNY,CNYUSD=X,0.14083118736743927
2024-02-02,CNY,CNYUSD=X,0.1410735696554184
2024-02-05,CNY,CNYUSD=X,0.14059557020664215
2024-02-06,CNY,CNYUSD=X,0.14067664742469788
2024-02-07,CNY,CNYUSD=X,0.14084307849407196
2024-02-08,CNY,CNYUSD=X,0.14082325994968414
2024-02-09,CNY,CNYUSD=X,0.14070634543895721
2024-02-12,CNY,CNYUSD=X,0.13929517567157745
2024-02-13,CNY,CNYUSD=X,0.1390395164489746
2024-02-14,CNY,CNYUSD=X,0.13910721242427826
2024-02-15,CNY,CNYUSD=X,0.1393553465604782
2024-02-16,CNY,CNYUSD=X,0.13958877325057983
2024-02-19,CNY,CNYUSD=X,0.14047706127166748
2024-02-20,CNY,CNYUSD=X,0.1389429271221161
2024-02-21,CNY,CNYUSD=X,0.13908785581588745
2024-02-22,CNY,CNYUSD=X,0.13911882042884827
2024-02-23,CNY,CNYUSD=X,0.139018252491951
2024-02-26,CNY,CNYUSD=X,0.13899700343608856
2024-02-27,CNY,CNYUSD=X,0.13896030187606812
2024-02-28,CNY,CNYUSD=X,0.1389390528202057
2024-02-29,CNY,CNYUSD=X,0.13896608352661133
2024-03-01,CNY,CNYUSD=X,0.13913623988628387
2024-03-04,CNY,CNYUSD=X,0.13896995782852173
2024-03-05,CNY,CNYUSD=X,0.13891009986400604
2024-03-06,CNY,CNYUSD=X,0.13896608352661133
2024-03-07,CNY,CNYUSD=X,0.13896802067756653
2024-03-08,CNY,CNYUSD=X,0.1390375792980194
2024-03-11,CNY,CNYUSD=X,0.13917496800422668
2024-03-12,CNY,CNYUSD=X,0.1392020881175995
2024-03-13,CNY,CNYUSD=X,0.13925637304782867
2024-03-14,CNY,CNYUSD=X,0.13914784789085388
2024-03-15,CNY,CNYUSD=X,0.1390395164489746
2024-03-18,CNY,CNYUSD=X,0.13898541033267975
2024-03-19,CNY,CNYUSD=X,0.1389429271221161
2024-03-20,CNY,CNYUSD=X,0.13892747461795807
2024-03-21,CNY,CNYUSD=X,0.13893520832061768
2024-03-22,CNY,CNYUSD=X,0.13892361521720886
2024-03-25,CNY,CNYUSD=X,0.13834895193576813
2024-03-26,CNY,CNYUSD=X,0.13872703909873962
2024-03-27,CNY,CNYUSD=X,0.13854828476905823
2024-03-28,CNY,CNYUSD=X,0.13839298486709595
2024-03-29,CNY,CNYUSD=X,0.13837957382202148
2024-03-31,CNY,CNYUSD=X,0.13849839568138123
2024-04-01,CNY,CNYUSD=X,0.13831833004951477
2024-04-02,CNY,CNYUSD=X,0.1382666826248169
2024-04-03,CNY,CNYUSD=X,0.13822846114635468
2024-04-04,CNY,CNYUSD=X,0.13823801279067993
2024-04-07,CNY,CNYUSD=X,0.1382858157157898
2024-04-08,CNY,CNYUSD=X,0.13831833004951477
2024-04-09,CNY,CNYUSD=X,0.13829919695854187
2024-04-10,CNY,CNYUSD=X,0.1382838934659958
2024-04-11,CNY,CNYUSD=X,0.1381998062133789
2024-04-14,CNY,CNYUSD=X,0.13820554316043854
2024-04-15,CNY,CNYUSD=X,0.13817881047725677
2024-04-16,CNY,CNYUSD=X,0.13819408416748047
2024-04-17,CNY,CNYUSD=X,0.13817116618156433
2024-04-18,CNY,CNYUSD=X,0.1381845325231552
2024-04-21,CNY,CNYUSD=X,0.1381329894065857
2024-04-22,CNY,CNYUSD=X,0.1380738765001297
2024-04-23,CNY,CNYUSD=X,0.13803574442863464
2024-04-24,CNY,CNYUSD=X,0.13804146647453308
2024-04-25,CNY,CNYUSD=X,0.1381482630968094
2024-04-28,CNY,CNYUSD=X,0.13803385198116302
2024-04-29,CNY,CNYUSD=X,0.1381654441356659
2024-04-30,CNY,CNYUSD=X,0.13810819387435913
2024-05-01,CNY,CNYUSD=X,0.13812345266342163
2024-05-02,CNY,CNYUSD=X,0.138152077794075
2024-05-05,CNY,CNYUSD=X,0.13819408416748047
2024-05-06,CNY,CNYUSD=X,0.13873474299907684
2024-05-07,CNY,CNYUSD=X,0.13853485882282257
2024-05-08,CNY,CNYUSD=X,0.13843129575252533
2024-05-09,CNY,CNYUSD=X,0.13852909207344055
2024-05-12,CNY,CNYUSD=X,0.13839298486709595
2024-05-13,CNY,CNYUSD=X,0.1382686048746109
2024-05-14,CNY,CNYUSD=X,0.1382686048746109
2024-05-15,CNY,CNYUSD=X,0.13854828476905823
2024-05-16,CNY,CNYUSD=X,0.13856172561645508
2024-05-19,CNY,CNYUSD=X,0.13845238089561462
2024-05-20,CNY,CNYUSD=X,0.13828007876873016
2024-05-21,CNY,CNYUSD=X,0.1381673514842987
2024-05-22,CNY,CNYUSD=X,0.13811582326889038
2024-05-23,CNY,CNYUSD=X,0.13809293508529663
2024-05-26,CNY,CNYUSD=X,0.13809293508529663
2024-05-27,CNY,CNYUSD=X,0.13809293508529663
2024-05-28,CNY,CNYUSD=X,0.13802622258663177
2024-05-29,CNY,CNYUSD=X,0.13794244825839996
2024-05-30,CNY,CNYUSD=X,0.13824565708637238
2024-06-02,CNY,CNYUSD=X,0.1381024718284607
2024-06-03,CNY,CNYUSD=X,0.13808339834213257
2024-06-04,CNY,CNYUSD=X,0.13808339834213257
2024-06-05,CNY,CNYUSD=X,0.13799384236335754
2024-06-06,CNY,CNYUSD=X,0.1380433738231659
2024-06-09,CNY,CNYUSD=X,0.13799193501472473
2024-06-10,CNY,CNYUSD=X,0.13799193501472473
2024-06-11,CNY,CNYUSD=X,0.13799384236335754
2024-06-12,CNY,CNYUSD=X,0.13815779983997345
2024-06-13,CNY,CNYUSD=X,0.13790060579776764
2024-06-16,CNY,CNYUSD=X,0.13784927129745483
2024-06-17,CNY,CNYUSD=X,0.13783597946166992
2024-06-18,CNY,CNYUSD=X,0.13787968456745148
2024-06-19,CNY,CNYUSD=X,0.13781128823757172
2024-06-20,CNY,CNYUSD=X,0.13775812089443207
2024-06-23,CNY,CNYUSD=X,0.13775622844696045
2024-06-24,CNY,CNYUSD=X,0.1377847045660019
2024-06-25,CNY,CNYUSD=X,0.13771449029445648
2024-06-26,CNY,CNYUSD=X,0.13767467439174652
2024-06-27,CNY,CNYUSD=X,0.13760457932949066
2024-06-30,CNY,CNYUSD=X,0.13763108849525452
2024-07-01,CNY,CNYUSD=X,0.13761025667190552
2024-07-02,CNY,CNYUSD=X,0.13756293058395386
2024-07-03,CNY,CNYUSD=X,0.1375780701637268
2024-07-04,CNY,CNYUSD=X,0.13763108849525452
2024-07-07,CNY,CNYUSD=X,0.13759322464466095
2024-07-08,CNY,CNYUSD=X,0.13760647177696228
2024-07-09,CNY,CNYUSD=X,0.13751941919326782
2024-07-10,CNY,CNYUSD=X,0.13746649026870728
2024-07-11,CNY,CNYUSD=X,0.13783977925777435
2024-07-14,CNY,CNYUSD=X,0.13794244825839996
2024-07-15,CNY,CNYUSD=X,0.1377619206905365
2024-07-16,CNY,CNYUSD=X,0.13772965967655182
2024-07-17,CNY,CNYUSD=X,0.13775242865085602
2024-07-18,CNY,CNYUSD=X,0.1377619206905365
2024-07-21,CNY,CNYUSD=X,0.13757050037384033
2024-07-22,CNY,CNYUSD=X,0.13750052452087402
2024-07-23,CNY,CNYUSD=X,0.1374702751636505
2024-07-24,CNY,CNYUSD=X,0.1377182900905609
2024-07-25,CNY,CNYUSD=X,0.13831067085266113
2024-07-28,CNY,CNYUSD=X,0.13792912662029266
2024-07-29,CNY,CNYUSD=X,0.1377733051776886
2024-07-30,CNY,CNYUSD=X,0.13791771233081818
2024-07-31,CNY,CNYUSD=X,0.13855789601802826
2024-08-01,CNY,CNYUSD=X,0.13806813955307007
2024-08-04,CNY,CNYUSD=X,0.13971944153308868
2024-08-05,CNY,CNYUSD=X,0.14044548571109772
2024-08-06,CNY,CNYUSD=X,0.13973701000213623
2024-08-07,CNY,CNYUSD=X,0.13926994800567627
2024-08-08,CNY,CNYUSD=X,0.13939808309078217
2024-08-11,CNY,CNYUSD=X,0.13954202830791473
2024-08-12,CNY,CNYUSD=X,0.13939225673675537
2024-08-13,CNY,CNYUSD=X,0.1398034393787384
2024-08-14,CNY,CNYUSD=X,0.14010900259017944
2024-08-15,CNY,CNYUSD=X,0.13940390944480896
2024-08-18,CNY,CNYUSD=X,0.13958682119846344
2024-08-19,CNY,CNYUSD=X,0.14004620909690857
2024-08-20,CNY,CNYUSD=X,0.14021313190460205
2024-08-21,CNY,CNYUSD=X,0.14021705090999603
2024-08-22,CNY,CNYUSD=X,0.13996976613998413
2024-08-25,CNY,CNYUSD=X,0.14037057757377625
2024-08-26,CNY,CNYUSD=X,0.1404869258403778
2024-08-27,CNY,CNYUSD=X,0.14038832485675812
2024-08-28,CNY,CNYUSD=X,0.1403646618127823
2024-08-29,CNY,CNYUSD=X,0.14093439280986786
2024-09-01,CNY,CNYUSD=X,0.14100195467472076
2024-09-02,CNY,CNYUSD=X,0.14051653444766998
2024-09-03,CNY,CNYUSD=X,0.14044155180454254
2024-09-04,CNY,CNYUSD=X,0.14060939848423004
2024-09-05,CNY,CNYUSD=X,0.1410178691148758
2024-09-08,CNY,CNYUSD=X,0.14108550548553467
2024-09-09,CNY,CNYUSD=X,0.14057579636573792
2024-09-10,CNY,CNYUSD=X,0.1404336541891098
2024-09-11,CNY,CNYUSD=X,0.14045535027980804
2024-09-12,CNY,CNYUSD=X,0.14051653444766998
2024-09-15,CNY,CNYUSD=X,0.14099003374576569
2024-09-16,CNY,CNYUSD=X,0.14099399745464325
2024-09-17,CNY,CNYUSD=X,0.14099399745464325
2024-09-18,CNY,CNYUSD=X,0.1412229984998703
2024-09-19,CNY,CNYUSD=X,0.1415027678012848
2024-09-22,CNY,CNYUSD=X,0.141825869679451
2024-09-23,CNY,CNYUSD=X,0.1418178230524063
2024-09-24,CNY,CNYUSD=X,0.14224345982074738
2024-09-25,CNY,CNYUSD=X,0.1422009915113449
2024-09-26,CNY,CNYUSD=X,0.14267371594905853
2024-09-29,CNY,CNYUSD=X,0.14264725148677826
2024-09-30,CNY,CNYUSD=X,0.1425008922815323
2024-10-01,CNY,CNYUSD=X,0.14223942160606384
2024-10-02,CNY,CNYUSD=X,0.14209187030792236
2024-10-03,CNY,CNYUSD=X,0.14194262027740479
2024-10-06,CNY,CNYUSD=X,0.1425008922815323
2024-10-07,CNY,CNYUSD=X,0.1424684077501297
2024-10-08,CNY,CNYUSD=X,0.14168721437454224
2024-10-09,CNY,CNYUSD=X,0.1412409394979477
2024-10-10,CNY,CNYUSD=X,0.1412409394979477
2024-10-13,CNY,CNYUSD=X,0.1415388137102127
2024-10-14,CNY,CNYUSD=X,0.14109943807125092
2024-10-15,CNY,CNYUSD=X,0.14049284160137177
2024-10-16,CNY,CNYUSD=X,0.14048101007938385
2024-10-17,CNY,CNYUSD=X,0.1403902769088745
2024-10-20,CNY,CNYUSD=X,0.1408292055130005
2024-10-21,CNY,CNYUSD=X,0.1404889076948166
2024-10-22,CNY,CNYUSD=X,0.14041592180728912
2024-10-23,CNY,CNYUSD=X,0.14034496247768402
2024-10-24,CNY,CNYUSD=X,0.1404750794172287
2024-10-28,CNY,CNYUSD=X,0.1404474675655365
2024-10-29,CNY,CNYUSD=X,0.1403016448020935
2024-10-30,CNY,CNYUSD=X,0.14025048911571503
2024-10-31,CNY,CNYUSD=X,0.1405520886182785
2024-11-01,CNY,CNYUSD=X,0.14047902822494507
2024-11-04,CNY,CNYUSD=X,0.14041592180728912
2024-11-05,CNY,CNYUSD=X,0.1408887356519699
2024-11-06,CNY,CNYUSD=X,0.14080144464969635
2024-11-07,CNY,CNYUSD=X,0.13933593034744263
2024-11-08,CNY,CNYUSD=X,0.14003248512744904
2024-11-11,CNY,CNYUSD=X,0.13931068778038025
2024-11-12,CNY,CNYUSD=X,0.13867509365081787
2024-11-13,CNY,CNYUSD=X,0.13828198611736298
2024-11-14,CNY,CNYUSD=X,0.13843704760074615
2024-11-15,CNY,CNYUSD=X,0.13832789659500122
2024-11-18,CNY,CNYUSD=X,0.13829346001148224
2024-11-19,CNY,CNYUSD=X,0.13820935785770416
2024-11-20,CNY,CNYUSD=X,0.13815779983997345
2024-11-21,CNY,CNYUSD=X,0.1380452811717987
2024-11-22,CNY,CNYUSD=X,0.13824184238910675
2024-11-25,CNY,CNYUSD=X,0.13808339834213257
2024-11-26,CNY,CNYUSD=X,0.13813108205795288
2024-11-27,CNY,CNYUSD=X,0.13789299130439758
2024-11-28,CNY,CNYUSD=X,0.1380033642053604
2024-11-29,CNY,CNYUSD=X,0.13806624710559845
2024-12-02,CNY,CNYUSD=X,0.13810819387435913
2024-12-03,CNY,CNYUSD=X,0.13753455877304077
2024-12-04,CNY,CNYUSD=X,0.13729096949100494
2024-12-05,CNY,CNYUSD=X,0.1376841515302658
2024-12-06,CNY,CNYUSD=X,0.13775622844696045
2024-12-09,CNY,CNYUSD=X,0.13756482303142548
2024-12-10,CNY,CNYUSD=X,0.1377505362033844
2024-12-11,CNY,CNYUSD=X,0.13795576989650726
2024-12-12,CNY,CNYUSD=X,0.13772018253803253
2024-12-13,CNY,CNYUSD=X,0.1375970095396042
2024-12-16,CNY,CNYUSD=X,0.13745515048503876
2024-12-17,CNY,CNYUSD=X,0.13731735944747925
2024-12-18,CNY,CNYUSD=X,0.13727590441703796
2024-12-19,CNY,CNYUSD=X,0.1372608244419098
2024-12-20,CNY,CNYUSD=X,0.13707266747951508
2024-12-23,CNY,CNYUSD=X,0.13707266747951508
2024-12-24,CNY,CNYUSD=X,0.13704262673854828
2024-12-25,CNY,CNYUSD=X,0.13708770275115967
2024-12-26,CNY,CNYUSD=X,0.13703885674476624
2024-12-27,CNY,CNYUSD=X,0.137036994099617
2024-12-30,CNY,CNYUSD=X,0.1370275914669037
2024-12-31,CNY,CNYUSD=X,0.1370219588279724
2025-01-01,CNY,CNYUSD=X,
2025-01-02,CNY,CNYUSD=X,0.1370219588279724
2025-01-03,CNY,CNYUSD=X,0.1370125710964203
2025-01-06,CNY,CNYUSD=X,0.1366194784641266
2025-01-07,CNY,CNYUSD=X,0.13656911253929138
2025-01-08,CNY,CNYUSD=X,0.13649268448352814
2025-01-09,CNY,CNYUSD=X,0.13639773428440094
2025-01-10,CNY,CNYUSD=X,0.13638657331466675
2025-01-13,CNY,CNYUSD=X,0.13639402389526367
2025-01-14,CNY,CNYUSD=X,0.13642936944961548
2025-01-15,CNY,CNYUSD=X,0.13640889525413513
2025-01-16,CNY,CNYUSD=X,0.13642378151416779
2025-01-17,CNY,CNYUSD=X,0.1364070475101471
2025-01-20,CNY,CNYUSD=X,0.13653741776943207
2025-01-21,CNY,CNYUSD=X,0.1367371678352356
2025-01-22,CNY,CNYUSD=X,0.13752888143062592
2025-01-23,CNY,CNYUSD=X,0.13752888143062592
2025-01-24,CNY,CNYUSD=X,0.13724574446678162
2025-01-27,CNY,CNYUSD=X,0.13806243240833282
2025-01-28,CNY,CNYUSD=X,0.13791771233081818
2025-01-29,CNY,CNYUSD=X,0.13792723417282104
2025-01-30,CNY,CNYUSD=X,0.13948947191238403
2025-01-31,CNY,CNYUSD=X,0.13925831019878387
2025-02-03,CNY,CNYUSD=X,0.13916334509849548
2025-02-04,CNY,CNYUSD=X,0.13898541033267975
2025-02-05,CNY,CNYUSD=X,0.13923892378807068
2025-02-06,CNY,CNYUSD=X,0.13754211366176605
2025-02-07,CNY,CNYUSD=X,0.13721562922000885
2025-02-10,CNY,CNYUSD=X,0.13723444938659668
2025-02-11,CNY,CNYUSD=X,0.13690191507339478
2025-02-12,CNY,CNYUSD=X,0.13685132563114166
2025-02-13,CNY,CNYUSD=X,0.13682135939598083
2025-02-14,CNY,CNYUSD=X,0.13719679415225983
2025-02-17,CNY,CNYUSD=X,0.13787399232387543
2025-02-18,CNY,CNYUSD=X,0.13787399232387543
2025-02-19,CNY,CNYUSD=X,0.13738904893398285
2025-02-20,CNY,CNYUSD=X,0.13730040192604065
2025-02-21,CNY,CNYUSD=X,0.13782647252082825
2025-02-24,CNY,CNYUSD=X,0.13793103396892548
2025-02-25,CNY,CNYUSD=X,0.13797670602798462
2025-02-26,CNY,CNYUSD=X,0.13797670602798462
2025-02-27,CNY,CNYUSD=X,0.13777899742126465
2025-02-28,CNY,CNYUSD=X,0.1372627168893814
2025-03-03,CNY,CNYUSD=X,0.13730981945991516
2025-03-04,CNY,CNYUSD=X,0.13728155195713043
2025-03-05,CNY,CNYUSD=X,0.13764435052871704
2025-03-06,CNY,CNYUSD=X,0.137919619679451
2025-03-07,CNY,CNYUSD=X,0.137919619679451
2025-03-10,CNY,CNYUSD=X,0.13823610544204712
2025-03-11,CNY,CNYUSD=X,0.13775812089443207
2025-03-12,CNY,CNYUSD=X,0.13775812089443207
2025-03-13,CNY,CNYUSD=X,0.13817688822746277
2025-03-14,CNY,CNYUSD=X,0.13817688822746277
2025-03-17,CNY,CNYUSD=X,0.13817688822746277
2025-03-18,CNY,CNYUSD=X,0.13826096057891846
2025-03-19,CNY,CNYUSD=X,0.1383642554283142
2025-03-20,CNY,CNYUSD=X,0.13831259310245514
2025-03-21,CNY,CNYUSD=X,0.1379747986793518
2025-03-24,CNY,CNYUSD=X,0.1379595845937729
2025-03-25,CNY,CNYUSD=X,0.13787399232387543
2025-03-26,CNY,CNYUSD=X,0.13779988884925842
2025-03-27,CNY,CNYUSD=X,0.13779988884925842
2025-03-28,CNY,CNYUSD=X,0.13767847418785095
2025-03-30,CNY,CNYUSD=X,0.13768793642520905
2025-03-31,CNY,CNYUSD=X,0.13780368864536285
2025-04-01,CNY,CNYUSD=X,0.137557253241539
2025-04-02,CNY,CNYUSD=X,0.1375989019870758
2025-04-03,CNY,CNYUSD=X,0.1375989019870758
2025-04-06,CNY,CNYUSD=X,0.13733811676502228
2025-04-07,CNY,CNYUSD=X,0.13683447241783142
2025-04-08,CNY,CNYUSD=X,0.13626205921173096
2025-04-09,CNY,CNYUSD=X,0.13605442643165588
2025-04-10,CNY,CNYUSD=X,0.1367240846157074
2025-04-13,CNY,CNYUSD=X,0.13714410364627838
2025-04-14,CNY,CNYUSD=X,0.13676334917545319
2025-04-15,CNY,CNYUSD=X,0.13676334917545319
2025-04-16,CNY,CNYUSD=X,0.13676334917545319
2025-04-17,CNY,CNYUSD=X,
2025-04-20,CNY,CNYUSD=X,
2025-04-21,CNY,CNYUSD=X,0.13700507581233978
2025-04-22,CNY,CNYUSD=X,0.1367652267217636
2025-04-23,CNY,CNYUSD=X,0.13724952936172485
2025-04-24,CNY,CNYUSD=X,0.13724952936172485
2025-04-27,CNY,CNYUSD=X,0.13724198937416077
2025-04-28,CNY,CNYUSD=X,0.1370989829301834
2025-04-29,CNY,CNYUSD=X,0.13757050037384033
2025-04-30,CNY,CNYUSD=X,0.13754023611545563
2025-05-01,CNY,CNYUSD=X,0.13754023611545563
2025-05-04,CNY,CNYUSD=X,0.13754023611545563
2025-05-05,CNY,CNYUSD=X,0.13755157589912415
2025-05-06,CNY,CNYUSD=X,0.13857516646385193
2025-05-07,CNY,CNYUSD=X,0.1384044736623764
2025-05-08,CNY,CNYUSD=X,0.1384044736623764
2025-05-11,CNY,CNYUSD=X,0.13819217681884766
2025-05-12,CNY,CNYUSD=X,0.13885417580604553
2025-05-13,CNY,CNYUSD=X,0.13877902925014496
2025-05-14,CNY,CNYUSD=X,0.13877902925014496
2025-05-15,CNY,CNYUSD=X,0.13876362144947052
2025-05-18,CNY,CNYUSD=X,0.1387154906988144
2025-05-19,CNY,CNYUSD=X,0.1387154906988144
2025-05-20,CNY,CNYUSD=X,0.1385156661272049
2025-05-21,CNY,CNYUSD=X,0.13885225355625153
2025-05-22,CNY,CNYUSD=X,0.13881754875183105
2025-05-25,CNY,CNYUSD=X,0.13881754875183105
2025-05-26,CNY,CNYUSD=X,0.13881754875183105
2025-05-27,CNY,CNYUSD=X,0.13881754875183105
2025-05-28,CNY,CNYUSD=X,0.13881754875183105
2025-05-29,CNY,CNYUSD=X,0.13881754875183105
2025-06-01,CNY,CNYUSD=X,0.13881754875183105
2025-06-02,CNY,CNYUSD=X,0.13881754875183105
2025-06-03,CNY,CNYUSD=X,0.13881754875183105
2025-06-04,CNY,CNYUSD=X,0.13881754875183105
2025-06-05,CNY,CNYUSD=X,0.1393728256225586
2025-06-08,CNY,CNYUSD=X,0.13910914957523346
2025-06-09,CNY,CNYUSD=X,0.13927188515663147
2025-06-10,CNY,CNYUSD=X,0.13927188515663147
2025-06-11,CNY,CNYUSD=X,0.1390279233455658
2025-06-12,CNY,CNYUSD=X,0.1390279233455658
2025-06-15,CNY,CNYUSD=X,0.13925637304782867
2025-06-16,CNY,CNYUSD=X,0.13929517567157745
2025-06-17,CNY,CNYUSD=X,0.13918852806091309
2025-06-18,CNY,CNYUSD=X,0.13910527527332306
2025-06-19,CNY,CNYUSD=X,0.13912075757980347
2025-06-22,CNY,CNYUSD=X,0.13912075757980347
2025-06-23,CNY,CNYUSD=X,0.13929517567157745
2025-06-24,CNY,CNYUSD=X,0.1394447386264801
2025-06-25,CNY,CNYUSD=X,0.13934563100337982
2025-06-26,CNY,CNYUSD=X,0.13951866328716278
2025-06-29,CNY,CNYUSD=X,0.13942918181419373
2025-06-30,CNY,CNYUSD=X,0.13959461450576782
2025-07-01,CNY,CNYUSD=X,0.13957707583904266
2025-07-02,CNY,CNYUSD=X,0.13956929743289948
2025-07-03,CNY,CNYUSD=X,0.13956929743289948
2025-07-06,CNY,CNYUSD=X,0.13956929743289948
2025-07-07,CNY,CNYUSD=X,0.13938447833061218
2025-07-08,CNY,CNYUSD=X,0.13939613103866577
2025-07-09,CNY,CNYUSD=X,0.13927577435970306
2025-07-10,CNY,CNYUSD=X,0.1393767148256302
2025-07-13,CNY,CNYUSD=X,0.1395069807767868
2025-07-14,CNY,CNYUSD=X,0.13952839374542236
2025-07-15,CNY,CNYUSD=X,0.13941362500190735
2025-07-16,CNY,CNYUSD=X,0.13930486142635345
2025-07-17,CNY,CNYUSD=X,0.13921372592449188
2025-07-20,CNY,CNYUSD=X,0.13932038843631744
2025-07-21,CNY,CNYUSD=X,0.1393631100654602
2025-07-22,CNY,CNYUSD=X,0.13938641548156738
2025-07-23,CNY,CNYUSD=X,0.13967455923557281
2025-07-24,CNY,CNYUSD=X,0.13979171216487885
2025-07-27,CNY,CNYUSD=X,0.13979171216487885
2025-07-28,CNY,CNYUSD=X,0.13931845128536224
2025-07-29,CNY,CNYUSD=X,0.13934563100337982
2025-07-30,CNY,CNYUSD=X,0.13934563100337982
2025-07-31,CNY,CNYUSD=X,0.138885036110878
2025-08-03,CNY,CNYUSD=X,0.13866548240184784
2025-08-04,CNY,CNYUSD=X,0.13931457698345184
2025-08-05,CNY,CNYUSD=X,0.1392098367214203
2025-08-06,CNY,CNYUSD=X,0.13922147452831268
2025-08-07,CNY,CNYUSD=X,0.13925637304782867
2025-08-10,CNY,CNYUSD=X,0.13925637304782867
2025-08-11,CNY,CNYUSD=X,0.13912656903266907
2025-08-12,CNY,CNYUSD=X,0.13930486142635345
2025-08-13,CNY,CNYUSD=X,0.13938641548156738
2025-08-14,CNY,CNYUSD=X,0.13928546011447906
2025-08-17,CNY,CNYUSD=X,0.13924279808998108
2025-08-18,CNY,CNYUSD=X,0.13918659090995789
2025-08-19,CNY,CNYUSD=X,0.13923892378807068
2025-08-20,CNY,CNYUSD=X,0.1393592208623886
2025-08-21,CNY,CNYUSD=X,0.13927769660949707
2025-08-24,CNY,CNYUSD=X,0.13951866328716278
2025-08-25,CNY,CNYUSD=X,0.13984058797359467
2025-08-26,CNY,CNYUSD=X,0.13982102274894714
2025-08-27,CNY,CNYUSD=X,0.139801487326622
2025-08-28,CNY,CNYUSD=X,0.139801487326622
2025-08-31,CNY,CNYUSD=X,0.14024458825588226
2025-09-01,CNY,CNYUSD=X,0.14024458825588226
2025-09-02,CNY,CNYUSD=X,0.14007563889026642
2025-09-03,CNY,CNYUSD=X,0.14002856612205505
2025-09-04,CNY,CNYUSD=X,0.14002856612205505
2025-09-07,CNY,CNYUSD=X,0.1402032971382141
2025-09-08,CNY,CNYUSD=X,0.14026622474193573
2025-09-09,CNY,CNYUSD=X,0.14043168723583221
2025-09-10,CNY,CNYUSD=X,0.14043563604354858
2025-09-11,CNY,CNYUSD=X,0.14048101007938385
2025-09-14,CNY,CNYUSD=X,0.14036664366722107
2025-09-15,CNY,CNYUSD=X,0.14047902822494507
2025-09-16,CNY,CNYUSD=X,0.1405639350414276
2025-09-17,CNY,CNYUSD=X,0.14077962934970856
2025-09-18,CNY,CNYUSD=X,0.140589639544487
2025-09-21,CNY,CNYUSD=X,0.140589639544487
2025-09-22,CNY,CNYUSD=X,0.14056789875030518
2025-09-23,CNY,CNYUSD=X,0.1406153291463852
2025-09-24,CNY,CNYUSD=X,0.1402229517698288
2025-09-25,CNY,CNYUSD=X,0.14017774164676666
2025-09-28,CNY,CNYUSD=X,0.14019739627838135
2025-09-29,CNY,CNYUSD=X,0.1404612809419632
2025-09-30,CNY,CNYUSD=X,0.14046916365623474
2025-10-01,CNY,CNYUSD=X,0.14046916365623474
2025-10-02,CNY,CNYUSD=X,0.14046916365623474
2025-10-05,CNY,CNYUSD=X,0.14046916365623474
2025-10-06,CNY,CNYUSD=X,0.14046916365623474
2025-10-07,CNY,CNYUSD=X,0.14046916365623474
2025-10-08,CNY,CNYUSD=X,0.14047902822494507
2025-10-09,CNY,CNYUSD=X,0.1403016448020935
2025-10-12,CNY,CNYUSD=X,0.14084507524967194
2025-10-13,CNY,CNYUSD=X,0.14084507524967194
2025-10-14,CNY,CNYUSD=X,0.14008741080760956
2025-10-15,CNY,CNYUSD=X,0.14032724499702454
2025-10-16,CNY,CNYUSD=X,0.1403902769088745
2025-10-19,CNY,CNYUSD=X,0.14032331109046936
2025-10-20,CNY,CNYUSD=X,0.14045929908752441
2025-10-21,CNY,CNYUSD=X,0.14041393995285034
2025-10-22,CNY,CNYUSD=X,0.14033709466457367
2025-10-23,CNY,CNYUSD=X,0.14033709466457367
2025-10-27,CNY,CNYUSD=X,0.14042773842811584
2025-10-28,CNY,CNYUSD=X,0.14064301550388336
2025-10-29,CNY,CNYUSD=X,0.1408688724040985
2025-10-30,CNY,CNYUSD=X,0.14086490869522095
2025-10-31,CNY,CNYUSD=X,0.1406509280204773
2025-11-03,CNY,CNYUSD=X,0.14051061868667603
2025-11-04,CNY,CNYUSD=X,0.13943500816822052
2025-11-05,CNY,CNYUSD=X,0.14026229083538055
2025-11-06,CNY,CNYUSD=X,0.1403311789035797
2025-11-07,CNY,CNYUSD=X,0.14047706127166748
2025-11-10,CNY,CNYUSD=X,0.14047706127166748
2025-11-11,CNY,CNYUSD=X,0.14046324789524078
2025-11-12,CNY,CNYUSD=X,0.14046324789524078
2025-11-13,CNY,CNYUSD=X,0.14046324789524078
2025-11-14,CNY,CNYUSD=X,0.14060743153095245
2025-11-17,CNY,CNYUSD=X,0.14086094498634338
2025-11-18,CNY,CNYUSD=X,0.1406964510679245
2025-11-19,CNY,CNYUSD=X,0.1406964510679245
2025-11-20,CNY,CNYUSD=X,0.1406964510679245
2025-11-21,CNY,CNYUSD=X,0.1406964510679245
2025-11-24,CNY,CNYUSD=X,0.14071427285671234
2025-11-25,CNY,CNYUSD=X,0.14080144464969635
2025-11-26,CNY,CNYUSD=X,0.1411532312631607
2025-11-27,CNY,CNYUSD=X,0.14132677018642426
2025-11-28,CNY,CNYUSD=X,0.14132677018642426
2025-12-01,CNY,CNYUSD=X,0.14134076237678528
2025-12-02,CNY,CNYUSD=X,0.14140871167182922
2025-12-03,CNY,CNYUSD=X,0.14144271612167358
2025-12-04,CNY,CNYUSD=X,0.14157086610794067
2025-12-05,CNY,CNYUSD=X,0.14141471683979034
2025-12-08,CNY,CNYUSD=X,0.14145071804523468
2025-12-09,CNY,CNYUSD=X,0.14142270386219025
2025-12-10,CNY,CNYUSD=X,0.141576886177063
2025-12-11,CNY,CNYUSD=X,0.14156284928321838
2025-12-12,CNY,CNYUSD=X,0.14168520271778107
2025-12-15,CNY,CNYUSD=X,0.14176353812217712
2025-12-16,CNY,CNYUSD=X,0.14190435409545898
2025-12-17,CNY,CNYUSD=X,0.14201116561889648
2025-12-18,CNY,CNYUSD=X,0.1419849395751953
2025-12-19,CNY,CNYUSD=X,0.1420353651046753
2025-12-22,CNY,CNYUSD=X,0.14202728867530823
2025-12-23,CNY,CNYUSD=X,0.14202728867530823
2025-12-24,CNY,CNYUSD=X,0.1422879993915558
2025-12-25,CNY,CNYUSD=X,
2025-12-26,CNY,CNYUSD=X,0.1422879993915558
2025-12-29,CNY,CNYUSD=X,0.1422879993915558
2025-12-30,CNY,CNYUSD=X,0.14274294674396515
2025-12-31,CNY,CNYUSD=X,0.14293678104877472
2026-01-01,CNY,CNYUSD=X,
2026-01-02,CNY,CNYUSD=X,0.14293678104877472
2026-01-05,CNY,CNYUSD=X,0.1429980993270874
2026-01-06,CNY,CNYUSD=X,0.1431024670600891
2026-01-07,CNY,CNYUSD=X,0.1431967318058014
2026-01-08,CNY,CNYUSD=X,0.1429286003112793
2026-01-09,CNY,CNYUSD=X,0.14319467544555664
2026-01-12,CNY,CNYUSD=X,0.14332397282123566
2026-01-13,CNY,CNYUSD=X,0.14340823888778687
2026-01-14,CNY,CNYUSD=X,0.1433178037405014
2026-01-15,CNY,CNYUSD=X,0.14341029524803162
2026-01-16,CNY,CNYUSD=X,0.14355440437793732
2026-01-19,CNY,CNYUSD=X,0.14351114630699158
2026-01-20,CNY,CNYUSD=X,0.14351114630699158
2026-01-21,CNY,CNYUSD=X,0.14368022978305817
2026-01-22,CNY,CNYUSD=X,0.14360181987285614
2026-01-23,CNY,CNYUSD=X,0.14341852068901062
2026-01-26,CNY,CNYUSD=X,0.14341852068901062
2026-01-27,CNY,CNYUSD=X,0.14379799365997314
2026-01-28,CNY,CNYUSD=X,0.1437917798757553
2026-01-29,CNY,CNYUSD=X,0.1437917798757553
2026-01-30,CNY,CNYUSD=X,0.14392630755901337
2026-02-02,CNY,CNYUSD=X,0.14386418461799622
2022-01-03,TWD,TWDUSD=X,0.03609834611415863
2022-01-04,TWD,TWDUSD=X,0.03619948774576187
2022-01-05,TWD,TWDUSD=X,0.036343153566122055
2022-01-06,TWD,TWDUSD=X,0.036236610263586044
2022-01-07,TWD,TWDUSD=X,0.03620564565062523
2022-01-10,TWD,TWDUSD=X,0.03615590184926987
2022-01-11,TWD,TWDUSD=X,0.0362333282828331
2022-01-12,TWD,TWDUSD=X,0.036196473985910416
2022-01-13,TWD,TWDUSD=X,0.036233723163604736
2022-01-14,TWD,TWDUSD=X,0.036276571452617645
2022-01-17,TWD,TWDUSD=X,0.036313459277153015
2022-01-18,TWD,TWDUSD=X,0.036464810371398926
2022-01-19,TWD,TWDUSD=X,0.036342229694128036
2022-01-20,TWD,TWDUSD=X,0.03630080446600914
2022-01-21,TWD,TWDUSD=X,0.0362112857401371
2022-01-24,TWD,TWDUSD=X,0.036112554371356964
2022-01-25,TWD,TWDUSD=X,0.03614819422364235
2022-01-26,TWD,TWDUSD=X,0.036103688180446625
2022-01-27,TWD,TWDUSD=X,0.03614741191267967
2022-01-28,TWD,TWDUSD=X,0.03602759540081024
2022-01-31,TWD,TWDUSD=X,0.035936322063207626
2022-02-01,TWD,TWDUSD=X,0.036009564995765686
2022-02-02,TWD,TWDUSD=X,0.03604603931307793
2022-02-03,TWD,TWDUSD=X,0.036034997552633286
2022-02-04,TWD,TWDUSD=X,0.036043960601091385
2022-02-07,TWD,TWDUSD=X,0.035971224308013916
2022-02-08,TWD,TWDUSD=X,0.035937611013650894
2022-02-09,TWD,TWDUSD=X,0.035964496433734894
2022-02-10,TWD,TWDUSD=X,0.035996213555336
2022-02-11,TWD,TWDUSD=X,0.03593709319829941
2022-02-14,TWD,TWDUSD=X,0.03583458811044693
2022-02-15,TWD,TWDUSD=X,0.03589143604040146
2022-02-16,TWD,TWDUSD=X,0.03594445809721947
2022-02-17,TWD,TWDUSD=X,0.035957254469394684
2022-02-18,TWD,TWDUSD=X,0.0359237976372242
2022-02-21,TWD,TWDUSD=X,0.03588087484240532
2022-02-22,TWD,TWDUSD=X,0.03595518320798874
2022-02-23,TWD,TWDUSD=X,0.03592289611697197
2022-02-24,TWD,TWDUSD=X,0.035877399146556854
2022-02-25,TWD,TWDUSD=X,0.035628776997327805
2022-02-28,TWD,TWDUSD=X,0.03576179966330528
2022-03-01,TWD,TWDUSD=X,0.03574543446302414
2022-03-02,TWD,TWDUSD=X,0.035654690116643906
2022-03-03,TWD,TWDUSD=X,0.03575194999575615
2022-03-04,TWD,TWDUSD=X,0.03564998880028725
2022-03-07,TWD,TWDUSD=X,0.03555429354310036
2022-03-08,TWD,TWDUSD=X,0.03536580502986908
2022-03-09,TWD,TWDUSD=X,0.03533144295215607
2022-03-10,TWD,TWDUSD=X,0.0353756919503212
2022-03-11,TWD,TWDUSD=X,0.035334814339876175
2022-03-14,TWD,TWDUSD=X,0.03519763424992561
2022-03-15,TWD,TWDUSD=X,0.035074181854724884
2022-03-16,TWD,TWDUSD=X,0.035064466297626495
2022-03-17,TWD,TWDUSD=X,0.03523732349276543
2022-03-18,TWD,TWDUSD=X,0.03548868000507355
2022-03-21,TWD,TWDUSD=X,0.035265903919935226
2022-03-22,TWD,TWDUSD=X,0.035198874771595
2022-03-23,TWD,TWDUSD=X,0.035127900540828705
2022-03-24,TWD,TWDUSD=X,0.03501437231898308
2022-03-25,TWD,TWDUSD=X,0.0349021852016449
2022-03-27,TWD,TWDUSD=X,0.034880880266427994
2022-03-28,TWD,TWDUSD=X,0.03474188223481178
2022-03-29,TWD,TWDUSD=X,0.03493047133088112
2022-03-30,TWD,TWDUSD=X,0.035056229680776596
2022-03-31,TWD,TWDUSD=X,0.03494585305452347
2022-04-03,TWD,TWDUSD=X,0.03488209843635559
2022-04-04,TWD,TWDUSD=X,0.03497910127043724
2022-04-05,TWD,TWDUSD=X,0.03490011394023895
2022-04-06,TWD,TWDUSD=X,0.03481239452958107
2022-04-07,TWD,TWDUSD=X,0.03472378849983215
2022-04-10,TWD,TWDUSD=X,0.034612853080034256
2022-04-11,TWD,TWDUSD=X,0.03444593772292137
2022-04-12,TWD,TWDUSD=X,0.0344376340508461
2022-04-13,TWD,TWDUSD=X,0.034641992300748825
2022-04-14,TWD,TWDUSD=X,0.034522995352745056
2022-04-17,TWD,TWDUSD=X,0.034351274371147156
2022-04-18,TWD,TWDUSD=X,0.03423016145825386
2022-04-19,TWD,TWDUSD=X,0.03418371081352234
2022-04-20,TWD,TWDUSD=X,0.034289438277482986
2022-04-21,TWD,TWDUSD=X,0.03414251282811165
2022-04-24,TWD,TWDUSD=X,0.03411688283085823
2022-04-25,TWD,TWDUSD=X,0.03425396606326103
2022-04-26,TWD,TWDUSD=X,0.03412887826561928
2022-04-27,TWD,TWDUSD=X,0.03404289856553078
2022-04-28,TWD,TWDUSD=X,0.033952746540308
2022-05-01,TWD,TWDUSD=X,0.03397431597113609
2022-05-02,TWD,TWDUSD=X,0.033916011452674866
2022-05-03,TWD,TWDUSD=X,0.03398805484175682
2022-05-04,TWD,TWDUSD=X,0.03419972583651543
2022-05-05,TWD,TWDUSD=X,0.033776137977838516
2022-05-08,TWD,TWDUSD=X,0.03372681140899658
2022-05-09,TWD,TWDUSD=X,0.033612314611673355
2022-05-10,TWD,TWDUSD=X,0.03373625501990318
2022-05-11,TWD,TWDUSD=X,0.03368251025676727
2022-05-12,TWD,TWDUSD=X,0.03353285416960716
2022-05-15,TWD,TWDUSD=X,0.0335773304104805
2022-05-16,TWD,TWDUSD=X,0.03365654870867729
2022-05-17,TWD,TWDUSD=X,0.03377716615796089
2022-05-18,TWD,TWDUSD=X,0.033624522387981415
2022-05-19,TWD,TWDUSD=X,0.033783212304115295
2022-05-22,TWD,TWDUSD=X,0.033655304461717606
2022-05-23,TWD,TWDUSD=X,0.03390980139374733
2022-05-24,TWD,TWDUSD=X,0.0338619165122509
2022-05-25,TWD,TWDUSD=X,0.03400203958153725
2022-05-26,TWD,TWDUSD=X,0.03411455824971199
2022-05-29,TWD,TWDUSD=X,0.03413435444235802
2022-05-30,TWD,TWDUSD=X,0.034684889018535614
2022-05-31,TWD,TWDUSD=X,0.034492868930101395
2022-06-01,TWD,TWDUSD=X,0.03433087468147278
2022-06-02,TWD,TWDUSD=X,0.03436307981610298
2022-06-05,TWD,TWDUSD=X,0.03405878692865372
2022-06-06,TWD,TWDUSD=X,0.03403525426983833
2022-06-07,TWD,TWDUSD=X,0.03400782123208046
2022-06-08,TWD,TWDUSD=X,0.03396877646446228
2022-06-09,TWD,TWDUSD=X,0.03380011394619942
2022-06-12,TWD,TWDUSD=X,0.03373591601848602
2022-06-13,TWD,TWDUSD=X,0.03368284925818443
2022-06-14,TWD,TWDUSD=X,0.03380925580859184
2022-06-15,TWD,TWDUSD=X,0.03400782123208046
2022-06-16,TWD,TWDUSD=X,0.03367457166314125
2022-06-19,TWD,TWDUSD=X,0.03366776555776596
2022-06-20,TWD,TWDUSD=X,0.03366663306951523
2022-06-21,TWD,TWDUSD=X,0.03364284709095955
2022-06-22,TWD,TWDUSD=X,0.033702146261930466
2022-06-23,TWD,TWDUSD=X,0.03376884013414383
2022-06-26,TWD,TWDUSD=X,0.033676836639642715
2022-06-27,TWD,TWDUSD=X,0.03397893160581589
2022-06-28,TWD,TWDUSD=X,0.03370294347405434
2022-06-29,TWD,TWDUSD=X,0.03370975703001022
2022-06-30,TWD,TWDUSD=X,0.03372032940387726
2022-07-03,TWD,TWDUSD=X,0.03356155380606651
2022-07-04,TWD,TWDUSD=X,0.03368137404322624
2022-07-05,TWD,TWDUSD=X,0.033578794449567795
2022-07-06,TWD,TWDUSD=X,0.03357056528329849
2022-07-07,TWD,TWDUSD=X,0.03361118584871292
2022-07-10,TWD,TWDUSD=X,0.03361118584871292
2022-07-11,TWD,TWDUSD=X,0.033486030995845795
2022-07-12,TWD,TWDUSD=X,0.03348401188850403
2022-07-13,TWD,TWDUSD=X,0.03359537571668625
2022-07-14,TWD,TWDUSD=X,0.03342391178011894
2022-07-17,TWD,TWDUSD=X,0.03343251720070839
2022-07-18,TWD,TWDUSD=X,0.033534541726112366
2022-07-19,TWD,TWDUSD=X,0.03357281908392906
2022-07-20,TWD,TWDUSD=X,0.03346641734242439
2022-07-21,TWD,TWDUSD=X,0.03346686437726021
2022-07-24,TWD,TWDUSD=X,0.03355592116713524
2022-07-25,TWD,TWDUSD=X,0.03352554887533188
2022-07-26,TWD,TWDUSD=X,0.03342212364077568
2022-07-27,TWD,TWDUSD=X,0.03349040448665619
2022-07-28,TWD,TWDUSD=X,0.033428046852350235
2022-07-31,TWD,TWDUSD=X,0.03333111107349396
2022-08-01,TWD,TWDUSD=X,0.03314770758152008
2022-08-02,TWD,TWDUSD=X,0.03337082266807556
2022-08-03,TWD,TWDUSD=X,0.03339790180325508
2022-08-04,TWD,TWDUSD=X,0.033387087285518646
2022-08-07,TWD,TWDUSD=X,0.03339455649256706
2022-08-08,TWD,TWDUSD=X,0.03333255648612976
2022-08-09,TWD,TWDUSD=X,0.03330225124955177
2022-08-10,TWD,TWDUSD=X,0.03343318775296211
2022-08-11,TWD,TWDUSD=X,0.03338976204395294
2022-08-14,TWD,TWDUSD=X,0.03339678794145584
2022-08-15,TWD,TWDUSD=X,0.0333525650203228
2022-08-16,TWD,TWDUSD=X,0.03339589387178421
2022-08-17,TWD,TWDUSD=X,0.03340493142604828
2022-08-18,TWD,TWDUSD=X,0.033362582325935364
2022-08-21,TWD,TWDUSD=X,0.033220384269952774
2022-08-22,TWD,TWDUSD=X,0.033187638968229294
2022-08-23,TWD,TWDUSD=X,0.03314550966024399
2022-08-24,TWD,TWDUSD=X,0.033107101917266846
2022-08-25,TWD,TWDUSD=X,0.03312574699521065
2022-08-28,TWD,TWDUSD=X,0.03302400931715965
2022-08-29,TWD,TWDUSD=X,0.032929398119449615
2022-08-30,TWD,TWDUSD=X,0.0328550711274147
2022-08-31,TWD,TWDUSD=X,0.03296772018074989
2022-09-01,TWD,TWDUSD=X,0.032735154032707214
2022-09-04,TWD,TWDUSD=X,0.032665859907865524
2022-09-05,TWD,TWDUSD=X,0.03258815035223961
2022-09-06,TWD,TWDUSD=X,0.03246890380978584
2022-09-07,TWD,TWDUSD=X,0.03241722285747528
2022-09-08,TWD,TWDUSD=X,0.03240577131509781
2022-09-11,TWD,TWDUSD=X,0.032414909452199936
2022-09-12,TWD,TWDUSD=X,0.032380275428295135
2022-09-13,TWD,TWDUSD=X,0.0321350172162056
2022-09-14,TWD,TWDUSD=X,0.03218642249703407
2022-09-15,TWD,TWDUSD=X,0.032028697431087494
2022-09-18,TWD,TWDUSD=X,0.03198873996734619
2022-09-19,TWD,TWDUSD=X,0.03192644193768501
2022-09-20,TWD,TWDUSD=X,0.03190912306308746
2022-09-21,TWD,TWDUSD=X,0.03179650008678436
2022-09-22,TWD,TWDUSD=X,0.03170748054981232
2022-09-25,TWD,TWDUSD=X,0.03145544230937958
2022-09-26,TWD,TWDUSD=X,0.031423814594745636
2022-09-27,TWD,TWDUSD=X,0.031570639461278915
2022-09-28,TWD,TWDUSD=X,0.03157462552189827
2022-09-29,TWD,TWDUSD=X,0.03161505609750748
2022-10-02,TWD,TWDUSD=X,0.03144357353448868
2022-10-03,TWD,TWDUSD=X,0.031462665647268295
2022-10-04,TWD,TWDUSD=X,0.031617552042007446
2022-10-05,TWD,TWDUSD=X,0.03172236680984497
2022-10-06,TWD,TWDUSD=X,0.03170677646994591
2022-10-09,TWD,TWDUSD=X,0.03153479844331741
2022-10-10,TWD,TWDUSD=X,0.03145366162061691
2022-10-11,TWD,TWDUSD=X,0.031421542167663574
2022-10-12,TWD,TWDUSD=X,0.03147207573056221
2022-10-13,TWD,TWDUSD=X,0.031398553401231766
2022-10-16,TWD,TWDUSD=X,0.03128715232014656
2022-10-17,TWD,TWDUSD=X,0.03126172348856926
2022-10-18,TWD,TWDUSD=X,0.0312334094196558
2022-10-19,TWD,TWDUSD=X,0.031102264299988747
2022-10-20,TWD,TWDUSD=X,0.03115846961736679
2022-10-23,TWD,TWDUSD=X,0.03107520192861557
2022-10-24,TWD,TWDUSD=X,0.030948925763368607
2022-10-25,TWD,TWDUSD=X,0.031029880046844482
2022-10-26,TWD,TWDUSD=X,0.031286273151636124
2022-10-27,TWD,TWDUSD=X,0.031208064407110214
2022-10-31,TWD,TWDUSD=X,0.0311390683054924
2022-11-01,TWD,TWDUSD=X,0.031009964644908905
2022-11-02,TWD,TWDUSD=X,0.031129373237490654
2022-11-03,TWD,TWDUSD=X,0.031010154634714127
2022-11-04,TWD,TWDUSD=X,0.03110419772565365
2022-11-07,TWD,TWDUSD=X,0.0312509760260582
2022-11-08,TWD,TWDUSD=X,0.031397175043821335
2022-11-09,TWD,TWDUSD=X,0.03145663067698479
2022-11-10,TWD,TWDUSD=X,0.03133617341518402
2022-11-11,TWD,TWDUSD=X,0.031845103949308395
2022-11-14,TWD,TWDUSD=X,0.03215785697102547
2022-11-15,TWD,TWDUSD=X,0.03237398341298103
2022-11-16,TWD,TWDUSD=X,0.03217606619000435
2022-11-17,TWD,TWDUSD=X,0.03222168609499931
2022-11-18,TWD,TWDUSD=X,0.032232072204351425
2022-11-21,TWD,TWDUSD=X,0.03214266151189804
2022-11-22,TWD,TWDUSD=X,0.03212232142686844
2022-11-23,TWD,TWDUSD=X,0.03214689716696739
2022-11-24,TWD,TWDUSD=X,0.03217534348368645
2022-11-25,TWD,TWDUSD=X,0.03234884887933731
2022-11-28,TWD,TWDUSD=X,0.0323326401412487
2022-11-29,TWD,TWDUSD=X,0.03225171938538551
2022-11-30,TWD,TWDUSD=X,0.03231435641646385
2022-12-01,TWD,TWDUSD=X,0.03249074146151543
2022-12-02,TWD,TWDUSD=X,0.03269277513027191
2022-12-05,TWD,TWDUSD=X,0.0327460877597332
2022-12-06,TWD,TWDUSD=X,0.03271930292248726
2022-12-07,TWD,TWDUSD=X,0.03264399990439415
2022-12-08,TWD,TWDUSD=X,0.03264027088880539
2022-12-09,TWD,TWDUSD=X,0.032826706767082214
2022-12-12,TWD,TWDUSD=X,0.032579973340034485
2022-12-13,TWD,TWDUSD=X,0.03259452432394028
2022-12-14,TWD,TWDUSD=X,0.032678671181201935
2022-12-15,TWD,TWDUSD=X,0.032803770154714584
2022-12-16,TWD,TWDUSD=X,0.03245699405670166
2022-12-19,TWD,TWDUSD=X,0.03249834477901459
2022-12-20,TWD,TWDUSD=X,0.03248261287808418
2022-12-21,TWD,TWDUSD=X,0.03254784271121025
2022-12-22,TWD,TWDUSD=X,0.03259558603167534
2022-12-23,TWD,TWDUSD=X,0.032530903816223145
2022-12-26,TWD,TWDUSD=X,0.03252550959587097
2022-12-27,TWD,TWDUSD=X,0.03255314379930496
2022-12-28,TWD,TWDUSD=X,0.03254985809326172
2022-12-29,TWD,TWDUSD=X,0.0325436070561409
2022-12-30,TWD,TWDUSD=X,0.03259442001581192
2023-01-02,TWD,TWDUSD=X,0.03262876719236374
2023-01-03,TWD,TWDUSD=X,0.032551977783441544
2023-01-04,TWD,TWDUSD=X,0.03262610733509064
2023-01-05,TWD,TWDUSD=X,0.032586026936769485
2023-01-06,TWD,TWDUSD=X,0.03265519440174103
2023-01-09,TWD,TWDUSD=X,0.0327209047973156
2023-01-10,TWD,TWDUSD=X,0.03282778710126877
2023-01-11,TWD,TWDUSD=X,0.032859500497579575
2023-01-12,TWD,TWDUSD=X,0.032856907695531845
2023-01-13,TWD,TWDUSD=X,0.03297554701566696
2023-01-16,TWD,TWDUSD=X,0.03302586078643799
2023-01-17,TWD,TWDUSD=X,0.03297174349427223
2023-01-18,TWD,TWDUSD=X,0.033029135316610336
2023-01-19,TWD,TWDUSD=X,0.03312903642654419
2023-01-20,TWD,TWDUSD=X,0.03296087309718132
2023-01-23,TWD,TWDUSD=X,0.03298403322696686
2023-01-24,TWD,TWDUSD=X,0.033010926097631454
2023-01-25,TWD,TWDUSD=X,0.03303873911499977
2023-01-26,TWD,TWDUSD=X,0.033060472458601
2023-01-27,TWD,TWDUSD=X,0.033102937042713165
2023-01-30,TWD,TWDUSD=X,0.03305129334330559
2023-01-31,TWD,TWDUSD=X,0.033228110522031784
2023-02-01,TWD,TWDUSD=X,0.03329892456531525
2023-02-02,TWD,TWDUSD=X,0.033860426396131516
2023-02-03,TWD,TWDUSD=X,0.03384896740317345
2023-02-06,TWD,TWDUSD=X,0.03337137773633003
2023-02-07,TWD,TWDUSD=X,0.03333522006869316
2023-02-08,TWD,TWDUSD=X,0.03330324962735176
2023-02-09,TWD,TWDUSD=X,0.03328728675842285
2023-02-10,TWD,TWDUSD=X,0.033330000936985016
2023-02-13,TWD,TWDUSD=X,0.033133648335933685
2023-02-14,TWD,TWDUSD=X,0.03309066966176033
2023-02-15,TWD,TWDUSD=X,0.03305927291512489
2023-02-16,TWD,TWDUSD=X,0.0330011211335659
2023-02-17,TWD,TWDUSD=X,0.033054571598768234
2023-02-20,TWD,TWDUSD=X,0.03292365372180939
2023-02-21,TWD,TWDUSD=X,0.03293319419026375
2023-02-22,TWD,TWDUSD=X,0.032803554087877274
2023-02-23,TWD,TWDUSD=X,0.032813459634780884
2023-02-24,TWD,TWDUSD=X,0.033021826297044754
2023-02-27,TWD,TWDUSD=X,0.03261918947100639
2023-02-28,TWD,TWDUSD=X,0.032682087272405624
2023-03-01,TWD,TWDUSD=X,0.03263089805841446
2023-03-02,TWD,TWDUSD=X,0.03272176533937454
2023-03-03,TWD,TWDUSD=X,0.032678138464689255
2023-03-06,TWD,TWDUSD=X,0.032788388431072235
2023-03-07,TWD,TWDUSD=X,0.03270645812153816
2023-03-08,TWD,TWDUSD=X,0.032545410096645355
2023-03-09,TWD,TWDUSD=X,0.0325469970703125
2023-03-10,TWD,TWDUSD=X,0.03245288506150246
2023-03-13,TWD,TWDUSD=X,0.03243730589747429
2023-03-14,TWD,TWDUSD=X,0.032835330814123154
2023-03-15,TWD,TWDUSD=X,0.03291747719049454
2023-03-16,TWD,TWDUSD=X,0.03276539966464043
2023-03-17,TWD,TWDUSD=X,0.03273429721593857
2023-03-20,TWD,TWDUSD=X,0.03266052529215813
2023-03-21,TWD,TWDUSD=X,0.03278043493628502
2023-03-22,TWD,TWDUSD=X,0.03280828893184662
2023-03-23,TWD,TWDUSD=X,0.03294892981648445
2023-03-24,TWD,TWDUSD=X,0.03318070247769356
2023-03-26,TWD,TWDUSD=X,0.03298044204711914
2023-03-27,TWD,TWDUSD=X,0.03315320238471031
2023-03-28,TWD,TWDUSD=X,0.03295435756444931
2023-03-29,TWD,TWDUSD=X,0.03276969492435455
2023-03-30,TWD,TWDUSD=X,0.03294675797224045
2023-04-02,TWD,TWDUSD=X,0.03276003152132034
2023-04-03,TWD,TWDUSD=X,0.03280990570783615
2023-04-04,TWD,TWDUSD=X,0.032910652458667755
2023-04-05,TWD,TWDUSD=X,0.03274308517575264
2023-04-06,TWD,TWDUSD=X,0.03277570754289627
2023-04-09,TWD,TWDUSD=X,0.0329023152589798
2023-04-10,TWD,TWDUSD=X,0.0327630378305912
2023-04-11,TWD,TWDUSD=X,0.03280850499868393
2023-04-12,TWD,TWDUSD=X,0.03284449502825737
2023-04-13,TWD,TWDUSD=X,0.03283964470028877
2023-04-16,TWD,TWDUSD=X,0.03278043493628502
2023-04-17,TWD,TWDUSD=X,0.03282293677330017
2023-04-18,TWD,TWDUSD=X,0.032838672399520874
2023-04-19,TWD,TWDUSD=X,0.03274662420153618
2023-04-20,TWD,TWDUSD=X,0.032723262906074524
2023-04-23,TWD,TWDUSD=X,0.03265305981040001
2023-04-24,TWD,TWDUSD=X,0.032709669321775436
2023-04-25,TWD,TWDUSD=X,0.032579973340034485
2023-04-26,TWD,TWDUSD=X,0.03264954313635826
2023-04-27,TWD,TWDUSD=X,0.0326511412858963
2023-04-30,TWD,TWDUSD=X,0.032524555921554565
2023-05-01,TWD,TWDUSD=X,0.03254276141524315
2023-05-02,TWD,TWDUSD=X,0.03251525014638901
2023-05-03,TWD,TWDUSD=X,0.0326298363506794
2023-05-04,TWD,TWDUSD=X,0.032649971544742584
2023-05-07,TWD,TWDUSD=X,0.032703250646591187
2023-05-08,TWD,TWDUSD=X,0.0326925590634346
2023-05-09,TWD,TWDUSD=X,0.03262664005160332
2023-05-10,TWD,TWDUSD=X,0.03266436606645584
2023-05-11,TWD,TWDUSD=X,0.032575517892837524
2023-05-14,TWD,TWDUSD=X,0.03245699405670166
2023-05-15,TWD,TWDUSD=X,0.032527729868888855
2023-05-16,TWD,TWDUSD=X,0.03249095007777214
2023-05-17,TWD,TWDUSD=X,0.03247670456767082
2023-05-18,TWD,TWDUSD=X,0.03258358687162399
2023-05-21,TWD,TWDUSD=X,0.03265839070081711
2023-05-22,TWD,TWDUSD=X,0.03261472284793854
2023-05-23,TWD,TWDUSD=X,0.03246184065937996
2023-05-24,TWD,TWDUSD=X,0.03245868161320686
2023-05-25,TWD,TWDUSD=X,0.03250996395945549
2023-05-28,TWD,TWDUSD=X,0.03258921205997467
2023-05-29,TWD,TWDUSD=X,0.032748233526945114
2023-05-30,TWD,TWDUSD=X,0.03272112086415291
2023-05-31,TWD,TWDUSD=X,0.032630790024995804
2023-06-01,TWD,TWDUSD=X,0.032698117196559906
2023-06-04,TWD,TWDUSD=X,0.03260834142565727
2023-06-05,TWD,TWDUSD=X,0.03263089805841446
2023-06-06,TWD,TWDUSD=X,0.0326458141207695
2023-06-07,TWD,TWDUSD=X,0.032559607177972794
2023-06-08,TWD,TWDUSD=X,0.03263089805841446
2023-06-11,TWD,TWDUSD=X,0.03261472284793854
2023-06-12,TWD,TWDUSD=X,0.03256130591034889
2023-06-13,TWD,TWDUSD=X,0.032703250646591187
2023-06-14,TWD,TWDUSD=X,0.03254011273384094
2023-06-15,TWD,TWDUSD=X,0.032622914761304855
2023-06-18,TWD,TWDUSD=X,0.03256480395793915
2023-06-19,TWD,TWDUSD=X,0.03247617930173874
2023-06-20,TWD,TWDUSD=X,0.0323067307472229
2023-06-21,TWD,TWDUSD=X,0.03233838826417923
2023-06-22,TWD,TWDUSD=X,0.03226451948285103
2023-06-25,TWD,TWDUSD=X,0.032261185348033905
2023-06-26,TWD,TWDUSD=X,0.03225390240550041
2023-06-27,TWD,TWDUSD=X,0.0322648286819458
2023-06-28,TWD,TWDUSD=X,0.03219937905669212
2023-06-29,TWD,TWDUSD=X,0.0321364626288414
2023-07-02,TWD,TWDUSD=X,0.032106850296258926
2023-07-03,TWD,TWDUSD=X,0.03216696158051491
2023-07-04,TWD,TWDUSD=X,0.03217710554599762
2023-07-05,TWD,TWDUSD=X,0.032026439905166626
2023-07-06,TWD,TWDUSD=X,0.031921446323394775
2023-07-09,TWD,TWDUSD=X,0.03199078515172005
2023-07-10,TWD,TWDUSD=X,0.031887754797935486
2023-07-11,TWD,TWDUSD=X,0.03198413550853729
2023-07-12,TWD,TWDUSD=X,0.032222930341959
2023-07-13,TWD,TWDUSD=X,0.03230203688144684
2023-07-16,TWD,TWDUSD=X,0.03231017664074898
2023-07-17,TWD,TWDUSD=X,0.03231017664074898
2023-07-18,TWD,TWDUSD=X,0.03235931694507599
2023-07-19,TWD,TWDUSD=X,0.03221306949853897
2023-07-20,TWD,TWDUSD=X,0.03221878036856651
2023-07-23,TWD,TWDUSD=X,0.03192644193768501
2023-07-24,TWD,TWDUSD=X,0.03194888308644295
2023-07-25,TWD,TWDUSD=X,0.032086245715618134
2023-07-26,TWD,TWDUSD=X,0.032036904245615005
2023-07-27,TWD,TWDUSD=X,0.03195265680551529
2023-07-30,TWD,TWDUSD=X,0.031894367188215256
2023-07-31,TWD,TWDUSD=X,0.031848251819610596
2023-08-01,TWD,TWDUSD=X,0.03165057674050331
2023-08-02,TWD,TWDUSD=X,0.03161545470356941
2023-08-03,TWD,TWDUSD=X,0.031605064868927
2023-08-06,TWD,TWDUSD=X,0.031593579798936844
2023-08-07,TWD,TWDUSD=X,0.031580109149217606
2023-08-08,TWD,TWDUSD=X,0.031450990587472916
2023-08-09,TWD,TWDUSD=X,0.03153678774833679
2023-08-10,TWD,TWDUSD=X,0.031504496932029724
2023-08-13,TWD,TWDUSD=X,0.03135386109352112
2023-08-14,TWD,TWDUSD=X,0.031344033777713776
2023-08-15,TWD,TWDUSD=X,0.031382493674755096
2023-08-16,TWD,TWDUSD=X,0.031335387378931046
2023-08-17,TWD,TWDUSD=X,0.03135149925947189
2023-08-20,TWD,TWDUSD=X,0.031345997005701065
2023-08-21,TWD,TWDUSD=X,0.031332049518823624
2023-08-22,TWD,TWDUSD=X,0.03127247840166092
2023-08-23,TWD,TWDUSD=X,0.031391456723213196
2023-08-24,TWD,TWDUSD=X,0.03143260255455971
2023-08-27,TWD,TWDUSD=X,0.03143467754125595
2023-08-28,TWD,TWDUSD=X,0.0314287506043911
2023-08-29,TWD,TWDUSD=X,0.031479205936193466
2023-08-30,TWD,TWDUSD=X,0.03144772723317146
2023-08-31,TWD,TWDUSD=X,0.03143882751464844
2023-09-03,TWD,TWDUSD=X,0.031384363770484924
2023-09-04,TWD,TWDUSD=X,0.03138948604464531
2023-09-05,TWD,TWDUSD=X,0.03134354203939438
2023-09-06,TWD,TWDUSD=X,0.031314682215452194
2023-09-07,TWD,TWDUSD=X,0.031219366937875748
2023-09-10,TWD,TWDUSD=X,0.03116721287369728
2023-09-11,TWD,TWDUSD=X,0.03134157508611679
2023-09-12,TWD,TWDUSD=X,0.03128539025783539
2023-09-13,TWD,TWDUSD=X,0.031352974474430084
2023-09-14,TWD,TWDUSD=X,0.031378552317619324
2023-09-17,TWD,TWDUSD=X,0.03136959671974182
2023-09-18,TWD,TWDUSD=X,0.031349435448646545
2023-09-19,TWD,TWDUSD=X,0.03126954287290573
2023-09-20,TWD,TWDUSD=X,0.031241310760378838
2023-09-21,TWD,TWDUSD=X,0.031115813180804253
2023-09-24,TWD,TWDUSD=X,0.031122591346502304
2023-09-25,TWD,TWDUSD=X,0.031149933114647865
2023-09-26,TWD,TWDUSD=X,0.031065741553902626
2023-09-27,TWD,TWDUSD=X,0.031031036749482155
2023-09-28,TWD,TWDUSD=X,0.031190738081932068
2023-10-01,TWD,TWDUSD=X,0.031012561172246933
2023-10-02,TWD,TWDUSD=X,0.030953235924243927
2023-10-03,TWD,TWDUSD=X,0.030948542058467865
2023-10-04,TWD,TWDUSD=X,0.030968191102147102
2023-10-05,TWD,TWDUSD=X,0.031052332371473312
2023-10-08,TWD,TWDUSD=X,0.031135188415646553
2023-10-09,TWD,TWDUSD=X,0.031116493046283722
2023-10-10,TWD,TWDUSD=X,0.03123389557003975
2023-10-11,TWD,TWDUSD=X,0.031192293390631676
2023-10-12,TWD,TWDUSD=X,0.031085055321455002
2023-10-15,TWD,TWDUSD=X,0.031060820445418358
2023-10-16,TWD,TWDUSD=X,0.03106892667710781
2023-10-17,TWD,TWDUSD=X,0.030935807153582573
2023-10-18,TWD,TWDUSD=X,0.03086867369711399
2023-10-19,TWD,TWDUSD=X,0.030913524329662323
2023-10-22,TWD,TWDUSD=X,0.03092910908162594
2023-10-23,TWD,TWDUSD=X,0.03102121874690056
2023-10-24,TWD,TWDUSD=X,0.03105204552412033
2023-10-25,TWD,TWDUSD=X,0.030882976949214935
2023-10-26,TWD,TWDUSD=X,0.030903400853276253
2023-10-30,TWD,TWDUSD=X,0.030850864946842194
2023-10-31,TWD,TWDUSD=X,0.031010154634714127
2023-11-01,TWD,TWDUSD=X,0.03086143545806408
2023-11-02,TWD,TWDUSD=X,0.030886312946677208
2023-11-03,TWD,TWDUSD=X,0.031095493584871292
2023-11-06,TWD,TWDUSD=X,0.031162938103079796
2023-11-07,TWD,TWDUSD=X,0.031150706112384796
2023-11-08,TWD,TWDUSD=X,0.031171875074505806
2023-11-09,TWD,TWDUSD=X,0.031040476635098457
2023-11-10,TWD,TWDUSD=X,0.03100438602268696
2023-11-13,TWD,TWDUSD=X,0.030915915966033936
2023-11-14,TWD,TWDUSD=X,0.031013041734695435
2023-11-15,TWD,TWDUSD=X,0.03117498569190502
2023-11-16,TWD,TWDUSD=X,0.031241605058312416
2023-11-17,TWD,TWDUSD=X,0.03140999376773834
2023-11-20,TWD,TWDUSD=X,0.03151124715805054
2023-11-21,TWD,TWDUSD=X,0.03177831321954727
2023-11-22,TWD,TWDUSD=X,0.03187352418899536
2023-11-23,TWD,TWDUSD=X,0.031727902591228485
2023-11-24,TWD,TWDUSD=X,0.031631555408239365
2023-11-27,TWD,TWDUSD=X,0.03160955756902695
2023-11-28,TWD,TWDUSD=X,0.031720858067274094
2023-11-29,TWD,TWDUSD=X,0.031977489590644836
2023-11-30,TWD,TWDUSD=X,0.03218642249703407
2023-12-01,TWD,TWDUSD=X,0.03187352418899536
2023-12-04,TWD,TWDUSD=X,0.0320625863969326
2023-12-05,TWD,TWDUSD=X,0.03182321786880493
2023-12-06,TWD,TWDUSD=X,0.031729914247989655
2023-12-07,TWD,TWDUSD=X,0.03175701946020126
2023-12-08,TWD,TWDUSD=X,0.031819771975278854
2023-12-11,TWD,TWDUSD=X,0.031837500631809235
2023-12-12,TWD,TWDUSD=X,0.03192032873630524
2023-12-13,TWD,TWDUSD=X,0.0317731648683548
2023-12-14,TWD,TWDUSD=X,0.032095517963171005
2023-12-15,TWD,TWDUSD=X,0.03206741809844971
2023-12-18,TWD,TWDUSD=X,0.03190016746520996
2023-12-19,TWD,TWDUSD=X,0.03187251091003418
2023-12-20,TWD,TWDUSD=X,0.031979531049728394
2023-12-21,TWD,TWDUSD=X,0.03193867951631546
2023-12-22,TWD,TWDUSD=X,0.0320584736764431
2023-12-25,TWD,TWDUSD=X,0.032175030559301376
2023-12-26,TWD,TWDUSD=X,0.03213398531079292
2023-12-27,TWD,TWDUSD=X,0.03231748566031456
2023-12-28,TWD,TWDUSD=X,0.03241943195462227
2023-12-29,TWD,TWDUSD=X,0.03257541358470917
2024-01-01,TWD,TWDUSD=X,0.0325922928750515
2024-01-02,TWD,TWDUSD=X,0.032606638967990875
2024-01-03,TWD,TWDUSD=X,0.032384470105171204
2024-01-04,TWD,TWDUSD=X,0.03221452236175537
2024-01-05,TWD,TWDUSD=X,0.032201968133449554
2024-01-08,TWD,TWDUSD=X,0.03230809047818184
2024-01-09,TWD,TWDUSD=X,0.03255102410912514
2024-01-10,TWD,TWDUSD=X,0.03219461068511009
2024-01-11,TWD,TWDUSD=X,0.03213594853878021
2024-01-12,TWD,TWDUSD=X,0.032368745654821396
2024-01-15,TWD,TWDUSD=X,0.032179586589336395
2024-01-16,TWD,TWDUSD=X,0.03205642104148865
2024-01-17,TWD,TWDUSD=X,0.0317884162068367
2024-01-18,TWD,TWDUSD=X,0.03170325979590416
2024-01-19,TWD,TWDUSD=X,0.03166500851511955
2024-01-22,TWD,TWDUSD=X,0.03186357393860817
2024-01-23,TWD,TWDUSD=X,0.031879622489213943
2024-01-24,TWD,TWDUSD=X,0.031852204352617264
2024-01-25,TWD,TWDUSD=X,0.031957048922777176
2024-01-26,TWD,TWDUSD=X,0.03193357586860657
2024-01-29,TWD,TWDUSD=X,0.0319763645529747
2024-01-30,TWD,TWDUSD=X,0.032066699117422104
2024-01-31,TWD,TWDUSD=X,0.0320933535695076
2024-02-01,TWD,TWDUSD=X,0.03200512006878853
2024-02-02,TWD,TWDUSD=X,0.032016392797231674
2024-02-05,TWD,TWDUSD=X,0.03192256763577461
2024-02-06,TWD,TWDUSD=X,0.03190780058503151
2024-02-07,TWD,TWDUSD=X,0.03204922750592232
2024-02-08,TWD,TWDUSD=X,0.03188084065914154
2024-02-09,TWD,TWDUSD=X,0.03194551169872284
2024-02-12,TWD,TWDUSD=X,0.03187982738018036
2024-02-13,TWD,TWDUSD=X,0.03196072578430176
2024-02-14,TWD,TWDUSD=X,0.031777605414390564
2024-02-15,TWD,TWDUSD=X,0.03190291300415993
2024-02-16,TWD,TWDUSD=X,0.03198700025677681
2024-02-19,TWD,TWDUSD=X,0.031915027648210526
2024-02-20,TWD,TWDUSD=X,0.03184500336647034
2024-02-21,TWD,TWDUSD=X,0.031869664788246155
2024-02-22,TWD,TWDUSD=X,0.03182047978043556
2024-02-23,TWD,TWDUSD=X,0.03179245814681053
2024-02-26,TWD,TWDUSD=X,0.031643565744161606
2024-02-27,TWD,TWDUSD=X,0.03169702738523483
2024-02-28,TWD,TWDUSD=X,0.03166962042450905
2024-02-29,TWD,TWDUSD=X,0.031597673892974854
2024-03-01,TWD,TWDUSD=X,0.03163065388798714
2024-03-04,TWD,TWDUSD=X,0.03168638050556183
2024-03-05,TWD,TWDUSD=X,0.03173666074872017
2024-03-06,TWD,TWDUSD=X,0.03170526772737503
2024-03-07,TWD,TWDUSD=X,0.0317823551595211
2024-03-08,TWD,TWDUSD=X,0.031811878085136414
2024-03-11,TWD,TWDUSD=X,0.03179347142577171
2024-03-12,TWD,TWDUSD=X,0.03188551962375641
2024-03-13,TWD,TWDUSD=X,0.031848352402448654
2024-03-14,TWD,TWDUSD=X,0.03184043988585472
2024-03-15,TWD,TWDUSD=X,0.03171985223889351
2024-03-18,TWD,TWDUSD=X,0.03164186328649521
2024-03-19,TWD,TWDUSD=X,0.03160456195473671
2024-03-20,TWD,TWDUSD=X,0.031515516340732574
2024-03-21,TWD,TWDUSD=X,0.0314839668571949
2024-03-22,TWD,TWDUSD=X,0.03136467933654785
2024-03-25,TWD,TWDUSD=X,0.03131360560655594
2024-03-26,TWD,TWDUSD=X,0.03151194378733635
2024-03-27,TWD,TWDUSD=X,0.03136241436004639
2024-03-28,TWD,TWDUSD=X,0.03127012774348259
2024-03-29,TWD,TWDUSD=X,0.031232332810759544
2024-03-31,TWD,TWDUSD=X,0.031314585357904434
2024-04-01,TWD,TWDUSD=X,0.031235359609127045
2024-04-02,TWD,TWDUSD=X,0.031211959198117256
2024-04-03,TWD,TWDUSD=X,0.03128059580922127
2024-04-04,TWD,TWDUSD=X,0.031203195452690125
2024-04-07,TWD,TWDUSD=X,0.03114178404211998
2024-04-08,TWD,TWDUSD=X,0.031179068610072136
2024-04-09,TWD,TWDUSD=X,0.03128304332494736
2024-04-10,TWD,TWDUSD=X,0.031072307378053665
2024-04-11,TWD,TWDUSD=X,0.031032290309667587
2024-04-14,TWD,TWDUSD=X,0.031003905460238457
2024-04-15,TWD,TWDUSD=X,0.030874868854880333
2024-04-16,TWD,TWDUSD=X,0.030771220102906227
2024-04-17,TWD,TWDUSD=X,0.030923370271921158
2024-04-18,TWD,TWDUSD=X,0.03084905818104744
2024-04-21,TWD,TWDUSD=X,0.030765442177653313
2024-04-22,TWD,TWDUSD=X,0.03069085069000721
2024-04-23,TWD,TWDUSD=X,0.030765915289521217
2024-04-24,TWD,TWDUSD=X,0.030649179592728615
2024-04-25,TWD,TWDUSD=X,0.030739910900592804
2024-04-28,TWD,TWDUSD=X,0.030713476240634918
2024-04-29,TWD,TWDUSD=X,0.030831845477223396
2024-04-30,TWD,TWDUSD=X,0.030661867931485176
2024-05-01,TWD,TWDUSD=X,0.03079196810722351
2024-05-02,TWD,TWDUSD=X,0.030915722250938416
2024-05-05,TWD,TWDUSD=X,0.03098190762102604
2024-05-06,TWD,TWDUSD=X,0.030995257198810577
2024-05-07,TWD,TWDUSD=X,0.030898720026016235
2024-05-08,TWD,TWDUSD=X,0.030928153544664383
2024-05-09,TWD,TWDUSD=X,0.030922608450055122
2024-05-12,TWD,TWDUSD=X,0.03084135241806507
2024-05-13,TWD,TWDUSD=X,0.03089137189090252
2024-05-14,TWD,TWDUSD=X,0.030946625396609306
2024-05-15,TWD,TWDUSD=X,0.031219463795423508
2024-05-16,TWD,TWDUSD=X,0.031129568815231323
2024-05-19,TWD,TWDUSD=X,0.03109065815806389
2024-05-20,TWD,TWDUSD=X,0.0310503076761961
2024-05-21,TWD,TWDUSD=X,0.03102237544953823
2024-05-22,TWD,TWDUSD=X,0.03103286772966385
2024-05-23,TWD,TWDUSD=X,0.031035853549838066
2024-05-26,TWD,TWDUSD=X,0.031066514551639557
2024-05-27,TWD,TWDUSD=X,0.031181789934635162
2024-05-28,TWD,TWDUSD=X,0.0310811884701252
2024-05-29,TWD,TWDUSD=X,0.030886124819517136
2024-05-30,TWD,TWDUSD=X,0.030905786901712418
2024-06-02,TWD,TWDUSD=X,0.030802402645349503
2024-06-03,TWD,TWDUSD=X,0.030946051701903343
2024-06-04,TWD,TWDUSD=X,0.030932171270251274
2024-06-05,TWD,TWDUSD=X,0.031005829572677612
2024-06-06,TWD,TWDUSD=X,0.031047318130731583
2024-06-09,TWD,TWDUSD=X,0.030859436839818954
2024-06-10,TWD,TWDUSD=X,0.030927198007702827
2024-06-11,TWD,TWDUSD=X,0.030944615602493286
2024-06-12,TWD,TWDUSD=X,0.031054936349391937
2024-06-13,TWD,TWDUSD=X,0.03096071071922779
2024-06-16,TWD,TWDUSD=X,0.0309128575026989
2024-06-17,TWD,TWDUSD=X,0.03095879592001438
2024-06-18,TWD,TWDUSD=X,0.030914289876818657
2024-06-19,TWD,TWDUSD=X,0.030882500112056732
2024-06-20,TWD,TWDUSD=X,0.03092050366103649
2024-06-23,TWD,TWDUSD=X,0.03089948557317257
2024-06-24,TWD,TWDUSD=X,0.03093915991485119
2024-06-25,TWD,TWDUSD=X,0.03079434111714363
2024-06-26,TWD,TWDUSD=X,0.030691511929035187
2024-06-27,TWD,TWDUSD=X,0.030748417600989342
2024-06-30,TWD,TWDUSD=X,0.030765442177653313
2024-07-01,TWD,TWDUSD=X,0.030748698860406876
2024-07-02,TWD,TWDUSD=X,0.03070046193897724
2024-07-03,TWD,TWDUSD=X,0.030654631555080414
2024-07-04,TWD,TWDUSD=X,0.030762983486056328
2024-07-07,TWD,TWDUSD=X,0.030870866030454636
2024-07-08,TWD,TWDUSD=X,0.030796710401773453
2024-07-09,TWD,TWDUSD=X,0.03076213225722313
2024-07-10,TWD,TWDUSD=X,0.030687179416418076
2024-07-11,TWD,TWDUSD=X,0.030876778066158295
2024-07-14,TWD,TWDUSD=X,0.030723853036761284
2024-07-15,TWD,TWDUSD=X,0.03069932945072651
2024-07-16,TWD,TWDUSD=X,0.030709417536854744
2024-07-17,TWD,TWDUSD=X,0.03077794425189495
2024-07-18,TWD,TWDUSD=X,0.03063819371163845
2024-07-21,TWD,TWDUSD=X,0.030505476519465446
2024-07-22,TWD,TWDUSD=X,0.030479907989501953
2024-07-23,TWD,TWDUSD=X,0.030533138662576675
2024-07-24,TWD,TWDUSD=X,0.03056720271706581
2024-07-25,TWD,TWDUSD=X,0.0306344386190176
2024-07-28,TWD,TWDUSD=X,0.030489664524793625
2024-07-29,TWD,TWDUSD=X,0.030442047864198685
2024-07-30,TWD,TWDUSD=X,0.030523631721735
2024-07-31,TWD,TWDUSD=X,0.030700933188199997
2024-08-01,TWD,TWDUSD=X,0.030565617606043816
2024-08-04,TWD,TWDUSD=X,0.030685292556881905
2024-08-05,TWD,TWDUSD=X,0.030600691214203835
2024-08-06,TWD,TWDUSD=X,0.030508268624544144
2024-08-07,TWD,TWDUSD=X,0.030627869069576263
2024-08-08,TWD,TWDUSD=X,0.0308544859290123
2024-08-11,TWD,TWDUSD=X,0.03083089180290699
2024-08-12,TWD,TWDUSD=X,0.0310183335095644
2024-08-13,TWD,TWDUSD=X,0.030954960733652115
2024-08-14,TWD,TWDUSD=X,0.031254883855581284
2024-08-15,TWD,TWDUSD=X,0.030823763459920883
2024-08-18,TWD,TWDUSD=X,0.031118232756853104
2024-08-19,TWD,TWDUSD=X,0.03133764863014221
2024-08-20,TWD,TWDUSD=X,0.031352877616882324
2024-08-21,TWD,TWDUSD=X,0.03155071660876274
2024-08-22,TWD,TWDUSD=X,0.031215857714414597
2024-08-25,TWD,TWDUSD=X,0.03149159997701645
2024-08-26,TWD,TWDUSD=X,0.03143764287233353
2024-08-27,TWD,TWDUSD=X,0.03155071660876274
2024-08-28,TWD,TWDUSD=X,0.03126661106944084
2024-08-29,TWD,TWDUSD=X,0.03138928860425949
2024-09-01,TWD,TWDUSD=X,0.03125390782952309
2024-09-02,TWD,TWDUSD=X,0.03131752833724022
2024-09-03,TWD,TWDUSD=X,0.031268563121557236
2024-09-04,TWD,TWDUSD=X,0.03129400685429573
2024-09-05,TWD,TWDUSD=X,0.03124316595494747
2024-09-08,TWD,TWDUSD=X,0.031224725767970085
2024-09-09,TWD,TWDUSD=X,0.0311448834836483
2024-09-10,TWD,TWDUSD=X,0.031096460297703743
2024-09-11,TWD,TWDUSD=X,0.031145857647061348
2024-09-12,TWD,TWDUSD=X,0.03132537752389908
2024-09-15,TWD,TWDUSD=X,0.03131066635251045
2024-09-16,TWD,TWDUSD=X,0.031384363770484924
2024-09-17,TWD,TWDUSD=X,0.03130919486284256
2024-09-18,TWD,TWDUSD=X,0.03146732226014137
2024-09-19,TWD,TWDUSD=X,0.031478218734264374
2024-09-22,TWD,TWDUSD=X,0.031260743737220764
2024-09-23,TWD,TWDUSD=X,0.03131556510925293
2024-09-24,TWD,TWDUSD=X,0.031545739620923996
2024-09-25,TWD,TWDUSD=X,0.031384363770484924
2024-09-26,TWD,TWDUSD=X,0.031786397099494934
2024-09-29,TWD,TWDUSD=X,0.03167062625288963
2024-09-30,TWD,TWDUSD=X,0.0316656120121479
2024-10-01,TWD,TWDUSD=X,0.03148416429758072
2024-10-02,TWD,TWDUSD=X,0.03143467754125595
2024-10-03,TWD,TWDUSD=X,0.031232429668307304
2024-10-06,TWD,TWDUSD=X,0.030921459197998047
2024-10-07,TWD,TWDUSD=X,0.031131505966186523
2024-10-08,TWD,TWDUSD=X,0.03108486346900463
2024-10-09,TWD,TWDUSD=X,0.03102939948439598
2024-10-10,TWD,TWDUSD=X,0.031060241162776947
2024-10-13,TWD,TWDUSD=X,0.031123559921979904
2024-10-14,TWD,TWDUSD=X,0.031102264299988747
2024-10-15,TWD,TWDUSD=X,0.03108389489352703
2024-10-16,TWD,TWDUSD=X,0.031118718907237053
2024-10-17,TWD,TWDUSD=X,0.03118373453617096
2024-10-20,TWD,TWDUSD=X,0.031209038570523262
2024-10-21,TWD,TWDUSD=X,0.03120027668774128
2024-10-22,TWD,TWDUSD=X,0.031236333772540092
2024-10-23,TWD,TWDUSD=X,0.031246092170476913
2024-10-24,TWD,TWDUSD=X,0.031265828758478165
2024-10-28,TWD,TWDUSD=X,0.031187819316983223
2024-10-29,TWD,TWDUSD=X,0.031236527487635612
2024-10-30,TWD,TWDUSD=X,0.03124707192182541
2024-10-31,TWD,TWDUSD=X,0.03138190135359764
2024-11-01,TWD,TWDUSD=X,0.03138456121087074
2024-11-04,TWD,TWDUSD=X,0.0313255712389946
2024-11-05,TWD,TWDUSD=X,0.03133617341518402
2024-11-06,TWD,TWDUSD=X,0.03142450377345085
2024-11-07,TWD,TWDUSD=X,0.030926624312996864
2024-11-08,TWD,TWDUSD=X,0.031216831877827644
2024-11-11,TWD,TWDUSD=X,0.03102217987179756
2024-11-12,TWD,TWDUSD=X,0.03088822029531002
2024-11-13,TWD,TWDUSD=X,0.030850106850266457
2024-11-14,TWD,TWDUSD=X,0.030856577679514885
2024-11-15,TWD,TWDUSD=X,0.030734051018953323
2024-11-18,TWD,TWDUSD=X,0.03080543875694275
2024-11-19,TWD,TWDUSD=X,0.030823955312371254
2024-11-20,TWD,TWDUSD=X,0.03093532845377922
2024-11-21,TWD,TWDUSD=X,0.0307962354272604
2024-11-22,TWD,TWDUSD=X,0.03076421469449997
2024-11-25,TWD,TWDUSD=X,0.030704515054821968
2024-11-26,TWD,TWDUSD=X,0.03092910908162594
2024-11-27,TWD,TWDUSD=X,0.030859436839818954
2024-11-28,TWD,TWDUSD=X,0.030850106850266457
2024-11-29,TWD,TWDUSD=X,0.03077462688088417
2024-12-02,TWD,TWDUSD=X,0.03082709200680256
2024-12-03,TWD,TWDUSD=X,0.030682846903800964
2024-12-04,TWD,TWDUSD=X,0.03080335073173046
2024-12-05,TWD,TWDUSD=X,0.03094729781150818
2024-12-06,TWD,TWDUSD=X,0.030937913805246353
2024-12-09,TWD,TWDUSD=X,0.030875632539391518
2024-12-10,TWD,TWDUSD=X,0.030892038717865944
2024-12-11,TWD,TWDUSD=X,0.030746715143322945
2024-12-12,TWD,TWDUSD=X,0.030782679095864296
2024-12-13,TWD,TWDUSD=X,0.030801454558968544
2024-12-16,TWD,TWDUSD=X,0.030770841985940933
2024-12-17,TWD,TWDUSD=X,0.030848011374473572
2024-12-18,TWD,TWDUSD=X,0.030835837125778198
2024-12-19,TWD,TWDUSD=X,0.03060162626206875
2024-12-20,TWD,TWDUSD=X,0.030646642670035362
2024-12-23,TWD,TWDUSD=X,0.03065979853272438
2024-12-24,TWD,TWDUSD=X,0.030667319893836975
2024-12-25,TWD,TWDUSD=X,0.030661679804325104
2024-12-26,TWD,TWDUSD=X,0.030573653057217598
2024-12-27,TWD,TWDUSD=X,0.030560946092009544
2024-12-30,TWD,TWDUSD=X,0.030479907989501953
2024-12-31,TWD,TWDUSD=X,0.030525032430887222
2025-01-01,TWD,TWDUSD=X,
2025-01-02,TWD,TWDUSD=X,0.030486876145005226
2025-01-03,TWD,TWDUSD=X,0.030423061922192574
2025-01-06,TWD,TWDUSD=X,0.030383776873350143
2025-01-07,TWD,TWDUSD=X,0.030547594651579857
2025-01-08,TWD,TWDUSD=X,0.03055814653635025
2025-01-09,TWD,TWDUSD=X,0.03037639521062374
2025-01-10,TWD,TWDUSD=X,0.03045901656150818
2025-01-13,TWD,TWDUSD=X,0.030214859172701836
2025-01-14,TWD,TWDUSD=X,0.03025306575000286
2025-01-15,TWD,TWDUSD=X,0.03034680336713791
2025-01-16,TWD,TWDUSD=X,0.030491521582007408
2025-01-17,TWD,TWDUSD=X,0.030447889119386673
2025-01-20,TWD,TWDUSD=X,0.030385900288820267
2025-01-21,TWD,TWDUSD=X,0.030944421887397766
2025-01-22,TWD,TWDUSD=X,0.030689910054206848
2025-01-23,TWD,TWDUSD=X,0.030692733824253082
2025-01-24,TWD,TWDUSD=X,0.030636878684163094
2025-01-27,TWD,TWDUSD=X,0.030549930408596992
2025-01-28,TWD,TWDUSD=X,0.030389318242669106
2025-01-29,TWD,TWDUSD=X,0.030427413061261177
2025-01-30,TWD,TWDUSD=X,0.030568886548280716
2025-01-31,TWD,TWDUSD=X,0.03035961091518402
2025-02-03,TWD,TWDUSD=X,0.03046180121600628
2025-02-04,TWD,TWDUSD=X,0.0303149726241827
2025-02-05,TWD,TWDUSD=X,0.030402896925807
2025-02-06,TWD,TWDUSD=X,0.030467554926872253
2025-02-07,TWD,TWDUSD=X,0.030491521582007408
2025-02-10,TWD,TWDUSD=X,0.03046189434826374
2025-02-11,TWD,TWDUSD=X,0.03042713738977909
2025-02-12,TWD,TWDUSD=X,0.030484739691019058
2025-02-13,TWD,TWDUSD=X,0.03043602593243122
2025-02-14,TWD,TWDUSD=X,0.030660457909107208
2025-02-17,TWD,TWDUSD=X,0.030613336712121964
2025-02-18,TWD,TWDUSD=X,0.030574869364500046
2025-02-19,TWD,TWDUSD=X,0.030561134219169617
2025-02-20,TWD,TWDUSD=X,0.030537893995642662
2025-02-21,TWD,TWDUSD=X,0.03058730810880661
2025-02-24,TWD,TWDUSD=X,0.030512923374772072
2025-02-25,TWD,TWDUSD=X,0.030581321567296982
2025-02-26,TWD,TWDUSD=X,0.03050798736512661
2025-02-27,TWD,TWDUSD=X,0.03053406998515129
2025-02-28,TWD,TWDUSD=X,0.0303935669362545
2025-03-03,TWD,TWDUSD=X,0.03039051964879036
2025-03-04,TWD,TWDUSD=X,0.030405394732952118
2025-03-05,TWD,TWDUSD=X,0.030492639169096947
2025-03-06,TWD,TWDUSD=X,0.030486781150102615
2025-03-07,TWD,TWDUSD=X,0.030434083193540573
2025-03-10,TWD,TWDUSD=X,0.030462728813290596
2025-03-11,TWD,TWDUSD=X,0.030426025390625
2025-03-12,TWD,TWDUSD=X,0.03042398765683174
2025-03-13,TWD,TWDUSD=X,0.030389318242669106
2025-03-14,TWD,TWDUSD=X,0.03033207729458809
2025-03-17,TWD,TWDUSD=X,0.030371136963367462
2025-03-18,TWD,TWDUSD=X,0.03034311905503273
2025-03-19,TWD,TWDUSD=X,0.03032214380800724
2025-03-20,TWD,TWDUSD=X,0.030300000682473183
2025-03-21,TWD,TWDUSD=X,0.030314696952700615
2025-03-24,TWD,TWDUSD=X,0.030326005071401596
2025-03-25,TWD,TWDUSD=X,0.030292658135294914
2025-03-26,TWD,TWDUSD=X,0.030261490494012833
2025-03-27,TWD,TWDUSD=X,0.030221980065107346
2025-03-28,TWD,TWDUSD=X,0.030201077461242676
2025-03-30,TWD,TWDUSD=X,0.03013337217271328
2025-03-31,TWD,TWDUSD=X,0.03008504956960678
2025-04-01,TWD,TWDUSD=X,0.030117308720946312
2025-04-02,TWD,TWDUSD=X,0.03006388433277607
2025-04-03,TWD,TWDUSD=X,0.030274497345089912
2025-04-06,TWD,TWDUSD=X,0.03015454299747944
2025-04-07,TWD,TWDUSD=X,0.030321316793560982
2025-04-08,TWD,TWDUSD=X,0.030229106545448303
2025-04-09,TWD,TWDUSD=X,0.030686046928167343
2025-04-10,TWD,TWDUSD=X,0.030500544235110283
2025-04-13,TWD,TWDUSD=X,0.030900439247488976
2025-04-14,TWD,TWDUSD=X,0.030905405059456825
2025-04-15,TWD,TWDUSD=X,0.030765442177653313
2025-04-16,TWD,TWDUSD=X,0.030884405598044395
2025-04-17,TWD,TWDUSD=X,
2025-04-20,TWD,TWDUSD=X,
2025-04-21,TWD,TWDUSD=X,0.030825568363070488
2025-04-22,TWD,TWDUSD=X,0.030699707567691803
2025-04-23,TWD,TWDUSD=X,0.030738210305571556
2025-04-24,TWD,TWDUSD=X,0.030830321833491325
2025-04-27,TWD,TWDUSD=X,0.03075125254690647
2025-04-28,TWD,TWDUSD=X,0.030839545652270317
2025-04-29,TWD,TWDUSD=X,0.03093896619975567
2025-04-30,TWD,TWDUSD=X,0.03121878020465374
2025-05-01,TWD,TWDUSD=X,0.03114139474928379
2025-05-04,TWD,TWDUSD=X,0.03256872668862343
2025-05-05,TWD,TWDUSD=X,0.03429355472326279
2025-05-06,TWD,TWDUSD=X,0.033358242362737656
2025-05-07,TWD,TWDUSD=X,0.03290480375289917
2025-05-08,TWD,TWDUSD=X,0.03303709998726845
2025-05-11,TWD,TWDUSD=X,0.033061783760786057
2025-05-12,TWD,TWDUSD=X,0.032902203500270844
2025-05-13,TWD,TWDUSD=X,0.032867707312107086
2025-05-14,TWD,TWDUSD=X,0.032960113137960434
2025-05-15,TWD,TWDUSD=X,0.03314880654215813
2025-05-18,TWD,TWDUSD=X,0.03310973197221756
2025-05-19,TWD,TWDUSD=X,0.0331721156835556
2025-05-20,TWD,TWDUSD=X,0.03317156806588173
2025-05-21,TWD,TWDUSD=X,0.03330879658460617
2025-05-22,TWD,TWDUSD=X,0.03328130394220352
2025-05-25,TWD,TWDUSD=X,0.03336502984166145
2025-05-26,TWD,TWDUSD=X,0.033428046852350235
2025-05-27,TWD,TWDUSD=X,0.03337249159812927
2025-05-28,TWD,TWDUSD=X,0.033388979732990265
2025-05-29,TWD,TWDUSD=X,0.03350072726607323
2025-06-01,TWD,TWDUSD=X,0.033477284014225006
2025-06-02,TWD,TWDUSD=X,0.03334745019674301
2025-06-03,TWD,TWDUSD=X,0.03337126597762108
2025-06-04,TWD,TWDUSD=X,0.03339790180325508
2025-06-05,TWD,TWDUSD=X,0.0333942249417305
2025-06-08,TWD,TWDUSD=X,0.03342502936720848
2025-06-09,TWD,TWDUSD=X,0.03342938795685768
2025-06-10,TWD,TWDUSD=X,0.033457234501838684
2025-06-11,TWD,TWDUSD=X,0.03354860097169876
2025-06-12,TWD,TWDUSD=X,0.03386937454342842
2025-06-15,TWD,TWDUSD=X,0.03389256075024605
2025-06-16,TWD,TWDUSD=X,0.03447681665420532
2025-06-17,TWD,TWDUSD=X,0.03373011201620102
2025-06-18,TWD,TWDUSD=X,0.03385045379400253
2025-06-19,TWD,TWDUSD=X,0.03381657227873802
2025-06-22,TWD,TWDUSD=X,0.033860426396131516
2025-06-23,TWD,TWDUSD=X,0.0336996465921402
2025-06-24,TWD,TWDUSD=X,0.03394652158021927
2025-06-25,TWD,TWDUSD=X,0.034080956131219864
2025-06-26,TWD,TWDUSD=X,0.03469932824373245
2025-06-29,TWD,TWDUSD=X,0.034370169043540955
2025-06-30,TWD,TWDUSD=X,0.03423883765935898
2025-07-01,TWD,TWDUSD=X,0.034216225147247314
2025-07-02,TWD,TWDUSD=X,0.03452073037624359
2025-07-03,TWD,TWDUSD=X,0.034581612795591354
2025-07-06,TWD,TWDUSD=X,0.034600879997015
2025-07-07,TWD,TWDUSD=X,0.03440173715353012
2025-07-08,TWD,TWDUSD=X,0.034355878829956055
2025-07-09,TWD,TWDUSD=X,0.034240007400512695
2025-07-10,TWD,TWDUSD=X,0.034196216613054276
2025-07-13,TWD,TWDUSD=X,0.034231334924697876
2025-07-14,TWD,TWDUSD=X,0.03407607972621918
2025-07-15,TWD,TWDUSD=X,0.034027379006147385
2025-07-16,TWD,TWDUSD=X,0.03401244804263115
2025-07-17,TWD,TWDUSD=X,0.0340099036693573
2025-07-20,TWD,TWDUSD=X,0.034039076417684555
2025-07-21,TWD,TWDUSD=X,0.03409060090780258
2025-07-22,TWD,TWDUSD=X,0.034014761447906494
2025-07-23,TWD,TWDUSD=X,0.034206513315439224
2025-07-24,TWD,TWDUSD=X,0.03402401879429817
2025-07-27,TWD,TWDUSD=X,0.03393051028251648
2025-07-28,TWD,TWDUSD=X,0.03371885418891907
2025-07-29,TWD,TWDUSD=X,0.03368194028735161
2025-07-30,TWD,TWDUSD=X,0.03352554887533188
2025-07-31,TWD,TWDUSD=X,0.03343810513615608
2025-08-03,TWD,TWDUSD=X,0.033540163189172745
2025-08-04,TWD,TWDUSD=X,0.033462610095739365
2025-08-05,TWD,TWDUSD=X,0.03340303525328636
2025-08-06,TWD,TWDUSD=X,0.0334283821284771
2025-08-07,TWD,TWDUSD=X,0.03354792669415474
2025-08-10,TWD,TWDUSD=X,0.033499713987112045
2025-08-11,TWD,TWDUSD=X,0.033391211181879044
2025-08-12,TWD,TWDUSD=X,0.03346933051943779
2025-08-13,TWD,TWDUSD=X,0.03340046852827072
2025-08-14,TWD,TWDUSD=X,0.033245787024497986
2025-08-17,TWD,TWDUSD=X,0.03334556147456169
2025-08-18,TWD,TWDUSD=X,0.033305466175079346
2025-08-19,TWD,TWDUSD=X,0.03321453556418419
2025-08-20,TWD,TWDUSD=X,0.03302498906850815
2025-08-21,TWD,TWDUSD=X,0.03276969492435455
2025-08-24,TWD,TWDUSD=X,0.0329301580786705
2025-08-25,TWD,TWDUSD=X,0.032847195863723755
2025-08-26,TWD,TWDUSD=X,0.03273686766624451
2025-08-27,TWD,TWDUSD=X,0.03270645812153816
2025-08-28,TWD,TWDUSD=X,0.03279462829232216
2025-08-31,TWD,TWDUSD=X,0.032721977680921555
2025-09-01,TWD,TWDUSD=X,0.03265274316072464
2025-09-02,TWD,TWDUSD=X,0.03252667188644409
2025-09-03,TWD,TWDUSD=X,0.032549962401390076
2025-09-04,TWD,TWDUSD=X,0.032579656690359116
2025-09-07,TWD,TWDUSD=X,0.03280947357416153
2025-09-08,TWD,TWDUSD=X,0.032969459891319275
2025-09-09,TWD,TWDUSD=X,0.03294719010591507
2025-09-10,TWD,TWDUSD=X,0.03307228535413742
2025-09-11,TWD,TWDUSD=X,0.033014196902513504
2025-09-14,TWD,TWDUSD=X,0.03301975503563881
2025-09-15,TWD,TWDUSD=X,0.03311905264854431
2025-09-16,TWD,TWDUSD=X,0.03328097239136696
2025-09-17,TWD,TWDUSD=X,0.03323761001229286
2025-09-18,TWD,TWDUSD=X,0.03321100398898125
2025-09-21,TWD,TWDUSD=X,0.03309505060315132
2025-09-22,TWD,TWDUSD=X,0.03309318795800209
2025-09-23,TWD,TWDUSD=X,0.0330316424369812
2025-09-24,TWD,TWDUSD=X,0.03293363004922867
2025-09-25,TWD,TWDUSD=X,0.0327209047973156
2025-09-28,TWD,TWDUSD=X,0.032847195863723755
2025-09-29,TWD,TWDUSD=X,0.03283188119530678
2025-09-30,TWD,TWDUSD=X,0.03284924477338791
2025-10-01,TWD,TWDUSD=X,0.03284395858645439
2025-10-02,TWD,TWDUSD=X,0.03282584622502327
2025-10-05,TWD,TWDUSD=X,0.032873108983039856
2025-10-06,TWD,TWDUSD=X,0.032775603234767914
2025-10-07,TWD,TWDUSD=X,0.032747481018304825
2025-10-08,TWD,TWDUSD=X,0.03276003152132034
2025-10-09,TWD,TWDUSD=X,0.032697584480047226
2025-10-12,TWD,TWDUSD=X,0.032610468566417694
2025-10-13,TWD,TWDUSD=X,0.0325828418135643
2025-10-14,TWD,TWDUSD=X,0.03259038180112839
2025-10-15,TWD,TWDUSD=X,0.032669275999069214
2025-10-16,TWD,TWDUSD=X,0.03266703337430954
2025-10-19,TWD,TWDUSD=X,0.03265636786818504
2025-10-20,TWD,TWDUSD=X,0.0326826237142086
2025-10-21,TWD,TWDUSD=X,0.03259739279747009
2025-10-22,TWD,TWDUSD=X,0.03252550959587097
2025-10-23,TWD,TWDUSD=X,0.03249390795826912
2025-10-27,TWD,TWDUSD=X,0.03243246674537659
2025-10-28,TWD,TWDUSD=X,0.03267856314778328
2025-10-29,TWD,TWDUSD=X,0.03274061903357506
2025-10-30,TWD,TWDUSD=X,0.03261025622487068
2025-10-31,TWD,TWDUSD=X,0.03254074975848198
2025-11-03,TWD,TWDUSD=X,0.03248672932386398
2025-11-04,TWD,TWDUSD=X,0.03235921263694763
2025-11-05,TWD,TWDUSD=X,0.0323425717651844
2025-11-06,TWD,TWDUSD=X,0.03236989676952362
2025-11-07,TWD,TWDUSD=X,0.03228013962507248
2025-11-10,TWD,TWDUSD=X,0.032292649149894714
2025-11-11,TWD,TWDUSD=X,0.032292649149894714
2025-11-12,TWD,TWDUSD=X,0.03229525685310364
2025-11-13,TWD,TWDUSD=X,0.032191500067710876
2025-11-14,TWD,TWDUSD=X,0.03212861716747284
2025-11-17,TWD,TWDUSD=X,0.0327284038066864
2025-11-18,TWD,TWDUSD=X,0.03207698464393616
2025-11-19,TWD,TWDUSD=X,0.032151032239198685
2025-11-20,TWD,TWDUSD=X,0.032068755477666855
2025-11-21,TWD,TWDUSD=X,0.03189579024910927
2025-11-24,TWD,TWDUSD=X,0.031909529119729996
2025-11-25,TWD,TWDUSD=X,0.03182068467140198
2025-11-26,TWD,TWDUSD=X,0.03185920789837837
2025-11-27,TWD,TWDUSD=X,0.03200112655758858
2025-11-28,TWD,TWDUSD=X,0.03193388506770134
2025-12-01,TWD,TWDUSD=X,0.031870581209659576
2025-12-02,TWD,TWDUSD=X,0.03185119107365608
2025-12-03,TWD,TWDUSD=X,0.031845103949308395
2025-12-04,TWD,TWDUSD=X,0.03193388506770134
2025-12-05,TWD,TWDUSD=X,0.031882673501968384
2025-12-08,TWD,TWDUSD=X,0.03197544440627098
2025-12-09,TWD,TWDUSD=X,0.03208758682012558
2025-12-10,TWD,TWDUSD=X,0.032101698219776154
2025-12-11,TWD,TWDUSD=X,0.032178137451410294
2025-12-12,TWD,TWDUSD=X,0.03207173943519592
2025-12-15,TWD,TWDUSD=X,0.03192837908864021
2025-12-16,TWD,TWDUSD=X,0.03191961348056793
2025-12-17,TWD,TWDUSD=X,0.03177730366587639
2025-12-18,TWD,TWDUSD=X,0.03161345794796944
2025-12-19,TWD,TWDUSD=X,0.031731829047203064
2025-12-22,TWD,TWDUSD=X,0.03174209967255592
2025-12-23,TWD,TWDUSD=X,0.031713612377643585
2025-12-24,TWD,TWDUSD=X,0.03175661712884903
2025-12-25,TWD,TWDUSD=X,
2025-12-26,TWD,TWDUSD=X,0.031675439327955246
2025-12-29,TWD,TWDUSD=X,0.031867433339357376
2025-12-30,TWD,TWDUSD=X,0.031930722296237946
2025-12-31,TWD,TWDUSD=X,0.032006554305553436
2026-01-01,TWD,TWDUSD=X,
2026-01-02,TWD,TWDUSD=X,0.03194531053304672
2026-01-05,TWD,TWDUSD=X,0.03188907727599144
2026-01-06,TWD,TWDUSD=X,0.03177165240049362
2026-01-07,TWD,TWDUSD=X,0.03175399452447891
2026-01-08,TWD,TWDUSD=X,0.031797412782907486
2026-01-09,TWD,TWDUSD=X,0.031700946390628815
2026-01-12,TWD,TWDUSD=X,0.03165227919816971
2026-01-13,TWD,TWDUSD=X,0.03167574107646942
2026-01-14,TWD,TWDUSD=X,0.03162865340709686
2026-01-15,TWD,TWDUSD=X,0.03173525258898735
2026-01-16,TWD,TWDUSD=X,0.03168146312236786
2026-01-19,TWD,TWDUSD=X,0.031637560576200485
2026-01-20,TWD,TWDUSD=X,0.03169672563672066
2026-01-21,TWD,TWDUSD=X,0.03156336396932602
2026-01-22,TWD,TWDUSD=X,0.031605564057826996
2026-01-23,TWD,TWDUSD=X,0.03166159987449646
2026-01-26,TWD,TWDUSD=X,0.03187677636742592
2026-01-27,TWD,TWDUSD=X,0.031806111335754395
2026-01-28,TWD,TWDUSD=X,0.032143693417310715
2026-01-29,TWD,TWDUSD=X,0.031979940831661224
2026-01-30,TWD,TWDUSD=X,0.031886026263237
2026-02-02,TWD,TWDUSD=X,0.031662601977586746
