"tier_group","n","CAR1","CAR5","CAR20"
"Tier_1",7,0.0176638655714286,0.022130806,0.0402992717142857
"Tier_23",12,-0.0139643998333333,-0.0185533015833333,-0.0258897624166667
