market_bucket,window,n,mean,median,sd,t,p,positive_share
non_us_exchange_code,car_1,1237,-0.001000259810913501,-0.002266102,0.03421196262481492,-1.0282996327449192,0.3040100903828794,0.45270816491511723
non_us_exchange_code,car_3,1251,-0.001849859162701839,-0.003463698,0.044839214932840446,-1.4591815163666153,0.14476639309318629,0.4460431654676259
non_us_exchange_code,car_5,1255,-0.002097654577051793,-0.004143221,0.05406583274649725,-1.37446264254144,0.16954367068029108,0.45657370517928286
us_or_adr_like,car_1,3793,0.002912561011283944,0.001647863,0.0652277802213706,2.750007344479487,0.005987657330203176,0.5257052465067229
us_or_adr_like,car_3,3794,0.0006129037509330523,-3.63382e-06,0.07885352247269528,0.47876218898925876,0.6321354149837211,0.5
us_or_adr_like,car_5,3794,-0.0002860263019425414,-0.002687808,0.10113322137495474,-0.17420507121805107,0.8617135971019474,0.477859778597786
