event_id,official_date,event_trading_date,ticker,company,is_main_ndxt,is_sox_robustness,price_first_date,price_last_date,has_required_boundary_dates,missing_required_boundary_dates,can_estimate_full_200_day_window,can_compute_event_window_20,car_ready_max_window
AIT-2022-04-002,2022-04-06,2022-04-06,ADBE,Adobe Inc.,True,False,2021-01-04,2026-04-30,True,,True,True,True
AIT-2022-04-002,2022-04-06,2022-04-06,AMD,Advanced Micro Devices,True,True,2021-01-04,2026-04-30,True,,True,True,True
AIT-2022-04-002,2022-04-06,2022-04-06,GOOGL,Alphabet Inc. (Class A),True,False,2021-01-04,2026-04-30,True,,True,True,True
AIT-2022-04-002,2022-04-06,2022-04-06,GOOG,Alphabet Inc. (Class C),True,False,2021-01-04,2026-04-30,True,,True,True,True
AIT-2022-04-002,2022-04-06,2022-04-06,ADI,Analog Devices,True,True,2021-01-04,2026-04-30,True,,True,True,True
AIT-2022-04-002,2022-04-06,2022-04-06,AAPL,Apple Inc.,True,False,2021-01-04,2026-04-30,True,,True,True,True
AIT-2022-04-002,2022-04-06,2022-04-06,AMAT,Applied Materials,True,True,2021-01-04,2026-04-30,True,,True,True,True
AIT-2022-04-002,2022-04-06,2022-04-06,APP,AppLovin,True,False,2021-04-15,2026-04-30,True,,True,True,True
AIT-2022-04-002,2022-04-06,2022-04-06,ARM,Arm Holdings,True,False,2023-09-14,2026-04-30,False,2021-06-21;2021-06-22;2022-03-23;2022-03-23;2022-04-04;2022-04-06;2022-05-05,False,False,False
AIT-2022-04-002,2022-04-06,2022-04-06,ASML,ASML Holding,True,True,2021-01-04,2026-04-30,True,,True,True,True
AIT-2022-04-002,2022-04-06,2022-04-06,ADSK,Autodesk,True,False,2021-01-04,2026-04-30,True,,True,True,True
AIT-2022-04-002,2022-04-06,2022-04-06,AVGO,Broadcom,True,True,2021-01-04,2026-04-30,True,,True,True,True
AIT-2022-04-002,2022-04-06,2022-04-06,CDNS,Cadence Design Systems,True,False,2021-01-04,2026-04-30,True,,True,True,True
AIT-2022-04-002,2022-04-06,2022-04-06,CTSH,Cognizant Technology Solutions Corporation,True,False,2021-01-04,2026-04-30,True,,True,True,True
AIT-2022-04-002,2022-04-06,2022-04-06,CRWD,CrowdStrike,True,False,2021-01-04,2026-04-30,True,,True,True,True
AIT-2022-04-002,2022-04-06,2022-04-06,DDOG,Datadog,True,False,2021-01-04,2026-04-30,True,,True,True,True
AIT-2022-04-002,2022-04-06,2022-04-06,DASH,DoorDash,True,False,2021-01-04,2026-04-30,True,,True,True,True
AIT-2022-04-002,2022-04-06,2022-04-06,FTNT,Fortinet,True,False,2021-01-04,2026-04-30,True,,True,True,True
AIT-2022-04-002,2022-04-06,2022-04-06,INTC,Intel,True,True,2021-01-04,2026-04-30,True,,True,True,True
AIT-2022-04-002,2022-04-06,2022-04-06,INTU,Intuit,True,False,2021-01-04,2026-04-30,True,,True,True,True
AIT-2022-04-002,2022-04-06,2022-04-06,KLAC,KLA Corporation,True,True,2021-01-04,2026-04-30,True,,True,True,True
AIT-2022-04-002,2022-04-06,2022-04-06,LRCX,Lam Research,True,True,2021-01-04,2026-04-30,True,,True,True,True
AIT-2022-04-002,2022-04-06,2022-04-06,MRVL,Marvell Technology,True,True,2021-01-04,2026-04-30,True,,True,True,True
AIT-2022-04-002,2022-04-06,2022-04-06,META,Meta Platforms,True,False,2021-01-04,2026-04-30,True,,True,True,True
AIT-2022-04-002,2022-04-06,2022-04-06,MCHP,Microchip Technology,True,True,2021-01-04,2026-04-30,True,,True,True,True
AIT-2022-04-002,2022-04-06,2022-04-06,MU,Micron Technology,True,True,2021-01-04,2026-04-30,True,,True,True,True
AIT-2022-04-002,2022-04-06,2022-04-06,MSFT,Microsoft,True,False,2021-01-04,2026-04-30,True,,True,True,True
AIT-2022-04-002,2022-04-06,2022-04-06,MPWR,Monolithic Power Systems,True,True,2021-01-04,2026-04-30,True,,True,True,True
AIT-2022-04-002,2022-04-06,2022-04-06,NVDA,Nvidia,True,True,2021-01-04,2026-04-30,True,,True,True,True
AIT-2022-04-002,2022-04-06,2022-04-06,NXPI,NXP Semiconductors,True,True,2021-01-04,2026-04-30,True,,True,True,True
AIT-2022-04-002,2022-04-06,2022-04-06,PLTR,Palantir Technologies,True,False,2021-01-04,2026-04-30,True,,True,True,True
AIT-2022-04-002,2022-04-06,2022-04-06,PANW,Palo Alto Networks,True,False,2021-01-04,2026-04-30,True,,True,True,True
AIT-2022-04-002,2022-04-06,2022-04-06,PDD,PDD Holdings,True,False,2021-01-04,2026-04-30,True,,True,True,True
AIT-2022-04-002,2022-04-06,2022-04-06,QCOM,Qualcomm,True,True,2021-01-04,2026-04-30,True,,True,True,True
AIT-2022-04-002,2022-04-06,2022-04-06,ROP,Roper Technologies,True,False,2021-01-04,2026-04-30,True,,True,True,True
AIT-2022-04-002,2022-04-06,2022-04-06,SNDK,Sandisk,True,False,2025-02-13,2026-04-30,False,2021-06-21;2021-06-22;2022-03-23;2022-03-23;2022-04-04;2022-04-06;2022-05-05,False,False,False
AIT-2022-04-002,2022-04-06,2022-04-06,STX,Seagate Technology,True,False,2021-01-04,2026-04-30,True,,True,True,True
AIT-2022-04-002,2022-04-06,2022-04-06,SHOP,Shopify,True,False,2021-01-04,2026-04-30,True,,True,True,True
AIT-2022-04-002,2022-04-06,2022-04-06,MSTR,MicroStrategy,True,False,2021-01-04,2026-04-30,True,,True,True,True
AIT-2022-04-002,2022-04-06,2022-04-06,SNPS,Synopsys,True,False,2021-01-04,2026-04-30,True,,True,True,True
AIT-2022-04-002,2022-04-06,2022-04-06,TXN,Texas Instruments,True,True,2021-01-04,2026-04-30,True,,True,True,True
AIT-2022-04-002,2022-04-06,2022-04-06,TRI,Thomson Reuters,True,False,2021-01-04,2026-04-30,True,,True,True,True
AIT-2022-04-002,2022-04-06,2022-04-06,WDC,Western Digital,True,False,2021-01-04,2026-04-30,True,,True,True,True
AIT-2022-04-002,2022-04-06,2022-04-06,WDAY,"Workday, Inc.",True,False,2021-01-04,2026-04-30,True,,True,True,True
AIT-2022-04-002,2022-04-06,2022-04-06,ZS,"Zscaler, Inc.",True,False,2021-01-04,2026-04-30,True,,True,True,True
AIT-2022-10-001,2022-10-20,2022-10-20,ADBE,Adobe Inc.,True,False,2021-01-04,2026-04-30,True,,True,True,True
AIT-2022-10-001,2022-10-20,2022-10-20,AMD,Advanced Micro Devices,True,True,2021-01-04,2026-04-30,True,,True,True,True
AIT-2022-10-001,2022-10-20,2022-10-20,GOOGL,Alphabet Inc. (Class A),True,False,2021-01-04,2026-04-30,True,,True,True,True
AIT-2022-10-001,2022-10-20,2022-10-20,GOOG,Alphabet Inc. (Class C),True,False,2021-01-04,2026-04-30,True,,True,True,True
AIT-2022-10-001,2022-10-20,2022-10-20,ADI,Analog Devices,True,True,2021-01-04,2026-04-30,True,,True,True,True
AIT-2022-10-001,2022-10-20,2022-10-20,AAPL,Apple Inc.,True,False,2021-01-04,2026-04-30,True,,True,True,True
AIT-2022-10-001,2022-10-20,2022-10-20,AMAT,Applied Materials,True,True,2021-01-04,2026-04-30,True,,True,True,True
AIT-2022-10-001,2022-10-20,2022-10-20,APP,AppLovin,True,False,2021-04-15,2026-04-30,True,,True,True,True
AIT-2022-10-001,2022-10-20,2022-10-20,ARM,Arm Holdings,True,False,2023-09-14,2026-04-30,False,2022-01-03;2022-01-04;2022-10-06;2022-10-06;2022-10-18;2022-10-20;2022-11-17,False,False,False
AIT-2022-10-001,2022-10-20,2022-10-20,ASML,ASML Holding,True,True,2021-01-04,2026-04-30,True,,True,True,True
AIT-2022-10-001,2022-10-20,2022-10-20,ADSK,Autodesk,True,False,2021-01-04,2026-04-30,True,,True,True,True
AIT-2022-10-001,2022-10-20,2022-10-20,AVGO,Broadcom,True,True,2021-01-04,2026-04-30,True,,True,True,True
AIT-2022-10-001,2022-10-20,2022-10-20,CDNS,Cadence Design Systems,True,False,2021-01-04,2026-04-30,True,,True,True,True
AIT-2022-10-001,2022-10-20,2022-10-20,CTSH,Cognizant Technology Solutions Corporation,True,False,2021-01-04,2026-04-30,True,,True,True,True
AIT-2022-10-001,2022-10-20,2022-10-20,CRWD,CrowdStrike,True,False,2021-01-04,2026-04-30,True,,True,True,True
AIT-2022-10-001,2022-10-20,2022-10-20,DDOG,Datadog,True,False,2021-01-04,2026-04-30,True,,True,True,True
AIT-2022-10-001,2022-10-20,2022-10-20,DASH,DoorDash,True,False,2021-01-04,2026-04-30,True,,True,True,True
AIT-2022-10-001,2022-10-20,2022-10-20,FTNT,Fortinet,True,False,2021-01-04,2026-04-30,True,,True,True,True
AIT-2022-10-001,2022-10-20,2022-10-20,INTC,Intel,True,True,2021-01-04,2026-04-30,True,,True,True,True
AIT-2022-10-001,2022-10-20,2022-10-20,INTU,Intuit,True,False,2021-01-04,2026-04-30,True,,True,True,True
AIT-2022-10-001,2022-10-20,2022-10-20,KLAC,KLA Corporation,True,True,2021-01-04,2026-04-30,True,,True,True,True
AIT-2022-10-001,2022-10-20,2022-10-20,LRCX,Lam Research,True,True,2021-01-04,2026-04-30,True,,True,True,True
AIT-2022-10-001,2022-10-20,2022-10-20,MRVL,Marvell Technology,True,True,2021-01-04,2026-04-30,True,,True,True,True
AIT-2022-10-001,2022-10-20,2022-10-20,META,Meta Platforms,True,False,2021-01-04,2026-04-30,True,,True,True,True
AIT-2022-10-001,2022-10-20,2022-10-20,MCHP,Microchip Technology,True,True,2021-01-04,2026-04-30,True,,True,True,True
AIT-2022-10-001,2022-10-20,2022-10-20,MU,Micron Technology,True,True,2021-01-04,2026-04-30,True,,True,True,True
AIT-2022-10-001,2022-10-20,2022-10-20,MSFT,Microsoft,True,False,2021-01-04,2026-04-30,True,,True,True,True
AIT-2022-10-001,2022-10-20,2022-10-20,MPWR,Monolithic Power Systems,True,True,2021-01-04,2026-04-30,True,,True,True,True
AIT-2022-10-001,2022-10-20,2022-10-20,NVDA,Nvidia,True,True,2021-01-04,2026-04-30,True,,True,True,True
AIT-2022-10-001,2022-10-20,2022-10-20,NXPI,NXP Semiconductors,True,True,2021-01-04,2026-04-30,True,,True,True,True
AIT-2022-10-001,2022-10-20,2022-10-20,PLTR,Palantir Technologies,True,False,2021-01-04,2026-04-30,True,,True,True,True
AIT-2022-10-001,2022-10-20,2022-10-20,PANW,Palo Alto Networks,True,False,2021-01-04,2026-04-30,True,,True,True,True
AIT-2022-10-001,2022-10-20,2022-10-20,PDD,PDD Holdings,True,False,2021-01-04,2026-04-30,True,,True,True,True
AIT-2022-10-001,2022-10-20,2022-10-20,QCOM,Qualcomm,True,True,2021-01-04,2026-04-30,True,,True,True,True
AIT-2022-10-001,2022-10-20,2022-10-20,ROP,Roper Technologies,True,False,2021-01-04,2026-04-30,True,,True,True,True
AIT-2022-10-001,2022-10-20,2022-10-20,SNDK,Sandisk,True,False,2025-02-13,2026-04-30,False,2022-01-03;2022-01-04;2022-10-06;2022-10-06;2022-10-18;2022-10-20;2022-11-17,False,False,False
AIT-2022-10-001,2022-10-20,2022-10-20,STX,Seagate Technology,True,False,2021-01-04,2026-04-30,True,,True,True,True
AIT-2022-10-001,2022-10-20,2022-10-20,SHOP,Shopify,True,False,2021-01-04,2026-04-30,True,,True,True,True
AIT-2022-10-001,2022-10-20,2022-10-20,MSTR,MicroStrategy,True,False,2021-01-04,2026-04-30,True,,True,True,True
AIT-2022-10-001,2022-10-20,2022-10-20,SNPS,Synopsys,True,False,2021-01-04,2026-04-30,True,,True,True,True
AIT-2022-10-001,2022-10-20,2022-10-20,TXN,Texas Instruments,True,True,2021-01-04,2026-04-30,True,,True,True,True
AIT-2022-10-001,2022-10-20,2022-10-20,TRI,Thomson Reuters,True,False,2021-01-04,2026-04-30,True,,True,True,True
AIT-2022-10-001,2022-10-20,2022-10-20,WDC,Western Digital,True,False,2021-01-04,2026-04-30,True,,True,True,True
AIT-2022-10-001,2022-10-20,2022-10-20,WDAY,"Workday, Inc.",True,False,2021-01-04,2026-04-30,True,,True,True,True
AIT-2022-10-001,2022-10-20,2022-10-20,ZS,"Zscaler, Inc.",True,False,2021-01-04,2026-04-30,True,,True,True,True
AIT-2022-12-001,2022-12-07,2022-12-07,ADBE,Adobe Inc.,True,False,2021-01-04,2026-04-30,True,,True,True,True
AIT-2022-12-001,2022-12-07,2022-12-07,AMD,Advanced Micro Devices,True,True,2021-01-04,2026-04-30,True,,True,True,True
AIT-2022-12-001,2022-12-07,2022-12-07,GOOGL,Alphabet Inc. (Class A),True,False,2021-01-04,2026-04-30,True,,True,True,True
AIT-2022-12-001,2022-12-07,2022-12-07,GOOG,Alphabet Inc. (Class C),True,False,2021-01-04,2026-04-30,True,,True,True,True
AIT-2022-12-001,2022-12-07,2022-12-07,ADI,Analog Devices,True,True,2021-01-04,2026-04-30,True,,True,True,True
AIT-2022-12-001,2022-12-07,2022-12-07,AAPL,Apple Inc.,True,False,2021-01-04,2026-04-30,True,,True,True,True
AIT-2022-12-001,2022-12-07,2022-12-07,AMAT,Applied Materials,True,True,2021-01-04,2026-04-30,True,,True,True,True
AIT-2022-12-001,2022-12-07,2022-12-07,APP,AppLovin,True,False,2021-04-15,2026-04-30,True,,True,True,True
AIT-2022-12-001,2022-12-07,2022-12-07,ARM,Arm Holdings,True,False,2023-09-14,2026-04-30,False,2022-02-18;2022-02-22;2022-11-22;2022-11-22;2022-12-05;2022-12-07;2023-01-06,False,False,False
AIT-2022-12-001,2022-12-07,2022-12-07,ASML,ASML Holding,True,True,2021-01-04,2026-04-30,True,,True,True,True
AIT-2022-12-001,2022-12-07,2022-12-07,ADSK,Autodesk,True,False,2021-01-04,2026-04-30,True,,True,True,True
AIT-2022-12-001,2022-12-07,2022-12-07,AVGO,Broadcom,True,True,2021-01-04,2026-04-30,True,,True,True,True
AIT-2022-12-001,2022-12-07,2022-12-07,CDNS,Cadence Design Systems,True,False,2021-01-04,2026-04-30,True,,True,True,True
AIT-2022-12-001,2022-12-07,2022-12-07,CTSH,Cognizant Technology Solutions Corporation,True,False,2021-01-04,2026-04-30,True,,True,True,True
AIT-2022-12-001,2022-12-07,2022-12-07,CRWD,CrowdStrike,True,False,2021-01-04,2026-04-30,True,,True,True,True
AIT-2022-12-001,2022-12-07,2022-12-07,DDOG,Datadog,True,False,2021-01-04,2026-04-30,True,,True,True,True
AIT-2022-12-001,2022-12-07,2022-12-07,DASH,DoorDash,True,False,2021-01-04,2026-04-30,True,,True,True,True
AIT-2022-12-001,2022-12-07,2022-12-07,FTNT,Fortinet,True,False,2021-01-04,2026-04-30,True,,True,True,True
AIT-2022-12-001,2022-12-07,2022-12-07,INTC,Intel,True,True,2021-01-04,2026-04-30,True,,True,True,True
AIT-2022-12-001,2022-12-07,2022-12-07,INTU,Intuit,True,False,2021-01-04,2026-04-30,True,,True,True,True
AIT-2022-12-001,2022-12-07,2022-12-07,KLAC,KLA Corporation,True,True,2021-01-04,2026-04-30,True,,True,True,True
AIT-2022-12-001,2022-12-07,2022-12-07,LRCX,Lam Research,True,True,2021-01-04,2026-04-30,True,,True,True,True
AIT-2022-12-001,2022-12-07,2022-12-07,MRVL,Marvell Technology,True,True,2021-01-04,2026-04-30,True,,True,True,True
AIT-2022-12-001,2022-12-07,2022-12-07,META,Meta Platforms,True,False,2021-01-04,2026-04-30,True,,True,True,True
AIT-2022-12-001,2022-12-07,2022-12-07,MCHP,Microchip Technology,True,True,2021-01-04,2026-04-30,True,,True,True,True
AIT-2022-12-001,2022-12-07,2022-12-07,MU,Micron Technology,True,True,2021-01-04,2026-04-30,True,,True,True,True
AIT-2022-12-001,2022-12-07,2022-12-07,MSFT,Microsoft,True,False,2021-01-04,2026-04-30,True,,True,True,True
AIT-2022-12-001,2022-12-07,2022-12-07,MPWR,Monolithic Power Systems,True,True,2021-01-04,2026-04-30,True,,True,True,True
AIT-2022-12-001,2022-12-07,2022-12-07,NVDA,Nvidia,True,True,2021-01-04,2026-04-30,True,,True,True,True
AIT-2022-12-001,2022-12-07,2022-12-07,NXPI,NXP Semiconductors,True,True,2021-01-04,2026-04-30,True,,True,True,True
AIT-2022-12-001,2022-12-07,2022-12-07,PLTR,Palantir Technologies,True,False,2021-01-04,2026-04-30,True,,True,True,True
AIT-2022-12-001,2022-12-07,2022-12-07,PANW,Palo Alto Networks,True,False,2021-01-04,2026-04-30,True,,True,True,True
AIT-2022-12-001,2022-12-07,2022-12-07,PDD,PDD Holdings,True,False,2021-01-04,2026-04-30,True,,True,True,True
AIT-2022-12-001,2022-12-07,2022-12-07,QCOM,Qualcomm,True,True,2021-01-04,2026-04-30,True,,True,True,True
AIT-2022-12-001,2022-12-07,2022-12-07,ROP,Roper Technologies,True,False,2021-01-04,2026-04-30,True,,True,True,True
AIT-2022-12-001,2022-12-07,2022-12-07,SNDK,Sandisk,True,False,2025-02-13,2026-04-30,False,2022-02-18;2022-02-22;2022-11-22;2022-11-22;2022-12-05;2022-12-07;2023-01-06,False,False,False
AIT-2022-12-001,2022-12-07,2022-12-07,STX,Seagate Technology,True,False,2021-01-04,2026-04-30,True,,True,True,True
AIT-2022-12-001,2022-12-07,2022-12-07,SHOP,Shopify,True,False,2021-01-04,2026-04-30,True,,True,True,True
AIT-2022-12-001,2022-12-07,2022-12-07,MSTR,MicroStrategy,True,False,2021-01-04,2026-04-30,True,,True,True,True
AIT-2022-12-001,2022-12-07,2022-12-07,SNPS,Synopsys,True,False,2021-01-04,2026-04-30,True,,True,True,True
AIT-2022-12-001,2022-12-07,2022-12-07,TXN,Texas Instruments,True,True,2021-01-04,2026-04-30,True,,True,True,True
AIT-2022-12-001,2022-12-07,2022-12-07,TRI,Thomson Reuters,True,False,2021-01-04,2026-04-30,True,,True,True,True
AIT-2022-12-001,2022-12-07,2022-12-07,WDC,Western Digital,True,False,2021-01-04,2026-04-30,True,,True,True,True
AIT-2022-12-001,2022-12-07,2022-12-07,WDAY,"Workday, Inc.",True,False,2021-01-04,2026-04-30,True,,True,True,True
AIT-2022-12-001,2022-12-07,2022-12-07,ZS,"Zscaler, Inc.",True,False,2021-01-04,2026-04-30,True,,True,True,True
AIT-2023-03-002,2023-03-14,2023-03-14,ADBE,Adobe Inc.,True,False,2021-01-04,2026-04-30,True,,True,True,True
AIT-2023-03-002,2023-03-14,2023-03-14,AMD,Advanced Micro Devices,True,True,2021-01-04,2026-04-30,True,,True,True,True
AIT-2023-03-002,2023-03-14,2023-03-14,GOOGL,Alphabet Inc. (Class A),True,False,2021-01-04,2026-04-30,True,,True,True,True
AIT-2023-03-002,2023-03-14,2023-03-14,GOOG,Alphabet Inc. (Class C),True,False,2021-01-04,2026-04-30,True,,True,True,True
AIT-2023-03-002,2023-03-14,2023-03-14,ADI,Analog Devices,True,True,2021-01-04,2026-04-30,True,,True,True,True
AIT-2023-03-002,2023-03-14,2023-03-14,AAPL,Apple Inc.,True,False,2021-01-04,2026-04-30,True,,True,True,True
AIT-2023-03-002,2023-03-14,2023-03-14,AMAT,Applied Materials,True,True,2021-01-04,2026-04-30,True,,True,True,True
AIT-2023-03-002,2023-03-14,2023-03-14,APP,AppLovin,True,False,2021-04-15,2026-04-30,True,,True,True,True
AIT-2023-03-002,2023-03-14,2023-03-14,ARM,Arm Holdings,True,False,2023-09-14,2026-04-30,False,2022-05-24;2022-05-25;2023-02-28;2023-02-28;2023-03-10;2023-03-14;2023-04-12,False,False,False
AIT-2023-03-002,2023-03-14,2023-03-14,ASML,ASML Holding,True,True,2021-01-04,2026-04-30,True,,True,True,True
AIT-2023-03-002,2023-03-14,2023-03-14,ADSK,Autodesk,True,False,2021-01-04,2026-04-30,True,,True,True,True
AIT-2023-03-002,2023-03-14,2023-03-14,AVGO,Broadcom,True,True,2021-01-04,2026-04-30,True,,True,True,True
AIT-2023-03-002,2023-03-14,2023-03-14,CDNS,Cadence Design Systems,True,False,2021-01-04,2026-04-30,True,,True,True,True
AIT-2023-03-002,2023-03-14,2023-03-14,CTSH,Cognizant Technology Solutions Corporation,True,False,2021-01-04,2026-04-30,True,,True,True,True
AIT-2023-03-002,2023-03-14,2023-03-14,CRWD,CrowdStrike,True,False,2021-01-04,2026-04-30,True,,True,True,True
AIT-2023-03-002,2023-03-14,2023-03-14,DDOG,Datadog,True,False,2021-01-04,2026-04-30,True,,True,True,True
AIT-2023-03-002,2023-03-14,2023-03-14,DASH,DoorDash,True,False,2021-01-04,2026-04-30,True,,True,True,True
AIT-2023-03-002,2023-03-14,2023-03-14,FTNT,Fortinet,True,False,2021-01-04,2026-04-30,True,,True,True,True
AIT-2023-03-002,2023-03-14,2023-03-14,INTC,Intel,True,True,2021-01-04,2026-04-30,True,,True,True,True
AIT-2023-03-002,2023-03-14,2023-03-14,INTU,Intuit,True,False,2021-01-04,2026-04-30,True,,True,True,True
AIT-2023-03-002,2023-03-14,2023-03-14,KLAC,KLA Corporation,True,True,2021-01-04,2026-04-30,True,,True,True,True
AIT-2023-03-002,2023-03-14,2023-03-14,LRCX,Lam Research,True,True,2021-01-04,2026-04-30,True,,True,True,True
AIT-2023-03-002,2023-03-14,2023-03-14,MRVL,Marvell Technology,True,True,2021-01-04,2026-04-30,True,,True,True,True
AIT-2023-03-002,2023-03-14,2023-03-14,META,Meta Platforms,True,False,2021-01-04,2026-04-30,True,,True,True,True
AIT-2023-03-002,2023-03-14,2023-03-14,MCHP,Microchip Technology,True,True,2021-01-04,2026-04-30,True,,True,True,True
AIT-2023-03-002,2023-03-14,2023-03-14,MU,Micron Technology,True,True,2021-01-04,2026-04-30,True,,True,True,True
AIT-2023-03-002,2023-03-14,2023-03-14,MSFT,Microsoft,True,False,2021-01-04,2026-04-30,True,,True,True,True
AIT-2023-03-002,2023-03-14,2023-03-14,MPWR,Monolithic Power Systems,True,True,2021-01-04,2026-04-30,True,,True,True,True
AIT-2023-03-002,2023-03-14,2023-03-14,NVDA,Nvidia,True,True,2021-01-04,2026-04-30,True,,True,True,True
AIT-2023-03-002,2023-03-14,2023-03-14,NXPI,NXP Semiconductors,True,True,2021-01-04,2026-04-30,True,,True,True,True
AIT-2023-03-002,2023-03-14,2023-03-14,PLTR,Palantir Technologies,True,False,2021-01-04,2026-04-30,True,,True,True,True
AIT-2023-03-002,2023-03-14,2023-03-14,PANW,Palo Alto Networks,True,False,2021-01-04,2026-04-30,True,,True,True,True
AIT-2023-03-002,2023-03-14,2023-03-14,PDD,PDD Holdings,True,False,2021-01-04,2026-04-30,True,,True,True,True
AIT-2023-03-002,2023-03-14,2023-03-14,QCOM,Qualcomm,True,True,2021-01-04,2026-04-30,True,,True,True,True
AIT-2023-03-002,2023-03-14,2023-03-14,ROP,Roper Technologies,True,False,2021-01-04,2026-04-30,True,,True,True,True
AIT-2023-03-002,2023-03-14,2023-03-14,SNDK,Sandisk,True,False,2025-02-13,2026-04-30,False,2022-05-24;2022-05-25;2023-02-28;2023-02-28;2023-03-10;2023-03-14;2023-04-12,False,False,False
AIT-2023-03-002,2023-03-14,2023-03-14,STX,Seagate Technology,True,False,2021-01-04,2026-04-30,True,,True,True,True
AIT-2023-03-002,2023-03-14,2023-03-14,SHOP,Shopify,True,False,2021-01-04,2026-04-30,True,,True,True,True
AIT-2023-03-002,2023-03-14,2023-03-14,MSTR,MicroStrategy,True,False,2021-01-04,2026-04-30,True,,True,True,True
AIT-2023-03-002,2023-03-14,2023-03-14,SNPS,Synopsys,True,False,2021-01-04,2026-04-30,True,,True,True,True
AIT-2023-03-002,2023-03-14,2023-03-14,TXN,Texas Instruments,True,True,2021-01-04,2026-04-30,True,,True,True,True
AIT-2023-03-002,2023-03-14,2023-03-14,TRI,Thomson Reuters,True,False,2021-01-04,2026-04-30,True,,True,True,True
AIT-2023-03-002,2023-03-14,2023-03-14,WDC,Western Digital,True,False,2021-01-04,2026-04-30,True,,True,True,True
AIT-2023-03-002,2023-03-14,2023-03-14,WDAY,"Workday, Inc.",True,False,2021-01-04,2026-04-30,True,,True,True,True
AIT-2023-03-002,2023-03-14,2023-03-14,ZS,"Zscaler, Inc.",True,False,2021-01-04,2026-04-30,True,,True,True,True
AIT-2023-05-002,2023-05-10,2023-05-10,ADBE,Adobe Inc.,True,False,2021-01-04,2026-04-30,True,,True,True,True
AIT-2023-05-002,2023-05-10,2023-05-10,AMD,Advanced Micro Devices,True,True,2021-01-04,2026-04-30,True,,True,True,True
AIT-2023-05-002,2023-05-10,2023-05-10,GOOGL,Alphabet Inc. (Class A),True,False,2021-01-04,2026-04-30,True,,True,True,True
AIT-2023-05-002,2023-05-10,2023-05-10,GOOG,Alphabet Inc. (Class C),True,False,2021-01-04,2026-04-30,True,,True,True,True
AIT-2023-05-002,2023-05-10,2023-05-10,ADI,Analog Devices,True,True,2021-01-04,2026-04-30,True,,True,True,True
AIT-2023-05-002,2023-05-10,2023-05-10,AAPL,Apple Inc.,True,False,2021-01-04,2026-04-30,True,,True,True,True
AIT-2023-05-002,2023-05-10,2023-05-10,AMAT,Applied Materials,True,True,2021-01-04,2026-04-30,True,,True,True,True
AIT-2023-05-002,2023-05-10,2023-05-10,APP,AppLovin,True,False,2021-04-15,2026-04-30,True,,True,True,True
AIT-2023-05-002,2023-05-10,2023-05-10,ARM,Arm Holdings,True,False,2023-09-14,2026-04-30,False,2022-07-22;2022-07-25;2023-04-26;2023-04-26;2023-05-08;2023-05-10;2023-06-08,False,False,False
AIT-2023-05-002,2023-05-10,2023-05-10,ASML,ASML Holding,True,True,2021-01-04,2026-04-30,True,,True,True,True
AIT-2023-05-002,2023-05-10,2023-05-10,ADSK,Autodesk,True,False,2021-01-04,2026-04-30,True,,True,True,True
AIT-2023-05-002,2023-05-10,2023-05-10,AVGO,Broadcom,True,True,2021-01-04,2026-04-30,True,,True,True,True
AIT-2023-05-002,2023-05-10,2023-05-10,CDNS,Cadence Design Systems,True,False,2021-01-04,2026-04-30,True,,True,True,True
AIT-2023-05-002,2023-05-10,2023-05-10,CTSH,Cognizant Technology Solutions Corporation,True,False,2021-01-04,2026-04-30,True,,True,True,True
AIT-2023-05-002,2023-05-10,2023-05-10,CRWD,CrowdStrike,True,False,2021-01-04,2026-04-30,True,,True,True,True
AIT-2023-05-002,2023-05-10,2023-05-10,DDOG,Datadog,True,False,2021-01-04,2026-04-30,True,,True,True,True
AIT-2023-05-002,2023-05-10,2023-05-10,DASH,DoorDash,True,False,2021-01-04,2026-04-30,True,,True,True,True
AIT-2023-05-002,2023-05-10,2023-05-10,FTNT,Fortinet,True,False,2021-01-04,2026-04-30,True,,True,True,True
AIT-2023-05-002,2023-05-10,2023-05-10,INTC,Intel,True,True,2021-01-04,2026-04-30,True,,True,True,True
AIT-2023-05-002,2023-05-10,2023-05-10,INTU,Intuit,True,False,2021-01-04,2026-04-30,True,,True,True,True
AIT-2023-05-002,2023-05-10,2023-05-10,KLAC,KLA Corporation,True,True,2021-01-04,2026-04-30,True,,True,True,True
AIT-2023-05-002,2023-05-10,2023-05-10,LRCX,Lam Research,True,True,2021-01-04,2026-04-30,True,,True,True,True
AIT-2023-05-002,2023-05-10,2023-05-10,MRVL,Marvell Technology,True,True,2021-01-04,2026-04-30,True,,True,True,True
AIT-2023-05-002,2023-05-10,2023-05-10,META,Meta Platforms,True,False,2021-01-04,2026-04-30,True,,True,True,True
AIT-2023-05-002,2023-05-10,2023-05-10,MCHP,Microchip Technology,True,True,2021-01-04,2026-04-30,True,,True,True,True
AIT-2023-05-002,2023-05-10,2023-05-10,MU,Micron Technology,True,True,2021-01-04,2026-04-30,True,,True,True,True
AIT-2023-05-002,2023-05-10,2023-05-10,MSFT,Microsoft,True,False,2021-01-04,2026-04-30,True,,True,True,True
AIT-2023-05-002,2023-05-10,2023-05-10,MPWR,Monolithic Power Systems,True,True,2021-01-04,2026-04-30,True,,True,True,True
AIT-2023-05-002,2023-05-10,2023-05-10,NVDA,Nvidia,True,True,2021-01-04,2026-04-30,True,,True,True,True
AIT-2023-05-002,2023-05-10,2023-05-10,NXPI,NXP Semiconductors,True,True,2021-01-04,2026-04-30,True,,True,True,True
AIT-2023-05-002,2023-05-10,2023-05-10,PLTR,Palantir Technologies,True,False,2021-01-04,2026-04-30,True,,True,True,True
AIT-2023-05-002,2023-05-10,2023-05-10,PANW,Palo Alto Networks,True,False,2021-01-04,2026-04-30,True,,True,True,True
AIT-2023-05-002,2023-05-10,2023-05-10,PDD,PDD Holdings,True,False,2021-01-04,2026-04-30,True,,True,True,True
AIT-2023-05-002,2023-05-10,2023-05-10,QCOM,Qualcomm,True,True,2021-01-04,2026-04-30,True,,True,True,True
AIT-2023-05-002,2023-05-10,2023-05-10,ROP,Roper Technologies,True,False,2021-01-04,2026-04-30,True,,True,True,True
AIT-2023-05-002,2023-05-10,2023-05-10,SNDK,Sandisk,True,False,2025-02-13,2026-04-30,False,2022-07-22;2022-07-25;2023-04-26;2023-04-26;2023-05-08;2023-05-10;2023-06-08,False,False,False
AIT-2023-05-002,2023-05-10,2023-05-10,STX,Seagate Technology,True,False,2021-01-04,2026-04-30,True,,True,True,True
AIT-2023-05-002,2023-05-10,2023-05-10,SHOP,Shopify,True,False,2021-01-04,2026-04-30,True,,True,True,True
AIT-2023-05-002,2023-05-10,2023-05-10,MSTR,MicroStrategy,True,False,2021-01-04,2026-04-30,True,,True,True,True
AIT-2023-05-002,2023-05-10,2023-05-10,SNPS,Synopsys,True,False,2021-01-04,2026-04-30,True,,True,True,True
AIT-2023-05-002,2023-05-10,2023-05-10,TXN,Texas Instruments,True,True,2021-01-04,2026-04-30,True,,True,True,True
AIT-2023-05-002,2023-05-10,2023-05-10,TRI,Thomson Reuters,True,False,2021-01-04,2026-04-30,True,,True,True,True
AIT-2023-05-002,2023-05-10,2023-05-10,WDC,Western Digital,True,False,2021-01-04,2026-04-30,True,,True,True,True
AIT-2023-05-002,2023-05-10,2023-05-10,WDAY,"Workday, Inc.",True,False,2021-01-04,2026-04-30,True,,True,True,True
AIT-2023-05-002,2023-05-10,2023-05-10,ZS,"Zscaler, Inc.",True,False,2021-01-04,2026-04-30,True,,True,True,True
AIT-2023-07-001,2023-07-26,2023-07-26,ADBE,Adobe Inc.,True,False,2021-01-04,2026-04-30,True,,True,True,True
AIT-2023-07-001,2023-07-26,2023-07-26,AMD,Advanced Micro Devices,True,True,2021-01-04,2026-04-30,True,,True,True,True
AIT-2023-07-001,2023-07-26,2023-07-26,GOOGL,Alphabet Inc. (Class A),True,False,2021-01-04,2026-04-30,True,,True,True,True
AIT-2023-07-001,2023-07-26,2023-07-26,GOOG,Alphabet Inc. (Class C),True,False,2021-01-04,2026-04-30,True,,True,True,True
AIT-2023-07-001,2023-07-26,2023-07-26,ADI,Analog Devices,True,True,2021-01-04,2026-04-30,True,,True,True,True
AIT-2023-07-001,2023-07-26,2023-07-26,AAPL,Apple Inc.,True,False,2021-01-04,2026-04-30,True,,True,True,True
AIT-2023-07-001,2023-07-26,2023-07-26,AMAT,Applied Materials,True,True,2021-01-04,2026-04-30,True,,True,True,True
AIT-2023-07-001,2023-07-26,2023-07-26,APP,AppLovin,True,False,2021-04-15,2026-04-30,True,,True,True,True
AIT-2023-07-001,2023-07-26,2023-07-26,ARM,Arm Holdings,True,False,2023-09-14,2026-04-30,False,2022-10-05;2022-10-06;2023-07-12;2023-07-12;2023-07-24;2023-07-26;2023-08-23,False,False,False
AIT-2023-07-001,2023-07-26,2023-07-26,ASML,ASML Holding,True,True,2021-01-04,2026-04-30,True,,True,True,True
AIT-2023-07-001,2023-07-26,2023-07-26,ADSK,Autodesk,True,False,2021-01-04,2026-04-30,True,,True,True,True
AIT-2023-07-001,2023-07-26,2023-07-26,AVGO,Broadcom,True,True,2021-01-04,2026-04-30,True,,True,True,True
AIT-2023-07-001,2023-07-26,2023-07-26,CDNS,Cadence Design Systems,True,False,2021-01-04,2026-04-30,True,,True,True,True
AIT-2023-07-001,2023-07-26,2023-07-26,CTSH,Cognizant Technology Solutions Corporation,True,False,2021-01-04,2026-04-30,True,,True,True,True
AIT-2023-07-001,2023-07-26,2023-07-26,CRWD,CrowdStrike,True,False,2021-01-04,2026-04-30,True,,True,True,True
AIT-2023-07-001,2023-07-26,2023-07-26,DDOG,Datadog,True,False,2021-01-04,2026-04-30,True,,True,True,True
AIT-2023-07-001,2023-07-26,2023-07-26,DASH,DoorDash,True,False,2021-01-04,2026-04-30,True,,True,True,True
AIT-2023-07-001,2023-07-26,2023-07-26,FTNT,Fortinet,True,False,2021-01-04,2026-04-30,True,,True,True,True
AIT-2023-07-001,2023-07-26,2023-07-26,INTC,Intel,True,True,2021-01-04,2026-04-30,True,,True,True,True
AIT-2023-07-001,2023-07-26,2023-07-26,INTU,Intuit,True,False,2021-01-04,2026-04-30,True,,True,True,True
AIT-2023-07-001,2023-07-26,2023-07-26,KLAC,KLA Corporation,True,True,2021-01-04,2026-04-30,True,,True,True,True
AIT-2023-07-001,2023-07-26,2023-07-26,LRCX,Lam Research,True,True,2021-01-04,2026-04-30,True,,True,True,True
AIT-2023-07-001,2023-07-26,2023-07-26,MRVL,Marvell Technology,True,True,2021-01-04,2026-04-30,True,,True,True,True
AIT-2023-07-001,2023-07-26,2023-07-26,META,Meta Platforms,True,False,2021-01-04,2026-04-30,True,,True,True,True
AIT-2023-07-001,2023-07-26,2023-07-26,MCHP,Microchip Technology,True,True,2021-01-04,2026-04-30,True,,True,True,True
AIT-2023-07-001,2023-07-26,2023-07-26,MU,Micron Technology,True,True,2021-01-04,2026-04-30,True,,True,True,True
AIT-2023-07-001,2023-07-26,2023-07-26,MSFT,Microsoft,True,False,2021-01-04,2026-04-30,True,,True,True,True
AIT-2023-07-001,2023-07-26,2023-07-26,MPWR,Monolithic Power Systems,True,True,2021-01-04,2026-04-30,True,,True,True,True
AIT-2023-07-001,2023-07-26,2023-07-26,NVDA,Nvidia,True,True,2021-01-04,2026-04-30,True,,True,True,True
AIT-2023-07-001,2023-07-26,2023-07-26,NXPI,NXP Semiconductors,True,True,2021-01-04,2026-04-30,True,,True,True,True
AIT-2023-07-001,2023-07-26,2023-07-26,PLTR,Palantir Technologies,True,False,2021-01-04,2026-04-30,True,,True,True,True
AIT-2023-07-001,2023-07-26,2023-07-26,PANW,Palo Alto Networks,True,False,2021-01-04,2026-04-30,True,,True,True,True
AIT-2023-07-001,2023-07-26,2023-07-26,PDD,PDD Holdings,True,False,2021-01-04,2026-04-30,True,,True,True,True
AIT-2023-07-001,2023-07-26,2023-07-26,QCOM,Qualcomm,True,True,2021-01-04,2026-04-30,True,,True,True,True
AIT-2023-07-001,2023-07-26,2023-07-26,ROP,Roper Technologies,True,False,2021-01-04,2026-04-30,True,,True,True,True
AIT-2023-07-001,2023-07-26,2023-07-26,SNDK,Sandisk,True,False,2025-02-13,2026-04-30,False,2022-10-05;2022-10-06;2023-07-12;2023-07-12;2023-07-24;2023-07-26;2023-08-23,False,False,False
AIT-2023-07-001,2023-07-26,2023-07-26,STX,Seagate Technology,True,False,2021-01-04,2026-04-30,True,,True,True,True
AIT-2023-07-001,2023-07-26,2023-07-26,SHOP,Shopify,True,False,2021-01-04,2026-04-30,True,,True,True,True
AIT-2023-07-001,2023-07-26,2023-07-26,MSTR,MicroStrategy,True,False,2021-01-04,2026-04-30,True,,True,True,True
AIT-2023-07-001,2023-07-26,2023-07-26,SNPS,Synopsys,True,False,2021-01-04,2026-04-30,True,,True,True,True
AIT-2023-07-001,2023-07-26,2023-07-26,TXN,Texas Instruments,True,True,2021-01-04,2026-04-30,True,,True,True,True
AIT-2023-07-001,2023-07-26,2023-07-26,TRI,Thomson Reuters,True,False,2021-01-04,2026-04-30,True,,True,True,True
AIT-2023-07-001,2023-07-26,2023-07-26,WDC,Western Digital,True,False,2021-01-04,2026-04-30,True,,True,True,True
AIT-2023-07-001,2023-07-26,2023-07-26,WDAY,"Workday, Inc.",True,False,2021-01-04,2026-04-30,True,,True,True,True
AIT-2023-07-001,2023-07-26,2023-07-26,ZS,"Zscaler, Inc.",True,False,2021-01-04,2026-04-30,True,,True,True,True
AIT-2023-07-002,2023-07-11,2023-07-11,ADBE,Adobe Inc.,True,False,2021-01-04,2026-04-30,True,,True,True,True
AIT-2023-07-002,2023-07-11,2023-07-11,AMD,Advanced Micro Devices,True,True,2021-01-04,2026-04-30,True,,True,True,True
AIT-2023-07-002,2023-07-11,2023-07-11,GOOGL,Alphabet Inc. (Class A),True,False,2021-01-04,2026-04-30,True,,True,True,True
AIT-2023-07-002,2023-07-11,2023-07-11,GOOG,Alphabet Inc. (Class C),True,False,2021-01-04,2026-04-30,True,,True,True,True
AIT-2023-07-002,2023-07-11,2023-07-11,ADI,Analog Devices,True,True,2021-01-04,2026-04-30,True,,True,True,True
AIT-2023-07-002,2023-07-11,2023-07-11,AAPL,Apple Inc.,True,False,2021-01-04,2026-04-30,True,,True,True,True
AIT-2023-07-002,2023-07-11,2023-07-11,AMAT,Applied Materials,True,True,2021-01-04,2026-04-30,True,,True,True,True
AIT-2023-07-002,2023-07-11,2023-07-11,APP,AppLovin,True,False,2021-04-15,2026-04-30,True,,True,True,True
AIT-2023-07-002,2023-07-11,2023-07-11,ARM,Arm Holdings,True,False,2023-09-14,2026-04-30,False,2022-09-20;2022-09-21;2023-06-26;2023-06-26;2023-07-07;2023-07-11;2023-08-08,False,False,False
AIT-2023-07-002,2023-07-11,2023-07-11,ASML,ASML Holding,True,True,2021-01-04,2026-04-30,True,,True,True,True
AIT-2023-07-002,2023-07-11,2023-07-11,ADSK,Autodesk,True,False,2021-01-04,2026-04-30,True,,True,True,True
AIT-2023-07-002,2023-07-11,2023-07-11,AVGO,Broadcom,True,True,2021-01-04,2026-04-30,True,,True,True,True
AIT-2023-07-002,2023-07-11,2023-07-11,CDNS,Cadence Design Systems,True,False,2021-01-04,2026-04-30,True,,True,True,True
AIT-2023-07-002,2023-07-11,2023-07-11,CTSH,Cognizant Technology Solutions Corporation,True,False,2021-01-04,2026-04-30,True,,True,True,True
AIT-2023-07-002,2023-07-11,2023-07-11,CRWD,CrowdStrike,True,False,2021-01-04,2026-04-30,True,,True,True,True
AIT-2023-07-002,2023-07-11,2023-07-11,DDOG,Datadog,True,False,2021-01-04,2026-04-30,True,,True,True,True
AIT-2023-07-002,2023-07-11,2023-07-11,DASH,DoorDash,True,False,2021-01-04,2026-04-30,True,,True,True,True
AIT-2023-07-002,2023-07-11,2023-07-11,FTNT,Fortinet,True,False,2021-01-04,2026-04-30,True,,True,True,True
AIT-2023-07-002,2023-07-11,2023-07-11,INTC,Intel,True,True,2021-01-04,2026-04-30,True,,True,True,True
AIT-2023-07-002,2023-07-11,2023-07-11,INTU,Intuit,True,False,2021-01-04,2026-04-30,True,,True,True,True
AIT-2023-07-002,2023-07-11,2023-07-11,KLAC,KLA Corporation,True,True,2021-01-04,2026-04-30,True,,True,True,True
AIT-2023-07-002,2023-07-11,2023-07-11,LRCX,Lam Research,True,True,2021-01-04,2026-04-30,True,,True,True,True
AIT-2023-07-002,2023-07-11,2023-07-11,MRVL,Marvell Technology,True,True,2021-01-04,2026-04-30,True,,True,True,True
AIT-2023-07-002,2023-07-11,2023-07-11,META,Meta Platforms,True,False,2021-01-04,2026-04-30,True,,True,True,True
AIT-2023-07-002,2023-07-11,2023-07-11,MCHP,Microchip Technology,True,True,2021-01-04,2026-04-30,True,,True,True,True
AIT-2023-07-002,2023-07-11,2023-07-11,MU,Micron Technology,True,True,2021-01-04,2026-04-30,True,,True,True,True
AIT-2023-07-002,2023-07-11,2023-07-11,MSFT,Microsoft,True,False,2021-01-04,2026-04-30,True,,True,True,True
AIT-2023-07-002,2023-07-11,2023-07-11,MPWR,Monolithic Power Systems,True,True,2021-01-04,2026-04-30,True,,True,True,True
AIT-2023-07-002,2023-07-11,2023-07-11,NVDA,Nvidia,True,True,2021-01-04,2026-04-30,True,,True,True,True
AIT-2023-07-002,2023-07-11,2023-07-11,NXPI,NXP Semiconductors,True,True,2021-01-04,2026-04-30,True,,True,True,True
AIT-2023-07-002,2023-07-11,2023-07-11,PLTR,Palantir Technologies,True,False,2021-01-04,2026-04-30,True,,True,True,True
AIT-2023-07-002,2023-07-11,2023-07-11,PANW,Palo Alto Networks,True,False,2021-01-04,2026-04-30,True,,True,True,True
AIT-2023-07-002,2023-07-11,2023-07-11,PDD,PDD Holdings,True,False,2021-01-04,2026-04-30,True,,True,True,True
AIT-2023-07-002,2023-07-11,2023-07-11,QCOM,Qualcomm,True,True,2021-01-04,2026-04-30,True,,True,True,True
AIT-2023-07-002,2023-07-11,2023-07-11,ROP,Roper Technologies,True,False,2021-01-04,2026-04-30,True,,True,True,True
AIT-2023-07-002,2023-07-11,2023-07-11,SNDK,Sandisk,True,False,2025-02-13,2026-04-30,False,2022-09-20;2022-09-21;2023-06-26;2023-06-26;2023-07-07;2023-07-11;2023-08-08,False,False,False
AIT-2023-07-002,2023-07-11,2023-07-11,STX,Seagate Technology,True,False,2021-01-04,2026-04-30,True,,True,True,True
AIT-2023-07-002,2023-07-11,2023-07-11,SHOP,Shopify,True,False,2021-01-04,2026-04-30,True,,True,True,True
AIT-2023-07-002,2023-07-11,2023-07-11,MSTR,MicroStrategy,True,False,2021-01-04,2026-04-30,True,,True,True,True
AIT-2023-07-002,2023-07-11,2023-07-11,SNPS,Synopsys,True,False,2021-01-04,2026-04-30,True,,True,True,True
AIT-2023-07-002,2023-07-11,2023-07-11,TXN,Texas Instruments,True,True,2021-01-04,2026-04-30,True,,True,True,True
AIT-2023-07-002,2023-07-11,2023-07-11,TRI,Thomson Reuters,True,False,2021-01-04,2026-04-30,True,,True,True,True
AIT-2023-07-002,2023-07-11,2023-07-11,WDC,Western Digital,True,False,2021-01-04,2026-04-30,True,,True,True,True
AIT-2023-07-002,2023-07-11,2023-07-11,WDAY,"Workday, Inc.",True,False,2021-01-04,2026-04-30,True,,True,True,True
AIT-2023-07-002,2023-07-11,2023-07-11,ZS,"Zscaler, Inc.",True,False,2021-01-04,2026-04-30,True,,True,True,True
AIT-2023-07-003,2023-07-18,2023-07-18,ADBE,Adobe Inc.,True,False,2021-01-04,2026-04-30,True,,True,True,True
AIT-2023-07-003,2023-07-18,2023-07-18,AMD,Advanced Micro Devices,True,True,2021-01-04,2026-04-30,True,,True,True,True
AIT-2023-07-003,2023-07-18,2023-07-18,GOOGL,Alphabet Inc. (Class A),True,False,2021-01-04,2026-04-30,True,,True,True,True
AIT-2023-07-003,2023-07-18,2023-07-18,GOOG,Alphabet Inc. (Class C),True,False,2021-01-04,2026-04-30,True,,True,True,True
AIT-2023-07-003,2023-07-18,2023-07-18,ADI,Analog Devices,True,True,2021-01-04,2026-04-30,True,,True,True,True
AIT-2023-07-003,2023-07-18,2023-07-18,AAPL,Apple Inc.,True,False,2021-01-04,2026-04-30,True,,True,True,True
AIT-2023-07-003,2023-07-18,2023-07-18,AMAT,Applied Materials,True,True,2021-01-04,2026-04-30,True,,True,True,True
AIT-2023-07-003,2023-07-18,2023-07-18,APP,AppLovin,True,False,2021-04-15,2026-04-30,True,,True,True,True
AIT-2023-07-003,2023-07-18,2023-07-18,ARM,Arm Holdings,True,False,2023-09-14,2026-04-30,False,2022-09-27;2022-09-28;2023-07-03;2023-07-03;2023-07-14;2023-07-18;2023-08-15,False,False,False
AIT-2023-07-003,2023-07-18,2023-07-18,ASML,ASML Holding,True,True,2021-01-04,2026-04-30,True,,True,True,True
AIT-2023-07-003,2023-07-18,2023-07-18,ADSK,Autodesk,True,False,2021-01-04,2026-04-30,True,,True,True,True
AIT-2023-07-003,2023-07-18,2023-07-18,AVGO,Broadcom,True,True,2021-01-04,2026-04-30,True,,True,True,True
AIT-2023-07-003,2023-07-18,2023-07-18,CDNS,Cadence Design Systems,True,False,2021-01-04,2026-04-30,True,,True,True,True
AIT-2023-07-003,2023-07-18,2023-07-18,CTSH,Cognizant Technology Solutions Corporation,True,False,2021-01-04,2026-04-30,True,,True,True,True
AIT-2023-07-003,2023-07-18,2023-07-18,CRWD,CrowdStrike,True,False,2021-01-04,2026-04-30,True,,True,True,True
AIT-2023-07-003,2023-07-18,2023-07-18,DDOG,Datadog,True,False,2021-01-04,2026-04-30,True,,True,True,True
AIT-2023-07-003,2023-07-18,2023-07-18,DASH,DoorDash,True,False,2021-01-04,2026-04-30,True,,True,True,True
AIT-2023-07-003,2023-07-18,2023-07-18,FTNT,Fortinet,True,False,2021-01-04,2026-04-30,True,,True,True,True
AIT-2023-07-003,2023-07-18,2023-07-18,INTC,Intel,True,True,2021-01-04,2026-04-30,True,,True,True,True
AIT-2023-07-003,2023-07-18,2023-07-18,INTU,Intuit,True,False,2021-01-04,2026-04-30,True,,True,True,True
AIT-2023-07-003,2023-07-18,2023-07-18,KLAC,KLA Corporation,True,True,2021-01-04,2026-04-30,True,,True,True,True
AIT-2023-07-003,2023-07-18,2023-07-18,LRCX,Lam Research,True,True,2021-01-04,2026-04-30,True,,True,True,True
AIT-2023-07-003,2023-07-18,2023-07-18,MRVL,Marvell Technology,True,True,2021-01-04,2026-04-30,True,,True,True,True
AIT-2023-07-003,2023-07-18,2023-07-18,META,Meta Platforms,True,False,2021-01-04,2026-04-30,True,,True,True,True
AIT-2023-07-003,2023-07-18,2023-07-18,MCHP,Microchip Technology,True,True,2021-01-04,2026-04-30,True,,True,True,True
AIT-2023-07-003,2023-07-18,2023-07-18,MU,Micron Technology,True,True,2021-01-04,2026-04-30,True,,True,True,True
AIT-2023-07-003,2023-07-18,2023-07-18,MSFT,Microsoft,True,False,2021-01-04,2026-04-30,True,,True,True,True
AIT-2023-07-003,2023-07-18,2023-07-18,MPWR,Monolithic Power Systems,True,True,2021-01-04,2026-04-30,True,,True,True,True
AIT-2023-07-003,2023-07-18,2023-07-18,NVDA,Nvidia,True,True,2021-01-04,2026-04-30,True,,True,True,True
AIT-2023-07-003,2023-07-18,2023-07-18,NXPI,NXP Semiconductors,True,True,2021-01-04,2026-04-30,True,,True,True,True
AIT-2023-07-003,2023-07-18,2023-07-18,PLTR,Palantir Technologies,True,False,2021-01-04,2026-04-30,True,,True,True,True
AIT-2023-07-003,2023-07-18,2023-07-18,PANW,Palo Alto Networks,True,False,2021-01-04,2026-04-30,True,,True,True,True
AIT-2023-07-003,2023-07-18,2023-07-18,PDD,PDD Holdings,True,False,2021-01-04,2026-04-30,True,,True,True,True
AIT-2023-07-003,2023-07-18,2023-07-18,QCOM,Qualcomm,True,True,2021-01-04,2026-04-30,True,,True,True,True
AIT-2023-07-003,2023-07-18,2023-07-18,ROP,Roper Technologies,True,False,2021-01-04,2026-04-30,True,,True,True,True
AIT-2023-07-003,2023-07-18,2023-07-18,SNDK,Sandisk,True,False,2025-02-13,2026-04-30,False,2022-09-27;2022-09-28;2023-07-03;2023-07-03;2023-07-14;2023-07-18;2023-08-15,False,False,False
AIT-2023-07-003,2023-07-18,2023-07-18,STX,Seagate Technology,True,False,2021-01-04,2026-04-30,True,,True,True,True
AIT-2023-07-003,2023-07-18,2023-07-18,SHOP,Shopify,True,False,2021-01-04,2026-04-30,True,,True,True,True
AIT-2023-07-003,2023-07-18,2023-07-18,MSTR,MicroStrategy,True,False,2021-01-04,2026-04-30,True,,True,True,True
AIT-2023-07-003,2023-07-18,2023-07-18,SNPS,Synopsys,True,False,2021-01-04,2026-04-30,True,,True,True,True
AIT-2023-07-003,2023-07-18,2023-07-18,TXN,Texas Instruments,True,True,2021-01-04,2026-04-30,True,,True,True,True
AIT-2023-07-003,2023-07-18,2023-07-18,TRI,Thomson Reuters,True,False,2021-01-04,2026-04-30,True,,True,True,True
AIT-2023-07-003,2023-07-18,2023-07-18,WDC,Western Digital,True,False,2021-01-04,2026-04-30,True,,True,True,True
AIT-2023-07-003,2023-07-18,2023-07-18,WDAY,"Workday, Inc.",True,False,2021-01-04,2026-04-30,True,,True,True,True
AIT-2023-07-003,2023-07-18,2023-07-18,ZS,"Zscaler, Inc.",True,False,2021-01-04,2026-04-30,True,,True,True,True
AIT-2023-10-001,2023-10-19,2023-10-19,ADBE,Adobe Inc.,True,False,2021-01-04,2026-04-30,True,,True,True,True
AIT-2023-10-001,2023-10-19,2023-10-19,AMD,Advanced Micro Devices,True,True,2021-01-04,2026-04-30,True,,True,True,True
AIT-2023-10-001,2023-10-19,2023-10-19,GOOGL,Alphabet Inc. (Class A),True,False,2021-01-04,2026-04-30,True,,True,True,True
AIT-2023-10-001,2023-10-19,2023-10-19,GOOG,Alphabet Inc. (Class C),True,False,2021-01-04,2026-04-30,True,,True,True,True
AIT-2023-10-001,2023-10-19,2023-10-19,ADI,Analog Devices,True,True,2021-01-04,2026-04-30,True,,True,True,True
AIT-2023-10-001,2023-10-19,2023-10-19,AAPL,Apple Inc.,True,False,2021-01-04,2026-04-30,True,,True,True,True
AIT-2023-10-001,2023-10-19,2023-10-19,AMAT,Applied Materials,True,True,2021-01-04,2026-04-30,True,,True,True,True
AIT-2023-10-001,2023-10-19,2023-10-19,APP,AppLovin,True,False,2021-04-15,2026-04-30,True,,True,True,True
AIT-2023-10-001,2023-10-19,2023-10-19,ARM,Arm Holdings,True,False,2023-09-14,2026-04-30,False,2022-12-30;2023-01-03,False,True,False
AIT-2023-10-001,2023-10-19,2023-10-19,ASML,ASML Holding,True,True,2021-01-04,2026-04-30,True,,True,True,True
AIT-2023-10-001,2023-10-19,2023-10-19,ADSK,Autodesk,True,False,2021-01-04,2026-04-30,True,,True,True,True
AIT-2023-10-001,2023-10-19,2023-10-19,AVGO,Broadcom,True,True,2021-01-04,2026-04-30,True,,True,True,True
AIT-2023-10-001,2023-10-19,2023-10-19,CDNS,Cadence Design Systems,True,False,2021-01-04,2026-04-30,True,,True,True,True
AIT-2023-10-001,2023-10-19,2023-10-19,CTSH,Cognizant Technology Solutions Corporation,True,False,2021-01-04,2026-04-30,True,,True,True,True
AIT-2023-10-001,2023-10-19,2023-10-19,CRWD,CrowdStrike,True,False,2021-01-04,2026-04-30,True,,True,True,True
AIT-2023-10-001,2023-10-19,2023-10-19,DDOG,Datadog,True,False,2021-01-04,2026-04-30,True,,True,True,True
AIT-2023-10-001,2023-10-19,2023-10-19,DASH,DoorDash,True,False,2021-01-04,2026-04-30,True,,True,True,True
AIT-2023-10-001,2023-10-19,2023-10-19,FTNT,Fortinet,True,False,2021-01-04,2026-04-30,True,,True,True,True
AIT-2023-10-001,2023-10-19,2023-10-19,INTC,Intel,True,True,2021-01-04,2026-04-30,True,,True,True,True
AIT-2023-10-001,2023-10-19,2023-10-19,INTU,Intuit,True,False,2021-01-04,2026-04-30,True,,True,True,True
AIT-2023-10-001,2023-10-19,2023-10-19,KLAC,KLA Corporation,True,True,2021-01-04,2026-04-30,True,,True,True,True
AIT-2023-10-001,2023-10-19,2023-10-19,LRCX,Lam Research,True,True,2021-01-04,2026-04-30,True,,True,True,True
AIT-2023-10-001,2023-10-19,2023-10-19,MRVL,Marvell Technology,True,True,2021-01-04,2026-04-30,True,,True,True,True
AIT-2023-10-001,2023-10-19,2023-10-19,META,Meta Platforms,True,False,2021-01-04,2026-04-30,True,,True,True,True
AIT-2023-10-001,2023-10-19,2023-10-19,MCHP,Microchip Technology,True,True,2021-01-04,2026-04-30,True,,True,True,True
AIT-2023-10-001,2023-10-19,2023-10-19,MU,Micron Technology,True,True,2021-01-04,2026-04-30,True,,True,True,True
AIT-2023-10-001,2023-10-19,2023-10-19,MSFT,Microsoft,True,False,2021-01-04,2026-04-30,True,,True,True,True
AIT-2023-10-001,2023-10-19,2023-10-19,MPWR,Monolithic Power Systems,True,True,2021-01-04,2026-04-30,True,,True,True,True
AIT-2023-10-001,2023-10-19,2023-10-19,NVDA,Nvidia,True,True,2021-01-04,2026-04-30,True,,True,True,True
AIT-2023-10-001,2023-10-19,2023-10-19,NXPI,NXP Semiconductors,True,True,2021-01-04,2026-04-30,True,,True,True,True
AIT-2023-10-001,2023-10-19,2023-10-19,PLTR,Palantir Technologies,True,False,2021-01-04,2026-04-30,True,,True,True,True
AIT-2023-10-001,2023-10-19,2023-10-19,PANW,Palo Alto Networks,True,False,2021-01-04,2026-04-30,True,,True,True,True
AIT-2023-10-001,2023-10-19,2023-10-19,PDD,PDD Holdings,True,False,2021-01-04,2026-04-30,True,,True,True,True
AIT-2023-10-001,2023-10-19,2023-10-19,QCOM,Qualcomm,True,True,2021-01-04,2026-04-30,True,,True,True,True
AIT-2023-10-001,2023-10-19,2023-10-19,ROP,Roper Technologies,True,False,2021-01-04,2026-04-30,True,,True,True,True
AIT-2023-10-001,2023-10-19,2023-10-19,SNDK,Sandisk,True,False,2025-02-13,2026-04-30,False,2022-12-30;2023-01-03;2023-10-05;2023-10-05;2023-10-17;2023-10-19;2023-11-16,False,False,False
AIT-2023-10-001,2023-10-19,2023-10-19,STX,Seagate Technology,True,False,2021-01-04,2026-04-30,True,,True,True,True
AIT-2023-10-001,2023-10-19,2023-10-19,SHOP,Shopify,True,False,2021-01-04,2026-04-30,True,,True,True,True
AIT-2023-10-001,2023-10-19,2023-10-19,MSTR,MicroStrategy,True,False,2021-01-04,2026-04-30,True,,True,True,True
AIT-2023-10-001,2023-10-19,2023-10-19,SNPS,Synopsys,True,False,2021-01-04,2026-04-30,True,,True,True,True
AIT-2023-10-001,2023-10-19,2023-10-19,TXN,Texas Instruments,True,True,2021-01-04,2026-04-30,True,,True,True,True
AIT-2023-10-001,2023-10-19,2023-10-19,TRI,Thomson Reuters,True,False,2021-01-04,2026-04-30,True,,True,True,True
AIT-2023-10-001,2023-10-19,2023-10-19,WDC,Western Digital,True,False,2021-01-04,2026-04-30,True,,True,True,True
AIT-2023-10-001,2023-10-19,2023-10-19,WDAY,"Workday, Inc.",True,False,2021-01-04,2026-04-30,True,,True,True,True
AIT-2023-10-001,2023-10-19,2023-10-19,ZS,"Zscaler, Inc.",True,False,2021-01-04,2026-04-30,True,,True,True,True
AIT-2023-12-001,2023-12-20,2023-12-20,ADBE,Adobe Inc.,True,False,2021-01-04,2026-04-30,True,,True,True,True
AIT-2023-12-001,2023-12-20,2023-12-20,AMD,Advanced Micro Devices,True,True,2021-01-04,2026-04-30,True,,True,True,True
AIT-2023-12-001,2023-12-20,2023-12-20,GOOGL,Alphabet Inc. (Class A),True,False,2021-01-04,2026-04-30,True,,True,True,True
AIT-2023-12-001,2023-12-20,2023-12-20,GOOG,Alphabet Inc. (Class C),True,False,2021-01-04,2026-04-30,True,,True,True,True
AIT-2023-12-001,2023-12-20,2023-12-20,ADI,Analog Devices,True,True,2021-01-04,2026-04-30,True,,True,True,True
AIT-2023-12-001,2023-12-20,2023-12-20,AAPL,Apple Inc.,True,False,2021-01-04,2026-04-30,True,,True,True,True
AIT-2023-12-001,2023-12-20,2023-12-20,AMAT,Applied Materials,True,True,2021-01-04,2026-04-30,True,,True,True,True
AIT-2023-12-001,2023-12-20,2023-12-20,APP,AppLovin,True,False,2021-04-15,2026-04-30,True,,True,True,True
AIT-2023-12-001,2023-12-20,2023-12-20,ARM,Arm Holdings,True,False,2023-09-14,2026-04-30,False,2023-03-06;2023-03-07,False,True,False
AIT-2023-12-001,2023-12-20,2023-12-20,ASML,ASML Holding,True,True,2021-01-04,2026-04-30,True,,True,True,True
AIT-2023-12-001,2023-12-20,2023-12-20,ADSK,Autodesk,True,False,2021-01-04,2026-04-30,True,,True,True,True
AIT-2023-12-001,2023-12-20,2023-12-20,AVGO,Broadcom,True,True,2021-01-04,2026-04-30,True,,True,True,True
AIT-2023-12-001,2023-12-20,2023-12-20,CDNS,Cadence Design Systems,True,False,2021-01-04,2026-04-30,True,,True,True,True
AIT-2023-12-001,2023-12-20,2023-12-20,CTSH,Cognizant Technology Solutions Corporation,True,False,2021-01-04,2026-04-30,True,,True,True,True
AIT-2023-12-001,2023-12-20,2023-12-20,CRWD,CrowdStrike,True,False,2021-01-04,2026-04-30,True,,True,True,True
AIT-2023-12-001,2023-12-20,2023-12-20,DDOG,Datadog,True,False,2021-01-04,2026-04-30,True,,True,True,True
AIT-2023-12-001,2023-12-20,2023-12-20,DASH,DoorDash,True,False,2021-01-04,2026-04-30,True,,True,True,True
AIT-2023-12-001,2023-12-20,2023-12-20,FTNT,Fortinet,True,False,2021-01-04,2026-04-30,True,,True,True,True
AIT-2023-12-001,2023-12-20,2023-12-20,INTC,Intel,True,True,2021-01-04,2026-04-30,True,,True,True,True
AIT-2023-12-001,2023-12-20,2023-12-20,INTU,Intuit,True,False,2021-01-04,2026-04-30,True,,True,True,True
AIT-2023-12-001,2023-12-20,2023-12-20,KLAC,KLA Corporation,True,True,2021-01-04,2026-04-30,True,,True,True,True
AIT-2023-12-001,2023-12-20,2023-12-20,LRCX,Lam Research,True,True,2021-01-04,2026-04-30,True,,True,True,True
AIT-2023-12-001,2023-12-20,2023-12-20,MRVL,Marvell Technology,True,True,2021-01-04,2026-04-30,True,,True,True,True
AIT-2023-12-001,2023-12-20,2023-12-20,META,Meta Platforms,True,False,2021-01-04,2026-04-30,True,,True,True,True
AIT-2023-12-001,2023-12-20,2023-12-20,MCHP,Microchip Technology,True,True,2021-01-04,2026-04-30,True,,True,True,True
AIT-2023-12-001,2023-12-20,2023-12-20,MU,Micron Technology,True,True,2021-01-04,2026-04-30,True,,True,True,True
AIT-2023-12-001,2023-12-20,2023-12-20,MSFT,Microsoft,True,False,2021-01-04,2026-04-30,True,,True,True,True
AIT-2023-12-001,2023-12-20,2023-12-20,MPWR,Monolithic Power Systems,True,True,2021-01-04,2026-04-30,True,,True,True,True
AIT-2023-12-001,2023-12-20,2023-12-20,NVDA,Nvidia,True,True,2021-01-04,2026-04-30,True,,True,True,True
AIT-2023-12-001,2023-12-20,2023-12-20,NXPI,NXP Semiconductors,True,True,2021-01-04,2026-04-30,True,,True,True,True
AIT-2023-12-001,2023-12-20,2023-12-20,PLTR,Palantir Technologies,True,False,2021-01-04,2026-04-30,True,,True,True,True
AIT-2023-12-001,2023-12-20,2023-12-20,PANW,Palo Alto Networks,True,False,2021-01-04,2026-04-30,True,,True,True,True
AIT-2023-12-001,2023-12-20,2023-12-20,PDD,PDD Holdings,True,False,2021-01-04,2026-04-30,True,,True,True,True
AIT-2023-12-001,2023-12-20,2023-12-20,QCOM,Qualcomm,True,True,2021-01-04,2026-04-30,True,,True,True,True
AIT-2023-12-001,2023-12-20,2023-12-20,ROP,Roper Technologies,True,False,2021-01-04,2026-04-30,True,,True,True,True
AIT-2023-12-001,2023-12-20,2023-12-20,SNDK,Sandisk,True,False,2025-02-13,2026-04-30,False,2023-03-06;2023-03-07;2023-12-06;2023-12-06;2023-12-18;2023-12-20;2024-01-22,False,False,False
AIT-2023-12-001,2023-12-20,2023-12-20,STX,Seagate Technology,True,False,2021-01-04,2026-04-30,True,,True,True,True
AIT-2023-12-001,2023-12-20,2023-12-20,SHOP,Shopify,True,False,2021-01-04,2026-04-30,True,,True,True,True
AIT-2023-12-001,2023-12-20,2023-12-20,MSTR,MicroStrategy,True,False,2021-01-04,2026-04-30,True,,True,True,True
AIT-2023-12-001,2023-12-20,2023-12-20,SNPS,Synopsys,True,False,2021-01-04,2026-04-30,True,,True,True,True
AIT-2023-12-001,2023-12-20,2023-12-20,TXN,Texas Instruments,True,True,2021-01-04,2026-04-30,True,,True,True,True
AIT-2023-12-001,2023-12-20,2023-12-20,TRI,Thomson Reuters,True,False,2021-01-04,2026-04-30,True,,True,True,True
AIT-2023-12-001,2023-12-20,2023-12-20,WDC,Western Digital,True,False,2021-01-04,2026-04-30,True,,True,True,True
AIT-2023-12-001,2023-12-20,2023-12-20,WDAY,"Workday, Inc.",True,False,2021-01-04,2026-04-30,True,,True,True,True
AIT-2023-12-001,2023-12-20,2023-12-20,ZS,"Zscaler, Inc.",True,False,2021-01-04,2026-04-30,True,,True,True,True
AIT-2023-12-002,2023-12-06,2023-12-06,ADBE,Adobe Inc.,True,False,2021-01-04,2026-04-30,True,,True,True,True
AIT-2023-12-002,2023-12-06,2023-12-06,AMD,Advanced Micro Devices,True,True,2021-01-04,2026-04-30,True,,True,True,True
AIT-2023-12-002,2023-12-06,2023-12-06,GOOGL,Alphabet Inc. (Class A),True,False,2021-01-04,2026-04-30,True,,True,True,True
AIT-2023-12-002,2023-12-06,2023-12-06,GOOG,Alphabet Inc. (Class C),True,False,2021-01-04,2026-04-30,True,,True,True,True
AIT-2023-12-002,2023-12-06,2023-12-06,ADI,Analog Devices,True,True,2021-01-04,2026-04-30,True,,True,True,True
AIT-2023-12-002,2023-12-06,2023-12-06,AAPL,Apple Inc.,True,False,2021-01-04,2026-04-30,True,,True,True,True
AIT-2023-12-002,2023-12-06,2023-12-06,AMAT,Applied Materials,True,True,2021-01-04,2026-04-30,True,,True,True,True
AIT-2023-12-002,2023-12-06,2023-12-06,APP,AppLovin,True,False,2021-04-15,2026-04-30,True,,True,True,True
AIT-2023-12-002,2023-12-06,2023-12-06,ARM,Arm Holdings,True,False,2023-09-14,2026-04-30,False,2023-02-17;2023-02-21,False,True,False
AIT-2023-12-002,2023-12-06,2023-12-06,ASML,ASML Holding,True,True,2021-01-04,2026-04-30,True,,True,True,True
AIT-2023-12-002,2023-12-06,2023-12-06,ADSK,Autodesk,True,False,2021-01-04,2026-04-30,True,,True,True,True
AIT-2023-12-002,2023-12-06,2023-12-06,AVGO,Broadcom,True,True,2021-01-04,2026-04-30,True,,True,True,True
AIT-2023-12-002,2023-12-06,2023-12-06,CDNS,Cadence Design Systems,True,False,2021-01-04,2026-04-30,True,,True,True,True
AIT-2023-12-002,2023-12-06,2023-12-06,CTSH,Cognizant Technology Solutions Corporation,True,False,2021-01-04,2026-04-30,True,,True,True,True
AIT-2023-12-002,2023-12-06,2023-12-06,CRWD,CrowdStrike,True,False,2021-01-04,2026-04-30,True,,True,True,True
AIT-2023-12-002,2023-12-06,2023-12-06,DDOG,Datadog,True,False,2021-01-04,2026-04-30,True,,True,True,True
AIT-2023-12-002,2023-12-06,2023-12-06,DASH,DoorDash,True,False,2021-01-04,2026-04-30,True,,True,True,True
AIT-2023-12-002,2023-12-06,2023-12-06,FTNT,Fortinet,True,False,2021-01-04,2026-04-30,True,,True,True,True
AIT-2023-12-002,2023-12-06,2023-12-06,INTC,Intel,True,True,2021-01-04,2026-04-30,True,,True,True,True
AIT-2023-12-002,2023-12-06,2023-12-06,INTU,Intuit,True,False,2021-01-04,2026-04-30,True,,True,True,True
AIT-2023-12-002,2023-12-06,2023-12-06,KLAC,KLA Corporation,True,True,2021-01-04,2026-04-30,True,,True,True,True
AIT-2023-12-002,2023-12-06,2023-12-06,LRCX,Lam Research,True,True,2021-01-04,2026-04-30,True,,True,True,True
AIT-2023-12-002,2023-12-06,2023-12-06,MRVL,Marvell Technology,True,True,2021-01-04,2026-04-30,True,,True,True,True
AIT-2023-12-002,2023-12-06,2023-12-06,META,Meta Platforms,True,False,2021-01-04,2026-04-30,True,,True,True,True
AIT-2023-12-002,2023-12-06,2023-12-06,MCHP,Microchip Technology,True,True,2021-01-04,2026-04-30,True,,True,True,True
AIT-2023-12-002,2023-12-06,2023-12-06,MU,Micron Technology,True,True,2021-01-04,2026-04-30,True,,True,True,True
AIT-2023-12-002,2023-12-06,2023-12-06,MSFT,Microsoft,True,False,2021-01-04,2026-04-30,True,,True,True,True
AIT-2023-12-002,2023-12-06,2023-12-06,MPWR,Monolithic Power Systems,True,True,2021-01-04,2026-04-30,True,,True,True,True
AIT-2023-12-002,2023-12-06,2023-12-06,NVDA,Nvidia,True,True,2021-01-04,2026-04-30,True,,True,True,True
AIT-2023-12-002,2023-12-06,2023-12-06,NXPI,NXP Semiconductors,True,True,2021-01-04,2026-04-30,True,,True,True,True
AIT-2023-12-002,2023-12-06,2023-12-06,PLTR,Palantir Technologies,True,False,2021-01-04,2026-04-30,True,,True,True,True
AIT-2023-12-002,2023-12-06,2023-12-06,PANW,Palo Alto Networks,True,False,2021-01-04,2026-04-30,True,,True,True,True
AIT-2023-12-002,2023-12-06,2023-12-06,PDD,PDD Holdings,True,False,2021-01-04,2026-04-30,True,,True,True,True
AIT-2023-12-002,2023-12-06,2023-12-06,QCOM,Qualcomm,True,True,2021-01-04,2026-04-30,True,,True,True,True
AIT-2023-12-002,2023-12-06,2023-12-06,ROP,Roper Technologies,True,False,2021-01-04,2026-04-30,True,,True,True,True
AIT-2023-12-002,2023-12-06,2023-12-06,SNDK,Sandisk,True,False,2025-02-13,2026-04-30,False,2023-02-17;2023-02-21;2023-11-21;2023-11-21;2023-12-04;2023-12-06;2024-01-05,False,False,False
AIT-2023-12-002,2023-12-06,2023-12-06,STX,Seagate Technology,True,False,2021-01-04,2026-04-30,True,,True,True,True
AIT-2023-12-002,2023-12-06,2023-12-06,SHOP,Shopify,True,False,2021-01-04,2026-04-30,True,,True,True,True
AIT-2023-12-002,2023-12-06,2023-12-06,MSTR,MicroStrategy,True,False,2021-01-04,2026-04-30,True,,True,True,True
AIT-2023-12-002,2023-12-06,2023-12-06,SNPS,Synopsys,True,False,2021-01-04,2026-04-30,True,,True,True,True
AIT-2023-12-002,2023-12-06,2023-12-06,TXN,Texas Instruments,True,True,2021-01-04,2026-04-30,True,,True,True,True
AIT-2023-12-002,2023-12-06,2023-12-06,TRI,Thomson Reuters,True,False,2021-01-04,2026-04-30,True,,True,True,True
AIT-2023-12-002,2023-12-06,2023-12-06,WDC,Western Digital,True,False,2021-01-04,2026-04-30,True,,True,True,True
AIT-2023-12-002,2023-12-06,2023-12-06,WDAY,"Workday, Inc.",True,False,2021-01-04,2026-04-30,True,,True,True,True
AIT-2023-12-002,2023-12-06,2023-12-06,ZS,"Zscaler, Inc.",True,False,2021-01-04,2026-04-30,True,,True,True,True
AIT-2024-02-001,2024-02-22,2024-02-22,ADBE,Adobe Inc.,True,False,2021-01-04,2026-04-30,True,,True,True,True
AIT-2024-02-001,2024-02-22,2024-02-22,AMD,Advanced Micro Devices,True,True,2021-01-04,2026-04-30,True,,True,True,True
AIT-2024-02-001,2024-02-22,2024-02-22,GOOGL,Alphabet Inc. (Class A),True,False,2021-01-04,2026-04-30,True,,True,True,True
AIT-2024-02-001,2024-02-22,2024-02-22,GOOG,Alphabet Inc. (Class C),True,False,2021-01-04,2026-04-30,True,,True,True,True
AIT-2024-02-001,2024-02-22,2024-02-22,ADI,Analog Devices,True,True,2021-01-04,2026-04-30,True,,True,True,True
AIT-2024-02-001,2024-02-22,2024-02-22,AAPL,Apple Inc.,True,False,2021-01-04,2026-04-30,True,,True,True,True
AIT-2024-02-001,2024-02-22,2024-02-22,AMAT,Applied Materials,True,True,2021-01-04,2026-04-30,True,,True,True,True
AIT-2024-02-001,2024-02-22,2024-02-22,APP,AppLovin,True,False,2021-04-15,2026-04-30,True,,True,True,True
AIT-2024-02-001,2024-02-22,2024-02-22,ARM,Arm Holdings,True,False,2023-09-14,2026-04-30,False,2023-05-04;2023-05-05,False,True,False
AIT-2024-02-001,2024-02-22,2024-02-22,ASML,ASML Holding,True,True,2021-01-04,2026-04-30,True,,True,True,True
AIT-2024-02-001,2024-02-22,2024-02-22,ADSK,Autodesk,True,False,2021-01-04,2026-04-30,True,,True,True,True
AIT-2024-02-001,2024-02-22,2024-02-22,AVGO,Broadcom,True,True,2021-01-04,2026-04-30,True,,True,True,True
AIT-2024-02-001,2024-02-22,2024-02-22,CDNS,Cadence Design Systems,True,False,2021-01-04,2026-04-30,True,,True,True,True
AIT-2024-02-001,2024-02-22,2024-02-22,CTSH,Cognizant Technology Solutions Corporation,True,False,2021-01-04,2026-04-30,True,,True,True,True
AIT-2024-02-001,2024-02-22,2024-02-22,CRWD,CrowdStrike,True,False,2021-01-04,2026-04-30,True,,True,True,True
AIT-2024-02-001,2024-02-22,2024-02-22,DDOG,Datadog,True,False,2021-01-04,2026-04-30,True,,True,True,True
AIT-2024-02-001,2024-02-22,2024-02-22,DASH,DoorDash,True,False,2021-01-04,2026-04-30,True,,True,True,True
AIT-2024-02-001,2024-02-22,2024-02-22,FTNT,Fortinet,True,False,2021-01-04,2026-04-30,True,,True,True,True
AIT-2024-02-001,2024-02-22,2024-02-22,INTC,Intel,True,True,2021-01-04,2026-04-30,True,,True,True,True
AIT-2024-02-001,2024-02-22,2024-02-22,INTU,Intuit,True,False,2021-01-04,2026-04-30,True,,True,True,True
AIT-2024-02-001,2024-02-22,2024-02-22,KLAC,KLA Corporation,True,True,2021-01-04,2026-04-30,True,,True,True,True
AIT-2024-02-001,2024-02-22,2024-02-22,LRCX,Lam Research,True,True,2021-01-04,2026-04-30,True,,True,True,True
AIT-2024-02-001,2024-02-22,2024-02-22,MRVL,Marvell Technology,True,True,2021-01-04,2026-04-30,True,,True,True,True
AIT-2024-02-001,2024-02-22,2024-02-22,META,Meta Platforms,True,False,2021-01-04,2026-04-30,True,,True,True,True
AIT-2024-02-001,2024-02-22,2024-02-22,MCHP,Microchip Technology,True,True,2021-01-04,2026-04-30,True,,True,True,True
AIT-2024-02-001,2024-02-22,2024-02-22,MU,Micron Technology,True,True,2021-01-04,2026-04-30,True,,True,True,True
AIT-2024-02-001,2024-02-22,2024-02-22,MSFT,Microsoft,True,False,2021-01-04,2026-04-30,True,,True,True,True
AIT-2024-02-001,2024-02-22,2024-02-22,MPWR,Monolithic Power Systems,True,True,2021-01-04,2026-04-30,True,,True,True,True
AIT-2024-02-001,2024-02-22,2024-02-22,NVDA,Nvidia,True,True,2021-01-04,2026-04-30,True,,True,True,True
AIT-2024-02-001,2024-02-22,2024-02-22,NXPI,NXP Semiconductors,True,True,2021-01-04,2026-04-30,True,,True,True,True
AIT-2024-02-001,2024-02-22,2024-02-22,PLTR,Palantir Technologies,True,False,2021-01-04,2026-04-30,True,,True,True,True
AIT-2024-02-001,2024-02-22,2024-02-22,PANW,Palo Alto Networks,True,False,2021-01-04,2026-04-30,True,,True,True,True
AIT-2024-02-001,2024-02-22,2024-02-22,PDD,PDD Holdings,True,False,2021-01-04,2026-04-30,True,,True,True,True
AIT-2024-02-001,2024-02-22,2024-02-22,QCOM,Qualcomm,True,True,2021-01-04,2026-04-30,True,,True,True,True
AIT-2024-02-001,2024-02-22,2024-02-22,ROP,Roper Technologies,True,False,2021-01-04,2026-04-30,True,,True,True,True
AIT-2024-02-001,2024-02-22,2024-02-22,SNDK,Sandisk,True,False,2025-02-13,2026-04-30,False,2023-05-04;2023-05-05;2024-02-07;2024-02-07;2024-02-20;2024-02-22;2024-03-21,False,False,False
AIT-2024-02-001,2024-02-22,2024-02-22,STX,Seagate Technology,True,False,2021-01-04,2026-04-30,True,,True,True,True
AIT-2024-02-001,2024-02-22,2024-02-22,SHOP,Shopify,True,False,2021-01-04,2026-04-30,True,,True,True,True
AIT-2024-02-001,2024-02-22,2024-02-22,MSTR,MicroStrategy,True,False,2021-01-04,2026-04-30,True,,True,True,True
AIT-2024-02-001,2024-02-22,2024-02-22,SNPS,Synopsys,True,False,2021-01-04,2026-04-30,True,,True,True,True
AIT-2024-02-001,2024-02-22,2024-02-22,TXN,Texas Instruments,True,True,2021-01-04,2026-04-30,True,,True,True,True
AIT-2024-02-001,2024-02-22,2024-02-22,TRI,Thomson Reuters,True,False,2021-01-04,2026-04-30,True,,True,True,True
AIT-2024-02-001,2024-02-22,2024-02-22,WDC,Western Digital,True,False,2021-01-04,2026-04-30,True,,True,True,True
AIT-2024-02-001,2024-02-22,2024-02-22,WDAY,"Workday, Inc.",True,False,2021-01-04,2026-04-30,True,,True,True,True
AIT-2024-02-001,2024-02-22,2024-02-22,ZS,"Zscaler, Inc.",True,False,2021-01-04,2026-04-30,True,,True,True,True
AIT-2024-02-003,2024-02-15,2024-02-15,ADBE,Adobe Inc.,True,False,2021-01-04,2026-04-30,True,,True,True,True
AIT-2024-02-003,2024-02-15,2024-02-15,AMD,Advanced Micro Devices,True,True,2021-01-04,2026-04-30,True,,True,True,True
AIT-2024-02-003,2024-02-15,2024-02-15,GOOGL,Alphabet Inc. (Class A),True,False,2021-01-04,2026-04-30,True,,True,True,True
AIT-2024-02-003,2024-02-15,2024-02-15,GOOG,Alphabet Inc. (Class C),True,False,2021-01-04,2026-04-30,True,,True,True,True
AIT-2024-02-003,2024-02-15,2024-02-15,ADI,Analog Devices,True,True,2021-01-04,2026-04-30,True,,True,True,True
AIT-2024-02-003,2024-02-15,2024-02-15,AAPL,Apple Inc.,True,False,2021-01-04,2026-04-30,True,,True,True,True
AIT-2024-02-003,2024-02-15,2024-02-15,AMAT,Applied Materials,True,True,2021-01-04,2026-04-30,True,,True,True,True
AIT-2024-02-003,2024-02-15,2024-02-15,APP,AppLovin,True,False,2021-04-15,2026-04-30,True,,True,True,True
AIT-2024-02-003,2024-02-15,2024-02-15,ARM,Arm Holdings,True,False,2023-09-14,2026-04-30,False,2023-04-28;2023-05-01,False,True,False
AIT-2024-02-003,2024-02-15,2024-02-15,ASML,ASML Holding,True,True,2021-01-04,2026-04-30,True,,True,True,True
AIT-2024-02-003,2024-02-15,2024-02-15,ADSK,Autodesk,True,False,2021-01-04,2026-04-30,True,,True,True,True
AIT-2024-02-003,2024-02-15,2024-02-15,AVGO,Broadcom,True,True,2021-01-04,2026-04-30,True,,True,True,True
AIT-2024-02-003,2024-02-15,2024-02-15,CDNS,Cadence Design Systems,True,False,2021-01-04,2026-04-30,True,,True,True,True
AIT-2024-02-003,2024-02-15,2024-02-15,CTSH,Cognizant Technology Solutions Corporation,True,False,2021-01-04,2026-04-30,True,,True,True,True
AIT-2024-02-003,2024-02-15,2024-02-15,CRWD,CrowdStrike,True,False,2021-01-04,2026-04-30,True,,True,True,True
AIT-2024-02-003,2024-02-15,2024-02-15,DDOG,Datadog,True,False,2021-01-04,2026-04-30,True,,True,True,True
AIT-2024-02-003,2024-02-15,2024-02-15,DASH,DoorDash,True,False,2021-01-04,2026-04-30,True,,True,True,True
AIT-2024-02-003,2024-02-15,2024-02-15,FTNT,Fortinet,True,False,2021-01-04,2026-04-30,True,,True,True,True
AIT-2024-02-003,2024-02-15,2024-02-15,INTC,Intel,True,True,2021-01-04,2026-04-30,True,,True,True,True
AIT-2024-02-003,2024-02-15,2024-02-15,INTU,Intuit,True,False,2021-01-04,2026-04-30,True,,True,True,True
AIT-2024-02-003,2024-02-15,2024-02-15,KLAC,KLA Corporation,True,True,2021-01-04,2026-04-30,True,,True,True,True
AIT-2024-02-003,2024-02-15,2024-02-15,LRCX,Lam Research,True,True,2021-01-04,2026-04-30,True,,True,True,True
AIT-2024-02-003,2024-02-15,2024-02-15,MRVL,Marvell Technology,True,True,2021-01-04,2026-04-30,True,,True,True,True
AIT-2024-02-003,2024-02-15,2024-02-15,META,Meta Platforms,True,False,2021-01-04,2026-04-30,True,,True,True,True
AIT-2024-02-003,2024-02-15,2024-02-15,MCHP,Microchip Technology,True,True,2021-01-04,2026-04-30,True,,True,True,True
AIT-2024-02-003,2024-02-15,2024-02-15,MU,Micron Technology,True,True,2021-01-04,2026-04-30,True,,True,True,True
AIT-2024-02-003,2024-02-15,2024-02-15,MSFT,Microsoft,True,False,2021-01-04,2026-04-30,True,,True,True,True
AIT-2024-02-003,2024-02-15,2024-02-15,MPWR,Monolithic Power Systems,True,True,2021-01-04,2026-04-30,True,,True,True,True
AIT-2024-02-003,2024-02-15,2024-02-15,NVDA,Nvidia,True,True,2021-01-04,2026-04-30,True,,True,True,True
AIT-2024-02-003,2024-02-15,2024-02-15,NXPI,NXP Semiconductors,True,True,2021-01-04,2026-04-30,True,,True,True,True
AIT-2024-02-003,2024-02-15,2024-02-15,PLTR,Palantir Technologies,True,False,2021-01-04,2026-04-30,True,,True,True,True
AIT-2024-02-003,2024-02-15,2024-02-15,PANW,Palo Alto Networks,True,False,2021-01-04,2026-04-30,True,,True,True,True
AIT-2024-02-003,2024-02-15,2024-02-15,PDD,PDD Holdings,True,False,2021-01-04,2026-04-30,True,,True,True,True
AIT-2024-02-003,2024-02-15,2024-02-15,QCOM,Qualcomm,True,True,2021-01-04,2026-04-30,True,,True,True,True
AIT-2024-02-003,2024-02-15,2024-02-15,ROP,Roper Technologies,True,False,2021-01-04,2026-04-30,True,,True,True,True
AIT-2024-02-003,2024-02-15,2024-02-15,SNDK,Sandisk,True,False,2025-02-13,2026-04-30,False,2023-04-28;2023-05-01;2024-02-01;2024-02-01;2024-02-13;2024-02-15;2024-03-15,False,False,False
AIT-2024-02-003,2024-02-15,2024-02-15,STX,Seagate Technology,True,False,2021-01-04,2026-04-30,True,,True,True,True
AIT-2024-02-003,2024-02-15,2024-02-15,SHOP,Shopify,True,False,2021-01-04,2026-04-30,True,,True,True,True
AIT-2024-02-003,2024-02-15,2024-02-15,MSTR,MicroStrategy,True,False,2021-01-04,2026-04-30,True,,True,True,True
AIT-2024-02-003,2024-02-15,2024-02-15,SNPS,Synopsys,True,False,2021-01-04,2026-04-30,True,,True,True,True
AIT-2024-02-003,2024-02-15,2024-02-15,TXN,Texas Instruments,True,True,2021-01-04,2026-04-30,True,,True,True,True
AIT-2024-02-003,2024-02-15,2024-02-15,TRI,Thomson Reuters,True,False,2021-01-04,2026-04-30,True,,True,True,True
AIT-2024-02-003,2024-02-15,2024-02-15,WDC,Western Digital,True,False,2021-01-04,2026-04-30,True,,True,True,True
AIT-2024-02-003,2024-02-15,2024-02-15,WDAY,"Workday, Inc.",True,False,2021-01-04,2026-04-30,True,,True,True,True
AIT-2024-02-003,2024-02-15,2024-02-15,ZS,"Zscaler, Inc.",True,False,2021-01-04,2026-04-30,True,,True,True,True
AIT-2024-03-002,2024-03-04,2024-03-04,ADBE,Adobe Inc.,True,False,2021-01-04,2026-04-30,True,,True,True,True
AIT-2024-03-002,2024-03-04,2024-03-04,AMD,Advanced Micro Devices,True,True,2021-01-04,2026-04-30,True,,True,True,True
AIT-2024-03-002,2024-03-04,2024-03-04,GOOGL,Alphabet Inc. (Class A),True,False,2021-01-04,2026-04-30,True,,True,True,True
AIT-2024-03-002,2024-03-04,2024-03-04,GOOG,Alphabet Inc. (Class C),True,False,2021-01-04,2026-04-30,True,,True,True,True
AIT-2024-03-002,2024-03-04,2024-03-04,ADI,Analog Devices,True,True,2021-01-04,2026-04-30,True,,True,True,True
AIT-2024-03-002,2024-03-04,2024-03-04,AAPL,Apple Inc.,True,False,2021-01-04,2026-04-30,True,,True,True,True
AIT-2024-03-002,2024-03-04,2024-03-04,AMAT,Applied Materials,True,True,2021-01-04,2026-04-30,True,,True,True,True
AIT-2024-03-002,2024-03-04,2024-03-04,APP,AppLovin,True,False,2021-04-15,2026-04-30,True,,True,True,True
AIT-2024-03-002,2024-03-04,2024-03-04,ARM,Arm Holdings,True,False,2023-09-14,2026-04-30,False,2023-05-15;2023-05-16,False,True,False
AIT-2024-03-002,2024-03-04,2024-03-04,ASML,ASML Holding,True,True,2021-01-04,2026-04-30,True,,True,True,True
AIT-2024-03-002,2024-03-04,2024-03-04,ADSK,Autodesk,True,False,2021-01-04,2026-04-30,True,,True,True,True
AIT-2024-03-002,2024-03-04,2024-03-04,AVGO,Broadcom,True,True,2021-01-04,2026-04-30,True,,True,True,True
AIT-2024-03-002,2024-03-04,2024-03-04,CDNS,Cadence Design Systems,True,False,2021-01-04,2026-04-30,True,,True,True,True
AIT-2024-03-002,2024-03-04,2024-03-04,CTSH,Cognizant Technology Solutions Corporation,True,False,2021-01-04,2026-04-30,True,,True,True,True
AIT-2024-03-002,2024-03-04,2024-03-04,CRWD,CrowdStrike,True,False,2021-01-04,2026-04-30,True,,True,True,True
AIT-2024-03-002,2024-03-04,2024-03-04,DDOG,Datadog,True,False,2021-01-04,2026-04-30,True,,True,True,True
AIT-2024-03-002,2024-03-04,2024-03-04,DASH,DoorDash,True,False,2021-01-04,2026-04-30,True,,True,True,True
AIT-2024-03-002,2024-03-04,2024-03-04,FTNT,Fortinet,True,False,2021-01-04,2026-04-30,True,,True,True,True
AIT-2024-03-002,2024-03-04,2024-03-04,INTC,Intel,True,True,2021-01-04,2026-04-30,True,,True,True,True
AIT-2024-03-002,2024-03-04,2024-03-04,INTU,Intuit,True,False,2021-01-04,2026-04-30,True,,True,True,True
AIT-2024-03-002,2024-03-04,2024-03-04,KLAC,KLA Corporation,True,True,2021-01-04,2026-04-30,True,,True,True,True
AIT-2024-03-002,2024-03-04,2024-03-04,LRCX,Lam Research,True,True,2021-01-04,2026-04-30,True,,True,True,True
AIT-2024-03-002,2024-03-04,2024-03-04,MRVL,Marvell Technology,True,True,2021-01-04,2026-04-30,True,,True,True,True
AIT-2024-03-002,2024-03-04,2024-03-04,META,Meta Platforms,True,False,2021-01-04,2026-04-30,True,,True,True,True
AIT-2024-03-002,2024-03-04,2024-03-04,MCHP,Microchip Technology,True,True,2021-01-04,2026-04-30,True,,True,True,True
AIT-2024-03-002,2024-03-04,2024-03-04,MU,Micron Technology,True,True,2021-01-04,2026-04-30,True,,True,True,True
AIT-2024-03-002,2024-03-04,2024-03-04,MSFT,Microsoft,True,False,2021-01-04,2026-04-30,True,,True,True,True
AIT-2024-03-002,2024-03-04,2024-03-04,MPWR,Monolithic Power Systems,True,True,2021-01-04,2026-04-30,True,,True,True,True
AIT-2024-03-002,2024-03-04,2024-03-04,NVDA,Nvidia,True,True,2021-01-04,2026-04-30,True,,True,True,True
AIT-2024-03-002,2024-03-04,2024-03-04,NXPI,NXP Semiconductors,True,True,2021-01-04,2026-04-30,True,,True,True,True
AIT-2024-03-002,2024-03-04,2024-03-04,PLTR,Palantir Technologies,True,False,2021-01-04,2026-04-30,True,,True,True,True
AIT-2024-03-002,2024-03-04,2024-03-04,PANW,Palo Alto Networks,True,False,2021-01-04,2026-04-30,True,,True,True,True
AIT-2024-03-002,2024-03-04,2024-03-04,PDD,PDD Holdings,True,False,2021-01-04,2026-04-30,True,,True,True,True
AIT-2024-03-002,2024-03-04,2024-03-04,QCOM,Qualcomm,True,True,2021-01-04,2026-04-30,True,,True,True,True
AIT-2024-03-002,2024-03-04,2024-03-04,ROP,Roper Technologies,True,False,2021-01-04,2026-04-30,True,,True,True,True
AIT-2024-03-002,2024-03-04,2024-03-04,SNDK,Sandisk,True,False,2025-02-13,2026-04-30,False,2023-05-15;2023-05-16;2024-02-16;2024-02-16;2024-02-29;2024-03-04;2024-04-02,False,False,False
AIT-2024-03-002,2024-03-04,2024-03-04,STX,Seagate Technology,True,False,2021-01-04,2026-04-30,True,,True,True,True
AIT-2024-03-002,2024-03-04,2024-03-04,SHOP,Shopify,True,False,2021-01-04,2026-04-30,True,,True,True,True
AIT-2024-03-002,2024-03-04,2024-03-04,MSTR,MicroStrategy,True,False,2021-01-04,2026-04-30,True,,True,True,True
AIT-2024-03-002,2024-03-04,2024-03-04,SNPS,Synopsys,True,False,2021-01-04,2026-04-30,True,,True,True,True
AIT-2024-03-002,2024-03-04,2024-03-04,TXN,Texas Instruments,True,True,2021-01-04,2026-04-30,True,,True,True,True
AIT-2024-03-002,2024-03-04,2024-03-04,TRI,Thomson Reuters,True,False,2021-01-04,2026-04-30,True,,True,True,True
AIT-2024-03-002,2024-03-04,2024-03-04,WDC,Western Digital,True,False,2021-01-04,2026-04-30,True,,True,True,True
AIT-2024-03-002,2024-03-04,2024-03-04,WDAY,"Workday, Inc.",True,False,2021-01-04,2026-04-30,True,,True,True,True
AIT-2024-03-002,2024-03-04,2024-03-04,ZS,"Zscaler, Inc.",True,False,2021-01-04,2026-04-30,True,,True,True,True
AIT-2024-04-001,2024-04-03,2024-04-03,ADBE,Adobe Inc.,True,False,2021-01-04,2026-04-30,True,,True,True,True
AIT-2024-04-001,2024-04-03,2024-04-03,AMD,Advanced Micro Devices,True,True,2021-01-04,2026-04-30,True,,True,True,True
AIT-2024-04-001,2024-04-03,2024-04-03,GOOGL,Alphabet Inc. (Class A),True,False,2021-01-04,2026-04-30,True,,True,True,True
AIT-2024-04-001,2024-04-03,2024-04-03,GOOG,Alphabet Inc. (Class C),True,False,2021-01-04,2026-04-30,True,,True,True,True
AIT-2024-04-001,2024-04-03,2024-04-03,ADI,Analog Devices,True,True,2021-01-04,2026-04-30,True,,True,True,True
AIT-2024-04-001,2024-04-03,2024-04-03,AAPL,Apple Inc.,True,False,2021-01-04,2026-04-30,True,,True,True,True
AIT-2024-04-001,2024-04-03,2024-04-03,AMAT,Applied Materials,True,True,2021-01-04,2026-04-30,True,,True,True,True
AIT-2024-04-001,2024-04-03,2024-04-03,APP,AppLovin,True,False,2021-04-15,2026-04-30,True,,True,True,True
AIT-2024-04-001,2024-04-03,2024-04-03,ARM,Arm Holdings,True,False,2023-09-14,2026-04-30,False,2023-06-14;2023-06-15,False,True,False
AIT-2024-04-001,2024-04-03,2024-04-03,ASML,ASML Holding,True,True,2021-01-04,2026-04-30,True,,True,True,True
AIT-2024-04-001,2024-04-03,2024-04-03,ADSK,Autodesk,True,False,2021-01-04,2026-04-30,True,,True,True,True
AIT-2024-04-001,2024-04-03,2024-04-03,AVGO,Broadcom,True,True,2021-01-04,2026-04-30,True,,True,True,True
AIT-2024-04-001,2024-04-03,2024-04-03,CDNS,Cadence Design Systems,True,False,2021-01-04,2026-04-30,True,,True,True,True
AIT-2024-04-001,2024-04-03,2024-04-03,CTSH,Cognizant Technology Solutions Corporation,True,False,2021-01-04,2026-04-30,True,,True,True,True
AIT-2024-04-001,2024-04-03,2024-04-03,CRWD,CrowdStrike,True,False,2021-01-04,2026-04-30,True,,True,True,True
AIT-2024-04-001,2024-04-03,2024-04-03,DDOG,Datadog,True,False,2021-01-04,2026-04-30,True,,True,True,True
AIT-2024-04-001,2024-04-03,2024-04-03,DASH,DoorDash,True,False,2021-01-04,2026-04-30,True,,True,True,True
AIT-2024-04-001,2024-04-03,2024-04-03,FTNT,Fortinet,True,False,2021-01-04,2026-04-30,True,,True,True,True
AIT-2024-04-001,2024-04-03,2024-04-03,INTC,Intel,True,True,2021-01-04,2026-04-30,True,,True,True,True
AIT-2024-04-001,2024-04-03,2024-04-03,INTU,Intuit,True,False,2021-01-04,2026-04-30,True,,True,True,True
AIT-2024-04-001,2024-04-03,2024-04-03,KLAC,KLA Corporation,True,True,2021-01-04,2026-04-30,True,,True,True,True
AIT-2024-04-001,2024-04-03,2024-04-03,LRCX,Lam Research,True,True,2021-01-04,2026-04-30,True,,True,True,True
AIT-2024-04-001,2024-04-03,2024-04-03,MRVL,Marvell Technology,True,True,2021-01-04,2026-04-30,True,,True,True,True
AIT-2024-04-001,2024-04-03,2024-04-03,META,Meta Platforms,True,False,2021-01-04,2026-04-30,True,,True,True,True
AIT-2024-04-001,2024-04-03,2024-04-03,MCHP,Microchip Technology,True,True,2021-01-04,2026-04-30,True,,True,True,True
AIT-2024-04-001,2024-04-03,2024-04-03,MU,Micron Technology,True,True,2021-01-04,2026-04-30,True,,True,True,True
AIT-2024-04-001,2024-04-03,2024-04-03,MSFT,Microsoft,True,False,2021-01-04,2026-04-30,True,,True,True,True
AIT-2024-04-001,2024-04-03,2024-04-03,MPWR,Monolithic Power Systems,True,True,2021-01-04,2026-04-30,True,,True,True,True
AIT-2024-04-001,2024-04-03,2024-04-03,NVDA,Nvidia,True,True,2021-01-04,2026-04-30,True,,True,True,True
AIT-2024-04-001,2024-04-03,2024-04-03,NXPI,NXP Semiconductors,True,True,2021-01-04,2026-04-30,True,,True,True,True
AIT-2024-04-001,2024-04-03,2024-04-03,PLTR,Palantir Technologies,True,False,2021-01-04,2026-04-30,True,,True,True,True
AIT-2024-04-001,2024-04-03,2024-04-03,PANW,Palo Alto Networks,True,False,2021-01-04,2026-04-30,True,,True,True,True
AIT-2024-04-001,2024-04-03,2024-04-03,PDD,PDD Holdings,True,False,2021-01-04,2026-04-30,True,,True,True,True
AIT-2024-04-001,2024-04-03,2024-04-03,QCOM,Qualcomm,True,True,2021-01-04,2026-04-30,True,,True,True,True
AIT-2024-04-001,2024-04-03,2024-04-03,ROP,Roper Technologies,True,False,2021-01-04,2026-04-30,True,,True,True,True
AIT-2024-04-001,2024-04-03,2024-04-03,SNDK,Sandisk,True,False,2025-02-13,2026-04-30,False,2023-06-14;2023-06-15;2024-03-19;2024-03-19;2024-04-01;2024-04-03;2024-05-01,False,False,False
AIT-2024-04-001,2024-04-03,2024-04-03,STX,Seagate Technology,True,False,2021-01-04,2026-04-30,True,,True,True,True
AIT-2024-04-001,2024-04-03,2024-04-03,SHOP,Shopify,True,False,2021-01-04,2026-04-30,True,,True,True,True
AIT-2024-04-001,2024-04-03,2024-04-03,MSTR,MicroStrategy,True,False,2021-01-04,2026-04-30,True,,True,True,True
AIT-2024-04-001,2024-04-03,2024-04-03,SNPS,Synopsys,True,False,2021-01-04,2026-04-30,True,,True,True,True
AIT-2024-04-001,2024-04-03,2024-04-03,TXN,Texas Instruments,True,True,2021-01-04,2026-04-30,True,,True,True,True
AIT-2024-04-001,2024-04-03,2024-04-03,TRI,Thomson Reuters,True,False,2021-01-04,2026-04-30,True,,True,True,True
AIT-2024-04-001,2024-04-03,2024-04-03,WDC,Western Digital,True,False,2021-01-04,2026-04-30,True,,True,True,True
AIT-2024-04-001,2024-04-03,2024-04-03,WDAY,"Workday, Inc.",True,False,2021-01-04,2026-04-30,True,,True,True,True
AIT-2024-04-001,2024-04-03,2024-04-03,ZS,"Zscaler, Inc.",True,False,2021-01-04,2026-04-30,True,,True,True,True
AIT-2024-04-003,2024-04-17,2024-04-17,ADBE,Adobe Inc.,True,False,2021-01-04,2026-04-30,True,,True,True,True
AIT-2024-04-003,2024-04-17,2024-04-17,AMD,Advanced Micro Devices,True,True,2021-01-04,2026-04-30,True,,True,True,True
AIT-2024-04-003,2024-04-17,2024-04-17,GOOGL,Alphabet Inc. (Class A),True,False,2021-01-04,2026-04-30,True,,True,True,True
AIT-2024-04-003,2024-04-17,2024-04-17,GOOG,Alphabet Inc. (Class C),True,False,2021-01-04,2026-04-30,True,,True,True,True
AIT-2024-04-003,2024-04-17,2024-04-17,ADI,Analog Devices,True,True,2021-01-04,2026-04-30,True,,True,True,True
AIT-2024-04-003,2024-04-17,2024-04-17,AAPL,Apple Inc.,True,False,2021-01-04,2026-04-30,True,,True,True,True
AIT-2024-04-003,2024-04-17,2024-04-17,AMAT,Applied Materials,True,True,2021-01-04,2026-04-30,True,,True,True,True
AIT-2024-04-003,2024-04-17,2024-04-17,APP,AppLovin,True,False,2021-04-15,2026-04-30,True,,True,True,True
AIT-2024-04-003,2024-04-17,2024-04-17,ARM,Arm Holdings,True,False,2023-09-14,2026-04-30,False,2023-06-29;2023-06-30,False,True,False
AIT-2024-04-003,2024-04-17,2024-04-17,ASML,ASML Holding,True,True,2021-01-04,2026-04-30,True,,True,True,True
AIT-2024-04-003,2024-04-17,2024-04-17,ADSK,Autodesk,True,False,2021-01-04,2026-04-30,True,,True,True,True
AIT-2024-04-003,2024-04-17,2024-04-17,AVGO,Broadcom,True,True,2021-01-04,2026-04-30,True,,True,True,True
AIT-2024-04-003,2024-04-17,2024-04-17,CDNS,Cadence Design Systems,True,False,2021-01-04,2026-04-30,True,,True,True,True
AIT-2024-04-003,2024-04-17,2024-04-17,CTSH,Cognizant Technology Solutions Corporation,True,False,2021-01-04,2026-04-30,True,,True,True,True
AIT-2024-04-003,2024-04-17,2024-04-17,CRWD,CrowdStrike,True,False,2021-01-04,2026-04-30,True,,True,True,True
AIT-2024-04-003,2024-04-17,2024-04-17,DDOG,Datadog,True,False,2021-01-04,2026-04-30,True,,True,True,True
AIT-2024-04-003,2024-04-17,2024-04-17,DASH,DoorDash,True,False,2021-01-04,2026-04-30,True,,True,True,True
AIT-2024-04-003,2024-04-17,2024-04-17,FTNT,Fortinet,True,False,2021-01-04,2026-04-30,True,,True,True,True
AIT-2024-04-003,2024-04-17,2024-04-17,INTC,Intel,True,True,2021-01-04,2026-04-30,True,,True,True,True
AIT-2024-04-003,2024-04-17,2024-04-17,INTU,Intuit,True,False,2021-01-04,2026-04-30,True,,True,True,True
AIT-2024-04-003,2024-04-17,2024-04-17,KLAC,KLA Corporation,True,True,2021-01-04,2026-04-30,True,,True,True,True
AIT-2024-04-003,2024-04-17,2024-04-17,LRCX,Lam Research,True,True,2021-01-04,2026-04-30,True,,True,True,True
AIT-2024-04-003,2024-04-17,2024-04-17,MRVL,Marvell Technology,True,True,2021-01-04,2026-04-30,True,,True,True,True
AIT-2024-04-003,2024-04-17,2024-04-17,META,Meta Platforms,True,False,2021-01-04,2026-04-30,True,,True,True,True
AIT-2024-04-003,2024-04-17,2024-04-17,MCHP,Microchip Technology,True,True,2021-01-04,2026-04-30,True,,True,True,True
AIT-2024-04-003,2024-04-17,2024-04-17,MU,Micron Technology,True,True,2021-01-04,2026-04-30,True,,True,True,True
AIT-2024-04-003,2024-04-17,2024-04-17,MSFT,Microsoft,True,False,2021-01-04,2026-04-30,True,,True,True,True
AIT-2024-04-003,2024-04-17,2024-04-17,MPWR,Monolithic Power Systems,True,True,2021-01-04,2026-04-30,True,,True,True,True
AIT-2024-04-003,2024-04-17,2024-04-17,NVDA,Nvidia,True,True,2021-01-04,2026-04-30,True,,True,True,True
AIT-2024-04-003,2024-04-17,2024-04-17,NXPI,NXP Semiconductors,True,True,2021-01-04,2026-04-30,True,,True,True,True
AIT-2024-04-003,2024-04-17,2024-04-17,PLTR,Palantir Technologies,True,False,2021-01-04,2026-04-30,True,,True,True,True
AIT-2024-04-003,2024-04-17,2024-04-17,PANW,Palo Alto Networks,True,False,2021-01-04,2026-04-30,True,,True,True,True
AIT-2024-04-003,2024-04-17,2024-04-17,PDD,PDD Holdings,True,False,2021-01-04,2026-04-30,True,,True,True,True
AIT-2024-04-003,2024-04-17,2024-04-17,QCOM,Qualcomm,True,True,2021-01-04,2026-04-30,True,,True,True,True
AIT-2024-04-003,2024-04-17,2024-04-17,ROP,Roper Technologies,True,False,2021-01-04,2026-04-30,True,,True,True,True
AIT-2024-04-003,2024-04-17,2024-04-17,SNDK,Sandisk,True,False,2025-02-13,2026-04-30,False,2023-06-29;2023-06-30;2024-04-03;2024-04-03;2024-04-15;2024-04-17;2024-05-15,False,False,False
AIT-2024-04-003,2024-04-17,2024-04-17,STX,Seagate Technology,True,False,2021-01-04,2026-04-30,True,,True,True,True
AIT-2024-04-003,2024-04-17,2024-04-17,SHOP,Shopify,True,False,2021-01-04,2026-04-30,True,,True,True,True
AIT-2024-04-003,2024-04-17,2024-04-17,MSTR,MicroStrategy,True,False,2021-01-04,2026-04-30,True,,True,True,True
AIT-2024-04-003,2024-04-17,2024-04-17,SNPS,Synopsys,True,False,2021-01-04,2026-04-30,True,,True,True,True
AIT-2024-04-003,2024-04-17,2024-04-17,TXN,Texas Instruments,True,True,2021-01-04,2026-04-30,True,,True,True,True
AIT-2024-04-003,2024-04-17,2024-04-17,TRI,Thomson Reuters,True,False,2021-01-04,2026-04-30,True,,True,True,True
AIT-2024-04-003,2024-04-17,2024-04-17,WDC,Western Digital,True,False,2021-01-04,2026-04-30,True,,True,True,True
AIT-2024-04-003,2024-04-17,2024-04-17,WDAY,"Workday, Inc.",True,False,2021-01-04,2026-04-30,True,,True,True,True
AIT-2024-04-003,2024-04-17,2024-04-17,ZS,"Zscaler, Inc.",True,False,2021-01-04,2026-04-30,True,,True,True,True
AIT-2024-04-004,2024-04-18,2024-04-18,ADBE,Adobe Inc.,True,False,2021-01-04,2026-04-30,True,,True,True,True
AIT-2024-04-004,2024-04-18,2024-04-18,AMD,Advanced Micro Devices,True,True,2021-01-04,2026-04-30,True,,True,True,True
AIT-2024-04-004,2024-04-18,2024-04-18,GOOGL,Alphabet Inc. (Class A),True,False,2021-01-04,2026-04-30,True,,True,True,True
AIT-2024-04-004,2024-04-18,2024-04-18,GOOG,Alphabet Inc. (Class C),True,False,2021-01-04,2026-04-30,True,,True,True,True
AIT-2024-04-004,2024-04-18,2024-04-18,ADI,Analog Devices,True,True,2021-01-04,2026-04-30,True,,True,True,True
AIT-2024-04-004,2024-04-18,2024-04-18,AAPL,Apple Inc.,True,False,2021-01-04,2026-04-30,True,,True,True,True
AIT-2024-04-004,2024-04-18,2024-04-18,AMAT,Applied Materials,True,True,2021-01-04,2026-04-30,True,,True,True,True
AIT-2024-04-004,2024-04-18,2024-04-18,APP,AppLovin,True,False,2021-04-15,2026-04-30,True,,True,True,True
AIT-2024-04-004,2024-04-18,2024-04-18,ARM,Arm Holdings,True,False,2023-09-14,2026-04-30,False,2023-06-30;2023-07-03,False,True,False
AIT-2024-04-004,2024-04-18,2024-04-18,ASML,ASML Holding,True,True,2021-01-04,2026-04-30,True,,True,True,True
AIT-2024-04-004,2024-04-18,2024-04-18,ADSK,Autodesk,True,False,2021-01-04,2026-04-30,True,,True,True,True
AIT-2024-04-004,2024-04-18,2024-04-18,AVGO,Broadcom,True,True,2021-01-04,2026-04-30,True,,True,True,True
AIT-2024-04-004,2024-04-18,2024-04-18,CDNS,Cadence Design Systems,True,False,2021-01-04,2026-04-30,True,,True,True,True
AIT-2024-04-004,2024-04-18,2024-04-18,CTSH,Cognizant Technology Solutions Corporation,True,False,2021-01-04,2026-04-30,True,,True,True,True
AIT-2024-04-004,2024-04-18,2024-04-18,CRWD,CrowdStrike,True,False,2021-01-04,2026-04-30,True,,True,True,True
AIT-2024-04-004,2024-04-18,2024-04-18,DDOG,Datadog,True,False,2021-01-04,2026-04-30,True,,True,True,True
AIT-2024-04-004,2024-04-18,2024-04-18,DASH,DoorDash,True,False,2021-01-04,2026-04-30,True,,True,True,True
AIT-2024-04-004,2024-04-18,2024-04-18,FTNT,Fortinet,True,False,2021-01-04,2026-04-30,True,,True,True,True
AIT-2024-04-004,2024-04-18,2024-04-18,INTC,Intel,True,True,2021-01-04,2026-04-30,True,,True,True,True
AIT-2024-04-004,2024-04-18,2024-04-18,INTU,Intuit,True,False,2021-01-04,2026-04-30,True,,True,True,True
AIT-2024-04-004,2024-04-18,2024-04-18,KLAC,KLA Corporation,True,True,2021-01-04,2026-04-30,True,,True,True,True
AIT-2024-04-004,2024-04-18,2024-04-18,LRCX,Lam Research,True,True,2021-01-04,2026-04-30,True,,True,True,True
AIT-2024-04-004,2024-04-18,2024-04-18,MRVL,Marvell Technology,True,True,2021-01-04,2026-04-30,True,,True,True,True
AIT-2024-04-004,2024-04-18,2024-04-18,META,Meta Platforms,True,False,2021-01-04,2026-04-30,True,,True,True,True
AIT-2024-04-004,2024-04-18,2024-04-18,MCHP,Microchip Technology,True,True,2021-01-04,2026-04-30,True,,True,True,True
AIT-2024-04-004,2024-04-18,2024-04-18,MU,Micron Technology,True,True,2021-01-04,2026-04-30,True,,True,True,True
AIT-2024-04-004,2024-04-18,2024-04-18,MSFT,Microsoft,True,False,2021-01-04,2026-04-30,True,,True,True,True
AIT-2024-04-004,2024-04-18,2024-04-18,MPWR,Monolithic Power Systems,True,True,2021-01-04,2026-04-30,True,,True,True,True
AIT-2024-04-004,2024-04-18,2024-04-18,NVDA,Nvidia,True,True,2021-01-04,2026-04-30,True,,True,True,True
AIT-2024-04-004,2024-04-18,2024-04-18,NXPI,NXP Semiconductors,True,True,2021-01-04,2026-04-30,True,,True,True,True
AIT-2024-04-004,2024-04-18,2024-04-18,PLTR,Palantir Technologies,True,False,2021-01-04,2026-04-30,True,,True,True,True
AIT-2024-04-004,2024-04-18,2024-04-18,PANW,Palo Alto Networks,True,False,2021-01-04,2026-04-30,True,,True,True,True
AIT-2024-04-004,2024-04-18,2024-04-18,PDD,PDD Holdings,True,False,2021-01-04,2026-04-30,True,,True,True,True
AIT-2024-04-004,2024-04-18,2024-04-18,QCOM,Qualcomm,True,True,2021-01-04,2026-04-30,True,,True,True,True
AIT-2024-04-004,2024-04-18,2024-04-18,ROP,Roper Technologies,True,False,2021-01-04,2026-04-30,True,,True,True,True
AIT-2024-04-004,2024-04-18,2024-04-18,SNDK,Sandisk,True,False,2025-02-13,2026-04-30,False,2023-06-30;2023-07-03;2024-04-04;2024-04-04;2024-04-16;2024-04-18;2024-05-16,False,False,False
AIT-2024-04-004,2024-04-18,2024-04-18,STX,Seagate Technology,True,False,2021-01-04,2026-04-30,True,,True,True,True
AIT-2024-04-004,2024-04-18,2024-04-18,SHOP,Shopify,True,False,2021-01-04,2026-04-30,True,,True,True,True
AIT-2024-04-004,2024-04-18,2024-04-18,MSTR,MicroStrategy,True,False,2021-01-04,2026-04-30,True,,True,True,True
AIT-2024-04-004,2024-04-18,2024-04-18,SNPS,Synopsys,True,False,2021-01-04,2026-04-30,True,,True,True,True
AIT-2024-04-004,2024-04-18,2024-04-18,TXN,Texas Instruments,True,True,2021-01-04,2026-04-30,True,,True,True,True
AIT-2024-04-004,2024-04-18,2024-04-18,TRI,Thomson Reuters,True,False,2021-01-04,2026-04-30,True,,True,True,True
AIT-2024-04-004,2024-04-18,2024-04-18,WDC,Western Digital,True,False,2021-01-04,2026-04-30,True,,True,True,True
AIT-2024-04-004,2024-04-18,2024-04-18,WDAY,"Workday, Inc.",True,False,2021-01-04,2026-04-30,True,,True,True,True
AIT-2024-04-004,2024-04-18,2024-04-18,ZS,"Zscaler, Inc.",True,False,2021-01-04,2026-04-30,True,,True,True,True
AIT-2024-04-005,2024-04-23,2024-04-23,ADBE,Adobe Inc.,True,False,2021-01-04,2026-04-30,True,,True,True,True
AIT-2024-04-005,2024-04-23,2024-04-23,AMD,Advanced Micro Devices,True,True,2021-01-04,2026-04-30,True,,True,True,True
AIT-2024-04-005,2024-04-23,2024-04-23,GOOGL,Alphabet Inc. (Class A),True,False,2021-01-04,2026-04-30,True,,True,True,True
AIT-2024-04-005,2024-04-23,2024-04-23,GOOG,Alphabet Inc. (Class C),True,False,2021-01-04,2026-04-30,True,,True,True,True
AIT-2024-04-005,2024-04-23,2024-04-23,ADI,Analog Devices,True,True,2021-01-04,2026-04-30,True,,True,True,True
AIT-2024-04-005,2024-04-23,2024-04-23,AAPL,Apple Inc.,True,False,2021-01-04,2026-04-30,True,,True,True,True
AIT-2024-04-005,2024-04-23,2024-04-23,AMAT,Applied Materials,True,True,2021-01-04,2026-04-30,True,,True,True,True
AIT-2024-04-005,2024-04-23,2024-04-23,APP,AppLovin,True,False,2021-04-15,2026-04-30,True,,True,True,True
AIT-2024-04-005,2024-04-23,2024-04-23,ARM,Arm Holdings,True,False,2023-09-14,2026-04-30,False,2023-07-06;2023-07-07,False,True,False
AIT-2024-04-005,2024-04-23,2024-04-23,ASML,ASML Holding,True,True,2021-01-04,2026-04-30,True,,True,True,True
AIT-2024-04-005,2024-04-23,2024-04-23,ADSK,Autodesk,True,False,2021-01-04,2026-04-30,True,,True,True,True
AIT-2024-04-005,2024-04-23,2024-04-23,AVGO,Broadcom,True,True,2021-01-04,2026-04-30,True,,True,True,True
AIT-2024-04-005,2024-04-23,2024-04-23,CDNS,Cadence Design Systems,True,False,2021-01-04,2026-04-30,True,,True,True,True
AIT-2024-04-005,2024-04-23,2024-04-23,CTSH,Cognizant Technology Solutions Corporation,True,False,2021-01-04,2026-04-30,True,,True,True,True
AIT-2024-04-005,2024-04-23,2024-04-23,CRWD,CrowdStrike,True,False,2021-01-04,2026-04-30,True,,True,True,True
AIT-2024-04-005,2024-04-23,2024-04-23,DDOG,Datadog,True,False,2021-01-04,2026-04-30,True,,True,True,True
AIT-2024-04-005,2024-04-23,2024-04-23,DASH,DoorDash,True,False,2021-01-04,2026-04-30,True,,True,True,True
AIT-2024-04-005,2024-04-23,2024-04-23,FTNT,Fortinet,True,False,2021-01-04,2026-04-30,True,,True,True,True
AIT-2024-04-005,2024-04-23,2024-04-23,INTC,Intel,True,True,2021-01-04,2026-04-30,True,,True,True,True
AIT-2024-04-005,2024-04-23,2024-04-23,INTU,Intuit,True,False,2021-01-04,2026-04-30,True,,True,True,True
AIT-2024-04-005,2024-04-23,2024-04-23,KLAC,KLA Corporation,True,True,2021-01-04,2026-04-30,True,,True,True,True
AIT-2024-04-005,2024-04-23,2024-04-23,LRCX,Lam Research,True,True,2021-01-04,2026-04-30,True,,True,True,True
AIT-2024-04-005,2024-04-23,2024-04-23,MRVL,Marvell Technology,True,True,2021-01-04,2026-04-30,True,,True,True,True
AIT-2024-04-005,2024-04-23,2024-04-23,META,Meta Platforms,True,False,2021-01-04,2026-04-30,True,,True,True,True
AIT-2024-04-005,2024-04-23,2024-04-23,MCHP,Microchip Technology,True,True,2021-01-04,2026-04-30,True,,True,True,True
AIT-2024-04-005,2024-04-23,2024-04-23,MU,Micron Technology,True,True,2021-01-04,2026-04-30,True,,True,True,True
AIT-2024-04-005,2024-04-23,2024-04-23,MSFT,Microsoft,True,False,2021-01-04,2026-04-30,True,,True,True,True
AIT-2024-04-005,2024-04-23,2024-04-23,MPWR,Monolithic Power Systems,True,True,2021-01-04,2026-04-30,True,,True,True,True
AIT-2024-04-005,2024-04-23,2024-04-23,NVDA,Nvidia,True,True,2021-01-04,2026-04-30,True,,True,True,True
AIT-2024-04-005,2024-04-23,2024-04-23,NXPI,NXP Semiconductors,True,True,2021-01-04,2026-04-30,True,,True,True,True
AIT-2024-04-005,2024-04-23,2024-04-23,PLTR,Palantir Technologies,True,False,2021-01-04,2026-04-30,True,,True,True,True
AIT-2024-04-005,2024-04-23,2024-04-23,PANW,Palo Alto Networks,True,False,2021-01-04,2026-04-30,True,,True,True,True
AIT-2024-04-005,2024-04-23,2024-04-23,PDD,PDD Holdings,True,False,2021-01-04,2026-04-30,True,,True,True,True
AIT-2024-04-005,2024-04-23,2024-04-23,QCOM,Qualcomm,True,True,2021-01-04,2026-04-30,True,,True,True,True
AIT-2024-04-005,2024-04-23,2024-04-23,ROP,Roper Technologies,True,False,2021-01-04,2026-04-30,True,,True,True,True
AIT-2024-04-005,2024-04-23,2024-04-23,SNDK,Sandisk,True,False,2025-02-13,2026-04-30,False,2023-07-06;2023-07-07;2024-04-09;2024-04-09;2024-04-19;2024-04-23;2024-05-21,False,False,False
AIT-2024-04-005,2024-04-23,2024-04-23,STX,Seagate Technology,True,False,2021-01-04,2026-04-30,True,,True,True,True
AIT-2024-04-005,2024-04-23,2024-04-23,SHOP,Shopify,True,False,2021-01-04,2026-04-30,True,,True,True,True
AIT-2024-04-005,2024-04-23,2024-04-23,MSTR,MicroStrategy,True,False,2021-01-04,2026-04-30,True,,True,True,True
AIT-2024-04-005,2024-04-23,2024-04-23,SNPS,Synopsys,True,False,2021-01-04,2026-04-30,True,,True,True,True
AIT-2024-04-005,2024-04-23,2024-04-23,TXN,Texas Instruments,True,True,2021-01-04,2026-04-30,True,,True,True,True
AIT-2024-04-005,2024-04-23,2024-04-23,TRI,Thomson Reuters,True,False,2021-01-04,2026-04-30,True,,True,True,True
AIT-2024-04-005,2024-04-23,2024-04-23,WDC,Western Digital,True,False,2021-01-04,2026-04-30,True,,True,True,True
AIT-2024-04-005,2024-04-23,2024-04-23,WDAY,"Workday, Inc.",True,False,2021-01-04,2026-04-30,True,,True,True,True
AIT-2024-04-005,2024-04-23,2024-04-23,ZS,"Zscaler, Inc.",True,False,2021-01-04,2026-04-30,True,,True,True,True
AIT-2024-05-001,2024-05-13,2024-05-13,ADBE,Adobe Inc.,True,False,2021-01-04,2026-04-30,True,,True,True,True
AIT-2024-05-001,2024-05-13,2024-05-13,AMD,Advanced Micro Devices,True,True,2021-01-04,2026-04-30,True,,True,True,True
AIT-2024-05-001,2024-05-13,2024-05-13,GOOGL,Alphabet Inc. (Class A),True,False,2021-01-04,2026-04-30,True,,True,True,True
AIT-2024-05-001,2024-05-13,2024-05-13,GOOG,Alphabet Inc. (Class C),True,False,2021-01-04,2026-04-30,True,,True,True,True
AIT-2024-05-001,2024-05-13,2024-05-13,ADI,Analog Devices,True,True,2021-01-04,2026-04-30,True,,True,True,True
AIT-2024-05-001,2024-05-13,2024-05-13,AAPL,Apple Inc.,True,False,2021-01-04,2026-04-30,True,,True,True,True
AIT-2024-05-001,2024-05-13,2024-05-13,AMAT,Applied Materials,True,True,2021-01-04,2026-04-30,True,,True,True,True
AIT-2024-05-001,2024-05-13,2024-05-13,APP,AppLovin,True,False,2021-04-15,2026-04-30,True,,True,True,True
AIT-2024-05-001,2024-05-13,2024-05-13,ARM,Arm Holdings,True,False,2023-09-14,2026-04-30,False,2023-07-26;2023-07-27,False,True,False
AIT-2024-05-001,2024-05-13,2024-05-13,ASML,ASML Holding,True,True,2021-01-04,2026-04-30,True,,True,True,True
AIT-2024-05-001,2024-05-13,2024-05-13,ADSK,Autodesk,True,False,2021-01-04,2026-04-30,True,,True,True,True
AIT-2024-05-001,2024-05-13,2024-05-13,AVGO,Broadcom,True,True,2021-01-04,2026-04-30,True,,True,True,True
AIT-2024-05-001,2024-05-13,2024-05-13,CDNS,Cadence Design Systems,True,False,2021-01-04,2026-04-30,True,,True,True,True
AIT-2024-05-001,2024-05-13,2024-05-13,CTSH,Cognizant Technology Solutions Corporation,True,False,2021-01-04,2026-04-30,True,,True,True,True
AIT-2024-05-001,2024-05-13,2024-05-13,CRWD,CrowdStrike,True,False,2021-01-04,2026-04-30,True,,True,True,True
AIT-2024-05-001,2024-05-13,2024-05-13,DDOG,Datadog,True,False,2021-01-04,2026-04-30,True,,True,True,True
AIT-2024-05-001,2024-05-13,2024-05-13,DASH,DoorDash,True,False,2021-01-04,2026-04-30,True,,True,True,True
AIT-2024-05-001,2024-05-13,2024-05-13,FTNT,Fortinet,True,False,2021-01-04,2026-04-30,True,,True,True,True
AIT-2024-05-001,2024-05-13,2024-05-13,INTC,Intel,True,True,2021-01-04,2026-04-30,True,,True,True,True
AIT-2024-05-001,2024-05-13,2024-05-13,INTU,Intuit,True,False,2021-01-04,2026-04-30,True,,True,True,True
AIT-2024-05-001,2024-05-13,2024-05-13,KLAC,KLA Corporation,True,True,2021-01-04,2026-04-30,True,,True,True,True
AIT-2024-05-001,2024-05-13,2024-05-13,LRCX,Lam Research,True,True,2021-01-04,2026-04-30,True,,True,True,True
AIT-2024-05-001,2024-05-13,2024-05-13,MRVL,Marvell Technology,True,True,2021-01-04,2026-04-30,True,,True,True,True
AIT-2024-05-001,2024-05-13,2024-05-13,META,Meta Platforms,True,False,2021-01-04,2026-04-30,True,,True,True,True
AIT-2024-05-001,2024-05-13,2024-05-13,MCHP,Microchip Technology,True,True,2021-01-04,2026-04-30,True,,True,True,True
AIT-2024-05-001,2024-05-13,2024-05-13,MU,Micron Technology,True,True,2021-01-04,2026-04-30,True,,True,True,True
AIT-2024-05-001,2024-05-13,2024-05-13,MSFT,Microsoft,True,False,2021-01-04,2026-04-30,True,,True,True,True
AIT-2024-05-001,2024-05-13,2024-05-13,MPWR,Monolithic Power Systems,True,True,2021-01-04,2026-04-30,True,,True,True,True
AIT-2024-05-001,2024-05-13,2024-05-13,NVDA,Nvidia,True,True,2021-01-04,2026-04-30,True,,True,True,True
AIT-2024-05-001,2024-05-13,2024-05-13,NXPI,NXP Semiconductors,True,True,2021-01-04,2026-04-30,True,,True,True,True
AIT-2024-05-001,2024-05-13,2024-05-13,PLTR,Palantir Technologies,True,False,2021-01-04,2026-04-30,True,,True,True,True
AIT-2024-05-001,2024-05-13,2024-05-13,PANW,Palo Alto Networks,True,False,2021-01-04,2026-04-30,True,,True,True,True
AIT-2024-05-001,2024-05-13,2024-05-13,PDD,PDD Holdings,True,False,2021-01-04,2026-04-30,True,,True,True,True
AIT-2024-05-001,2024-05-13,2024-05-13,QCOM,Qualcomm,True,True,2021-01-04,2026-04-30,True,,True,True,True
AIT-2024-05-001,2024-05-13,2024-05-13,ROP,Roper Technologies,True,False,2021-01-04,2026-04-30,True,,True,True,True
AIT-2024-05-001,2024-05-13,2024-05-13,SNDK,Sandisk,True,False,2025-02-13,2026-04-30,False,2023-07-26;2023-07-27;2024-04-29;2024-04-29;2024-05-09;2024-05-13;2024-06-11,False,False,False
AIT-2024-05-001,2024-05-13,2024-05-13,STX,Seagate Technology,True,False,2021-01-04,2026-04-30,True,,True,True,True
AIT-2024-05-001,2024-05-13,2024-05-13,SHOP,Shopify,True,False,2021-01-04,2026-04-30,True,,True,True,True
AIT-2024-05-001,2024-05-13,2024-05-13,MSTR,MicroStrategy,True,False,2021-01-04,2026-04-30,True,,True,True,True
AIT-2024-05-001,2024-05-13,2024-05-13,SNPS,Synopsys,True,False,2021-01-04,2026-04-30,True,,True,True,True
AIT-2024-05-001,2024-05-13,2024-05-13,TXN,Texas Instruments,True,True,2021-01-04,2026-04-30,True,,True,True,True
AIT-2024-05-001,2024-05-13,2024-05-13,TRI,Thomson Reuters,True,False,2021-01-04,2026-04-30,True,,True,True,True
AIT-2024-05-001,2024-05-13,2024-05-13,WDC,Western Digital,True,False,2021-01-04,2026-04-30,True,,True,True,True
AIT-2024-05-001,2024-05-13,2024-05-13,WDAY,"Workday, Inc.",True,False,2021-01-04,2026-04-30,True,,True,True,True
AIT-2024-05-001,2024-05-13,2024-05-13,ZS,"Zscaler, Inc.",True,False,2021-01-04,2026-04-30,True,,True,True,True
AIT-2024-05-002,2024-05-14,2024-05-14,ADBE,Adobe Inc.,True,False,2021-01-04,2026-04-30,True,,True,True,True
AIT-2024-05-002,2024-05-14,2024-05-14,AMD,Advanced Micro Devices,True,True,2021-01-04,2026-04-30,True,,True,True,True
AIT-2024-05-002,2024-05-14,2024-05-14,GOOGL,Alphabet Inc. (Class A),True,False,2021-01-04,2026-04-30,True,,True,True,True
AIT-2024-05-002,2024-05-14,2024-05-14,GOOG,Alphabet Inc. (Class C),True,False,2021-01-04,2026-04-30,True,,True,True,True
AIT-2024-05-002,2024-05-14,2024-05-14,ADI,Analog Devices,True,True,2021-01-04,2026-04-30,True,,True,True,True
AIT-2024-05-002,2024-05-14,2024-05-14,AAPL,Apple Inc.,True,False,2021-01-04,2026-04-30,True,,True,True,True
AIT-2024-05-002,2024-05-14,2024-05-14,AMAT,Applied Materials,True,True,2021-01-04,2026-04-30,True,,True,True,True
AIT-2024-05-002,2024-05-14,2024-05-14,APP,AppLovin,True,False,2021-04-15,2026-04-30,True,,True,True,True
AIT-2024-05-002,2024-05-14,2024-05-14,ARM,Arm Holdings,True,False,2023-09-14,2026-04-30,False,2023-07-27;2023-07-28,False,True,False
AIT-2024-05-002,2024-05-14,2024-05-14,ASML,ASML Holding,True,True,2021-01-04,2026-04-30,True,,True,True,True
AIT-2024-05-002,2024-05-14,2024-05-14,ADSK,Autodesk,True,False,2021-01-04,2026-04-30,True,,True,True,True
AIT-2024-05-002,2024-05-14,2024-05-14,AVGO,Broadcom,True,True,2021-01-04,2026-04-30,True,,True,True,True
AIT-2024-05-002,2024-05-14,2024-05-14,CDNS,Cadence Design Systems,True,False,2021-01-04,2026-04-30,True,,True,True,True
AIT-2024-05-002,2024-05-14,2024-05-14,CTSH,Cognizant Technology Solutions Corporation,True,False,2021-01-04,2026-04-30,True,,True,True,True
AIT-2024-05-002,2024-05-14,2024-05-14,CRWD,CrowdStrike,True,False,2021-01-04,2026-04-30,True,,True,True,True
AIT-2024-05-002,2024-05-14,2024-05-14,DDOG,Datadog,True,False,2021-01-04,2026-04-30,True,,True,True,True
AIT-2024-05-002,2024-05-14,2024-05-14,DASH,DoorDash,True,False,2021-01-04,2026-04-30,True,,True,True,True
AIT-2024-05-002,2024-05-14,2024-05-14,FTNT,Fortinet,True,False,2021-01-04,2026-04-30,True,,True,True,True
AIT-2024-05-002,2024-05-14,2024-05-14,INTC,Intel,True,True,2021-01-04,2026-04-30,True,,True,True,True
AIT-2024-05-002,2024-05-14,2024-05-14,INTU,Intuit,True,False,2021-01-04,2026-04-30,True,,True,True,True
AIT-2024-05-002,2024-05-14,2024-05-14,KLAC,KLA Corporation,True,True,2021-01-04,2026-04-30,True,,True,True,True
AIT-2024-05-002,2024-05-14,2024-05-14,LRCX,Lam Research,True,True,2021-01-04,2026-04-30,True,,True,True,True
AIT-2024-05-002,2024-05-14,2024-05-14,MRVL,Marvell Technology,True,True,2021-01-04,2026-04-30,True,,True,True,True
AIT-2024-05-002,2024-05-14,2024-05-14,META,Meta Platforms,True,False,2021-01-04,2026-04-30,True,,True,True,True
AIT-2024-05-002,2024-05-14,2024-05-14,MCHP,Microchip Technology,True,True,2021-01-04,2026-04-30,True,,True,True,True
AIT-2024-05-002,2024-05-14,2024-05-14,MU,Micron Technology,True,True,2021-01-04,2026-04-30,True,,True,True,True
AIT-2024-05-002,2024-05-14,2024-05-14,MSFT,Microsoft,True,False,2021-01-04,2026-04-30,True,,True,True,True
AIT-2024-05-002,2024-05-14,2024-05-14,MPWR,Monolithic Power Systems,True,True,2021-01-04,2026-04-30,True,,True,True,True
AIT-2024-05-002,2024-05-14,2024-05-14,NVDA,Nvidia,True,True,2021-01-04,2026-04-30,True,,True,True,True
AIT-2024-05-002,2024-05-14,2024-05-14,NXPI,NXP Semiconductors,True,True,2021-01-04,2026-04-30,True,,True,True,True
AIT-2024-05-002,2024-05-14,2024-05-14,PLTR,Palantir Technologies,True,False,2021-01-04,2026-04-30,True,,True,True,True
AIT-2024-05-002,2024-05-14,2024-05-14,PANW,Palo Alto Networks,True,False,2021-01-04,2026-04-30,True,,True,True,True
AIT-2024-05-002,2024-05-14,2024-05-14,PDD,PDD Holdings,True,False,2021-01-04,2026-04-30,True,,True,True,True
AIT-2024-05-002,2024-05-14,2024-05-14,QCOM,Qualcomm,True,True,2021-01-04,2026-04-30,True,,True,True,True
AIT-2024-05-002,2024-05-14,2024-05-14,ROP,Roper Technologies,True,False,2021-01-04,2026-04-30,True,,True,True,True
AIT-2024-05-002,2024-05-14,2024-05-14,SNDK,Sandisk,True,False,2025-02-13,2026-04-30,False,2023-07-27;2023-07-28;2024-04-30;2024-04-30;2024-05-10;2024-05-14;2024-06-12,False,False,False
AIT-2024-05-002,2024-05-14,2024-05-14,STX,Seagate Technology,True,False,2021-01-04,2026-04-30,True,,True,True,True
AIT-2024-05-002,2024-05-14,2024-05-14,SHOP,Shopify,True,False,2021-01-04,2026-04-30,True,,True,True,True
AIT-2024-05-002,2024-05-14,2024-05-14,MSTR,MicroStrategy,True,False,2021-01-04,2026-04-30,True,,True,True,True
AIT-2024-05-002,2024-05-14,2024-05-14,SNPS,Synopsys,True,False,2021-01-04,2026-04-30,True,,True,True,True
AIT-2024-05-002,2024-05-14,2024-05-14,TXN,Texas Instruments,True,True,2021-01-04,2026-04-30,True,,True,True,True
AIT-2024-05-002,2024-05-14,2024-05-14,TRI,Thomson Reuters,True,False,2021-01-04,2026-04-30,True,,True,True,True
AIT-2024-05-002,2024-05-14,2024-05-14,WDC,Western Digital,True,False,2021-01-04,2026-04-30,True,,True,True,True
AIT-2024-05-002,2024-05-14,2024-05-14,WDAY,"Workday, Inc.",True,False,2021-01-04,2026-04-30,True,,True,True,True
AIT-2024-05-002,2024-05-14,2024-05-14,ZS,"Zscaler, Inc.",True,False,2021-01-04,2026-04-30,True,,True,True,True
AIT-2024-06-001,2024-06-12,2024-06-12,ADBE,Adobe Inc.,True,False,2021-01-04,2026-04-30,True,,True,True,True
AIT-2024-06-001,2024-06-12,2024-06-12,AMD,Advanced Micro Devices,True,True,2021-01-04,2026-04-30,True,,True,True,True
AIT-2024-06-001,2024-06-12,2024-06-12,GOOGL,Alphabet Inc. (Class A),True,False,2021-01-04,2026-04-30,True,,True,True,True
AIT-2024-06-001,2024-06-12,2024-06-12,GOOG,Alphabet Inc. (Class C),True,False,2021-01-04,2026-04-30,True,,True,True,True
AIT-2024-06-001,2024-06-12,2024-06-12,ADI,Analog Devices,True,True,2021-01-04,2026-04-30,True,,True,True,True
AIT-2024-06-001,2024-06-12,2024-06-12,AAPL,Apple Inc.,True,False,2021-01-04,2026-04-30,True,,True,True,True
AIT-2024-06-001,2024-06-12,2024-06-12,AMAT,Applied Materials,True,True,2021-01-04,2026-04-30,True,,True,True,True
AIT-2024-06-001,2024-06-12,2024-06-12,APP,AppLovin,True,False,2021-04-15,2026-04-30,True,,True,True,True
AIT-2024-06-001,2024-06-12,2024-06-12,ARM,Arm Holdings,True,False,2023-09-14,2026-04-30,False,2023-08-24;2023-08-25,False,True,False
AIT-2024-06-001,2024-06-12,2024-06-12,ASML,ASML Holding,True,True,2021-01-04,2026-04-30,True,,True,True,True
AIT-2024-06-001,2024-06-12,2024-06-12,ADSK,Autodesk,True,False,2021-01-04,2026-04-30,True,,True,True,True
AIT-2024-06-001,2024-06-12,2024-06-12,AVGO,Broadcom,True,True,2021-01-04,2026-04-30,True,,True,True,True
AIT-2024-06-001,2024-06-12,2024-06-12,CDNS,Cadence Design Systems,True,False,2021-01-04,2026-04-30,True,,True,True,True
AIT-2024-06-001,2024-06-12,2024-06-12,CTSH,Cognizant Technology Solutions Corporation,True,False,2021-01-04,2026-04-30,True,,True,True,True
AIT-2024-06-001,2024-06-12,2024-06-12,CRWD,CrowdStrike,True,False,2021-01-04,2026-04-30,True,,True,True,True
AIT-2024-06-001,2024-06-12,2024-06-12,DDOG,Datadog,True,False,2021-01-04,2026-04-30,True,,True,True,True
AIT-2024-06-001,2024-06-12,2024-06-12,DASH,DoorDash,True,False,2021-01-04,2026-04-30,True,,True,True,True
AIT-2024-06-001,2024-06-12,2024-06-12,FTNT,Fortinet,True,False,2021-01-04,2026-04-30,True,,True,True,True
AIT-2024-06-001,2024-06-12,2024-06-12,INTC,Intel,True,True,2021-01-04,2026-04-30,True,,True,True,True
AIT-2024-06-001,2024-06-12,2024-06-12,INTU,Intuit,True,False,2021-01-04,2026-04-30,True,,True,True,True
AIT-2024-06-001,2024-06-12,2024-06-12,KLAC,KLA Corporation,True,True,2021-01-04,2026-04-30,True,,True,True,True
AIT-2024-06-001,2024-06-12,2024-06-12,LRCX,Lam Research,True,True,2021-01-04,2026-04-30,True,,True,True,True
AIT-2024-06-001,2024-06-12,2024-06-12,MRVL,Marvell Technology,True,True,2021-01-04,2026-04-30,True,,True,True,True
AIT-2024-06-001,2024-06-12,2024-06-12,META,Meta Platforms,True,False,2021-01-04,2026-04-30,True,,True,True,True
AIT-2024-06-001,2024-06-12,2024-06-12,MCHP,Microchip Technology,True,True,2021-01-04,2026-04-30,True,,True,True,True
AIT-2024-06-001,2024-06-12,2024-06-12,MU,Micron Technology,True,True,2021-01-04,2026-04-30,True,,True,True,True
AIT-2024-06-001,2024-06-12,2024-06-12,MSFT,Microsoft,True,False,2021-01-04,2026-04-30,True,,True,True,True
AIT-2024-06-001,2024-06-12,2024-06-12,MPWR,Monolithic Power Systems,True,True,2021-01-04,2026-04-30,True,,True,True,True
AIT-2024-06-001,2024-06-12,2024-06-12,NVDA,Nvidia,True,True,2021-01-04,2026-04-30,True,,True,True,True
AIT-2024-06-001,2024-06-12,2024-06-12,NXPI,NXP Semiconductors,True,True,2021-01-04,2026-04-30,True,,True,True,True
AIT-2024-06-001,2024-06-12,2024-06-12,PLTR,Palantir Technologies,True,False,2021-01-04,2026-04-30,True,,True,True,True
AIT-2024-06-001,2024-06-12,2024-06-12,PANW,Palo Alto Networks,True,False,2021-01-04,2026-04-30,True,,True,True,True
AIT-2024-06-001,2024-06-12,2024-06-12,PDD,PDD Holdings,True,False,2021-01-04,2026-04-30,True,,True,True,True
AIT-2024-06-001,2024-06-12,2024-06-12,QCOM,Qualcomm,True,True,2021-01-04,2026-04-30,True,,True,True,True
AIT-2024-06-001,2024-06-12,2024-06-12,ROP,Roper Technologies,True,False,2021-01-04,2026-04-30,True,,True,True,True
AIT-2024-06-001,2024-06-12,2024-06-12,SNDK,Sandisk,True,False,2025-02-13,2026-04-30,False,2023-08-24;2023-08-25;2024-05-29;2024-05-29;2024-06-10;2024-06-12;2024-07-12,False,False,False
AIT-2024-06-001,2024-06-12,2024-06-12,STX,Seagate Technology,True,False,2021-01-04,2026-04-30,True,,True,True,True
AIT-2024-06-001,2024-06-12,2024-06-12,SHOP,Shopify,True,False,2021-01-04,2026-04-30,True,,True,True,True
AIT-2024-06-001,2024-06-12,2024-06-12,MSTR,MicroStrategy,True,False,2021-01-04,2026-04-30,True,,True,True,True
AIT-2024-06-001,2024-06-12,2024-06-12,SNPS,Synopsys,True,False,2021-01-04,2026-04-30,True,,True,True,True
AIT-2024-06-001,2024-06-12,2024-06-12,TXN,Texas Instruments,True,True,2021-01-04,2026-04-30,True,,True,True,True
AIT-2024-06-001,2024-06-12,2024-06-12,TRI,Thomson Reuters,True,False,2021-01-04,2026-04-30,True,,True,True,True
AIT-2024-06-001,2024-06-12,2024-06-12,WDC,Western Digital,True,False,2021-01-04,2026-04-30,True,,True,True,True
AIT-2024-06-001,2024-06-12,2024-06-12,WDAY,"Workday, Inc.",True,False,2021-01-04,2026-04-30,True,,True,True,True
AIT-2024-06-001,2024-06-12,2024-06-12,ZS,"Zscaler, Inc.",True,False,2021-01-04,2026-04-30,True,,True,True,True
AIT-2024-06-003,2024-06-17,2024-06-17,ADBE,Adobe Inc.,True,False,2021-01-04,2026-04-30,True,,True,True,True
AIT-2024-06-003,2024-06-17,2024-06-17,AMD,Advanced Micro Devices,True,True,2021-01-04,2026-04-30,True,,True,True,True
AIT-2024-06-003,2024-06-17,2024-06-17,GOOGL,Alphabet Inc. (Class A),True,False,2021-01-04,2026-04-30,True,,True,True,True
AIT-2024-06-003,2024-06-17,2024-06-17,GOOG,Alphabet Inc. (Class C),True,False,2021-01-04,2026-04-30,True,,True,True,True
AIT-2024-06-003,2024-06-17,2024-06-17,ADI,Analog Devices,True,True,2021-01-04,2026-04-30,True,,True,True,True
AIT-2024-06-003,2024-06-17,2024-06-17,AAPL,Apple Inc.,True,False,2021-01-04,2026-04-30,True,,True,True,True
AIT-2024-06-003,2024-06-17,2024-06-17,AMAT,Applied Materials,True,True,2021-01-04,2026-04-30,True,,True,True,True
AIT-2024-06-003,2024-06-17,2024-06-17,APP,AppLovin,True,False,2021-04-15,2026-04-30,True,,True,True,True
AIT-2024-06-003,2024-06-17,2024-06-17,ARM,Arm Holdings,True,False,2023-09-14,2026-04-30,False,2023-08-29;2023-08-30,False,True,False
AIT-2024-06-003,2024-06-17,2024-06-17,ASML,ASML Holding,True,True,2021-01-04,2026-04-30,True,,True,True,True
AIT-2024-06-003,2024-06-17,2024-06-17,ADSK,Autodesk,True,False,2021-01-04,2026-04-30,True,,True,True,True
AIT-2024-06-003,2024-06-17,2024-06-17,AVGO,Broadcom,True,True,2021-01-04,2026-04-30,True,,True,True,True
AIT-2024-06-003,2024-06-17,2024-06-17,CDNS,Cadence Design Systems,True,False,2021-01-04,2026-04-30,True,,True,True,True
AIT-2024-06-003,2024-06-17,2024-06-17,CTSH,Cognizant Technology Solutions Corporation,True,False,2021-01-04,2026-04-30,True,,True,True,True
AIT-2024-06-003,2024-06-17,2024-06-17,CRWD,CrowdStrike,True,False,2021-01-04,2026-04-30,True,,True,True,True
AIT-2024-06-003,2024-06-17,2024-06-17,DDOG,Datadog,True,False,2021-01-04,2026-04-30,True,,True,True,True
AIT-2024-06-003,2024-06-17,2024-06-17,DASH,DoorDash,True,False,2021-01-04,2026-04-30,True,,True,True,True
AIT-2024-06-003,2024-06-17,2024-06-17,FTNT,Fortinet,True,False,2021-01-04,2026-04-30,True,,True,True,True
AIT-2024-06-003,2024-06-17,2024-06-17,INTC,Intel,True,True,2021-01-04,2026-04-30,True,,True,True,True
AIT-2024-06-003,2024-06-17,2024-06-17,INTU,Intuit,True,False,2021-01-04,2026-04-30,True,,True,True,True
AIT-2024-06-003,2024-06-17,2024-06-17,KLAC,KLA Corporation,True,True,2021-01-04,2026-04-30,True,,True,True,True
AIT-2024-06-003,2024-06-17,2024-06-17,LRCX,Lam Research,True,True,2021-01-04,2026-04-30,True,,True,True,True
AIT-2024-06-003,2024-06-17,2024-06-17,MRVL,Marvell Technology,True,True,2021-01-04,2026-04-30,True,,True,True,True
AIT-2024-06-003,2024-06-17,2024-06-17,META,Meta Platforms,True,False,2021-01-04,2026-04-30,True,,True,True,True
AIT-2024-06-003,2024-06-17,2024-06-17,MCHP,Microchip Technology,True,True,2021-01-04,2026-04-30,True,,True,True,True
AIT-2024-06-003,2024-06-17,2024-06-17,MU,Micron Technology,True,True,2021-01-04,2026-04-30,True,,True,True,True
AIT-2024-06-003,2024-06-17,2024-06-17,MSFT,Microsoft,True,False,2021-01-04,2026-04-30,True,,True,True,True
AIT-2024-06-003,2024-06-17,2024-06-17,MPWR,Monolithic Power Systems,True,True,2021-01-04,2026-04-30,True,,True,True,True
AIT-2024-06-003,2024-06-17,2024-06-17,NVDA,Nvidia,True,True,2021-01-04,2026-04-30,True,,True,True,True
AIT-2024-06-003,2024-06-17,2024-06-17,NXPI,NXP Semiconductors,True,True,2021-01-04,2026-04-30,True,,True,True,True
AIT-2024-06-003,2024-06-17,2024-06-17,PLTR,Palantir Technologies,True,False,2021-01-04,2026-04-30,True,,True,True,True
AIT-2024-06-003,2024-06-17,2024-06-17,PANW,Palo Alto Networks,True,False,2021-01-04,2026-04-30,True,,True,True,True
AIT-2024-06-003,2024-06-17,2024-06-17,PDD,PDD Holdings,True,False,2021-01-04,2026-04-30,True,,True,True,True
AIT-2024-06-003,2024-06-17,2024-06-17,QCOM,Qualcomm,True,True,2021-01-04,2026-04-30,True,,True,True,True
AIT-2024-06-003,2024-06-17,2024-06-17,ROP,Roper Technologies,True,False,2021-01-04,2026-04-30,True,,True,True,True
AIT-2024-06-003,2024-06-17,2024-06-17,SNDK,Sandisk,True,False,2025-02-13,2026-04-30,False,2023-08-29;2023-08-30;2024-06-03;2024-06-03;2024-06-13;2024-06-17;2024-07-17,False,False,False
AIT-2024-06-003,2024-06-17,2024-06-17,STX,Seagate Technology,True,False,2021-01-04,2026-04-30,True,,True,True,True
AIT-2024-06-003,2024-06-17,2024-06-17,SHOP,Shopify,True,False,2021-01-04,2026-04-30,True,,True,True,True
AIT-2024-06-003,2024-06-17,2024-06-17,MSTR,MicroStrategy,True,False,2021-01-04,2026-04-30,True,,True,True,True
AIT-2024-06-003,2024-06-17,2024-06-17,SNPS,Synopsys,True,False,2021-01-04,2026-04-30,True,,True,True,True
AIT-2024-06-003,2024-06-17,2024-06-17,TXN,Texas Instruments,True,True,2021-01-04,2026-04-30,True,,True,True,True
AIT-2024-06-003,2024-06-17,2024-06-17,TRI,Thomson Reuters,True,False,2021-01-04,2026-04-30,True,,True,True,True
AIT-2024-06-003,2024-06-17,2024-06-17,WDC,Western Digital,True,False,2021-01-04,2026-04-30,True,,True,True,True
AIT-2024-06-003,2024-06-17,2024-06-17,WDAY,"Workday, Inc.",True,False,2021-01-04,2026-04-30,True,,True,True,True
AIT-2024-06-003,2024-06-17,2024-06-17,ZS,"Zscaler, Inc.",True,False,2021-01-04,2026-04-30,True,,True,True,True
AIT-2024-06-004,2024-06-17,2024-06-17,ADBE,Adobe Inc.,True,False,2021-01-04,2026-04-30,True,,True,True,True
AIT-2024-06-004,2024-06-17,2024-06-17,AMD,Advanced Micro Devices,True,True,2021-01-04,2026-04-30,True,,True,True,True
AIT-2024-06-004,2024-06-17,2024-06-17,GOOGL,Alphabet Inc. (Class A),True,False,2021-01-04,2026-04-30,True,,True,True,True
AIT-2024-06-004,2024-06-17,2024-06-17,GOOG,Alphabet Inc. (Class C),True,False,2021-01-04,2026-04-30,True,,True,True,True
AIT-2024-06-004,2024-06-17,2024-06-17,ADI,Analog Devices,True,True,2021-01-04,2026-04-30,True,,True,True,True
AIT-2024-06-004,2024-06-17,2024-06-17,AAPL,Apple Inc.,True,False,2021-01-04,2026-04-30,True,,True,True,True
AIT-2024-06-004,2024-06-17,2024-06-17,AMAT,Applied Materials,True,True,2021-01-04,2026-04-30,True,,True,True,True
AIT-2024-06-004,2024-06-17,2024-06-17,APP,AppLovin,True,False,2021-04-15,2026-04-30,True,,True,True,True
AIT-2024-06-004,2024-06-17,2024-06-17,ARM,Arm Holdings,True,False,2023-09-14,2026-04-30,False,2023-08-29;2023-08-30,False,True,False
AIT-2024-06-004,2024-06-17,2024-06-17,ASML,ASML Holding,True,True,2021-01-04,2026-04-30,True,,True,True,True
AIT-2024-06-004,2024-06-17,2024-06-17,ADSK,Autodesk,True,False,2021-01-04,2026-04-30,True,,True,True,True
AIT-2024-06-004,2024-06-17,2024-06-17,AVGO,Broadcom,True,True,2021-01-04,2026-04-30,True,,True,True,True
AIT-2024-06-004,2024-06-17,2024-06-17,CDNS,Cadence Design Systems,True,False,2021-01-04,2026-04-30,True,,True,True,True
AIT-2024-06-004,2024-06-17,2024-06-17,CTSH,Cognizant Technology Solutions Corporation,True,False,2021-01-04,2026-04-30,True,,True,True,True
AIT-2024-06-004,2024-06-17,2024-06-17,CRWD,CrowdStrike,True,False,2021-01-04,2026-04-30,True,,True,True,True
AIT-2024-06-004,2024-06-17,2024-06-17,DDOG,Datadog,True,False,2021-01-04,2026-04-30,True,,True,True,True
AIT-2024-06-004,2024-06-17,2024-06-17,DASH,DoorDash,True,False,2021-01-04,2026-04-30,True,,True,True,True
AIT-2024-06-004,2024-06-17,2024-06-17,FTNT,Fortinet,True,False,2021-01-04,2026-04-30,True,,True,True,True
AIT-2024-06-004,2024-06-17,2024-06-17,INTC,Intel,True,True,2021-01-04,2026-04-30,True,,True,True,True
AIT-2024-06-004,2024-06-17,2024-06-17,INTU,Intuit,True,False,2021-01-04,2026-04-30,True,,True,True,True
AIT-2024-06-004,2024-06-17,2024-06-17,KLAC,KLA Corporation,True,True,2021-01-04,2026-04-30,True,,True,True,True
AIT-2024-06-004,2024-06-17,2024-06-17,LRCX,Lam Research,True,True,2021-01-04,2026-04-30,True,,True,True,True
AIT-2024-06-004,2024-06-17,2024-06-17,MRVL,Marvell Technology,True,True,2021-01-04,2026-04-30,True,,True,True,True
AIT-2024-06-004,2024-06-17,2024-06-17,META,Meta Platforms,True,False,2021-01-04,2026-04-30,True,,True,True,True
AIT-2024-06-004,2024-06-17,2024-06-17,MCHP,Microchip Technology,True,True,2021-01-04,2026-04-30,True,,True,True,True
AIT-2024-06-004,2024-06-17,2024-06-17,MU,Micron Technology,True,True,2021-01-04,2026-04-30,True,,True,True,True
AIT-2024-06-004,2024-06-17,2024-06-17,MSFT,Microsoft,True,False,2021-01-04,2026-04-30,True,,True,True,True
AIT-2024-06-004,2024-06-17,2024-06-17,MPWR,Monolithic Power Systems,True,True,2021-01-04,2026-04-30,True,,True,True,True
AIT-2024-06-004,2024-06-17,2024-06-17,NVDA,Nvidia,True,True,2021-01-04,2026-04-30,True,,True,True,True
AIT-2024-06-004,2024-06-17,2024-06-17,NXPI,NXP Semiconductors,True,True,2021-01-04,2026-04-30,True,,True,True,True
AIT-2024-06-004,2024-06-17,2024-06-17,PLTR,Palantir Technologies,True,False,2021-01-04,2026-04-30,True,,True,True,True
AIT-2024-06-004,2024-06-17,2024-06-17,PANW,Palo Alto Networks,True,False,2021-01-04,2026-04-30,True,,True,True,True
AIT-2024-06-004,2024-06-17,2024-06-17,PDD,PDD Holdings,True,False,2021-01-04,2026-04-30,True,,True,True,True
AIT-2024-06-004,2024-06-17,2024-06-17,QCOM,Qualcomm,True,True,2021-01-04,2026-04-30,True,,True,True,True
AIT-2024-06-004,2024-06-17,2024-06-17,ROP,Roper Technologies,True,False,2021-01-04,2026-04-30,True,,True,True,True
AIT-2024-06-004,2024-06-17,2024-06-17,SNDK,Sandisk,True,False,2025-02-13,2026-04-30,False,2023-08-29;2023-08-30;2024-06-03;2024-06-03;2024-06-13;2024-06-17;2024-07-17,False,False,False
AIT-2024-06-004,2024-06-17,2024-06-17,STX,Seagate Technology,True,False,2021-01-04,2026-04-30,True,,True,True,True
AIT-2024-06-004,2024-06-17,2024-06-17,SHOP,Shopify,True,False,2021-01-04,2026-04-30,True,,True,True,True
AIT-2024-06-004,2024-06-17,2024-06-17,MSTR,MicroStrategy,True,False,2021-01-04,2026-04-30,True,,True,True,True
AIT-2024-06-004,2024-06-17,2024-06-17,SNPS,Synopsys,True,False,2021-01-04,2026-04-30,True,,True,True,True
AIT-2024-06-004,2024-06-17,2024-06-17,TXN,Texas Instruments,True,True,2021-01-04,2026-04-30,True,,True,True,True
AIT-2024-06-004,2024-06-17,2024-06-17,TRI,Thomson Reuters,True,False,2021-01-04,2026-04-30,True,,True,True,True
AIT-2024-06-004,2024-06-17,2024-06-17,WDC,Western Digital,True,False,2021-01-04,2026-04-30,True,,True,True,True
AIT-2024-06-004,2024-06-17,2024-06-17,WDAY,"Workday, Inc.",True,False,2021-01-04,2026-04-30,True,,True,True,True
AIT-2024-06-004,2024-06-17,2024-06-17,ZS,"Zscaler, Inc.",True,False,2021-01-04,2026-04-30,True,,True,True,True
AIT-2024-06-005,2024-06-20,2024-06-20,ADBE,Adobe Inc.,True,False,2021-01-04,2026-04-30,True,,True,True,True
AIT-2024-06-005,2024-06-20,2024-06-20,AMD,Advanced Micro Devices,True,True,2021-01-04,2026-04-30,True,,True,True,True
AIT-2024-06-005,2024-06-20,2024-06-20,GOOGL,Alphabet Inc. (Class A),True,False,2021-01-04,2026-04-30,True,,True,True,True
AIT-2024-06-005,2024-06-20,2024-06-20,GOOG,Alphabet Inc. (Class C),True,False,2021-01-04,2026-04-30,True,,True,True,True
AIT-2024-06-005,2024-06-20,2024-06-20,ADI,Analog Devices,True,True,2021-01-04,2026-04-30,True,,True,True,True
AIT-2024-06-005,2024-06-20,2024-06-20,AAPL,Apple Inc.,True,False,2021-01-04,2026-04-30,True,,True,True,True
AIT-2024-06-005,2024-06-20,2024-06-20,AMAT,Applied Materials,True,True,2021-01-04,2026-04-30,True,,True,True,True
AIT-2024-06-005,2024-06-20,2024-06-20,APP,AppLovin,True,False,2021-04-15,2026-04-30,True,,True,True,True
AIT-2024-06-005,2024-06-20,2024-06-20,ARM,Arm Holdings,True,False,2023-09-14,2026-04-30,False,2023-08-31;2023-09-01,False,True,False
AIT-2024-06-005,2024-06-20,2024-06-20,ASML,ASML Holding,True,True,2021-01-04,2026-04-30,True,,True,True,True
AIT-2024-06-005,2024-06-20,2024-06-20,ADSK,Autodesk,True,False,2021-01-04,2026-04-30,True,,True,True,True
AIT-2024-06-005,2024-06-20,2024-06-20,AVGO,Broadcom,True,True,2021-01-04,2026-04-30,True,,True,True,True
AIT-2024-06-005,2024-06-20,2024-06-20,CDNS,Cadence Design Systems,True,False,2021-01-04,2026-04-30,True,,True,True,True
AIT-2024-06-005,2024-06-20,2024-06-20,CTSH,Cognizant Technology Solutions Corporation,True,False,2021-01-04,2026-04-30,True,,True,True,True
AIT-2024-06-005,2024-06-20,2024-06-20,CRWD,CrowdStrike,True,False,2021-01-04,2026-04-30,True,,True,True,True
AIT-2024-06-005,2024-06-20,2024-06-20,DDOG,Datadog,True,False,2021-01-04,2026-04-30,True,,True,True,True
AIT-2024-06-005,2024-06-20,2024-06-20,DASH,DoorDash,True,False,2021-01-04,2026-04-30,True,,True,True,True
AIT-2024-06-005,2024-06-20,2024-06-20,FTNT,Fortinet,True,False,2021-01-04,2026-04-30,True,,True,True,True
AIT-2024-06-005,2024-06-20,2024-06-20,INTC,Intel,True,True,2021-01-04,2026-04-30,True,,True,True,True
AIT-2024-06-005,2024-06-20,2024-06-20,INTU,Intuit,True,False,2021-01-04,2026-04-30,True,,True,True,True
AIT-2024-06-005,2024-06-20,2024-06-20,KLAC,KLA Corporation,True,True,2021-01-04,2026-04-30,True,,True,True,True
AIT-2024-06-005,2024-06-20,2024-06-20,LRCX,Lam Research,True,True,2021-01-04,2026-04-30,True,,True,True,True
AIT-2024-06-005,2024-06-20,2024-06-20,MRVL,Marvell Technology,True,True,2021-01-04,2026-04-30,True,,True,True,True
AIT-2024-06-005,2024-06-20,2024-06-20,META,Meta Platforms,True,False,2021-01-04,2026-04-30,True,,True,True,True
AIT-2024-06-005,2024-06-20,2024-06-20,MCHP,Microchip Technology,True,True,2021-01-04,2026-04-30,True,,True,True,True
AIT-2024-06-005,2024-06-20,2024-06-20,MU,Micron Technology,True,True,2021-01-04,2026-04-30,True,,True,True,True
AIT-2024-06-005,2024-06-20,2024-06-20,MSFT,Microsoft,True,False,2021-01-04,2026-04-30,True,,True,True,True
AIT-2024-06-005,2024-06-20,2024-06-20,MPWR,Monolithic Power Systems,True,True,2021-01-04,2026-04-30,True,,True,True,True
AIT-2024-06-005,2024-06-20,2024-06-20,NVDA,Nvidia,True,True,2021-01-04,2026-04-30,True,,True,True,True
AIT-2024-06-005,2024-06-20,2024-06-20,NXPI,NXP Semiconductors,True,True,2021-01-04,2026-04-30,True,,True,True,True
AIT-2024-06-005,2024-06-20,2024-06-20,PLTR,Palantir Technologies,True,False,2021-01-04,2026-04-30,True,,True,True,True
AIT-2024-06-005,2024-06-20,2024-06-20,PANW,Palo Alto Networks,True,False,2021-01-04,2026-04-30,True,,True,True,True
AIT-2024-06-005,2024-06-20,2024-06-20,PDD,PDD Holdings,True,False,2021-01-04,2026-04-30,True,,True,True,True
AIT-2024-06-005,2024-06-20,2024-06-20,QCOM,Qualcomm,True,True,2021-01-04,2026-04-30,True,,True,True,True
AIT-2024-06-005,2024-06-20,2024-06-20,ROP,Roper Technologies,True,False,2021-01-04,2026-04-30,True,,True,True,True
AIT-2024-06-005,2024-06-20,2024-06-20,SNDK,Sandisk,True,False,2025-02-13,2026-04-30,False,2023-08-31;2023-09-01;2024-06-05;2024-06-05;2024-06-17;2024-06-20;2024-07-19,False,False,False
AIT-2024-06-005,2024-06-20,2024-06-20,STX,Seagate Technology,True,False,2021-01-04,2026-04-30,True,,True,True,True
AIT-2024-06-005,2024-06-20,2024-06-20,SHOP,Shopify,True,False,2021-01-04,2026-04-30,True,,True,True,True
AIT-2024-06-005,2024-06-20,2024-06-20,MSTR,MicroStrategy,True,False,2021-01-04,2026-04-30,True,,True,True,True
AIT-2024-06-005,2024-06-20,2024-06-20,SNPS,Synopsys,True,False,2021-01-04,2026-04-30,True,,True,True,True
AIT-2024-06-005,2024-06-20,2024-06-20,TXN,Texas Instruments,True,True,2021-01-04,2026-04-30,True,,True,True,True
AIT-2024-06-005,2024-06-20,2024-06-20,TRI,Thomson Reuters,True,False,2021-01-04,2026-04-30,True,,True,True,True
AIT-2024-06-005,2024-06-20,2024-06-20,WDC,Western Digital,True,False,2021-01-04,2026-04-30,True,,True,True,True
AIT-2024-06-005,2024-06-20,2024-06-20,WDAY,"Workday, Inc.",True,False,2021-01-04,2026-04-30,True,,True,True,True
AIT-2024-06-005,2024-06-20,2024-06-20,ZS,"Zscaler, Inc.",True,False,2021-01-04,2026-04-30,True,,True,True,True
AIT-2024-07-001,2024-07-18,2024-07-18,ADBE,Adobe Inc.,True,False,2021-01-04,2026-04-30,True,,True,True,True
AIT-2024-07-001,2024-07-18,2024-07-18,AMD,Advanced Micro Devices,True,True,2021-01-04,2026-04-30,True,,True,True,True
AIT-2024-07-001,2024-07-18,2024-07-18,GOOGL,Alphabet Inc. (Class A),True,False,2021-01-04,2026-04-30,True,,True,True,True
AIT-2024-07-001,2024-07-18,2024-07-18,GOOG,Alphabet Inc. (Class C),True,False,2021-01-04,2026-04-30,True,,True,True,True
AIT-2024-07-001,2024-07-18,2024-07-18,ADI,Analog Devices,True,True,2021-01-04,2026-04-30,True,,True,True,True
AIT-2024-07-001,2024-07-18,2024-07-18,AAPL,Apple Inc.,True,False,2021-01-04,2026-04-30,True,,True,True,True
AIT-2024-07-001,2024-07-18,2024-07-18,AMAT,Applied Materials,True,True,2021-01-04,2026-04-30,True,,True,True,True
AIT-2024-07-001,2024-07-18,2024-07-18,APP,AppLovin,True,False,2021-04-15,2026-04-30,True,,True,True,True
AIT-2024-07-001,2024-07-18,2024-07-18,ARM,Arm Holdings,True,False,2023-09-14,2026-04-30,True,,True,True,True
AIT-2024-07-001,2024-07-18,2024-07-18,ASML,ASML Holding,True,True,2021-01-04,2026-04-30,True,,True,True,True
AIT-2024-07-001,2024-07-18,2024-07-18,ADSK,Autodesk,True,False,2021-01-04,2026-04-30,True,,True,True,True
AIT-2024-07-001,2024-07-18,2024-07-18,AVGO,Broadcom,True,True,2021-01-04,2026-04-30,True,,True,True,True
AIT-2024-07-001,2024-07-18,2024-07-18,CDNS,Cadence Design Systems,True,False,2021-01-04,2026-04-30,True,,True,True,True
AIT-2024-07-001,2024-07-18,2024-07-18,CTSH,Cognizant Technology Solutions Corporation,True,False,2021-01-04,2026-04-30,True,,True,True,True
AIT-2024-07-001,2024-07-18,2024-07-18,CRWD,CrowdStrike,True,False,2021-01-04,2026-04-30,True,,True,True,True
AIT-2024-07-001,2024-07-18,2024-07-18,DDOG,Datadog,True,False,2021-01-04,2026-04-30,True,,True,True,True
AIT-2024-07-001,2024-07-18,2024-07-18,DASH,DoorDash,True,False,2021-01-04,2026-04-30,True,,True,True,True
AIT-2024-07-001,2024-07-18,2024-07-18,FTNT,Fortinet,True,False,2021-01-04,2026-04-30,True,,True,True,True
AIT-2024-07-001,2024-07-18,2024-07-18,INTC,Intel,True,True,2021-01-04,2026-04-30,True,,True,True,True
AIT-2024-07-001,2024-07-18,2024-07-18,INTU,Intuit,True,False,2021-01-04,2026-04-30,True,,True,True,True
AIT-2024-07-001,2024-07-18,2024-07-18,KLAC,KLA Corporation,True,True,2021-01-04,2026-04-30,True,,True,True,True
AIT-2024-07-001,2024-07-18,2024-07-18,LRCX,Lam Research,True,True,2021-01-04,2026-04-30,True,,True,True,True
AIT-2024-07-001,2024-07-18,2024-07-18,MRVL,Marvell Technology,True,True,2021-01-04,2026-04-30,True,,True,True,True
AIT-2024-07-001,2024-07-18,2024-07-18,META,Meta Platforms,True,False,2021-01-04,2026-04-30,True,,True,True,True
AIT-2024-07-001,2024-07-18,2024-07-18,MCHP,Microchip Technology,True,True,2021-01-04,2026-04-30,True,,True,True,True
AIT-2024-07-001,2024-07-18,2024-07-18,MU,Micron Technology,True,True,2021-01-04,2026-04-30,True,,True,True,True
AIT-2024-07-001,2024-07-18,2024-07-18,MSFT,Microsoft,True,False,2021-01-04,2026-04-30,True,,True,True,True
AIT-2024-07-001,2024-07-18,2024-07-18,MPWR,Monolithic Power Systems,True,True,2021-01-04,2026-04-30,True,,True,True,True
AIT-2024-07-001,2024-07-18,2024-07-18,NVDA,Nvidia,True,True,2021-01-04,2026-04-30,True,,True,True,True
AIT-2024-07-001,2024-07-18,2024-07-18,NXPI,NXP Semiconductors,True,True,2021-01-04,2026-04-30,True,,True,True,True
AIT-2024-07-001,2024-07-18,2024-07-18,PLTR,Palantir Technologies,True,False,2021-01-04,2026-04-30,True,,True,True,True
AIT-2024-07-001,2024-07-18,2024-07-18,PANW,Palo Alto Networks,True,False,2021-01-04,2026-04-30,True,,True,True,True
AIT-2024-07-001,2024-07-18,2024-07-18,PDD,PDD Holdings,True,False,2021-01-04,2026-04-30,True,,True,True,True
AIT-2024-07-001,2024-07-18,2024-07-18,QCOM,Qualcomm,True,True,2021-01-04,2026-04-30,True,,True,True,True
AIT-2024-07-001,2024-07-18,2024-07-18,ROP,Roper Technologies,True,False,2021-01-04,2026-04-30,True,,True,True,True
AIT-2024-07-001,2024-07-18,2024-07-18,SNDK,Sandisk,True,False,2025-02-13,2026-04-30,False,2023-09-28;2023-09-29;2024-07-03;2024-07-03;2024-07-16;2024-07-18;2024-08-15,False,False,False
AIT-2024-07-001,2024-07-18,2024-07-18,STX,Seagate Technology,True,False,2021-01-04,2026-04-30,True,,True,True,True
AIT-2024-07-001,2024-07-18,2024-07-18,SHOP,Shopify,True,False,2021-01-04,2026-04-30,True,,True,True,True
AIT-2024-07-001,2024-07-18,2024-07-18,MSTR,MicroStrategy,True,False,2021-01-04,2026-04-30,True,,True,True,True
AIT-2024-07-001,2024-07-18,2024-07-18,SNPS,Synopsys,True,False,2021-01-04,2026-04-30,True,,True,True,True
AIT-2024-07-001,2024-07-18,2024-07-18,TXN,Texas Instruments,True,True,2021-01-04,2026-04-30,True,,True,True,True
AIT-2024-07-001,2024-07-18,2024-07-18,TRI,Thomson Reuters,True,False,2021-01-04,2026-04-30,True,,True,True,True
AIT-2024-07-001,2024-07-18,2024-07-18,WDC,Western Digital,True,False,2021-01-04,2026-04-30,True,,True,True,True
AIT-2024-07-001,2024-07-18,2024-07-18,WDAY,"Workday, Inc.",True,False,2021-01-04,2026-04-30,True,,True,True,True
AIT-2024-07-001,2024-07-18,2024-07-18,ZS,"Zscaler, Inc.",True,False,2021-01-04,2026-04-30,True,,True,True,True
AIT-2024-07-002,2024-07-23,2024-07-23,ADBE,Adobe Inc.,True,False,2021-01-04,2026-04-30,True,,True,True,True
AIT-2024-07-002,2024-07-23,2024-07-23,AMD,Advanced Micro Devices,True,True,2021-01-04,2026-04-30,True,,True,True,True
AIT-2024-07-002,2024-07-23,2024-07-23,GOOGL,Alphabet Inc. (Class A),True,False,2021-01-04,2026-04-30,True,,True,True,True
AIT-2024-07-002,2024-07-23,2024-07-23,GOOG,Alphabet Inc. (Class C),True,False,2021-01-04,2026-04-30,True,,True,True,True
AIT-2024-07-002,2024-07-23,2024-07-23,ADI,Analog Devices,True,True,2021-01-04,2026-04-30,True,,True,True,True
AIT-2024-07-002,2024-07-23,2024-07-23,AAPL,Apple Inc.,True,False,2021-01-04,2026-04-30,True,,True,True,True
AIT-2024-07-002,2024-07-23,2024-07-23,AMAT,Applied Materials,True,True,2021-01-04,2026-04-30,True,,True,True,True
AIT-2024-07-002,2024-07-23,2024-07-23,APP,AppLovin,True,False,2021-04-15,2026-04-30,True,,True,True,True
AIT-2024-07-002,2024-07-23,2024-07-23,ARM,Arm Holdings,True,False,2023-09-14,2026-04-30,True,,True,True,True
AIT-2024-07-002,2024-07-23,2024-07-23,ASML,ASML Holding,True,True,2021-01-04,2026-04-30,True,,True,True,True
AIT-2024-07-002,2024-07-23,2024-07-23,ADSK,Autodesk,True,False,2021-01-04,2026-04-30,True,,True,True,True
AIT-2024-07-002,2024-07-23,2024-07-23,AVGO,Broadcom,True,True,2021-01-04,2026-04-30,True,,True,True,True
AIT-2024-07-002,2024-07-23,2024-07-23,CDNS,Cadence Design Systems,True,False,2021-01-04,2026-04-30,True,,True,True,True
AIT-2024-07-002,2024-07-23,2024-07-23,CTSH,Cognizant Technology Solutions Corporation,True,False,2021-01-04,2026-04-30,True,,True,True,True
AIT-2024-07-002,2024-07-23,2024-07-23,CRWD,CrowdStrike,True,False,2021-01-04,2026-04-30,True,,True,True,True
AIT-2024-07-002,2024-07-23,2024-07-23,DDOG,Datadog,True,False,2021-01-04,2026-04-30,True,,True,True,True
AIT-2024-07-002,2024-07-23,2024-07-23,DASH,DoorDash,True,False,2021-01-04,2026-04-30,True,,True,True,True
AIT-2024-07-002,2024-07-23,2024-07-23,FTNT,Fortinet,True,False,2021-01-04,2026-04-30,True,,True,True,True
AIT-2024-07-002,2024-07-23,2024-07-23,INTC,Intel,True,True,2021-01-04,2026-04-30,True,,True,True,True
AIT-2024-07-002,2024-07-23,2024-07-23,INTU,Intuit,True,False,2021-01-04,2026-04-30,True,,True,True,True
AIT-2024-07-002,2024-07-23,2024-07-23,KLAC,KLA Corporation,True,True,2021-01-04,2026-04-30,True,,True,True,True
AIT-2024-07-002,2024-07-23,2024-07-23,LRCX,Lam Research,True,True,2021-01-04,2026-04-30,True,,True,True,True
AIT-2024-07-002,2024-07-23,2024-07-23,MRVL,Marvell Technology,True,True,2021-01-04,2026-04-30,True,,True,True,True
AIT-2024-07-002,2024-07-23,2024-07-23,META,Meta Platforms,True,False,2021-01-04,2026-04-30,True,,True,True,True
AIT-2024-07-002,2024-07-23,2024-07-23,MCHP,Microchip Technology,True,True,2021-01-04,2026-04-30,True,,True,True,True
AIT-2024-07-002,2024-07-23,2024-07-23,MU,Micron Technology,True,True,2021-01-04,2026-04-30,True,,True,True,True
AIT-2024-07-002,2024-07-23,2024-07-23,MSFT,Microsoft,True,False,2021-01-04,2026-04-30,True,,True,True,True
AIT-2024-07-002,2024-07-23,2024-07-23,MPWR,Monolithic Power Systems,True,True,2021-01-04,2026-04-30,True,,True,True,True
AIT-2024-07-002,2024-07-23,2024-07-23,NVDA,Nvidia,True,True,2021-01-04,2026-04-30,True,,True,True,True
AIT-2024-07-002,2024-07-23,2024-07-23,NXPI,NXP Semiconductors,True,True,2021-01-04,2026-04-30,True,,True,True,True
AIT-2024-07-002,2024-07-23,2024-07-23,PLTR,Palantir Technologies,True,False,2021-01-04,2026-04-30,True,,True,True,True
AIT-2024-07-002,2024-07-23,2024-07-23,PANW,Palo Alto Networks,True,False,2021-01-04,2026-04-30,True,,True,True,True
AIT-2024-07-002,2024-07-23,2024-07-23,PDD,PDD Holdings,True,False,2021-01-04,2026-04-30,True,,True,True,True
AIT-2024-07-002,2024-07-23,2024-07-23,QCOM,Qualcomm,True,True,2021-01-04,2026-04-30,True,,True,True,True
AIT-2024-07-002,2024-07-23,2024-07-23,ROP,Roper Technologies,True,False,2021-01-04,2026-04-30,True,,True,True,True
AIT-2024-07-002,2024-07-23,2024-07-23,SNDK,Sandisk,True,False,2025-02-13,2026-04-30,False,2023-10-03;2023-10-04;2024-07-09;2024-07-09;2024-07-19;2024-07-23;2024-08-20,False,False,False
AIT-2024-07-002,2024-07-23,2024-07-23,STX,Seagate Technology,True,False,2021-01-04,2026-04-30,True,,True,True,True
AIT-2024-07-002,2024-07-23,2024-07-23,SHOP,Shopify,True,False,2021-01-04,2026-04-30,True,,True,True,True
AIT-2024-07-002,2024-07-23,2024-07-23,MSTR,MicroStrategy,True,False,2021-01-04,2026-04-30,True,,True,True,True
AIT-2024-07-002,2024-07-23,2024-07-23,SNPS,Synopsys,True,False,2021-01-04,2026-04-30,True,,True,True,True
AIT-2024-07-002,2024-07-23,2024-07-23,TXN,Texas Instruments,True,True,2021-01-04,2026-04-30,True,,True,True,True
AIT-2024-07-002,2024-07-23,2024-07-23,TRI,Thomson Reuters,True,False,2021-01-04,2026-04-30,True,,True,True,True
AIT-2024-07-002,2024-07-23,2024-07-23,WDC,Western Digital,True,False,2021-01-04,2026-04-30,True,,True,True,True
AIT-2024-07-002,2024-07-23,2024-07-23,WDAY,"Workday, Inc.",True,False,2021-01-04,2026-04-30,True,,True,True,True
AIT-2024-07-002,2024-07-23,2024-07-23,ZS,"Zscaler, Inc.",True,False,2021-01-04,2026-04-30,True,,True,True,True
AIT-2024-07-006,2024-07-23,2024-07-23,ADBE,Adobe Inc.,True,False,2021-01-04,2026-04-30,True,,True,True,True
AIT-2024-07-006,2024-07-23,2024-07-23,AMD,Advanced Micro Devices,True,True,2021-01-04,2026-04-30,True,,True,True,True
AIT-2024-07-006,2024-07-23,2024-07-23,GOOGL,Alphabet Inc. (Class A),True,False,2021-01-04,2026-04-30,True,,True,True,True
AIT-2024-07-006,2024-07-23,2024-07-23,GOOG,Alphabet Inc. (Class C),True,False,2021-01-04,2026-04-30,True,,True,True,True
AIT-2024-07-006,2024-07-23,2024-07-23,ADI,Analog Devices,True,True,2021-01-04,2026-04-30,True,,True,True,True
AIT-2024-07-006,2024-07-23,2024-07-23,AAPL,Apple Inc.,True,False,2021-01-04,2026-04-30,True,,True,True,True
AIT-2024-07-006,2024-07-23,2024-07-23,AMAT,Applied Materials,True,True,2021-01-04,2026-04-30,True,,True,True,True
AIT-2024-07-006,2024-07-23,2024-07-23,APP,AppLovin,True,False,2021-04-15,2026-04-30,True,,True,True,True
AIT-2024-07-006,2024-07-23,2024-07-23,ARM,Arm Holdings,True,False,2023-09-14,2026-04-30,True,,True,True,True
AIT-2024-07-006,2024-07-23,2024-07-23,ASML,ASML Holding,True,True,2021-01-04,2026-04-30,True,,True,True,True
AIT-2024-07-006,2024-07-23,2024-07-23,ADSK,Autodesk,True,False,2021-01-04,2026-04-30,True,,True,True,True
AIT-2024-07-006,2024-07-23,2024-07-23,AVGO,Broadcom,True,True,2021-01-04,2026-04-30,True,,True,True,True
AIT-2024-07-006,2024-07-23,2024-07-23,CDNS,Cadence Design Systems,True,False,2021-01-04,2026-04-30,True,,True,True,True
AIT-2024-07-006,2024-07-23,2024-07-23,CTSH,Cognizant Technology Solutions Corporation,True,False,2021-01-04,2026-04-30,True,,True,True,True
AIT-2024-07-006,2024-07-23,2024-07-23,CRWD,CrowdStrike,True,False,2021-01-04,2026-04-30,True,,True,True,True
AIT-2024-07-006,2024-07-23,2024-07-23,DDOG,Datadog,True,False,2021-01-04,2026-04-30,True,,True,True,True
AIT-2024-07-006,2024-07-23,2024-07-23,DASH,DoorDash,True,False,2021-01-04,2026-04-30,True,,True,True,True
AIT-2024-07-006,2024-07-23,2024-07-23,FTNT,Fortinet,True,False,2021-01-04,2026-04-30,True,,True,True,True
AIT-2024-07-006,2024-07-23,2024-07-23,INTC,Intel,True,True,2021-01-04,2026-04-30,True,,True,True,True
AIT-2024-07-006,2024-07-23,2024-07-23,INTU,Intuit,True,False,2021-01-04,2026-04-30,True,,True,True,True
AIT-2024-07-006,2024-07-23,2024-07-23,KLAC,KLA Corporation,True,True,2021-01-04,2026-04-30,True,,True,True,True
AIT-2024-07-006,2024-07-23,2024-07-23,LRCX,Lam Research,True,True,2021-01-04,2026-04-30,True,,True,True,True
AIT-2024-07-006,2024-07-23,2024-07-23,MRVL,Marvell Technology,True,True,2021-01-04,2026-04-30,True,,True,True,True
AIT-2024-07-006,2024-07-23,2024-07-23,META,Meta Platforms,True,False,2021-01-04,2026-04-30,True,,True,True,True
AIT-2024-07-006,2024-07-23,2024-07-23,MCHP,Microchip Technology,True,True,2021-01-04,2026-04-30,True,,True,True,True
AIT-2024-07-006,2024-07-23,2024-07-23,MU,Micron Technology,True,True,2021-01-04,2026-04-30,True,,True,True,True
AIT-2024-07-006,2024-07-23,2024-07-23,MSFT,Microsoft,True,False,2021-01-04,2026-04-30,True,,True,True,True
AIT-2024-07-006,2024-07-23,2024-07-23,MPWR,Monolithic Power Systems,True,True,2021-01-04,2026-04-30,True,,True,True,True
AIT-2024-07-006,2024-07-23,2024-07-23,NVDA,Nvidia,True,True,2021-01-04,2026-04-30,True,,True,True,True
AIT-2024-07-006,2024-07-23,2024-07-23,NXPI,NXP Semiconductors,True,True,2021-01-04,2026-04-30,True,,True,True,True
AIT-2024-07-006,2024-07-23,2024-07-23,PLTR,Palantir Technologies,True,False,2021-01-04,2026-04-30,True,,True,True,True
AIT-2024-07-006,2024-07-23,2024-07-23,PANW,Palo Alto Networks,True,False,2021-01-04,2026-04-30,True,,True,True,True
AIT-2024-07-006,2024-07-23,2024-07-23,PDD,PDD Holdings,True,False,2021-01-04,2026-04-30,True,,True,True,True
AIT-2024-07-006,2024-07-23,2024-07-23,QCOM,Qualcomm,True,True,2021-01-04,2026-04-30,True,,True,True,True
AIT-2024-07-006,2024-07-23,2024-07-23,ROP,Roper Technologies,True,False,2021-01-04,2026-04-30,True,,True,True,True
AIT-2024-07-006,2024-07-23,2024-07-23,SNDK,Sandisk,True,False,2025-02-13,2026-04-30,False,2023-10-03;2023-10-04;2024-07-09;2024-07-09;2024-07-19;2024-07-23;2024-08-20,False,False,False
AIT-2024-07-006,2024-07-23,2024-07-23,STX,Seagate Technology,True,False,2021-01-04,2026-04-30,True,,True,True,True
AIT-2024-07-006,2024-07-23,2024-07-23,SHOP,Shopify,True,False,2021-01-04,2026-04-30,True,,True,True,True
AIT-2024-07-006,2024-07-23,2024-07-23,MSTR,MicroStrategy,True,False,2021-01-04,2026-04-30,True,,True,True,True
AIT-2024-07-006,2024-07-23,2024-07-23,SNPS,Synopsys,True,False,2021-01-04,2026-04-30,True,,True,True,True
AIT-2024-07-006,2024-07-23,2024-07-23,TXN,Texas Instruments,True,True,2021-01-04,2026-04-30,True,,True,True,True
AIT-2024-07-006,2024-07-23,2024-07-23,TRI,Thomson Reuters,True,False,2021-01-04,2026-04-30,True,,True,True,True
AIT-2024-07-006,2024-07-23,2024-07-23,WDC,Western Digital,True,False,2021-01-04,2026-04-30,True,,True,True,True
AIT-2024-07-006,2024-07-23,2024-07-23,WDAY,"Workday, Inc.",True,False,2021-01-04,2026-04-30,True,,True,True,True
AIT-2024-07-006,2024-07-23,2024-07-23,ZS,"Zscaler, Inc.",True,False,2021-01-04,2026-04-30,True,,True,True,True
AIT-2024-07-007,2024-07-24,2024-07-24,ADBE,Adobe Inc.,True,False,2021-01-04,2026-04-30,True,,True,True,True
AIT-2024-07-007,2024-07-24,2024-07-24,AMD,Advanced Micro Devices,True,True,2021-01-04,2026-04-30,True,,True,True,True
AIT-2024-07-007,2024-07-24,2024-07-24,GOOGL,Alphabet Inc. (Class A),True,False,2021-01-04,2026-04-30,True,,True,True,True
AIT-2024-07-007,2024-07-24,2024-07-24,GOOG,Alphabet Inc. (Class C),True,False,2021-01-04,2026-04-30,True,,True,True,True
AIT-2024-07-007,2024-07-24,2024-07-24,ADI,Analog Devices,True,True,2021-01-04,2026-04-30,True,,True,True,True
AIT-2024-07-007,2024-07-24,2024-07-24,AAPL,Apple Inc.,True,False,2021-01-04,2026-04-30,True,,True,True,True
AIT-2024-07-007,2024-07-24,2024-07-24,AMAT,Applied Materials,True,True,2021-01-04,2026-04-30,True,,True,True,True
AIT-2024-07-007,2024-07-24,2024-07-24,APP,AppLovin,True,False,2021-04-15,2026-04-30,True,,True,True,True
AIT-2024-07-007,2024-07-24,2024-07-24,ARM,Arm Holdings,True,False,2023-09-14,2026-04-30,True,,True,True,True
AIT-2024-07-007,2024-07-24,2024-07-24,ASML,ASML Holding,True,True,2021-01-04,2026-04-30,True,,True,True,True
AIT-2024-07-007,2024-07-24,2024-07-24,ADSK,Autodesk,True,False,2021-01-04,2026-04-30,True,,True,True,True
AIT-2024-07-007,2024-07-24,2024-07-24,AVGO,Broadcom,True,True,2021-01-04,2026-04-30,True,,True,True,True
AIT-2024-07-007,2024-07-24,2024-07-24,CDNS,Cadence Design Systems,True,False,2021-01-04,2026-04-30,True,,True,True,True
AIT-2024-07-007,2024-07-24,2024-07-24,CTSH,Cognizant Technology Solutions Corporation,True,False,2021-01-04,2026-04-30,True,,True,True,True
AIT-2024-07-007,2024-07-24,2024-07-24,CRWD,CrowdStrike,True,False,2021-01-04,2026-04-30,True,,True,True,True
AIT-2024-07-007,2024-07-24,2024-07-24,DDOG,Datadog,True,False,2021-01-04,2026-04-30,True,,True,True,True
AIT-2024-07-007,2024-07-24,2024-07-24,DASH,DoorDash,True,False,2021-01-04,2026-04-30,True,,True,True,True
AIT-2024-07-007,2024-07-24,2024-07-24,FTNT,Fortinet,True,False,2021-01-04,2026-04-30,True,,True,True,True
AIT-2024-07-007,2024-07-24,2024-07-24,INTC,Intel,True,True,2021-01-04,2026-04-30,True,,True,True,True
AIT-2024-07-007,2024-07-24,2024-07-24,INTU,Intuit,True,False,2021-01-04,2026-04-30,True,,True,True,True
AIT-2024-07-007,2024-07-24,2024-07-24,KLAC,KLA Corporation,True,True,2021-01-04,2026-04-30,True,,True,True,True
AIT-2024-07-007,2024-07-24,2024-07-24,LRCX,Lam Research,True,True,2021-01-04,2026-04-30,True,,True,True,True
AIT-2024-07-007,2024-07-24,2024-07-24,MRVL,Marvell Technology,True,True,2021-01-04,2026-04-30,True,,True,True,True
AIT-2024-07-007,2024-07-24,2024-07-24,META,Meta Platforms,True,False,2021-01-04,2026-04-30,True,,True,True,True
AIT-2024-07-007,2024-07-24,2024-07-24,MCHP,Microchip Technology,True,True,2021-01-04,2026-04-30,True,,True,True,True
AIT-2024-07-007,2024-07-24,2024-07-24,MU,Micron Technology,True,True,2021-01-04,2026-04-30,True,,True,True,True
AIT-2024-07-007,2024-07-24,2024-07-24,MSFT,Microsoft,True,False,2021-01-04,2026-04-30,True,,True,True,True
AIT-2024-07-007,2024-07-24,2024-07-24,MPWR,Monolithic Power Systems,True,True,2021-01-04,2026-04-30,True,,True,True,True
AIT-2024-07-007,2024-07-24,2024-07-24,NVDA,Nvidia,True,True,2021-01-04,2026-04-30,True,,True,True,True
AIT-2024-07-007,2024-07-24,2024-07-24,NXPI,NXP Semiconductors,True,True,2021-01-04,2026-04-30,True,,True,True,True
AIT-2024-07-007,2024-07-24,2024-07-24,PLTR,Palantir Technologies,True,False,2021-01-04,2026-04-30,True,,True,True,True
AIT-2024-07-007,2024-07-24,2024-07-24,PANW,Palo Alto Networks,True,False,2021-01-04,2026-04-30,True,,True,True,True
AIT-2024-07-007,2024-07-24,2024-07-24,PDD,PDD Holdings,True,False,2021-01-04,2026-04-30,True,,True,True,True
AIT-2024-07-007,2024-07-24,2024-07-24,QCOM,Qualcomm,True,True,2021-01-04,2026-04-30,True,,True,True,True
AIT-2024-07-007,2024-07-24,2024-07-24,ROP,Roper Technologies,True,False,2021-01-04,2026-04-30,True,,True,True,True
AIT-2024-07-007,2024-07-24,2024-07-24,SNDK,Sandisk,True,False,2025-02-13,2026-04-30,False,2023-10-04;2023-10-05;2024-07-10;2024-07-10;2024-07-22;2024-07-24;2024-08-21,False,False,False
AIT-2024-07-007,2024-07-24,2024-07-24,STX,Seagate Technology,True,False,2021-01-04,2026-04-30,True,,True,True,True
AIT-2024-07-007,2024-07-24,2024-07-24,SHOP,Shopify,True,False,2021-01-04,2026-04-30,True,,True,True,True
AIT-2024-07-007,2024-07-24,2024-07-24,MSTR,MicroStrategy,True,False,2021-01-04,2026-04-30,True,,True,True,True
AIT-2024-07-007,2024-07-24,2024-07-24,SNPS,Synopsys,True,False,2021-01-04,2026-04-30,True,,True,True,True
AIT-2024-07-007,2024-07-24,2024-07-24,TXN,Texas Instruments,True,True,2021-01-04,2026-04-30,True,,True,True,True
AIT-2024-07-007,2024-07-24,2024-07-24,TRI,Thomson Reuters,True,False,2021-01-04,2026-04-30,True,,True,True,True
AIT-2024-07-007,2024-07-24,2024-07-24,WDC,Western Digital,True,False,2021-01-04,2026-04-30,True,,True,True,True
AIT-2024-07-007,2024-07-24,2024-07-24,WDAY,"Workday, Inc.",True,False,2021-01-04,2026-04-30,True,,True,True,True
AIT-2024-07-007,2024-07-24,2024-07-24,ZS,"Zscaler, Inc.",True,False,2021-01-04,2026-04-30,True,,True,True,True
AIT-2024-07-008,2024-07-30,2024-07-30,ADBE,Adobe Inc.,True,False,2021-01-04,2026-04-30,True,,True,True,True
AIT-2024-07-008,2024-07-30,2024-07-30,AMD,Advanced Micro Devices,True,True,2021-01-04,2026-04-30,True,,True,True,True
AIT-2024-07-008,2024-07-30,2024-07-30,GOOGL,Alphabet Inc. (Class A),True,False,2021-01-04,2026-04-30,True,,True,True,True
AIT-2024-07-008,2024-07-30,2024-07-30,GOOG,Alphabet Inc. (Class C),True,False,2021-01-04,2026-04-30,True,,True,True,True
AIT-2024-07-008,2024-07-30,2024-07-30,ADI,Analog Devices,True,True,2021-01-04,2026-04-30,True,,True,True,True
AIT-2024-07-008,2024-07-30,2024-07-30,AAPL,Apple Inc.,True,False,2021-01-04,2026-04-30,True,,True,True,True
AIT-2024-07-008,2024-07-30,2024-07-30,AMAT,Applied Materials,True,True,2021-01-04,2026-04-30,True,,True,True,True
AIT-2024-07-008,2024-07-30,2024-07-30,APP,AppLovin,True,False,2021-04-15,2026-04-30,True,,True,True,True
AIT-2024-07-008,2024-07-30,2024-07-30,ARM,Arm Holdings,True,False,2023-09-14,2026-04-30,True,,True,True,True
AIT-2024-07-008,2024-07-30,2024-07-30,ASML,ASML Holding,True,True,2021-01-04,2026-04-30,True,,True,True,True
AIT-2024-07-008,2024-07-30,2024-07-30,ADSK,Autodesk,True,False,2021-01-04,2026-04-30,True,,True,True,True
AIT-2024-07-008,2024-07-30,2024-07-30,AVGO,Broadcom,True,True,2021-01-04,2026-04-30,True,,True,True,True
AIT-2024-07-008,2024-07-30,2024-07-30,CDNS,Cadence Design Systems,True,False,2021-01-04,2026-04-30,True,,True,True,True
AIT-2024-07-008,2024-07-30,2024-07-30,CTSH,Cognizant Technology Solutions Corporation,True,False,2021-01-04,2026-04-30,True,,True,True,True
AIT-2024-07-008,2024-07-30,2024-07-30,CRWD,CrowdStrike,True,False,2021-01-04,2026-04-30,True,,True,True,True
AIT-2024-07-008,2024-07-30,2024-07-30,DDOG,Datadog,True,False,2021-01-04,2026-04-30,True,,True,True,True
AIT-2024-07-008,2024-07-30,2024-07-30,DASH,DoorDash,True,False,2021-01-04,2026-04-30,True,,True,True,True
AIT-2024-07-008,2024-07-30,2024-07-30,FTNT,Fortinet,True,False,2021-01-04,2026-04-30,True,,True,True,True
AIT-2024-07-008,2024-07-30,2024-07-30,INTC,Intel,True,True,2021-01-04,2026-04-30,True,,True,True,True
AIT-2024-07-008,2024-07-30,2024-07-30,INTU,Intuit,True,False,2021-01-04,2026-04-30,True,,True,True,True
AIT-2024-07-008,2024-07-30,2024-07-30,KLAC,KLA Corporation,True,True,2021-01-04,2026-04-30,True,,True,True,True
AIT-2024-07-008,2024-07-30,2024-07-30,LRCX,Lam Research,True,True,2021-01-04,2026-04-30,True,,True,True,True
AIT-2024-07-008,2024-07-30,2024-07-30,MRVL,Marvell Technology,True,True,2021-01-04,2026-04-30,True,,True,True,True
AIT-2024-07-008,2024-07-30,2024-07-30,META,Meta Platforms,True,False,2021-01-04,2026-04-30,True,,True,True,True
AIT-2024-07-008,2024-07-30,2024-07-30,MCHP,Microchip Technology,True,True,2021-01-04,2026-04-30,True,,True,True,True
AIT-2024-07-008,2024-07-30,2024-07-30,MU,Micron Technology,True,True,2021-01-04,2026-04-30,True,,True,True,True
AIT-2024-07-008,2024-07-30,2024-07-30,MSFT,Microsoft,True,False,2021-01-04,2026-04-30,True,,True,True,True
AIT-2024-07-008,2024-07-30,2024-07-30,MPWR,Monolithic Power Systems,True,True,2021-01-04,2026-04-30,True,,True,True,True
AIT-2024-07-008,2024-07-30,2024-07-30,NVDA,Nvidia,True,True,2021-01-04,2026-04-30,True,,True,True,True
AIT-2024-07-008,2024-07-30,2024-07-30,NXPI,NXP Semiconductors,True,True,2021-01-04,2026-04-30,True,,True,True,True
AIT-2024-07-008,2024-07-30,2024-07-30,PLTR,Palantir Technologies,True,False,2021-01-04,2026-04-30,True,,True,True,True
AIT-2024-07-008,2024-07-30,2024-07-30,PANW,Palo Alto Networks,True,False,2021-01-04,2026-04-30,True,,True,True,True
AIT-2024-07-008,2024-07-30,2024-07-30,PDD,PDD Holdings,True,False,2021-01-04,2026-04-30,True,,True,True,True
AIT-2024-07-008,2024-07-30,2024-07-30,QCOM,Qualcomm,True,True,2021-01-04,2026-04-30,True,,True,True,True
AIT-2024-07-008,2024-07-30,2024-07-30,ROP,Roper Technologies,True,False,2021-01-04,2026-04-30,True,,True,True,True
AIT-2024-07-008,2024-07-30,2024-07-30,SNDK,Sandisk,True,False,2025-02-13,2026-04-30,False,2023-10-10;2023-10-11;2024-07-16;2024-07-16;2024-07-26;2024-07-30;2024-08-27,False,False,False
AIT-2024-07-008,2024-07-30,2024-07-30,STX,Seagate Technology,True,False,2021-01-04,2026-04-30,True,,True,True,True
AIT-2024-07-008,2024-07-30,2024-07-30,SHOP,Shopify,True,False,2021-01-04,2026-04-30,True,,True,True,True
AIT-2024-07-008,2024-07-30,2024-07-30,MSTR,MicroStrategy,True,False,2021-01-04,2026-04-30,True,,True,True,True
AIT-2024-07-008,2024-07-30,2024-07-30,SNPS,Synopsys,True,False,2021-01-04,2026-04-30,True,,True,True,True
AIT-2024-07-008,2024-07-30,2024-07-30,TXN,Texas Instruments,True,True,2021-01-04,2026-04-30,True,,True,True,True
AIT-2024-07-008,2024-07-30,2024-07-30,TRI,Thomson Reuters,True,False,2021-01-04,2026-04-30,True,,True,True,True
AIT-2024-07-008,2024-07-30,2024-07-30,WDC,Western Digital,True,False,2021-01-04,2026-04-30,True,,True,True,True
AIT-2024-07-008,2024-07-30,2024-07-30,WDAY,"Workday, Inc.",True,False,2021-01-04,2026-04-30,True,,True,True,True
AIT-2024-07-008,2024-07-30,2024-07-30,ZS,"Zscaler, Inc.",True,False,2021-01-04,2026-04-30,True,,True,True,True
AIT-2024-08-001,2024-08-01,2024-08-01,ADBE,Adobe Inc.,True,False,2021-01-04,2026-04-30,True,,True,True,True
AIT-2024-08-001,2024-08-01,2024-08-01,AMD,Advanced Micro Devices,True,True,2021-01-04,2026-04-30,True,,True,True,True
AIT-2024-08-001,2024-08-01,2024-08-01,GOOGL,Alphabet Inc. (Class A),True,False,2021-01-04,2026-04-30,True,,True,True,True
AIT-2024-08-001,2024-08-01,2024-08-01,GOOG,Alphabet Inc. (Class C),True,False,2021-01-04,2026-04-30,True,,True,True,True
AIT-2024-08-001,2024-08-01,2024-08-01,ADI,Analog Devices,True,True,2021-01-04,2026-04-30,True,,True,True,True
AIT-2024-08-001,2024-08-01,2024-08-01,AAPL,Apple Inc.,True,False,2021-01-04,2026-04-30,True,,True,True,True
AIT-2024-08-001,2024-08-01,2024-08-01,AMAT,Applied Materials,True,True,2021-01-04,2026-04-30,True,,True,True,True
AIT-2024-08-001,2024-08-01,2024-08-01,APP,AppLovin,True,False,2021-04-15,2026-04-30,True,,True,True,True
AIT-2024-08-001,2024-08-01,2024-08-01,ARM,Arm Holdings,True,False,2023-09-14,2026-04-30,True,,True,True,True
AIT-2024-08-001,2024-08-01,2024-08-01,ASML,ASML Holding,True,True,2021-01-04,2026-04-30,True,,True,True,True
AIT-2024-08-001,2024-08-01,2024-08-01,ADSK,Autodesk,True,False,2021-01-04,2026-04-30,True,,True,True,True
AIT-2024-08-001,2024-08-01,2024-08-01,AVGO,Broadcom,True,True,2021-01-04,2026-04-30,True,,True,True,True
AIT-2024-08-001,2024-08-01,2024-08-01,CDNS,Cadence Design Systems,True,False,2021-01-04,2026-04-30,True,,True,True,True
AIT-2024-08-001,2024-08-01,2024-08-01,CTSH,Cognizant Technology Solutions Corporation,True,False,2021-01-04,2026-04-30,True,,True,True,True
AIT-2024-08-001,2024-08-01,2024-08-01,CRWD,CrowdStrike,True,False,2021-01-04,2026-04-30,True,,True,True,True
AIT-2024-08-001,2024-08-01,2024-08-01,DDOG,Datadog,True,False,2021-01-04,2026-04-30,True,,True,True,True
AIT-2024-08-001,2024-08-01,2024-08-01,DASH,DoorDash,True,False,2021-01-04,2026-04-30,True,,True,True,True
AIT-2024-08-001,2024-08-01,2024-08-01,FTNT,Fortinet,True,False,2021-01-04,2026-04-30,True,,True,True,True
AIT-2024-08-001,2024-08-01,2024-08-01,INTC,Intel,True,True,2021-01-04,2026-04-30,True,,True,True,True
AIT-2024-08-001,2024-08-01,2024-08-01,INTU,Intuit,True,False,2021-01-04,2026-04-30,True,,True,True,True
AIT-2024-08-001,2024-08-01,2024-08-01,KLAC,KLA Corporation,True,True,2021-01-04,2026-04-30,True,,True,True,True
AIT-2024-08-001,2024-08-01,2024-08-01,LRCX,Lam Research,True,True,2021-01-04,2026-04-30,True,,True,True,True
AIT-2024-08-001,2024-08-01,2024-08-01,MRVL,Marvell Technology,True,True,2021-01-04,2026-04-30,True,,True,True,True
AIT-2024-08-001,2024-08-01,2024-08-01,META,Meta Platforms,True,False,2021-01-04,2026-04-30,True,,True,True,True
AIT-2024-08-001,2024-08-01,2024-08-01,MCHP,Microchip Technology,True,True,2021-01-04,2026-04-30,True,,True,True,True
AIT-2024-08-001,2024-08-01,2024-08-01,MU,Micron Technology,True,True,2021-01-04,2026-04-30,True,,True,True,True
AIT-2024-08-001,2024-08-01,2024-08-01,MSFT,Microsoft,True,False,2021-01-04,2026-04-30,True,,True,True,True
AIT-2024-08-001,2024-08-01,2024-08-01,MPWR,Monolithic Power Systems,True,True,2021-01-04,2026-04-30,True,,True,True,True
AIT-2024-08-001,2024-08-01,2024-08-01,NVDA,Nvidia,True,True,2021-01-04,2026-04-30,True,,True,True,True
AIT-2024-08-001,2024-08-01,2024-08-01,NXPI,NXP Semiconductors,True,True,2021-01-04,2026-04-30,True,,True,True,True
AIT-2024-08-001,2024-08-01,2024-08-01,PLTR,Palantir Technologies,True,False,2021-01-04,2026-04-30,True,,True,True,True
AIT-2024-08-001,2024-08-01,2024-08-01,PANW,Palo Alto Networks,True,False,2021-01-04,2026-04-30,True,,True,True,True
AIT-2024-08-001,2024-08-01,2024-08-01,PDD,PDD Holdings,True,False,2021-01-04,2026-04-30,True,,True,True,True
AIT-2024-08-001,2024-08-01,2024-08-01,QCOM,Qualcomm,True,True,2021-01-04,2026-04-30,True,,True,True,True
AIT-2024-08-001,2024-08-01,2024-08-01,ROP,Roper Technologies,True,False,2021-01-04,2026-04-30,True,,True,True,True
AIT-2024-08-001,2024-08-01,2024-08-01,SNDK,Sandisk,True,False,2025-02-13,2026-04-30,False,2023-10-12;2023-10-13;2024-07-18;2024-07-18;2024-07-30;2024-08-01;2024-08-29,False,False,False
AIT-2024-08-001,2024-08-01,2024-08-01,STX,Seagate Technology,True,False,2021-01-04,2026-04-30,True,,True,True,True
AIT-2024-08-001,2024-08-01,2024-08-01,SHOP,Shopify,True,False,2021-01-04,2026-04-30,True,,True,True,True
AIT-2024-08-001,2024-08-01,2024-08-01,MSTR,MicroStrategy,True,False,2021-01-04,2026-04-30,True,,True,True,True
AIT-2024-08-001,2024-08-01,2024-08-01,SNPS,Synopsys,True,False,2021-01-04,2026-04-30,True,,True,True,True
AIT-2024-08-001,2024-08-01,2024-08-01,TXN,Texas Instruments,True,True,2021-01-04,2026-04-30,True,,True,True,True
AIT-2024-08-001,2024-08-01,2024-08-01,TRI,Thomson Reuters,True,False,2021-01-04,2026-04-30,True,,True,True,True
AIT-2024-08-001,2024-08-01,2024-08-01,WDC,Western Digital,True,False,2021-01-04,2026-04-30,True,,True,True,True
AIT-2024-08-001,2024-08-01,2024-08-01,WDAY,"Workday, Inc.",True,False,2021-01-04,2026-04-30,True,,True,True,True
AIT-2024-08-001,2024-08-01,2024-08-01,ZS,"Zscaler, Inc.",True,False,2021-01-04,2026-04-30,True,,True,True,True
AIT-2024-08-002,2024-08-06,2024-08-06,ADBE,Adobe Inc.,True,False,2021-01-04,2026-04-30,True,,True,True,True
AIT-2024-08-002,2024-08-06,2024-08-06,AMD,Advanced Micro Devices,True,True,2021-01-04,2026-04-30,True,,True,True,True
AIT-2024-08-002,2024-08-06,2024-08-06,GOOGL,Alphabet Inc. (Class A),True,False,2021-01-04,2026-04-30,True,,True,True,True
AIT-2024-08-002,2024-08-06,2024-08-06,GOOG,Alphabet Inc. (Class C),True,False,2021-01-04,2026-04-30,True,,True,True,True
AIT-2024-08-002,2024-08-06,2024-08-06,ADI,Analog Devices,True,True,2021-01-04,2026-04-30,True,,True,True,True
AIT-2024-08-002,2024-08-06,2024-08-06,AAPL,Apple Inc.,True,False,2021-01-04,2026-04-30,True,,True,True,True
AIT-2024-08-002,2024-08-06,2024-08-06,AMAT,Applied Materials,True,True,2021-01-04,2026-04-30,True,,True,True,True
AIT-2024-08-002,2024-08-06,2024-08-06,APP,AppLovin,True,False,2021-04-15,2026-04-30,True,,True,True,True
AIT-2024-08-002,2024-08-06,2024-08-06,ARM,Arm Holdings,True,False,2023-09-14,2026-04-30,True,,True,True,True
AIT-2024-08-002,2024-08-06,2024-08-06,ASML,ASML Holding,True,True,2021-01-04,2026-04-30,True,,True,True,True
AIT-2024-08-002,2024-08-06,2024-08-06,ADSK,Autodesk,True,False,2021-01-04,2026-04-30,True,,True,True,True
AIT-2024-08-002,2024-08-06,2024-08-06,AVGO,Broadcom,True,True,2021-01-04,2026-04-30,True,,True,True,True
AIT-2024-08-002,2024-08-06,2024-08-06,CDNS,Cadence Design Systems,True,False,2021-01-04,2026-04-30,True,,True,True,True
AIT-2024-08-002,2024-08-06,2024-08-06,CTSH,Cognizant Technology Solutions Corporation,True,False,2021-01-04,2026-04-30,True,,True,True,True
AIT-2024-08-002,2024-08-06,2024-08-06,CRWD,CrowdStrike,True,False,2021-01-04,2026-04-30,True,,True,True,True
AIT-2024-08-002,2024-08-06,2024-08-06,DDOG,Datadog,True,False,2021-01-04,2026-04-30,True,,True,True,True
AIT-2024-08-002,2024-08-06,2024-08-06,DASH,DoorDash,True,False,2021-01-04,2026-04-30,True,,True,True,True
AIT-2024-08-002,2024-08-06,2024-08-06,FTNT,Fortinet,True,False,2021-01-04,2026-04-30,True,,True,True,True
AIT-2024-08-002,2024-08-06,2024-08-06,INTC,Intel,True,True,2021-01-04,2026-04-30,True,,True,True,True
AIT-2024-08-002,2024-08-06,2024-08-06,INTU,Intuit,True,False,2021-01-04,2026-04-30,True,,True,True,True
AIT-2024-08-002,2024-08-06,2024-08-06,KLAC,KLA Corporation,True,True,2021-01-04,2026-04-30,True,,True,True,True
AIT-2024-08-002,2024-08-06,2024-08-06,LRCX,Lam Research,True,True,2021-01-04,2026-04-30,True,,True,True,True
AIT-2024-08-002,2024-08-06,2024-08-06,MRVL,Marvell Technology,True,True,2021-01-04,2026-04-30,True,,True,True,True
AIT-2024-08-002,2024-08-06,2024-08-06,META,Meta Platforms,True,False,2021-01-04,2026-04-30,True,,True,True,True
AIT-2024-08-002,2024-08-06,2024-08-06,MCHP,Microchip Technology,True,True,2021-01-04,2026-04-30,True,,True,True,True
AIT-2024-08-002,2024-08-06,2024-08-06,MU,Micron Technology,True,True,2021-01-04,2026-04-30,True,,True,True,True
AIT-2024-08-002,2024-08-06,2024-08-06,MSFT,Microsoft,True,False,2021-01-04,2026-04-30,True,,True,True,True
AIT-2024-08-002,2024-08-06,2024-08-06,MPWR,Monolithic Power Systems,True,True,2021-01-04,2026-04-30,True,,True,True,True
AIT-2024-08-002,2024-08-06,2024-08-06,NVDA,Nvidia,True,True,2021-01-04,2026-04-30,True,,True,True,True
AIT-2024-08-002,2024-08-06,2024-08-06,NXPI,NXP Semiconductors,True,True,2021-01-04,2026-04-30,True,,True,True,True
AIT-2024-08-002,2024-08-06,2024-08-06,PLTR,Palantir Technologies,True,False,2021-01-04,2026-04-30,True,,True,True,True
AIT-2024-08-002,2024-08-06,2024-08-06,PANW,Palo Alto Networks,True,False,2021-01-04,2026-04-30,True,,True,True,True
AIT-2024-08-002,2024-08-06,2024-08-06,PDD,PDD Holdings,True,False,2021-01-04,2026-04-30,True,,True,True,True
AIT-2024-08-002,2024-08-06,2024-08-06,QCOM,Qualcomm,True,True,2021-01-04,2026-04-30,True,,True,True,True
AIT-2024-08-002,2024-08-06,2024-08-06,ROP,Roper Technologies,True,False,2021-01-04,2026-04-30,True,,True,True,True
AIT-2024-08-002,2024-08-06,2024-08-06,SNDK,Sandisk,True,False,2025-02-13,2026-04-30,False,2023-10-17;2023-10-18;2024-07-23;2024-07-23;2024-08-02;2024-08-06;2024-09-04,False,False,False
AIT-2024-08-002,2024-08-06,2024-08-06,STX,Seagate Technology,True,False,2021-01-04,2026-04-30,True,,True,True,True
AIT-2024-08-002,2024-08-06,2024-08-06,SHOP,Shopify,True,False,2021-01-04,2026-04-30,True,,True,True,True
AIT-2024-08-002,2024-08-06,2024-08-06,MSTR,MicroStrategy,True,False,2021-01-04,2026-04-30,True,,True,True,True
AIT-2024-08-002,2024-08-06,2024-08-06,SNPS,Synopsys,True,False,2021-01-04,2026-04-30,True,,True,True,True
AIT-2024-08-002,2024-08-06,2024-08-06,TXN,Texas Instruments,True,True,2021-01-04,2026-04-30,True,,True,True,True
AIT-2024-08-002,2024-08-06,2024-08-06,TRI,Thomson Reuters,True,False,2021-01-04,2026-04-30,True,,True,True,True
AIT-2024-08-002,2024-08-06,2024-08-06,WDC,Western Digital,True,False,2021-01-04,2026-04-30,True,,True,True,True
AIT-2024-08-002,2024-08-06,2024-08-06,WDAY,"Workday, Inc.",True,False,2021-01-04,2026-04-30,True,,True,True,True
AIT-2024-08-002,2024-08-06,2024-08-06,ZS,"Zscaler, Inc.",True,False,2021-01-04,2026-04-30,True,,True,True,True
AIT-2024-08-003,2024-08-13,2024-08-13,ADBE,Adobe Inc.,True,False,2021-01-04,2026-04-30,True,,True,True,True
AIT-2024-08-003,2024-08-13,2024-08-13,AMD,Advanced Micro Devices,True,True,2021-01-04,2026-04-30,True,,True,True,True
AIT-2024-08-003,2024-08-13,2024-08-13,GOOGL,Alphabet Inc. (Class A),True,False,2021-01-04,2026-04-30,True,,True,True,True
AIT-2024-08-003,2024-08-13,2024-08-13,GOOG,Alphabet Inc. (Class C),True,False,2021-01-04,2026-04-30,True,,True,True,True
AIT-2024-08-003,2024-08-13,2024-08-13,ADI,Analog Devices,True,True,2021-01-04,2026-04-30,True,,True,True,True
AIT-2024-08-003,2024-08-13,2024-08-13,AAPL,Apple Inc.,True,False,2021-01-04,2026-04-30,True,,True,True,True
AIT-2024-08-003,2024-08-13,2024-08-13,AMAT,Applied Materials,True,True,2021-01-04,2026-04-30,True,,True,True,True
AIT-2024-08-003,2024-08-13,2024-08-13,APP,AppLovin,True,False,2021-04-15,2026-04-30,True,,True,True,True
AIT-2024-08-003,2024-08-13,2024-08-13,ARM,Arm Holdings,True,False,2023-09-14,2026-04-30,True,,True,True,True
AIT-2024-08-003,2024-08-13,2024-08-13,ASML,ASML Holding,True,True,2021-01-04,2026-04-30,True,,True,True,True
AIT-2024-08-003,2024-08-13,2024-08-13,ADSK,Autodesk,True,False,2021-01-04,2026-04-30,True,,True,True,True
AIT-2024-08-003,2024-08-13,2024-08-13,AVGO,Broadcom,True,True,2021-01-04,2026-04-30,True,,True,True,True
AIT-2024-08-003,2024-08-13,2024-08-13,CDNS,Cadence Design Systems,True,False,2021-01-04,2026-04-30,True,,True,True,True
AIT-2024-08-003,2024-08-13,2024-08-13,CTSH,Cognizant Technology Solutions Corporation,True,False,2021-01-04,2026-04-30,True,,True,True,True
AIT-2024-08-003,2024-08-13,2024-08-13,CRWD,CrowdStrike,True,False,2021-01-04,2026-04-30,True,,True,True,True
AIT-2024-08-003,2024-08-13,2024-08-13,DDOG,Datadog,True,False,2021-01-04,2026-04-30,True,,True,True,True
AIT-2024-08-003,2024-08-13,2024-08-13,DASH,DoorDash,True,False,2021-01-04,2026-04-30,True,,True,True,True
AIT-2024-08-003,2024-08-13,2024-08-13,FTNT,Fortinet,True,False,2021-01-04,2026-04-30,True,,True,True,True
AIT-2024-08-003,2024-08-13,2024-08-13,INTC,Intel,True,True,2021-01-04,2026-04-30,True,,True,True,True
AIT-2024-08-003,2024-08-13,2024-08-13,INTU,Intuit,True,False,2021-01-04,2026-04-30,True,,True,True,True
AIT-2024-08-003,2024-08-13,2024-08-13,KLAC,KLA Corporation,True,True,2021-01-04,2026-04-30,True,,True,True,True
AIT-2024-08-003,2024-08-13,2024-08-13,LRCX,Lam Research,True,True,2021-01-04,2026-04-30,True,,True,True,True
AIT-2024-08-003,2024-08-13,2024-08-13,MRVL,Marvell Technology,True,True,2021-01-04,2026-04-30,True,,True,True,True
AIT-2024-08-003,2024-08-13,2024-08-13,META,Meta Platforms,True,False,2021-01-04,2026-04-30,True,,True,True,True
AIT-2024-08-003,2024-08-13,2024-08-13,MCHP,Microchip Technology,True,True,2021-01-04,2026-04-30,True,,True,True,True
AIT-2024-08-003,2024-08-13,2024-08-13,MU,Micron Technology,True,True,2021-01-04,2026-04-30,True,,True,True,True
AIT-2024-08-003,2024-08-13,2024-08-13,MSFT,Microsoft,True,False,2021-01-04,2026-04-30,True,,True,True,True
AIT-2024-08-003,2024-08-13,2024-08-13,MPWR,Monolithic Power Systems,True,True,2021-01-04,2026-04-30,True,,True,True,True
AIT-2024-08-003,2024-08-13,2024-08-13,NVDA,Nvidia,True,True,2021-01-04,2026-04-30,True,,True,True,True
AIT-2024-08-003,2024-08-13,2024-08-13,NXPI,NXP Semiconductors,True,True,2021-01-04,2026-04-30,True,,True,True,True
AIT-2024-08-003,2024-08-13,2024-08-13,PLTR,Palantir Technologies,True,False,2021-01-04,2026-04-30,True,,True,True,True
AIT-2024-08-003,2024-08-13,2024-08-13,PANW,Palo Alto Networks,True,False,2021-01-04,2026-04-30,True,,True,True,True
AIT-2024-08-003,2024-08-13,2024-08-13,PDD,PDD Holdings,True,False,2021-01-04,2026-04-30,True,,True,True,True
AIT-2024-08-003,2024-08-13,2024-08-13,QCOM,Qualcomm,True,True,2021-01-04,2026-04-30,True,,True,True,True
AIT-2024-08-003,2024-08-13,2024-08-13,ROP,Roper Technologies,True,False,2021-01-04,2026-04-30,True,,True,True,True
AIT-2024-08-003,2024-08-13,2024-08-13,SNDK,Sandisk,True,False,2025-02-13,2026-04-30,False,2023-10-24;2023-10-25;2024-07-30;2024-07-30;2024-08-09;2024-08-13;2024-09-11,False,False,False
AIT-2024-08-003,2024-08-13,2024-08-13,STX,Seagate Technology,True,False,2021-01-04,2026-04-30,True,,True,True,True
AIT-2024-08-003,2024-08-13,2024-08-13,SHOP,Shopify,True,False,2021-01-04,2026-04-30,True,,True,True,True
AIT-2024-08-003,2024-08-13,2024-08-13,MSTR,MicroStrategy,True,False,2021-01-04,2026-04-30,True,,True,True,True
AIT-2024-08-003,2024-08-13,2024-08-13,SNPS,Synopsys,True,False,2021-01-04,2026-04-30,True,,True,True,True
AIT-2024-08-003,2024-08-13,2024-08-13,TXN,Texas Instruments,True,True,2021-01-04,2026-04-30,True,,True,True,True
AIT-2024-08-003,2024-08-13,2024-08-13,TRI,Thomson Reuters,True,False,2021-01-04,2026-04-30,True,,True,True,True
AIT-2024-08-003,2024-08-13,2024-08-13,WDC,Western Digital,True,False,2021-01-04,2026-04-30,True,,True,True,True
AIT-2024-08-003,2024-08-13,2024-08-13,WDAY,"Workday, Inc.",True,False,2021-01-04,2026-04-30,True,,True,True,True
AIT-2024-08-003,2024-08-13,2024-08-13,ZS,"Zscaler, Inc.",True,False,2021-01-04,2026-04-30,True,,True,True,True
AIT-2024-08-004,2024-08-13,2024-08-13,ADBE,Adobe Inc.,True,False,2021-01-04,2026-04-30,True,,True,True,True
AIT-2024-08-004,2024-08-13,2024-08-13,AMD,Advanced Micro Devices,True,True,2021-01-04,2026-04-30,True,,True,True,True
AIT-2024-08-004,2024-08-13,2024-08-13,GOOGL,Alphabet Inc. (Class A),True,False,2021-01-04,2026-04-30,True,,True,True,True
AIT-2024-08-004,2024-08-13,2024-08-13,GOOG,Alphabet Inc. (Class C),True,False,2021-01-04,2026-04-30,True,,True,True,True
AIT-2024-08-004,2024-08-13,2024-08-13,ADI,Analog Devices,True,True,2021-01-04,2026-04-30,True,,True,True,True
AIT-2024-08-004,2024-08-13,2024-08-13,AAPL,Apple Inc.,True,False,2021-01-04,2026-04-30,True,,True,True,True
AIT-2024-08-004,2024-08-13,2024-08-13,AMAT,Applied Materials,True,True,2021-01-04,2026-04-30,True,,True,True,True
AIT-2024-08-004,2024-08-13,2024-08-13,APP,AppLovin,True,False,2021-04-15,2026-04-30,True,,True,True,True
AIT-2024-08-004,2024-08-13,2024-08-13,ARM,Arm Holdings,True,False,2023-09-14,2026-04-30,True,,True,True,True
AIT-2024-08-004,2024-08-13,2024-08-13,ASML,ASML Holding,True,True,2021-01-04,2026-04-30,True,,True,True,True
AIT-2024-08-004,2024-08-13,2024-08-13,ADSK,Autodesk,True,False,2021-01-04,2026-04-30,True,,True,True,True
AIT-2024-08-004,2024-08-13,2024-08-13,AVGO,Broadcom,True,True,2021-01-04,2026-04-30,True,,True,True,True
AIT-2024-08-004,2024-08-13,2024-08-13,CDNS,Cadence Design Systems,True,False,2021-01-04,2026-04-30,True,,True,True,True
AIT-2024-08-004,2024-08-13,2024-08-13,CTSH,Cognizant Technology Solutions Corporation,True,False,2021-01-04,2026-04-30,True,,True,True,True
AIT-2024-08-004,2024-08-13,2024-08-13,CRWD,CrowdStrike,True,False,2021-01-04,2026-04-30,True,,True,True,True
AIT-2024-08-004,2024-08-13,2024-08-13,DDOG,Datadog,True,False,2021-01-04,2026-04-30,True,,True,True,True
AIT-2024-08-004,2024-08-13,2024-08-13,DASH,DoorDash,True,False,2021-01-04,2026-04-30,True,,True,True,True
AIT-2024-08-004,2024-08-13,2024-08-13,FTNT,Fortinet,True,False,2021-01-04,2026-04-30,True,,True,True,True
AIT-2024-08-004,2024-08-13,2024-08-13,INTC,Intel,True,True,2021-01-04,2026-04-30,True,,True,True,True
AIT-2024-08-004,2024-08-13,2024-08-13,INTU,Intuit,True,False,2021-01-04,2026-04-30,True,,True,True,True
AIT-2024-08-004,2024-08-13,2024-08-13,KLAC,KLA Corporation,True,True,2021-01-04,2026-04-30,True,,True,True,True
AIT-2024-08-004,2024-08-13,2024-08-13,LRCX,Lam Research,True,True,2021-01-04,2026-04-30,True,,True,True,True
AIT-2024-08-004,2024-08-13,2024-08-13,MRVL,Marvell Technology,True,True,2021-01-04,2026-04-30,True,,True,True,True
AIT-2024-08-004,2024-08-13,2024-08-13,META,Meta Platforms,True,False,2021-01-04,2026-04-30,True,,True,True,True
AIT-2024-08-004,2024-08-13,2024-08-13,MCHP,Microchip Technology,True,True,2021-01-04,2026-04-30,True,,True,True,True
AIT-2024-08-004,2024-08-13,2024-08-13,MU,Micron Technology,True,True,2021-01-04,2026-04-30,True,,True,True,True
AIT-2024-08-004,2024-08-13,2024-08-13,MSFT,Microsoft,True,False,2021-01-04,2026-04-30,True,,True,True,True
AIT-2024-08-004,2024-08-13,2024-08-13,MPWR,Monolithic Power Systems,True,True,2021-01-04,2026-04-30,True,,True,True,True
AIT-2024-08-004,2024-08-13,2024-08-13,NVDA,Nvidia,True,True,2021-01-04,2026-04-30,True,,True,True,True
AIT-2024-08-004,2024-08-13,2024-08-13,NXPI,NXP Semiconductors,True,True,2021-01-04,2026-04-30,True,,True,True,True
AIT-2024-08-004,2024-08-13,2024-08-13,PLTR,Palantir Technologies,True,False,2021-01-04,2026-04-30,True,,True,True,True
AIT-2024-08-004,2024-08-13,2024-08-13,PANW,Palo Alto Networks,True,False,2021-01-04,2026-04-30,True,,True,True,True
AIT-2024-08-004,2024-08-13,2024-08-13,PDD,PDD Holdings,True,False,2021-01-04,2026-04-30,True,,True,True,True
AIT-2024-08-004,2024-08-13,2024-08-13,QCOM,Qualcomm,True,True,2021-01-04,2026-04-30,True,,True,True,True
AIT-2024-08-004,2024-08-13,2024-08-13,ROP,Roper Technologies,True,False,2021-01-04,2026-04-30,True,,True,True,True
AIT-2024-08-004,2024-08-13,2024-08-13,SNDK,Sandisk,True,False,2025-02-13,2026-04-30,False,2023-10-24;2023-10-25;2024-07-30;2024-07-30;2024-08-09;2024-08-13;2024-09-11,False,False,False
AIT-2024-08-004,2024-08-13,2024-08-13,STX,Seagate Technology,True,False,2021-01-04,2026-04-30,True,,True,True,True
AIT-2024-08-004,2024-08-13,2024-08-13,SHOP,Shopify,True,False,2021-01-04,2026-04-30,True,,True,True,True
AIT-2024-08-004,2024-08-13,2024-08-13,MSTR,MicroStrategy,True,False,2021-01-04,2026-04-30,True,,True,True,True
AIT-2024-08-004,2024-08-13,2024-08-13,SNPS,Synopsys,True,False,2021-01-04,2026-04-30,True,,True,True,True
AIT-2024-08-004,2024-08-13,2024-08-13,TXN,Texas Instruments,True,True,2021-01-04,2026-04-30,True,,True,True,True
AIT-2024-08-004,2024-08-13,2024-08-13,TRI,Thomson Reuters,True,False,2021-01-04,2026-04-30,True,,True,True,True
AIT-2024-08-004,2024-08-13,2024-08-13,WDC,Western Digital,True,False,2021-01-04,2026-04-30,True,,True,True,True
AIT-2024-08-004,2024-08-13,2024-08-13,WDAY,"Workday, Inc.",True,False,2021-01-04,2026-04-30,True,,True,True,True
AIT-2024-08-004,2024-08-13,2024-08-13,ZS,"Zscaler, Inc.",True,False,2021-01-04,2026-04-30,True,,True,True,True
AIT-2024-08-006,2024-08-27,2024-08-27,ADBE,Adobe Inc.,True,False,2021-01-04,2026-04-30,True,,True,True,True
AIT-2024-08-006,2024-08-27,2024-08-27,AMD,Advanced Micro Devices,True,True,2021-01-04,2026-04-30,True,,True,True,True
AIT-2024-08-006,2024-08-27,2024-08-27,GOOGL,Alphabet Inc. (Class A),True,False,2021-01-04,2026-04-30,True,,True,True,True
AIT-2024-08-006,2024-08-27,2024-08-27,GOOG,Alphabet Inc. (Class C),True,False,2021-01-04,2026-04-30,True,,True,True,True
AIT-2024-08-006,2024-08-27,2024-08-27,ADI,Analog Devices,True,True,2021-01-04,2026-04-30,True,,True,True,True
AIT-2024-08-006,2024-08-27,2024-08-27,AAPL,Apple Inc.,True,False,2021-01-04,2026-04-30,True,,True,True,True
AIT-2024-08-006,2024-08-27,2024-08-27,AMAT,Applied Materials,True,True,2021-01-04,2026-04-30,True,,True,True,True
AIT-2024-08-006,2024-08-27,2024-08-27,APP,AppLovin,True,False,2021-04-15,2026-04-30,True,,True,True,True
AIT-2024-08-006,2024-08-27,2024-08-27,ARM,Arm Holdings,True,False,2023-09-14,2026-04-30,True,,True,True,True
AIT-2024-08-006,2024-08-27,2024-08-27,ASML,ASML Holding,True,True,2021-01-04,2026-04-30,True,,True,True,True
AIT-2024-08-006,2024-08-27,2024-08-27,ADSK,Autodesk,True,False,2021-01-04,2026-04-30,True,,True,True,True
AIT-2024-08-006,2024-08-27,2024-08-27,AVGO,Broadcom,True,True,2021-01-04,2026-04-30,True,,True,True,True
AIT-2024-08-006,2024-08-27,2024-08-27,CDNS,Cadence Design Systems,True,False,2021-01-04,2026-04-30,True,,True,True,True
AIT-2024-08-006,2024-08-27,2024-08-27,CTSH,Cognizant Technology Solutions Corporation,True,False,2021-01-04,2026-04-30,True,,True,True,True
AIT-2024-08-006,2024-08-27,2024-08-27,CRWD,CrowdStrike,True,False,2021-01-04,2026-04-30,True,,True,True,True
AIT-2024-08-006,2024-08-27,2024-08-27,DDOG,Datadog,True,False,2021-01-04,2026-04-30,True,,True,True,True
AIT-2024-08-006,2024-08-27,2024-08-27,DASH,DoorDash,True,False,2021-01-04,2026-04-30,True,,True,True,True
AIT-2024-08-006,2024-08-27,2024-08-27,FTNT,Fortinet,True,False,2021-01-04,2026-04-30,True,,True,True,True
AIT-2024-08-006,2024-08-27,2024-08-27,INTC,Intel,True,True,2021-01-04,2026-04-30,True,,True,True,True
AIT-2024-08-006,2024-08-27,2024-08-27,INTU,Intuit,True,False,2021-01-04,2026-04-30,True,,True,True,True
AIT-2024-08-006,2024-08-27,2024-08-27,KLAC,KLA Corporation,True,True,2021-01-04,2026-04-30,True,,True,True,True
AIT-2024-08-006,2024-08-27,2024-08-27,LRCX,Lam Research,True,True,2021-01-04,2026-04-30,True,,True,True,True
AIT-2024-08-006,2024-08-27,2024-08-27,MRVL,Marvell Technology,True,True,2021-01-04,2026-04-30,True,,True,True,True
AIT-2024-08-006,2024-08-27,2024-08-27,META,Meta Platforms,True,False,2021-01-04,2026-04-30,True,,True,True,True
AIT-2024-08-006,2024-08-27,2024-08-27,MCHP,Microchip Technology,True,True,2021-01-04,2026-04-30,True,,True,True,True
AIT-2024-08-006,2024-08-27,2024-08-27,MU,Micron Technology,True,True,2021-01-04,2026-04-30,True,,True,True,True
AIT-2024-08-006,2024-08-27,2024-08-27,MSFT,Microsoft,True,False,2021-01-04,2026-04-30,True,,True,True,True
AIT-2024-08-006,2024-08-27,2024-08-27,MPWR,Monolithic Power Systems,True,True,2021-01-04,2026-04-30,True,,True,True,True
AIT-2024-08-006,2024-08-27,2024-08-27,NVDA,Nvidia,True,True,2021-01-04,2026-04-30,True,,True,True,True
AIT-2024-08-006,2024-08-27,2024-08-27,NXPI,NXP Semiconductors,True,True,2021-01-04,2026-04-30,True,,True,True,True
AIT-2024-08-006,2024-08-27,2024-08-27,PLTR,Palantir Technologies,True,False,2021-01-04,2026-04-30,True,,True,True,True
AIT-2024-08-006,2024-08-27,2024-08-27,PANW,Palo Alto Networks,True,False,2021-01-04,2026-04-30,True,,True,True,True
AIT-2024-08-006,2024-08-27,2024-08-27,PDD,PDD Holdings,True,False,2021-01-04,2026-04-30,True,,True,True,True
AIT-2024-08-006,2024-08-27,2024-08-27,QCOM,Qualcomm,True,True,2021-01-04,2026-04-30,True,,True,True,True
AIT-2024-08-006,2024-08-27,2024-08-27,ROP,Roper Technologies,True,False,2021-01-04,2026-04-30,True,,True,True,True
AIT-2024-08-006,2024-08-27,2024-08-27,SNDK,Sandisk,True,False,2025-02-13,2026-04-30,False,2023-11-07;2023-11-08;2024-08-13;2024-08-13;2024-08-23;2024-08-27;2024-09-25,False,False,False
AIT-2024-08-006,2024-08-27,2024-08-27,STX,Seagate Technology,True,False,2021-01-04,2026-04-30,True,,True,True,True
AIT-2024-08-006,2024-08-27,2024-08-27,SHOP,Shopify,True,False,2021-01-04,2026-04-30,True,,True,True,True
AIT-2024-08-006,2024-08-27,2024-08-27,MSTR,MicroStrategy,True,False,2021-01-04,2026-04-30,True,,True,True,True
AIT-2024-08-006,2024-08-27,2024-08-27,SNPS,Synopsys,True,False,2021-01-04,2026-04-30,True,,True,True,True
AIT-2024-08-006,2024-08-27,2024-08-27,TXN,Texas Instruments,True,True,2021-01-04,2026-04-30,True,,True,True,True
AIT-2024-08-006,2024-08-27,2024-08-27,TRI,Thomson Reuters,True,False,2021-01-04,2026-04-30,True,,True,True,True
AIT-2024-08-006,2024-08-27,2024-08-27,WDC,Western Digital,True,False,2021-01-04,2026-04-30,True,,True,True,True
AIT-2024-08-006,2024-08-27,2024-08-27,WDAY,"Workday, Inc.",True,False,2021-01-04,2026-04-30,True,,True,True,True
AIT-2024-08-006,2024-08-27,2024-08-27,ZS,"Zscaler, Inc.",True,False,2021-01-04,2026-04-30,True,,True,True,True
AIT-2024-09-002,2024-09-12,2024-09-12,ADBE,Adobe Inc.,True,False,2021-01-04,2026-04-30,True,,True,True,True
AIT-2024-09-002,2024-09-12,2024-09-12,AMD,Advanced Micro Devices,True,True,2021-01-04,2026-04-30,True,,True,True,True
AIT-2024-09-002,2024-09-12,2024-09-12,GOOGL,Alphabet Inc. (Class A),True,False,2021-01-04,2026-04-30,True,,True,True,True
AIT-2024-09-002,2024-09-12,2024-09-12,GOOG,Alphabet Inc. (Class C),True,False,2021-01-04,2026-04-30,True,,True,True,True
AIT-2024-09-002,2024-09-12,2024-09-12,ADI,Analog Devices,True,True,2021-01-04,2026-04-30,True,,True,True,True
AIT-2024-09-002,2024-09-12,2024-09-12,AAPL,Apple Inc.,True,False,2021-01-04,2026-04-30,True,,True,True,True
AIT-2024-09-002,2024-09-12,2024-09-12,AMAT,Applied Materials,True,True,2021-01-04,2026-04-30,True,,True,True,True
AIT-2024-09-002,2024-09-12,2024-09-12,APP,AppLovin,True,False,2021-04-15,2026-04-30,True,,True,True,True
AIT-2024-09-002,2024-09-12,2024-09-12,ARM,Arm Holdings,True,False,2023-09-14,2026-04-30,True,,True,True,True
AIT-2024-09-002,2024-09-12,2024-09-12,ASML,ASML Holding,True,True,2021-01-04,2026-04-30,True,,True,True,True
AIT-2024-09-002,2024-09-12,2024-09-12,ADSK,Autodesk,True,False,2021-01-04,2026-04-30,True,,True,True,True
AIT-2024-09-002,2024-09-12,2024-09-12,AVGO,Broadcom,True,True,2021-01-04,2026-04-30,True,,True,True,True
AIT-2024-09-002,2024-09-12,2024-09-12,CDNS,Cadence Design Systems,True,False,2021-01-04,2026-04-30,True,,True,True,True
AIT-2024-09-002,2024-09-12,2024-09-12,CTSH,Cognizant Technology Solutions Corporation,True,False,2021-01-04,2026-04-30,True,,True,True,True
AIT-2024-09-002,2024-09-12,2024-09-12,CRWD,CrowdStrike,True,False,2021-01-04,2026-04-30,True,,True,True,True
AIT-2024-09-002,2024-09-12,2024-09-12,DDOG,Datadog,True,False,2021-01-04,2026-04-30,True,,True,True,True
AIT-2024-09-002,2024-09-12,2024-09-12,DASH,DoorDash,True,False,2021-01-04,2026-04-30,True,,True,True,True
AIT-2024-09-002,2024-09-12,2024-09-12,FTNT,Fortinet,True,False,2021-01-04,2026-04-30,True,,True,True,True
AIT-2024-09-002,2024-09-12,2024-09-12,INTC,Intel,True,True,2021-01-04,2026-04-30,True,,True,True,True
AIT-2024-09-002,2024-09-12,2024-09-12,INTU,Intuit,True,False,2021-01-04,2026-04-30,True,,True,True,True
AIT-2024-09-002,2024-09-12,2024-09-12,KLAC,KLA Corporation,True,True,2021-01-04,2026-04-30,True,,True,True,True
AIT-2024-09-002,2024-09-12,2024-09-12,LRCX,Lam Research,True,True,2021-01-04,2026-04-30,True,,True,True,True
AIT-2024-09-002,2024-09-12,2024-09-12,MRVL,Marvell Technology,True,True,2021-01-04,2026-04-30,True,,True,True,True
AIT-2024-09-002,2024-09-12,2024-09-12,META,Meta Platforms,True,False,2021-01-04,2026-04-30,True,,True,True,True
AIT-2024-09-002,2024-09-12,2024-09-12,MCHP,Microchip Technology,True,True,2021-01-04,2026-04-30,True,,True,True,True
AIT-2024-09-002,2024-09-12,2024-09-12,MU,Micron Technology,True,True,2021-01-04,2026-04-30,True,,True,True,True
AIT-2024-09-002,2024-09-12,2024-09-12,MSFT,Microsoft,True,False,2021-01-04,2026-04-30,True,,True,True,True
AIT-2024-09-002,2024-09-12,2024-09-12,MPWR,Monolithic Power Systems,True,True,2021-01-04,2026-04-30,True,,True,True,True
AIT-2024-09-002,2024-09-12,2024-09-12,NVDA,Nvidia,True,True,2021-01-04,2026-04-30,True,,True,True,True
AIT-2024-09-002,2024-09-12,2024-09-12,NXPI,NXP Semiconductors,True,True,2021-01-04,2026-04-30,True,,True,True,True
AIT-2024-09-002,2024-09-12,2024-09-12,PLTR,Palantir Technologies,True,False,2021-01-04,2026-04-30,True,,True,True,True
AIT-2024-09-002,2024-09-12,2024-09-12,PANW,Palo Alto Networks,True,False,2021-01-04,2026-04-30,True,,True,True,True
AIT-2024-09-002,2024-09-12,2024-09-12,PDD,PDD Holdings,True,False,2021-01-04,2026-04-30,True,,True,True,True
AIT-2024-09-002,2024-09-12,2024-09-12,QCOM,Qualcomm,True,True,2021-01-04,2026-04-30,True,,True,True,True
AIT-2024-09-002,2024-09-12,2024-09-12,ROP,Roper Technologies,True,False,2021-01-04,2026-04-30,True,,True,True,True
AIT-2024-09-002,2024-09-12,2024-09-12,SNDK,Sandisk,True,False,2025-02-13,2026-04-30,False,2023-11-22;2023-11-24;2024-08-28;2024-08-28;2024-09-10;2024-09-12;2024-10-10,False,False,False
AIT-2024-09-002,2024-09-12,2024-09-12,STX,Seagate Technology,True,False,2021-01-04,2026-04-30,True,,True,True,True
AIT-2024-09-002,2024-09-12,2024-09-12,SHOP,Shopify,True,False,2021-01-04,2026-04-30,True,,True,True,True
AIT-2024-09-002,2024-09-12,2024-09-12,MSTR,MicroStrategy,True,False,2021-01-04,2026-04-30,True,,True,True,True
AIT-2024-09-002,2024-09-12,2024-09-12,SNPS,Synopsys,True,False,2021-01-04,2026-04-30,True,,True,True,True
AIT-2024-09-002,2024-09-12,2024-09-12,TXN,Texas Instruments,True,True,2021-01-04,2026-04-30,True,,True,True,True
AIT-2024-09-002,2024-09-12,2024-09-12,TRI,Thomson Reuters,True,False,2021-01-04,2026-04-30,True,,True,True,True
AIT-2024-09-002,2024-09-12,2024-09-12,WDC,Western Digital,True,False,2021-01-04,2026-04-30,True,,True,True,True
AIT-2024-09-002,2024-09-12,2024-09-12,WDAY,"Workday, Inc.",True,False,2021-01-04,2026-04-30,True,,True,True,True
AIT-2024-09-002,2024-09-12,2024-09-12,ZS,"Zscaler, Inc.",True,False,2021-01-04,2026-04-30,True,,True,True,True
AIT-2024-09-003,2024-09-19,2024-09-19,ADBE,Adobe Inc.,True,False,2021-01-04,2026-04-30,True,,True,True,True
AIT-2024-09-003,2024-09-19,2024-09-19,AMD,Advanced Micro Devices,True,True,2021-01-04,2026-04-30,True,,True,True,True
AIT-2024-09-003,2024-09-19,2024-09-19,GOOGL,Alphabet Inc. (Class A),True,False,2021-01-04,2026-04-30,True,,True,True,True
AIT-2024-09-003,2024-09-19,2024-09-19,GOOG,Alphabet Inc. (Class C),True,False,2021-01-04,2026-04-30,True,,True,True,True
AIT-2024-09-003,2024-09-19,2024-09-19,ADI,Analog Devices,True,True,2021-01-04,2026-04-30,True,,True,True,True
AIT-2024-09-003,2024-09-19,2024-09-19,AAPL,Apple Inc.,True,False,2021-01-04,2026-04-30,True,,True,True,True
AIT-2024-09-003,2024-09-19,2024-09-19,AMAT,Applied Materials,True,True,2021-01-04,2026-04-30,True,,True,True,True
AIT-2024-09-003,2024-09-19,2024-09-19,APP,AppLovin,True,False,2021-04-15,2026-04-30,True,,True,True,True
AIT-2024-09-003,2024-09-19,2024-09-19,ARM,Arm Holdings,True,False,2023-09-14,2026-04-30,True,,True,True,True
AIT-2024-09-003,2024-09-19,2024-09-19,ASML,ASML Holding,True,True,2021-01-04,2026-04-30,True,,True,True,True
AIT-2024-09-003,2024-09-19,2024-09-19,ADSK,Autodesk,True,False,2021-01-04,2026-04-30,True,,True,True,True
AIT-2024-09-003,2024-09-19,2024-09-19,AVGO,Broadcom,True,True,2021-01-04,2026-04-30,True,,True,True,True
AIT-2024-09-003,2024-09-19,2024-09-19,CDNS,Cadence Design Systems,True,False,2021-01-04,2026-04-30,True,,True,True,True
AIT-2024-09-003,2024-09-19,2024-09-19,CTSH,Cognizant Technology Solutions Corporation,True,False,2021-01-04,2026-04-30,True,,True,True,True
AIT-2024-09-003,2024-09-19,2024-09-19,CRWD,CrowdStrike,True,False,2021-01-04,2026-04-30,True,,True,True,True
AIT-2024-09-003,2024-09-19,2024-09-19,DDOG,Datadog,True,False,2021-01-04,2026-04-30,True,,True,True,True
AIT-2024-09-003,2024-09-19,2024-09-19,DASH,DoorDash,True,False,2021-01-04,2026-04-30,True,,True,True,True
AIT-2024-09-003,2024-09-19,2024-09-19,FTNT,Fortinet,True,False,2021-01-04,2026-04-30,True,,True,True,True
AIT-2024-09-003,2024-09-19,2024-09-19,INTC,Intel,True,True,2021-01-04,2026-04-30,True,,True,True,True
AIT-2024-09-003,2024-09-19,2024-09-19,INTU,Intuit,True,False,2021-01-04,2026-04-30,True,,True,True,True
AIT-2024-09-003,2024-09-19,2024-09-19,KLAC,KLA Corporation,True,True,2021-01-04,2026-04-30,True,,True,True,True
AIT-2024-09-003,2024-09-19,2024-09-19,LRCX,Lam Research,True,True,2021-01-04,2026-04-30,True,,True,True,True
AIT-2024-09-003,2024-09-19,2024-09-19,MRVL,Marvell Technology,True,True,2021-01-04,2026-04-30,True,,True,True,True
AIT-2024-09-003,2024-09-19,2024-09-19,META,Meta Platforms,True,False,2021-01-04,2026-04-30,True,,True,True,True
AIT-2024-09-003,2024-09-19,2024-09-19,MCHP,Microchip Technology,True,True,2021-01-04,2026-04-30,True,,True,True,True
AIT-2024-09-003,2024-09-19,2024-09-19,MU,Micron Technology,True,True,2021-01-04,2026-04-30,True,,True,True,True
AIT-2024-09-003,2024-09-19,2024-09-19,MSFT,Microsoft,True,False,2021-01-04,2026-04-30,True,,True,True,True
AIT-2024-09-003,2024-09-19,2024-09-19,MPWR,Monolithic Power Systems,True,True,2021-01-04,2026-04-30,True,,True,True,True
AIT-2024-09-003,2024-09-19,2024-09-19,NVDA,Nvidia,True,True,2021-01-04,2026-04-30,True,,True,True,True
AIT-2024-09-003,2024-09-19,2024-09-19,NXPI,NXP Semiconductors,True,True,2021-01-04,2026-04-30,True,,True,True,True
AIT-2024-09-003,2024-09-19,2024-09-19,PLTR,Palantir Technologies,True,False,2021-01-04,2026-04-30,True,,True,True,True
AIT-2024-09-003,2024-09-19,2024-09-19,PANW,Palo Alto Networks,True,False,2021-01-04,2026-04-30,True,,True,True,True
AIT-2024-09-003,2024-09-19,2024-09-19,PDD,PDD Holdings,True,False,2021-01-04,2026-04-30,True,,True,True,True
AIT-2024-09-003,2024-09-19,2024-09-19,QCOM,Qualcomm,True,True,2021-01-04,2026-04-30,True,,True,True,True
AIT-2024-09-003,2024-09-19,2024-09-19,ROP,Roper Technologies,True,False,2021-01-04,2026-04-30,True,,True,True,True
AIT-2024-09-003,2024-09-19,2024-09-19,SNDK,Sandisk,True,False,2025-02-13,2026-04-30,False,2023-11-30;2023-12-01;2024-09-05;2024-09-05;2024-09-17;2024-09-19;2024-10-17,False,False,False
AIT-2024-09-003,2024-09-19,2024-09-19,STX,Seagate Technology,True,False,2021-01-04,2026-04-30,True,,True,True,True
AIT-2024-09-003,2024-09-19,2024-09-19,SHOP,Shopify,True,False,2021-01-04,2026-04-30,True,,True,True,True
AIT-2024-09-003,2024-09-19,2024-09-19,MSTR,MicroStrategy,True,False,2021-01-04,2026-04-30,True,,True,True,True
AIT-2024-09-003,2024-09-19,2024-09-19,SNPS,Synopsys,True,False,2021-01-04,2026-04-30,True,,True,True,True
AIT-2024-09-003,2024-09-19,2024-09-19,TXN,Texas Instruments,True,True,2021-01-04,2026-04-30,True,,True,True,True
AIT-2024-09-003,2024-09-19,2024-09-19,TRI,Thomson Reuters,True,False,2021-01-04,2026-04-30,True,,True,True,True
AIT-2024-09-003,2024-09-19,2024-09-19,WDC,Western Digital,True,False,2021-01-04,2026-04-30,True,,True,True,True
AIT-2024-09-003,2024-09-19,2024-09-19,WDAY,"Workday, Inc.",True,False,2021-01-04,2026-04-30,True,,True,True,True
AIT-2024-09-003,2024-09-19,2024-09-19,ZS,"Zscaler, Inc.",True,False,2021-01-04,2026-04-30,True,,True,True,True
AIT-2024-09-006,2024-09-25,2024-09-25,ADBE,Adobe Inc.,True,False,2021-01-04,2026-04-30,True,,True,True,True
AIT-2024-09-006,2024-09-25,2024-09-25,AMD,Advanced Micro Devices,True,True,2021-01-04,2026-04-30,True,,True,True,True
AIT-2024-09-006,2024-09-25,2024-09-25,GOOGL,Alphabet Inc. (Class A),True,False,2021-01-04,2026-04-30,True,,True,True,True
AIT-2024-09-006,2024-09-25,2024-09-25,GOOG,Alphabet Inc. (Class C),True,False,2021-01-04,2026-04-30,True,,True,True,True
AIT-2024-09-006,2024-09-25,2024-09-25,ADI,Analog Devices,True,True,2021-01-04,2026-04-30,True,,True,True,True
AIT-2024-09-006,2024-09-25,2024-09-25,AAPL,Apple Inc.,True,False,2021-01-04,2026-04-30,True,,True,True,True
AIT-2024-09-006,2024-09-25,2024-09-25,AMAT,Applied Materials,True,True,2021-01-04,2026-04-30,True,,True,True,True
AIT-2024-09-006,2024-09-25,2024-09-25,APP,AppLovin,True,False,2021-04-15,2026-04-30,True,,True,True,True
AIT-2024-09-006,2024-09-25,2024-09-25,ARM,Arm Holdings,True,False,2023-09-14,2026-04-30,True,,True,True,True
AIT-2024-09-006,2024-09-25,2024-09-25,ASML,ASML Holding,True,True,2021-01-04,2026-04-30,True,,True,True,True
AIT-2024-09-006,2024-09-25,2024-09-25,ADSK,Autodesk,True,False,2021-01-04,2026-04-30,True,,True,True,True
AIT-2024-09-006,2024-09-25,2024-09-25,AVGO,Broadcom,True,True,2021-01-04,2026-04-30,True,,True,True,True
AIT-2024-09-006,2024-09-25,2024-09-25,CDNS,Cadence Design Systems,True,False,2021-01-04,2026-04-30,True,,True,True,True
AIT-2024-09-006,2024-09-25,2024-09-25,CTSH,Cognizant Technology Solutions Corporation,True,False,2021-01-04,2026-04-30,True,,True,True,True
AIT-2024-09-006,2024-09-25,2024-09-25,CRWD,CrowdStrike,True,False,2021-01-04,2026-04-30,True,,True,True,True
AIT-2024-09-006,2024-09-25,2024-09-25,DDOG,Datadog,True,False,2021-01-04,2026-04-30,True,,True,True,True
AIT-2024-09-006,2024-09-25,2024-09-25,DASH,DoorDash,True,False,2021-01-04,2026-04-30,True,,True,True,True
AIT-2024-09-006,2024-09-25,2024-09-25,FTNT,Fortinet,True,False,2021-01-04,2026-04-30,True,,True,True,True
AIT-2024-09-006,2024-09-25,2024-09-25,INTC,Intel,True,True,2021-01-04,2026-04-30,True,,True,True,True
AIT-2024-09-006,2024-09-25,2024-09-25,INTU,Intuit,True,False,2021-01-04,2026-04-30,True,,True,True,True
AIT-2024-09-006,2024-09-25,2024-09-25,KLAC,KLA Corporation,True,True,2021-01-04,2026-04-30,True,,True,True,True
AIT-2024-09-006,2024-09-25,2024-09-25,LRCX,Lam Research,True,True,2021-01-04,2026-04-30,True,,True,True,True
AIT-2024-09-006,2024-09-25,2024-09-25,MRVL,Marvell Technology,True,True,2021-01-04,2026-04-30,True,,True,True,True
AIT-2024-09-006,2024-09-25,2024-09-25,META,Meta Platforms,True,False,2021-01-04,2026-04-30,True,,True,True,True
AIT-2024-09-006,2024-09-25,2024-09-25,MCHP,Microchip Technology,True,True,2021-01-04,2026-04-30,True,,True,True,True
AIT-2024-09-006,2024-09-25,2024-09-25,MU,Micron Technology,True,True,2021-01-04,2026-04-30,True,,True,True,True
AIT-2024-09-006,2024-09-25,2024-09-25,MSFT,Microsoft,True,False,2021-01-04,2026-04-30,True,,True,True,True
AIT-2024-09-006,2024-09-25,2024-09-25,MPWR,Monolithic Power Systems,True,True,2021-01-04,2026-04-30,True,,True,True,True
AIT-2024-09-006,2024-09-25,2024-09-25,NVDA,Nvidia,True,True,2021-01-04,2026-04-30,True,,True,True,True
AIT-2024-09-006,2024-09-25,2024-09-25,NXPI,NXP Semiconductors,True,True,2021-01-04,2026-04-30,True,,True,True,True
AIT-2024-09-006,2024-09-25,2024-09-25,PLTR,Palantir Technologies,True,False,2021-01-04,2026-04-30,True,,True,True,True
AIT-2024-09-006,2024-09-25,2024-09-25,PANW,Palo Alto Networks,True,False,2021-01-04,2026-04-30,True,,True,True,True
AIT-2024-09-006,2024-09-25,2024-09-25,PDD,PDD Holdings,True,False,2021-01-04,2026-04-30,True,,True,True,True
AIT-2024-09-006,2024-09-25,2024-09-25,QCOM,Qualcomm,True,True,2021-01-04,2026-04-30,True,,True,True,True
AIT-2024-09-006,2024-09-25,2024-09-25,ROP,Roper Technologies,True,False,2021-01-04,2026-04-30,True,,True,True,True
AIT-2024-09-006,2024-09-25,2024-09-25,SNDK,Sandisk,True,False,2025-02-13,2026-04-30,False,2023-12-06;2023-12-07;2024-09-11;2024-09-11;2024-09-23;2024-09-25;2024-10-23,False,False,False
AIT-2024-09-006,2024-09-25,2024-09-25,STX,Seagate Technology,True,False,2021-01-04,2026-04-30,True,,True,True,True
AIT-2024-09-006,2024-09-25,2024-09-25,SHOP,Shopify,True,False,2021-01-04,2026-04-30,True,,True,True,True
AIT-2024-09-006,2024-09-25,2024-09-25,MSTR,MicroStrategy,True,False,2021-01-04,2026-04-30,True,,True,True,True
AIT-2024-09-006,2024-09-25,2024-09-25,SNPS,Synopsys,True,False,2021-01-04,2026-04-30,True,,True,True,True
AIT-2024-09-006,2024-09-25,2024-09-25,TXN,Texas Instruments,True,True,2021-01-04,2026-04-30,True,,True,True,True
AIT-2024-09-006,2024-09-25,2024-09-25,TRI,Thomson Reuters,True,False,2021-01-04,2026-04-30,True,,True,True,True
AIT-2024-09-006,2024-09-25,2024-09-25,WDC,Western Digital,True,False,2021-01-04,2026-04-30,True,,True,True,True
AIT-2024-09-006,2024-09-25,2024-09-25,WDAY,"Workday, Inc.",True,False,2021-01-04,2026-04-30,True,,True,True,True
AIT-2024-09-006,2024-09-25,2024-09-25,ZS,"Zscaler, Inc.",True,False,2021-01-04,2026-04-30,True,,True,True,True
AIT-2024-09-007,2024-09-24,2024-09-24,ADBE,Adobe Inc.,True,False,2021-01-04,2026-04-30,True,,True,True,True
AIT-2024-09-007,2024-09-24,2024-09-24,AMD,Advanced Micro Devices,True,True,2021-01-04,2026-04-30,True,,True,True,True
AIT-2024-09-007,2024-09-24,2024-09-24,GOOGL,Alphabet Inc. (Class A),True,False,2021-01-04,2026-04-30,True,,True,True,True
AIT-2024-09-007,2024-09-24,2024-09-24,GOOG,Alphabet Inc. (Class C),True,False,2021-01-04,2026-04-30,True,,True,True,True
AIT-2024-09-007,2024-09-24,2024-09-24,ADI,Analog Devices,True,True,2021-01-04,2026-04-30,True,,True,True,True
AIT-2024-09-007,2024-09-24,2024-09-24,AAPL,Apple Inc.,True,False,2021-01-04,2026-04-30,True,,True,True,True
AIT-2024-09-007,2024-09-24,2024-09-24,AMAT,Applied Materials,True,True,2021-01-04,2026-04-30,True,,True,True,True
AIT-2024-09-007,2024-09-24,2024-09-24,APP,AppLovin,True,False,2021-04-15,2026-04-30,True,,True,True,True
AIT-2024-09-007,2024-09-24,2024-09-24,ARM,Arm Holdings,True,False,2023-09-14,2026-04-30,True,,True,True,True
AIT-2024-09-007,2024-09-24,2024-09-24,ASML,ASML Holding,True,True,2021-01-04,2026-04-30,True,,True,True,True
AIT-2024-09-007,2024-09-24,2024-09-24,ADSK,Autodesk,True,False,2021-01-04,2026-04-30,True,,True,True,True
AIT-2024-09-007,2024-09-24,2024-09-24,AVGO,Broadcom,True,True,2021-01-04,2026-04-30,True,,True,True,True
AIT-2024-09-007,2024-09-24,2024-09-24,CDNS,Cadence Design Systems,True,False,2021-01-04,2026-04-30,True,,True,True,True
AIT-2024-09-007,2024-09-24,2024-09-24,CTSH,Cognizant Technology Solutions Corporation,True,False,2021-01-04,2026-04-30,True,,True,True,True
AIT-2024-09-007,2024-09-24,2024-09-24,CRWD,CrowdStrike,True,False,2021-01-04,2026-04-30,True,,True,True,True
AIT-2024-09-007,2024-09-24,2024-09-24,DDOG,Datadog,True,False,2021-01-04,2026-04-30,True,,True,True,True
AIT-2024-09-007,2024-09-24,2024-09-24,DASH,DoorDash,True,False,2021-01-04,2026-04-30,True,,True,True,True
AIT-2024-09-007,2024-09-24,2024-09-24,FTNT,Fortinet,True,False,2021-01-04,2026-04-30,True,,True,True,True
AIT-2024-09-007,2024-09-24,2024-09-24,INTC,Intel,True,True,2021-01-04,2026-04-30,True,,True,True,True
AIT-2024-09-007,2024-09-24,2024-09-24,INTU,Intuit,True,False,2021-01-04,2026-04-30,True,,True,True,True
AIT-2024-09-007,2024-09-24,2024-09-24,KLAC,KLA Corporation,True,True,2021-01-04,2026-04-30,True,,True,True,True
AIT-2024-09-007,2024-09-24,2024-09-24,LRCX,Lam Research,True,True,2021-01-04,2026-04-30,True,,True,True,True
AIT-2024-09-007,2024-09-24,2024-09-24,MRVL,Marvell Technology,True,True,2021-01-04,2026-04-30,True,,True,True,True
AIT-2024-09-007,2024-09-24,2024-09-24,META,Meta Platforms,True,False,2021-01-04,2026-04-30,True,,True,True,True
AIT-2024-09-007,2024-09-24,2024-09-24,MCHP,Microchip Technology,True,True,2021-01-04,2026-04-30,True,,True,True,True
AIT-2024-09-007,2024-09-24,2024-09-24,MU,Micron Technology,True,True,2021-01-04,2026-04-30,True,,True,True,True
AIT-2024-09-007,2024-09-24,2024-09-24,MSFT,Microsoft,True,False,2021-01-04,2026-04-30,True,,True,True,True
AIT-2024-09-007,2024-09-24,2024-09-24,MPWR,Monolithic Power Systems,True,True,2021-01-04,2026-04-30,True,,True,True,True
AIT-2024-09-007,2024-09-24,2024-09-24,NVDA,Nvidia,True,True,2021-01-04,2026-04-30,True,,True,True,True
AIT-2024-09-007,2024-09-24,2024-09-24,NXPI,NXP Semiconductors,True,True,2021-01-04,2026-04-30,True,,True,True,True
AIT-2024-09-007,2024-09-24,2024-09-24,PLTR,Palantir Technologies,True,False,2021-01-04,2026-04-30,True,,True,True,True
AIT-2024-09-007,2024-09-24,2024-09-24,PANW,Palo Alto Networks,True,False,2021-01-04,2026-04-30,True,,True,True,True
AIT-2024-09-007,2024-09-24,2024-09-24,PDD,PDD Holdings,True,False,2021-01-04,2026-04-30,True,,True,True,True
AIT-2024-09-007,2024-09-24,2024-09-24,QCOM,Qualcomm,True,True,2021-01-04,2026-04-30,True,,True,True,True
AIT-2024-09-007,2024-09-24,2024-09-24,ROP,Roper Technologies,True,False,2021-01-04,2026-04-30,True,,True,True,True
AIT-2024-09-007,2024-09-24,2024-09-24,SNDK,Sandisk,True,False,2025-02-13,2026-04-30,False,2023-12-05;2023-12-06;2024-09-10;2024-09-10;2024-09-20;2024-09-24;2024-10-22,False,False,False
AIT-2024-09-007,2024-09-24,2024-09-24,STX,Seagate Technology,True,False,2021-01-04,2026-04-30,True,,True,True,True
AIT-2024-09-007,2024-09-24,2024-09-24,SHOP,Shopify,True,False,2021-01-04,2026-04-30,True,,True,True,True
AIT-2024-09-007,2024-09-24,2024-09-24,MSTR,MicroStrategy,True,False,2021-01-04,2026-04-30,True,,True,True,True
AIT-2024-09-007,2024-09-24,2024-09-24,SNPS,Synopsys,True,False,2021-01-04,2026-04-30,True,,True,True,True
AIT-2024-09-007,2024-09-24,2024-09-24,TXN,Texas Instruments,True,True,2021-01-04,2026-04-30,True,,True,True,True
AIT-2024-09-007,2024-09-24,2024-09-24,TRI,Thomson Reuters,True,False,2021-01-04,2026-04-30,True,,True,True,True
AIT-2024-09-007,2024-09-24,2024-09-24,WDC,Western Digital,True,False,2021-01-04,2026-04-30,True,,True,True,True
AIT-2024-09-007,2024-09-24,2024-09-24,WDAY,"Workday, Inc.",True,False,2021-01-04,2026-04-30,True,,True,True,True
AIT-2024-09-007,2024-09-24,2024-09-24,ZS,"Zscaler, Inc.",True,False,2021-01-04,2026-04-30,True,,True,True,True
AIT-2024-09-008,2024-09-18,2024-09-18,ADBE,Adobe Inc.,True,False,2021-01-04,2026-04-30,True,,True,True,True
AIT-2024-09-008,2024-09-18,2024-09-18,AMD,Advanced Micro Devices,True,True,2021-01-04,2026-04-30,True,,True,True,True
AIT-2024-09-008,2024-09-18,2024-09-18,GOOGL,Alphabet Inc. (Class A),True,False,2021-01-04,2026-04-30,True,,True,True,True
AIT-2024-09-008,2024-09-18,2024-09-18,GOOG,Alphabet Inc. (Class C),True,False,2021-01-04,2026-04-30,True,,True,True,True
AIT-2024-09-008,2024-09-18,2024-09-18,ADI,Analog Devices,True,True,2021-01-04,2026-04-30,True,,True,True,True
AIT-2024-09-008,2024-09-18,2024-09-18,AAPL,Apple Inc.,True,False,2021-01-04,2026-04-30,True,,True,True,True
AIT-2024-09-008,2024-09-18,2024-09-18,AMAT,Applied Materials,True,True,2021-01-04,2026-04-30,True,,True,True,True
AIT-2024-09-008,2024-09-18,2024-09-18,APP,AppLovin,True,False,2021-04-15,2026-04-30,True,,True,True,True
AIT-2024-09-008,2024-09-18,2024-09-18,ARM,Arm Holdings,True,False,2023-09-14,2026-04-30,True,,True,True,True
AIT-2024-09-008,2024-09-18,2024-09-18,ASML,ASML Holding,True,True,2021-01-04,2026-04-30,True,,True,True,True
AIT-2024-09-008,2024-09-18,2024-09-18,ADSK,Autodesk,True,False,2021-01-04,2026-04-30,True,,True,True,True
AIT-2024-09-008,2024-09-18,2024-09-18,AVGO,Broadcom,True,True,2021-01-04,2026-04-30,True,,True,True,True
AIT-2024-09-008,2024-09-18,2024-09-18,CDNS,Cadence Design Systems,True,False,2021-01-04,2026-04-30,True,,True,True,True
AIT-2024-09-008,2024-09-18,2024-09-18,CTSH,Cognizant Technology Solutions Corporation,True,False,2021-01-04,2026-04-30,True,,True,True,True
AIT-2024-09-008,2024-09-18,2024-09-18,CRWD,CrowdStrike,True,False,2021-01-04,2026-04-30,True,,True,True,True
AIT-2024-09-008,2024-09-18,2024-09-18,DDOG,Datadog,True,False,2021-01-04,2026-04-30,True,,True,True,True
AIT-2024-09-008,2024-09-18,2024-09-18,DASH,DoorDash,True,False,2021-01-04,2026-04-30,True,,True,True,True
AIT-2024-09-008,2024-09-18,2024-09-18,FTNT,Fortinet,True,False,2021-01-04,2026-04-30,True,,True,True,True
AIT-2024-09-008,2024-09-18,2024-09-18,INTC,Intel,True,True,2021-01-04,2026-04-30,True,,True,True,True
AIT-2024-09-008,2024-09-18,2024-09-18,INTU,Intuit,True,False,2021-01-04,2026-04-30,True,,True,True,True
AIT-2024-09-008,2024-09-18,2024-09-18,KLAC,KLA Corporation,True,True,2021-01-04,2026-04-30,True,,True,True,True
AIT-2024-09-008,2024-09-18,2024-09-18,LRCX,Lam Research,True,True,2021-01-04,2026-04-30,True,,True,True,True
AIT-2024-09-008,2024-09-18,2024-09-18,MRVL,Marvell Technology,True,True,2021-01-04,2026-04-30,True,,True,True,True
AIT-2024-09-008,2024-09-18,2024-09-18,META,Meta Platforms,True,False,2021-01-04,2026-04-30,True,,True,True,True
AIT-2024-09-008,2024-09-18,2024-09-18,MCHP,Microchip Technology,True,True,2021-01-04,2026-04-30,True,,True,True,True
AIT-2024-09-008,2024-09-18,2024-09-18,MU,Micron Technology,True,True,2021-01-04,2026-04-30,True,,True,True,True
AIT-2024-09-008,2024-09-18,2024-09-18,MSFT,Microsoft,True,False,2021-01-04,2026-04-30,True,,True,True,True
AIT-2024-09-008,2024-09-18,2024-09-18,MPWR,Monolithic Power Systems,True,True,2021-01-04,2026-04-30,True,,True,True,True
AIT-2024-09-008,2024-09-18,2024-09-18,NVDA,Nvidia,True,True,2021-01-04,2026-04-30,True,,True,True,True
AIT-2024-09-008,2024-09-18,2024-09-18,NXPI,NXP Semiconductors,True,True,2021-01-04,2026-04-30,True,,True,True,True
AIT-2024-09-008,2024-09-18,2024-09-18,PLTR,Palantir Technologies,True,False,2021-01-04,2026-04-30,True,,True,True,True
AIT-2024-09-008,2024-09-18,2024-09-18,PANW,Palo Alto Networks,True,False,2021-01-04,2026-04-30,True,,True,True,True
AIT-2024-09-008,2024-09-18,2024-09-18,PDD,PDD Holdings,True,False,2021-01-04,2026-04-30,True,,True,True,True
AIT-2024-09-008,2024-09-18,2024-09-18,QCOM,Qualcomm,True,True,2021-01-04,2026-04-30,True,,True,True,True
AIT-2024-09-008,2024-09-18,2024-09-18,ROP,Roper Technologies,True,False,2021-01-04,2026-04-30,True,,True,True,True
AIT-2024-09-008,2024-09-18,2024-09-18,SNDK,Sandisk,True,False,2025-02-13,2026-04-30,False,2023-11-29;2023-11-30;2024-09-04;2024-09-04;2024-09-16;2024-09-18;2024-10-16,False,False,False
AIT-2024-09-008,2024-09-18,2024-09-18,STX,Seagate Technology,True,False,2021-01-04,2026-04-30,True,,True,True,True
AIT-2024-09-008,2024-09-18,2024-09-18,SHOP,Shopify,True,False,2021-01-04,2026-04-30,True,,True,True,True
AIT-2024-09-008,2024-09-18,2024-09-18,MSTR,MicroStrategy,True,False,2021-01-04,2026-04-30,True,,True,True,True
AIT-2024-09-008,2024-09-18,2024-09-18,SNPS,Synopsys,True,False,2021-01-04,2026-04-30,True,,True,True,True
AIT-2024-09-008,2024-09-18,2024-09-18,TXN,Texas Instruments,True,True,2021-01-04,2026-04-30,True,,True,True,True
AIT-2024-09-008,2024-09-18,2024-09-18,TRI,Thomson Reuters,True,False,2021-01-04,2026-04-30,True,,True,True,True
AIT-2024-09-008,2024-09-18,2024-09-18,WDC,Western Digital,True,False,2021-01-04,2026-04-30,True,,True,True,True
AIT-2024-09-008,2024-09-18,2024-09-18,WDAY,"Workday, Inc.",True,False,2021-01-04,2026-04-30,True,,True,True,True
AIT-2024-09-008,2024-09-18,2024-09-18,ZS,"Zscaler, Inc.",True,False,2021-01-04,2026-04-30,True,,True,True,True
AIT-2024-09-010,2024-09-17,2024-09-17,ADBE,Adobe Inc.,True,False,2021-01-04,2026-04-30,True,,True,True,True
AIT-2024-09-010,2024-09-17,2024-09-17,AMD,Advanced Micro Devices,True,True,2021-01-04,2026-04-30,True,,True,True,True
AIT-2024-09-010,2024-09-17,2024-09-17,GOOGL,Alphabet Inc. (Class A),True,False,2021-01-04,2026-04-30,True,,True,True,True
AIT-2024-09-010,2024-09-17,2024-09-17,GOOG,Alphabet Inc. (Class C),True,False,2021-01-04,2026-04-30,True,,True,True,True
AIT-2024-09-010,2024-09-17,2024-09-17,ADI,Analog Devices,True,True,2021-01-04,2026-04-30,True,,True,True,True
AIT-2024-09-010,2024-09-17,2024-09-17,AAPL,Apple Inc.,True,False,2021-01-04,2026-04-30,True,,True,True,True
AIT-2024-09-010,2024-09-17,2024-09-17,AMAT,Applied Materials,True,True,2021-01-04,2026-04-30,True,,True,True,True
AIT-2024-09-010,2024-09-17,2024-09-17,APP,AppLovin,True,False,2021-04-15,2026-04-30,True,,True,True,True
AIT-2024-09-010,2024-09-17,2024-09-17,ARM,Arm Holdings,True,False,2023-09-14,2026-04-30,True,,True,True,True
AIT-2024-09-010,2024-09-17,2024-09-17,ASML,ASML Holding,True,True,2021-01-04,2026-04-30,True,,True,True,True
AIT-2024-09-010,2024-09-17,2024-09-17,ADSK,Autodesk,True,False,2021-01-04,2026-04-30,True,,True,True,True
AIT-2024-09-010,2024-09-17,2024-09-17,AVGO,Broadcom,True,True,2021-01-04,2026-04-30,True,,True,True,True
AIT-2024-09-010,2024-09-17,2024-09-17,CDNS,Cadence Design Systems,True,False,2021-01-04,2026-04-30,True,,True,True,True
AIT-2024-09-010,2024-09-17,2024-09-17,CTSH,Cognizant Technology Solutions Corporation,True,False,2021-01-04,2026-04-30,True,,True,True,True
AIT-2024-09-010,2024-09-17,2024-09-17,CRWD,CrowdStrike,True,False,2021-01-04,2026-04-30,True,,True,True,True
AIT-2024-09-010,2024-09-17,2024-09-17,DDOG,Datadog,True,False,2021-01-04,2026-04-30,True,,True,True,True
AIT-2024-09-010,2024-09-17,2024-09-17,DASH,DoorDash,True,False,2021-01-04,2026-04-30,True,,True,True,True
AIT-2024-09-010,2024-09-17,2024-09-17,FTNT,Fortinet,True,False,2021-01-04,2026-04-30,True,,True,True,True
AIT-2024-09-010,2024-09-17,2024-09-17,INTC,Intel,True,True,2021-01-04,2026-04-30,True,,True,True,True
AIT-2024-09-010,2024-09-17,2024-09-17,INTU,Intuit,True,False,2021-01-04,2026-04-30,True,,True,True,True
AIT-2024-09-010,2024-09-17,2024-09-17,KLAC,KLA Corporation,True,True,2021-01-04,2026-04-30,True,,True,True,True
AIT-2024-09-010,2024-09-17,2024-09-17,LRCX,Lam Research,True,True,2021-01-04,2026-04-30,True,,True,True,True
AIT-2024-09-010,2024-09-17,2024-09-17,MRVL,Marvell Technology,True,True,2021-01-04,2026-04-30,True,,True,True,True
AIT-2024-09-010,2024-09-17,2024-09-17,META,Meta Platforms,True,False,2021-01-04,2026-04-30,True,,True,True,True
AIT-2024-09-010,2024-09-17,2024-09-17,MCHP,Microchip Technology,True,True,2021-01-04,2026-04-30,True,,True,True,True
AIT-2024-09-010,2024-09-17,2024-09-17,MU,Micron Technology,True,True,2021-01-04,2026-04-30,True,,True,True,True
AIT-2024-09-010,2024-09-17,2024-09-17,MSFT,Microsoft,True,False,2021-01-04,2026-04-30,True,,True,True,True
AIT-2024-09-010,2024-09-17,2024-09-17,MPWR,Monolithic Power Systems,True,True,2021-01-04,2026-04-30,True,,True,True,True
AIT-2024-09-010,2024-09-17,2024-09-17,NVDA,Nvidia,True,True,2021-01-04,2026-04-30,True,,True,True,True
AIT-2024-09-010,2024-09-17,2024-09-17,NXPI,NXP Semiconductors,True,True,2021-01-04,2026-04-30,True,,True,True,True
AIT-2024-09-010,2024-09-17,2024-09-17,PLTR,Palantir Technologies,True,False,2021-01-04,2026-04-30,True,,True,True,True
AIT-2024-09-010,2024-09-17,2024-09-17,PANW,Palo Alto Networks,True,False,2021-01-04,2026-04-30,True,,True,True,True
AIT-2024-09-010,2024-09-17,2024-09-17,PDD,PDD Holdings,True,False,2021-01-04,2026-04-30,True,,True,True,True
AIT-2024-09-010,2024-09-17,2024-09-17,QCOM,Qualcomm,True,True,2021-01-04,2026-04-30,True,,True,True,True
AIT-2024-09-010,2024-09-17,2024-09-17,ROP,Roper Technologies,True,False,2021-01-04,2026-04-30,True,,True,True,True
AIT-2024-09-010,2024-09-17,2024-09-17,SNDK,Sandisk,True,False,2025-02-13,2026-04-30,False,2023-11-28;2023-11-29;2024-09-03;2024-09-03;2024-09-13;2024-09-17;2024-10-15,False,False,False
AIT-2024-09-010,2024-09-17,2024-09-17,STX,Seagate Technology,True,False,2021-01-04,2026-04-30,True,,True,True,True
AIT-2024-09-010,2024-09-17,2024-09-17,SHOP,Shopify,True,False,2021-01-04,2026-04-30,True,,True,True,True
AIT-2024-09-010,2024-09-17,2024-09-17,MSTR,MicroStrategy,True,False,2021-01-04,2026-04-30,True,,True,True,True
AIT-2024-09-010,2024-09-17,2024-09-17,SNPS,Synopsys,True,False,2021-01-04,2026-04-30,True,,True,True,True
AIT-2024-09-010,2024-09-17,2024-09-17,TXN,Texas Instruments,True,True,2021-01-04,2026-04-30,True,,True,True,True
AIT-2024-09-010,2024-09-17,2024-09-17,TRI,Thomson Reuters,True,False,2021-01-04,2026-04-30,True,,True,True,True
AIT-2024-09-010,2024-09-17,2024-09-17,WDC,Western Digital,True,False,2021-01-04,2026-04-30,True,,True,True,True
AIT-2024-09-010,2024-09-17,2024-09-17,WDAY,"Workday, Inc.",True,False,2021-01-04,2026-04-30,True,,True,True,True
AIT-2024-09-010,2024-09-17,2024-09-17,ZS,"Zscaler, Inc.",True,False,2021-01-04,2026-04-30,True,,True,True,True
AIT-2024-10-001,2024-10-02,2024-10-02,ADBE,Adobe Inc.,True,False,2021-01-04,2026-04-30,True,,True,True,True
AIT-2024-10-001,2024-10-02,2024-10-02,AMD,Advanced Micro Devices,True,True,2021-01-04,2026-04-30,True,,True,True,True
AIT-2024-10-001,2024-10-02,2024-10-02,GOOGL,Alphabet Inc. (Class A),True,False,2021-01-04,2026-04-30,True,,True,True,True
AIT-2024-10-001,2024-10-02,2024-10-02,GOOG,Alphabet Inc. (Class C),True,False,2021-01-04,2026-04-30,True,,True,True,True
AIT-2024-10-001,2024-10-02,2024-10-02,ADI,Analog Devices,True,True,2021-01-04,2026-04-30,True,,True,True,True
AIT-2024-10-001,2024-10-02,2024-10-02,AAPL,Apple Inc.,True,False,2021-01-04,2026-04-30,True,,True,True,True
AIT-2024-10-001,2024-10-02,2024-10-02,AMAT,Applied Materials,True,True,2021-01-04,2026-04-30,True,,True,True,True
AIT-2024-10-001,2024-10-02,2024-10-02,APP,AppLovin,True,False,2021-04-15,2026-04-30,True,,True,True,True
AIT-2024-10-001,2024-10-02,2024-10-02,ARM,Arm Holdings,True,False,2023-09-14,2026-04-30,True,,True,True,True
AIT-2024-10-001,2024-10-02,2024-10-02,ASML,ASML Holding,True,True,2021-01-04,2026-04-30,True,,True,True,True
AIT-2024-10-001,2024-10-02,2024-10-02,ADSK,Autodesk,True,False,2021-01-04,2026-04-30,True,,True,True,True
AIT-2024-10-001,2024-10-02,2024-10-02,AVGO,Broadcom,True,True,2021-01-04,2026-04-30,True,,True,True,True
AIT-2024-10-001,2024-10-02,2024-10-02,CDNS,Cadence Design Systems,True,False,2021-01-04,2026-04-30,True,,True,True,True
AIT-2024-10-001,2024-10-02,2024-10-02,CTSH,Cognizant Technology Solutions Corporation,True,False,2021-01-04,2026-04-30,True,,True,True,True
AIT-2024-10-001,2024-10-02,2024-10-02,CRWD,CrowdStrike,True,False,2021-01-04,2026-04-30,True,,True,True,True
AIT-2024-10-001,2024-10-02,2024-10-02,DDOG,Datadog,True,False,2021-01-04,2026-04-30,True,,True,True,True
AIT-2024-10-001,2024-10-02,2024-10-02,DASH,DoorDash,True,False,2021-01-04,2026-04-30,True,,True,True,True
AIT-2024-10-001,2024-10-02,2024-10-02,FTNT,Fortinet,True,False,2021-01-04,2026-04-30,True,,True,True,True
AIT-2024-10-001,2024-10-02,2024-10-02,INTC,Intel,True,True,2021-01-04,2026-04-30,True,,True,True,True
AIT-2024-10-001,2024-10-02,2024-10-02,INTU,Intuit,True,False,2021-01-04,2026-04-30,True,,True,True,True
AIT-2024-10-001,2024-10-02,2024-10-02,KLAC,KLA Corporation,True,True,2021-01-04,2026-04-30,True,,True,True,True
AIT-2024-10-001,2024-10-02,2024-10-02,LRCX,Lam Research,True,True,2021-01-04,2026-04-30,True,,True,True,True
AIT-2024-10-001,2024-10-02,2024-10-02,MRVL,Marvell Technology,True,True,2021-01-04,2026-04-30,True,,True,True,True
AIT-2024-10-001,2024-10-02,2024-10-02,META,Meta Platforms,True,False,2021-01-04,2026-04-30,True,,True,True,True
AIT-2024-10-001,2024-10-02,2024-10-02,MCHP,Microchip Technology,True,True,2021-01-04,2026-04-30,True,,True,True,True
AIT-2024-10-001,2024-10-02,2024-10-02,MU,Micron Technology,True,True,2021-01-04,2026-04-30,True,,True,True,True
AIT-2024-10-001,2024-10-02,2024-10-02,MSFT,Microsoft,True,False,2021-01-04,2026-04-30,True,,True,True,True
AIT-2024-10-001,2024-10-02,2024-10-02,MPWR,Monolithic Power Systems,True,True,2021-01-04,2026-04-30,True,,True,True,True
AIT-2024-10-001,2024-10-02,2024-10-02,NVDA,Nvidia,True,True,2021-01-04,2026-04-30,True,,True,True,True
AIT-2024-10-001,2024-10-02,2024-10-02,NXPI,NXP Semiconductors,True,True,2021-01-04,2026-04-30,True,,True,True,True
AIT-2024-10-001,2024-10-02,2024-10-02,PLTR,Palantir Technologies,True,False,2021-01-04,2026-04-30,True,,True,True,True
AIT-2024-10-001,2024-10-02,2024-10-02,PANW,Palo Alto Networks,True,False,2021-01-04,2026-04-30,True,,True,True,True
AIT-2024-10-001,2024-10-02,2024-10-02,PDD,PDD Holdings,True,False,2021-01-04,2026-04-30,True,,True,True,True
AIT-2024-10-001,2024-10-02,2024-10-02,QCOM,Qualcomm,True,True,2021-01-04,2026-04-30,True,,True,True,True
AIT-2024-10-001,2024-10-02,2024-10-02,ROP,Roper Technologies,True,False,2021-01-04,2026-04-30,True,,True,True,True
AIT-2024-10-001,2024-10-02,2024-10-02,SNDK,Sandisk,True,False,2025-02-13,2026-04-30,False,2023-12-13;2023-12-14;2024-09-18;2024-09-18;2024-09-30;2024-10-02;2024-10-30,False,False,False
AIT-2024-10-001,2024-10-02,2024-10-02,STX,Seagate Technology,True,False,2021-01-04,2026-04-30,True,,True,True,True
AIT-2024-10-001,2024-10-02,2024-10-02,SHOP,Shopify,True,False,2021-01-04,2026-04-30,True,,True,True,True
AIT-2024-10-001,2024-10-02,2024-10-02,MSTR,MicroStrategy,True,False,2021-01-04,2026-04-30,True,,True,True,True
AIT-2024-10-001,2024-10-02,2024-10-02,SNPS,Synopsys,True,False,2021-01-04,2026-04-30,True,,True,True,True
AIT-2024-10-001,2024-10-02,2024-10-02,TXN,Texas Instruments,True,True,2021-01-04,2026-04-30,True,,True,True,True
AIT-2024-10-001,2024-10-02,2024-10-02,TRI,Thomson Reuters,True,False,2021-01-04,2026-04-30,True,,True,True,True
AIT-2024-10-001,2024-10-02,2024-10-02,WDC,Western Digital,True,False,2021-01-04,2026-04-30,True,,True,True,True
AIT-2024-10-001,2024-10-02,2024-10-02,WDAY,"Workday, Inc.",True,False,2021-01-04,2026-04-30,True,,True,True,True
AIT-2024-10-001,2024-10-02,2024-10-02,ZS,"Zscaler, Inc.",True,False,2021-01-04,2026-04-30,True,,True,True,True
AIT-2024-10-010,2024-10-22,2024-10-22,ADBE,Adobe Inc.,True,False,2021-01-04,2026-04-30,True,,True,True,True
AIT-2024-10-010,2024-10-22,2024-10-22,AMD,Advanced Micro Devices,True,True,2021-01-04,2026-04-30,True,,True,True,True
AIT-2024-10-010,2024-10-22,2024-10-22,GOOGL,Alphabet Inc. (Class A),True,False,2021-01-04,2026-04-30,True,,True,True,True
AIT-2024-10-010,2024-10-22,2024-10-22,GOOG,Alphabet Inc. (Class C),True,False,2021-01-04,2026-04-30,True,,True,True,True
AIT-2024-10-010,2024-10-22,2024-10-22,ADI,Analog Devices,True,True,2021-01-04,2026-04-30,True,,True,True,True
AIT-2024-10-010,2024-10-22,2024-10-22,AAPL,Apple Inc.,True,False,2021-01-04,2026-04-30,True,,True,True,True
AIT-2024-10-010,2024-10-22,2024-10-22,AMAT,Applied Materials,True,True,2021-01-04,2026-04-30,True,,True,True,True
AIT-2024-10-010,2024-10-22,2024-10-22,APP,AppLovin,True,False,2021-04-15,2026-04-30,True,,True,True,True
AIT-2024-10-010,2024-10-22,2024-10-22,ARM,Arm Holdings,True,False,2023-09-14,2026-04-30,True,,True,True,True
AIT-2024-10-010,2024-10-22,2024-10-22,ASML,ASML Holding,True,True,2021-01-04,2026-04-30,True,,True,True,True
AIT-2024-10-010,2024-10-22,2024-10-22,ADSK,Autodesk,True,False,2021-01-04,2026-04-30,True,,True,True,True
AIT-2024-10-010,2024-10-22,2024-10-22,AVGO,Broadcom,True,True,2021-01-04,2026-04-30,True,,True,True,True
AIT-2024-10-010,2024-10-22,2024-10-22,CDNS,Cadence Design Systems,True,False,2021-01-04,2026-04-30,True,,True,True,True
AIT-2024-10-010,2024-10-22,2024-10-22,CTSH,Cognizant Technology Solutions Corporation,True,False,2021-01-04,2026-04-30,True,,True,True,True
AIT-2024-10-010,2024-10-22,2024-10-22,CRWD,CrowdStrike,True,False,2021-01-04,2026-04-30,True,,True,True,True
AIT-2024-10-010,2024-10-22,2024-10-22,DDOG,Datadog,True,False,2021-01-04,2026-04-30,True,,True,True,True
AIT-2024-10-010,2024-10-22,2024-10-22,DASH,DoorDash,True,False,2021-01-04,2026-04-30,True,,True,True,True
AIT-2024-10-010,2024-10-22,2024-10-22,FTNT,Fortinet,True,False,2021-01-04,2026-04-30,True,,True,True,True
AIT-2024-10-010,2024-10-22,2024-10-22,INTC,Intel,True,True,2021-01-04,2026-04-30,True,,True,True,True
AIT-2024-10-010,2024-10-22,2024-10-22,INTU,Intuit,True,False,2021-01-04,2026-04-30,True,,True,True,True
AIT-2024-10-010,2024-10-22,2024-10-22,KLAC,KLA Corporation,True,True,2021-01-04,2026-04-30,True,,True,True,True
AIT-2024-10-010,2024-10-22,2024-10-22,LRCX,Lam Research,True,True,2021-01-04,2026-04-30,True,,True,True,True
AIT-2024-10-010,2024-10-22,2024-10-22,MRVL,Marvell Technology,True,True,2021-01-04,2026-04-30,True,,True,True,True
AIT-2024-10-010,2024-10-22,2024-10-22,META,Meta Platforms,True,False,2021-01-04,2026-04-30,True,,True,True,True
AIT-2024-10-010,2024-10-22,2024-10-22,MCHP,Microchip Technology,True,True,2021-01-04,2026-04-30,True,,True,True,True
AIT-2024-10-010,2024-10-22,2024-10-22,MU,Micron Technology,True,True,2021-01-04,2026-04-30,True,,True,True,True
AIT-2024-10-010,2024-10-22,2024-10-22,MSFT,Microsoft,True,False,2021-01-04,2026-04-30,True,,True,True,True
AIT-2024-10-010,2024-10-22,2024-10-22,MPWR,Monolithic Power Systems,True,True,2021-01-04,2026-04-30,True,,True,True,True
AIT-2024-10-010,2024-10-22,2024-10-22,NVDA,Nvidia,True,True,2021-01-04,2026-04-30,True,,True,True,True
AIT-2024-10-010,2024-10-22,2024-10-22,NXPI,NXP Semiconductors,True,True,2021-01-04,2026-04-30,True,,True,True,True
AIT-2024-10-010,2024-10-22,2024-10-22,PLTR,Palantir Technologies,True,False,2021-01-04,2026-04-30,True,,True,True,True
AIT-2024-10-010,2024-10-22,2024-10-22,PANW,Palo Alto Networks,True,False,2021-01-04,2026-04-30,True,,True,True,True
AIT-2024-10-010,2024-10-22,2024-10-22,PDD,PDD Holdings,True,False,2021-01-04,2026-04-30,True,,True,True,True
AIT-2024-10-010,2024-10-22,2024-10-22,QCOM,Qualcomm,True,True,2021-01-04,2026-04-30,True,,True,True,True
AIT-2024-10-010,2024-10-22,2024-10-22,ROP,Roper Technologies,True,False,2021-01-04,2026-04-30,True,,True,True,True
AIT-2024-10-010,2024-10-22,2024-10-22,SNDK,Sandisk,True,False,2025-02-13,2026-04-30,False,2024-01-04;2024-01-05;2024-10-08;2024-10-08;2024-10-18;2024-10-22;2024-11-19,False,False,False
AIT-2024-10-010,2024-10-22,2024-10-22,STX,Seagate Technology,True,False,2021-01-04,2026-04-30,True,,True,True,True
AIT-2024-10-010,2024-10-22,2024-10-22,SHOP,Shopify,True,False,2021-01-04,2026-04-30,True,,True,True,True
AIT-2024-10-010,2024-10-22,2024-10-22,MSTR,MicroStrategy,True,False,2021-01-04,2026-04-30,True,,True,True,True
AIT-2024-10-010,2024-10-22,2024-10-22,SNPS,Synopsys,True,False,2021-01-04,2026-04-30,True,,True,True,True
AIT-2024-10-010,2024-10-22,2024-10-22,TXN,Texas Instruments,True,True,2021-01-04,2026-04-30,True,,True,True,True
AIT-2024-10-010,2024-10-22,2024-10-22,TRI,Thomson Reuters,True,False,2021-01-04,2026-04-30,True,,True,True,True
AIT-2024-10-010,2024-10-22,2024-10-22,WDC,Western Digital,True,False,2021-01-04,2026-04-30,True,,True,True,True
AIT-2024-10-010,2024-10-22,2024-10-22,WDAY,"Workday, Inc.",True,False,2021-01-04,2026-04-30,True,,True,True,True
AIT-2024-10-010,2024-10-22,2024-10-22,ZS,"Zscaler, Inc.",True,False,2021-01-04,2026-04-30,True,,True,True,True
AIT-2024-10-011,2024-10-22,2024-10-22,ADBE,Adobe Inc.,True,False,2021-01-04,2026-04-30,True,,True,True,True
AIT-2024-10-011,2024-10-22,2024-10-22,AMD,Advanced Micro Devices,True,True,2021-01-04,2026-04-30,True,,True,True,True
AIT-2024-10-011,2024-10-22,2024-10-22,GOOGL,Alphabet Inc. (Class A),True,False,2021-01-04,2026-04-30,True,,True,True,True
AIT-2024-10-011,2024-10-22,2024-10-22,GOOG,Alphabet Inc. (Class C),True,False,2021-01-04,2026-04-30,True,,True,True,True
AIT-2024-10-011,2024-10-22,2024-10-22,ADI,Analog Devices,True,True,2021-01-04,2026-04-30,True,,True,True,True
AIT-2024-10-011,2024-10-22,2024-10-22,AAPL,Apple Inc.,True,False,2021-01-04,2026-04-30,True,,True,True,True
AIT-2024-10-011,2024-10-22,2024-10-22,AMAT,Applied Materials,True,True,2021-01-04,2026-04-30,True,,True,True,True
AIT-2024-10-011,2024-10-22,2024-10-22,APP,AppLovin,True,False,2021-04-15,2026-04-30,True,,True,True,True
AIT-2024-10-011,2024-10-22,2024-10-22,ARM,Arm Holdings,True,False,2023-09-14,2026-04-30,True,,True,True,True
AIT-2024-10-011,2024-10-22,2024-10-22,ASML,ASML Holding,True,True,2021-01-04,2026-04-30,True,,True,True,True
AIT-2024-10-011,2024-10-22,2024-10-22,ADSK,Autodesk,True,False,2021-01-04,2026-04-30,True,,True,True,True
AIT-2024-10-011,2024-10-22,2024-10-22,AVGO,Broadcom,True,True,2021-01-04,2026-04-30,True,,True,True,True
AIT-2024-10-011,2024-10-22,2024-10-22,CDNS,Cadence Design Systems,True,False,2021-01-04,2026-04-30,True,,True,True,True
AIT-2024-10-011,2024-10-22,2024-10-22,CTSH,Cognizant Technology Solutions Corporation,True,False,2021-01-04,2026-04-30,True,,True,True,True
AIT-2024-10-011,2024-10-22,2024-10-22,CRWD,CrowdStrike,True,False,2021-01-04,2026-04-30,True,,True,True,True
AIT-2024-10-011,2024-10-22,2024-10-22,DDOG,Datadog,True,False,2021-01-04,2026-04-30,True,,True,True,True
AIT-2024-10-011,2024-10-22,2024-10-22,DASH,DoorDash,True,False,2021-01-04,2026-04-30,True,,True,True,True
AIT-2024-10-011,2024-10-22,2024-10-22,FTNT,Fortinet,True,False,2021-01-04,2026-04-30,True,,True,True,True
AIT-2024-10-011,2024-10-22,2024-10-22,INTC,Intel,True,True,2021-01-04,2026-04-30,True,,True,True,True
AIT-2024-10-011,2024-10-22,2024-10-22,INTU,Intuit,True,False,2021-01-04,2026-04-30,True,,True,True,True
AIT-2024-10-011,2024-10-22,2024-10-22,KLAC,KLA Corporation,True,True,2021-01-04,2026-04-30,True,,True,True,True
AIT-2024-10-011,2024-10-22,2024-10-22,LRCX,Lam Research,True,True,2021-01-04,2026-04-30,True,,True,True,True
AIT-2024-10-011,2024-10-22,2024-10-22,MRVL,Marvell Technology,True,True,2021-01-04,2026-04-30,True,,True,True,True
AIT-2024-10-011,2024-10-22,2024-10-22,META,Meta Platforms,True,False,2021-01-04,2026-04-30,True,,True,True,True
AIT-2024-10-011,2024-10-22,2024-10-22,MCHP,Microchip Technology,True,True,2021-01-04,2026-04-30,True,,True,True,True
AIT-2024-10-011,2024-10-22,2024-10-22,MU,Micron Technology,True,True,2021-01-04,2026-04-30,True,,True,True,True
AIT-2024-10-011,2024-10-22,2024-10-22,MSFT,Microsoft,True,False,2021-01-04,2026-04-30,True,,True,True,True
AIT-2024-10-011,2024-10-22,2024-10-22,MPWR,Monolithic Power Systems,True,True,2021-01-04,2026-04-30,True,,True,True,True
AIT-2024-10-011,2024-10-22,2024-10-22,NVDA,Nvidia,True,True,2021-01-04,2026-04-30,True,,True,True,True
AIT-2024-10-011,2024-10-22,2024-10-22,NXPI,NXP Semiconductors,True,True,2021-01-04,2026-04-30,True,,True,True,True
AIT-2024-10-011,2024-10-22,2024-10-22,PLTR,Palantir Technologies,True,False,2021-01-04,2026-04-30,True,,True,True,True
AIT-2024-10-011,2024-10-22,2024-10-22,PANW,Palo Alto Networks,True,False,2021-01-04,2026-04-30,True,,True,True,True
AIT-2024-10-011,2024-10-22,2024-10-22,PDD,PDD Holdings,True,False,2021-01-04,2026-04-30,True,,True,True,True
AIT-2024-10-011,2024-10-22,2024-10-22,QCOM,Qualcomm,True,True,2021-01-04,2026-04-30,True,,True,True,True
AIT-2024-10-011,2024-10-22,2024-10-22,ROP,Roper Technologies,True,False,2021-01-04,2026-04-30,True,,True,True,True
AIT-2024-10-011,2024-10-22,2024-10-22,SNDK,Sandisk,True,False,2025-02-13,2026-04-30,False,2024-01-04;2024-01-05;2024-10-08;2024-10-08;2024-10-18;2024-10-22;2024-11-19,False,False,False
AIT-2024-10-011,2024-10-22,2024-10-22,STX,Seagate Technology,True,False,2021-01-04,2026-04-30,True,,True,True,True
AIT-2024-10-011,2024-10-22,2024-10-22,SHOP,Shopify,True,False,2021-01-04,2026-04-30,True,,True,True,True
AIT-2024-10-011,2024-10-22,2024-10-22,MSTR,MicroStrategy,True,False,2021-01-04,2026-04-30,True,,True,True,True
AIT-2024-10-011,2024-10-22,2024-10-22,SNPS,Synopsys,True,False,2021-01-04,2026-04-30,True,,True,True,True
AIT-2024-10-011,2024-10-22,2024-10-22,TXN,Texas Instruments,True,True,2021-01-04,2026-04-30,True,,True,True,True
AIT-2024-10-011,2024-10-22,2024-10-22,TRI,Thomson Reuters,True,False,2021-01-04,2026-04-30,True,,True,True,True
AIT-2024-10-011,2024-10-22,2024-10-22,WDC,Western Digital,True,False,2021-01-04,2026-04-30,True,,True,True,True
AIT-2024-10-011,2024-10-22,2024-10-22,WDAY,"Workday, Inc.",True,False,2021-01-04,2026-04-30,True,,True,True,True
AIT-2024-10-011,2024-10-22,2024-10-22,ZS,"Zscaler, Inc.",True,False,2021-01-04,2026-04-30,True,,True,True,True
AIT-2024-10-013,2024-10-30,2024-10-30,ADBE,Adobe Inc.,True,False,2021-01-04,2026-04-30,True,,True,True,True
AIT-2024-10-013,2024-10-30,2024-10-30,AMD,Advanced Micro Devices,True,True,2021-01-04,2026-04-30,True,,True,True,True
AIT-2024-10-013,2024-10-30,2024-10-30,GOOGL,Alphabet Inc. (Class A),True,False,2021-01-04,2026-04-30,True,,True,True,True
AIT-2024-10-013,2024-10-30,2024-10-30,GOOG,Alphabet Inc. (Class C),True,False,2021-01-04,2026-04-30,True,,True,True,True
AIT-2024-10-013,2024-10-30,2024-10-30,ADI,Analog Devices,True,True,2021-01-04,2026-04-30,True,,True,True,True
AIT-2024-10-013,2024-10-30,2024-10-30,AAPL,Apple Inc.,True,False,2021-01-04,2026-04-30,True,,True,True,True
AIT-2024-10-013,2024-10-30,2024-10-30,AMAT,Applied Materials,True,True,2021-01-04,2026-04-30,True,,True,True,True
AIT-2024-10-013,2024-10-30,2024-10-30,APP,AppLovin,True,False,2021-04-15,2026-04-30,True,,True,True,True
AIT-2024-10-013,2024-10-30,2024-10-30,ARM,Arm Holdings,True,False,2023-09-14,2026-04-30,True,,True,True,True
AIT-2024-10-013,2024-10-30,2024-10-30,ASML,ASML Holding,True,True,2021-01-04,2026-04-30,True,,True,True,True
AIT-2024-10-013,2024-10-30,2024-10-30,ADSK,Autodesk,True,False,2021-01-04,2026-04-30,True,,True,True,True
AIT-2024-10-013,2024-10-30,2024-10-30,AVGO,Broadcom,True,True,2021-01-04,2026-04-30,True,,True,True,True
AIT-2024-10-013,2024-10-30,2024-10-30,CDNS,Cadence Design Systems,True,False,2021-01-04,2026-04-30,True,,True,True,True
AIT-2024-10-013,2024-10-30,2024-10-30,CTSH,Cognizant Technology Solutions Corporation,True,False,2021-01-04,2026-04-30,True,,True,True,True
AIT-2024-10-013,2024-10-30,2024-10-30,CRWD,CrowdStrike,True,False,2021-01-04,2026-04-30,True,,True,True,True
AIT-2024-10-013,2024-10-30,2024-10-30,DDOG,Datadog,True,False,2021-01-04,2026-04-30,True,,True,True,True
AIT-2024-10-013,2024-10-30,2024-10-30,DASH,DoorDash,True,False,2021-01-04,2026-04-30,True,,True,True,True
AIT-2024-10-013,2024-10-30,2024-10-30,FTNT,Fortinet,True,False,2021-01-04,2026-04-30,True,,True,True,True
AIT-2024-10-013,2024-10-30,2024-10-30,INTC,Intel,True,True,2021-01-04,2026-04-30,True,,True,True,True
AIT-2024-10-013,2024-10-30,2024-10-30,INTU,Intuit,True,False,2021-01-04,2026-04-30,True,,True,True,True
AIT-2024-10-013,2024-10-30,2024-10-30,KLAC,KLA Corporation,True,True,2021-01-04,2026-04-30,True,,True,True,True
AIT-2024-10-013,2024-10-30,2024-10-30,LRCX,Lam Research,True,True,2021-01-04,2026-04-30,True,,True,True,True
AIT-2024-10-013,2024-10-30,2024-10-30,MRVL,Marvell Technology,True,True,2021-01-04,2026-04-30,True,,True,True,True
AIT-2024-10-013,2024-10-30,2024-10-30,META,Meta Platforms,True,False,2021-01-04,2026-04-30,True,,True,True,True
AIT-2024-10-013,2024-10-30,2024-10-30,MCHP,Microchip Technology,True,True,2021-01-04,2026-04-30,True,,True,True,True
AIT-2024-10-013,2024-10-30,2024-10-30,MU,Micron Technology,True,True,2021-01-04,2026-04-30,True,,True,True,True
AIT-2024-10-013,2024-10-30,2024-10-30,MSFT,Microsoft,True,False,2021-01-04,2026-04-30,True,,True,True,True
AIT-2024-10-013,2024-10-30,2024-10-30,MPWR,Monolithic Power Systems,True,True,2021-01-04,2026-04-30,True,,True,True,True
AIT-2024-10-013,2024-10-30,2024-10-30,NVDA,Nvidia,True,True,2021-01-04,2026-04-30,True,,True,True,True
AIT-2024-10-013,2024-10-30,2024-10-30,NXPI,NXP Semiconductors,True,True,2021-01-04,2026-04-30,True,,True,True,True
AIT-2024-10-013,2024-10-30,2024-10-30,PLTR,Palantir Technologies,True,False,2021-01-04,2026-04-30,True,,True,True,True
AIT-2024-10-013,2024-10-30,2024-10-30,PANW,Palo Alto Networks,True,False,2021-01-04,2026-04-30,True,,True,True,True
AIT-2024-10-013,2024-10-30,2024-10-30,PDD,PDD Holdings,True,False,2021-01-04,2026-04-30,True,,True,True,True
AIT-2024-10-013,2024-10-30,2024-10-30,QCOM,Qualcomm,True,True,2021-01-04,2026-04-30,True,,True,True,True
AIT-2024-10-013,2024-10-30,2024-10-30,ROP,Roper Technologies,True,False,2021-01-04,2026-04-30,True,,True,True,True
AIT-2024-10-013,2024-10-30,2024-10-30,SNDK,Sandisk,True,False,2025-02-13,2026-04-30,False,2024-01-12;2024-01-16;2024-10-16;2024-10-16;2024-10-28;2024-10-30;2024-11-27,False,False,False
AIT-2024-10-013,2024-10-30,2024-10-30,STX,Seagate Technology,True,False,2021-01-04,2026-04-30,True,,True,True,True
AIT-2024-10-013,2024-10-30,2024-10-30,SHOP,Shopify,True,False,2021-01-04,2026-04-30,True,,True,True,True
AIT-2024-10-013,2024-10-30,2024-10-30,MSTR,MicroStrategy,True,False,2021-01-04,2026-04-30,True,,True,True,True
AIT-2024-10-013,2024-10-30,2024-10-30,SNPS,Synopsys,True,False,2021-01-04,2026-04-30,True,,True,True,True
AIT-2024-10-013,2024-10-30,2024-10-30,TXN,Texas Instruments,True,True,2021-01-04,2026-04-30,True,,True,True,True
AIT-2024-10-013,2024-10-30,2024-10-30,TRI,Thomson Reuters,True,False,2021-01-04,2026-04-30,True,,True,True,True
AIT-2024-10-013,2024-10-30,2024-10-30,WDC,Western Digital,True,False,2021-01-04,2026-04-30,True,,True,True,True
AIT-2024-10-013,2024-10-30,2024-10-30,WDAY,"Workday, Inc.",True,False,2021-01-04,2026-04-30,True,,True,True,True
AIT-2024-10-013,2024-10-30,2024-10-30,ZS,"Zscaler, Inc.",True,False,2021-01-04,2026-04-30,True,,True,True,True
AIT-2024-11-001,2024-11-28,2024-11-29,ADBE,Adobe Inc.,True,False,2021-01-04,2026-04-30,True,,True,True,True
AIT-2024-11-001,2024-11-28,2024-11-29,AMD,Advanced Micro Devices,True,True,2021-01-04,2026-04-30,True,,True,True,True
AIT-2024-11-001,2024-11-28,2024-11-29,GOOGL,Alphabet Inc. (Class A),True,False,2021-01-04,2026-04-30,True,,True,True,True
AIT-2024-11-001,2024-11-28,2024-11-29,GOOG,Alphabet Inc. (Class C),True,False,2021-01-04,2026-04-30,True,,True,True,True
AIT-2024-11-001,2024-11-28,2024-11-29,ADI,Analog Devices,True,True,2021-01-04,2026-04-30,True,,True,True,True
AIT-2024-11-001,2024-11-28,2024-11-29,AAPL,Apple Inc.,True,False,2021-01-04,2026-04-30,True,,True,True,True
AIT-2024-11-001,2024-11-28,2024-11-29,AMAT,Applied Materials,True,True,2021-01-04,2026-04-30,True,,True,True,True
AIT-2024-11-001,2024-11-28,2024-11-29,APP,AppLovin,True,False,2021-04-15,2026-04-30,True,,True,True,True
AIT-2024-11-001,2024-11-28,2024-11-29,ARM,Arm Holdings,True,False,2023-09-14,2026-04-30,True,,True,True,True
AIT-2024-11-001,2024-11-28,2024-11-29,ASML,ASML Holding,True,True,2021-01-04,2026-04-30,True,,True,True,True
AIT-2024-11-001,2024-11-28,2024-11-29,ADSK,Autodesk,True,False,2021-01-04,2026-04-30,True,,True,True,True
AIT-2024-11-001,2024-11-28,2024-11-29,AVGO,Broadcom,True,True,2021-01-04,2026-04-30,True,,True,True,True
AIT-2024-11-001,2024-11-28,2024-11-29,CDNS,Cadence Design Systems,True,False,2021-01-04,2026-04-30,True,,True,True,True
AIT-2024-11-001,2024-11-28,2024-11-29,CTSH,Cognizant Technology Solutions Corporation,True,False,2021-01-04,2026-04-30,True,,True,True,True
AIT-2024-11-001,2024-11-28,2024-11-29,CRWD,CrowdStrike,True,False,2021-01-04,2026-04-30,True,,True,True,True
AIT-2024-11-001,2024-11-28,2024-11-29,DDOG,Datadog,True,False,2021-01-04,2026-04-30,True,,True,True,True
AIT-2024-11-001,2024-11-28,2024-11-29,DASH,DoorDash,True,False,2021-01-04,2026-04-30,True,,True,True,True
AIT-2024-11-001,2024-11-28,2024-11-29,FTNT,Fortinet,True,False,2021-01-04,2026-04-30,True,,True,True,True
AIT-2024-11-001,2024-11-28,2024-11-29,INTC,Intel,True,True,2021-01-04,2026-04-30,True,,True,True,True
AIT-2024-11-001,2024-11-28,2024-11-29,INTU,Intuit,True,False,2021-01-04,2026-04-30,True,,True,True,True
AIT-2024-11-001,2024-11-28,2024-11-29,KLAC,KLA Corporation,True,True,2021-01-04,2026-04-30,True,,True,True,True
AIT-2024-11-001,2024-11-28,2024-11-29,LRCX,Lam Research,True,True,2021-01-04,2026-04-30,True,,True,True,True
AIT-2024-11-001,2024-11-28,2024-11-29,MRVL,Marvell Technology,True,True,2021-01-04,2026-04-30,True,,True,True,True
AIT-2024-11-001,2024-11-28,2024-11-29,META,Meta Platforms,True,False,2021-01-04,2026-04-30,True,,True,True,True
AIT-2024-11-001,2024-11-28,2024-11-29,MCHP,Microchip Technology,True,True,2021-01-04,2026-04-30,True,,True,True,True
AIT-2024-11-001,2024-11-28,2024-11-29,MU,Micron Technology,True,True,2021-01-04,2026-04-30,True,,True,True,True
AIT-2024-11-001,2024-11-28,2024-11-29,MSFT,Microsoft,True,False,2021-01-04,2026-04-30,True,,True,True,True
AIT-2024-11-001,2024-11-28,2024-11-29,MPWR,Monolithic Power Systems,True,True,2021-01-04,2026-04-30,True,,True,True,True
AIT-2024-11-001,2024-11-28,2024-11-29,NVDA,Nvidia,True,True,2021-01-04,2026-04-30,True,,True,True,True
AIT-2024-11-001,2024-11-28,2024-11-29,NXPI,NXP Semiconductors,True,True,2021-01-04,2026-04-30,True,,True,True,True
AIT-2024-11-001,2024-11-28,2024-11-29,PLTR,Palantir Technologies,True,False,2021-01-04,2026-04-30,True,,True,True,True
AIT-2024-11-001,2024-11-28,2024-11-29,PANW,Palo Alto Networks,True,False,2021-01-04,2026-04-30,True,,True,True,True
AIT-2024-11-001,2024-11-28,2024-11-29,PDD,PDD Holdings,True,False,2021-01-04,2026-04-30,True,,True,True,True
AIT-2024-11-001,2024-11-28,2024-11-29,QCOM,Qualcomm,True,True,2021-01-04,2026-04-30,True,,True,True,True
AIT-2024-11-001,2024-11-28,2024-11-29,ROP,Roper Technologies,True,False,2021-01-04,2026-04-30,True,,True,True,True
AIT-2024-11-001,2024-11-28,2024-11-29,SNDK,Sandisk,True,False,2025-02-13,2026-04-30,False,2024-02-13;2024-02-14;2024-11-14;2024-11-14;2024-11-26;2024-11-29;2024-12-30,False,False,False
AIT-2024-11-001,2024-11-28,2024-11-29,STX,Seagate Technology,True,False,2021-01-04,2026-04-30,True,,True,True,True
AIT-2024-11-001,2024-11-28,2024-11-29,SHOP,Shopify,True,False,2021-01-04,2026-04-30,True,,True,True,True
AIT-2024-11-001,2024-11-28,2024-11-29,MSTR,MicroStrategy,True,False,2021-01-04,2026-04-30,True,,True,True,True
AIT-2024-11-001,2024-11-28,2024-11-29,SNPS,Synopsys,True,False,2021-01-04,2026-04-30,True,,True,True,True
AIT-2024-11-001,2024-11-28,2024-11-29,TXN,Texas Instruments,True,True,2021-01-04,2026-04-30,True,,True,True,True
AIT-2024-11-001,2024-11-28,2024-11-29,TRI,Thomson Reuters,True,False,2021-01-04,2026-04-30,True,,True,True,True
AIT-2024-11-001,2024-11-28,2024-11-29,WDC,Western Digital,True,False,2021-01-04,2026-04-30,True,,True,True,True
AIT-2024-11-001,2024-11-28,2024-11-29,WDAY,"Workday, Inc.",True,False,2021-01-04,2026-04-30,True,,True,True,True
AIT-2024-11-001,2024-11-28,2024-11-29,ZS,"Zscaler, Inc.",True,False,2021-01-04,2026-04-30,True,,True,True,True
AIT-2024-11-002,2024-11-12,2024-11-12,ADBE,Adobe Inc.,True,False,2021-01-04,2026-04-30,True,,True,True,True
AIT-2024-11-002,2024-11-12,2024-11-12,AMD,Advanced Micro Devices,True,True,2021-01-04,2026-04-30,True,,True,True,True
AIT-2024-11-002,2024-11-12,2024-11-12,GOOGL,Alphabet Inc. (Class A),True,False,2021-01-04,2026-04-30,True,,True,True,True
AIT-2024-11-002,2024-11-12,2024-11-12,GOOG,Alphabet Inc. (Class C),True,False,2021-01-04,2026-04-30,True,,True,True,True
AIT-2024-11-002,2024-11-12,2024-11-12,ADI,Analog Devices,True,True,2021-01-04,2026-04-30,True,,True,True,True
AIT-2024-11-002,2024-11-12,2024-11-12,AAPL,Apple Inc.,True,False,2021-01-04,2026-04-30,True,,True,True,True
AIT-2024-11-002,2024-11-12,2024-11-12,AMAT,Applied Materials,True,True,2021-01-04,2026-04-30,True,,True,True,True
AIT-2024-11-002,2024-11-12,2024-11-12,APP,AppLovin,True,False,2021-04-15,2026-04-30,True,,True,True,True
AIT-2024-11-002,2024-11-12,2024-11-12,ARM,Arm Holdings,True,False,2023-09-14,2026-04-30,True,,True,True,True
AIT-2024-11-002,2024-11-12,2024-11-12,ASML,ASML Holding,True,True,2021-01-04,2026-04-30,True,,True,True,True
AIT-2024-11-002,2024-11-12,2024-11-12,ADSK,Autodesk,True,False,2021-01-04,2026-04-30,True,,True,True,True
AIT-2024-11-002,2024-11-12,2024-11-12,AVGO,Broadcom,True,True,2021-01-04,2026-04-30,True,,True,True,True
AIT-2024-11-002,2024-11-12,2024-11-12,CDNS,Cadence Design Systems,True,False,2021-01-04,2026-04-30,True,,True,True,True
AIT-2024-11-002,2024-11-12,2024-11-12,CTSH,Cognizant Technology Solutions Corporation,True,False,2021-01-04,2026-04-30,True,,True,True,True
AIT-2024-11-002,2024-11-12,2024-11-12,CRWD,CrowdStrike,True,False,2021-01-04,2026-04-30,True,,True,True,True
AIT-2024-11-002,2024-11-12,2024-11-12,DDOG,Datadog,True,False,2021-01-04,2026-04-30,True,,True,True,True
AIT-2024-11-002,2024-11-12,2024-11-12,DASH,DoorDash,True,False,2021-01-04,2026-04-30,True,,True,True,True
AIT-2024-11-002,2024-11-12,2024-11-12,FTNT,Fortinet,True,False,2021-01-04,2026-04-30,True,,True,True,True
AIT-2024-11-002,2024-11-12,2024-11-12,INTC,Intel,True,True,2021-01-04,2026-04-30,True,,True,True,True
AIT-2024-11-002,2024-11-12,2024-11-12,INTU,Intuit,True,False,2021-01-04,2026-04-30,True,,True,True,True
AIT-2024-11-002,2024-11-12,2024-11-12,KLAC,KLA Corporation,True,True,2021-01-04,2026-04-30,True,,True,True,True
AIT-2024-11-002,2024-11-12,2024-11-12,LRCX,Lam Research,True,True,2021-01-04,2026-04-30,True,,True,True,True
AIT-2024-11-002,2024-11-12,2024-11-12,MRVL,Marvell Technology,True,True,2021-01-04,2026-04-30,True,,True,True,True
AIT-2024-11-002,2024-11-12,2024-11-12,META,Meta Platforms,True,False,2021-01-04,2026-04-30,True,,True,True,True
AIT-2024-11-002,2024-11-12,2024-11-12,MCHP,Microchip Technology,True,True,2021-01-04,2026-04-30,True,,True,True,True
AIT-2024-11-002,2024-11-12,2024-11-12,MU,Micron Technology,True,True,2021-01-04,2026-04-30,True,,True,True,True
AIT-2024-11-002,2024-11-12,2024-11-12,MSFT,Microsoft,True,False,2021-01-04,2026-04-30,True,,True,True,True
AIT-2024-11-002,2024-11-12,2024-11-12,MPWR,Monolithic Power Systems,True,True,2021-01-04,2026-04-30,True,,True,True,True
AIT-2024-11-002,2024-11-12,2024-11-12,NVDA,Nvidia,True,True,2021-01-04,2026-04-30,True,,True,True,True
AIT-2024-11-002,2024-11-12,2024-11-12,NXPI,NXP Semiconductors,True,True,2021-01-04,2026-04-30,True,,True,True,True
AIT-2024-11-002,2024-11-12,2024-11-12,PLTR,Palantir Technologies,True,False,2021-01-04,2026-04-30,True,,True,True,True
AIT-2024-11-002,2024-11-12,2024-11-12,PANW,Palo Alto Networks,True,False,2021-01-04,2026-04-30,True,,True,True,True
AIT-2024-11-002,2024-11-12,2024-11-12,PDD,PDD Holdings,True,False,2021-01-04,2026-04-30,True,,True,True,True
AIT-2024-11-002,2024-11-12,2024-11-12,QCOM,Qualcomm,True,True,2021-01-04,2026-04-30,True,,True,True,True
AIT-2024-11-002,2024-11-12,2024-11-12,ROP,Roper Technologies,True,False,2021-01-04,2026-04-30,True,,True,True,True
AIT-2024-11-002,2024-11-12,2024-11-12,SNDK,Sandisk,True,False,2025-02-13,2026-04-30,False,2024-01-26;2024-01-29;2024-10-29;2024-10-29;2024-11-08;2024-11-12;2024-12-11,False,False,False
AIT-2024-11-002,2024-11-12,2024-11-12,STX,Seagate Technology,True,False,2021-01-04,2026-04-30,True,,True,True,True
AIT-2024-11-002,2024-11-12,2024-11-12,SHOP,Shopify,True,False,2021-01-04,2026-04-30,True,,True,True,True
AIT-2024-11-002,2024-11-12,2024-11-12,MSTR,MicroStrategy,True,False,2021-01-04,2026-04-30,True,,True,True,True
AIT-2024-11-002,2024-11-12,2024-11-12,SNPS,Synopsys,True,False,2021-01-04,2026-04-30,True,,True,True,True
AIT-2024-11-002,2024-11-12,2024-11-12,TXN,Texas Instruments,True,True,2021-01-04,2026-04-30,True,,True,True,True
AIT-2024-11-002,2024-11-12,2024-11-12,TRI,Thomson Reuters,True,False,2021-01-04,2026-04-30,True,,True,True,True
AIT-2024-11-002,2024-11-12,2024-11-12,WDC,Western Digital,True,False,2021-01-04,2026-04-30,True,,True,True,True
AIT-2024-11-002,2024-11-12,2024-11-12,WDAY,"Workday, Inc.",True,False,2021-01-04,2026-04-30,True,,True,True,True
AIT-2024-11-002,2024-11-12,2024-11-12,ZS,"Zscaler, Inc.",True,False,2021-01-04,2026-04-30,True,,True,True,True
AIT-2024-11-005,2024-11-18,2024-11-18,ADBE,Adobe Inc.,True,False,2021-01-04,2026-04-30,True,,True,True,True
AIT-2024-11-005,2024-11-18,2024-11-18,AMD,Advanced Micro Devices,True,True,2021-01-04,2026-04-30,True,,True,True,True
AIT-2024-11-005,2024-11-18,2024-11-18,GOOGL,Alphabet Inc. (Class A),True,False,2021-01-04,2026-04-30,True,,True,True,True
AIT-2024-11-005,2024-11-18,2024-11-18,GOOG,Alphabet Inc. (Class C),True,False,2021-01-04,2026-04-30,True,,True,True,True
AIT-2024-11-005,2024-11-18,2024-11-18,ADI,Analog Devices,True,True,2021-01-04,2026-04-30,True,,True,True,True
AIT-2024-11-005,2024-11-18,2024-11-18,AAPL,Apple Inc.,True,False,2021-01-04,2026-04-30,True,,True,True,True
AIT-2024-11-005,2024-11-18,2024-11-18,AMAT,Applied Materials,True,True,2021-01-04,2026-04-30,True,,True,True,True
AIT-2024-11-005,2024-11-18,2024-11-18,APP,AppLovin,True,False,2021-04-15,2026-04-30,True,,True,True,True
AIT-2024-11-005,2024-11-18,2024-11-18,ARM,Arm Holdings,True,False,2023-09-14,2026-04-30,True,,True,True,True
AIT-2024-11-005,2024-11-18,2024-11-18,ASML,ASML Holding,True,True,2021-01-04,2026-04-30,True,,True,True,True
AIT-2024-11-005,2024-11-18,2024-11-18,ADSK,Autodesk,True,False,2021-01-04,2026-04-30,True,,True,True,True
AIT-2024-11-005,2024-11-18,2024-11-18,AVGO,Broadcom,True,True,2021-01-04,2026-04-30,True,,True,True,True
AIT-2024-11-005,2024-11-18,2024-11-18,CDNS,Cadence Design Systems,True,False,2021-01-04,2026-04-30,True,,True,True,True
AIT-2024-11-005,2024-11-18,2024-11-18,CTSH,Cognizant Technology Solutions Corporation,True,False,2021-01-04,2026-04-30,True,,True,True,True
AIT-2024-11-005,2024-11-18,2024-11-18,CRWD,CrowdStrike,True,False,2021-01-04,2026-04-30,True,,True,True,True
AIT-2024-11-005,2024-11-18,2024-11-18,DDOG,Datadog,True,False,2021-01-04,2026-04-30,True,,True,True,True
AIT-2024-11-005,2024-11-18,2024-11-18,DASH,DoorDash,True,False,2021-01-04,2026-04-30,True,,True,True,True
AIT-2024-11-005,2024-11-18,2024-11-18,FTNT,Fortinet,True,False,2021-01-04,2026-04-30,True,,True,True,True
AIT-2024-11-005,2024-11-18,2024-11-18,INTC,Intel,True,True,2021-01-04,2026-04-30,True,,True,True,True
AIT-2024-11-005,2024-11-18,2024-11-18,INTU,Intuit,True,False,2021-01-04,2026-04-30,True,,True,True,True
AIT-2024-11-005,2024-11-18,2024-11-18,KLAC,KLA Corporation,True,True,2021-01-04,2026-04-30,True,,True,True,True
AIT-2024-11-005,2024-11-18,2024-11-18,LRCX,Lam Research,True,True,2021-01-04,2026-04-30,True,,True,True,True
AIT-2024-11-005,2024-11-18,2024-11-18,MRVL,Marvell Technology,True,True,2021-01-04,2026-04-30,True,,True,True,True
AIT-2024-11-005,2024-11-18,2024-11-18,META,Meta Platforms,True,False,2021-01-04,2026-04-30,True,,True,True,True
AIT-2024-11-005,2024-11-18,2024-11-18,MCHP,Microchip Technology,True,True,2021-01-04,2026-04-30,True,,True,True,True
AIT-2024-11-005,2024-11-18,2024-11-18,MU,Micron Technology,True,True,2021-01-04,2026-04-30,True,,True,True,True
AIT-2024-11-005,2024-11-18,2024-11-18,MSFT,Microsoft,True,False,2021-01-04,2026-04-30,True,,True,True,True
AIT-2024-11-005,2024-11-18,2024-11-18,MPWR,Monolithic Power Systems,True,True,2021-01-04,2026-04-30,True,,True,True,True
AIT-2024-11-005,2024-11-18,2024-11-18,NVDA,Nvidia,True,True,2021-01-04,2026-04-30,True,,True,True,True
AIT-2024-11-005,2024-11-18,2024-11-18,NXPI,NXP Semiconductors,True,True,2021-01-04,2026-04-30,True,,True,True,True
AIT-2024-11-005,2024-11-18,2024-11-18,PLTR,Palantir Technologies,True,False,2021-01-04,2026-04-30,True,,True,True,True
AIT-2024-11-005,2024-11-18,2024-11-18,PANW,Palo Alto Networks,True,False,2021-01-04,2026-04-30,True,,True,True,True
AIT-2024-11-005,2024-11-18,2024-11-18,PDD,PDD Holdings,True,False,2021-01-04,2026-04-30,True,,True,True,True
AIT-2024-11-005,2024-11-18,2024-11-18,QCOM,Qualcomm,True,True,2021-01-04,2026-04-30,True,,True,True,True
AIT-2024-11-005,2024-11-18,2024-11-18,ROP,Roper Technologies,True,False,2021-01-04,2026-04-30,True,,True,True,True
AIT-2024-11-005,2024-11-18,2024-11-18,SNDK,Sandisk,True,False,2025-02-13,2026-04-30,False,2024-02-01;2024-02-02;2024-11-04;2024-11-04;2024-11-14;2024-11-18;2024-12-17,False,False,False
AIT-2024-11-005,2024-11-18,2024-11-18,STX,Seagate Technology,True,False,2021-01-04,2026-04-30,True,,True,True,True
AIT-2024-11-005,2024-11-18,2024-11-18,SHOP,Shopify,True,False,2021-01-04,2026-04-30,True,,True,True,True
AIT-2024-11-005,2024-11-18,2024-11-18,MSTR,MicroStrategy,True,False,2021-01-04,2026-04-30,True,,True,True,True
AIT-2024-11-005,2024-11-18,2024-11-18,SNPS,Synopsys,True,False,2021-01-04,2026-04-30,True,,True,True,True
AIT-2024-11-005,2024-11-18,2024-11-18,TXN,Texas Instruments,True,True,2021-01-04,2026-04-30,True,,True,True,True
AIT-2024-11-005,2024-11-18,2024-11-18,TRI,Thomson Reuters,True,False,2021-01-04,2026-04-30,True,,True,True,True
AIT-2024-11-005,2024-11-18,2024-11-18,WDC,Western Digital,True,False,2021-01-04,2026-04-30,True,,True,True,True
AIT-2024-11-005,2024-11-18,2024-11-18,WDAY,"Workday, Inc.",True,False,2021-01-04,2026-04-30,True,,True,True,True
AIT-2024-11-005,2024-11-18,2024-11-18,ZS,"Zscaler, Inc.",True,False,2021-01-04,2026-04-30,True,,True,True,True
AIT-2024-11-007,2024-11-04,2024-11-04,ADBE,Adobe Inc.,True,False,2021-01-04,2026-04-30,True,,True,True,True
AIT-2024-11-007,2024-11-04,2024-11-04,AMD,Advanced Micro Devices,True,True,2021-01-04,2026-04-30,True,,True,True,True
AIT-2024-11-007,2024-11-04,2024-11-04,GOOGL,Alphabet Inc. (Class A),True,False,2021-01-04,2026-04-30,True,,True,True,True
AIT-2024-11-007,2024-11-04,2024-11-04,GOOG,Alphabet Inc. (Class C),True,False,2021-01-04,2026-04-30,True,,True,True,True
AIT-2024-11-007,2024-11-04,2024-11-04,ADI,Analog Devices,True,True,2021-01-04,2026-04-30,True,,True,True,True
AIT-2024-11-007,2024-11-04,2024-11-04,AAPL,Apple Inc.,True,False,2021-01-04,2026-04-30,True,,True,True,True
AIT-2024-11-007,2024-11-04,2024-11-04,AMAT,Applied Materials,True,True,2021-01-04,2026-04-30,True,,True,True,True
AIT-2024-11-007,2024-11-04,2024-11-04,APP,AppLovin,True,False,2021-04-15,2026-04-30,True,,True,True,True
AIT-2024-11-007,2024-11-04,2024-11-04,ARM,Arm Holdings,True,False,2023-09-14,2026-04-30,True,,True,True,True
AIT-2024-11-007,2024-11-04,2024-11-04,ASML,ASML Holding,True,True,2021-01-04,2026-04-30,True,,True,True,True
AIT-2024-11-007,2024-11-04,2024-11-04,ADSK,Autodesk,True,False,2021-01-04,2026-04-30,True,,True,True,True
AIT-2024-11-007,2024-11-04,2024-11-04,AVGO,Broadcom,True,True,2021-01-04,2026-04-30,True,,True,True,True
AIT-2024-11-007,2024-11-04,2024-11-04,CDNS,Cadence Design Systems,True,False,2021-01-04,2026-04-30,True,,True,True,True
AIT-2024-11-007,2024-11-04,2024-11-04,CTSH,Cognizant Technology Solutions Corporation,True,False,2021-01-04,2026-04-30,True,,True,True,True
AIT-2024-11-007,2024-11-04,2024-11-04,CRWD,CrowdStrike,True,False,2021-01-04,2026-04-30,True,,True,True,True
AIT-2024-11-007,2024-11-04,2024-11-04,DDOG,Datadog,True,False,2021-01-04,2026-04-30,True,,True,True,True
AIT-2024-11-007,2024-11-04,2024-11-04,DASH,DoorDash,True,False,2021-01-04,2026-04-30,True,,True,True,True
AIT-2024-11-007,2024-11-04,2024-11-04,FTNT,Fortinet,True,False,2021-01-04,2026-04-30,True,,True,True,True
AIT-2024-11-007,2024-11-04,2024-11-04,INTC,Intel,True,True,2021-01-04,2026-04-30,True,,True,True,True
AIT-2024-11-007,2024-11-04,2024-11-04,INTU,Intuit,True,False,2021-01-04,2026-04-30,True,,True,True,True
AIT-2024-11-007,2024-11-04,2024-11-04,KLAC,KLA Corporation,True,True,2021-01-04,2026-04-30,True,,True,True,True
AIT-2024-11-007,2024-11-04,2024-11-04,LRCX,Lam Research,True,True,2021-01-04,2026-04-30,True,,True,True,True
AIT-2024-11-007,2024-11-04,2024-11-04,MRVL,Marvell Technology,True,True,2021-01-04,2026-04-30,True,,True,True,True
AIT-2024-11-007,2024-11-04,2024-11-04,META,Meta Platforms,True,False,2021-01-04,2026-04-30,True,,True,True,True
AIT-2024-11-007,2024-11-04,2024-11-04,MCHP,Microchip Technology,True,True,2021-01-04,2026-04-30,True,,True,True,True
AIT-2024-11-007,2024-11-04,2024-11-04,MU,Micron Technology,True,True,2021-01-04,2026-04-30,True,,True,True,True
AIT-2024-11-007,2024-11-04,2024-11-04,MSFT,Microsoft,True,False,2021-01-04,2026-04-30,True,,True,True,True
AIT-2024-11-007,2024-11-04,2024-11-04,MPWR,Monolithic Power Systems,True,True,2021-01-04,2026-04-30,True,,True,True,True
AIT-2024-11-007,2024-11-04,2024-11-04,NVDA,Nvidia,True,True,2021-01-04,2026-04-30,True,,True,True,True
AIT-2024-11-007,2024-11-04,2024-11-04,NXPI,NXP Semiconductors,True,True,2021-01-04,2026-04-30,True,,True,True,True
AIT-2024-11-007,2024-11-04,2024-11-04,PLTR,Palantir Technologies,True,False,2021-01-04,2026-04-30,True,,True,True,True
AIT-2024-11-007,2024-11-04,2024-11-04,PANW,Palo Alto Networks,True,False,2021-01-04,2026-04-30,True,,True,True,True
AIT-2024-11-007,2024-11-04,2024-11-04,PDD,PDD Holdings,True,False,2021-01-04,2026-04-30,True,,True,True,True
AIT-2024-11-007,2024-11-04,2024-11-04,QCOM,Qualcomm,True,True,2021-01-04,2026-04-30,True,,True,True,True
AIT-2024-11-007,2024-11-04,2024-11-04,ROP,Roper Technologies,True,False,2021-01-04,2026-04-30,True,,True,True,True
AIT-2024-11-007,2024-11-04,2024-11-04,SNDK,Sandisk,True,False,2025-02-13,2026-04-30,False,2024-01-18;2024-01-19;2024-10-21;2024-10-21;2024-10-31;2024-11-04;2024-12-03,False,False,False
AIT-2024-11-007,2024-11-04,2024-11-04,STX,Seagate Technology,True,False,2021-01-04,2026-04-30,True,,True,True,True
AIT-2024-11-007,2024-11-04,2024-11-04,SHOP,Shopify,True,False,2021-01-04,2026-04-30,True,,True,True,True
AIT-2024-11-007,2024-11-04,2024-11-04,MSTR,MicroStrategy,True,False,2021-01-04,2026-04-30,True,,True,True,True
AIT-2024-11-007,2024-11-04,2024-11-04,SNPS,Synopsys,True,False,2021-01-04,2026-04-30,True,,True,True,True
AIT-2024-11-007,2024-11-04,2024-11-04,TXN,Texas Instruments,True,True,2021-01-04,2026-04-30,True,,True,True,True
AIT-2024-11-007,2024-11-04,2024-11-04,TRI,Thomson Reuters,True,False,2021-01-04,2026-04-30,True,,True,True,True
AIT-2024-11-007,2024-11-04,2024-11-04,WDC,Western Digital,True,False,2021-01-04,2026-04-30,True,,True,True,True
AIT-2024-11-007,2024-11-04,2024-11-04,WDAY,"Workday, Inc.",True,False,2021-01-04,2026-04-30,True,,True,True,True
AIT-2024-11-007,2024-11-04,2024-11-04,ZS,"Zscaler, Inc.",True,False,2021-01-04,2026-04-30,True,,True,True,True
AIT-2024-12-001,2024-12-03,2024-12-03,ADBE,Adobe Inc.,True,False,2021-01-04,2026-04-30,True,,True,True,True
AIT-2024-12-001,2024-12-03,2024-12-03,AMD,Advanced Micro Devices,True,True,2021-01-04,2026-04-30,True,,True,True,True
AIT-2024-12-001,2024-12-03,2024-12-03,GOOGL,Alphabet Inc. (Class A),True,False,2021-01-04,2026-04-30,True,,True,True,True
AIT-2024-12-001,2024-12-03,2024-12-03,GOOG,Alphabet Inc. (Class C),True,False,2021-01-04,2026-04-30,True,,True,True,True
AIT-2024-12-001,2024-12-03,2024-12-03,ADI,Analog Devices,True,True,2021-01-04,2026-04-30,True,,True,True,True
AIT-2024-12-001,2024-12-03,2024-12-03,AAPL,Apple Inc.,True,False,2021-01-04,2026-04-30,True,,True,True,True
AIT-2024-12-001,2024-12-03,2024-12-03,AMAT,Applied Materials,True,True,2021-01-04,2026-04-30,True,,True,True,True
AIT-2024-12-001,2024-12-03,2024-12-03,APP,AppLovin,True,False,2021-04-15,2026-04-30,True,,True,True,True
AIT-2024-12-001,2024-12-03,2024-12-03,ARM,Arm Holdings,True,False,2023-09-14,2026-04-30,True,,True,True,True
AIT-2024-12-001,2024-12-03,2024-12-03,ASML,ASML Holding,True,True,2021-01-04,2026-04-30,True,,True,True,True
AIT-2024-12-001,2024-12-03,2024-12-03,ADSK,Autodesk,True,False,2021-01-04,2026-04-30,True,,True,True,True
AIT-2024-12-001,2024-12-03,2024-12-03,AVGO,Broadcom,True,True,2021-01-04,2026-04-30,True,,True,True,True
AIT-2024-12-001,2024-12-03,2024-12-03,CDNS,Cadence Design Systems,True,False,2021-01-04,2026-04-30,True,,True,True,True
AIT-2024-12-001,2024-12-03,2024-12-03,CTSH,Cognizant Technology Solutions Corporation,True,False,2021-01-04,2026-04-30,True,,True,True,True
AIT-2024-12-001,2024-12-03,2024-12-03,CRWD,CrowdStrike,True,False,2021-01-04,2026-04-30,True,,True,True,True
AIT-2024-12-001,2024-12-03,2024-12-03,DDOG,Datadog,True,False,2021-01-04,2026-04-30,True,,True,True,True
AIT-2024-12-001,2024-12-03,2024-12-03,DASH,DoorDash,True,False,2021-01-04,2026-04-30,True,,True,True,True
AIT-2024-12-001,2024-12-03,2024-12-03,FTNT,Fortinet,True,False,2021-01-04,2026-04-30,True,,True,True,True
AIT-2024-12-001,2024-12-03,2024-12-03,INTC,Intel,True,True,2021-01-04,2026-04-30,True,,True,True,True
AIT-2024-12-001,2024-12-03,2024-12-03,INTU,Intuit,True,False,2021-01-04,2026-04-30,True,,True,True,True
AIT-2024-12-001,2024-12-03,2024-12-03,KLAC,KLA Corporation,True,True,2021-01-04,2026-04-30,True,,True,True,True
AIT-2024-12-001,2024-12-03,2024-12-03,LRCX,Lam Research,True,True,2021-01-04,2026-04-30,True,,True,True,True
AIT-2024-12-001,2024-12-03,2024-12-03,MRVL,Marvell Technology,True,True,2021-01-04,2026-04-30,True,,True,True,True
AIT-2024-12-001,2024-12-03,2024-12-03,META,Meta Platforms,True,False,2021-01-04,2026-04-30,True,,True,True,True
AIT-2024-12-001,2024-12-03,2024-12-03,MCHP,Microchip Technology,True,True,2021-01-04,2026-04-30,True,,True,True,True
AIT-2024-12-001,2024-12-03,2024-12-03,MU,Micron Technology,True,True,2021-01-04,2026-04-30,True,,True,True,True
AIT-2024-12-001,2024-12-03,2024-12-03,MSFT,Microsoft,True,False,2021-01-04,2026-04-30,True,,True,True,True
AIT-2024-12-001,2024-12-03,2024-12-03,MPWR,Monolithic Power Systems,True,True,2021-01-04,2026-04-30,True,,True,True,True
AIT-2024-12-001,2024-12-03,2024-12-03,NVDA,Nvidia,True,True,2021-01-04,2026-04-30,True,,True,True,True
AIT-2024-12-001,2024-12-03,2024-12-03,NXPI,NXP Semiconductors,True,True,2021-01-04,2026-04-30,True,,True,True,True
AIT-2024-12-001,2024-12-03,2024-12-03,PLTR,Palantir Technologies,True,False,2021-01-04,2026-04-30,True,,True,True,True
AIT-2024-12-001,2024-12-03,2024-12-03,PANW,Palo Alto Networks,True,False,2021-01-04,2026-04-30,True,,True,True,True
AIT-2024-12-001,2024-12-03,2024-12-03,PDD,PDD Holdings,True,False,2021-01-04,2026-04-30,True,,True,True,True
AIT-2024-12-001,2024-12-03,2024-12-03,QCOM,Qualcomm,True,True,2021-01-04,2026-04-30,True,,True,True,True
AIT-2024-12-001,2024-12-03,2024-12-03,ROP,Roper Technologies,True,False,2021-01-04,2026-04-30,True,,True,True,True
AIT-2024-12-001,2024-12-03,2024-12-03,SNDK,Sandisk,True,False,2025-02-13,2026-04-30,False,2024-02-15;2024-02-16;2024-11-18;2024-11-18;2024-11-29;2024-12-03;2025-01-02,False,False,False
AIT-2024-12-001,2024-12-03,2024-12-03,STX,Seagate Technology,True,False,2021-01-04,2026-04-30,True,,True,True,True
AIT-2024-12-001,2024-12-03,2024-12-03,SHOP,Shopify,True,False,2021-01-04,2026-04-30,True,,True,True,True
AIT-2024-12-001,2024-12-03,2024-12-03,MSTR,MicroStrategy,True,False,2021-01-04,2026-04-30,True,,True,True,True
AIT-2024-12-001,2024-12-03,2024-12-03,SNPS,Synopsys,True,False,2021-01-04,2026-04-30,True,,True,True,True
AIT-2024-12-001,2024-12-03,2024-12-03,TXN,Texas Instruments,True,True,2021-01-04,2026-04-30,True,,True,True,True
AIT-2024-12-001,2024-12-03,2024-12-03,TRI,Thomson Reuters,True,False,2021-01-04,2026-04-30,True,,True,True,True
AIT-2024-12-001,2024-12-03,2024-12-03,WDC,Western Digital,True,False,2021-01-04,2026-04-30,True,,True,True,True
AIT-2024-12-001,2024-12-03,2024-12-03,WDAY,"Workday, Inc.",True,False,2021-01-04,2026-04-30,True,,True,True,True
AIT-2024-12-001,2024-12-03,2024-12-03,ZS,"Zscaler, Inc.",True,False,2021-01-04,2026-04-30,True,,True,True,True
AIT-2024-12-002,2024-12-05,2024-12-05,ADBE,Adobe Inc.,True,False,2021-01-04,2026-04-30,True,,True,True,True
AIT-2024-12-002,2024-12-05,2024-12-05,AMD,Advanced Micro Devices,True,True,2021-01-04,2026-04-30,True,,True,True,True
AIT-2024-12-002,2024-12-05,2024-12-05,GOOGL,Alphabet Inc. (Class A),True,False,2021-01-04,2026-04-30,True,,True,True,True
AIT-2024-12-002,2024-12-05,2024-12-05,GOOG,Alphabet Inc. (Class C),True,False,2021-01-04,2026-04-30,True,,True,True,True
AIT-2024-12-002,2024-12-05,2024-12-05,ADI,Analog Devices,True,True,2021-01-04,2026-04-30,True,,True,True,True
AIT-2024-12-002,2024-12-05,2024-12-05,AAPL,Apple Inc.,True,False,2021-01-04,2026-04-30,True,,True,True,True
AIT-2024-12-002,2024-12-05,2024-12-05,AMAT,Applied Materials,True,True,2021-01-04,2026-04-30,True,,True,True,True
AIT-2024-12-002,2024-12-05,2024-12-05,APP,AppLovin,True,False,2021-04-15,2026-04-30,True,,True,True,True
AIT-2024-12-002,2024-12-05,2024-12-05,ARM,Arm Holdings,True,False,2023-09-14,2026-04-30,True,,True,True,True
AIT-2024-12-002,2024-12-05,2024-12-05,ASML,ASML Holding,True,True,2021-01-04,2026-04-30,True,,True,True,True
AIT-2024-12-002,2024-12-05,2024-12-05,ADSK,Autodesk,True,False,2021-01-04,2026-04-30,True,,True,True,True
AIT-2024-12-002,2024-12-05,2024-12-05,AVGO,Broadcom,True,True,2021-01-04,2026-04-30,True,,True,True,True
AIT-2024-12-002,2024-12-05,2024-12-05,CDNS,Cadence Design Systems,True,False,2021-01-04,2026-04-30,True,,True,True,True
AIT-2024-12-002,2024-12-05,2024-12-05,CTSH,Cognizant Technology Solutions Corporation,True,False,2021-01-04,2026-04-30,True,,True,True,True
AIT-2024-12-002,2024-12-05,2024-12-05,CRWD,CrowdStrike,True,False,2021-01-04,2026-04-30,True,,True,True,True
AIT-2024-12-002,2024-12-05,2024-12-05,DDOG,Datadog,True,False,2021-01-04,2026-04-30,True,,True,True,True
AIT-2024-12-002,2024-12-05,2024-12-05,DASH,DoorDash,True,False,2021-01-04,2026-04-30,True,,True,True,True
AIT-2024-12-002,2024-12-05,2024-12-05,FTNT,Fortinet,True,False,2021-01-04,2026-04-30,True,,True,True,True
AIT-2024-12-002,2024-12-05,2024-12-05,INTC,Intel,True,True,2021-01-04,2026-04-30,True,,True,True,True
AIT-2024-12-002,2024-12-05,2024-12-05,INTU,Intuit,True,False,2021-01-04,2026-04-30,True,,True,True,True
AIT-2024-12-002,2024-12-05,2024-12-05,KLAC,KLA Corporation,True,True,2021-01-04,2026-04-30,True,,True,True,True
AIT-2024-12-002,2024-12-05,2024-12-05,LRCX,Lam Research,True,True,2021-01-04,2026-04-30,True,,True,True,True
AIT-2024-12-002,2024-12-05,2024-12-05,MRVL,Marvell Technology,True,True,2021-01-04,2026-04-30,True,,True,True,True
AIT-2024-12-002,2024-12-05,2024-12-05,META,Meta Platforms,True,False,2021-01-04,2026-04-30,True,,True,True,True
AIT-2024-12-002,2024-12-05,2024-12-05,MCHP,Microchip Technology,True,True,2021-01-04,2026-04-30,True,,True,True,True
AIT-2024-12-002,2024-12-05,2024-12-05,MU,Micron Technology,True,True,2021-01-04,2026-04-30,True,,True,True,True
AIT-2024-12-002,2024-12-05,2024-12-05,MSFT,Microsoft,True,False,2021-01-04,2026-04-30,True,,True,True,True
AIT-2024-12-002,2024-12-05,2024-12-05,MPWR,Monolithic Power Systems,True,True,2021-01-04,2026-04-30,True,,True,True,True
AIT-2024-12-002,2024-12-05,2024-12-05,NVDA,Nvidia,True,True,2021-01-04,2026-04-30,True,,True,True,True
AIT-2024-12-002,2024-12-05,2024-12-05,NXPI,NXP Semiconductors,True,True,2021-01-04,2026-04-30,True,,True,True,True
AIT-2024-12-002,2024-12-05,2024-12-05,PLTR,Palantir Technologies,True,False,2021-01-04,2026-04-30,True,,True,True,True
AIT-2024-12-002,2024-12-05,2024-12-05,PANW,Palo Alto Networks,True,False,2021-01-04,2026-04-30,True,,True,True,True
AIT-2024-12-002,2024-12-05,2024-12-05,PDD,PDD Holdings,True,False,2021-01-04,2026-04-30,True,,True,True,True
AIT-2024-12-002,2024-12-05,2024-12-05,QCOM,Qualcomm,True,True,2021-01-04,2026-04-30,True,,True,True,True
AIT-2024-12-002,2024-12-05,2024-12-05,ROP,Roper Technologies,True,False,2021-01-04,2026-04-30,True,,True,True,True
AIT-2024-12-002,2024-12-05,2024-12-05,SNDK,Sandisk,True,False,2025-02-13,2026-04-30,False,2024-02-20;2024-02-21;2024-11-20;2024-11-20;2024-12-03;2024-12-05;2025-01-06,False,False,False
AIT-2024-12-002,2024-12-05,2024-12-05,STX,Seagate Technology,True,False,2021-01-04,2026-04-30,True,,True,True,True
AIT-2024-12-002,2024-12-05,2024-12-05,SHOP,Shopify,True,False,2021-01-04,2026-04-30,True,,True,True,True
AIT-2024-12-002,2024-12-05,2024-12-05,MSTR,MicroStrategy,True,False,2021-01-04,2026-04-30,True,,True,True,True
AIT-2024-12-002,2024-12-05,2024-12-05,SNPS,Synopsys,True,False,2021-01-04,2026-04-30,True,,True,True,True
AIT-2024-12-002,2024-12-05,2024-12-05,TXN,Texas Instruments,True,True,2021-01-04,2026-04-30,True,,True,True,True
AIT-2024-12-002,2024-12-05,2024-12-05,TRI,Thomson Reuters,True,False,2021-01-04,2026-04-30,True,,True,True,True
AIT-2024-12-002,2024-12-05,2024-12-05,WDC,Western Digital,True,False,2021-01-04,2026-04-30,True,,True,True,True
AIT-2024-12-002,2024-12-05,2024-12-05,WDAY,"Workday, Inc.",True,False,2021-01-04,2026-04-30,True,,True,True,True
AIT-2024-12-002,2024-12-05,2024-12-05,ZS,"Zscaler, Inc.",True,False,2021-01-04,2026-04-30,True,,True,True,True
AIT-2024-12-004,2024-12-11,2024-12-11,ADBE,Adobe Inc.,True,False,2021-01-04,2026-04-30,True,,True,True,True
AIT-2024-12-004,2024-12-11,2024-12-11,AMD,Advanced Micro Devices,True,True,2021-01-04,2026-04-30,True,,True,True,True
AIT-2024-12-004,2024-12-11,2024-12-11,GOOGL,Alphabet Inc. (Class A),True,False,2021-01-04,2026-04-30,True,,True,True,True
AIT-2024-12-004,2024-12-11,2024-12-11,GOOG,Alphabet Inc. (Class C),True,False,2021-01-04,2026-04-30,True,,True,True,True
AIT-2024-12-004,2024-12-11,2024-12-11,ADI,Analog Devices,True,True,2021-01-04,2026-04-30,True,,True,True,True
AIT-2024-12-004,2024-12-11,2024-12-11,AAPL,Apple Inc.,True,False,2021-01-04,2026-04-30,True,,True,True,True
AIT-2024-12-004,2024-12-11,2024-12-11,AMAT,Applied Materials,True,True,2021-01-04,2026-04-30,True,,True,True,True
AIT-2024-12-004,2024-12-11,2024-12-11,APP,AppLovin,True,False,2021-04-15,2026-04-30,True,,True,True,True
AIT-2024-12-004,2024-12-11,2024-12-11,ARM,Arm Holdings,True,False,2023-09-14,2026-04-30,True,,True,True,True
AIT-2024-12-004,2024-12-11,2024-12-11,ASML,ASML Holding,True,True,2021-01-04,2026-04-30,True,,True,True,True
AIT-2024-12-004,2024-12-11,2024-12-11,ADSK,Autodesk,True,False,2021-01-04,2026-04-30,True,,True,True,True
AIT-2024-12-004,2024-12-11,2024-12-11,AVGO,Broadcom,True,True,2021-01-04,2026-04-30,True,,True,True,True
AIT-2024-12-004,2024-12-11,2024-12-11,CDNS,Cadence Design Systems,True,False,2021-01-04,2026-04-30,True,,True,True,True
AIT-2024-12-004,2024-12-11,2024-12-11,CTSH,Cognizant Technology Solutions Corporation,True,False,2021-01-04,2026-04-30,True,,True,True,True
AIT-2024-12-004,2024-12-11,2024-12-11,CRWD,CrowdStrike,True,False,2021-01-04,2026-04-30,True,,True,True,True
AIT-2024-12-004,2024-12-11,2024-12-11,DDOG,Datadog,True,False,2021-01-04,2026-04-30,True,,True,True,True
AIT-2024-12-004,2024-12-11,2024-12-11,DASH,DoorDash,True,False,2021-01-04,2026-04-30,True,,True,True,True
AIT-2024-12-004,2024-12-11,2024-12-11,FTNT,Fortinet,True,False,2021-01-04,2026-04-30,True,,True,True,True
AIT-2024-12-004,2024-12-11,2024-12-11,INTC,Intel,True,True,2021-01-04,2026-04-30,True,,True,True,True
AIT-2024-12-004,2024-12-11,2024-12-11,INTU,Intuit,True,False,2021-01-04,2026-04-30,True,,True,True,True
AIT-2024-12-004,2024-12-11,2024-12-11,KLAC,KLA Corporation,True,True,2021-01-04,2026-04-30,True,,True,True,True
AIT-2024-12-004,2024-12-11,2024-12-11,LRCX,Lam Research,True,True,2021-01-04,2026-04-30,True,,True,True,True
AIT-2024-12-004,2024-12-11,2024-12-11,MRVL,Marvell Technology,True,True,2021-01-04,2026-04-30,True,,True,True,True
AIT-2024-12-004,2024-12-11,2024-12-11,META,Meta Platforms,True,False,2021-01-04,2026-04-30,True,,True,True,True
AIT-2024-12-004,2024-12-11,2024-12-11,MCHP,Microchip Technology,True,True,2021-01-04,2026-04-30,True,,True,True,True
AIT-2024-12-004,2024-12-11,2024-12-11,MU,Micron Technology,True,True,2021-01-04,2026-04-30,True,,True,True,True
AIT-2024-12-004,2024-12-11,2024-12-11,MSFT,Microsoft,True,False,2021-01-04,2026-04-30,True,,True,True,True
AIT-2024-12-004,2024-12-11,2024-12-11,MPWR,Monolithic Power Systems,True,True,2021-01-04,2026-04-30,True,,True,True,True
AIT-2024-12-004,2024-12-11,2024-12-11,NVDA,Nvidia,True,True,2021-01-04,2026-04-30,True,,True,True,True
AIT-2024-12-004,2024-12-11,2024-12-11,NXPI,NXP Semiconductors,True,True,2021-01-04,2026-04-30,True,,True,True,True
AIT-2024-12-004,2024-12-11,2024-12-11,PLTR,Palantir Technologies,True,False,2021-01-04,2026-04-30,True,,True,True,True
AIT-2024-12-004,2024-12-11,2024-12-11,PANW,Palo Alto Networks,True,False,2021-01-04,2026-04-30,True,,True,True,True
AIT-2024-12-004,2024-12-11,2024-12-11,PDD,PDD Holdings,True,False,2021-01-04,2026-04-30,True,,True,True,True
AIT-2024-12-004,2024-12-11,2024-12-11,QCOM,Qualcomm,True,True,2021-01-04,2026-04-30,True,,True,True,True
AIT-2024-12-004,2024-12-11,2024-12-11,ROP,Roper Technologies,True,False,2021-01-04,2026-04-30,True,,True,True,True
AIT-2024-12-004,2024-12-11,2024-12-11,SNDK,Sandisk,True,False,2025-02-13,2026-04-30,False,2024-02-26;2024-02-27;2024-11-26;2024-11-26;2024-12-09;2024-12-11;2025-01-13,False,False,False
AIT-2024-12-004,2024-12-11,2024-12-11,STX,Seagate Technology,True,False,2021-01-04,2026-04-30,True,,True,True,True
AIT-2024-12-004,2024-12-11,2024-12-11,SHOP,Shopify,True,False,2021-01-04,2026-04-30,True,,True,True,True
AIT-2024-12-004,2024-12-11,2024-12-11,MSTR,MicroStrategy,True,False,2021-01-04,2026-04-30,True,,True,True,True
AIT-2024-12-004,2024-12-11,2024-12-11,SNPS,Synopsys,True,False,2021-01-04,2026-04-30,True,,True,True,True
AIT-2024-12-004,2024-12-11,2024-12-11,TXN,Texas Instruments,True,True,2021-01-04,2026-04-30,True,,True,True,True
AIT-2024-12-004,2024-12-11,2024-12-11,TRI,Thomson Reuters,True,False,2021-01-04,2026-04-30,True,,True,True,True
AIT-2024-12-004,2024-12-11,2024-12-11,WDC,Western Digital,True,False,2021-01-04,2026-04-30,True,,True,True,True
AIT-2024-12-004,2024-12-11,2024-12-11,WDAY,"Workday, Inc.",True,False,2021-01-04,2026-04-30,True,,True,True,True
AIT-2024-12-004,2024-12-11,2024-12-11,ZS,"Zscaler, Inc.",True,False,2021-01-04,2026-04-30,True,,True,True,True
AIT-2024-12-005,2024-12-19,2024-12-19,ADBE,Adobe Inc.,True,False,2021-01-04,2026-04-30,True,,True,True,True
AIT-2024-12-005,2024-12-19,2024-12-19,AMD,Advanced Micro Devices,True,True,2021-01-04,2026-04-30,True,,True,True,True
AIT-2024-12-005,2024-12-19,2024-12-19,GOOGL,Alphabet Inc. (Class A),True,False,2021-01-04,2026-04-30,True,,True,True,True
AIT-2024-12-005,2024-12-19,2024-12-19,GOOG,Alphabet Inc. (Class C),True,False,2021-01-04,2026-04-30,True,,True,True,True
AIT-2024-12-005,2024-12-19,2024-12-19,ADI,Analog Devices,True,True,2021-01-04,2026-04-30,True,,True,True,True
AIT-2024-12-005,2024-12-19,2024-12-19,AAPL,Apple Inc.,True,False,2021-01-04,2026-04-30,True,,True,True,True
AIT-2024-12-005,2024-12-19,2024-12-19,AMAT,Applied Materials,True,True,2021-01-04,2026-04-30,True,,True,True,True
AIT-2024-12-005,2024-12-19,2024-12-19,APP,AppLovin,True,False,2021-04-15,2026-04-30,True,,True,True,True
AIT-2024-12-005,2024-12-19,2024-12-19,ARM,Arm Holdings,True,False,2023-09-14,2026-04-30,True,,True,True,True
AIT-2024-12-005,2024-12-19,2024-12-19,ASML,ASML Holding,True,True,2021-01-04,2026-04-30,True,,True,True,True
AIT-2024-12-005,2024-12-19,2024-12-19,ADSK,Autodesk,True,False,2021-01-04,2026-04-30,True,,True,True,True
AIT-2024-12-005,2024-12-19,2024-12-19,AVGO,Broadcom,True,True,2021-01-04,2026-04-30,True,,True,True,True
AIT-2024-12-005,2024-12-19,2024-12-19,CDNS,Cadence Design Systems,True,False,2021-01-04,2026-04-30,True,,True,True,True
AIT-2024-12-005,2024-12-19,2024-12-19,CTSH,Cognizant Technology Solutions Corporation,True,False,2021-01-04,2026-04-30,True,,True,True,True
AIT-2024-12-005,2024-12-19,2024-12-19,CRWD,CrowdStrike,True,False,2021-01-04,2026-04-30,True,,True,True,True
AIT-2024-12-005,2024-12-19,2024-12-19,DDOG,Datadog,True,False,2021-01-04,2026-04-30,True,,True,True,True
AIT-2024-12-005,2024-12-19,2024-12-19,DASH,DoorDash,True,False,2021-01-04,2026-04-30,True,,True,True,True
AIT-2024-12-005,2024-12-19,2024-12-19,FTNT,Fortinet,True,False,2021-01-04,2026-04-30,True,,True,True,True
AIT-2024-12-005,2024-12-19,2024-12-19,INTC,Intel,True,True,2021-01-04,2026-04-30,True,,True,True,True
AIT-2024-12-005,2024-12-19,2024-12-19,INTU,Intuit,True,False,2021-01-04,2026-04-30,True,,True,True,True
AIT-2024-12-005,2024-12-19,2024-12-19,KLAC,KLA Corporation,True,True,2021-01-04,2026-04-30,True,,True,True,True
AIT-2024-12-005,2024-12-19,2024-12-19,LRCX,Lam Research,True,True,2021-01-04,2026-04-30,True,,True,True,True
AIT-2024-12-005,2024-12-19,2024-12-19,MRVL,Marvell Technology,True,True,2021-01-04,2026-04-30,True,,True,True,True
AIT-2024-12-005,2024-12-19,2024-12-19,META,Meta Platforms,True,False,2021-01-04,2026-04-30,True,,True,True,True
AIT-2024-12-005,2024-12-19,2024-12-19,MCHP,Microchip Technology,True,True,2021-01-04,2026-04-30,True,,True,True,True
AIT-2024-12-005,2024-12-19,2024-12-19,MU,Micron Technology,True,True,2021-01-04,2026-04-30,True,,True,True,True
AIT-2024-12-005,2024-12-19,2024-12-19,MSFT,Microsoft,True,False,2021-01-04,2026-04-30,True,,True,True,True
AIT-2024-12-005,2024-12-19,2024-12-19,MPWR,Monolithic Power Systems,True,True,2021-01-04,2026-04-30,True,,True,True,True
AIT-2024-12-005,2024-12-19,2024-12-19,NVDA,Nvidia,True,True,2021-01-04,2026-04-30,True,,True,True,True
AIT-2024-12-005,2024-12-19,2024-12-19,NXPI,NXP Semiconductors,True,True,2021-01-04,2026-04-30,True,,True,True,True
AIT-2024-12-005,2024-12-19,2024-12-19,PLTR,Palantir Technologies,True,False,2021-01-04,2026-04-30,True,,True,True,True
AIT-2024-12-005,2024-12-19,2024-12-19,PANW,Palo Alto Networks,True,False,2021-01-04,2026-04-30,True,,True,True,True
AIT-2024-12-005,2024-12-19,2024-12-19,PDD,PDD Holdings,True,False,2021-01-04,2026-04-30,True,,True,True,True
AIT-2024-12-005,2024-12-19,2024-12-19,QCOM,Qualcomm,True,True,2021-01-04,2026-04-30,True,,True,True,True
AIT-2024-12-005,2024-12-19,2024-12-19,ROP,Roper Technologies,True,False,2021-01-04,2026-04-30,True,,True,True,True
AIT-2024-12-005,2024-12-19,2024-12-19,SNDK,Sandisk,True,False,2025-02-13,2026-04-30,False,2024-03-05;2024-03-06;2024-12-05;2024-12-05;2024-12-17;2024-12-19;2025-01-22,False,False,False
AIT-2024-12-005,2024-12-19,2024-12-19,STX,Seagate Technology,True,False,2021-01-04,2026-04-30,True,,True,True,True
AIT-2024-12-005,2024-12-19,2024-12-19,SHOP,Shopify,True,False,2021-01-04,2026-04-30,True,,True,True,True
AIT-2024-12-005,2024-12-19,2024-12-19,MSTR,MicroStrategy,True,False,2021-01-04,2026-04-30,True,,True,True,True
AIT-2024-12-005,2024-12-19,2024-12-19,SNPS,Synopsys,True,False,2021-01-04,2026-04-30,True,,True,True,True
AIT-2024-12-005,2024-12-19,2024-12-19,TXN,Texas Instruments,True,True,2021-01-04,2026-04-30,True,,True,True,True
AIT-2024-12-005,2024-12-19,2024-12-19,TRI,Thomson Reuters,True,False,2021-01-04,2026-04-30,True,,True,True,True
AIT-2024-12-005,2024-12-19,2024-12-19,WDC,Western Digital,True,False,2021-01-04,2026-04-30,True,,True,True,True
AIT-2024-12-005,2024-12-19,2024-12-19,WDAY,"Workday, Inc.",True,False,2021-01-04,2026-04-30,True,,True,True,True
AIT-2024-12-005,2024-12-19,2024-12-19,ZS,"Zscaler, Inc.",True,False,2021-01-04,2026-04-30,True,,True,True,True
AIT-2024-12-006,2024-12-16,2024-12-16,ADBE,Adobe Inc.,True,False,2021-01-04,2026-04-30,True,,True,True,True
AIT-2024-12-006,2024-12-16,2024-12-16,AMD,Advanced Micro Devices,True,True,2021-01-04,2026-04-30,True,,True,True,True
AIT-2024-12-006,2024-12-16,2024-12-16,GOOGL,Alphabet Inc. (Class A),True,False,2021-01-04,2026-04-30,True,,True,True,True
AIT-2024-12-006,2024-12-16,2024-12-16,GOOG,Alphabet Inc. (Class C),True,False,2021-01-04,2026-04-30,True,,True,True,True
AIT-2024-12-006,2024-12-16,2024-12-16,ADI,Analog Devices,True,True,2021-01-04,2026-04-30,True,,True,True,True
AIT-2024-12-006,2024-12-16,2024-12-16,AAPL,Apple Inc.,True,False,2021-01-04,2026-04-30,True,,True,True,True
AIT-2024-12-006,2024-12-16,2024-12-16,AMAT,Applied Materials,True,True,2021-01-04,2026-04-30,True,,True,True,True
AIT-2024-12-006,2024-12-16,2024-12-16,APP,AppLovin,True,False,2021-04-15,2026-04-30,True,,True,True,True
AIT-2024-12-006,2024-12-16,2024-12-16,ARM,Arm Holdings,True,False,2023-09-14,2026-04-30,True,,True,True,True
AIT-2024-12-006,2024-12-16,2024-12-16,ASML,ASML Holding,True,True,2021-01-04,2026-04-30,True,,True,True,True
AIT-2024-12-006,2024-12-16,2024-12-16,ADSK,Autodesk,True,False,2021-01-04,2026-04-30,True,,True,True,True
AIT-2024-12-006,2024-12-16,2024-12-16,AVGO,Broadcom,True,True,2021-01-04,2026-04-30,True,,True,True,True
AIT-2024-12-006,2024-12-16,2024-12-16,CDNS,Cadence Design Systems,True,False,2021-01-04,2026-04-30,True,,True,True,True
AIT-2024-12-006,2024-12-16,2024-12-16,CTSH,Cognizant Technology Solutions Corporation,True,False,2021-01-04,2026-04-30,True,,True,True,True
AIT-2024-12-006,2024-12-16,2024-12-16,CRWD,CrowdStrike,True,False,2021-01-04,2026-04-30,True,,True,True,True
AIT-2024-12-006,2024-12-16,2024-12-16,DDOG,Datadog,True,False,2021-01-04,2026-04-30,True,,True,True,True
AIT-2024-12-006,2024-12-16,2024-12-16,DASH,DoorDash,True,False,2021-01-04,2026-04-30,True,,True,True,True
AIT-2024-12-006,2024-12-16,2024-12-16,FTNT,Fortinet,True,False,2021-01-04,2026-04-30,True,,True,True,True
AIT-2024-12-006,2024-12-16,2024-12-16,INTC,Intel,True,True,2021-01-04,2026-04-30,True,,True,True,True
AIT-2024-12-006,2024-12-16,2024-12-16,INTU,Intuit,True,False,2021-01-04,2026-04-30,True,,True,True,True
AIT-2024-12-006,2024-12-16,2024-12-16,KLAC,KLA Corporation,True,True,2021-01-04,2026-04-30,True,,True,True,True
AIT-2024-12-006,2024-12-16,2024-12-16,LRCX,Lam Research,True,True,2021-01-04,2026-04-30,True,,True,True,True
AIT-2024-12-006,2024-12-16,2024-12-16,MRVL,Marvell Technology,True,True,2021-01-04,2026-04-30,True,,True,True,True
AIT-2024-12-006,2024-12-16,2024-12-16,META,Meta Platforms,True,False,2021-01-04,2026-04-30,True,,True,True,True
AIT-2024-12-006,2024-12-16,2024-12-16,MCHP,Microchip Technology,True,True,2021-01-04,2026-04-30,True,,True,True,True
AIT-2024-12-006,2024-12-16,2024-12-16,MU,Micron Technology,True,True,2021-01-04,2026-04-30,True,,True,True,True
AIT-2024-12-006,2024-12-16,2024-12-16,MSFT,Microsoft,True,False,2021-01-04,2026-04-30,True,,True,True,True
AIT-2024-12-006,2024-12-16,2024-12-16,MPWR,Monolithic Power Systems,True,True,2021-01-04,2026-04-30,True,,True,True,True
AIT-2024-12-006,2024-12-16,2024-12-16,NVDA,Nvidia,True,True,2021-01-04,2026-04-30,True,,True,True,True
AIT-2024-12-006,2024-12-16,2024-12-16,NXPI,NXP Semiconductors,True,True,2021-01-04,2026-04-30,True,,True,True,True
AIT-2024-12-006,2024-12-16,2024-12-16,PLTR,Palantir Technologies,True,False,2021-01-04,2026-04-30,True,,True,True,True
AIT-2024-12-006,2024-12-16,2024-12-16,PANW,Palo Alto Networks,True,False,2021-01-04,2026-04-30,True,,True,True,True
AIT-2024-12-006,2024-12-16,2024-12-16,PDD,PDD Holdings,True,False,2021-01-04,2026-04-30,True,,True,True,True
AIT-2024-12-006,2024-12-16,2024-12-16,QCOM,Qualcomm,True,True,2021-01-04,2026-04-30,True,,True,True,True
AIT-2024-12-006,2024-12-16,2024-12-16,ROP,Roper Technologies,True,False,2021-01-04,2026-04-30,True,,True,True,True
AIT-2024-12-006,2024-12-16,2024-12-16,SNDK,Sandisk,True,False,2025-02-13,2026-04-30,False,2024-02-29;2024-03-01;2024-12-02;2024-12-02;2024-12-12;2024-12-16;2025-01-16,False,False,False
AIT-2024-12-006,2024-12-16,2024-12-16,STX,Seagate Technology,True,False,2021-01-04,2026-04-30,True,,True,True,True
AIT-2024-12-006,2024-12-16,2024-12-16,SHOP,Shopify,True,False,2021-01-04,2026-04-30,True,,True,True,True
AIT-2024-12-006,2024-12-16,2024-12-16,MSTR,MicroStrategy,True,False,2021-01-04,2026-04-30,True,,True,True,True
AIT-2024-12-006,2024-12-16,2024-12-16,SNPS,Synopsys,True,False,2021-01-04,2026-04-30,True,,True,True,True
AIT-2024-12-006,2024-12-16,2024-12-16,TXN,Texas Instruments,True,True,2021-01-04,2026-04-30,True,,True,True,True
AIT-2024-12-006,2024-12-16,2024-12-16,TRI,Thomson Reuters,True,False,2021-01-04,2026-04-30,True,,True,True,True
AIT-2024-12-006,2024-12-16,2024-12-16,WDC,Western Digital,True,False,2021-01-04,2026-04-30,True,,True,True,True
AIT-2024-12-006,2024-12-16,2024-12-16,WDAY,"Workday, Inc.",True,False,2021-01-04,2026-04-30,True,,True,True,True
AIT-2024-12-006,2024-12-16,2024-12-16,ZS,"Zscaler, Inc.",True,False,2021-01-04,2026-04-30,True,,True,True,True
AIT-2024-12-008,2024-12-12,2024-12-12,ADBE,Adobe Inc.,True,False,2021-01-04,2026-04-30,True,,True,True,True
AIT-2024-12-008,2024-12-12,2024-12-12,AMD,Advanced Micro Devices,True,True,2021-01-04,2026-04-30,True,,True,True,True
AIT-2024-12-008,2024-12-12,2024-12-12,GOOGL,Alphabet Inc. (Class A),True,False,2021-01-04,2026-04-30,True,,True,True,True
AIT-2024-12-008,2024-12-12,2024-12-12,GOOG,Alphabet Inc. (Class C),True,False,2021-01-04,2026-04-30,True,,True,True,True
AIT-2024-12-008,2024-12-12,2024-12-12,ADI,Analog Devices,True,True,2021-01-04,2026-04-30,True,,True,True,True
AIT-2024-12-008,2024-12-12,2024-12-12,AAPL,Apple Inc.,True,False,2021-01-04,2026-04-30,True,,True,True,True
AIT-2024-12-008,2024-12-12,2024-12-12,AMAT,Applied Materials,True,True,2021-01-04,2026-04-30,True,,True,True,True
AIT-2024-12-008,2024-12-12,2024-12-12,APP,AppLovin,True,False,2021-04-15,2026-04-30,True,,True,True,True
AIT-2024-12-008,2024-12-12,2024-12-12,ARM,Arm Holdings,True,False,2023-09-14,2026-04-30,True,,True,True,True
AIT-2024-12-008,2024-12-12,2024-12-12,ASML,ASML Holding,True,True,2021-01-04,2026-04-30,True,,True,True,True
AIT-2024-12-008,2024-12-12,2024-12-12,ADSK,Autodesk,True,False,2021-01-04,2026-04-30,True,,True,True,True
AIT-2024-12-008,2024-12-12,2024-12-12,AVGO,Broadcom,True,True,2021-01-04,2026-04-30,True,,True,True,True
AIT-2024-12-008,2024-12-12,2024-12-12,CDNS,Cadence Design Systems,True,False,2021-01-04,2026-04-30,True,,True,True,True
AIT-2024-12-008,2024-12-12,2024-12-12,CTSH,Cognizant Technology Solutions Corporation,True,False,2021-01-04,2026-04-30,True,,True,True,True
AIT-2024-12-008,2024-12-12,2024-12-12,CRWD,CrowdStrike,True,False,2021-01-04,2026-04-30,True,,True,True,True
AIT-2024-12-008,2024-12-12,2024-12-12,DDOG,Datadog,True,False,2021-01-04,2026-04-30,True,,True,True,True
AIT-2024-12-008,2024-12-12,2024-12-12,DASH,DoorDash,True,False,2021-01-04,2026-04-30,True,,True,True,True
AIT-2024-12-008,2024-12-12,2024-12-12,FTNT,Fortinet,True,False,2021-01-04,2026-04-30,True,,True,True,True
AIT-2024-12-008,2024-12-12,2024-12-12,INTC,Intel,True,True,2021-01-04,2026-04-30,True,,True,True,True
AIT-2024-12-008,2024-12-12,2024-12-12,INTU,Intuit,True,False,2021-01-04,2026-04-30,True,,True,True,True
AIT-2024-12-008,2024-12-12,2024-12-12,KLAC,KLA Corporation,True,True,2021-01-04,2026-04-30,True,,True,True,True
AIT-2024-12-008,2024-12-12,2024-12-12,LRCX,Lam Research,True,True,2021-01-04,2026-04-30,True,,True,True,True
AIT-2024-12-008,2024-12-12,2024-12-12,MRVL,Marvell Technology,True,True,2021-01-04,2026-04-30,True,,True,True,True
AIT-2024-12-008,2024-12-12,2024-12-12,META,Meta Platforms,True,False,2021-01-04,2026-04-30,True,,True,True,True
AIT-2024-12-008,2024-12-12,2024-12-12,MCHP,Microchip Technology,True,True,2021-01-04,2026-04-30,True,,True,True,True
AIT-2024-12-008,2024-12-12,2024-12-12,MU,Micron Technology,True,True,2021-01-04,2026-04-30,True,,True,True,True
AIT-2024-12-008,2024-12-12,2024-12-12,MSFT,Microsoft,True,False,2021-01-04,2026-04-30,True,,True,True,True
AIT-2024-12-008,2024-12-12,2024-12-12,MPWR,Monolithic Power Systems,True,True,2021-01-04,2026-04-30,True,,True,True,True
AIT-2024-12-008,2024-12-12,2024-12-12,NVDA,Nvidia,True,True,2021-01-04,2026-04-30,True,,True,True,True
AIT-2024-12-008,2024-12-12,2024-12-12,NXPI,NXP Semiconductors,True,True,2021-01-04,2026-04-30,True,,True,True,True
AIT-2024-12-008,2024-12-12,2024-12-12,PLTR,Palantir Technologies,True,False,2021-01-04,2026-04-30,True,,True,True,True
AIT-2024-12-008,2024-12-12,2024-12-12,PANW,Palo Alto Networks,True,False,2021-01-04,2026-04-30,True,,True,True,True
AIT-2024-12-008,2024-12-12,2024-12-12,PDD,PDD Holdings,True,False,2021-01-04,2026-04-30,True,,True,True,True
AIT-2024-12-008,2024-12-12,2024-12-12,QCOM,Qualcomm,True,True,2021-01-04,2026-04-30,True,,True,True,True
AIT-2024-12-008,2024-12-12,2024-12-12,ROP,Roper Technologies,True,False,2021-01-04,2026-04-30,True,,True,True,True
AIT-2024-12-008,2024-12-12,2024-12-12,SNDK,Sandisk,True,False,2025-02-13,2026-04-30,False,2024-02-27;2024-02-28;2024-11-27;2024-11-27;2024-12-10;2024-12-12;2025-01-14,False,False,False
AIT-2024-12-008,2024-12-12,2024-12-12,STX,Seagate Technology,True,False,2021-01-04,2026-04-30,True,,True,True,True
AIT-2024-12-008,2024-12-12,2024-12-12,SHOP,Shopify,True,False,2021-01-04,2026-04-30,True,,True,True,True
AIT-2024-12-008,2024-12-12,2024-12-12,MSTR,MicroStrategy,True,False,2021-01-04,2026-04-30,True,,True,True,True
AIT-2024-12-008,2024-12-12,2024-12-12,SNPS,Synopsys,True,False,2021-01-04,2026-04-30,True,,True,True,True
AIT-2024-12-008,2024-12-12,2024-12-12,TXN,Texas Instruments,True,True,2021-01-04,2026-04-30,True,,True,True,True
AIT-2024-12-008,2024-12-12,2024-12-12,TRI,Thomson Reuters,True,False,2021-01-04,2026-04-30,True,,True,True,True
AIT-2024-12-008,2024-12-12,2024-12-12,WDC,Western Digital,True,False,2021-01-04,2026-04-30,True,,True,True,True
AIT-2024-12-008,2024-12-12,2024-12-12,WDAY,"Workday, Inc.",True,False,2021-01-04,2026-04-30,True,,True,True,True
AIT-2024-12-008,2024-12-12,2024-12-12,ZS,"Zscaler, Inc.",True,False,2021-01-04,2026-04-30,True,,True,True,True
AIT-2024-12-009,2024-12-06,2024-12-06,ADBE,Adobe Inc.,True,False,2021-01-04,2026-04-30,True,,True,True,True
AIT-2024-12-009,2024-12-06,2024-12-06,AMD,Advanced Micro Devices,True,True,2021-01-04,2026-04-30,True,,True,True,True
AIT-2024-12-009,2024-12-06,2024-12-06,GOOGL,Alphabet Inc. (Class A),True,False,2021-01-04,2026-04-30,True,,True,True,True
AIT-2024-12-009,2024-12-06,2024-12-06,GOOG,Alphabet Inc. (Class C),True,False,2021-01-04,2026-04-30,True,,True,True,True
AIT-2024-12-009,2024-12-06,2024-12-06,ADI,Analog Devices,True,True,2021-01-04,2026-04-30,True,,True,True,True
AIT-2024-12-009,2024-12-06,2024-12-06,AAPL,Apple Inc.,True,False,2021-01-04,2026-04-30,True,,True,True,True
AIT-2024-12-009,2024-12-06,2024-12-06,AMAT,Applied Materials,True,True,2021-01-04,2026-04-30,True,,True,True,True
AIT-2024-12-009,2024-12-06,2024-12-06,APP,AppLovin,True,False,2021-04-15,2026-04-30,True,,True,True,True
AIT-2024-12-009,2024-12-06,2024-12-06,ARM,Arm Holdings,True,False,2023-09-14,2026-04-30,True,,True,True,True
AIT-2024-12-009,2024-12-06,2024-12-06,ASML,ASML Holding,True,True,2021-01-04,2026-04-30,True,,True,True,True
AIT-2024-12-009,2024-12-06,2024-12-06,ADSK,Autodesk,True,False,2021-01-04,2026-04-30,True,,True,True,True
AIT-2024-12-009,2024-12-06,2024-12-06,AVGO,Broadcom,True,True,2021-01-04,2026-04-30,True,,True,True,True
AIT-2024-12-009,2024-12-06,2024-12-06,CDNS,Cadence Design Systems,True,False,2021-01-04,2026-04-30,True,,True,True,True
AIT-2024-12-009,2024-12-06,2024-12-06,CTSH,Cognizant Technology Solutions Corporation,True,False,2021-01-04,2026-04-30,True,,True,True,True
AIT-2024-12-009,2024-12-06,2024-12-06,CRWD,CrowdStrike,True,False,2021-01-04,2026-04-30,True,,True,True,True
AIT-2024-12-009,2024-12-06,2024-12-06,DDOG,Datadog,True,False,2021-01-04,2026-04-30,True,,True,True,True
AIT-2024-12-009,2024-12-06,2024-12-06,DASH,DoorDash,True,False,2021-01-04,2026-04-30,True,,True,True,True
AIT-2024-12-009,2024-12-06,2024-12-06,FTNT,Fortinet,True,False,2021-01-04,2026-04-30,True,,True,True,True
AIT-2024-12-009,2024-12-06,2024-12-06,INTC,Intel,True,True,2021-01-04,2026-04-30,True,,True,True,True
AIT-2024-12-009,2024-12-06,2024-12-06,INTU,Intuit,True,False,2021-01-04,2026-04-30,True,,True,True,True
AIT-2024-12-009,2024-12-06,2024-12-06,KLAC,KLA Corporation,True,True,2021-01-04,2026-04-30,True,,True,True,True
AIT-2024-12-009,2024-12-06,2024-12-06,LRCX,Lam Research,True,True,2021-01-04,2026-04-30,True,,True,True,True
AIT-2024-12-009,2024-12-06,2024-12-06,MRVL,Marvell Technology,True,True,2021-01-04,2026-04-30,True,,True,True,True
AIT-2024-12-009,2024-12-06,2024-12-06,META,Meta Platforms,True,False,2021-01-04,2026-04-30,True,,True,True,True
AIT-2024-12-009,2024-12-06,2024-12-06,MCHP,Microchip Technology,True,True,2021-01-04,2026-04-30,True,,True,True,True
AIT-2024-12-009,2024-12-06,2024-12-06,MU,Micron Technology,True,True,2021-01-04,2026-04-30,True,,True,True,True
AIT-2024-12-009,2024-12-06,2024-12-06,MSFT,Microsoft,True,False,2021-01-04,2026-04-30,True,,True,True,True
AIT-2024-12-009,2024-12-06,2024-12-06,MPWR,Monolithic Power Systems,True,True,2021-01-04,2026-04-30,True,,True,True,True
AIT-2024-12-009,2024-12-06,2024-12-06,NVDA,Nvidia,True,True,2021-01-04,2026-04-30,True,,True,True,True
AIT-2024-12-009,2024-12-06,2024-12-06,NXPI,NXP Semiconductors,True,True,2021-01-04,2026-04-30,True,,True,True,True
AIT-2024-12-009,2024-12-06,2024-12-06,PLTR,Palantir Technologies,True,False,2021-01-04,2026-04-30,True,,True,True,True
AIT-2024-12-009,2024-12-06,2024-12-06,PANW,Palo Alto Networks,True,False,2021-01-04,2026-04-30,True,,True,True,True
AIT-2024-12-009,2024-12-06,2024-12-06,PDD,PDD Holdings,True,False,2021-01-04,2026-04-30,True,,True,True,True
AIT-2024-12-009,2024-12-06,2024-12-06,QCOM,Qualcomm,True,True,2021-01-04,2026-04-30,True,,True,True,True
AIT-2024-12-009,2024-12-06,2024-12-06,ROP,Roper Technologies,True,False,2021-01-04,2026-04-30,True,,True,True,True
AIT-2024-12-009,2024-12-06,2024-12-06,SNDK,Sandisk,True,False,2025-02-13,2026-04-30,False,2024-02-21;2024-02-22;2024-11-21;2024-11-21;2024-12-04;2024-12-06;2025-01-07,False,False,False
AIT-2024-12-009,2024-12-06,2024-12-06,STX,Seagate Technology,True,False,2021-01-04,2026-04-30,True,,True,True,True
AIT-2024-12-009,2024-12-06,2024-12-06,SHOP,Shopify,True,False,2021-01-04,2026-04-30,True,,True,True,True
AIT-2024-12-009,2024-12-06,2024-12-06,MSTR,MicroStrategy,True,False,2021-01-04,2026-04-30,True,,True,True,True
AIT-2024-12-009,2024-12-06,2024-12-06,SNPS,Synopsys,True,False,2021-01-04,2026-04-30,True,,True,True,True
AIT-2024-12-009,2024-12-06,2024-12-06,TXN,Texas Instruments,True,True,2021-01-04,2026-04-30,True,,True,True,True
AIT-2024-12-009,2024-12-06,2024-12-06,TRI,Thomson Reuters,True,False,2021-01-04,2026-04-30,True,,True,True,True
AIT-2024-12-009,2024-12-06,2024-12-06,WDC,Western Digital,True,False,2021-01-04,2026-04-30,True,,True,True,True
AIT-2024-12-009,2024-12-06,2024-12-06,WDAY,"Workday, Inc.",True,False,2021-01-04,2026-04-30,True,,True,True,True
AIT-2024-12-009,2024-12-06,2024-12-06,ZS,"Zscaler, Inc.",True,False,2021-01-04,2026-04-30,True,,True,True,True
AIT-2024-12-013,2024-12-26,2024-12-26,ADBE,Adobe Inc.,True,False,2021-01-04,2026-04-30,True,,True,True,True
AIT-2024-12-013,2024-12-26,2024-12-26,AMD,Advanced Micro Devices,True,True,2021-01-04,2026-04-30,True,,True,True,True
AIT-2024-12-013,2024-12-26,2024-12-26,GOOGL,Alphabet Inc. (Class A),True,False,2021-01-04,2026-04-30,True,,True,True,True
AIT-2024-12-013,2024-12-26,2024-12-26,GOOG,Alphabet Inc. (Class C),True,False,2021-01-04,2026-04-30,True,,True,True,True
AIT-2024-12-013,2024-12-26,2024-12-26,ADI,Analog Devices,True,True,2021-01-04,2026-04-30,True,,True,True,True
AIT-2024-12-013,2024-12-26,2024-12-26,AAPL,Apple Inc.,True,False,2021-01-04,2026-04-30,True,,True,True,True
AIT-2024-12-013,2024-12-26,2024-12-26,AMAT,Applied Materials,True,True,2021-01-04,2026-04-30,True,,True,True,True
AIT-2024-12-013,2024-12-26,2024-12-26,APP,AppLovin,True,False,2021-04-15,2026-04-30,True,,True,True,True
AIT-2024-12-013,2024-12-26,2024-12-26,ARM,Arm Holdings,True,False,2023-09-14,2026-04-30,True,,True,True,True
AIT-2024-12-013,2024-12-26,2024-12-26,ASML,ASML Holding,True,True,2021-01-04,2026-04-30,True,,True,True,True
AIT-2024-12-013,2024-12-26,2024-12-26,ADSK,Autodesk,True,False,2021-01-04,2026-04-30,True,,True,True,True
AIT-2024-12-013,2024-12-26,2024-12-26,AVGO,Broadcom,True,True,2021-01-04,2026-04-30,True,,True,True,True
AIT-2024-12-013,2024-12-26,2024-12-26,CDNS,Cadence Design Systems,True,False,2021-01-04,2026-04-30,True,,True,True,True
AIT-2024-12-013,2024-12-26,2024-12-26,CTSH,Cognizant Technology Solutions Corporation,True,False,2021-01-04,2026-04-30,True,,True,True,True
AIT-2024-12-013,2024-12-26,2024-12-26,CRWD,CrowdStrike,True,False,2021-01-04,2026-04-30,True,,True,True,True
AIT-2024-12-013,2024-12-26,2024-12-26,DDOG,Datadog,True,False,2021-01-04,2026-04-30,True,,True,True,True
AIT-2024-12-013,2024-12-26,2024-12-26,DASH,DoorDash,True,False,2021-01-04,2026-04-30,True,,True,True,True
AIT-2024-12-013,2024-12-26,2024-12-26,FTNT,Fortinet,True,False,2021-01-04,2026-04-30,True,,True,True,True
AIT-2024-12-013,2024-12-26,2024-12-26,INTC,Intel,True,True,2021-01-04,2026-04-30,True,,True,True,True
AIT-2024-12-013,2024-12-26,2024-12-26,INTU,Intuit,True,False,2021-01-04,2026-04-30,True,,True,True,True
AIT-2024-12-013,2024-12-26,2024-12-26,KLAC,KLA Corporation,True,True,2021-01-04,2026-04-30,True,,True,True,True
AIT-2024-12-013,2024-12-26,2024-12-26,LRCX,Lam Research,True,True,2021-01-04,2026-04-30,True,,True,True,True
AIT-2024-12-013,2024-12-26,2024-12-26,MRVL,Marvell Technology,True,True,2021-01-04,2026-04-30,True,,True,True,True
AIT-2024-12-013,2024-12-26,2024-12-26,META,Meta Platforms,True,False,2021-01-04,2026-04-30,True,,True,True,True
AIT-2024-12-013,2024-12-26,2024-12-26,MCHP,Microchip Technology,True,True,2021-01-04,2026-04-30,True,,True,True,True
AIT-2024-12-013,2024-12-26,2024-12-26,MU,Micron Technology,True,True,2021-01-04,2026-04-30,True,,True,True,True
AIT-2024-12-013,2024-12-26,2024-12-26,MSFT,Microsoft,True,False,2021-01-04,2026-04-30,True,,True,True,True
AIT-2024-12-013,2024-12-26,2024-12-26,MPWR,Monolithic Power Systems,True,True,2021-01-04,2026-04-30,True,,True,True,True
AIT-2024-12-013,2024-12-26,2024-12-26,NVDA,Nvidia,True,True,2021-01-04,2026-04-30,True,,True,True,True
AIT-2024-12-013,2024-12-26,2024-12-26,NXPI,NXP Semiconductors,True,True,2021-01-04,2026-04-30,True,,True,True,True
AIT-2024-12-013,2024-12-26,2024-12-26,PLTR,Palantir Technologies,True,False,2021-01-04,2026-04-30,True,,True,True,True
AIT-2024-12-013,2024-12-26,2024-12-26,PANW,Palo Alto Networks,True,False,2021-01-04,2026-04-30,True,,True,True,True
AIT-2024-12-013,2024-12-26,2024-12-26,PDD,PDD Holdings,True,False,2021-01-04,2026-04-30,True,,True,True,True
AIT-2024-12-013,2024-12-26,2024-12-26,QCOM,Qualcomm,True,True,2021-01-04,2026-04-30,True,,True,True,True
AIT-2024-12-013,2024-12-26,2024-12-26,ROP,Roper Technologies,True,False,2021-01-04,2026-04-30,True,,True,True,True
AIT-2024-12-013,2024-12-26,2024-12-26,SNDK,Sandisk,True,False,2025-02-13,2026-04-30,False,2024-03-11;2024-03-12;2024-12-11;2024-12-11;2024-12-23;2024-12-26;2025-01-28,False,False,False
AIT-2024-12-013,2024-12-26,2024-12-26,STX,Seagate Technology,True,False,2021-01-04,2026-04-30,True,,True,True,True
AIT-2024-12-013,2024-12-26,2024-12-26,SHOP,Shopify,True,False,2021-01-04,2026-04-30,True,,True,True,True
AIT-2024-12-013,2024-12-26,2024-12-26,MSTR,MicroStrategy,True,False,2021-01-04,2026-04-30,True,,True,True,True
AIT-2024-12-013,2024-12-26,2024-12-26,SNPS,Synopsys,True,False,2021-01-04,2026-04-30,True,,True,True,True
AIT-2024-12-013,2024-12-26,2024-12-26,TXN,Texas Instruments,True,True,2021-01-04,2026-04-30,True,,True,True,True
AIT-2024-12-013,2024-12-26,2024-12-26,TRI,Thomson Reuters,True,False,2021-01-04,2026-04-30,True,,True,True,True
AIT-2024-12-013,2024-12-26,2024-12-26,WDC,Western Digital,True,False,2021-01-04,2026-04-30,True,,True,True,True
AIT-2024-12-013,2024-12-26,2024-12-26,WDAY,"Workday, Inc.",True,False,2021-01-04,2026-04-30,True,,True,True,True
AIT-2024-12-013,2024-12-26,2024-12-26,ZS,"Zscaler, Inc.",True,False,2021-01-04,2026-04-30,True,,True,True,True
AIT-2025-01-002,2025-01-21,2025-01-21,ADBE,Adobe Inc.,True,False,2021-01-04,2026-04-30,True,,True,True,True
AIT-2025-01-002,2025-01-21,2025-01-21,AMD,Advanced Micro Devices,True,True,2021-01-04,2026-04-30,True,,True,True,True
AIT-2025-01-002,2025-01-21,2025-01-21,GOOGL,Alphabet Inc. (Class A),True,False,2021-01-04,2026-04-30,True,,True,True,True
AIT-2025-01-002,2025-01-21,2025-01-21,GOOG,Alphabet Inc. (Class C),True,False,2021-01-04,2026-04-30,True,,True,True,True
AIT-2025-01-002,2025-01-21,2025-01-21,ADI,Analog Devices,True,True,2021-01-04,2026-04-30,True,,True,True,True
AIT-2025-01-002,2025-01-21,2025-01-21,AAPL,Apple Inc.,True,False,2021-01-04,2026-04-30,True,,True,True,True
AIT-2025-01-002,2025-01-21,2025-01-21,AMAT,Applied Materials,True,True,2021-01-04,2026-04-30,True,,True,True,True
AIT-2025-01-002,2025-01-21,2025-01-21,APP,AppLovin,True,False,2021-04-15,2026-04-30,True,,True,True,True
AIT-2025-01-002,2025-01-21,2025-01-21,ARM,Arm Holdings,True,False,2023-09-14,2026-04-30,True,,True,True,True
AIT-2025-01-002,2025-01-21,2025-01-21,ASML,ASML Holding,True,True,2021-01-04,2026-04-30,True,,True,True,True
AIT-2025-01-002,2025-01-21,2025-01-21,ADSK,Autodesk,True,False,2021-01-04,2026-04-30,True,,True,True,True
AIT-2025-01-002,2025-01-21,2025-01-21,AVGO,Broadcom,True,True,2021-01-04,2026-04-30,True,,True,True,True
AIT-2025-01-002,2025-01-21,2025-01-21,CDNS,Cadence Design Systems,True,False,2021-01-04,2026-04-30,True,,True,True,True
AIT-2025-01-002,2025-01-21,2025-01-21,CTSH,Cognizant Technology Solutions Corporation,True,False,2021-01-04,2026-04-30,True,,True,True,True
AIT-2025-01-002,2025-01-21,2025-01-21,CRWD,CrowdStrike,True,False,2021-01-04,2026-04-30,True,,True,True,True
AIT-2025-01-002,2025-01-21,2025-01-21,DDOG,Datadog,True,False,2021-01-04,2026-04-30,True,,True,True,True
AIT-2025-01-002,2025-01-21,2025-01-21,DASH,DoorDash,True,False,2021-01-04,2026-04-30,True,,True,True,True
AIT-2025-01-002,2025-01-21,2025-01-21,FTNT,Fortinet,True,False,2021-01-04,2026-04-30,True,,True,True,True
AIT-2025-01-002,2025-01-21,2025-01-21,INTC,Intel,True,True,2021-01-04,2026-04-30,True,,True,True,True
AIT-2025-01-002,2025-01-21,2025-01-21,INTU,Intuit,True,False,2021-01-04,2026-04-30,True,,True,True,True
AIT-2025-01-002,2025-01-21,2025-01-21,KLAC,KLA Corporation,True,True,2021-01-04,2026-04-30,True,,True,True,True
AIT-2025-01-002,2025-01-21,2025-01-21,LRCX,Lam Research,True,True,2021-01-04,2026-04-30,True,,True,True,True
AIT-2025-01-002,2025-01-21,2025-01-21,MRVL,Marvell Technology,True,True,2021-01-04,2026-04-30,True,,True,True,True
AIT-2025-01-002,2025-01-21,2025-01-21,META,Meta Platforms,True,False,2021-01-04,2026-04-30,True,,True,True,True
AIT-2025-01-002,2025-01-21,2025-01-21,MCHP,Microchip Technology,True,True,2021-01-04,2026-04-30,True,,True,True,True
AIT-2025-01-002,2025-01-21,2025-01-21,MU,Micron Technology,True,True,2021-01-04,2026-04-30,True,,True,True,True
AIT-2025-01-002,2025-01-21,2025-01-21,MSFT,Microsoft,True,False,2021-01-04,2026-04-30,True,,True,True,True
AIT-2025-01-002,2025-01-21,2025-01-21,MPWR,Monolithic Power Systems,True,True,2021-01-04,2026-04-30,True,,True,True,True
AIT-2025-01-002,2025-01-21,2025-01-21,NVDA,Nvidia,True,True,2021-01-04,2026-04-30,True,,True,True,True
AIT-2025-01-002,2025-01-21,2025-01-21,NXPI,NXP Semiconductors,True,True,2021-01-04,2026-04-30,True,,True,True,True
AIT-2025-01-002,2025-01-21,2025-01-21,PLTR,Palantir Technologies,True,False,2021-01-04,2026-04-30,True,,True,True,True
AIT-2025-01-002,2025-01-21,2025-01-21,PANW,Palo Alto Networks,True,False,2021-01-04,2026-04-30,True,,True,True,True
AIT-2025-01-002,2025-01-21,2025-01-21,PDD,PDD Holdings,True,False,2021-01-04,2026-04-30,True,,True,True,True
AIT-2025-01-002,2025-01-21,2025-01-21,QCOM,Qualcomm,True,True,2021-01-04,2026-04-30,True,,True,True,True
AIT-2025-01-002,2025-01-21,2025-01-21,ROP,Roper Technologies,True,False,2021-01-04,2026-04-30,True,,True,True,True
AIT-2025-01-002,2025-01-21,2025-01-21,SNDK,Sandisk,True,False,2025-02-13,2026-04-30,False,2024-04-02;2024-04-03;2025-01-03;2025-01-03;2025-01-16;2025-01-21,False,False,False
AIT-2025-01-002,2025-01-21,2025-01-21,STX,Seagate Technology,True,False,2021-01-04,2026-04-30,True,,True,True,True
AIT-2025-01-002,2025-01-21,2025-01-21,SHOP,Shopify,True,False,2021-01-04,2026-04-30,True,,True,True,True
AIT-2025-01-002,2025-01-21,2025-01-21,MSTR,MicroStrategy,True,False,2021-01-04,2026-04-30,True,,True,True,True
AIT-2025-01-002,2025-01-21,2025-01-21,SNPS,Synopsys,True,False,2021-01-04,2026-04-30,True,,True,True,True
AIT-2025-01-002,2025-01-21,2025-01-21,TXN,Texas Instruments,True,True,2021-01-04,2026-04-30,True,,True,True,True
AIT-2025-01-002,2025-01-21,2025-01-21,TRI,Thomson Reuters,True,False,2021-01-04,2026-04-30,True,,True,True,True
AIT-2025-01-002,2025-01-21,2025-01-21,WDC,Western Digital,True,False,2021-01-04,2026-04-30,True,,True,True,True
AIT-2025-01-002,2025-01-21,2025-01-21,WDAY,"Workday, Inc.",True,False,2021-01-04,2026-04-30,True,,True,True,True
AIT-2025-01-002,2025-01-21,2025-01-21,ZS,"Zscaler, Inc.",True,False,2021-01-04,2026-04-30,True,,True,True,True
AIT-2025-01-003,2025-01-20,2025-01-21,ADBE,Adobe Inc.,True,False,2021-01-04,2026-04-30,True,,True,True,True
AIT-2025-01-003,2025-01-20,2025-01-21,AMD,Advanced Micro Devices,True,True,2021-01-04,2026-04-30,True,,True,True,True
AIT-2025-01-003,2025-01-20,2025-01-21,GOOGL,Alphabet Inc. (Class A),True,False,2021-01-04,2026-04-30,True,,True,True,True
AIT-2025-01-003,2025-01-20,2025-01-21,GOOG,Alphabet Inc. (Class C),True,False,2021-01-04,2026-04-30,True,,True,True,True
AIT-2025-01-003,2025-01-20,2025-01-21,ADI,Analog Devices,True,True,2021-01-04,2026-04-30,True,,True,True,True
AIT-2025-01-003,2025-01-20,2025-01-21,AAPL,Apple Inc.,True,False,2021-01-04,2026-04-30,True,,True,True,True
AIT-2025-01-003,2025-01-20,2025-01-21,AMAT,Applied Materials,True,True,2021-01-04,2026-04-30,True,,True,True,True
AIT-2025-01-003,2025-01-20,2025-01-21,APP,AppLovin,True,False,2021-04-15,2026-04-30,True,,True,True,True
AIT-2025-01-003,2025-01-20,2025-01-21,ARM,Arm Holdings,True,False,2023-09-14,2026-04-30,True,,True,True,True
AIT-2025-01-003,2025-01-20,2025-01-21,ASML,ASML Holding,True,True,2021-01-04,2026-04-30,True,,True,True,True
AIT-2025-01-003,2025-01-20,2025-01-21,ADSK,Autodesk,True,False,2021-01-04,2026-04-30,True,,True,True,True
AIT-2025-01-003,2025-01-20,2025-01-21,AVGO,Broadcom,True,True,2021-01-04,2026-04-30,True,,True,True,True
AIT-2025-01-003,2025-01-20,2025-01-21,CDNS,Cadence Design Systems,True,False,2021-01-04,2026-04-30,True,,True,True,True
AIT-2025-01-003,2025-01-20,2025-01-21,CTSH,Cognizant Technology Solutions Corporation,True,False,2021-01-04,2026-04-30,True,,True,True,True
AIT-2025-01-003,2025-01-20,2025-01-21,CRWD,CrowdStrike,True,False,2021-01-04,2026-04-30,True,,True,True,True
AIT-2025-01-003,2025-01-20,2025-01-21,DDOG,Datadog,True,False,2021-01-04,2026-04-30,True,,True,True,True
AIT-2025-01-003,2025-01-20,2025-01-21,DASH,DoorDash,True,False,2021-01-04,2026-04-30,True,,True,True,True
AIT-2025-01-003,2025-01-20,2025-01-21,FTNT,Fortinet,True,False,2021-01-04,2026-04-30,True,,True,True,True
AIT-2025-01-003,2025-01-20,2025-01-21,INTC,Intel,True,True,2021-01-04,2026-04-30,True,,True,True,True
AIT-2025-01-003,2025-01-20,2025-01-21,INTU,Intuit,True,False,2021-01-04,2026-04-30,True,,True,True,True
AIT-2025-01-003,2025-01-20,2025-01-21,KLAC,KLA Corporation,True,True,2021-01-04,2026-04-30,True,,True,True,True
AIT-2025-01-003,2025-01-20,2025-01-21,LRCX,Lam Research,True,True,2021-01-04,2026-04-30,True,,True,True,True
AIT-2025-01-003,2025-01-20,2025-01-21,MRVL,Marvell Technology,True,True,2021-01-04,2026-04-30,True,,True,True,True
AIT-2025-01-003,2025-01-20,2025-01-21,META,Meta Platforms,True,False,2021-01-04,2026-04-30,True,,True,True,True
AIT-2025-01-003,2025-01-20,2025-01-21,MCHP,Microchip Technology,True,True,2021-01-04,2026-04-30,True,,True,True,True
AIT-2025-01-003,2025-01-20,2025-01-21,MU,Micron Technology,True,True,2021-01-04,2026-04-30,True,,True,True,True
AIT-2025-01-003,2025-01-20,2025-01-21,MSFT,Microsoft,True,False,2021-01-04,2026-04-30,True,,True,True,True
AIT-2025-01-003,2025-01-20,2025-01-21,MPWR,Monolithic Power Systems,True,True,2021-01-04,2026-04-30,True,,True,True,True
AIT-2025-01-003,2025-01-20,2025-01-21,NVDA,Nvidia,True,True,2021-01-04,2026-04-30,True,,True,True,True
AIT-2025-01-003,2025-01-20,2025-01-21,NXPI,NXP Semiconductors,True,True,2021-01-04,2026-04-30,True,,True,True,True
AIT-2025-01-003,2025-01-20,2025-01-21,PLTR,Palantir Technologies,True,False,2021-01-04,2026-04-30,True,,True,True,True
AIT-2025-01-003,2025-01-20,2025-01-21,PANW,Palo Alto Networks,True,False,2021-01-04,2026-04-30,True,,True,True,True
AIT-2025-01-003,2025-01-20,2025-01-21,PDD,PDD Holdings,True,False,2021-01-04,2026-04-30,True,,True,True,True
AIT-2025-01-003,2025-01-20,2025-01-21,QCOM,Qualcomm,True,True,2021-01-04,2026-04-30,True,,True,True,True
AIT-2025-01-003,2025-01-20,2025-01-21,ROP,Roper Technologies,True,False,2021-01-04,2026-04-30,True,,True,True,True
AIT-2025-01-003,2025-01-20,2025-01-21,SNDK,Sandisk,True,False,2025-02-13,2026-04-30,False,2024-04-02;2024-04-03;2025-01-03;2025-01-03;2025-01-16;2025-01-21,False,False,False
AIT-2025-01-003,2025-01-20,2025-01-21,STX,Seagate Technology,True,False,2021-01-04,2026-04-30,True,,True,True,True
AIT-2025-01-003,2025-01-20,2025-01-21,SHOP,Shopify,True,False,2021-01-04,2026-04-30,True,,True,True,True
AIT-2025-01-003,2025-01-20,2025-01-21,MSTR,MicroStrategy,True,False,2021-01-04,2026-04-30,True,,True,True,True
AIT-2025-01-003,2025-01-20,2025-01-21,SNPS,Synopsys,True,False,2021-01-04,2026-04-30,True,,True,True,True
AIT-2025-01-003,2025-01-20,2025-01-21,TXN,Texas Instruments,True,True,2021-01-04,2026-04-30,True,,True,True,True
AIT-2025-01-003,2025-01-20,2025-01-21,TRI,Thomson Reuters,True,False,2021-01-04,2026-04-30,True,,True,True,True
AIT-2025-01-003,2025-01-20,2025-01-21,WDC,Western Digital,True,False,2021-01-04,2026-04-30,True,,True,True,True
AIT-2025-01-003,2025-01-20,2025-01-21,WDAY,"Workday, Inc.",True,False,2021-01-04,2026-04-30,True,,True,True,True
AIT-2025-01-003,2025-01-20,2025-01-21,ZS,"Zscaler, Inc.",True,False,2021-01-04,2026-04-30,True,,True,True,True
AIT-2025-01-005,2025-01-27,2025-01-27,ADBE,Adobe Inc.,True,False,2021-01-04,2026-04-30,True,,True,True,True
AIT-2025-01-005,2025-01-27,2025-01-27,AMD,Advanced Micro Devices,True,True,2021-01-04,2026-04-30,True,,True,True,True
AIT-2025-01-005,2025-01-27,2025-01-27,GOOGL,Alphabet Inc. (Class A),True,False,2021-01-04,2026-04-30,True,,True,True,True
AIT-2025-01-005,2025-01-27,2025-01-27,GOOG,Alphabet Inc. (Class C),True,False,2021-01-04,2026-04-30,True,,True,True,True
AIT-2025-01-005,2025-01-27,2025-01-27,ADI,Analog Devices,True,True,2021-01-04,2026-04-30,True,,True,True,True
AIT-2025-01-005,2025-01-27,2025-01-27,AAPL,Apple Inc.,True,False,2021-01-04,2026-04-30,True,,True,True,True
AIT-2025-01-005,2025-01-27,2025-01-27,AMAT,Applied Materials,True,True,2021-01-04,2026-04-30,True,,True,True,True
AIT-2025-01-005,2025-01-27,2025-01-27,APP,AppLovin,True,False,2021-04-15,2026-04-30,True,,True,True,True
AIT-2025-01-005,2025-01-27,2025-01-27,ARM,Arm Holdings,True,False,2023-09-14,2026-04-30,True,,True,True,True
AIT-2025-01-005,2025-01-27,2025-01-27,ASML,ASML Holding,True,True,2021-01-04,2026-04-30,True,,True,True,True
AIT-2025-01-005,2025-01-27,2025-01-27,ADSK,Autodesk,True,False,2021-01-04,2026-04-30,True,,True,True,True
AIT-2025-01-005,2025-01-27,2025-01-27,AVGO,Broadcom,True,True,2021-01-04,2026-04-30,True,,True,True,True
AIT-2025-01-005,2025-01-27,2025-01-27,CDNS,Cadence Design Systems,True,False,2021-01-04,2026-04-30,True,,True,True,True
AIT-2025-01-005,2025-01-27,2025-01-27,CTSH,Cognizant Technology Solutions Corporation,True,False,2021-01-04,2026-04-30,True,,True,True,True
AIT-2025-01-005,2025-01-27,2025-01-27,CRWD,CrowdStrike,True,False,2021-01-04,2026-04-30,True,,True,True,True
AIT-2025-01-005,2025-01-27,2025-01-27,DDOG,Datadog,True,False,2021-01-04,2026-04-30,True,,True,True,True
AIT-2025-01-005,2025-01-27,2025-01-27,DASH,DoorDash,True,False,2021-01-04,2026-04-30,True,,True,True,True
AIT-2025-01-005,2025-01-27,2025-01-27,FTNT,Fortinet,True,False,2021-01-04,2026-04-30,True,,True,True,True
AIT-2025-01-005,2025-01-27,2025-01-27,INTC,Intel,True,True,2021-01-04,2026-04-30,True,,True,True,True
AIT-2025-01-005,2025-01-27,2025-01-27,INTU,Intuit,True,False,2021-01-04,2026-04-30,True,,True,True,True
AIT-2025-01-005,2025-01-27,2025-01-27,KLAC,KLA Corporation,True,True,2021-01-04,2026-04-30,True,,True,True,True
AIT-2025-01-005,2025-01-27,2025-01-27,LRCX,Lam Research,True,True,2021-01-04,2026-04-30,True,,True,True,True
AIT-2025-01-005,2025-01-27,2025-01-27,MRVL,Marvell Technology,True,True,2021-01-04,2026-04-30,True,,True,True,True
AIT-2025-01-005,2025-01-27,2025-01-27,META,Meta Platforms,True,False,2021-01-04,2026-04-30,True,,True,True,True
AIT-2025-01-005,2025-01-27,2025-01-27,MCHP,Microchip Technology,True,True,2021-01-04,2026-04-30,True,,True,True,True
AIT-2025-01-005,2025-01-27,2025-01-27,MU,Micron Technology,True,True,2021-01-04,2026-04-30,True,,True,True,True
AIT-2025-01-005,2025-01-27,2025-01-27,MSFT,Microsoft,True,False,2021-01-04,2026-04-30,True,,True,True,True
AIT-2025-01-005,2025-01-27,2025-01-27,MPWR,Monolithic Power Systems,True,True,2021-01-04,2026-04-30,True,,True,True,True
AIT-2025-01-005,2025-01-27,2025-01-27,NVDA,Nvidia,True,True,2021-01-04,2026-04-30,True,,True,True,True
AIT-2025-01-005,2025-01-27,2025-01-27,NXPI,NXP Semiconductors,True,True,2021-01-04,2026-04-30,True,,True,True,True
AIT-2025-01-005,2025-01-27,2025-01-27,PLTR,Palantir Technologies,True,False,2021-01-04,2026-04-30,True,,True,True,True
AIT-2025-01-005,2025-01-27,2025-01-27,PANW,Palo Alto Networks,True,False,2021-01-04,2026-04-30,True,,True,True,True
AIT-2025-01-005,2025-01-27,2025-01-27,PDD,PDD Holdings,True,False,2021-01-04,2026-04-30,True,,True,True,True
AIT-2025-01-005,2025-01-27,2025-01-27,QCOM,Qualcomm,True,True,2021-01-04,2026-04-30,True,,True,True,True
AIT-2025-01-005,2025-01-27,2025-01-27,ROP,Roper Technologies,True,False,2021-01-04,2026-04-30,True,,True,True,True
AIT-2025-01-005,2025-01-27,2025-01-27,SNDK,Sandisk,True,False,2025-02-13,2026-04-30,False,2024-04-08;2024-04-09;2025-01-10;2025-01-10;2025-01-23;2025-01-27,False,False,False
AIT-2025-01-005,2025-01-27,2025-01-27,STX,Seagate Technology,True,False,2021-01-04,2026-04-30,True,,True,True,True
AIT-2025-01-005,2025-01-27,2025-01-27,SHOP,Shopify,True,False,2021-01-04,2026-04-30,True,,True,True,True
AIT-2025-01-005,2025-01-27,2025-01-27,MSTR,MicroStrategy,True,False,2021-01-04,2026-04-30,True,,True,True,True
AIT-2025-01-005,2025-01-27,2025-01-27,SNPS,Synopsys,True,False,2021-01-04,2026-04-30,True,,True,True,True
AIT-2025-01-005,2025-01-27,2025-01-27,TXN,Texas Instruments,True,True,2021-01-04,2026-04-30,True,,True,True,True
AIT-2025-01-005,2025-01-27,2025-01-27,TRI,Thomson Reuters,True,False,2021-01-04,2026-04-30,True,,True,True,True
AIT-2025-01-005,2025-01-27,2025-01-27,WDC,Western Digital,True,False,2021-01-04,2026-04-30,True,,True,True,True
AIT-2025-01-005,2025-01-27,2025-01-27,WDAY,"Workday, Inc.",True,False,2021-01-04,2026-04-30,True,,True,True,True
AIT-2025-01-005,2025-01-27,2025-01-27,ZS,"Zscaler, Inc.",True,False,2021-01-04,2026-04-30,True,,True,True,True
AIT-2025-01-006,2025-01-28,2025-01-28,ADBE,Adobe Inc.,True,False,2021-01-04,2026-04-30,True,,True,True,True
AIT-2025-01-006,2025-01-28,2025-01-28,AMD,Advanced Micro Devices,True,True,2021-01-04,2026-04-30,True,,True,True,True
AIT-2025-01-006,2025-01-28,2025-01-28,GOOGL,Alphabet Inc. (Class A),True,False,2021-01-04,2026-04-30,True,,True,True,True
AIT-2025-01-006,2025-01-28,2025-01-28,GOOG,Alphabet Inc. (Class C),True,False,2021-01-04,2026-04-30,True,,True,True,True
AIT-2025-01-006,2025-01-28,2025-01-28,ADI,Analog Devices,True,True,2021-01-04,2026-04-30,True,,True,True,True
AIT-2025-01-006,2025-01-28,2025-01-28,AAPL,Apple Inc.,True,False,2021-01-04,2026-04-30,True,,True,True,True
AIT-2025-01-006,2025-01-28,2025-01-28,AMAT,Applied Materials,True,True,2021-01-04,2026-04-30,True,,True,True,True
AIT-2025-01-006,2025-01-28,2025-01-28,APP,AppLovin,True,False,2021-04-15,2026-04-30,True,,True,True,True
AIT-2025-01-006,2025-01-28,2025-01-28,ARM,Arm Holdings,True,False,2023-09-14,2026-04-30,True,,True,True,True
AIT-2025-01-006,2025-01-28,2025-01-28,ASML,ASML Holding,True,True,2021-01-04,2026-04-30,True,,True,True,True
AIT-2025-01-006,2025-01-28,2025-01-28,ADSK,Autodesk,True,False,2021-01-04,2026-04-30,True,,True,True,True
AIT-2025-01-006,2025-01-28,2025-01-28,AVGO,Broadcom,True,True,2021-01-04,2026-04-30,True,,True,True,True
AIT-2025-01-006,2025-01-28,2025-01-28,CDNS,Cadence Design Systems,True,False,2021-01-04,2026-04-30,True,,True,True,True
AIT-2025-01-006,2025-01-28,2025-01-28,CTSH,Cognizant Technology Solutions Corporation,True,False,2021-01-04,2026-04-30,True,,True,True,True
AIT-2025-01-006,2025-01-28,2025-01-28,CRWD,CrowdStrike,True,False,2021-01-04,2026-04-30,True,,True,True,True
AIT-2025-01-006,2025-01-28,2025-01-28,DDOG,Datadog,True,False,2021-01-04,2026-04-30,True,,True,True,True
AIT-2025-01-006,2025-01-28,2025-01-28,DASH,DoorDash,True,False,2021-01-04,2026-04-30,True,,True,True,True
AIT-2025-01-006,2025-01-28,2025-01-28,FTNT,Fortinet,True,False,2021-01-04,2026-04-30,True,,True,True,True
AIT-2025-01-006,2025-01-28,2025-01-28,INTC,Intel,True,True,2021-01-04,2026-04-30,True,,True,True,True
AIT-2025-01-006,2025-01-28,2025-01-28,INTU,Intuit,True,False,2021-01-04,2026-04-30,True,,True,True,True
AIT-2025-01-006,2025-01-28,2025-01-28,KLAC,KLA Corporation,True,True,2021-01-04,2026-04-30,True,,True,True,True
AIT-2025-01-006,2025-01-28,2025-01-28,LRCX,Lam Research,True,True,2021-01-04,2026-04-30,True,,True,True,True
AIT-2025-01-006,2025-01-28,2025-01-28,MRVL,Marvell Technology,True,True,2021-01-04,2026-04-30,True,,True,True,True
AIT-2025-01-006,2025-01-28,2025-01-28,META,Meta Platforms,True,False,2021-01-04,2026-04-30,True,,True,True,True
AIT-2025-01-006,2025-01-28,2025-01-28,MCHP,Microchip Technology,True,True,2021-01-04,2026-04-30,True,,True,True,True
AIT-2025-01-006,2025-01-28,2025-01-28,MU,Micron Technology,True,True,2021-01-04,2026-04-30,True,,True,True,True
AIT-2025-01-006,2025-01-28,2025-01-28,MSFT,Microsoft,True,False,2021-01-04,2026-04-30,True,,True,True,True
AIT-2025-01-006,2025-01-28,2025-01-28,MPWR,Monolithic Power Systems,True,True,2021-01-04,2026-04-30,True,,True,True,True
AIT-2025-01-006,2025-01-28,2025-01-28,NVDA,Nvidia,True,True,2021-01-04,2026-04-30,True,,True,True,True
AIT-2025-01-006,2025-01-28,2025-01-28,NXPI,NXP Semiconductors,True,True,2021-01-04,2026-04-30,True,,True,True,True
AIT-2025-01-006,2025-01-28,2025-01-28,PLTR,Palantir Technologies,True,False,2021-01-04,2026-04-30,True,,True,True,True
AIT-2025-01-006,2025-01-28,2025-01-28,PANW,Palo Alto Networks,True,False,2021-01-04,2026-04-30,True,,True,True,True
AIT-2025-01-006,2025-01-28,2025-01-28,PDD,PDD Holdings,True,False,2021-01-04,2026-04-30,True,,True,True,True
AIT-2025-01-006,2025-01-28,2025-01-28,QCOM,Qualcomm,True,True,2021-01-04,2026-04-30,True,,True,True,True
AIT-2025-01-006,2025-01-28,2025-01-28,ROP,Roper Technologies,True,False,2021-01-04,2026-04-30,True,,True,True,True
AIT-2025-01-006,2025-01-28,2025-01-28,SNDK,Sandisk,True,False,2025-02-13,2026-04-30,False,2024-04-09;2024-04-10;2025-01-13;2025-01-13;2025-01-24;2025-01-28,False,False,False
AIT-2025-01-006,2025-01-28,2025-01-28,STX,Seagate Technology,True,False,2021-01-04,2026-04-30,True,,True,True,True
AIT-2025-01-006,2025-01-28,2025-01-28,SHOP,Shopify,True,False,2021-01-04,2026-04-30,True,,True,True,True
AIT-2025-01-006,2025-01-28,2025-01-28,MSTR,MicroStrategy,True,False,2021-01-04,2026-04-30,True,,True,True,True
AIT-2025-01-006,2025-01-28,2025-01-28,SNPS,Synopsys,True,False,2021-01-04,2026-04-30,True,,True,True,True
AIT-2025-01-006,2025-01-28,2025-01-28,TXN,Texas Instruments,True,True,2021-01-04,2026-04-30,True,,True,True,True
AIT-2025-01-006,2025-01-28,2025-01-28,TRI,Thomson Reuters,True,False,2021-01-04,2026-04-30,True,,True,True,True
AIT-2025-01-006,2025-01-28,2025-01-28,WDC,Western Digital,True,False,2021-01-04,2026-04-30,True,,True,True,True
AIT-2025-01-006,2025-01-28,2025-01-28,WDAY,"Workday, Inc.",True,False,2021-01-04,2026-04-30,True,,True,True,True
AIT-2025-01-006,2025-01-28,2025-01-28,ZS,"Zscaler, Inc.",True,False,2021-01-04,2026-04-30,True,,True,True,True
AIT-2025-01-007,2025-01-31,2025-01-31,ADBE,Adobe Inc.,True,False,2021-01-04,2026-04-30,True,,True,True,True
AIT-2025-01-007,2025-01-31,2025-01-31,AMD,Advanced Micro Devices,True,True,2021-01-04,2026-04-30,True,,True,True,True
AIT-2025-01-007,2025-01-31,2025-01-31,GOOGL,Alphabet Inc. (Class A),True,False,2021-01-04,2026-04-30,True,,True,True,True
AIT-2025-01-007,2025-01-31,2025-01-31,GOOG,Alphabet Inc. (Class C),True,False,2021-01-04,2026-04-30,True,,True,True,True
AIT-2025-01-007,2025-01-31,2025-01-31,ADI,Analog Devices,True,True,2021-01-04,2026-04-30,True,,True,True,True
AIT-2025-01-007,2025-01-31,2025-01-31,AAPL,Apple Inc.,True,False,2021-01-04,2026-04-30,True,,True,True,True
AIT-2025-01-007,2025-01-31,2025-01-31,AMAT,Applied Materials,True,True,2021-01-04,2026-04-30,True,,True,True,True
AIT-2025-01-007,2025-01-31,2025-01-31,APP,AppLovin,True,False,2021-04-15,2026-04-30,True,,True,True,True
AIT-2025-01-007,2025-01-31,2025-01-31,ARM,Arm Holdings,True,False,2023-09-14,2026-04-30,True,,True,True,True
AIT-2025-01-007,2025-01-31,2025-01-31,ASML,ASML Holding,True,True,2021-01-04,2026-04-30,True,,True,True,True
AIT-2025-01-007,2025-01-31,2025-01-31,ADSK,Autodesk,True,False,2021-01-04,2026-04-30,True,,True,True,True
AIT-2025-01-007,2025-01-31,2025-01-31,AVGO,Broadcom,True,True,2021-01-04,2026-04-30,True,,True,True,True
AIT-2025-01-007,2025-01-31,2025-01-31,CDNS,Cadence Design Systems,True,False,2021-01-04,2026-04-30,True,,True,True,True
AIT-2025-01-007,2025-01-31,2025-01-31,CTSH,Cognizant Technology Solutions Corporation,True,False,2021-01-04,2026-04-30,True,,True,True,True
AIT-2025-01-007,2025-01-31,2025-01-31,CRWD,CrowdStrike,True,False,2021-01-04,2026-04-30,True,,True,True,True
AIT-2025-01-007,2025-01-31,2025-01-31,DDOG,Datadog,True,False,2021-01-04,2026-04-30,True,,True,True,True
AIT-2025-01-007,2025-01-31,2025-01-31,DASH,DoorDash,True,False,2021-01-04,2026-04-30,True,,True,True,True
AIT-2025-01-007,2025-01-31,2025-01-31,FTNT,Fortinet,True,False,2021-01-04,2026-04-30,True,,True,True,True
AIT-2025-01-007,2025-01-31,2025-01-31,INTC,Intel,True,True,2021-01-04,2026-04-30,True,,True,True,True
AIT-2025-01-007,2025-01-31,2025-01-31,INTU,Intuit,True,False,2021-01-04,2026-04-30,True,,True,True,True
AIT-2025-01-007,2025-01-31,2025-01-31,KLAC,KLA Corporation,True,True,2021-01-04,2026-04-30,True,,True,True,True
AIT-2025-01-007,2025-01-31,2025-01-31,LRCX,Lam Research,True,True,2021-01-04,2026-04-30,True,,True,True,True
AIT-2025-01-007,2025-01-31,2025-01-31,MRVL,Marvell Technology,True,True,2021-01-04,2026-04-30,True,,True,True,True
AIT-2025-01-007,2025-01-31,2025-01-31,META,Meta Platforms,True,False,2021-01-04,2026-04-30,True,,True,True,True
AIT-2025-01-007,2025-01-31,2025-01-31,MCHP,Microchip Technology,True,True,2021-01-04,2026-04-30,True,,True,True,True
AIT-2025-01-007,2025-01-31,2025-01-31,MU,Micron Technology,True,True,2021-01-04,2026-04-30,True,,True,True,True
AIT-2025-01-007,2025-01-31,2025-01-31,MSFT,Microsoft,True,False,2021-01-04,2026-04-30,True,,True,True,True
AIT-2025-01-007,2025-01-31,2025-01-31,MPWR,Monolithic Power Systems,True,True,2021-01-04,2026-04-30,True,,True,True,True
AIT-2025-01-007,2025-01-31,2025-01-31,NVDA,Nvidia,True,True,2021-01-04,2026-04-30,True,,True,True,True
AIT-2025-01-007,2025-01-31,2025-01-31,NXPI,NXP Semiconductors,True,True,2021-01-04,2026-04-30,True,,True,True,True
AIT-2025-01-007,2025-01-31,2025-01-31,PLTR,Palantir Technologies,True,False,2021-01-04,2026-04-30,True,,True,True,True
AIT-2025-01-007,2025-01-31,2025-01-31,PANW,Palo Alto Networks,True,False,2021-01-04,2026-04-30,True,,True,True,True
AIT-2025-01-007,2025-01-31,2025-01-31,PDD,PDD Holdings,True,False,2021-01-04,2026-04-30,True,,True,True,True
AIT-2025-01-007,2025-01-31,2025-01-31,QCOM,Qualcomm,True,True,2021-01-04,2026-04-30,True,,True,True,True
AIT-2025-01-007,2025-01-31,2025-01-31,ROP,Roper Technologies,True,False,2021-01-04,2026-04-30,True,,True,True,True
AIT-2025-01-007,2025-01-31,2025-01-31,SNDK,Sandisk,True,False,2025-02-13,2026-04-30,False,2024-04-12;2024-04-15;2025-01-16;2025-01-16;2025-01-29;2025-01-31,False,False,False
AIT-2025-01-007,2025-01-31,2025-01-31,STX,Seagate Technology,True,False,2021-01-04,2026-04-30,True,,True,True,True
AIT-2025-01-007,2025-01-31,2025-01-31,SHOP,Shopify,True,False,2021-01-04,2026-04-30,True,,True,True,True
AIT-2025-01-007,2025-01-31,2025-01-31,MSTR,MicroStrategy,True,False,2021-01-04,2026-04-30,True,,True,True,True
AIT-2025-01-007,2025-01-31,2025-01-31,SNPS,Synopsys,True,False,2021-01-04,2026-04-30,True,,True,True,True
AIT-2025-01-007,2025-01-31,2025-01-31,TXN,Texas Instruments,True,True,2021-01-04,2026-04-30,True,,True,True,True
AIT-2025-01-007,2025-01-31,2025-01-31,TRI,Thomson Reuters,True,False,2021-01-04,2026-04-30,True,,True,True,True
AIT-2025-01-007,2025-01-31,2025-01-31,WDC,Western Digital,True,False,2021-01-04,2026-04-30,True,,True,True,True
AIT-2025-01-007,2025-01-31,2025-01-31,WDAY,"Workday, Inc.",True,False,2021-01-04,2026-04-30,True,,True,True,True
AIT-2025-01-007,2025-01-31,2025-01-31,ZS,"Zscaler, Inc.",True,False,2021-01-04,2026-04-30,True,,True,True,True
AIT-2025-02-001,2025-02-19,2025-02-19,ADBE,Adobe Inc.,True,False,2021-01-04,2026-04-30,True,,True,True,True
AIT-2025-02-001,2025-02-19,2025-02-19,AMD,Advanced Micro Devices,True,True,2021-01-04,2026-04-30,True,,True,True,True
AIT-2025-02-001,2025-02-19,2025-02-19,GOOGL,Alphabet Inc. (Class A),True,False,2021-01-04,2026-04-30,True,,True,True,True
AIT-2025-02-001,2025-02-19,2025-02-19,GOOG,Alphabet Inc. (Class C),True,False,2021-01-04,2026-04-30,True,,True,True,True
AIT-2025-02-001,2025-02-19,2025-02-19,ADI,Analog Devices,True,True,2021-01-04,2026-04-30,True,,True,True,True
AIT-2025-02-001,2025-02-19,2025-02-19,AAPL,Apple Inc.,True,False,2021-01-04,2026-04-30,True,,True,True,True
AIT-2025-02-001,2025-02-19,2025-02-19,AMAT,Applied Materials,True,True,2021-01-04,2026-04-30,True,,True,True,True
AIT-2025-02-001,2025-02-19,2025-02-19,APP,AppLovin,True,False,2021-04-15,2026-04-30,True,,True,True,True
AIT-2025-02-001,2025-02-19,2025-02-19,ARM,Arm Holdings,True,False,2023-09-14,2026-04-30,True,,True,True,True
AIT-2025-02-001,2025-02-19,2025-02-19,ASML,ASML Holding,True,True,2021-01-04,2026-04-30,True,,True,True,True
AIT-2025-02-001,2025-02-19,2025-02-19,ADSK,Autodesk,True,False,2021-01-04,2026-04-30,True,,True,True,True
AIT-2025-02-001,2025-02-19,2025-02-19,AVGO,Broadcom,True,True,2021-01-04,2026-04-30,True,,True,True,True
AIT-2025-02-001,2025-02-19,2025-02-19,CDNS,Cadence Design Systems,True,False,2021-01-04,2026-04-30,True,,True,True,True
AIT-2025-02-001,2025-02-19,2025-02-19,CTSH,Cognizant Technology Solutions Corporation,True,False,2021-01-04,2026-04-30,True,,True,True,True
AIT-2025-02-001,2025-02-19,2025-02-19,CRWD,CrowdStrike,True,False,2021-01-04,2026-04-30,True,,True,True,True
AIT-2025-02-001,2025-02-19,2025-02-19,DDOG,Datadog,True,False,2021-01-04,2026-04-30,True,,True,True,True
AIT-2025-02-001,2025-02-19,2025-02-19,DASH,DoorDash,True,False,2021-01-04,2026-04-30,True,,True,True,True
AIT-2025-02-001,2025-02-19,2025-02-19,FTNT,Fortinet,True,False,2021-01-04,2026-04-30,True,,True,True,True
AIT-2025-02-001,2025-02-19,2025-02-19,INTC,Intel,True,True,2021-01-04,2026-04-30,True,,True,True,True
AIT-2025-02-001,2025-02-19,2025-02-19,INTU,Intuit,True,False,2021-01-04,2026-04-30,True,,True,True,True
AIT-2025-02-001,2025-02-19,2025-02-19,KLAC,KLA Corporation,True,True,2021-01-04,2026-04-30,True,,True,True,True
AIT-2025-02-001,2025-02-19,2025-02-19,LRCX,Lam Research,True,True,2021-01-04,2026-04-30,True,,True,True,True
AIT-2025-02-001,2025-02-19,2025-02-19,MRVL,Marvell Technology,True,True,2021-01-04,2026-04-30,True,,True,True,True
AIT-2025-02-001,2025-02-19,2025-02-19,META,Meta Platforms,True,False,2021-01-04,2026-04-30,True,,True,True,True
AIT-2025-02-001,2025-02-19,2025-02-19,MCHP,Microchip Technology,True,True,2021-01-04,2026-04-30,True,,True,True,True
AIT-2025-02-001,2025-02-19,2025-02-19,MU,Micron Technology,True,True,2021-01-04,2026-04-30,True,,True,True,True
AIT-2025-02-001,2025-02-19,2025-02-19,MSFT,Microsoft,True,False,2021-01-04,2026-04-30,True,,True,True,True
AIT-2025-02-001,2025-02-19,2025-02-19,MPWR,Monolithic Power Systems,True,True,2021-01-04,2026-04-30,True,,True,True,True
AIT-2025-02-001,2025-02-19,2025-02-19,NVDA,Nvidia,True,True,2021-01-04,2026-04-30,True,,True,True,True
AIT-2025-02-001,2025-02-19,2025-02-19,NXPI,NXP Semiconductors,True,True,2021-01-04,2026-04-30,True,,True,True,True
AIT-2025-02-001,2025-02-19,2025-02-19,PLTR,Palantir Technologies,True,False,2021-01-04,2026-04-30,True,,True,True,True
AIT-2025-02-001,2025-02-19,2025-02-19,PANW,Palo Alto Networks,True,False,2021-01-04,2026-04-30,True,,True,True,True
AIT-2025-02-001,2025-02-19,2025-02-19,PDD,PDD Holdings,True,False,2021-01-04,2026-04-30,True,,True,True,True
AIT-2025-02-001,2025-02-19,2025-02-19,QCOM,Qualcomm,True,True,2021-01-04,2026-04-30,True,,True,True,True
AIT-2025-02-001,2025-02-19,2025-02-19,ROP,Roper Technologies,True,False,2021-01-04,2026-04-30,True,,True,True,True
AIT-2025-02-001,2025-02-19,2025-02-19,SNDK,Sandisk,True,False,2025-02-13,2026-04-30,False,2024-04-30;2024-05-01;2025-02-04;2025-02-04,False,True,False
AIT-2025-02-001,2025-02-19,2025-02-19,STX,Seagate Technology,True,False,2021-01-04,2026-04-30,True,,True,True,True
AIT-2025-02-001,2025-02-19,2025-02-19,SHOP,Shopify,True,False,2021-01-04,2026-04-30,True,,True,True,True
AIT-2025-02-001,2025-02-19,2025-02-19,MSTR,MicroStrategy,True,False,2021-01-04,2026-04-30,True,,True,True,True
AIT-2025-02-001,2025-02-19,2025-02-19,SNPS,Synopsys,True,False,2021-01-04,2026-04-30,True,,True,True,True
AIT-2025-02-001,2025-02-19,2025-02-19,TXN,Texas Instruments,True,True,2021-01-04,2026-04-30,True,,True,True,True
AIT-2025-02-001,2025-02-19,2025-02-19,TRI,Thomson Reuters,True,False,2021-01-04,2026-04-30,True,,True,True,True
AIT-2025-02-001,2025-02-19,2025-02-19,WDC,Western Digital,True,False,2021-01-04,2026-04-30,True,,True,True,True
AIT-2025-02-001,2025-02-19,2025-02-19,WDAY,"Workday, Inc.",True,False,2021-01-04,2026-04-30,True,,True,True,True
AIT-2025-02-001,2025-02-19,2025-02-19,ZS,"Zscaler, Inc.",True,False,2021-01-04,2026-04-30,True,,True,True,True
AIT-2025-02-002,2025-02-24,2025-02-24,ADBE,Adobe Inc.,True,False,2021-01-04,2026-04-30,True,,True,True,True
AIT-2025-02-002,2025-02-24,2025-02-24,AMD,Advanced Micro Devices,True,True,2021-01-04,2026-04-30,True,,True,True,True
AIT-2025-02-002,2025-02-24,2025-02-24,GOOGL,Alphabet Inc. (Class A),True,False,2021-01-04,2026-04-30,True,,True,True,True
AIT-2025-02-002,2025-02-24,2025-02-24,GOOG,Alphabet Inc. (Class C),True,False,2021-01-04,2026-04-30,True,,True,True,True
AIT-2025-02-002,2025-02-24,2025-02-24,ADI,Analog Devices,True,True,2021-01-04,2026-04-30,True,,True,True,True
AIT-2025-02-002,2025-02-24,2025-02-24,AAPL,Apple Inc.,True,False,2021-01-04,2026-04-30,True,,True,True,True
AIT-2025-02-002,2025-02-24,2025-02-24,AMAT,Applied Materials,True,True,2021-01-04,2026-04-30,True,,True,True,True
AIT-2025-02-002,2025-02-24,2025-02-24,APP,AppLovin,True,False,2021-04-15,2026-04-30,True,,True,True,True
AIT-2025-02-002,2025-02-24,2025-02-24,ARM,Arm Holdings,True,False,2023-09-14,2026-04-30,True,,True,True,True
AIT-2025-02-002,2025-02-24,2025-02-24,ASML,ASML Holding,True,True,2021-01-04,2026-04-30,True,,True,True,True
AIT-2025-02-002,2025-02-24,2025-02-24,ADSK,Autodesk,True,False,2021-01-04,2026-04-30,True,,True,True,True
AIT-2025-02-002,2025-02-24,2025-02-24,AVGO,Broadcom,True,True,2021-01-04,2026-04-30,True,,True,True,True
AIT-2025-02-002,2025-02-24,2025-02-24,CDNS,Cadence Design Systems,True,False,2021-01-04,2026-04-30,True,,True,True,True
AIT-2025-02-002,2025-02-24,2025-02-24,CTSH,Cognizant Technology Solutions Corporation,True,False,2021-01-04,2026-04-30,True,,True,True,True
AIT-2025-02-002,2025-02-24,2025-02-24,CRWD,CrowdStrike,True,False,2021-01-04,2026-04-30,True,,True,True,True
AIT-2025-02-002,2025-02-24,2025-02-24,DDOG,Datadog,True,False,2021-01-04,2026-04-30,True,,True,True,True
AIT-2025-02-002,2025-02-24,2025-02-24,DASH,DoorDash,True,False,2021-01-04,2026-04-30,True,,True,True,True
AIT-2025-02-002,2025-02-24,2025-02-24,FTNT,Fortinet,True,False,2021-01-04,2026-04-30,True,,True,True,True
AIT-2025-02-002,2025-02-24,2025-02-24,INTC,Intel,True,True,2021-01-04,2026-04-30,True,,True,True,True
AIT-2025-02-002,2025-02-24,2025-02-24,INTU,Intuit,True,False,2021-01-04,2026-04-30,True,,True,True,True
AIT-2025-02-002,2025-02-24,2025-02-24,KLAC,KLA Corporation,True,True,2021-01-04,2026-04-30,True,,True,True,True
AIT-2025-02-002,2025-02-24,2025-02-24,LRCX,Lam Research,True,True,2021-01-04,2026-04-30,True,,True,True,True
AIT-2025-02-002,2025-02-24,2025-02-24,MRVL,Marvell Technology,True,True,2021-01-04,2026-04-30,True,,True,True,True
AIT-2025-02-002,2025-02-24,2025-02-24,META,Meta Platforms,True,False,2021-01-04,2026-04-30,True,,True,True,True
AIT-2025-02-002,2025-02-24,2025-02-24,MCHP,Microchip Technology,True,True,2021-01-04,2026-04-30,True,,True,True,True
AIT-2025-02-002,2025-02-24,2025-02-24,MU,Micron Technology,True,True,2021-01-04,2026-04-30,True,,True,True,True
AIT-2025-02-002,2025-02-24,2025-02-24,MSFT,Microsoft,True,False,2021-01-04,2026-04-30,True,,True,True,True
AIT-2025-02-002,2025-02-24,2025-02-24,MPWR,Monolithic Power Systems,True,True,2021-01-04,2026-04-30,True,,True,True,True
AIT-2025-02-002,2025-02-24,2025-02-24,NVDA,Nvidia,True,True,2021-01-04,2026-04-30,True,,True,True,True
AIT-2025-02-002,2025-02-24,2025-02-24,NXPI,NXP Semiconductors,True,True,2021-01-04,2026-04-30,True,,True,True,True
AIT-2025-02-002,2025-02-24,2025-02-24,PLTR,Palantir Technologies,True,False,2021-01-04,2026-04-30,True,,True,True,True
AIT-2025-02-002,2025-02-24,2025-02-24,PANW,Palo Alto Networks,True,False,2021-01-04,2026-04-30,True,,True,True,True
AIT-2025-02-002,2025-02-24,2025-02-24,PDD,PDD Holdings,True,False,2021-01-04,2026-04-30,True,,True,True,True
AIT-2025-02-002,2025-02-24,2025-02-24,QCOM,Qualcomm,True,True,2021-01-04,2026-04-30,True,,True,True,True
AIT-2025-02-002,2025-02-24,2025-02-24,ROP,Roper Technologies,True,False,2021-01-04,2026-04-30,True,,True,True,True
AIT-2025-02-002,2025-02-24,2025-02-24,SNDK,Sandisk,True,False,2025-02-13,2026-04-30,False,2024-05-03;2024-05-06;2025-02-07;2025-02-07,False,True,False
AIT-2025-02-002,2025-02-24,2025-02-24,STX,Seagate Technology,True,False,2021-01-04,2026-04-30,True,,True,True,True
AIT-2025-02-002,2025-02-24,2025-02-24,SHOP,Shopify,True,False,2021-01-04,2026-04-30,True,,True,True,True
AIT-2025-02-002,2025-02-24,2025-02-24,MSTR,MicroStrategy,True,False,2021-01-04,2026-04-30,True,,True,True,True
AIT-2025-02-002,2025-02-24,2025-02-24,SNPS,Synopsys,True,False,2021-01-04,2026-04-30,True,,True,True,True
AIT-2025-02-002,2025-02-24,2025-02-24,TXN,Texas Instruments,True,True,2021-01-04,2026-04-30,True,,True,True,True
AIT-2025-02-002,2025-02-24,2025-02-24,TRI,Thomson Reuters,True,False,2021-01-04,2026-04-30,True,,True,True,True
AIT-2025-02-002,2025-02-24,2025-02-24,WDC,Western Digital,True,False,2021-01-04,2026-04-30,True,,True,True,True
AIT-2025-02-002,2025-02-24,2025-02-24,WDAY,"Workday, Inc.",True,False,2021-01-04,2026-04-30,True,,True,True,True
AIT-2025-02-002,2025-02-24,2025-02-24,ZS,"Zscaler, Inc.",True,False,2021-01-04,2026-04-30,True,,True,True,True
AIT-2025-02-004,2025-02-05,2025-02-05,ADBE,Adobe Inc.,True,False,2021-01-04,2026-04-30,True,,True,True,True
AIT-2025-02-004,2025-02-05,2025-02-05,AMD,Advanced Micro Devices,True,True,2021-01-04,2026-04-30,True,,True,True,True
AIT-2025-02-004,2025-02-05,2025-02-05,GOOGL,Alphabet Inc. (Class A),True,False,2021-01-04,2026-04-30,True,,True,True,True
AIT-2025-02-004,2025-02-05,2025-02-05,GOOG,Alphabet Inc. (Class C),True,False,2021-01-04,2026-04-30,True,,True,True,True
AIT-2025-02-004,2025-02-05,2025-02-05,ADI,Analog Devices,True,True,2021-01-04,2026-04-30,True,,True,True,True
AIT-2025-02-004,2025-02-05,2025-02-05,AAPL,Apple Inc.,True,False,2021-01-04,2026-04-30,True,,True,True,True
AIT-2025-02-004,2025-02-05,2025-02-05,AMAT,Applied Materials,True,True,2021-01-04,2026-04-30,True,,True,True,True
AIT-2025-02-004,2025-02-05,2025-02-05,APP,AppLovin,True,False,2021-04-15,2026-04-30,True,,True,True,True
AIT-2025-02-004,2025-02-05,2025-02-05,ARM,Arm Holdings,True,False,2023-09-14,2026-04-30,True,,True,True,True
AIT-2025-02-004,2025-02-05,2025-02-05,ASML,ASML Holding,True,True,2021-01-04,2026-04-30,True,,True,True,True
AIT-2025-02-004,2025-02-05,2025-02-05,ADSK,Autodesk,True,False,2021-01-04,2026-04-30,True,,True,True,True
AIT-2025-02-004,2025-02-05,2025-02-05,AVGO,Broadcom,True,True,2021-01-04,2026-04-30,True,,True,True,True
AIT-2025-02-004,2025-02-05,2025-02-05,CDNS,Cadence Design Systems,True,False,2021-01-04,2026-04-30,True,,True,True,True
AIT-2025-02-004,2025-02-05,2025-02-05,CTSH,Cognizant Technology Solutions Corporation,True,False,2021-01-04,2026-04-30,True,,True,True,True
AIT-2025-02-004,2025-02-05,2025-02-05,CRWD,CrowdStrike,True,False,2021-01-04,2026-04-30,True,,True,True,True
AIT-2025-02-004,2025-02-05,2025-02-05,DDOG,Datadog,True,False,2021-01-04,2026-04-30,True,,True,True,True
AIT-2025-02-004,2025-02-05,2025-02-05,DASH,DoorDash,True,False,2021-01-04,2026-04-30,True,,True,True,True
AIT-2025-02-004,2025-02-05,2025-02-05,FTNT,Fortinet,True,False,2021-01-04,2026-04-30,True,,True,True,True
AIT-2025-02-004,2025-02-05,2025-02-05,INTC,Intel,True,True,2021-01-04,2026-04-30,True,,True,True,True
AIT-2025-02-004,2025-02-05,2025-02-05,INTU,Intuit,True,False,2021-01-04,2026-04-30,True,,True,True,True
AIT-2025-02-004,2025-02-05,2025-02-05,KLAC,KLA Corporation,True,True,2021-01-04,2026-04-30,True,,True,True,True
AIT-2025-02-004,2025-02-05,2025-02-05,LRCX,Lam Research,True,True,2021-01-04,2026-04-30,True,,True,True,True
AIT-2025-02-004,2025-02-05,2025-02-05,MRVL,Marvell Technology,True,True,2021-01-04,2026-04-30,True,,True,True,True
AIT-2025-02-004,2025-02-05,2025-02-05,META,Meta Platforms,True,False,2021-01-04,2026-04-30,True,,True,True,True
AIT-2025-02-004,2025-02-05,2025-02-05,MCHP,Microchip Technology,True,True,2021-01-04,2026-04-30,True,,True,True,True
AIT-2025-02-004,2025-02-05,2025-02-05,MU,Micron Technology,True,True,2021-01-04,2026-04-30,True,,True,True,True
AIT-2025-02-004,2025-02-05,2025-02-05,MSFT,Microsoft,True,False,2021-01-04,2026-04-30,True,,True,True,True
AIT-2025-02-004,2025-02-05,2025-02-05,MPWR,Monolithic Power Systems,True,True,2021-01-04,2026-04-30,True,,True,True,True
AIT-2025-02-004,2025-02-05,2025-02-05,NVDA,Nvidia,True,True,2021-01-04,2026-04-30,True,,True,True,True
AIT-2025-02-004,2025-02-05,2025-02-05,NXPI,NXP Semiconductors,True,True,2021-01-04,2026-04-30,True,,True,True,True
AIT-2025-02-004,2025-02-05,2025-02-05,PLTR,Palantir Technologies,True,False,2021-01-04,2026-04-30,True,,True,True,True
AIT-2025-02-004,2025-02-05,2025-02-05,PANW,Palo Alto Networks,True,False,2021-01-04,2026-04-30,True,,True,True,True
AIT-2025-02-004,2025-02-05,2025-02-05,PDD,PDD Holdings,True,False,2021-01-04,2026-04-30,True,,True,True,True
AIT-2025-02-004,2025-02-05,2025-02-05,QCOM,Qualcomm,True,True,2021-01-04,2026-04-30,True,,True,True,True
AIT-2025-02-004,2025-02-05,2025-02-05,ROP,Roper Technologies,True,False,2021-01-04,2026-04-30,True,,True,True,True
AIT-2025-02-004,2025-02-05,2025-02-05,SNDK,Sandisk,True,False,2025-02-13,2026-04-30,False,2024-04-17;2024-04-18;2025-01-22;2025-01-22;2025-02-03;2025-02-05,False,False,False
AIT-2025-02-004,2025-02-05,2025-02-05,STX,Seagate Technology,True,False,2021-01-04,2026-04-30,True,,True,True,True
AIT-2025-02-004,2025-02-05,2025-02-05,SHOP,Shopify,True,False,2021-01-04,2026-04-30,True,,True,True,True
AIT-2025-02-004,2025-02-05,2025-02-05,MSTR,MicroStrategy,True,False,2021-01-04,2026-04-30,True,,True,True,True
AIT-2025-02-004,2025-02-05,2025-02-05,SNPS,Synopsys,True,False,2021-01-04,2026-04-30,True,,True,True,True
AIT-2025-02-004,2025-02-05,2025-02-05,TXN,Texas Instruments,True,True,2021-01-04,2026-04-30,True,,True,True,True
AIT-2025-02-004,2025-02-05,2025-02-05,TRI,Thomson Reuters,True,False,2021-01-04,2026-04-30,True,,True,True,True
AIT-2025-02-004,2025-02-05,2025-02-05,WDC,Western Digital,True,False,2021-01-04,2026-04-30,True,,True,True,True
AIT-2025-02-004,2025-02-05,2025-02-05,WDAY,"Workday, Inc.",True,False,2021-01-04,2026-04-30,True,,True,True,True
AIT-2025-02-004,2025-02-05,2025-02-05,ZS,"Zscaler, Inc.",True,False,2021-01-04,2026-04-30,True,,True,True,True
AIT-2025-02-006,2025-02-26,2025-02-26,ADBE,Adobe Inc.,True,False,2021-01-04,2026-04-30,True,,True,True,True
AIT-2025-02-006,2025-02-26,2025-02-26,AMD,Advanced Micro Devices,True,True,2021-01-04,2026-04-30,True,,True,True,True
AIT-2025-02-006,2025-02-26,2025-02-26,GOOGL,Alphabet Inc. (Class A),True,False,2021-01-04,2026-04-30,True,,True,True,True
AIT-2025-02-006,2025-02-26,2025-02-26,GOOG,Alphabet Inc. (Class C),True,False,2021-01-04,2026-04-30,True,,True,True,True
AIT-2025-02-006,2025-02-26,2025-02-26,ADI,Analog Devices,True,True,2021-01-04,2026-04-30,True,,True,True,True
AIT-2025-02-006,2025-02-26,2025-02-26,AAPL,Apple Inc.,True,False,2021-01-04,2026-04-30,True,,True,True,True
AIT-2025-02-006,2025-02-26,2025-02-26,AMAT,Applied Materials,True,True,2021-01-04,2026-04-30,True,,True,True,True
AIT-2025-02-006,2025-02-26,2025-02-26,APP,AppLovin,True,False,2021-04-15,2026-04-30,True,,True,True,True
AIT-2025-02-006,2025-02-26,2025-02-26,ARM,Arm Holdings,True,False,2023-09-14,2026-04-30,True,,True,True,True
AIT-2025-02-006,2025-02-26,2025-02-26,ASML,ASML Holding,True,True,2021-01-04,2026-04-30,True,,True,True,True
AIT-2025-02-006,2025-02-26,2025-02-26,ADSK,Autodesk,True,False,2021-01-04,2026-04-30,True,,True,True,True
AIT-2025-02-006,2025-02-26,2025-02-26,AVGO,Broadcom,True,True,2021-01-04,2026-04-30,True,,True,True,True
AIT-2025-02-006,2025-02-26,2025-02-26,CDNS,Cadence Design Systems,True,False,2021-01-04,2026-04-30,True,,True,True,True
AIT-2025-02-006,2025-02-26,2025-02-26,CTSH,Cognizant Technology Solutions Corporation,True,False,2021-01-04,2026-04-30,True,,True,True,True
AIT-2025-02-006,2025-02-26,2025-02-26,CRWD,CrowdStrike,True,False,2021-01-04,2026-04-30,True,,True,True,True
AIT-2025-02-006,2025-02-26,2025-02-26,DDOG,Datadog,True,False,2021-01-04,2026-04-30,True,,True,True,True
AIT-2025-02-006,2025-02-26,2025-02-26,DASH,DoorDash,True,False,2021-01-04,2026-04-30,True,,True,True,True
AIT-2025-02-006,2025-02-26,2025-02-26,FTNT,Fortinet,True,False,2021-01-04,2026-04-30,True,,True,True,True
AIT-2025-02-006,2025-02-26,2025-02-26,INTC,Intel,True,True,2021-01-04,2026-04-30,True,,True,True,True
AIT-2025-02-006,2025-02-26,2025-02-26,INTU,Intuit,True,False,2021-01-04,2026-04-30,True,,True,True,True
AIT-2025-02-006,2025-02-26,2025-02-26,KLAC,KLA Corporation,True,True,2021-01-04,2026-04-30,True,,True,True,True
AIT-2025-02-006,2025-02-26,2025-02-26,LRCX,Lam Research,True,True,2021-01-04,2026-04-30,True,,True,True,True
AIT-2025-02-006,2025-02-26,2025-02-26,MRVL,Marvell Technology,True,True,2021-01-04,2026-04-30,True,,True,True,True
AIT-2025-02-006,2025-02-26,2025-02-26,META,Meta Platforms,True,False,2021-01-04,2026-04-30,True,,True,True,True
AIT-2025-02-006,2025-02-26,2025-02-26,MCHP,Microchip Technology,True,True,2021-01-04,2026-04-30,True,,True,True,True
AIT-2025-02-006,2025-02-26,2025-02-26,MU,Micron Technology,True,True,2021-01-04,2026-04-30,True,,True,True,True
AIT-2025-02-006,2025-02-26,2025-02-26,MSFT,Microsoft,True,False,2021-01-04,2026-04-30,True,,True,True,True
AIT-2025-02-006,2025-02-26,2025-02-26,MPWR,Monolithic Power Systems,True,True,2021-01-04,2026-04-30,True,,True,True,True
AIT-2025-02-006,2025-02-26,2025-02-26,NVDA,Nvidia,True,True,2021-01-04,2026-04-30,True,,True,True,True
AIT-2025-02-006,2025-02-26,2025-02-26,NXPI,NXP Semiconductors,True,True,2021-01-04,2026-04-30,True,,True,True,True
AIT-2025-02-006,2025-02-26,2025-02-26,PLTR,Palantir Technologies,True,False,2021-01-04,2026-04-30,True,,True,True,True
AIT-2025-02-006,2025-02-26,2025-02-26,PANW,Palo Alto Networks,True,False,2021-01-04,2026-04-30,True,,True,True,True
AIT-2025-02-006,2025-02-26,2025-02-26,PDD,PDD Holdings,True,False,2021-01-04,2026-04-30,True,,True,True,True
AIT-2025-02-006,2025-02-26,2025-02-26,QCOM,Qualcomm,True,True,2021-01-04,2026-04-30,True,,True,True,True
AIT-2025-02-006,2025-02-26,2025-02-26,ROP,Roper Technologies,True,False,2021-01-04,2026-04-30,True,,True,True,True
AIT-2025-02-006,2025-02-26,2025-02-26,SNDK,Sandisk,True,False,2025-02-13,2026-04-30,False,2024-05-07;2024-05-08;2025-02-11;2025-02-11,False,True,False
AIT-2025-02-006,2025-02-26,2025-02-26,STX,Seagate Technology,True,False,2021-01-04,2026-04-30,True,,True,True,True
AIT-2025-02-006,2025-02-26,2025-02-26,SHOP,Shopify,True,False,2021-01-04,2026-04-30,True,,True,True,True
AIT-2025-02-006,2025-02-26,2025-02-26,MSTR,MicroStrategy,True,False,2021-01-04,2026-04-30,True,,True,True,True
AIT-2025-02-006,2025-02-26,2025-02-26,SNPS,Synopsys,True,False,2021-01-04,2026-04-30,True,,True,True,True
AIT-2025-02-006,2025-02-26,2025-02-26,TXN,Texas Instruments,True,True,2021-01-04,2026-04-30,True,,True,True,True
AIT-2025-02-006,2025-02-26,2025-02-26,TRI,Thomson Reuters,True,False,2021-01-04,2026-04-30,True,,True,True,True
AIT-2025-02-006,2025-02-26,2025-02-26,WDC,Western Digital,True,False,2021-01-04,2026-04-30,True,,True,True,True
AIT-2025-02-006,2025-02-26,2025-02-26,WDAY,"Workday, Inc.",True,False,2021-01-04,2026-04-30,True,,True,True,True
AIT-2025-02-006,2025-02-26,2025-02-26,ZS,"Zscaler, Inc.",True,False,2021-01-04,2026-04-30,True,,True,True,True
AIT-2025-02-007,2025-02-27,2025-02-27,ADBE,Adobe Inc.,True,False,2021-01-04,2026-04-30,True,,True,True,True
AIT-2025-02-007,2025-02-27,2025-02-27,AMD,Advanced Micro Devices,True,True,2021-01-04,2026-04-30,True,,True,True,True
AIT-2025-02-007,2025-02-27,2025-02-27,GOOGL,Alphabet Inc. (Class A),True,False,2021-01-04,2026-04-30,True,,True,True,True
AIT-2025-02-007,2025-02-27,2025-02-27,GOOG,Alphabet Inc. (Class C),True,False,2021-01-04,2026-04-30,True,,True,True,True
AIT-2025-02-007,2025-02-27,2025-02-27,ADI,Analog Devices,True,True,2021-01-04,2026-04-30,True,,True,True,True
AIT-2025-02-007,2025-02-27,2025-02-27,AAPL,Apple Inc.,True,False,2021-01-04,2026-04-30,True,,True,True,True
AIT-2025-02-007,2025-02-27,2025-02-27,AMAT,Applied Materials,True,True,2021-01-04,2026-04-30,True,,True,True,True
AIT-2025-02-007,2025-02-27,2025-02-27,APP,AppLovin,True,False,2021-04-15,2026-04-30,True,,True,True,True
AIT-2025-02-007,2025-02-27,2025-02-27,ARM,Arm Holdings,True,False,2023-09-14,2026-04-30,True,,True,True,True
AIT-2025-02-007,2025-02-27,2025-02-27,ASML,ASML Holding,True,True,2021-01-04,2026-04-30,True,,True,True,True
AIT-2025-02-007,2025-02-27,2025-02-27,ADSK,Autodesk,True,False,2021-01-04,2026-04-30,True,,True,True,True
AIT-2025-02-007,2025-02-27,2025-02-27,AVGO,Broadcom,True,True,2021-01-04,2026-04-30,True,,True,True,True
AIT-2025-02-007,2025-02-27,2025-02-27,CDNS,Cadence Design Systems,True,False,2021-01-04,2026-04-30,True,,True,True,True
AIT-2025-02-007,2025-02-27,2025-02-27,CTSH,Cognizant Technology Solutions Corporation,True,False,2021-01-04,2026-04-30,True,,True,True,True
AIT-2025-02-007,2025-02-27,2025-02-27,CRWD,CrowdStrike,True,False,2021-01-04,2026-04-30,True,,True,True,True
AIT-2025-02-007,2025-02-27,2025-02-27,DDOG,Datadog,True,False,2021-01-04,2026-04-30,True,,True,True,True
AIT-2025-02-007,2025-02-27,2025-02-27,DASH,DoorDash,True,False,2021-01-04,2026-04-30,True,,True,True,True
AIT-2025-02-007,2025-02-27,2025-02-27,FTNT,Fortinet,True,False,2021-01-04,2026-04-30,True,,True,True,True
AIT-2025-02-007,2025-02-27,2025-02-27,INTC,Intel,True,True,2021-01-04,2026-04-30,True,,True,True,True
AIT-2025-02-007,2025-02-27,2025-02-27,INTU,Intuit,True,False,2021-01-04,2026-04-30,True,,True,True,True
AIT-2025-02-007,2025-02-27,2025-02-27,KLAC,KLA Corporation,True,True,2021-01-04,2026-04-30,True,,True,True,True
AIT-2025-02-007,2025-02-27,2025-02-27,LRCX,Lam Research,True,True,2021-01-04,2026-04-30,True,,True,True,True
AIT-2025-02-007,2025-02-27,2025-02-27,MRVL,Marvell Technology,True,True,2021-01-04,2026-04-30,True,,True,True,True
AIT-2025-02-007,2025-02-27,2025-02-27,META,Meta Platforms,True,False,2021-01-04,2026-04-30,True,,True,True,True
AIT-2025-02-007,2025-02-27,2025-02-27,MCHP,Microchip Technology,True,True,2021-01-04,2026-04-30,True,,True,True,True
AIT-2025-02-007,2025-02-27,2025-02-27,MU,Micron Technology,True,True,2021-01-04,2026-04-30,True,,True,True,True
AIT-2025-02-007,2025-02-27,2025-02-27,MSFT,Microsoft,True,False,2021-01-04,2026-04-30,True,,True,True,True
AIT-2025-02-007,2025-02-27,2025-02-27,MPWR,Monolithic Power Systems,True,True,2021-01-04,2026-04-30,True,,True,True,True
AIT-2025-02-007,2025-02-27,2025-02-27,NVDA,Nvidia,True,True,2021-01-04,2026-04-30,True,,True,True,True
AIT-2025-02-007,2025-02-27,2025-02-27,NXPI,NXP Semiconductors,True,True,2021-01-04,2026-04-30,True,,True,True,True
AIT-2025-02-007,2025-02-27,2025-02-27,PLTR,Palantir Technologies,True,False,2021-01-04,2026-04-30,True,,True,True,True
AIT-2025-02-007,2025-02-27,2025-02-27,PANW,Palo Alto Networks,True,False,2021-01-04,2026-04-30,True,,True,True,True
AIT-2025-02-007,2025-02-27,2025-02-27,PDD,PDD Holdings,True,False,2021-01-04,2026-04-30,True,,True,True,True
AIT-2025-02-007,2025-02-27,2025-02-27,QCOM,Qualcomm,True,True,2021-01-04,2026-04-30,True,,True,True,True
AIT-2025-02-007,2025-02-27,2025-02-27,ROP,Roper Technologies,True,False,2021-01-04,2026-04-30,True,,True,True,True
AIT-2025-02-007,2025-02-27,2025-02-27,SNDK,Sandisk,True,False,2025-02-13,2026-04-30,False,2024-05-08;2024-05-09;2025-02-12;2025-02-12,False,True,False
AIT-2025-02-007,2025-02-27,2025-02-27,STX,Seagate Technology,True,False,2021-01-04,2026-04-30,True,,True,True,True
AIT-2025-02-007,2025-02-27,2025-02-27,SHOP,Shopify,True,False,2021-01-04,2026-04-30,True,,True,True,True
AIT-2025-02-007,2025-02-27,2025-02-27,MSTR,MicroStrategy,True,False,2021-01-04,2026-04-30,True,,True,True,True
AIT-2025-02-007,2025-02-27,2025-02-27,SNPS,Synopsys,True,False,2021-01-04,2026-04-30,True,,True,True,True
AIT-2025-02-007,2025-02-27,2025-02-27,TXN,Texas Instruments,True,True,2021-01-04,2026-04-30,True,,True,True,True
AIT-2025-02-007,2025-02-27,2025-02-27,TRI,Thomson Reuters,True,False,2021-01-04,2026-04-30,True,,True,True,True
AIT-2025-02-007,2025-02-27,2025-02-27,WDC,Western Digital,True,False,2021-01-04,2026-04-30,True,,True,True,True
AIT-2025-02-007,2025-02-27,2025-02-27,WDAY,"Workday, Inc.",True,False,2021-01-04,2026-04-30,True,,True,True,True
AIT-2025-02-007,2025-02-27,2025-02-27,ZS,"Zscaler, Inc.",True,False,2021-01-04,2026-04-30,True,,True,True,True
AIT-2025-03-001,2025-03-25,2025-03-25,ADBE,Adobe Inc.,True,False,2021-01-04,2026-04-30,True,,True,True,True
AIT-2025-03-001,2025-03-25,2025-03-25,AMD,Advanced Micro Devices,True,True,2021-01-04,2026-04-30,True,,True,True,True
AIT-2025-03-001,2025-03-25,2025-03-25,GOOGL,Alphabet Inc. (Class A),True,False,2021-01-04,2026-04-30,True,,True,True,True
AIT-2025-03-001,2025-03-25,2025-03-25,GOOG,Alphabet Inc. (Class C),True,False,2021-01-04,2026-04-30,True,,True,True,True
AIT-2025-03-001,2025-03-25,2025-03-25,ADI,Analog Devices,True,True,2021-01-04,2026-04-30,True,,True,True,True
AIT-2025-03-001,2025-03-25,2025-03-25,AAPL,Apple Inc.,True,False,2021-01-04,2026-04-30,True,,True,True,True
AIT-2025-03-001,2025-03-25,2025-03-25,AMAT,Applied Materials,True,True,2021-01-04,2026-04-30,True,,True,True,True
AIT-2025-03-001,2025-03-25,2025-03-25,APP,AppLovin,True,False,2021-04-15,2026-04-30,True,,True,True,True
AIT-2025-03-001,2025-03-25,2025-03-25,ARM,Arm Holdings,True,False,2023-09-14,2026-04-30,True,,True,True,True
AIT-2025-03-001,2025-03-25,2025-03-25,ASML,ASML Holding,True,True,2021-01-04,2026-04-30,True,,True,True,True
AIT-2025-03-001,2025-03-25,2025-03-25,ADSK,Autodesk,True,False,2021-01-04,2026-04-30,True,,True,True,True
AIT-2025-03-001,2025-03-25,2025-03-25,AVGO,Broadcom,True,True,2021-01-04,2026-04-30,True,,True,True,True
AIT-2025-03-001,2025-03-25,2025-03-25,CDNS,Cadence Design Systems,True,False,2021-01-04,2026-04-30,True,,True,True,True
AIT-2025-03-001,2025-03-25,2025-03-25,CTSH,Cognizant Technology Solutions Corporation,True,False,2021-01-04,2026-04-30,True,,True,True,True
AIT-2025-03-001,2025-03-25,2025-03-25,CRWD,CrowdStrike,True,False,2021-01-04,2026-04-30,True,,True,True,True
AIT-2025-03-001,2025-03-25,2025-03-25,DDOG,Datadog,True,False,2021-01-04,2026-04-30,True,,True,True,True
AIT-2025-03-001,2025-03-25,2025-03-25,DASH,DoorDash,True,False,2021-01-04,2026-04-30,True,,True,True,True
AIT-2025-03-001,2025-03-25,2025-03-25,FTNT,Fortinet,True,False,2021-01-04,2026-04-30,True,,True,True,True
AIT-2025-03-001,2025-03-25,2025-03-25,INTC,Intel,True,True,2021-01-04,2026-04-30,True,,True,True,True
AIT-2025-03-001,2025-03-25,2025-03-25,INTU,Intuit,True,False,2021-01-04,2026-04-30,True,,True,True,True
AIT-2025-03-001,2025-03-25,2025-03-25,KLAC,KLA Corporation,True,True,2021-01-04,2026-04-30,True,,True,True,True
AIT-2025-03-001,2025-03-25,2025-03-25,LRCX,Lam Research,True,True,2021-01-04,2026-04-30,True,,True,True,True
AIT-2025-03-001,2025-03-25,2025-03-25,MRVL,Marvell Technology,True,True,2021-01-04,2026-04-30,True,,True,True,True
AIT-2025-03-001,2025-03-25,2025-03-25,META,Meta Platforms,True,False,2021-01-04,2026-04-30,True,,True,True,True
AIT-2025-03-001,2025-03-25,2025-03-25,MCHP,Microchip Technology,True,True,2021-01-04,2026-04-30,True,,True,True,True
AIT-2025-03-001,2025-03-25,2025-03-25,MU,Micron Technology,True,True,2021-01-04,2026-04-30,True,,True,True,True
AIT-2025-03-001,2025-03-25,2025-03-25,MSFT,Microsoft,True,False,2021-01-04,2026-04-30,True,,True,True,True
AIT-2025-03-001,2025-03-25,2025-03-25,MPWR,Monolithic Power Systems,True,True,2021-01-04,2026-04-30,True,,True,True,True
AIT-2025-03-001,2025-03-25,2025-03-25,NVDA,Nvidia,True,True,2021-01-04,2026-04-30,True,,True,True,True
AIT-2025-03-001,2025-03-25,2025-03-25,NXPI,NXP Semiconductors,True,True,2021-01-04,2026-04-30,True,,True,True,True
AIT-2025-03-001,2025-03-25,2025-03-25,PLTR,Palantir Technologies,True,False,2021-01-04,2026-04-30,True,,True,True,True
AIT-2025-03-001,2025-03-25,2025-03-25,PANW,Palo Alto Networks,True,False,2021-01-04,2026-04-30,True,,True,True,True
AIT-2025-03-001,2025-03-25,2025-03-25,PDD,PDD Holdings,True,False,2021-01-04,2026-04-30,True,,True,True,True
AIT-2025-03-001,2025-03-25,2025-03-25,QCOM,Qualcomm,True,True,2021-01-04,2026-04-30,True,,True,True,True
AIT-2025-03-001,2025-03-25,2025-03-25,ROP,Roper Technologies,True,False,2021-01-04,2026-04-30,True,,True,True,True
AIT-2025-03-001,2025-03-25,2025-03-25,SNDK,Sandisk,True,False,2025-02-13,2026-04-30,False,2024-06-04;2024-06-05,False,True,False
AIT-2025-03-001,2025-03-25,2025-03-25,STX,Seagate Technology,True,False,2021-01-04,2026-04-30,True,,True,True,True
AIT-2025-03-001,2025-03-25,2025-03-25,SHOP,Shopify,True,False,2021-01-04,2026-04-30,True,,True,True,True
AIT-2025-03-001,2025-03-25,2025-03-25,MSTR,MicroStrategy,True,False,2021-01-04,2026-04-30,True,,True,True,True
AIT-2025-03-001,2025-03-25,2025-03-25,SNPS,Synopsys,True,False,2021-01-04,2026-04-30,True,,True,True,True
AIT-2025-03-001,2025-03-25,2025-03-25,TXN,Texas Instruments,True,True,2021-01-04,2026-04-30,True,,True,True,True
AIT-2025-03-001,2025-03-25,2025-03-25,TRI,Thomson Reuters,True,False,2021-01-04,2026-04-30,True,,True,True,True
AIT-2025-03-001,2025-03-25,2025-03-25,WDC,Western Digital,True,False,2021-01-04,2026-04-30,True,,True,True,True
AIT-2025-03-001,2025-03-25,2025-03-25,WDAY,"Workday, Inc.",True,False,2021-01-04,2026-04-30,True,,True,True,True
AIT-2025-03-001,2025-03-25,2025-03-25,ZS,"Zscaler, Inc.",True,False,2021-01-04,2026-04-30,True,,True,True,True
AIT-2025-03-003,2025-03-25,2025-03-25,ADBE,Adobe Inc.,True,False,2021-01-04,2026-04-30,True,,True,True,True
AIT-2025-03-003,2025-03-25,2025-03-25,AMD,Advanced Micro Devices,True,True,2021-01-04,2026-04-30,True,,True,True,True
AIT-2025-03-003,2025-03-25,2025-03-25,GOOGL,Alphabet Inc. (Class A),True,False,2021-01-04,2026-04-30,True,,True,True,True
AIT-2025-03-003,2025-03-25,2025-03-25,GOOG,Alphabet Inc. (Class C),True,False,2021-01-04,2026-04-30,True,,True,True,True
AIT-2025-03-003,2025-03-25,2025-03-25,ADI,Analog Devices,True,True,2021-01-04,2026-04-30,True,,True,True,True
AIT-2025-03-003,2025-03-25,2025-03-25,AAPL,Apple Inc.,True,False,2021-01-04,2026-04-30,True,,True,True,True
AIT-2025-03-003,2025-03-25,2025-03-25,AMAT,Applied Materials,True,True,2021-01-04,2026-04-30,True,,True,True,True
AIT-2025-03-003,2025-03-25,2025-03-25,APP,AppLovin,True,False,2021-04-15,2026-04-30,True,,True,True,True
AIT-2025-03-003,2025-03-25,2025-03-25,ARM,Arm Holdings,True,False,2023-09-14,2026-04-30,True,,True,True,True
AIT-2025-03-003,2025-03-25,2025-03-25,ASML,ASML Holding,True,True,2021-01-04,2026-04-30,True,,True,True,True
AIT-2025-03-003,2025-03-25,2025-03-25,ADSK,Autodesk,True,False,2021-01-04,2026-04-30,True,,True,True,True
AIT-2025-03-003,2025-03-25,2025-03-25,AVGO,Broadcom,True,True,2021-01-04,2026-04-30,True,,True,True,True
AIT-2025-03-003,2025-03-25,2025-03-25,CDNS,Cadence Design Systems,True,False,2021-01-04,2026-04-30,True,,True,True,True
AIT-2025-03-003,2025-03-25,2025-03-25,CTSH,Cognizant Technology Solutions Corporation,True,False,2021-01-04,2026-04-30,True,,True,True,True
AIT-2025-03-003,2025-03-25,2025-03-25,CRWD,CrowdStrike,True,False,2021-01-04,2026-04-30,True,,True,True,True
AIT-2025-03-003,2025-03-25,2025-03-25,DDOG,Datadog,True,False,2021-01-04,2026-04-30,True,,True,True,True
AIT-2025-03-003,2025-03-25,2025-03-25,DASH,DoorDash,True,False,2021-01-04,2026-04-30,True,,True,True,True
AIT-2025-03-003,2025-03-25,2025-03-25,FTNT,Fortinet,True,False,2021-01-04,2026-04-30,True,,True,True,True
AIT-2025-03-003,2025-03-25,2025-03-25,INTC,Intel,True,True,2021-01-04,2026-04-30,True,,True,True,True
AIT-2025-03-003,2025-03-25,2025-03-25,INTU,Intuit,True,False,2021-01-04,2026-04-30,True,,True,True,True
AIT-2025-03-003,2025-03-25,2025-03-25,KLAC,KLA Corporation,True,True,2021-01-04,2026-04-30,True,,True,True,True
AIT-2025-03-003,2025-03-25,2025-03-25,LRCX,Lam Research,True,True,2021-01-04,2026-04-30,True,,True,True,True
AIT-2025-03-003,2025-03-25,2025-03-25,MRVL,Marvell Technology,True,True,2021-01-04,2026-04-30,True,,True,True,True
AIT-2025-03-003,2025-03-25,2025-03-25,META,Meta Platforms,True,False,2021-01-04,2026-04-30,True,,True,True,True
AIT-2025-03-003,2025-03-25,2025-03-25,MCHP,Microchip Technology,True,True,2021-01-04,2026-04-30,True,,True,True,True
AIT-2025-03-003,2025-03-25,2025-03-25,MU,Micron Technology,True,True,2021-01-04,2026-04-30,True,,True,True,True
AIT-2025-03-003,2025-03-25,2025-03-25,MSFT,Microsoft,True,False,2021-01-04,2026-04-30,True,,True,True,True
AIT-2025-03-003,2025-03-25,2025-03-25,MPWR,Monolithic Power Systems,True,True,2021-01-04,2026-04-30,True,,True,True,True
AIT-2025-03-003,2025-03-25,2025-03-25,NVDA,Nvidia,True,True,2021-01-04,2026-04-30,True,,True,True,True
AIT-2025-03-003,2025-03-25,2025-03-25,NXPI,NXP Semiconductors,True,True,2021-01-04,2026-04-30,True,,True,True,True
AIT-2025-03-003,2025-03-25,2025-03-25,PLTR,Palantir Technologies,True,False,2021-01-04,2026-04-30,True,,True,True,True
AIT-2025-03-003,2025-03-25,2025-03-25,PANW,Palo Alto Networks,True,False,2021-01-04,2026-04-30,True,,True,True,True
AIT-2025-03-003,2025-03-25,2025-03-25,PDD,PDD Holdings,True,False,2021-01-04,2026-04-30,True,,True,True,True
AIT-2025-03-003,2025-03-25,2025-03-25,QCOM,Qualcomm,True,True,2021-01-04,2026-04-30,True,,True,True,True
AIT-2025-03-003,2025-03-25,2025-03-25,ROP,Roper Technologies,True,False,2021-01-04,2026-04-30,True,,True,True,True
AIT-2025-03-003,2025-03-25,2025-03-25,SNDK,Sandisk,True,False,2025-02-13,2026-04-30,False,2024-06-04;2024-06-05,False,True,False
AIT-2025-03-003,2025-03-25,2025-03-25,STX,Seagate Technology,True,False,2021-01-04,2026-04-30,True,,True,True,True
AIT-2025-03-003,2025-03-25,2025-03-25,SHOP,Shopify,True,False,2021-01-04,2026-04-30,True,,True,True,True
AIT-2025-03-003,2025-03-25,2025-03-25,MSTR,MicroStrategy,True,False,2021-01-04,2026-04-30,True,,True,True,True
AIT-2025-03-003,2025-03-25,2025-03-25,SNPS,Synopsys,True,False,2021-01-04,2026-04-30,True,,True,True,True
AIT-2025-03-003,2025-03-25,2025-03-25,TXN,Texas Instruments,True,True,2021-01-04,2026-04-30,True,,True,True,True
AIT-2025-03-003,2025-03-25,2025-03-25,TRI,Thomson Reuters,True,False,2021-01-04,2026-04-30,True,,True,True,True
AIT-2025-03-003,2025-03-25,2025-03-25,WDC,Western Digital,True,False,2021-01-04,2026-04-30,True,,True,True,True
AIT-2025-03-003,2025-03-25,2025-03-25,WDAY,"Workday, Inc.",True,False,2021-01-04,2026-04-30,True,,True,True,True
AIT-2025-03-003,2025-03-25,2025-03-25,ZS,"Zscaler, Inc.",True,False,2021-01-04,2026-04-30,True,,True,True,True
AIT-2025-03-005,2025-03-06,2025-03-06,ADBE,Adobe Inc.,True,False,2021-01-04,2026-04-30,True,,True,True,True
AIT-2025-03-005,2025-03-06,2025-03-06,AMD,Advanced Micro Devices,True,True,2021-01-04,2026-04-30,True,,True,True,True
AIT-2025-03-005,2025-03-06,2025-03-06,GOOGL,Alphabet Inc. (Class A),True,False,2021-01-04,2026-04-30,True,,True,True,True
AIT-2025-03-005,2025-03-06,2025-03-06,GOOG,Alphabet Inc. (Class C),True,False,2021-01-04,2026-04-30,True,,True,True,True
AIT-2025-03-005,2025-03-06,2025-03-06,ADI,Analog Devices,True,True,2021-01-04,2026-04-30,True,,True,True,True
AIT-2025-03-005,2025-03-06,2025-03-06,AAPL,Apple Inc.,True,False,2021-01-04,2026-04-30,True,,True,True,True
AIT-2025-03-005,2025-03-06,2025-03-06,AMAT,Applied Materials,True,True,2021-01-04,2026-04-30,True,,True,True,True
AIT-2025-03-005,2025-03-06,2025-03-06,APP,AppLovin,True,False,2021-04-15,2026-04-30,True,,True,True,True
AIT-2025-03-005,2025-03-06,2025-03-06,ARM,Arm Holdings,True,False,2023-09-14,2026-04-30,True,,True,True,True
AIT-2025-03-005,2025-03-06,2025-03-06,ASML,ASML Holding,True,True,2021-01-04,2026-04-30,True,,True,True,True
AIT-2025-03-005,2025-03-06,2025-03-06,ADSK,Autodesk,True,False,2021-01-04,2026-04-30,True,,True,True,True
AIT-2025-03-005,2025-03-06,2025-03-06,AVGO,Broadcom,True,True,2021-01-04,2026-04-30,True,,True,True,True
AIT-2025-03-005,2025-03-06,2025-03-06,CDNS,Cadence Design Systems,True,False,2021-01-04,2026-04-30,True,,True,True,True
AIT-2025-03-005,2025-03-06,2025-03-06,CTSH,Cognizant Technology Solutions Corporation,True,False,2021-01-04,2026-04-30,True,,True,True,True
AIT-2025-03-005,2025-03-06,2025-03-06,CRWD,CrowdStrike,True,False,2021-01-04,2026-04-30,True,,True,True,True
AIT-2025-03-005,2025-03-06,2025-03-06,DDOG,Datadog,True,False,2021-01-04,2026-04-30,True,,True,True,True
AIT-2025-03-005,2025-03-06,2025-03-06,DASH,DoorDash,True,False,2021-01-04,2026-04-30,True,,True,True,True
AIT-2025-03-005,2025-03-06,2025-03-06,FTNT,Fortinet,True,False,2021-01-04,2026-04-30,True,,True,True,True
AIT-2025-03-005,2025-03-06,2025-03-06,INTC,Intel,True,True,2021-01-04,2026-04-30,True,,True,True,True
AIT-2025-03-005,2025-03-06,2025-03-06,INTU,Intuit,True,False,2021-01-04,2026-04-30,True,,True,True,True
AIT-2025-03-005,2025-03-06,2025-03-06,KLAC,KLA Corporation,True,True,2021-01-04,2026-04-30,True,,True,True,True
AIT-2025-03-005,2025-03-06,2025-03-06,LRCX,Lam Research,True,True,2021-01-04,2026-04-30,True,,True,True,True
AIT-2025-03-005,2025-03-06,2025-03-06,MRVL,Marvell Technology,True,True,2021-01-04,2026-04-30,True,,True,True,True
AIT-2025-03-005,2025-03-06,2025-03-06,META,Meta Platforms,True,False,2021-01-04,2026-04-30,True,,True,True,True
AIT-2025-03-005,2025-03-06,2025-03-06,MCHP,Microchip Technology,True,True,2021-01-04,2026-04-30,True,,True,True,True
AIT-2025-03-005,2025-03-06,2025-03-06,MU,Micron Technology,True,True,2021-01-04,2026-04-30,True,,True,True,True
AIT-2025-03-005,2025-03-06,2025-03-06,MSFT,Microsoft,True,False,2021-01-04,2026-04-30,True,,True,True,True
AIT-2025-03-005,2025-03-06,2025-03-06,MPWR,Monolithic Power Systems,True,True,2021-01-04,2026-04-30,True,,True,True,True
AIT-2025-03-005,2025-03-06,2025-03-06,NVDA,Nvidia,True,True,2021-01-04,2026-04-30,True,,True,True,True
AIT-2025-03-005,2025-03-06,2025-03-06,NXPI,NXP Semiconductors,True,True,2021-01-04,2026-04-30,True,,True,True,True
AIT-2025-03-005,2025-03-06,2025-03-06,PLTR,Palantir Technologies,True,False,2021-01-04,2026-04-30,True,,True,True,True
AIT-2025-03-005,2025-03-06,2025-03-06,PANW,Palo Alto Networks,True,False,2021-01-04,2026-04-30,True,,True,True,True
AIT-2025-03-005,2025-03-06,2025-03-06,PDD,PDD Holdings,True,False,2021-01-04,2026-04-30,True,,True,True,True
AIT-2025-03-005,2025-03-06,2025-03-06,QCOM,Qualcomm,True,True,2021-01-04,2026-04-30,True,,True,True,True
AIT-2025-03-005,2025-03-06,2025-03-06,ROP,Roper Technologies,True,False,2021-01-04,2026-04-30,True,,True,True,True
AIT-2025-03-005,2025-03-06,2025-03-06,SNDK,Sandisk,True,False,2025-02-13,2026-04-30,False,2024-05-15;2024-05-16,False,True,False
AIT-2025-03-005,2025-03-06,2025-03-06,STX,Seagate Technology,True,False,2021-01-04,2026-04-30,True,,True,True,True
AIT-2025-03-005,2025-03-06,2025-03-06,SHOP,Shopify,True,False,2021-01-04,2026-04-30,True,,True,True,True
AIT-2025-03-005,2025-03-06,2025-03-06,MSTR,MicroStrategy,True,False,2021-01-04,2026-04-30,True,,True,True,True
AIT-2025-03-005,2025-03-06,2025-03-06,SNPS,Synopsys,True,False,2021-01-04,2026-04-30,True,,True,True,True
AIT-2025-03-005,2025-03-06,2025-03-06,TXN,Texas Instruments,True,True,2021-01-04,2026-04-30,True,,True,True,True
AIT-2025-03-005,2025-03-06,2025-03-06,TRI,Thomson Reuters,True,False,2021-01-04,2026-04-30,True,,True,True,True
AIT-2025-03-005,2025-03-06,2025-03-06,WDC,Western Digital,True,False,2021-01-04,2026-04-30,True,,True,True,True
AIT-2025-03-005,2025-03-06,2025-03-06,WDAY,"Workday, Inc.",True,False,2021-01-04,2026-04-30,True,,True,True,True
AIT-2025-03-005,2025-03-06,2025-03-06,ZS,"Zscaler, Inc.",True,False,2021-01-04,2026-04-30,True,,True,True,True
AIT-2025-03-007,2025-03-25,2025-03-25,ADBE,Adobe Inc.,True,False,2021-01-04,2026-04-30,True,,True,True,True
AIT-2025-03-007,2025-03-25,2025-03-25,AMD,Advanced Micro Devices,True,True,2021-01-04,2026-04-30,True,,True,True,True
AIT-2025-03-007,2025-03-25,2025-03-25,GOOGL,Alphabet Inc. (Class A),True,False,2021-01-04,2026-04-30,True,,True,True,True
AIT-2025-03-007,2025-03-25,2025-03-25,GOOG,Alphabet Inc. (Class C),True,False,2021-01-04,2026-04-30,True,,True,True,True
AIT-2025-03-007,2025-03-25,2025-03-25,ADI,Analog Devices,True,True,2021-01-04,2026-04-30,True,,True,True,True
AIT-2025-03-007,2025-03-25,2025-03-25,AAPL,Apple Inc.,True,False,2021-01-04,2026-04-30,True,,True,True,True
AIT-2025-03-007,2025-03-25,2025-03-25,AMAT,Applied Materials,True,True,2021-01-04,2026-04-30,True,,True,True,True
AIT-2025-03-007,2025-03-25,2025-03-25,APP,AppLovin,True,False,2021-04-15,2026-04-30,True,,True,True,True
AIT-2025-03-007,2025-03-25,2025-03-25,ARM,Arm Holdings,True,False,2023-09-14,2026-04-30,True,,True,True,True
AIT-2025-03-007,2025-03-25,2025-03-25,ASML,ASML Holding,True,True,2021-01-04,2026-04-30,True,,True,True,True
AIT-2025-03-007,2025-03-25,2025-03-25,ADSK,Autodesk,True,False,2021-01-04,2026-04-30,True,,True,True,True
AIT-2025-03-007,2025-03-25,2025-03-25,AVGO,Broadcom,True,True,2021-01-04,2026-04-30,True,,True,True,True
AIT-2025-03-007,2025-03-25,2025-03-25,CDNS,Cadence Design Systems,True,False,2021-01-04,2026-04-30,True,,True,True,True
AIT-2025-03-007,2025-03-25,2025-03-25,CTSH,Cognizant Technology Solutions Corporation,True,False,2021-01-04,2026-04-30,True,,True,True,True
AIT-2025-03-007,2025-03-25,2025-03-25,CRWD,CrowdStrike,True,False,2021-01-04,2026-04-30,True,,True,True,True
AIT-2025-03-007,2025-03-25,2025-03-25,DDOG,Datadog,True,False,2021-01-04,2026-04-30,True,,True,True,True
AIT-2025-03-007,2025-03-25,2025-03-25,DASH,DoorDash,True,False,2021-01-04,2026-04-30,True,,True,True,True
AIT-2025-03-007,2025-03-25,2025-03-25,FTNT,Fortinet,True,False,2021-01-04,2026-04-30,True,,True,True,True
AIT-2025-03-007,2025-03-25,2025-03-25,INTC,Intel,True,True,2021-01-04,2026-04-30,True,,True,True,True
AIT-2025-03-007,2025-03-25,2025-03-25,INTU,Intuit,True,False,2021-01-04,2026-04-30,True,,True,True,True
AIT-2025-03-007,2025-03-25,2025-03-25,KLAC,KLA Corporation,True,True,2021-01-04,2026-04-30,True,,True,True,True
AIT-2025-03-007,2025-03-25,2025-03-25,LRCX,Lam Research,True,True,2021-01-04,2026-04-30,True,,True,True,True
AIT-2025-03-007,2025-03-25,2025-03-25,MRVL,Marvell Technology,True,True,2021-01-04,2026-04-30,True,,True,True,True
AIT-2025-03-007,2025-03-25,2025-03-25,META,Meta Platforms,True,False,2021-01-04,2026-04-30,True,,True,True,True
AIT-2025-03-007,2025-03-25,2025-03-25,MCHP,Microchip Technology,True,True,2021-01-04,2026-04-30,True,,True,True,True
AIT-2025-03-007,2025-03-25,2025-03-25,MU,Micron Technology,True,True,2021-01-04,2026-04-30,True,,True,True,True
AIT-2025-03-007,2025-03-25,2025-03-25,MSFT,Microsoft,True,False,2021-01-04,2026-04-30,True,,True,True,True
AIT-2025-03-007,2025-03-25,2025-03-25,MPWR,Monolithic Power Systems,True,True,2021-01-04,2026-04-30,True,,True,True,True
AIT-2025-03-007,2025-03-25,2025-03-25,NVDA,Nvidia,True,True,2021-01-04,2026-04-30,True,,True,True,True
AIT-2025-03-007,2025-03-25,2025-03-25,NXPI,NXP Semiconductors,True,True,2021-01-04,2026-04-30,True,,True,True,True
AIT-2025-03-007,2025-03-25,2025-03-25,PLTR,Palantir Technologies,True,False,2021-01-04,2026-04-30,True,,True,True,True
AIT-2025-03-007,2025-03-25,2025-03-25,PANW,Palo Alto Networks,True,False,2021-01-04,2026-04-30,True,,True,True,True
AIT-2025-03-007,2025-03-25,2025-03-25,PDD,PDD Holdings,True,False,2021-01-04,2026-04-30,True,,True,True,True
AIT-2025-03-007,2025-03-25,2025-03-25,QCOM,Qualcomm,True,True,2021-01-04,2026-04-30,True,,True,True,True
AIT-2025-03-007,2025-03-25,2025-03-25,ROP,Roper Technologies,True,False,2021-01-04,2026-04-30,True,,True,True,True
AIT-2025-03-007,2025-03-25,2025-03-25,SNDK,Sandisk,True,False,2025-02-13,2026-04-30,False,2024-06-04;2024-06-05,False,True,False
AIT-2025-03-007,2025-03-25,2025-03-25,STX,Seagate Technology,True,False,2021-01-04,2026-04-30,True,,True,True,True
AIT-2025-03-007,2025-03-25,2025-03-25,SHOP,Shopify,True,False,2021-01-04,2026-04-30,True,,True,True,True
AIT-2025-03-007,2025-03-25,2025-03-25,MSTR,MicroStrategy,True,False,2021-01-04,2026-04-30,True,,True,True,True
AIT-2025-03-007,2025-03-25,2025-03-25,SNPS,Synopsys,True,False,2021-01-04,2026-04-30,True,,True,True,True
AIT-2025-03-007,2025-03-25,2025-03-25,TXN,Texas Instruments,True,True,2021-01-04,2026-04-30,True,,True,True,True
AIT-2025-03-007,2025-03-25,2025-03-25,TRI,Thomson Reuters,True,False,2021-01-04,2026-04-30,True,,True,True,True
AIT-2025-03-007,2025-03-25,2025-03-25,WDC,Western Digital,True,False,2021-01-04,2026-04-30,True,,True,True,True
AIT-2025-03-007,2025-03-25,2025-03-25,WDAY,"Workday, Inc.",True,False,2021-01-04,2026-04-30,True,,True,True,True
AIT-2025-03-007,2025-03-25,2025-03-25,ZS,"Zscaler, Inc.",True,False,2021-01-04,2026-04-30,True,,True,True,True
AIT-2025-04-001,2025-04-05,2025-04-07,ADBE,Adobe Inc.,True,False,2021-01-04,2026-04-30,True,,True,True,True
AIT-2025-04-001,2025-04-05,2025-04-07,AMD,Advanced Micro Devices,True,True,2021-01-04,2026-04-30,True,,True,True,True
AIT-2025-04-001,2025-04-05,2025-04-07,GOOGL,Alphabet Inc. (Class A),True,False,2021-01-04,2026-04-30,True,,True,True,True
AIT-2025-04-001,2025-04-05,2025-04-07,GOOG,Alphabet Inc. (Class C),True,False,2021-01-04,2026-04-30,True,,True,True,True
AIT-2025-04-001,2025-04-05,2025-04-07,ADI,Analog Devices,True,True,2021-01-04,2026-04-30,True,,True,True,True
AIT-2025-04-001,2025-04-05,2025-04-07,AAPL,Apple Inc.,True,False,2021-01-04,2026-04-30,True,,True,True,True
AIT-2025-04-001,2025-04-05,2025-04-07,AMAT,Applied Materials,True,True,2021-01-04,2026-04-30,True,,True,True,True
AIT-2025-04-001,2025-04-05,2025-04-07,APP,AppLovin,True,False,2021-04-15,2026-04-30,True,,True,True,True
AIT-2025-04-001,2025-04-05,2025-04-07,ARM,Arm Holdings,True,False,2023-09-14,2026-04-30,True,,True,True,True
AIT-2025-04-001,2025-04-05,2025-04-07,ASML,ASML Holding,True,True,2021-01-04,2026-04-30,True,,True,True,True
AIT-2025-04-001,2025-04-05,2025-04-07,ADSK,Autodesk,True,False,2021-01-04,2026-04-30,True,,True,True,True
AIT-2025-04-001,2025-04-05,2025-04-07,AVGO,Broadcom,True,True,2021-01-04,2026-04-30,True,,True,True,True
AIT-2025-04-001,2025-04-05,2025-04-07,CDNS,Cadence Design Systems,True,False,2021-01-04,2026-04-30,True,,True,True,True
AIT-2025-04-001,2025-04-05,2025-04-07,CTSH,Cognizant Technology Solutions Corporation,True,False,2021-01-04,2026-04-30,True,,True,True,True
AIT-2025-04-001,2025-04-05,2025-04-07,CRWD,CrowdStrike,True,False,2021-01-04,2026-04-30,True,,True,True,True
AIT-2025-04-001,2025-04-05,2025-04-07,DDOG,Datadog,True,False,2021-01-04,2026-04-30,True,,True,True,True
AIT-2025-04-001,2025-04-05,2025-04-07,DASH,DoorDash,True,False,2021-01-04,2026-04-30,True,,True,True,True
AIT-2025-04-001,2025-04-05,2025-04-07,FTNT,Fortinet,True,False,2021-01-04,2026-04-30,True,,True,True,True
AIT-2025-04-001,2025-04-05,2025-04-07,INTC,Intel,True,True,2021-01-04,2026-04-30,True,,True,True,True
AIT-2025-04-001,2025-04-05,2025-04-07,INTU,Intuit,True,False,2021-01-04,2026-04-30,True,,True,True,True
AIT-2025-04-001,2025-04-05,2025-04-07,KLAC,KLA Corporation,True,True,2021-01-04,2026-04-30,True,,True,True,True
AIT-2025-04-001,2025-04-05,2025-04-07,LRCX,Lam Research,True,True,2021-01-04,2026-04-30,True,,True,True,True
AIT-2025-04-001,2025-04-05,2025-04-07,MRVL,Marvell Technology,True,True,2021-01-04,2026-04-30,True,,True,True,True
AIT-2025-04-001,2025-04-05,2025-04-07,META,Meta Platforms,True,False,2021-01-04,2026-04-30,True,,True,True,True
AIT-2025-04-001,2025-04-05,2025-04-07,MCHP,Microchip Technology,True,True,2021-01-04,2026-04-30,True,,True,True,True
AIT-2025-04-001,2025-04-05,2025-04-07,MU,Micron Technology,True,True,2021-01-04,2026-04-30,True,,True,True,True
AIT-2025-04-001,2025-04-05,2025-04-07,MSFT,Microsoft,True,False,2021-01-04,2026-04-30,True,,True,True,True
AIT-2025-04-001,2025-04-05,2025-04-07,MPWR,Monolithic Power Systems,True,True,2021-01-04,2026-04-30,True,,True,True,True
AIT-2025-04-001,2025-04-05,2025-04-07,NVDA,Nvidia,True,True,2021-01-04,2026-04-30,True,,True,True,True
AIT-2025-04-001,2025-04-05,2025-04-07,NXPI,NXP Semiconductors,True,True,2021-01-04,2026-04-30,True,,True,True,True
AIT-2025-04-001,2025-04-05,2025-04-07,PLTR,Palantir Technologies,True,False,2021-01-04,2026-04-30,True,,True,True,True
AIT-2025-04-001,2025-04-05,2025-04-07,PANW,Palo Alto Networks,True,False,2021-01-04,2026-04-30,True,,True,True,True
AIT-2025-04-001,2025-04-05,2025-04-07,PDD,PDD Holdings,True,False,2021-01-04,2026-04-30,True,,True,True,True
AIT-2025-04-001,2025-04-05,2025-04-07,QCOM,Qualcomm,True,True,2021-01-04,2026-04-30,True,,True,True,True
AIT-2025-04-001,2025-04-05,2025-04-07,ROP,Roper Technologies,True,False,2021-01-04,2026-04-30,True,,True,True,True
AIT-2025-04-001,2025-04-05,2025-04-07,SNDK,Sandisk,True,False,2025-02-13,2026-04-30,False,2024-06-17;2024-06-18,False,True,False
AIT-2025-04-001,2025-04-05,2025-04-07,STX,Seagate Technology,True,False,2021-01-04,2026-04-30,True,,True,True,True
AIT-2025-04-001,2025-04-05,2025-04-07,SHOP,Shopify,True,False,2021-01-04,2026-04-30,True,,True,True,True
AIT-2025-04-001,2025-04-05,2025-04-07,MSTR,MicroStrategy,True,False,2021-01-04,2026-04-30,True,,True,True,True
AIT-2025-04-001,2025-04-05,2025-04-07,SNPS,Synopsys,True,False,2021-01-04,2026-04-30,True,,True,True,True
AIT-2025-04-001,2025-04-05,2025-04-07,TXN,Texas Instruments,True,True,2021-01-04,2026-04-30,True,,True,True,True
AIT-2025-04-001,2025-04-05,2025-04-07,TRI,Thomson Reuters,True,False,2021-01-04,2026-04-30,True,,True,True,True
AIT-2025-04-001,2025-04-05,2025-04-07,WDC,Western Digital,True,False,2021-01-04,2026-04-30,True,,True,True,True
AIT-2025-04-001,2025-04-05,2025-04-07,WDAY,"Workday, Inc.",True,False,2021-01-04,2026-04-30,True,,True,True,True
AIT-2025-04-001,2025-04-05,2025-04-07,ZS,"Zscaler, Inc.",True,False,2021-01-04,2026-04-30,True,,True,True,True
AIT-2025-04-002,2025-04-17,2025-04-17,ADBE,Adobe Inc.,True,False,2021-01-04,2026-04-30,True,,True,True,True
AIT-2025-04-002,2025-04-17,2025-04-17,AMD,Advanced Micro Devices,True,True,2021-01-04,2026-04-30,True,,True,True,True
AIT-2025-04-002,2025-04-17,2025-04-17,GOOGL,Alphabet Inc. (Class A),True,False,2021-01-04,2026-04-30,True,,True,True,True
AIT-2025-04-002,2025-04-17,2025-04-17,GOOG,Alphabet Inc. (Class C),True,False,2021-01-04,2026-04-30,True,,True,True,True
AIT-2025-04-002,2025-04-17,2025-04-17,ADI,Analog Devices,True,True,2021-01-04,2026-04-30,True,,True,True,True
AIT-2025-04-002,2025-04-17,2025-04-17,AAPL,Apple Inc.,True,False,2021-01-04,2026-04-30,True,,True,True,True
AIT-2025-04-002,2025-04-17,2025-04-17,AMAT,Applied Materials,True,True,2021-01-04,2026-04-30,True,,True,True,True
AIT-2025-04-002,2025-04-17,2025-04-17,APP,AppLovin,True,False,2021-04-15,2026-04-30,True,,True,True,True
AIT-2025-04-002,2025-04-17,2025-04-17,ARM,Arm Holdings,True,False,2023-09-14,2026-04-30,True,,True,True,True
AIT-2025-04-002,2025-04-17,2025-04-17,ASML,ASML Holding,True,True,2021-01-04,2026-04-30,True,,True,True,True
AIT-2025-04-002,2025-04-17,2025-04-17,ADSK,Autodesk,True,False,2021-01-04,2026-04-30,True,,True,True,True
AIT-2025-04-002,2025-04-17,2025-04-17,AVGO,Broadcom,True,True,2021-01-04,2026-04-30,True,,True,True,True
AIT-2025-04-002,2025-04-17,2025-04-17,CDNS,Cadence Design Systems,True,False,2021-01-04,2026-04-30,True,,True,True,True
AIT-2025-04-002,2025-04-17,2025-04-17,CTSH,Cognizant Technology Solutions Corporation,True,False,2021-01-04,2026-04-30,True,,True,True,True
AIT-2025-04-002,2025-04-17,2025-04-17,CRWD,CrowdStrike,True,False,2021-01-04,2026-04-30,True,,True,True,True
AIT-2025-04-002,2025-04-17,2025-04-17,DDOG,Datadog,True,False,2021-01-04,2026-04-30,True,,True,True,True
AIT-2025-04-002,2025-04-17,2025-04-17,DASH,DoorDash,True,False,2021-01-04,2026-04-30,True,,True,True,True
AIT-2025-04-002,2025-04-17,2025-04-17,FTNT,Fortinet,True,False,2021-01-04,2026-04-30,True,,True,True,True
AIT-2025-04-002,2025-04-17,2025-04-17,INTC,Intel,True,True,2021-01-04,2026-04-30,True,,True,True,True
AIT-2025-04-002,2025-04-17,2025-04-17,INTU,Intuit,True,False,2021-01-04,2026-04-30,True,,True,True,True
AIT-2025-04-002,2025-04-17,2025-04-17,KLAC,KLA Corporation,True,True,2021-01-04,2026-04-30,True,,True,True,True
AIT-2025-04-002,2025-04-17,2025-04-17,LRCX,Lam Research,True,True,2021-01-04,2026-04-30,True,,True,True,True
AIT-2025-04-002,2025-04-17,2025-04-17,MRVL,Marvell Technology,True,True,2021-01-04,2026-04-30,True,,True,True,True
AIT-2025-04-002,2025-04-17,2025-04-17,META,Meta Platforms,True,False,2021-01-04,2026-04-30,True,,True,True,True
AIT-2025-04-002,2025-04-17,2025-04-17,MCHP,Microchip Technology,True,True,2021-01-04,2026-04-30,True,,True,True,True
AIT-2025-04-002,2025-04-17,2025-04-17,MU,Micron Technology,True,True,2021-01-04,2026-04-30,True,,True,True,True
AIT-2025-04-002,2025-04-17,2025-04-17,MSFT,Microsoft,True,False,2021-01-04,2026-04-30,True,,True,True,True
AIT-2025-04-002,2025-04-17,2025-04-17,MPWR,Monolithic Power Systems,True,True,2021-01-04,2026-04-30,True,,True,True,True
AIT-2025-04-002,2025-04-17,2025-04-17,NVDA,Nvidia,True,True,2021-01-04,2026-04-30,True,,True,True,True
AIT-2025-04-002,2025-04-17,2025-04-17,NXPI,NXP Semiconductors,True,True,2021-01-04,2026-04-30,True,,True,True,True
AIT-2025-04-002,2025-04-17,2025-04-17,PLTR,Palantir Technologies,True,False,2021-01-04,2026-04-30,True,,True,True,True
AIT-2025-04-002,2025-04-17,2025-04-17,PANW,Palo Alto Networks,True,False,2021-01-04,2026-04-30,True,,True,True,True
AIT-2025-04-002,2025-04-17,2025-04-17,PDD,PDD Holdings,True,False,2021-01-04,2026-04-30,True,,True,True,True
AIT-2025-04-002,2025-04-17,2025-04-17,QCOM,Qualcomm,True,True,2021-01-04,2026-04-30,True,,True,True,True
AIT-2025-04-002,2025-04-17,2025-04-17,ROP,Roper Technologies,True,False,2021-01-04,2026-04-30,True,,True,True,True
AIT-2025-04-002,2025-04-17,2025-04-17,SNDK,Sandisk,True,False,2025-02-13,2026-04-30,False,2024-06-28;2024-07-01,False,True,False
AIT-2025-04-002,2025-04-17,2025-04-17,STX,Seagate Technology,True,False,2021-01-04,2026-04-30,True,,True,True,True
AIT-2025-04-002,2025-04-17,2025-04-17,SHOP,Shopify,True,False,2021-01-04,2026-04-30,True,,True,True,True
AIT-2025-04-002,2025-04-17,2025-04-17,MSTR,MicroStrategy,True,False,2021-01-04,2026-04-30,True,,True,True,True
AIT-2025-04-002,2025-04-17,2025-04-17,SNPS,Synopsys,True,False,2021-01-04,2026-04-30,True,,True,True,True
AIT-2025-04-002,2025-04-17,2025-04-17,TXN,Texas Instruments,True,True,2021-01-04,2026-04-30,True,,True,True,True
AIT-2025-04-002,2025-04-17,2025-04-17,TRI,Thomson Reuters,True,False,2021-01-04,2026-04-30,True,,True,True,True
AIT-2025-04-002,2025-04-17,2025-04-17,WDC,Western Digital,True,False,2021-01-04,2026-04-30,True,,True,True,True
AIT-2025-04-002,2025-04-17,2025-04-17,WDAY,"Workday, Inc.",True,False,2021-01-04,2026-04-30,True,,True,True,True
AIT-2025-04-002,2025-04-17,2025-04-17,ZS,"Zscaler, Inc.",True,False,2021-01-04,2026-04-30,True,,True,True,True
AIT-2025-04-004,2025-04-14,2025-04-14,ADBE,Adobe Inc.,True,False,2021-01-04,2026-04-30,True,,True,True,True
AIT-2025-04-004,2025-04-14,2025-04-14,AMD,Advanced Micro Devices,True,True,2021-01-04,2026-04-30,True,,True,True,True
AIT-2025-04-004,2025-04-14,2025-04-14,GOOGL,Alphabet Inc. (Class A),True,False,2021-01-04,2026-04-30,True,,True,True,True
AIT-2025-04-004,2025-04-14,2025-04-14,GOOG,Alphabet Inc. (Class C),True,False,2021-01-04,2026-04-30,True,,True,True,True
AIT-2025-04-004,2025-04-14,2025-04-14,ADI,Analog Devices,True,True,2021-01-04,2026-04-30,True,,True,True,True
AIT-2025-04-004,2025-04-14,2025-04-14,AAPL,Apple Inc.,True,False,2021-01-04,2026-04-30,True,,True,True,True
AIT-2025-04-004,2025-04-14,2025-04-14,AMAT,Applied Materials,True,True,2021-01-04,2026-04-30,True,,True,True,True
AIT-2025-04-004,2025-04-14,2025-04-14,APP,AppLovin,True,False,2021-04-15,2026-04-30,True,,True,True,True
AIT-2025-04-004,2025-04-14,2025-04-14,ARM,Arm Holdings,True,False,2023-09-14,2026-04-30,True,,True,True,True
AIT-2025-04-004,2025-04-14,2025-04-14,ASML,ASML Holding,True,True,2021-01-04,2026-04-30,True,,True,True,True
AIT-2025-04-004,2025-04-14,2025-04-14,ADSK,Autodesk,True,False,2021-01-04,2026-04-30,True,,True,True,True
AIT-2025-04-004,2025-04-14,2025-04-14,AVGO,Broadcom,True,True,2021-01-04,2026-04-30,True,,True,True,True
AIT-2025-04-004,2025-04-14,2025-04-14,CDNS,Cadence Design Systems,True,False,2021-01-04,2026-04-30,True,,True,True,True
AIT-2025-04-004,2025-04-14,2025-04-14,CTSH,Cognizant Technology Solutions Corporation,True,False,2021-01-04,2026-04-30,True,,True,True,True
AIT-2025-04-004,2025-04-14,2025-04-14,CRWD,CrowdStrike,True,False,2021-01-04,2026-04-30,True,,True,True,True
AIT-2025-04-004,2025-04-14,2025-04-14,DDOG,Datadog,True,False,2021-01-04,2026-04-30,True,,True,True,True
AIT-2025-04-004,2025-04-14,2025-04-14,DASH,DoorDash,True,False,2021-01-04,2026-04-30,True,,True,True,True
AIT-2025-04-004,2025-04-14,2025-04-14,FTNT,Fortinet,True,False,2021-01-04,2026-04-30,True,,True,True,True
AIT-2025-04-004,2025-04-14,2025-04-14,INTC,Intel,True,True,2021-01-04,2026-04-30,True,,True,True,True
AIT-2025-04-004,2025-04-14,2025-04-14,INTU,Intuit,True,False,2021-01-04,2026-04-30,True,,True,True,True
AIT-2025-04-004,2025-04-14,2025-04-14,KLAC,KLA Corporation,True,True,2021-01-04,2026-04-30,True,,True,True,True
AIT-2025-04-004,2025-04-14,2025-04-14,LRCX,Lam Research,True,True,2021-01-04,2026-04-30,True,,True,True,True
AIT-2025-04-004,2025-04-14,2025-04-14,MRVL,Marvell Technology,True,True,2021-01-04,2026-04-30,True,,True,True,True
AIT-2025-04-004,2025-04-14,2025-04-14,META,Meta Platforms,True,False,2021-01-04,2026-04-30,True,,True,True,True
AIT-2025-04-004,2025-04-14,2025-04-14,MCHP,Microchip Technology,True,True,2021-01-04,2026-04-30,True,,True,True,True
AIT-2025-04-004,2025-04-14,2025-04-14,MU,Micron Technology,True,True,2021-01-04,2026-04-30,True,,True,True,True
AIT-2025-04-004,2025-04-14,2025-04-14,MSFT,Microsoft,True,False,2021-01-04,2026-04-30,True,,True,True,True
AIT-2025-04-004,2025-04-14,2025-04-14,MPWR,Monolithic Power Systems,True,True,2021-01-04,2026-04-30,True,,True,True,True
AIT-2025-04-004,2025-04-14,2025-04-14,NVDA,Nvidia,True,True,2021-01-04,2026-04-30,True,,True,True,True
AIT-2025-04-004,2025-04-14,2025-04-14,NXPI,NXP Semiconductors,True,True,2021-01-04,2026-04-30,True,,True,True,True
AIT-2025-04-004,2025-04-14,2025-04-14,PLTR,Palantir Technologies,True,False,2021-01-04,2026-04-30,True,,True,True,True
AIT-2025-04-004,2025-04-14,2025-04-14,PANW,Palo Alto Networks,True,False,2021-01-04,2026-04-30,True,,True,True,True
AIT-2025-04-004,2025-04-14,2025-04-14,PDD,PDD Holdings,True,False,2021-01-04,2026-04-30,True,,True,True,True
AIT-2025-04-004,2025-04-14,2025-04-14,QCOM,Qualcomm,True,True,2021-01-04,2026-04-30,True,,True,True,True
AIT-2025-04-004,2025-04-14,2025-04-14,ROP,Roper Technologies,True,False,2021-01-04,2026-04-30,True,,True,True,True
AIT-2025-04-004,2025-04-14,2025-04-14,SNDK,Sandisk,True,False,2025-02-13,2026-04-30,False,2024-06-25;2024-06-26,False,True,False
AIT-2025-04-004,2025-04-14,2025-04-14,STX,Seagate Technology,True,False,2021-01-04,2026-04-30,True,,True,True,True
AIT-2025-04-004,2025-04-14,2025-04-14,SHOP,Shopify,True,False,2021-01-04,2026-04-30,True,,True,True,True
AIT-2025-04-004,2025-04-14,2025-04-14,MSTR,MicroStrategy,True,False,2021-01-04,2026-04-30,True,,True,True,True
AIT-2025-04-004,2025-04-14,2025-04-14,SNPS,Synopsys,True,False,2021-01-04,2026-04-30,True,,True,True,True
AIT-2025-04-004,2025-04-14,2025-04-14,TXN,Texas Instruments,True,True,2021-01-04,2026-04-30,True,,True,True,True
AIT-2025-04-004,2025-04-14,2025-04-14,TRI,Thomson Reuters,True,False,2021-01-04,2026-04-30,True,,True,True,True
AIT-2025-04-004,2025-04-14,2025-04-14,WDC,Western Digital,True,False,2021-01-04,2026-04-30,True,,True,True,True
AIT-2025-04-004,2025-04-14,2025-04-14,WDAY,"Workday, Inc.",True,False,2021-01-04,2026-04-30,True,,True,True,True
AIT-2025-04-004,2025-04-14,2025-04-14,ZS,"Zscaler, Inc.",True,False,2021-01-04,2026-04-30,True,,True,True,True
AIT-2025-04-005,2025-04-16,2025-04-16,ADBE,Adobe Inc.,True,False,2021-01-04,2026-04-30,True,,True,True,True
AIT-2025-04-005,2025-04-16,2025-04-16,AMD,Advanced Micro Devices,True,True,2021-01-04,2026-04-30,True,,True,True,True
AIT-2025-04-005,2025-04-16,2025-04-16,GOOGL,Alphabet Inc. (Class A),True,False,2021-01-04,2026-04-30,True,,True,True,True
AIT-2025-04-005,2025-04-16,2025-04-16,GOOG,Alphabet Inc. (Class C),True,False,2021-01-04,2026-04-30,True,,True,True,True
AIT-2025-04-005,2025-04-16,2025-04-16,ADI,Analog Devices,True,True,2021-01-04,2026-04-30,True,,True,True,True
AIT-2025-04-005,2025-04-16,2025-04-16,AAPL,Apple Inc.,True,False,2021-01-04,2026-04-30,True,,True,True,True
AIT-2025-04-005,2025-04-16,2025-04-16,AMAT,Applied Materials,True,True,2021-01-04,2026-04-30,True,,True,True,True
AIT-2025-04-005,2025-04-16,2025-04-16,APP,AppLovin,True,False,2021-04-15,2026-04-30,True,,True,True,True
AIT-2025-04-005,2025-04-16,2025-04-16,ARM,Arm Holdings,True,False,2023-09-14,2026-04-30,True,,True,True,True
AIT-2025-04-005,2025-04-16,2025-04-16,ASML,ASML Holding,True,True,2021-01-04,2026-04-30,True,,True,True,True
AIT-2025-04-005,2025-04-16,2025-04-16,ADSK,Autodesk,True,False,2021-01-04,2026-04-30,True,,True,True,True
AIT-2025-04-005,2025-04-16,2025-04-16,AVGO,Broadcom,True,True,2021-01-04,2026-04-30,True,,True,True,True
AIT-2025-04-005,2025-04-16,2025-04-16,CDNS,Cadence Design Systems,True,False,2021-01-04,2026-04-30,True,,True,True,True
AIT-2025-04-005,2025-04-16,2025-04-16,CTSH,Cognizant Technology Solutions Corporation,True,False,2021-01-04,2026-04-30,True,,True,True,True
AIT-2025-04-005,2025-04-16,2025-04-16,CRWD,CrowdStrike,True,False,2021-01-04,2026-04-30,True,,True,True,True
AIT-2025-04-005,2025-04-16,2025-04-16,DDOG,Datadog,True,False,2021-01-04,2026-04-30,True,,True,True,True
AIT-2025-04-005,2025-04-16,2025-04-16,DASH,DoorDash,True,False,2021-01-04,2026-04-30,True,,True,True,True
AIT-2025-04-005,2025-04-16,2025-04-16,FTNT,Fortinet,True,False,2021-01-04,2026-04-30,True,,True,True,True
AIT-2025-04-005,2025-04-16,2025-04-16,INTC,Intel,True,True,2021-01-04,2026-04-30,True,,True,True,True
AIT-2025-04-005,2025-04-16,2025-04-16,INTU,Intuit,True,False,2021-01-04,2026-04-30,True,,True,True,True
AIT-2025-04-005,2025-04-16,2025-04-16,KLAC,KLA Corporation,True,True,2021-01-04,2026-04-30,True,,True,True,True
AIT-2025-04-005,2025-04-16,2025-04-16,LRCX,Lam Research,True,True,2021-01-04,2026-04-30,True,,True,True,True
AIT-2025-04-005,2025-04-16,2025-04-16,MRVL,Marvell Technology,True,True,2021-01-04,2026-04-30,True,,True,True,True
AIT-2025-04-005,2025-04-16,2025-04-16,META,Meta Platforms,True,False,2021-01-04,2026-04-30,True,,True,True,True
AIT-2025-04-005,2025-04-16,2025-04-16,MCHP,Microchip Technology,True,True,2021-01-04,2026-04-30,True,,True,True,True
AIT-2025-04-005,2025-04-16,2025-04-16,MU,Micron Technology,True,True,2021-01-04,2026-04-30,True,,True,True,True
AIT-2025-04-005,2025-04-16,2025-04-16,MSFT,Microsoft,True,False,2021-01-04,2026-04-30,True,,True,True,True
AIT-2025-04-005,2025-04-16,2025-04-16,MPWR,Monolithic Power Systems,True,True,2021-01-04,2026-04-30,True,,True,True,True
AIT-2025-04-005,2025-04-16,2025-04-16,NVDA,Nvidia,True,True,2021-01-04,2026-04-30,True,,True,True,True
AIT-2025-04-005,2025-04-16,2025-04-16,NXPI,NXP Semiconductors,True,True,2021-01-04,2026-04-30,True,,True,True,True
AIT-2025-04-005,2025-04-16,2025-04-16,PLTR,Palantir Technologies,True,False,2021-01-04,2026-04-30,True,,True,True,True
AIT-2025-04-005,2025-04-16,2025-04-16,PANW,Palo Alto Networks,True,False,2021-01-04,2026-04-30,True,,True,True,True
AIT-2025-04-005,2025-04-16,2025-04-16,PDD,PDD Holdings,True,False,2021-01-04,2026-04-30,True,,True,True,True
AIT-2025-04-005,2025-04-16,2025-04-16,QCOM,Qualcomm,True,True,2021-01-04,2026-04-30,True,,True,True,True
AIT-2025-04-005,2025-04-16,2025-04-16,ROP,Roper Technologies,True,False,2021-01-04,2026-04-30,True,,True,True,True
AIT-2025-04-005,2025-04-16,2025-04-16,SNDK,Sandisk,True,False,2025-02-13,2026-04-30,False,2024-06-27;2024-06-28,False,True,False
AIT-2025-04-005,2025-04-16,2025-04-16,STX,Seagate Technology,True,False,2021-01-04,2026-04-30,True,,True,True,True
AIT-2025-04-005,2025-04-16,2025-04-16,SHOP,Shopify,True,False,2021-01-04,2026-04-30,True,,True,True,True
AIT-2025-04-005,2025-04-16,2025-04-16,MSTR,MicroStrategy,True,False,2021-01-04,2026-04-30,True,,True,True,True
AIT-2025-04-005,2025-04-16,2025-04-16,SNPS,Synopsys,True,False,2021-01-04,2026-04-30,True,,True,True,True
AIT-2025-04-005,2025-04-16,2025-04-16,TXN,Texas Instruments,True,True,2021-01-04,2026-04-30,True,,True,True,True
AIT-2025-04-005,2025-04-16,2025-04-16,TRI,Thomson Reuters,True,False,2021-01-04,2026-04-30,True,,True,True,True
AIT-2025-04-005,2025-04-16,2025-04-16,WDC,Western Digital,True,False,2021-01-04,2026-04-30,True,,True,True,True
AIT-2025-04-005,2025-04-16,2025-04-16,WDAY,"Workday, Inc.",True,False,2021-01-04,2026-04-30,True,,True,True,True
AIT-2025-04-005,2025-04-16,2025-04-16,ZS,"Zscaler, Inc.",True,False,2021-01-04,2026-04-30,True,,True,True,True
AIT-2025-04-006,2025-04-03,2025-04-03,ADBE,Adobe Inc.,True,False,2021-01-04,2026-04-30,True,,True,True,True
AIT-2025-04-006,2025-04-03,2025-04-03,AMD,Advanced Micro Devices,True,True,2021-01-04,2026-04-30,True,,True,True,True
AIT-2025-04-006,2025-04-03,2025-04-03,GOOGL,Alphabet Inc. (Class A),True,False,2021-01-04,2026-04-30,True,,True,True,True
AIT-2025-04-006,2025-04-03,2025-04-03,GOOG,Alphabet Inc. (Class C),True,False,2021-01-04,2026-04-30,True,,True,True,True
AIT-2025-04-006,2025-04-03,2025-04-03,ADI,Analog Devices,True,True,2021-01-04,2026-04-30,True,,True,True,True
AIT-2025-04-006,2025-04-03,2025-04-03,AAPL,Apple Inc.,True,False,2021-01-04,2026-04-30,True,,True,True,True
AIT-2025-04-006,2025-04-03,2025-04-03,AMAT,Applied Materials,True,True,2021-01-04,2026-04-30,True,,True,True,True
AIT-2025-04-006,2025-04-03,2025-04-03,APP,AppLovin,True,False,2021-04-15,2026-04-30,True,,True,True,True
AIT-2025-04-006,2025-04-03,2025-04-03,ARM,Arm Holdings,True,False,2023-09-14,2026-04-30,True,,True,True,True
AIT-2025-04-006,2025-04-03,2025-04-03,ASML,ASML Holding,True,True,2021-01-04,2026-04-30,True,,True,True,True
AIT-2025-04-006,2025-04-03,2025-04-03,ADSK,Autodesk,True,False,2021-01-04,2026-04-30,True,,True,True,True
AIT-2025-04-006,2025-04-03,2025-04-03,AVGO,Broadcom,True,True,2021-01-04,2026-04-30,True,,True,True,True
AIT-2025-04-006,2025-04-03,2025-04-03,CDNS,Cadence Design Systems,True,False,2021-01-04,2026-04-30,True,,True,True,True
AIT-2025-04-006,2025-04-03,2025-04-03,CTSH,Cognizant Technology Solutions Corporation,True,False,2021-01-04,2026-04-30,True,,True,True,True
AIT-2025-04-006,2025-04-03,2025-04-03,CRWD,CrowdStrike,True,False,2021-01-04,2026-04-30,True,,True,True,True
AIT-2025-04-006,2025-04-03,2025-04-03,DDOG,Datadog,True,False,2021-01-04,2026-04-30,True,,True,True,True
AIT-2025-04-006,2025-04-03,2025-04-03,DASH,DoorDash,True,False,2021-01-04,2026-04-30,True,,True,True,True
AIT-2025-04-006,2025-04-03,2025-04-03,FTNT,Fortinet,True,False,2021-01-04,2026-04-30,True,,True,True,True
AIT-2025-04-006,2025-04-03,2025-04-03,INTC,Intel,True,True,2021-01-04,2026-04-30,True,,True,True,True
AIT-2025-04-006,2025-04-03,2025-04-03,INTU,Intuit,True,False,2021-01-04,2026-04-30,True,,True,True,True
AIT-2025-04-006,2025-04-03,2025-04-03,KLAC,KLA Corporation,True,True,2021-01-04,2026-04-30,True,,True,True,True
AIT-2025-04-006,2025-04-03,2025-04-03,LRCX,Lam Research,True,True,2021-01-04,2026-04-30,True,,True,True,True
AIT-2025-04-006,2025-04-03,2025-04-03,MRVL,Marvell Technology,True,True,2021-01-04,2026-04-30,True,,True,True,True
AIT-2025-04-006,2025-04-03,2025-04-03,META,Meta Platforms,True,False,2021-01-04,2026-04-30,True,,True,True,True
AIT-2025-04-006,2025-04-03,2025-04-03,MCHP,Microchip Technology,True,True,2021-01-04,2026-04-30,True,,True,True,True
AIT-2025-04-006,2025-04-03,2025-04-03,MU,Micron Technology,True,True,2021-01-04,2026-04-30,True,,True,True,True
AIT-2025-04-006,2025-04-03,2025-04-03,MSFT,Microsoft,True,False,2021-01-04,2026-04-30,True,,True,True,True
AIT-2025-04-006,2025-04-03,2025-04-03,MPWR,Monolithic Power Systems,True,True,2021-01-04,2026-04-30,True,,True,True,True
AIT-2025-04-006,2025-04-03,2025-04-03,NVDA,Nvidia,True,True,2021-01-04,2026-04-30,True,,True,True,True
AIT-2025-04-006,2025-04-03,2025-04-03,NXPI,NXP Semiconductors,True,True,2021-01-04,2026-04-30,True,,True,True,True
AIT-2025-04-006,2025-04-03,2025-04-03,PLTR,Palantir Technologies,True,False,2021-01-04,2026-04-30,True,,True,True,True
AIT-2025-04-006,2025-04-03,2025-04-03,PANW,Palo Alto Networks,True,False,2021-01-04,2026-04-30,True,,True,True,True
AIT-2025-04-006,2025-04-03,2025-04-03,PDD,PDD Holdings,True,False,2021-01-04,2026-04-30,True,,True,True,True
AIT-2025-04-006,2025-04-03,2025-04-03,QCOM,Qualcomm,True,True,2021-01-04,2026-04-30,True,,True,True,True
AIT-2025-04-006,2025-04-03,2025-04-03,ROP,Roper Technologies,True,False,2021-01-04,2026-04-30,True,,True,True,True
AIT-2025-04-006,2025-04-03,2025-04-03,SNDK,Sandisk,True,False,2025-02-13,2026-04-30,False,2024-06-13;2024-06-14,False,True,False
AIT-2025-04-006,2025-04-03,2025-04-03,STX,Seagate Technology,True,False,2021-01-04,2026-04-30,True,,True,True,True
AIT-2025-04-006,2025-04-03,2025-04-03,SHOP,Shopify,True,False,2021-01-04,2026-04-30,True,,True,True,True
AIT-2025-04-006,2025-04-03,2025-04-03,MSTR,MicroStrategy,True,False,2021-01-04,2026-04-30,True,,True,True,True
AIT-2025-04-006,2025-04-03,2025-04-03,SNPS,Synopsys,True,False,2021-01-04,2026-04-30,True,,True,True,True
AIT-2025-04-006,2025-04-03,2025-04-03,TXN,Texas Instruments,True,True,2021-01-04,2026-04-30,True,,True,True,True
AIT-2025-04-006,2025-04-03,2025-04-03,TRI,Thomson Reuters,True,False,2021-01-04,2026-04-30,True,,True,True,True
AIT-2025-04-006,2025-04-03,2025-04-03,WDC,Western Digital,True,False,2021-01-04,2026-04-30,True,,True,True,True
AIT-2025-04-006,2025-04-03,2025-04-03,WDAY,"Workday, Inc.",True,False,2021-01-04,2026-04-30,True,,True,True,True
AIT-2025-04-006,2025-04-03,2025-04-03,ZS,"Zscaler, Inc.",True,False,2021-01-04,2026-04-30,True,,True,True,True
AIT-2025-04-007,2025-03-31,2025-03-31,ADBE,Adobe Inc.,True,False,2021-01-04,2026-04-30,True,,True,True,True
AIT-2025-04-007,2025-03-31,2025-03-31,AMD,Advanced Micro Devices,True,True,2021-01-04,2026-04-30,True,,True,True,True
AIT-2025-04-007,2025-03-31,2025-03-31,GOOGL,Alphabet Inc. (Class A),True,False,2021-01-04,2026-04-30,True,,True,True,True
AIT-2025-04-007,2025-03-31,2025-03-31,GOOG,Alphabet Inc. (Class C),True,False,2021-01-04,2026-04-30,True,,True,True,True
AIT-2025-04-007,2025-03-31,2025-03-31,ADI,Analog Devices,True,True,2021-01-04,2026-04-30,True,,True,True,True
AIT-2025-04-007,2025-03-31,2025-03-31,AAPL,Apple Inc.,True,False,2021-01-04,2026-04-30,True,,True,True,True
AIT-2025-04-007,2025-03-31,2025-03-31,AMAT,Applied Materials,True,True,2021-01-04,2026-04-30,True,,True,True,True
AIT-2025-04-007,2025-03-31,2025-03-31,APP,AppLovin,True,False,2021-04-15,2026-04-30,True,,True,True,True
AIT-2025-04-007,2025-03-31,2025-03-31,ARM,Arm Holdings,True,False,2023-09-14,2026-04-30,True,,True,True,True
AIT-2025-04-007,2025-03-31,2025-03-31,ASML,ASML Holding,True,True,2021-01-04,2026-04-30,True,,True,True,True
AIT-2025-04-007,2025-03-31,2025-03-31,ADSK,Autodesk,True,False,2021-01-04,2026-04-30,True,,True,True,True
AIT-2025-04-007,2025-03-31,2025-03-31,AVGO,Broadcom,True,True,2021-01-04,2026-04-30,True,,True,True,True
AIT-2025-04-007,2025-03-31,2025-03-31,CDNS,Cadence Design Systems,True,False,2021-01-04,2026-04-30,True,,True,True,True
AIT-2025-04-007,2025-03-31,2025-03-31,CTSH,Cognizant Technology Solutions Corporation,True,False,2021-01-04,2026-04-30,True,,True,True,True
AIT-2025-04-007,2025-03-31,2025-03-31,CRWD,CrowdStrike,True,False,2021-01-04,2026-04-30,True,,True,True,True
AIT-2025-04-007,2025-03-31,2025-03-31,DDOG,Datadog,True,False,2021-01-04,2026-04-30,True,,True,True,True
AIT-2025-04-007,2025-03-31,2025-03-31,DASH,DoorDash,True,False,2021-01-04,2026-04-30,True,,True,True,True
AIT-2025-04-007,2025-03-31,2025-03-31,FTNT,Fortinet,True,False,2021-01-04,2026-04-30,True,,True,True,True
AIT-2025-04-007,2025-03-31,2025-03-31,INTC,Intel,True,True,2021-01-04,2026-04-30,True,,True,True,True
AIT-2025-04-007,2025-03-31,2025-03-31,INTU,Intuit,True,False,2021-01-04,2026-04-30,True,,True,True,True
AIT-2025-04-007,2025-03-31,2025-03-31,KLAC,KLA Corporation,True,True,2021-01-04,2026-04-30,True,,True,True,True
AIT-2025-04-007,2025-03-31,2025-03-31,LRCX,Lam Research,True,True,2021-01-04,2026-04-30,True,,True,True,True
AIT-2025-04-007,2025-03-31,2025-03-31,MRVL,Marvell Technology,True,True,2021-01-04,2026-04-30,True,,True,True,True
AIT-2025-04-007,2025-03-31,2025-03-31,META,Meta Platforms,True,False,2021-01-04,2026-04-30,True,,True,True,True
AIT-2025-04-007,2025-03-31,2025-03-31,MCHP,Microchip Technology,True,True,2021-01-04,2026-04-30,True,,True,True,True
AIT-2025-04-007,2025-03-31,2025-03-31,MU,Micron Technology,True,True,2021-01-04,2026-04-30,True,,True,True,True
AIT-2025-04-007,2025-03-31,2025-03-31,MSFT,Microsoft,True,False,2021-01-04,2026-04-30,True,,True,True,True
AIT-2025-04-007,2025-03-31,2025-03-31,MPWR,Monolithic Power Systems,True,True,2021-01-04,2026-04-30,True,,True,True,True
AIT-2025-04-007,2025-03-31,2025-03-31,NVDA,Nvidia,True,True,2021-01-04,2026-04-30,True,,True,True,True
AIT-2025-04-007,2025-03-31,2025-03-31,NXPI,NXP Semiconductors,True,True,2021-01-04,2026-04-30,True,,True,True,True
AIT-2025-04-007,2025-03-31,2025-03-31,PLTR,Palantir Technologies,True,False,2021-01-04,2026-04-30,True,,True,True,True
AIT-2025-04-007,2025-03-31,2025-03-31,PANW,Palo Alto Networks,True,False,2021-01-04,2026-04-30,True,,True,True,True
AIT-2025-04-007,2025-03-31,2025-03-31,PDD,PDD Holdings,True,False,2021-01-04,2026-04-30,True,,True,True,True
AIT-2025-04-007,2025-03-31,2025-03-31,QCOM,Qualcomm,True,True,2021-01-04,2026-04-30,True,,True,True,True
AIT-2025-04-007,2025-03-31,2025-03-31,ROP,Roper Technologies,True,False,2021-01-04,2026-04-30,True,,True,True,True
AIT-2025-04-007,2025-03-31,2025-03-31,SNDK,Sandisk,True,False,2025-02-13,2026-04-30,False,2024-06-10;2024-06-11,False,True,False
AIT-2025-04-007,2025-03-31,2025-03-31,STX,Seagate Technology,True,False,2021-01-04,2026-04-30,True,,True,True,True
AIT-2025-04-007,2025-03-31,2025-03-31,SHOP,Shopify,True,False,2021-01-04,2026-04-30,True,,True,True,True
AIT-2025-04-007,2025-03-31,2025-03-31,MSTR,MicroStrategy,True,False,2021-01-04,2026-04-30,True,,True,True,True
AIT-2025-04-007,2025-03-31,2025-03-31,SNPS,Synopsys,True,False,2021-01-04,2026-04-30,True,,True,True,True
AIT-2025-04-007,2025-03-31,2025-03-31,TXN,Texas Instruments,True,True,2021-01-04,2026-04-30,True,,True,True,True
AIT-2025-04-007,2025-03-31,2025-03-31,TRI,Thomson Reuters,True,False,2021-01-04,2026-04-30,True,,True,True,True
AIT-2025-04-007,2025-03-31,2025-03-31,WDC,Western Digital,True,False,2021-01-04,2026-04-30,True,,True,True,True
AIT-2025-04-007,2025-03-31,2025-03-31,WDAY,"Workday, Inc.",True,False,2021-01-04,2026-04-30,True,,True,True,True
AIT-2025-04-007,2025-03-31,2025-03-31,ZS,"Zscaler, Inc.",True,False,2021-01-04,2026-04-30,True,,True,True,True
AIT-2025-04-008,2025-04-29,2025-04-29,ADBE,Adobe Inc.,True,False,2021-01-04,2026-04-30,True,,True,True,True
AIT-2025-04-008,2025-04-29,2025-04-29,AMD,Advanced Micro Devices,True,True,2021-01-04,2026-04-30,True,,True,True,True
AIT-2025-04-008,2025-04-29,2025-04-29,GOOGL,Alphabet Inc. (Class A),True,False,2021-01-04,2026-04-30,True,,True,True,True
AIT-2025-04-008,2025-04-29,2025-04-29,GOOG,Alphabet Inc. (Class C),True,False,2021-01-04,2026-04-30,True,,True,True,True
AIT-2025-04-008,2025-04-29,2025-04-29,ADI,Analog Devices,True,True,2021-01-04,2026-04-30,True,,True,True,True
AIT-2025-04-008,2025-04-29,2025-04-29,AAPL,Apple Inc.,True,False,2021-01-04,2026-04-30,True,,True,True,True
AIT-2025-04-008,2025-04-29,2025-04-29,AMAT,Applied Materials,True,True,2021-01-04,2026-04-30,True,,True,True,True
AIT-2025-04-008,2025-04-29,2025-04-29,APP,AppLovin,True,False,2021-04-15,2026-04-30,True,,True,True,True
AIT-2025-04-008,2025-04-29,2025-04-29,ARM,Arm Holdings,True,False,2023-09-14,2026-04-30,True,,True,True,True
AIT-2025-04-008,2025-04-29,2025-04-29,ASML,ASML Holding,True,True,2021-01-04,2026-04-30,True,,True,True,True
AIT-2025-04-008,2025-04-29,2025-04-29,ADSK,Autodesk,True,False,2021-01-04,2026-04-30,True,,True,True,True
AIT-2025-04-008,2025-04-29,2025-04-29,AVGO,Broadcom,True,True,2021-01-04,2026-04-30,True,,True,True,True
AIT-2025-04-008,2025-04-29,2025-04-29,CDNS,Cadence Design Systems,True,False,2021-01-04,2026-04-30,True,,True,True,True
AIT-2025-04-008,2025-04-29,2025-04-29,CTSH,Cognizant Technology Solutions Corporation,True,False,2021-01-04,2026-04-30,True,,True,True,True
AIT-2025-04-008,2025-04-29,2025-04-29,CRWD,CrowdStrike,True,False,2021-01-04,2026-04-30,True,,True,True,True
AIT-2025-04-008,2025-04-29,2025-04-29,DDOG,Datadog,True,False,2021-01-04,2026-04-30,True,,True,True,True
AIT-2025-04-008,2025-04-29,2025-04-29,DASH,DoorDash,True,False,2021-01-04,2026-04-30,True,,True,True,True
AIT-2025-04-008,2025-04-29,2025-04-29,FTNT,Fortinet,True,False,2021-01-04,2026-04-30,True,,True,True,True
AIT-2025-04-008,2025-04-29,2025-04-29,INTC,Intel,True,True,2021-01-04,2026-04-30,True,,True,True,True
AIT-2025-04-008,2025-04-29,2025-04-29,INTU,Intuit,True,False,2021-01-04,2026-04-30,True,,True,True,True
AIT-2025-04-008,2025-04-29,2025-04-29,KLAC,KLA Corporation,True,True,2021-01-04,2026-04-30,True,,True,True,True
AIT-2025-04-008,2025-04-29,2025-04-29,LRCX,Lam Research,True,True,2021-01-04,2026-04-30,True,,True,True,True
AIT-2025-04-008,2025-04-29,2025-04-29,MRVL,Marvell Technology,True,True,2021-01-04,2026-04-30,True,,True,True,True
AIT-2025-04-008,2025-04-29,2025-04-29,META,Meta Platforms,True,False,2021-01-04,2026-04-30,True,,True,True,True
AIT-2025-04-008,2025-04-29,2025-04-29,MCHP,Microchip Technology,True,True,2021-01-04,2026-04-30,True,,True,True,True
AIT-2025-04-008,2025-04-29,2025-04-29,MU,Micron Technology,True,True,2021-01-04,2026-04-30,True,,True,True,True
AIT-2025-04-008,2025-04-29,2025-04-29,MSFT,Microsoft,True,False,2021-01-04,2026-04-30,True,,True,True,True
AIT-2025-04-008,2025-04-29,2025-04-29,MPWR,Monolithic Power Systems,True,True,2021-01-04,2026-04-30,True,,True,True,True
AIT-2025-04-008,2025-04-29,2025-04-29,NVDA,Nvidia,True,True,2021-01-04,2026-04-30,True,,True,True,True
AIT-2025-04-008,2025-04-29,2025-04-29,NXPI,NXP Semiconductors,True,True,2021-01-04,2026-04-30,True,,True,True,True
AIT-2025-04-008,2025-04-29,2025-04-29,PLTR,Palantir Technologies,True,False,2021-01-04,2026-04-30,True,,True,True,True
AIT-2025-04-008,2025-04-29,2025-04-29,PANW,Palo Alto Networks,True,False,2021-01-04,2026-04-30,True,,True,True,True
AIT-2025-04-008,2025-04-29,2025-04-29,PDD,PDD Holdings,True,False,2021-01-04,2026-04-30,True,,True,True,True
AIT-2025-04-008,2025-04-29,2025-04-29,QCOM,Qualcomm,True,True,2021-01-04,2026-04-30,True,,True,True,True
AIT-2025-04-008,2025-04-29,2025-04-29,ROP,Roper Technologies,True,False,2021-01-04,2026-04-30,True,,True,True,True
AIT-2025-04-008,2025-04-29,2025-04-29,SNDK,Sandisk,True,False,2025-02-13,2026-04-30,False,2024-07-10;2024-07-11,False,True,False
AIT-2025-04-008,2025-04-29,2025-04-29,STX,Seagate Technology,True,False,2021-01-04,2026-04-30,True,,True,True,True
AIT-2025-04-008,2025-04-29,2025-04-29,SHOP,Shopify,True,False,2021-01-04,2026-04-30,True,,True,True,True
AIT-2025-04-008,2025-04-29,2025-04-29,MSTR,MicroStrategy,True,False,2021-01-04,2026-04-30,True,,True,True,True
AIT-2025-04-008,2025-04-29,2025-04-29,SNPS,Synopsys,True,False,2021-01-04,2026-04-30,True,,True,True,True
AIT-2025-04-008,2025-04-29,2025-04-29,TXN,Texas Instruments,True,True,2021-01-04,2026-04-30,True,,True,True,True
AIT-2025-04-008,2025-04-29,2025-04-29,TRI,Thomson Reuters,True,False,2021-01-04,2026-04-30,True,,True,True,True
AIT-2025-04-008,2025-04-29,2025-04-29,WDC,Western Digital,True,False,2021-01-04,2026-04-30,True,,True,True,True
AIT-2025-04-008,2025-04-29,2025-04-29,WDAY,"Workday, Inc.",True,False,2021-01-04,2026-04-30,True,,True,True,True
AIT-2025-04-008,2025-04-29,2025-04-29,ZS,"Zscaler, Inc.",True,False,2021-01-04,2026-04-30,True,,True,True,True
AIT-2025-05-002,2025-05-01,2025-05-01,ADBE,Adobe Inc.,True,False,2021-01-04,2026-04-30,True,,True,True,True
AIT-2025-05-002,2025-05-01,2025-05-01,AMD,Advanced Micro Devices,True,True,2021-01-04,2026-04-30,True,,True,True,True
AIT-2025-05-002,2025-05-01,2025-05-01,GOOGL,Alphabet Inc. (Class A),True,False,2021-01-04,2026-04-30,True,,True,True,True
AIT-2025-05-002,2025-05-01,2025-05-01,GOOG,Alphabet Inc. (Class C),True,False,2021-01-04,2026-04-30,True,,True,True,True
AIT-2025-05-002,2025-05-01,2025-05-01,ADI,Analog Devices,True,True,2021-01-04,2026-04-30,True,,True,True,True
AIT-2025-05-002,2025-05-01,2025-05-01,AAPL,Apple Inc.,True,False,2021-01-04,2026-04-30,True,,True,True,True
AIT-2025-05-002,2025-05-01,2025-05-01,AMAT,Applied Materials,True,True,2021-01-04,2026-04-30,True,,True,True,True
AIT-2025-05-002,2025-05-01,2025-05-01,APP,AppLovin,True,False,2021-04-15,2026-04-30,True,,True,True,True
AIT-2025-05-002,2025-05-01,2025-05-01,ARM,Arm Holdings,True,False,2023-09-14,2026-04-30,True,,True,True,True
AIT-2025-05-002,2025-05-01,2025-05-01,ASML,ASML Holding,True,True,2021-01-04,2026-04-30,True,,True,True,True
AIT-2025-05-002,2025-05-01,2025-05-01,ADSK,Autodesk,True,False,2021-01-04,2026-04-30,True,,True,True,True
AIT-2025-05-002,2025-05-01,2025-05-01,AVGO,Broadcom,True,True,2021-01-04,2026-04-30,True,,True,True,True
AIT-2025-05-002,2025-05-01,2025-05-01,CDNS,Cadence Design Systems,True,False,2021-01-04,2026-04-30,True,,True,True,True
AIT-2025-05-002,2025-05-01,2025-05-01,CTSH,Cognizant Technology Solutions Corporation,True,False,2021-01-04,2026-04-30,True,,True,True,True
AIT-2025-05-002,2025-05-01,2025-05-01,CRWD,CrowdStrike,True,False,2021-01-04,2026-04-30,True,,True,True,True
AIT-2025-05-002,2025-05-01,2025-05-01,DDOG,Datadog,True,False,2021-01-04,2026-04-30,True,,True,True,True
AIT-2025-05-002,2025-05-01,2025-05-01,DASH,DoorDash,True,False,2021-01-04,2026-04-30,True,,True,True,True
AIT-2025-05-002,2025-05-01,2025-05-01,FTNT,Fortinet,True,False,2021-01-04,2026-04-30,True,,True,True,True
AIT-2025-05-002,2025-05-01,2025-05-01,INTC,Intel,True,True,2021-01-04,2026-04-30,True,,True,True,True
AIT-2025-05-002,2025-05-01,2025-05-01,INTU,Intuit,True,False,2021-01-04,2026-04-30,True,,True,True,True
AIT-2025-05-002,2025-05-01,2025-05-01,KLAC,KLA Corporation,True,True,2021-01-04,2026-04-30,True,,True,True,True
AIT-2025-05-002,2025-05-01,2025-05-01,LRCX,Lam Research,True,True,2021-01-04,2026-04-30,True,,True,True,True
AIT-2025-05-002,2025-05-01,2025-05-01,MRVL,Marvell Technology,True,True,2021-01-04,2026-04-30,True,,True,True,True
AIT-2025-05-002,2025-05-01,2025-05-01,META,Meta Platforms,True,False,2021-01-04,2026-04-30,True,,True,True,True
AIT-2025-05-002,2025-05-01,2025-05-01,MCHP,Microchip Technology,True,True,2021-01-04,2026-04-30,True,,True,True,True
AIT-2025-05-002,2025-05-01,2025-05-01,MU,Micron Technology,True,True,2021-01-04,2026-04-30,True,,True,True,True
AIT-2025-05-002,2025-05-01,2025-05-01,MSFT,Microsoft,True,False,2021-01-04,2026-04-30,True,,True,True,True
AIT-2025-05-002,2025-05-01,2025-05-01,MPWR,Monolithic Power Systems,True,True,2021-01-04,2026-04-30,True,,True,True,True
AIT-2025-05-002,2025-05-01,2025-05-01,NVDA,Nvidia,True,True,2021-01-04,2026-04-30,True,,True,True,True
AIT-2025-05-002,2025-05-01,2025-05-01,NXPI,NXP Semiconductors,True,True,2021-01-04,2026-04-30,True,,True,True,True
AIT-2025-05-002,2025-05-01,2025-05-01,PLTR,Palantir Technologies,True,False,2021-01-04,2026-04-30,True,,True,True,True
AIT-2025-05-002,2025-05-01,2025-05-01,PANW,Palo Alto Networks,True,False,2021-01-04,2026-04-30,True,,True,True,True
AIT-2025-05-002,2025-05-01,2025-05-01,PDD,PDD Holdings,True,False,2021-01-04,2026-04-30,True,,True,True,True
AIT-2025-05-002,2025-05-01,2025-05-01,QCOM,Qualcomm,True,True,2021-01-04,2026-04-30,True,,True,True,True
AIT-2025-05-002,2025-05-01,2025-05-01,ROP,Roper Technologies,True,False,2021-01-04,2026-04-30,True,,True,True,True
AIT-2025-05-002,2025-05-01,2025-05-01,SNDK,Sandisk,True,False,2025-02-13,2026-04-30,False,2024-07-12;2024-07-15,False,True,False
AIT-2025-05-002,2025-05-01,2025-05-01,STX,Seagate Technology,True,False,2021-01-04,2026-04-30,True,,True,True,True
AIT-2025-05-002,2025-05-01,2025-05-01,SHOP,Shopify,True,False,2021-01-04,2026-04-30,True,,True,True,True
AIT-2025-05-002,2025-05-01,2025-05-01,MSTR,MicroStrategy,True,False,2021-01-04,2026-04-30,True,,True,True,True
AIT-2025-05-002,2025-05-01,2025-05-01,SNPS,Synopsys,True,False,2021-01-04,2026-04-30,True,,True,True,True
AIT-2025-05-002,2025-05-01,2025-05-01,TXN,Texas Instruments,True,True,2021-01-04,2026-04-30,True,,True,True,True
AIT-2025-05-002,2025-05-01,2025-05-01,TRI,Thomson Reuters,True,False,2021-01-04,2026-04-30,True,,True,True,True
AIT-2025-05-002,2025-05-01,2025-05-01,WDC,Western Digital,True,False,2021-01-04,2026-04-30,True,,True,True,True
AIT-2025-05-002,2025-05-01,2025-05-01,WDAY,"Workday, Inc.",True,False,2021-01-04,2026-04-30,True,,True,True,True
AIT-2025-05-002,2025-05-01,2025-05-01,ZS,"Zscaler, Inc.",True,False,2021-01-04,2026-04-30,True,,True,True,True
AIT-2025-05-003,2025-05-22,2025-05-22,ADBE,Adobe Inc.,True,False,2021-01-04,2026-04-30,True,,True,True,True
AIT-2025-05-003,2025-05-22,2025-05-22,AMD,Advanced Micro Devices,True,True,2021-01-04,2026-04-30,True,,True,True,True
AIT-2025-05-003,2025-05-22,2025-05-22,GOOGL,Alphabet Inc. (Class A),True,False,2021-01-04,2026-04-30,True,,True,True,True
AIT-2025-05-003,2025-05-22,2025-05-22,GOOG,Alphabet Inc. (Class C),True,False,2021-01-04,2026-04-30,True,,True,True,True
AIT-2025-05-003,2025-05-22,2025-05-22,ADI,Analog Devices,True,True,2021-01-04,2026-04-30,True,,True,True,True
AIT-2025-05-003,2025-05-22,2025-05-22,AAPL,Apple Inc.,True,False,2021-01-04,2026-04-30,True,,True,True,True
AIT-2025-05-003,2025-05-22,2025-05-22,AMAT,Applied Materials,True,True,2021-01-04,2026-04-30,True,,True,True,True
AIT-2025-05-003,2025-05-22,2025-05-22,APP,AppLovin,True,False,2021-04-15,2026-04-30,True,,True,True,True
AIT-2025-05-003,2025-05-22,2025-05-22,ARM,Arm Holdings,True,False,2023-09-14,2026-04-30,True,,True,True,True
AIT-2025-05-003,2025-05-22,2025-05-22,ASML,ASML Holding,True,True,2021-01-04,2026-04-30,True,,True,True,True
AIT-2025-05-003,2025-05-22,2025-05-22,ADSK,Autodesk,True,False,2021-01-04,2026-04-30,True,,True,True,True
AIT-2025-05-003,2025-05-22,2025-05-22,AVGO,Broadcom,True,True,2021-01-04,2026-04-30,True,,True,True,True
AIT-2025-05-003,2025-05-22,2025-05-22,CDNS,Cadence Design Systems,True,False,2021-01-04,2026-04-30,True,,True,True,True
AIT-2025-05-003,2025-05-22,2025-05-22,CTSH,Cognizant Technology Solutions Corporation,True,False,2021-01-04,2026-04-30,True,,True,True,True
AIT-2025-05-003,2025-05-22,2025-05-22,CRWD,CrowdStrike,True,False,2021-01-04,2026-04-30,True,,True,True,True
AIT-2025-05-003,2025-05-22,2025-05-22,DDOG,Datadog,True,False,2021-01-04,2026-04-30,True,,True,True,True
AIT-2025-05-003,2025-05-22,2025-05-22,DASH,DoorDash,True,False,2021-01-04,2026-04-30,True,,True,True,True
AIT-2025-05-003,2025-05-22,2025-05-22,FTNT,Fortinet,True,False,2021-01-04,2026-04-30,True,,True,True,True
AIT-2025-05-003,2025-05-22,2025-05-22,INTC,Intel,True,True,2021-01-04,2026-04-30,True,,True,True,True
AIT-2025-05-003,2025-05-22,2025-05-22,INTU,Intuit,True,False,2021-01-04,2026-04-30,True,,True,True,True
AIT-2025-05-003,2025-05-22,2025-05-22,KLAC,KLA Corporation,True,True,2021-01-04,2026-04-30,True,,True,True,True
AIT-2025-05-003,2025-05-22,2025-05-22,LRCX,Lam Research,True,True,2021-01-04,2026-04-30,True,,True,True,True
AIT-2025-05-003,2025-05-22,2025-05-22,MRVL,Marvell Technology,True,True,2021-01-04,2026-04-30,True,,True,True,True
AIT-2025-05-003,2025-05-22,2025-05-22,META,Meta Platforms,True,False,2021-01-04,2026-04-30,True,,True,True,True
AIT-2025-05-003,2025-05-22,2025-05-22,MCHP,Microchip Technology,True,True,2021-01-04,2026-04-30,True,,True,True,True
AIT-2025-05-003,2025-05-22,2025-05-22,MU,Micron Technology,True,True,2021-01-04,2026-04-30,True,,True,True,True
AIT-2025-05-003,2025-05-22,2025-05-22,MSFT,Microsoft,True,False,2021-01-04,2026-04-30,True,,True,True,True
AIT-2025-05-003,2025-05-22,2025-05-22,MPWR,Monolithic Power Systems,True,True,2021-01-04,2026-04-30,True,,True,True,True
AIT-2025-05-003,2025-05-22,2025-05-22,NVDA,Nvidia,True,True,2021-01-04,2026-04-30,True,,True,True,True
AIT-2025-05-003,2025-05-22,2025-05-22,NXPI,NXP Semiconductors,True,True,2021-01-04,2026-04-30,True,,True,True,True
AIT-2025-05-003,2025-05-22,2025-05-22,PLTR,Palantir Technologies,True,False,2021-01-04,2026-04-30,True,,True,True,True
AIT-2025-05-003,2025-05-22,2025-05-22,PANW,Palo Alto Networks,True,False,2021-01-04,2026-04-30,True,,True,True,True
AIT-2025-05-003,2025-05-22,2025-05-22,PDD,PDD Holdings,True,False,2021-01-04,2026-04-30,True,,True,True,True
AIT-2025-05-003,2025-05-22,2025-05-22,QCOM,Qualcomm,True,True,2021-01-04,2026-04-30,True,,True,True,True
AIT-2025-05-003,2025-05-22,2025-05-22,ROP,Roper Technologies,True,False,2021-01-04,2026-04-30,True,,True,True,True
AIT-2025-05-003,2025-05-22,2025-05-22,SNDK,Sandisk,True,False,2025-02-13,2026-04-30,False,2024-08-02;2024-08-05,False,True,False
AIT-2025-05-003,2025-05-22,2025-05-22,STX,Seagate Technology,True,False,2021-01-04,2026-04-30,True,,True,True,True
AIT-2025-05-003,2025-05-22,2025-05-22,SHOP,Shopify,True,False,2021-01-04,2026-04-30,True,,True,True,True
AIT-2025-05-003,2025-05-22,2025-05-22,MSTR,MicroStrategy,True,False,2021-01-04,2026-04-30,True,,True,True,True
AIT-2025-05-003,2025-05-22,2025-05-22,SNPS,Synopsys,True,False,2021-01-04,2026-04-30,True,,True,True,True
AIT-2025-05-003,2025-05-22,2025-05-22,TXN,Texas Instruments,True,True,2021-01-04,2026-04-30,True,,True,True,True
AIT-2025-05-003,2025-05-22,2025-05-22,TRI,Thomson Reuters,True,False,2021-01-04,2026-04-30,True,,True,True,True
AIT-2025-05-003,2025-05-22,2025-05-22,WDC,Western Digital,True,False,2021-01-04,2026-04-30,True,,True,True,True
AIT-2025-05-003,2025-05-22,2025-05-22,WDAY,"Workday, Inc.",True,False,2021-01-04,2026-04-30,True,,True,True,True
AIT-2025-05-003,2025-05-22,2025-05-22,ZS,"Zscaler, Inc.",True,False,2021-01-04,2026-04-30,True,,True,True,True
AIT-2025-05-004,2025-05-20,2025-05-20,ADBE,Adobe Inc.,True,False,2021-01-04,2026-04-30,True,,True,True,True
AIT-2025-05-004,2025-05-20,2025-05-20,AMD,Advanced Micro Devices,True,True,2021-01-04,2026-04-30,True,,True,True,True
AIT-2025-05-004,2025-05-20,2025-05-20,GOOGL,Alphabet Inc. (Class A),True,False,2021-01-04,2026-04-30,True,,True,True,True
AIT-2025-05-004,2025-05-20,2025-05-20,GOOG,Alphabet Inc. (Class C),True,False,2021-01-04,2026-04-30,True,,True,True,True
AIT-2025-05-004,2025-05-20,2025-05-20,ADI,Analog Devices,True,True,2021-01-04,2026-04-30,True,,True,True,True
AIT-2025-05-004,2025-05-20,2025-05-20,AAPL,Apple Inc.,True,False,2021-01-04,2026-04-30,True,,True,True,True
AIT-2025-05-004,2025-05-20,2025-05-20,AMAT,Applied Materials,True,True,2021-01-04,2026-04-30,True,,True,True,True
AIT-2025-05-004,2025-05-20,2025-05-20,APP,AppLovin,True,False,2021-04-15,2026-04-30,True,,True,True,True
AIT-2025-05-004,2025-05-20,2025-05-20,ARM,Arm Holdings,True,False,2023-09-14,2026-04-30,True,,True,True,True
AIT-2025-05-004,2025-05-20,2025-05-20,ASML,ASML Holding,True,True,2021-01-04,2026-04-30,True,,True,True,True
AIT-2025-05-004,2025-05-20,2025-05-20,ADSK,Autodesk,True,False,2021-01-04,2026-04-30,True,,True,True,True
AIT-2025-05-004,2025-05-20,2025-05-20,AVGO,Broadcom,True,True,2021-01-04,2026-04-30,True,,True,True,True
AIT-2025-05-004,2025-05-20,2025-05-20,CDNS,Cadence Design Systems,True,False,2021-01-04,2026-04-30,True,,True,True,True
AIT-2025-05-004,2025-05-20,2025-05-20,CTSH,Cognizant Technology Solutions Corporation,True,False,2021-01-04,2026-04-30,True,,True,True,True
AIT-2025-05-004,2025-05-20,2025-05-20,CRWD,CrowdStrike,True,False,2021-01-04,2026-04-30,True,,True,True,True
AIT-2025-05-004,2025-05-20,2025-05-20,DDOG,Datadog,True,False,2021-01-04,2026-04-30,True,,True,True,True
AIT-2025-05-004,2025-05-20,2025-05-20,DASH,DoorDash,True,False,2021-01-04,2026-04-30,True,,True,True,True
AIT-2025-05-004,2025-05-20,2025-05-20,FTNT,Fortinet,True,False,2021-01-04,2026-04-30,True,,True,True,True
AIT-2025-05-004,2025-05-20,2025-05-20,INTC,Intel,True,True,2021-01-04,2026-04-30,True,,True,True,True
AIT-2025-05-004,2025-05-20,2025-05-20,INTU,Intuit,True,False,2021-01-04,2026-04-30,True,,True,True,True
AIT-2025-05-004,2025-05-20,2025-05-20,KLAC,KLA Corporation,True,True,2021-01-04,2026-04-30,True,,True,True,True
AIT-2025-05-004,2025-05-20,2025-05-20,LRCX,Lam Research,True,True,2021-01-04,2026-04-30,True,,True,True,True
AIT-2025-05-004,2025-05-20,2025-05-20,MRVL,Marvell Technology,True,True,2021-01-04,2026-04-30,True,,True,True,True
AIT-2025-05-004,2025-05-20,2025-05-20,META,Meta Platforms,True,False,2021-01-04,2026-04-30,True,,True,True,True
AIT-2025-05-004,2025-05-20,2025-05-20,MCHP,Microchip Technology,True,True,2021-01-04,2026-04-30,True,,True,True,True
AIT-2025-05-004,2025-05-20,2025-05-20,MU,Micron Technology,True,True,2021-01-04,2026-04-30,True,,True,True,True
AIT-2025-05-004,2025-05-20,2025-05-20,MSFT,Microsoft,True,False,2021-01-04,2026-04-30,True,,True,True,True
AIT-2025-05-004,2025-05-20,2025-05-20,MPWR,Monolithic Power Systems,True,True,2021-01-04,2026-04-30,True,,True,True,True
AIT-2025-05-004,2025-05-20,2025-05-20,NVDA,Nvidia,True,True,2021-01-04,2026-04-30,True,,True,True,True
AIT-2025-05-004,2025-05-20,2025-05-20,NXPI,NXP Semiconductors,True,True,2021-01-04,2026-04-30,True,,True,True,True
AIT-2025-05-004,2025-05-20,2025-05-20,PLTR,Palantir Technologies,True,False,2021-01-04,2026-04-30,True,,True,True,True
AIT-2025-05-004,2025-05-20,2025-05-20,PANW,Palo Alto Networks,True,False,2021-01-04,2026-04-30,True,,True,True,True
AIT-2025-05-004,2025-05-20,2025-05-20,PDD,PDD Holdings,True,False,2021-01-04,2026-04-30,True,,True,True,True
AIT-2025-05-004,2025-05-20,2025-05-20,QCOM,Qualcomm,True,True,2021-01-04,2026-04-30,True,,True,True,True
AIT-2025-05-004,2025-05-20,2025-05-20,ROP,Roper Technologies,True,False,2021-01-04,2026-04-30,True,,True,True,True
AIT-2025-05-004,2025-05-20,2025-05-20,SNDK,Sandisk,True,False,2025-02-13,2026-04-30,False,2024-07-31;2024-08-01,False,True,False
AIT-2025-05-004,2025-05-20,2025-05-20,STX,Seagate Technology,True,False,2021-01-04,2026-04-30,True,,True,True,True
AIT-2025-05-004,2025-05-20,2025-05-20,SHOP,Shopify,True,False,2021-01-04,2026-04-30,True,,True,True,True
AIT-2025-05-004,2025-05-20,2025-05-20,MSTR,MicroStrategy,True,False,2021-01-04,2026-04-30,True,,True,True,True
AIT-2025-05-004,2025-05-20,2025-05-20,SNPS,Synopsys,True,False,2021-01-04,2026-04-30,True,,True,True,True
AIT-2025-05-004,2025-05-20,2025-05-20,TXN,Texas Instruments,True,True,2021-01-04,2026-04-30,True,,True,True,True
AIT-2025-05-004,2025-05-20,2025-05-20,TRI,Thomson Reuters,True,False,2021-01-04,2026-04-30,True,,True,True,True
AIT-2025-05-004,2025-05-20,2025-05-20,WDC,Western Digital,True,False,2021-01-04,2026-04-30,True,,True,True,True
AIT-2025-05-004,2025-05-20,2025-05-20,WDAY,"Workday, Inc.",True,False,2021-01-04,2026-04-30,True,,True,True,True
AIT-2025-05-004,2025-05-20,2025-05-20,ZS,"Zscaler, Inc.",True,False,2021-01-04,2026-04-30,True,,True,True,True
AIT-2025-05-009,2025-05-28,2025-05-28,ADBE,Adobe Inc.,True,False,2021-01-04,2026-04-30,True,,True,True,True
AIT-2025-05-009,2025-05-28,2025-05-28,AMD,Advanced Micro Devices,True,True,2021-01-04,2026-04-30,True,,True,True,True
AIT-2025-05-009,2025-05-28,2025-05-28,GOOGL,Alphabet Inc. (Class A),True,False,2021-01-04,2026-04-30,True,,True,True,True
AIT-2025-05-009,2025-05-28,2025-05-28,GOOG,Alphabet Inc. (Class C),True,False,2021-01-04,2026-04-30,True,,True,True,True
AIT-2025-05-009,2025-05-28,2025-05-28,ADI,Analog Devices,True,True,2021-01-04,2026-04-30,True,,True,True,True
AIT-2025-05-009,2025-05-28,2025-05-28,AAPL,Apple Inc.,True,False,2021-01-04,2026-04-30,True,,True,True,True
AIT-2025-05-009,2025-05-28,2025-05-28,AMAT,Applied Materials,True,True,2021-01-04,2026-04-30,True,,True,True,True
AIT-2025-05-009,2025-05-28,2025-05-28,APP,AppLovin,True,False,2021-04-15,2026-04-30,True,,True,True,True
AIT-2025-05-009,2025-05-28,2025-05-28,ARM,Arm Holdings,True,False,2023-09-14,2026-04-30,True,,True,True,True
AIT-2025-05-009,2025-05-28,2025-05-28,ASML,ASML Holding,True,True,2021-01-04,2026-04-30,True,,True,True,True
AIT-2025-05-009,2025-05-28,2025-05-28,ADSK,Autodesk,True,False,2021-01-04,2026-04-30,True,,True,True,True
AIT-2025-05-009,2025-05-28,2025-05-28,AVGO,Broadcom,True,True,2021-01-04,2026-04-30,True,,True,True,True
AIT-2025-05-009,2025-05-28,2025-05-28,CDNS,Cadence Design Systems,True,False,2021-01-04,2026-04-30,True,,True,True,True
AIT-2025-05-009,2025-05-28,2025-05-28,CTSH,Cognizant Technology Solutions Corporation,True,False,2021-01-04,2026-04-30,True,,True,True,True
AIT-2025-05-009,2025-05-28,2025-05-28,CRWD,CrowdStrike,True,False,2021-01-04,2026-04-30,True,,True,True,True
AIT-2025-05-009,2025-05-28,2025-05-28,DDOG,Datadog,True,False,2021-01-04,2026-04-30,True,,True,True,True
AIT-2025-05-009,2025-05-28,2025-05-28,DASH,DoorDash,True,False,2021-01-04,2026-04-30,True,,True,True,True
AIT-2025-05-009,2025-05-28,2025-05-28,FTNT,Fortinet,True,False,2021-01-04,2026-04-30,True,,True,True,True
AIT-2025-05-009,2025-05-28,2025-05-28,INTC,Intel,True,True,2021-01-04,2026-04-30,True,,True,True,True
AIT-2025-05-009,2025-05-28,2025-05-28,INTU,Intuit,True,False,2021-01-04,2026-04-30,True,,True,True,True
AIT-2025-05-009,2025-05-28,2025-05-28,KLAC,KLA Corporation,True,True,2021-01-04,2026-04-30,True,,True,True,True
AIT-2025-05-009,2025-05-28,2025-05-28,LRCX,Lam Research,True,True,2021-01-04,2026-04-30,True,,True,True,True
AIT-2025-05-009,2025-05-28,2025-05-28,MRVL,Marvell Technology,True,True,2021-01-04,2026-04-30,True,,True,True,True
AIT-2025-05-009,2025-05-28,2025-05-28,META,Meta Platforms,True,False,2021-01-04,2026-04-30,True,,True,True,True
AIT-2025-05-009,2025-05-28,2025-05-28,MCHP,Microchip Technology,True,True,2021-01-04,2026-04-30,True,,True,True,True
AIT-2025-05-009,2025-05-28,2025-05-28,MU,Micron Technology,True,True,2021-01-04,2026-04-30,True,,True,True,True
AIT-2025-05-009,2025-05-28,2025-05-28,MSFT,Microsoft,True,False,2021-01-04,2026-04-30,True,,True,True,True
AIT-2025-05-009,2025-05-28,2025-05-28,MPWR,Monolithic Power Systems,True,True,2021-01-04,2026-04-30,True,,True,True,True
AIT-2025-05-009,2025-05-28,2025-05-28,NVDA,Nvidia,True,True,2021-01-04,2026-04-30,True,,True,True,True
AIT-2025-05-009,2025-05-28,2025-05-28,NXPI,NXP Semiconductors,True,True,2021-01-04,2026-04-30,True,,True,True,True
AIT-2025-05-009,2025-05-28,2025-05-28,PLTR,Palantir Technologies,True,False,2021-01-04,2026-04-30,True,,True,True,True
AIT-2025-05-009,2025-05-28,2025-05-28,PANW,Palo Alto Networks,True,False,2021-01-04,2026-04-30,True,,True,True,True
AIT-2025-05-009,2025-05-28,2025-05-28,PDD,PDD Holdings,True,False,2021-01-04,2026-04-30,True,,True,True,True
AIT-2025-05-009,2025-05-28,2025-05-28,QCOM,Qualcomm,True,True,2021-01-04,2026-04-30,True,,True,True,True
AIT-2025-05-009,2025-05-28,2025-05-28,ROP,Roper Technologies,True,False,2021-01-04,2026-04-30,True,,True,True,True
AIT-2025-05-009,2025-05-28,2025-05-28,SNDK,Sandisk,True,False,2025-02-13,2026-04-30,False,2024-08-07;2024-08-08,False,True,False
AIT-2025-05-009,2025-05-28,2025-05-28,STX,Seagate Technology,True,False,2021-01-04,2026-04-30,True,,True,True,True
AIT-2025-05-009,2025-05-28,2025-05-28,SHOP,Shopify,True,False,2021-01-04,2026-04-30,True,,True,True,True
AIT-2025-05-009,2025-05-28,2025-05-28,MSTR,MicroStrategy,True,False,2021-01-04,2026-04-30,True,,True,True,True
AIT-2025-05-009,2025-05-28,2025-05-28,SNPS,Synopsys,True,False,2021-01-04,2026-04-30,True,,True,True,True
AIT-2025-05-009,2025-05-28,2025-05-28,TXN,Texas Instruments,True,True,2021-01-04,2026-04-30,True,,True,True,True
AIT-2025-05-009,2025-05-28,2025-05-28,TRI,Thomson Reuters,True,False,2021-01-04,2026-04-30,True,,True,True,True
AIT-2025-05-009,2025-05-28,2025-05-28,WDC,Western Digital,True,False,2021-01-04,2026-04-30,True,,True,True,True
AIT-2025-05-009,2025-05-28,2025-05-28,WDAY,"Workday, Inc.",True,False,2021-01-04,2026-04-30,True,,True,True,True
AIT-2025-05-009,2025-05-28,2025-05-28,ZS,"Zscaler, Inc.",True,False,2021-01-04,2026-04-30,True,,True,True,True
AIT-2025-05-012,2025-05-20,2025-05-20,ADBE,Adobe Inc.,True,False,2021-01-04,2026-04-30,True,,True,True,True
AIT-2025-05-012,2025-05-20,2025-05-20,AMD,Advanced Micro Devices,True,True,2021-01-04,2026-04-30,True,,True,True,True
AIT-2025-05-012,2025-05-20,2025-05-20,GOOGL,Alphabet Inc. (Class A),True,False,2021-01-04,2026-04-30,True,,True,True,True
AIT-2025-05-012,2025-05-20,2025-05-20,GOOG,Alphabet Inc. (Class C),True,False,2021-01-04,2026-04-30,True,,True,True,True
AIT-2025-05-012,2025-05-20,2025-05-20,ADI,Analog Devices,True,True,2021-01-04,2026-04-30,True,,True,True,True
AIT-2025-05-012,2025-05-20,2025-05-20,AAPL,Apple Inc.,True,False,2021-01-04,2026-04-30,True,,True,True,True
AIT-2025-05-012,2025-05-20,2025-05-20,AMAT,Applied Materials,True,True,2021-01-04,2026-04-30,True,,True,True,True
AIT-2025-05-012,2025-05-20,2025-05-20,APP,AppLovin,True,False,2021-04-15,2026-04-30,True,,True,True,True
AIT-2025-05-012,2025-05-20,2025-05-20,ARM,Arm Holdings,True,False,2023-09-14,2026-04-30,True,,True,True,True
AIT-2025-05-012,2025-05-20,2025-05-20,ASML,ASML Holding,True,True,2021-01-04,2026-04-30,True,,True,True,True
AIT-2025-05-012,2025-05-20,2025-05-20,ADSK,Autodesk,True,False,2021-01-04,2026-04-30,True,,True,True,True
AIT-2025-05-012,2025-05-20,2025-05-20,AVGO,Broadcom,True,True,2021-01-04,2026-04-30,True,,True,True,True
AIT-2025-05-012,2025-05-20,2025-05-20,CDNS,Cadence Design Systems,True,False,2021-01-04,2026-04-30,True,,True,True,True
AIT-2025-05-012,2025-05-20,2025-05-20,CTSH,Cognizant Technology Solutions Corporation,True,False,2021-01-04,2026-04-30,True,,True,True,True
AIT-2025-05-012,2025-05-20,2025-05-20,CRWD,CrowdStrike,True,False,2021-01-04,2026-04-30,True,,True,True,True
AIT-2025-05-012,2025-05-20,2025-05-20,DDOG,Datadog,True,False,2021-01-04,2026-04-30,True,,True,True,True
AIT-2025-05-012,2025-05-20,2025-05-20,DASH,DoorDash,True,False,2021-01-04,2026-04-30,True,,True,True,True
AIT-2025-05-012,2025-05-20,2025-05-20,FTNT,Fortinet,True,False,2021-01-04,2026-04-30,True,,True,True,True
AIT-2025-05-012,2025-05-20,2025-05-20,INTC,Intel,True,True,2021-01-04,2026-04-30,True,,True,True,True
AIT-2025-05-012,2025-05-20,2025-05-20,INTU,Intuit,True,False,2021-01-04,2026-04-30,True,,True,True,True
AIT-2025-05-012,2025-05-20,2025-05-20,KLAC,KLA Corporation,True,True,2021-01-04,2026-04-30,True,,True,True,True
AIT-2025-05-012,2025-05-20,2025-05-20,LRCX,Lam Research,True,True,2021-01-04,2026-04-30,True,,True,True,True
AIT-2025-05-012,2025-05-20,2025-05-20,MRVL,Marvell Technology,True,True,2021-01-04,2026-04-30,True,,True,True,True
AIT-2025-05-012,2025-05-20,2025-05-20,META,Meta Platforms,True,False,2021-01-04,2026-04-30,True,,True,True,True
AIT-2025-05-012,2025-05-20,2025-05-20,MCHP,Microchip Technology,True,True,2021-01-04,2026-04-30,True,,True,True,True
AIT-2025-05-012,2025-05-20,2025-05-20,MU,Micron Technology,True,True,2021-01-04,2026-04-30,True,,True,True,True
AIT-2025-05-012,2025-05-20,2025-05-20,MSFT,Microsoft,True,False,2021-01-04,2026-04-30,True,,True,True,True
AIT-2025-05-012,2025-05-20,2025-05-20,MPWR,Monolithic Power Systems,True,True,2021-01-04,2026-04-30,True,,True,True,True
AIT-2025-05-012,2025-05-20,2025-05-20,NVDA,Nvidia,True,True,2021-01-04,2026-04-30,True,,True,True,True
AIT-2025-05-012,2025-05-20,2025-05-20,NXPI,NXP Semiconductors,True,True,2021-01-04,2026-04-30,True,,True,True,True
AIT-2025-05-012,2025-05-20,2025-05-20,PLTR,Palantir Technologies,True,False,2021-01-04,2026-04-30,True,,True,True,True
AIT-2025-05-012,2025-05-20,2025-05-20,PANW,Palo Alto Networks,True,False,2021-01-04,2026-04-30,True,,True,True,True
AIT-2025-05-012,2025-05-20,2025-05-20,PDD,PDD Holdings,True,False,2021-01-04,2026-04-30,True,,True,True,True
AIT-2025-05-012,2025-05-20,2025-05-20,QCOM,Qualcomm,True,True,2021-01-04,2026-04-30,True,,True,True,True
AIT-2025-05-012,2025-05-20,2025-05-20,ROP,Roper Technologies,True,False,2021-01-04,2026-04-30,True,,True,True,True
AIT-2025-05-012,2025-05-20,2025-05-20,SNDK,Sandisk,True,False,2025-02-13,2026-04-30,False,2024-07-31;2024-08-01,False,True,False
AIT-2025-05-012,2025-05-20,2025-05-20,STX,Seagate Technology,True,False,2021-01-04,2026-04-30,True,,True,True,True
AIT-2025-05-012,2025-05-20,2025-05-20,SHOP,Shopify,True,False,2021-01-04,2026-04-30,True,,True,True,True
AIT-2025-05-012,2025-05-20,2025-05-20,MSTR,MicroStrategy,True,False,2021-01-04,2026-04-30,True,,True,True,True
AIT-2025-05-012,2025-05-20,2025-05-20,SNPS,Synopsys,True,False,2021-01-04,2026-04-30,True,,True,True,True
AIT-2025-05-012,2025-05-20,2025-05-20,TXN,Texas Instruments,True,True,2021-01-04,2026-04-30,True,,True,True,True
AIT-2025-05-012,2025-05-20,2025-05-20,TRI,Thomson Reuters,True,False,2021-01-04,2026-04-30,True,,True,True,True
AIT-2025-05-012,2025-05-20,2025-05-20,WDC,Western Digital,True,False,2021-01-04,2026-04-30,True,,True,True,True
AIT-2025-05-012,2025-05-20,2025-05-20,WDAY,"Workday, Inc.",True,False,2021-01-04,2026-04-30,True,,True,True,True
AIT-2025-05-012,2025-05-20,2025-05-20,ZS,"Zscaler, Inc.",True,False,2021-01-04,2026-04-30,True,,True,True,True
AIT-2025-06-002,2025-06-03,2025-06-03,ADBE,Adobe Inc.,True,False,2021-01-04,2026-04-30,True,,True,True,True
AIT-2025-06-002,2025-06-03,2025-06-03,AMD,Advanced Micro Devices,True,True,2021-01-04,2026-04-30,True,,True,True,True
AIT-2025-06-002,2025-06-03,2025-06-03,GOOGL,Alphabet Inc. (Class A),True,False,2021-01-04,2026-04-30,True,,True,True,True
AIT-2025-06-002,2025-06-03,2025-06-03,GOOG,Alphabet Inc. (Class C),True,False,2021-01-04,2026-04-30,True,,True,True,True
AIT-2025-06-002,2025-06-03,2025-06-03,ADI,Analog Devices,True,True,2021-01-04,2026-04-30,True,,True,True,True
AIT-2025-06-002,2025-06-03,2025-06-03,AAPL,Apple Inc.,True,False,2021-01-04,2026-04-30,True,,True,True,True
AIT-2025-06-002,2025-06-03,2025-06-03,AMAT,Applied Materials,True,True,2021-01-04,2026-04-30,True,,True,True,True
AIT-2025-06-002,2025-06-03,2025-06-03,APP,AppLovin,True,False,2021-04-15,2026-04-30,True,,True,True,True
AIT-2025-06-002,2025-06-03,2025-06-03,ARM,Arm Holdings,True,False,2023-09-14,2026-04-30,True,,True,True,True
AIT-2025-06-002,2025-06-03,2025-06-03,ASML,ASML Holding,True,True,2021-01-04,2026-04-30,True,,True,True,True
AIT-2025-06-002,2025-06-03,2025-06-03,ADSK,Autodesk,True,False,2021-01-04,2026-04-30,True,,True,True,True
AIT-2025-06-002,2025-06-03,2025-06-03,AVGO,Broadcom,True,True,2021-01-04,2026-04-30,True,,True,True,True
AIT-2025-06-002,2025-06-03,2025-06-03,CDNS,Cadence Design Systems,True,False,2021-01-04,2026-04-30,True,,True,True,True
AIT-2025-06-002,2025-06-03,2025-06-03,CTSH,Cognizant Technology Solutions Corporation,True,False,2021-01-04,2026-04-30,True,,True,True,True
AIT-2025-06-002,2025-06-03,2025-06-03,CRWD,CrowdStrike,True,False,2021-01-04,2026-04-30,True,,True,True,True
AIT-2025-06-002,2025-06-03,2025-06-03,DDOG,Datadog,True,False,2021-01-04,2026-04-30,True,,True,True,True
AIT-2025-06-002,2025-06-03,2025-06-03,DASH,DoorDash,True,False,2021-01-04,2026-04-30,True,,True,True,True
AIT-2025-06-002,2025-06-03,2025-06-03,FTNT,Fortinet,True,False,2021-01-04,2026-04-30,True,,True,True,True
AIT-2025-06-002,2025-06-03,2025-06-03,INTC,Intel,True,True,2021-01-04,2026-04-30,True,,True,True,True
AIT-2025-06-002,2025-06-03,2025-06-03,INTU,Intuit,True,False,2021-01-04,2026-04-30,True,,True,True,True
AIT-2025-06-002,2025-06-03,2025-06-03,KLAC,KLA Corporation,True,True,2021-01-04,2026-04-30,True,,True,True,True
AIT-2025-06-002,2025-06-03,2025-06-03,LRCX,Lam Research,True,True,2021-01-04,2026-04-30,True,,True,True,True
AIT-2025-06-002,2025-06-03,2025-06-03,MRVL,Marvell Technology,True,True,2021-01-04,2026-04-30,True,,True,True,True
AIT-2025-06-002,2025-06-03,2025-06-03,META,Meta Platforms,True,False,2021-01-04,2026-04-30,True,,True,True,True
AIT-2025-06-002,2025-06-03,2025-06-03,MCHP,Microchip Technology,True,True,2021-01-04,2026-04-30,True,,True,True,True
AIT-2025-06-002,2025-06-03,2025-06-03,MU,Micron Technology,True,True,2021-01-04,2026-04-30,True,,True,True,True
AIT-2025-06-002,2025-06-03,2025-06-03,MSFT,Microsoft,True,False,2021-01-04,2026-04-30,True,,True,True,True
AIT-2025-06-002,2025-06-03,2025-06-03,MPWR,Monolithic Power Systems,True,True,2021-01-04,2026-04-30,True,,True,True,True
AIT-2025-06-002,2025-06-03,2025-06-03,NVDA,Nvidia,True,True,2021-01-04,2026-04-30,True,,True,True,True
AIT-2025-06-002,2025-06-03,2025-06-03,NXPI,NXP Semiconductors,True,True,2021-01-04,2026-04-30,True,,True,True,True
AIT-2025-06-002,2025-06-03,2025-06-03,PLTR,Palantir Technologies,True,False,2021-01-04,2026-04-30,True,,True,True,True
AIT-2025-06-002,2025-06-03,2025-06-03,PANW,Palo Alto Networks,True,False,2021-01-04,2026-04-30,True,,True,True,True
AIT-2025-06-002,2025-06-03,2025-06-03,PDD,PDD Holdings,True,False,2021-01-04,2026-04-30,True,,True,True,True
AIT-2025-06-002,2025-06-03,2025-06-03,QCOM,Qualcomm,True,True,2021-01-04,2026-04-30,True,,True,True,True
AIT-2025-06-002,2025-06-03,2025-06-03,ROP,Roper Technologies,True,False,2021-01-04,2026-04-30,True,,True,True,True
AIT-2025-06-002,2025-06-03,2025-06-03,SNDK,Sandisk,True,False,2025-02-13,2026-04-30,False,2024-08-13;2024-08-14,False,True,False
AIT-2025-06-002,2025-06-03,2025-06-03,STX,Seagate Technology,True,False,2021-01-04,2026-04-30,True,,True,True,True
AIT-2025-06-002,2025-06-03,2025-06-03,SHOP,Shopify,True,False,2021-01-04,2026-04-30,True,,True,True,True
AIT-2025-06-002,2025-06-03,2025-06-03,MSTR,MicroStrategy,True,False,2021-01-04,2026-04-30,True,,True,True,True
AIT-2025-06-002,2025-06-03,2025-06-03,SNPS,Synopsys,True,False,2021-01-04,2026-04-30,True,,True,True,True
AIT-2025-06-002,2025-06-03,2025-06-03,TXN,Texas Instruments,True,True,2021-01-04,2026-04-30,True,,True,True,True
AIT-2025-06-002,2025-06-03,2025-06-03,TRI,Thomson Reuters,True,False,2021-01-04,2026-04-30,True,,True,True,True
AIT-2025-06-002,2025-06-03,2025-06-03,WDC,Western Digital,True,False,2021-01-04,2026-04-30,True,,True,True,True
AIT-2025-06-002,2025-06-03,2025-06-03,WDAY,"Workday, Inc.",True,False,2021-01-04,2026-04-30,True,,True,True,True
AIT-2025-06-002,2025-06-03,2025-06-03,ZS,"Zscaler, Inc.",True,False,2021-01-04,2026-04-30,True,,True,True,True
AIT-2025-06-003,2025-06-10,2025-06-10,ADBE,Adobe Inc.,True,False,2021-01-04,2026-04-30,True,,True,True,True
AIT-2025-06-003,2025-06-10,2025-06-10,AMD,Advanced Micro Devices,True,True,2021-01-04,2026-04-30,True,,True,True,True
AIT-2025-06-003,2025-06-10,2025-06-10,GOOGL,Alphabet Inc. (Class A),True,False,2021-01-04,2026-04-30,True,,True,True,True
AIT-2025-06-003,2025-06-10,2025-06-10,GOOG,Alphabet Inc. (Class C),True,False,2021-01-04,2026-04-30,True,,True,True,True
AIT-2025-06-003,2025-06-10,2025-06-10,ADI,Analog Devices,True,True,2021-01-04,2026-04-30,True,,True,True,True
AIT-2025-06-003,2025-06-10,2025-06-10,AAPL,Apple Inc.,True,False,2021-01-04,2026-04-30,True,,True,True,True
AIT-2025-06-003,2025-06-10,2025-06-10,AMAT,Applied Materials,True,True,2021-01-04,2026-04-30,True,,True,True,True
AIT-2025-06-003,2025-06-10,2025-06-10,APP,AppLovin,True,False,2021-04-15,2026-04-30,True,,True,True,True
AIT-2025-06-003,2025-06-10,2025-06-10,ARM,Arm Holdings,True,False,2023-09-14,2026-04-30,True,,True,True,True
AIT-2025-06-003,2025-06-10,2025-06-10,ASML,ASML Holding,True,True,2021-01-04,2026-04-30,True,,True,True,True
AIT-2025-06-003,2025-06-10,2025-06-10,ADSK,Autodesk,True,False,2021-01-04,2026-04-30,True,,True,True,True
AIT-2025-06-003,2025-06-10,2025-06-10,AVGO,Broadcom,True,True,2021-01-04,2026-04-30,True,,True,True,True
AIT-2025-06-003,2025-06-10,2025-06-10,CDNS,Cadence Design Systems,True,False,2021-01-04,2026-04-30,True,,True,True,True
AIT-2025-06-003,2025-06-10,2025-06-10,CTSH,Cognizant Technology Solutions Corporation,True,False,2021-01-04,2026-04-30,True,,True,True,True
AIT-2025-06-003,2025-06-10,2025-06-10,CRWD,CrowdStrike,True,False,2021-01-04,2026-04-30,True,,True,True,True
AIT-2025-06-003,2025-06-10,2025-06-10,DDOG,Datadog,True,False,2021-01-04,2026-04-30,True,,True,True,True
AIT-2025-06-003,2025-06-10,2025-06-10,DASH,DoorDash,True,False,2021-01-04,2026-04-30,True,,True,True,True
AIT-2025-06-003,2025-06-10,2025-06-10,FTNT,Fortinet,True,False,2021-01-04,2026-04-30,True,,True,True,True
AIT-2025-06-003,2025-06-10,2025-06-10,INTC,Intel,True,True,2021-01-04,2026-04-30,True,,True,True,True
AIT-2025-06-003,2025-06-10,2025-06-10,INTU,Intuit,True,False,2021-01-04,2026-04-30,True,,True,True,True
AIT-2025-06-003,2025-06-10,2025-06-10,KLAC,KLA Corporation,True,True,2021-01-04,2026-04-30,True,,True,True,True
AIT-2025-06-003,2025-06-10,2025-06-10,LRCX,Lam Research,True,True,2021-01-04,2026-04-30,True,,True,True,True
AIT-2025-06-003,2025-06-10,2025-06-10,MRVL,Marvell Technology,True,True,2021-01-04,2026-04-30,True,,True,True,True
AIT-2025-06-003,2025-06-10,2025-06-10,META,Meta Platforms,True,False,2021-01-04,2026-04-30,True,,True,True,True
AIT-2025-06-003,2025-06-10,2025-06-10,MCHP,Microchip Technology,True,True,2021-01-04,2026-04-30,True,,True,True,True
AIT-2025-06-003,2025-06-10,2025-06-10,MU,Micron Technology,True,True,2021-01-04,2026-04-30,True,,True,True,True
AIT-2025-06-003,2025-06-10,2025-06-10,MSFT,Microsoft,True,False,2021-01-04,2026-04-30,True,,True,True,True
AIT-2025-06-003,2025-06-10,2025-06-10,MPWR,Monolithic Power Systems,True,True,2021-01-04,2026-04-30,True,,True,True,True
AIT-2025-06-003,2025-06-10,2025-06-10,NVDA,Nvidia,True,True,2021-01-04,2026-04-30,True,,True,True,True
AIT-2025-06-003,2025-06-10,2025-06-10,NXPI,NXP Semiconductors,True,True,2021-01-04,2026-04-30,True,,True,True,True
AIT-2025-06-003,2025-06-10,2025-06-10,PLTR,Palantir Technologies,True,False,2021-01-04,2026-04-30,True,,True,True,True
AIT-2025-06-003,2025-06-10,2025-06-10,PANW,Palo Alto Networks,True,False,2021-01-04,2026-04-30,True,,True,True,True
AIT-2025-06-003,2025-06-10,2025-06-10,PDD,PDD Holdings,True,False,2021-01-04,2026-04-30,True,,True,True,True
AIT-2025-06-003,2025-06-10,2025-06-10,QCOM,Qualcomm,True,True,2021-01-04,2026-04-30,True,,True,True,True
AIT-2025-06-003,2025-06-10,2025-06-10,ROP,Roper Technologies,True,False,2021-01-04,2026-04-30,True,,True,True,True
AIT-2025-06-003,2025-06-10,2025-06-10,SNDK,Sandisk,True,False,2025-02-13,2026-04-30,False,2024-08-20;2024-08-21,False,True,False
AIT-2025-06-003,2025-06-10,2025-06-10,STX,Seagate Technology,True,False,2021-01-04,2026-04-30,True,,True,True,True
AIT-2025-06-003,2025-06-10,2025-06-10,SHOP,Shopify,True,False,2021-01-04,2026-04-30,True,,True,True,True
AIT-2025-06-003,2025-06-10,2025-06-10,MSTR,MicroStrategy,True,False,2021-01-04,2026-04-30,True,,True,True,True
AIT-2025-06-003,2025-06-10,2025-06-10,SNPS,Synopsys,True,False,2021-01-04,2026-04-30,True,,True,True,True
AIT-2025-06-003,2025-06-10,2025-06-10,TXN,Texas Instruments,True,True,2021-01-04,2026-04-30,True,,True,True,True
AIT-2025-06-003,2025-06-10,2025-06-10,TRI,Thomson Reuters,True,False,2021-01-04,2026-04-30,True,,True,True,True
AIT-2025-06-003,2025-06-10,2025-06-10,WDC,Western Digital,True,False,2021-01-04,2026-04-30,True,,True,True,True
AIT-2025-06-003,2025-06-10,2025-06-10,WDAY,"Workday, Inc.",True,False,2021-01-04,2026-04-30,True,,True,True,True
AIT-2025-06-003,2025-06-10,2025-06-10,ZS,"Zscaler, Inc.",True,False,2021-01-04,2026-04-30,True,,True,True,True
AIT-2025-07-001,2025-07-09,2025-07-09,ADBE,Adobe Inc.,True,False,2021-01-04,2026-04-30,True,,True,True,True
AIT-2025-07-001,2025-07-09,2025-07-09,AMD,Advanced Micro Devices,True,True,2021-01-04,2026-04-30,True,,True,True,True
AIT-2025-07-001,2025-07-09,2025-07-09,GOOGL,Alphabet Inc. (Class A),True,False,2021-01-04,2026-04-30,True,,True,True,True
AIT-2025-07-001,2025-07-09,2025-07-09,GOOG,Alphabet Inc. (Class C),True,False,2021-01-04,2026-04-30,True,,True,True,True
AIT-2025-07-001,2025-07-09,2025-07-09,ADI,Analog Devices,True,True,2021-01-04,2026-04-30,True,,True,True,True
AIT-2025-07-001,2025-07-09,2025-07-09,AAPL,Apple Inc.,True,False,2021-01-04,2026-04-30,True,,True,True,True
AIT-2025-07-001,2025-07-09,2025-07-09,AMAT,Applied Materials,True,True,2021-01-04,2026-04-30,True,,True,True,True
AIT-2025-07-001,2025-07-09,2025-07-09,APP,AppLovin,True,False,2021-04-15,2026-04-30,True,,True,True,True
AIT-2025-07-001,2025-07-09,2025-07-09,ARM,Arm Holdings,True,False,2023-09-14,2026-04-30,True,,True,True,True
AIT-2025-07-001,2025-07-09,2025-07-09,ASML,ASML Holding,True,True,2021-01-04,2026-04-30,True,,True,True,True
AIT-2025-07-001,2025-07-09,2025-07-09,ADSK,Autodesk,True,False,2021-01-04,2026-04-30,True,,True,True,True
AIT-2025-07-001,2025-07-09,2025-07-09,AVGO,Broadcom,True,True,2021-01-04,2026-04-30,True,,True,True,True
AIT-2025-07-001,2025-07-09,2025-07-09,CDNS,Cadence Design Systems,True,False,2021-01-04,2026-04-30,True,,True,True,True
AIT-2025-07-001,2025-07-09,2025-07-09,CTSH,Cognizant Technology Solutions Corporation,True,False,2021-01-04,2026-04-30,True,,True,True,True
AIT-2025-07-001,2025-07-09,2025-07-09,CRWD,CrowdStrike,True,False,2021-01-04,2026-04-30,True,,True,True,True
AIT-2025-07-001,2025-07-09,2025-07-09,DDOG,Datadog,True,False,2021-01-04,2026-04-30,True,,True,True,True
AIT-2025-07-001,2025-07-09,2025-07-09,DASH,DoorDash,True,False,2021-01-04,2026-04-30,True,,True,True,True
AIT-2025-07-001,2025-07-09,2025-07-09,FTNT,Fortinet,True,False,2021-01-04,2026-04-30,True,,True,True,True
AIT-2025-07-001,2025-07-09,2025-07-09,INTC,Intel,True,True,2021-01-04,2026-04-30,True,,True,True,True
AIT-2025-07-001,2025-07-09,2025-07-09,INTU,Intuit,True,False,2021-01-04,2026-04-30,True,,True,True,True
AIT-2025-07-001,2025-07-09,2025-07-09,KLAC,KLA Corporation,True,True,2021-01-04,2026-04-30,True,,True,True,True
AIT-2025-07-001,2025-07-09,2025-07-09,LRCX,Lam Research,True,True,2021-01-04,2026-04-30,True,,True,True,True
AIT-2025-07-001,2025-07-09,2025-07-09,MRVL,Marvell Technology,True,True,2021-01-04,2026-04-30,True,,True,True,True
AIT-2025-07-001,2025-07-09,2025-07-09,META,Meta Platforms,True,False,2021-01-04,2026-04-30,True,,True,True,True
AIT-2025-07-001,2025-07-09,2025-07-09,MCHP,Microchip Technology,True,True,2021-01-04,2026-04-30,True,,True,True,True
AIT-2025-07-001,2025-07-09,2025-07-09,MU,Micron Technology,True,True,2021-01-04,2026-04-30,True,,True,True,True
AIT-2025-07-001,2025-07-09,2025-07-09,MSFT,Microsoft,True,False,2021-01-04,2026-04-30,True,,True,True,True
AIT-2025-07-001,2025-07-09,2025-07-09,MPWR,Monolithic Power Systems,True,True,2021-01-04,2026-04-30,True,,True,True,True
AIT-2025-07-001,2025-07-09,2025-07-09,NVDA,Nvidia,True,True,2021-01-04,2026-04-30,True,,True,True,True
AIT-2025-07-001,2025-07-09,2025-07-09,NXPI,NXP Semiconductors,True,True,2021-01-04,2026-04-30,True,,True,True,True
AIT-2025-07-001,2025-07-09,2025-07-09,PLTR,Palantir Technologies,True,False,2021-01-04,2026-04-30,True,,True,True,True
AIT-2025-07-001,2025-07-09,2025-07-09,PANW,Palo Alto Networks,True,False,2021-01-04,2026-04-30,True,,True,True,True
AIT-2025-07-001,2025-07-09,2025-07-09,PDD,PDD Holdings,True,False,2021-01-04,2026-04-30,True,,True,True,True
AIT-2025-07-001,2025-07-09,2025-07-09,QCOM,Qualcomm,True,True,2021-01-04,2026-04-30,True,,True,True,True
AIT-2025-07-001,2025-07-09,2025-07-09,ROP,Roper Technologies,True,False,2021-01-04,2026-04-30,True,,True,True,True
AIT-2025-07-001,2025-07-09,2025-07-09,SNDK,Sandisk,True,False,2025-02-13,2026-04-30,False,2024-09-17;2024-09-18,False,True,False
AIT-2025-07-001,2025-07-09,2025-07-09,STX,Seagate Technology,True,False,2021-01-04,2026-04-30,True,,True,True,True
AIT-2025-07-001,2025-07-09,2025-07-09,SHOP,Shopify,True,False,2021-01-04,2026-04-30,True,,True,True,True
AIT-2025-07-001,2025-07-09,2025-07-09,MSTR,MicroStrategy,True,False,2021-01-04,2026-04-30,True,,True,True,True
AIT-2025-07-001,2025-07-09,2025-07-09,SNPS,Synopsys,True,False,2021-01-04,2026-04-30,True,,True,True,True
AIT-2025-07-001,2025-07-09,2025-07-09,TXN,Texas Instruments,True,True,2021-01-04,2026-04-30,True,,True,True,True
AIT-2025-07-001,2025-07-09,2025-07-09,TRI,Thomson Reuters,True,False,2021-01-04,2026-04-30,True,,True,True,True
AIT-2025-07-001,2025-07-09,2025-07-09,WDC,Western Digital,True,False,2021-01-04,2026-04-30,True,,True,True,True
AIT-2025-07-001,2025-07-09,2025-07-09,WDAY,"Workday, Inc.",True,False,2021-01-04,2026-04-30,True,,True,True,True
AIT-2025-07-001,2025-07-09,2025-07-09,ZS,"Zscaler, Inc.",True,False,2021-01-04,2026-04-30,True,,True,True,True
AIT-2025-07-005,2025-07-21,2025-07-21,ADBE,Adobe Inc.,True,False,2021-01-04,2026-04-30,True,,True,True,True
AIT-2025-07-005,2025-07-21,2025-07-21,AMD,Advanced Micro Devices,True,True,2021-01-04,2026-04-30,True,,True,True,True
AIT-2025-07-005,2025-07-21,2025-07-21,GOOGL,Alphabet Inc. (Class A),True,False,2021-01-04,2026-04-30,True,,True,True,True
AIT-2025-07-005,2025-07-21,2025-07-21,GOOG,Alphabet Inc. (Class C),True,False,2021-01-04,2026-04-30,True,,True,True,True
AIT-2025-07-005,2025-07-21,2025-07-21,ADI,Analog Devices,True,True,2021-01-04,2026-04-30,True,,True,True,True
AIT-2025-07-005,2025-07-21,2025-07-21,AAPL,Apple Inc.,True,False,2021-01-04,2026-04-30,True,,True,True,True
AIT-2025-07-005,2025-07-21,2025-07-21,AMAT,Applied Materials,True,True,2021-01-04,2026-04-30,True,,True,True,True
AIT-2025-07-005,2025-07-21,2025-07-21,APP,AppLovin,True,False,2021-04-15,2026-04-30,True,,True,True,True
AIT-2025-07-005,2025-07-21,2025-07-21,ARM,Arm Holdings,True,False,2023-09-14,2026-04-30,True,,True,True,True
AIT-2025-07-005,2025-07-21,2025-07-21,ASML,ASML Holding,True,True,2021-01-04,2026-04-30,True,,True,True,True
AIT-2025-07-005,2025-07-21,2025-07-21,ADSK,Autodesk,True,False,2021-01-04,2026-04-30,True,,True,True,True
AIT-2025-07-005,2025-07-21,2025-07-21,AVGO,Broadcom,True,True,2021-01-04,2026-04-30,True,,True,True,True
AIT-2025-07-005,2025-07-21,2025-07-21,CDNS,Cadence Design Systems,True,False,2021-01-04,2026-04-30,True,,True,True,True
AIT-2025-07-005,2025-07-21,2025-07-21,CTSH,Cognizant Technology Solutions Corporation,True,False,2021-01-04,2026-04-30,True,,True,True,True
AIT-2025-07-005,2025-07-21,2025-07-21,CRWD,CrowdStrike,True,False,2021-01-04,2026-04-30,True,,True,True,True
AIT-2025-07-005,2025-07-21,2025-07-21,DDOG,Datadog,True,False,2021-01-04,2026-04-30,True,,True,True,True
AIT-2025-07-005,2025-07-21,2025-07-21,DASH,DoorDash,True,False,2021-01-04,2026-04-30,True,,True,True,True
AIT-2025-07-005,2025-07-21,2025-07-21,FTNT,Fortinet,True,False,2021-01-04,2026-04-30,True,,True,True,True
AIT-2025-07-005,2025-07-21,2025-07-21,INTC,Intel,True,True,2021-01-04,2026-04-30,True,,True,True,True
AIT-2025-07-005,2025-07-21,2025-07-21,INTU,Intuit,True,False,2021-01-04,2026-04-30,True,,True,True,True
AIT-2025-07-005,2025-07-21,2025-07-21,KLAC,KLA Corporation,True,True,2021-01-04,2026-04-30,True,,True,True,True
AIT-2025-07-005,2025-07-21,2025-07-21,LRCX,Lam Research,True,True,2021-01-04,2026-04-30,True,,True,True,True
AIT-2025-07-005,2025-07-21,2025-07-21,MRVL,Marvell Technology,True,True,2021-01-04,2026-04-30,True,,True,True,True
AIT-2025-07-005,2025-07-21,2025-07-21,META,Meta Platforms,True,False,2021-01-04,2026-04-30,True,,True,True,True
AIT-2025-07-005,2025-07-21,2025-07-21,MCHP,Microchip Technology,True,True,2021-01-04,2026-04-30,True,,True,True,True
AIT-2025-07-005,2025-07-21,2025-07-21,MU,Micron Technology,True,True,2021-01-04,2026-04-30,True,,True,True,True
AIT-2025-07-005,2025-07-21,2025-07-21,MSFT,Microsoft,True,False,2021-01-04,2026-04-30,True,,True,True,True
AIT-2025-07-005,2025-07-21,2025-07-21,MPWR,Monolithic Power Systems,True,True,2021-01-04,2026-04-30,True,,True,True,True
AIT-2025-07-005,2025-07-21,2025-07-21,NVDA,Nvidia,True,True,2021-01-04,2026-04-30,True,,True,True,True
AIT-2025-07-005,2025-07-21,2025-07-21,NXPI,NXP Semiconductors,True,True,2021-01-04,2026-04-30,True,,True,True,True
AIT-2025-07-005,2025-07-21,2025-07-21,PLTR,Palantir Technologies,True,False,2021-01-04,2026-04-30,True,,True,True,True
AIT-2025-07-005,2025-07-21,2025-07-21,PANW,Palo Alto Networks,True,False,2021-01-04,2026-04-30,True,,True,True,True
AIT-2025-07-005,2025-07-21,2025-07-21,PDD,PDD Holdings,True,False,2021-01-04,2026-04-30,True,,True,True,True
AIT-2025-07-005,2025-07-21,2025-07-21,QCOM,Qualcomm,True,True,2021-01-04,2026-04-30,True,,True,True,True
AIT-2025-07-005,2025-07-21,2025-07-21,ROP,Roper Technologies,True,False,2021-01-04,2026-04-30,True,,True,True,True
AIT-2025-07-005,2025-07-21,2025-07-21,SNDK,Sandisk,True,False,2025-02-13,2026-04-30,False,2024-09-27;2024-09-30,False,True,False
AIT-2025-07-005,2025-07-21,2025-07-21,STX,Seagate Technology,True,False,2021-01-04,2026-04-30,True,,True,True,True
AIT-2025-07-005,2025-07-21,2025-07-21,SHOP,Shopify,True,False,2021-01-04,2026-04-30,True,,True,True,True
AIT-2025-07-005,2025-07-21,2025-07-21,MSTR,MicroStrategy,True,False,2021-01-04,2026-04-30,True,,True,True,True
AIT-2025-07-005,2025-07-21,2025-07-21,SNPS,Synopsys,True,False,2021-01-04,2026-04-30,True,,True,True,True
AIT-2025-07-005,2025-07-21,2025-07-21,TXN,Texas Instruments,True,True,2021-01-04,2026-04-30,True,,True,True,True
AIT-2025-07-005,2025-07-21,2025-07-21,TRI,Thomson Reuters,True,False,2021-01-04,2026-04-30,True,,True,True,True
AIT-2025-07-005,2025-07-21,2025-07-21,WDC,Western Digital,True,False,2021-01-04,2026-04-30,True,,True,True,True
AIT-2025-07-005,2025-07-21,2025-07-21,WDAY,"Workday, Inc.",True,False,2021-01-04,2026-04-30,True,,True,True,True
AIT-2025-07-005,2025-07-21,2025-07-21,ZS,"Zscaler, Inc.",True,False,2021-01-04,2026-04-30,True,,True,True,True
AIT-2025-07-006,2025-07-11,2025-07-11,ADBE,Adobe Inc.,True,False,2021-01-04,2026-04-30,True,,True,True,True
AIT-2025-07-006,2025-07-11,2025-07-11,AMD,Advanced Micro Devices,True,True,2021-01-04,2026-04-30,True,,True,True,True
AIT-2025-07-006,2025-07-11,2025-07-11,GOOGL,Alphabet Inc. (Class A),True,False,2021-01-04,2026-04-30,True,,True,True,True
AIT-2025-07-006,2025-07-11,2025-07-11,GOOG,Alphabet Inc. (Class C),True,False,2021-01-04,2026-04-30,True,,True,True,True
AIT-2025-07-006,2025-07-11,2025-07-11,ADI,Analog Devices,True,True,2021-01-04,2026-04-30,True,,True,True,True
AIT-2025-07-006,2025-07-11,2025-07-11,AAPL,Apple Inc.,True,False,2021-01-04,2026-04-30,True,,True,True,True
AIT-2025-07-006,2025-07-11,2025-07-11,AMAT,Applied Materials,True,True,2021-01-04,2026-04-30,True,,True,True,True
AIT-2025-07-006,2025-07-11,2025-07-11,APP,AppLovin,True,False,2021-04-15,2026-04-30,True,,True,True,True
AIT-2025-07-006,2025-07-11,2025-07-11,ARM,Arm Holdings,True,False,2023-09-14,2026-04-30,True,,True,True,True
AIT-2025-07-006,2025-07-11,2025-07-11,ASML,ASML Holding,True,True,2021-01-04,2026-04-30,True,,True,True,True
AIT-2025-07-006,2025-07-11,2025-07-11,ADSK,Autodesk,True,False,2021-01-04,2026-04-30,True,,True,True,True
AIT-2025-07-006,2025-07-11,2025-07-11,AVGO,Broadcom,True,True,2021-01-04,2026-04-30,True,,True,True,True
AIT-2025-07-006,2025-07-11,2025-07-11,CDNS,Cadence Design Systems,True,False,2021-01-04,2026-04-30,True,,True,True,True
AIT-2025-07-006,2025-07-11,2025-07-11,CTSH,Cognizant Technology Solutions Corporation,True,False,2021-01-04,2026-04-30,True,,True,True,True
AIT-2025-07-006,2025-07-11,2025-07-11,CRWD,CrowdStrike,True,False,2021-01-04,2026-04-30,True,,True,True,True
AIT-2025-07-006,2025-07-11,2025-07-11,DDOG,Datadog,True,False,2021-01-04,2026-04-30,True,,True,True,True
AIT-2025-07-006,2025-07-11,2025-07-11,DASH,DoorDash,True,False,2021-01-04,2026-04-30,True,,True,True,True
AIT-2025-07-006,2025-07-11,2025-07-11,FTNT,Fortinet,True,False,2021-01-04,2026-04-30,True,,True,True,True
AIT-2025-07-006,2025-07-11,2025-07-11,INTC,Intel,True,True,2021-01-04,2026-04-30,True,,True,True,True
AIT-2025-07-006,2025-07-11,2025-07-11,INTU,Intuit,True,False,2021-01-04,2026-04-30,True,,True,True,True
AIT-2025-07-006,2025-07-11,2025-07-11,KLAC,KLA Corporation,True,True,2021-01-04,2026-04-30,True,,True,True,True
AIT-2025-07-006,2025-07-11,2025-07-11,LRCX,Lam Research,True,True,2021-01-04,2026-04-30,True,,True,True,True
AIT-2025-07-006,2025-07-11,2025-07-11,MRVL,Marvell Technology,True,True,2021-01-04,2026-04-30,True,,True,True,True
AIT-2025-07-006,2025-07-11,2025-07-11,META,Meta Platforms,True,False,2021-01-04,2026-04-30,True,,True,True,True
AIT-2025-07-006,2025-07-11,2025-07-11,MCHP,Microchip Technology,True,True,2021-01-04,2026-04-30,True,,True,True,True
AIT-2025-07-006,2025-07-11,2025-07-11,MU,Micron Technology,True,True,2021-01-04,2026-04-30,True,,True,True,True
AIT-2025-07-006,2025-07-11,2025-07-11,MSFT,Microsoft,True,False,2021-01-04,2026-04-30,True,,True,True,True
AIT-2025-07-006,2025-07-11,2025-07-11,MPWR,Monolithic Power Systems,True,True,2021-01-04,2026-04-30,True,,True,True,True
AIT-2025-07-006,2025-07-11,2025-07-11,NVDA,Nvidia,True,True,2021-01-04,2026-04-30,True,,True,True,True
AIT-2025-07-006,2025-07-11,2025-07-11,NXPI,NXP Semiconductors,True,True,2021-01-04,2026-04-30,True,,True,True,True
AIT-2025-07-006,2025-07-11,2025-07-11,PLTR,Palantir Technologies,True,False,2021-01-04,2026-04-30,True,,True,True,True
AIT-2025-07-006,2025-07-11,2025-07-11,PANW,Palo Alto Networks,True,False,2021-01-04,2026-04-30,True,,True,True,True
AIT-2025-07-006,2025-07-11,2025-07-11,PDD,PDD Holdings,True,False,2021-01-04,2026-04-30,True,,True,True,True
AIT-2025-07-006,2025-07-11,2025-07-11,QCOM,Qualcomm,True,True,2021-01-04,2026-04-30,True,,True,True,True
AIT-2025-07-006,2025-07-11,2025-07-11,ROP,Roper Technologies,True,False,2021-01-04,2026-04-30,True,,True,True,True
AIT-2025-07-006,2025-07-11,2025-07-11,SNDK,Sandisk,True,False,2025-02-13,2026-04-30,False,2024-09-19;2024-09-20,False,True,False
AIT-2025-07-006,2025-07-11,2025-07-11,STX,Seagate Technology,True,False,2021-01-04,2026-04-30,True,,True,True,True
AIT-2025-07-006,2025-07-11,2025-07-11,SHOP,Shopify,True,False,2021-01-04,2026-04-30,True,,True,True,True
AIT-2025-07-006,2025-07-11,2025-07-11,MSTR,MicroStrategy,True,False,2021-01-04,2026-04-30,True,,True,True,True
AIT-2025-07-006,2025-07-11,2025-07-11,SNPS,Synopsys,True,False,2021-01-04,2026-04-30,True,,True,True,True
AIT-2025-07-006,2025-07-11,2025-07-11,TXN,Texas Instruments,True,True,2021-01-04,2026-04-30,True,,True,True,True
AIT-2025-07-006,2025-07-11,2025-07-11,TRI,Thomson Reuters,True,False,2021-01-04,2026-04-30,True,,True,True,True
AIT-2025-07-006,2025-07-11,2025-07-11,WDC,Western Digital,True,False,2021-01-04,2026-04-30,True,,True,True,True
AIT-2025-07-006,2025-07-11,2025-07-11,WDAY,"Workday, Inc.",True,False,2021-01-04,2026-04-30,True,,True,True,True
AIT-2025-07-006,2025-07-11,2025-07-11,ZS,"Zscaler, Inc.",True,False,2021-01-04,2026-04-30,True,,True,True,True
AIT-2025-07-007,2025-07-28,2025-07-28,ADBE,Adobe Inc.,True,False,2021-01-04,2026-04-30,True,,True,True,True
AIT-2025-07-007,2025-07-28,2025-07-28,AMD,Advanced Micro Devices,True,True,2021-01-04,2026-04-30,True,,True,True,True
AIT-2025-07-007,2025-07-28,2025-07-28,GOOGL,Alphabet Inc. (Class A),True,False,2021-01-04,2026-04-30,True,,True,True,True
AIT-2025-07-007,2025-07-28,2025-07-28,GOOG,Alphabet Inc. (Class C),True,False,2021-01-04,2026-04-30,True,,True,True,True
AIT-2025-07-007,2025-07-28,2025-07-28,ADI,Analog Devices,True,True,2021-01-04,2026-04-30,True,,True,True,True
AIT-2025-07-007,2025-07-28,2025-07-28,AAPL,Apple Inc.,True,False,2021-01-04,2026-04-30,True,,True,True,True
AIT-2025-07-007,2025-07-28,2025-07-28,AMAT,Applied Materials,True,True,2021-01-04,2026-04-30,True,,True,True,True
AIT-2025-07-007,2025-07-28,2025-07-28,APP,AppLovin,True,False,2021-04-15,2026-04-30,True,,True,True,True
AIT-2025-07-007,2025-07-28,2025-07-28,ARM,Arm Holdings,True,False,2023-09-14,2026-04-30,True,,True,True,True
AIT-2025-07-007,2025-07-28,2025-07-28,ASML,ASML Holding,True,True,2021-01-04,2026-04-30,True,,True,True,True
AIT-2025-07-007,2025-07-28,2025-07-28,ADSK,Autodesk,True,False,2021-01-04,2026-04-30,True,,True,True,True
AIT-2025-07-007,2025-07-28,2025-07-28,AVGO,Broadcom,True,True,2021-01-04,2026-04-30,True,,True,True,True
AIT-2025-07-007,2025-07-28,2025-07-28,CDNS,Cadence Design Systems,True,False,2021-01-04,2026-04-30,True,,True,True,True
AIT-2025-07-007,2025-07-28,2025-07-28,CTSH,Cognizant Technology Solutions Corporation,True,False,2021-01-04,2026-04-30,True,,True,True,True
AIT-2025-07-007,2025-07-28,2025-07-28,CRWD,CrowdStrike,True,False,2021-01-04,2026-04-30,True,,True,True,True
AIT-2025-07-007,2025-07-28,2025-07-28,DDOG,Datadog,True,False,2021-01-04,2026-04-30,True,,True,True,True
AIT-2025-07-007,2025-07-28,2025-07-28,DASH,DoorDash,True,False,2021-01-04,2026-04-30,True,,True,True,True
AIT-2025-07-007,2025-07-28,2025-07-28,FTNT,Fortinet,True,False,2021-01-04,2026-04-30,True,,True,True,True
AIT-2025-07-007,2025-07-28,2025-07-28,INTC,Intel,True,True,2021-01-04,2026-04-30,True,,True,True,True
AIT-2025-07-007,2025-07-28,2025-07-28,INTU,Intuit,True,False,2021-01-04,2026-04-30,True,,True,True,True
AIT-2025-07-007,2025-07-28,2025-07-28,KLAC,KLA Corporation,True,True,2021-01-04,2026-04-30,True,,True,True,True
AIT-2025-07-007,2025-07-28,2025-07-28,LRCX,Lam Research,True,True,2021-01-04,2026-04-30,True,,True,True,True
AIT-2025-07-007,2025-07-28,2025-07-28,MRVL,Marvell Technology,True,True,2021-01-04,2026-04-30,True,,True,True,True
AIT-2025-07-007,2025-07-28,2025-07-28,META,Meta Platforms,True,False,2021-01-04,2026-04-30,True,,True,True,True
AIT-2025-07-007,2025-07-28,2025-07-28,MCHP,Microchip Technology,True,True,2021-01-04,2026-04-30,True,,True,True,True
AIT-2025-07-007,2025-07-28,2025-07-28,MU,Micron Technology,True,True,2021-01-04,2026-04-30,True,,True,True,True
AIT-2025-07-007,2025-07-28,2025-07-28,MSFT,Microsoft,True,False,2021-01-04,2026-04-30,True,,True,True,True
AIT-2025-07-007,2025-07-28,2025-07-28,MPWR,Monolithic Power Systems,True,True,2021-01-04,2026-04-30,True,,True,True,True
AIT-2025-07-007,2025-07-28,2025-07-28,NVDA,Nvidia,True,True,2021-01-04,2026-04-30,True,,True,True,True
AIT-2025-07-007,2025-07-28,2025-07-28,NXPI,NXP Semiconductors,True,True,2021-01-04,2026-04-30,True,,True,True,True
AIT-2025-07-007,2025-07-28,2025-07-28,PLTR,Palantir Technologies,True,False,2021-01-04,2026-04-30,True,,True,True,True
AIT-2025-07-007,2025-07-28,2025-07-28,PANW,Palo Alto Networks,True,False,2021-01-04,2026-04-30,True,,True,True,True
AIT-2025-07-007,2025-07-28,2025-07-28,PDD,PDD Holdings,True,False,2021-01-04,2026-04-30,True,,True,True,True
AIT-2025-07-007,2025-07-28,2025-07-28,QCOM,Qualcomm,True,True,2021-01-04,2026-04-30,True,,True,True,True
AIT-2025-07-007,2025-07-28,2025-07-28,ROP,Roper Technologies,True,False,2021-01-04,2026-04-30,True,,True,True,True
AIT-2025-07-007,2025-07-28,2025-07-28,SNDK,Sandisk,True,False,2025-02-13,2026-04-30,False,2024-10-04;2024-10-07,False,True,False
AIT-2025-07-007,2025-07-28,2025-07-28,STX,Seagate Technology,True,False,2021-01-04,2026-04-30,True,,True,True,True
AIT-2025-07-007,2025-07-28,2025-07-28,SHOP,Shopify,True,False,2021-01-04,2026-04-30,True,,True,True,True
AIT-2025-07-007,2025-07-28,2025-07-28,MSTR,MicroStrategy,True,False,2021-01-04,2026-04-30,True,,True,True,True
AIT-2025-07-007,2025-07-28,2025-07-28,SNPS,Synopsys,True,False,2021-01-04,2026-04-30,True,,True,True,True
AIT-2025-07-007,2025-07-28,2025-07-28,TXN,Texas Instruments,True,True,2021-01-04,2026-04-30,True,,True,True,True
AIT-2025-07-007,2025-07-28,2025-07-28,TRI,Thomson Reuters,True,False,2021-01-04,2026-04-30,True,,True,True,True
AIT-2025-07-007,2025-07-28,2025-07-28,WDC,Western Digital,True,False,2021-01-04,2026-04-30,True,,True,True,True
AIT-2025-07-007,2025-07-28,2025-07-28,WDAY,"Workday, Inc.",True,False,2021-01-04,2026-04-30,True,,True,True,True
AIT-2025-07-007,2025-07-28,2025-07-28,ZS,"Zscaler, Inc.",True,False,2021-01-04,2026-04-30,True,,True,True,True
AIT-2025-08-002,2025-08-05,2025-08-05,ADBE,Adobe Inc.,True,False,2021-01-04,2026-04-30,True,,True,True,True
AIT-2025-08-002,2025-08-05,2025-08-05,AMD,Advanced Micro Devices,True,True,2021-01-04,2026-04-30,True,,True,True,True
AIT-2025-08-002,2025-08-05,2025-08-05,GOOGL,Alphabet Inc. (Class A),True,False,2021-01-04,2026-04-30,True,,True,True,True
AIT-2025-08-002,2025-08-05,2025-08-05,GOOG,Alphabet Inc. (Class C),True,False,2021-01-04,2026-04-30,True,,True,True,True
AIT-2025-08-002,2025-08-05,2025-08-05,ADI,Analog Devices,True,True,2021-01-04,2026-04-30,True,,True,True,True
AIT-2025-08-002,2025-08-05,2025-08-05,AAPL,Apple Inc.,True,False,2021-01-04,2026-04-30,True,,True,True,True
AIT-2025-08-002,2025-08-05,2025-08-05,AMAT,Applied Materials,True,True,2021-01-04,2026-04-30,True,,True,True,True
AIT-2025-08-002,2025-08-05,2025-08-05,APP,AppLovin,True,False,2021-04-15,2026-04-30,True,,True,True,True
AIT-2025-08-002,2025-08-05,2025-08-05,ARM,Arm Holdings,True,False,2023-09-14,2026-04-30,True,,True,True,True
AIT-2025-08-002,2025-08-05,2025-08-05,ASML,ASML Holding,True,True,2021-01-04,2026-04-30,True,,True,True,True
AIT-2025-08-002,2025-08-05,2025-08-05,ADSK,Autodesk,True,False,2021-01-04,2026-04-30,True,,True,True,True
AIT-2025-08-002,2025-08-05,2025-08-05,AVGO,Broadcom,True,True,2021-01-04,2026-04-30,True,,True,True,True
AIT-2025-08-002,2025-08-05,2025-08-05,CDNS,Cadence Design Systems,True,False,2021-01-04,2026-04-30,True,,True,True,True
AIT-2025-08-002,2025-08-05,2025-08-05,CTSH,Cognizant Technology Solutions Corporation,True,False,2021-01-04,2026-04-30,True,,True,True,True
AIT-2025-08-002,2025-08-05,2025-08-05,CRWD,CrowdStrike,True,False,2021-01-04,2026-04-30,True,,True,True,True
AIT-2025-08-002,2025-08-05,2025-08-05,DDOG,Datadog,True,False,2021-01-04,2026-04-30,True,,True,True,True
AIT-2025-08-002,2025-08-05,2025-08-05,DASH,DoorDash,True,False,2021-01-04,2026-04-30,True,,True,True,True
AIT-2025-08-002,2025-08-05,2025-08-05,FTNT,Fortinet,True,False,2021-01-04,2026-04-30,True,,True,True,True
AIT-2025-08-002,2025-08-05,2025-08-05,INTC,Intel,True,True,2021-01-04,2026-04-30,True,,True,True,True
AIT-2025-08-002,2025-08-05,2025-08-05,INTU,Intuit,True,False,2021-01-04,2026-04-30,True,,True,True,True
AIT-2025-08-002,2025-08-05,2025-08-05,KLAC,KLA Corporation,True,True,2021-01-04,2026-04-30,True,,True,True,True
AIT-2025-08-002,2025-08-05,2025-08-05,LRCX,Lam Research,True,True,2021-01-04,2026-04-30,True,,True,True,True
AIT-2025-08-002,2025-08-05,2025-08-05,MRVL,Marvell Technology,True,True,2021-01-04,2026-04-30,True,,True,True,True
AIT-2025-08-002,2025-08-05,2025-08-05,META,Meta Platforms,True,False,2021-01-04,2026-04-30,True,,True,True,True
AIT-2025-08-002,2025-08-05,2025-08-05,MCHP,Microchip Technology,True,True,2021-01-04,2026-04-30,True,,True,True,True
AIT-2025-08-002,2025-08-05,2025-08-05,MU,Micron Technology,True,True,2021-01-04,2026-04-30,True,,True,True,True
AIT-2025-08-002,2025-08-05,2025-08-05,MSFT,Microsoft,True,False,2021-01-04,2026-04-30,True,,True,True,True
AIT-2025-08-002,2025-08-05,2025-08-05,MPWR,Monolithic Power Systems,True,True,2021-01-04,2026-04-30,True,,True,True,True
AIT-2025-08-002,2025-08-05,2025-08-05,NVDA,Nvidia,True,True,2021-01-04,2026-04-30,True,,True,True,True
AIT-2025-08-002,2025-08-05,2025-08-05,NXPI,NXP Semiconductors,True,True,2021-01-04,2026-04-30,True,,True,True,True
AIT-2025-08-002,2025-08-05,2025-08-05,PLTR,Palantir Technologies,True,False,2021-01-04,2026-04-30,True,,True,True,True
AIT-2025-08-002,2025-08-05,2025-08-05,PANW,Palo Alto Networks,True,False,2021-01-04,2026-04-30,True,,True,True,True
AIT-2025-08-002,2025-08-05,2025-08-05,PDD,PDD Holdings,True,False,2021-01-04,2026-04-30,True,,True,True,True
AIT-2025-08-002,2025-08-05,2025-08-05,QCOM,Qualcomm,True,True,2021-01-04,2026-04-30,True,,True,True,True
AIT-2025-08-002,2025-08-05,2025-08-05,ROP,Roper Technologies,True,False,2021-01-04,2026-04-30,True,,True,True,True
AIT-2025-08-002,2025-08-05,2025-08-05,SNDK,Sandisk,True,False,2025-02-13,2026-04-30,False,2024-10-14;2024-10-15,False,True,False
AIT-2025-08-002,2025-08-05,2025-08-05,STX,Seagate Technology,True,False,2021-01-04,2026-04-30,True,,True,True,True
AIT-2025-08-002,2025-08-05,2025-08-05,SHOP,Shopify,True,False,2021-01-04,2026-04-30,True,,True,True,True
AIT-2025-08-002,2025-08-05,2025-08-05,MSTR,MicroStrategy,True,False,2021-01-04,2026-04-30,True,,True,True,True
AIT-2025-08-002,2025-08-05,2025-08-05,SNPS,Synopsys,True,False,2021-01-04,2026-04-30,True,,True,True,True
AIT-2025-08-002,2025-08-05,2025-08-05,TXN,Texas Instruments,True,True,2021-01-04,2026-04-30,True,,True,True,True
AIT-2025-08-002,2025-08-05,2025-08-05,TRI,Thomson Reuters,True,False,2021-01-04,2026-04-30,True,,True,True,True
AIT-2025-08-002,2025-08-05,2025-08-05,WDC,Western Digital,True,False,2021-01-04,2026-04-30,True,,True,True,True
AIT-2025-08-002,2025-08-05,2025-08-05,WDAY,"Workday, Inc.",True,False,2021-01-04,2026-04-30,True,,True,True,True
AIT-2025-08-002,2025-08-05,2025-08-05,ZS,"Zscaler, Inc.",True,False,2021-01-04,2026-04-30,True,,True,True,True
AIT-2025-08-004,2025-08-05,2025-08-05,ADBE,Adobe Inc.,True,False,2021-01-04,2026-04-30,True,,True,True,True
AIT-2025-08-004,2025-08-05,2025-08-05,AMD,Advanced Micro Devices,True,True,2021-01-04,2026-04-30,True,,True,True,True
AIT-2025-08-004,2025-08-05,2025-08-05,GOOGL,Alphabet Inc. (Class A),True,False,2021-01-04,2026-04-30,True,,True,True,True
AIT-2025-08-004,2025-08-05,2025-08-05,GOOG,Alphabet Inc. (Class C),True,False,2021-01-04,2026-04-30,True,,True,True,True
AIT-2025-08-004,2025-08-05,2025-08-05,ADI,Analog Devices,True,True,2021-01-04,2026-04-30,True,,True,True,True
AIT-2025-08-004,2025-08-05,2025-08-05,AAPL,Apple Inc.,True,False,2021-01-04,2026-04-30,True,,True,True,True
AIT-2025-08-004,2025-08-05,2025-08-05,AMAT,Applied Materials,True,True,2021-01-04,2026-04-30,True,,True,True,True
AIT-2025-08-004,2025-08-05,2025-08-05,APP,AppLovin,True,False,2021-04-15,2026-04-30,True,,True,True,True
AIT-2025-08-004,2025-08-05,2025-08-05,ARM,Arm Holdings,True,False,2023-09-14,2026-04-30,True,,True,True,True
AIT-2025-08-004,2025-08-05,2025-08-05,ASML,ASML Holding,True,True,2021-01-04,2026-04-30,True,,True,True,True
AIT-2025-08-004,2025-08-05,2025-08-05,ADSK,Autodesk,True,False,2021-01-04,2026-04-30,True,,True,True,True
AIT-2025-08-004,2025-08-05,2025-08-05,AVGO,Broadcom,True,True,2021-01-04,2026-04-30,True,,True,True,True
AIT-2025-08-004,2025-08-05,2025-08-05,CDNS,Cadence Design Systems,True,False,2021-01-04,2026-04-30,True,,True,True,True
AIT-2025-08-004,2025-08-05,2025-08-05,CTSH,Cognizant Technology Solutions Corporation,True,False,2021-01-04,2026-04-30,True,,True,True,True
AIT-2025-08-004,2025-08-05,2025-08-05,CRWD,CrowdStrike,True,False,2021-01-04,2026-04-30,True,,True,True,True
AIT-2025-08-004,2025-08-05,2025-08-05,DDOG,Datadog,True,False,2021-01-04,2026-04-30,True,,True,True,True
AIT-2025-08-004,2025-08-05,2025-08-05,DASH,DoorDash,True,False,2021-01-04,2026-04-30,True,,True,True,True
AIT-2025-08-004,2025-08-05,2025-08-05,FTNT,Fortinet,True,False,2021-01-04,2026-04-30,True,,True,True,True
AIT-2025-08-004,2025-08-05,2025-08-05,INTC,Intel,True,True,2021-01-04,2026-04-30,True,,True,True,True
AIT-2025-08-004,2025-08-05,2025-08-05,INTU,Intuit,True,False,2021-01-04,2026-04-30,True,,True,True,True
AIT-2025-08-004,2025-08-05,2025-08-05,KLAC,KLA Corporation,True,True,2021-01-04,2026-04-30,True,,True,True,True
AIT-2025-08-004,2025-08-05,2025-08-05,LRCX,Lam Research,True,True,2021-01-04,2026-04-30,True,,True,True,True
AIT-2025-08-004,2025-08-05,2025-08-05,MRVL,Marvell Technology,True,True,2021-01-04,2026-04-30,True,,True,True,True
AIT-2025-08-004,2025-08-05,2025-08-05,META,Meta Platforms,True,False,2021-01-04,2026-04-30,True,,True,True,True
AIT-2025-08-004,2025-08-05,2025-08-05,MCHP,Microchip Technology,True,True,2021-01-04,2026-04-30,True,,True,True,True
AIT-2025-08-004,2025-08-05,2025-08-05,MU,Micron Technology,True,True,2021-01-04,2026-04-30,True,,True,True,True
AIT-2025-08-004,2025-08-05,2025-08-05,MSFT,Microsoft,True,False,2021-01-04,2026-04-30,True,,True,True,True
AIT-2025-08-004,2025-08-05,2025-08-05,MPWR,Monolithic Power Systems,True,True,2021-01-04,2026-04-30,True,,True,True,True
AIT-2025-08-004,2025-08-05,2025-08-05,NVDA,Nvidia,True,True,2021-01-04,2026-04-30,True,,True,True,True
AIT-2025-08-004,2025-08-05,2025-08-05,NXPI,NXP Semiconductors,True,True,2021-01-04,2026-04-30,True,,True,True,True
AIT-2025-08-004,2025-08-05,2025-08-05,PLTR,Palantir Technologies,True,False,2021-01-04,2026-04-30,True,,True,True,True
AIT-2025-08-004,2025-08-05,2025-08-05,PANW,Palo Alto Networks,True,False,2021-01-04,2026-04-30,True,,True,True,True
AIT-2025-08-004,2025-08-05,2025-08-05,PDD,PDD Holdings,True,False,2021-01-04,2026-04-30,True,,True,True,True
AIT-2025-08-004,2025-08-05,2025-08-05,QCOM,Qualcomm,True,True,2021-01-04,2026-04-30,True,,True,True,True
AIT-2025-08-004,2025-08-05,2025-08-05,ROP,Roper Technologies,True,False,2021-01-04,2026-04-30,True,,True,True,True
AIT-2025-08-004,2025-08-05,2025-08-05,SNDK,Sandisk,True,False,2025-02-13,2026-04-30,False,2024-10-14;2024-10-15,False,True,False
AIT-2025-08-004,2025-08-05,2025-08-05,STX,Seagate Technology,True,False,2021-01-04,2026-04-30,True,,True,True,True
AIT-2025-08-004,2025-08-05,2025-08-05,SHOP,Shopify,True,False,2021-01-04,2026-04-30,True,,True,True,True
AIT-2025-08-004,2025-08-05,2025-08-05,MSTR,MicroStrategy,True,False,2021-01-04,2026-04-30,True,,True,True,True
AIT-2025-08-004,2025-08-05,2025-08-05,SNPS,Synopsys,True,False,2021-01-04,2026-04-30,True,,True,True,True
AIT-2025-08-004,2025-08-05,2025-08-05,TXN,Texas Instruments,True,True,2021-01-04,2026-04-30,True,,True,True,True
AIT-2025-08-004,2025-08-05,2025-08-05,TRI,Thomson Reuters,True,False,2021-01-04,2026-04-30,True,,True,True,True
AIT-2025-08-004,2025-08-05,2025-08-05,WDC,Western Digital,True,False,2021-01-04,2026-04-30,True,,True,True,True
AIT-2025-08-004,2025-08-05,2025-08-05,WDAY,"Workday, Inc.",True,False,2021-01-04,2026-04-30,True,,True,True,True
AIT-2025-08-004,2025-08-05,2025-08-05,ZS,"Zscaler, Inc.",True,False,2021-01-04,2026-04-30,True,,True,True,True
AIT-2025-08-005,2025-08-07,2025-08-07,ADBE,Adobe Inc.,True,False,2021-01-04,2026-04-30,True,,True,True,True
AIT-2025-08-005,2025-08-07,2025-08-07,AMD,Advanced Micro Devices,True,True,2021-01-04,2026-04-30,True,,True,True,True
AIT-2025-08-005,2025-08-07,2025-08-07,GOOGL,Alphabet Inc. (Class A),True,False,2021-01-04,2026-04-30,True,,True,True,True
AIT-2025-08-005,2025-08-07,2025-08-07,GOOG,Alphabet Inc. (Class C),True,False,2021-01-04,2026-04-30,True,,True,True,True
AIT-2025-08-005,2025-08-07,2025-08-07,ADI,Analog Devices,True,True,2021-01-04,2026-04-30,True,,True,True,True
AIT-2025-08-005,2025-08-07,2025-08-07,AAPL,Apple Inc.,True,False,2021-01-04,2026-04-30,True,,True,True,True
AIT-2025-08-005,2025-08-07,2025-08-07,AMAT,Applied Materials,True,True,2021-01-04,2026-04-30,True,,True,True,True
AIT-2025-08-005,2025-08-07,2025-08-07,APP,AppLovin,True,False,2021-04-15,2026-04-30,True,,True,True,True
AIT-2025-08-005,2025-08-07,2025-08-07,ARM,Arm Holdings,True,False,2023-09-14,2026-04-30,True,,True,True,True
AIT-2025-08-005,2025-08-07,2025-08-07,ASML,ASML Holding,True,True,2021-01-04,2026-04-30,True,,True,True,True
AIT-2025-08-005,2025-08-07,2025-08-07,ADSK,Autodesk,True,False,2021-01-04,2026-04-30,True,,True,True,True
AIT-2025-08-005,2025-08-07,2025-08-07,AVGO,Broadcom,True,True,2021-01-04,2026-04-30,True,,True,True,True
AIT-2025-08-005,2025-08-07,2025-08-07,CDNS,Cadence Design Systems,True,False,2021-01-04,2026-04-30,True,,True,True,True
AIT-2025-08-005,2025-08-07,2025-08-07,CTSH,Cognizant Technology Solutions Corporation,True,False,2021-01-04,2026-04-30,True,,True,True,True
AIT-2025-08-005,2025-08-07,2025-08-07,CRWD,CrowdStrike,True,False,2021-01-04,2026-04-30,True,,True,True,True
AIT-2025-08-005,2025-08-07,2025-08-07,DDOG,Datadog,True,False,2021-01-04,2026-04-30,True,,True,True,True
AIT-2025-08-005,2025-08-07,2025-08-07,DASH,DoorDash,True,False,2021-01-04,2026-04-30,True,,True,True,True
AIT-2025-08-005,2025-08-07,2025-08-07,FTNT,Fortinet,True,False,2021-01-04,2026-04-30,True,,True,True,True
AIT-2025-08-005,2025-08-07,2025-08-07,INTC,Intel,True,True,2021-01-04,2026-04-30,True,,True,True,True
AIT-2025-08-005,2025-08-07,2025-08-07,INTU,Intuit,True,False,2021-01-04,2026-04-30,True,,True,True,True
AIT-2025-08-005,2025-08-07,2025-08-07,KLAC,KLA Corporation,True,True,2021-01-04,2026-04-30,True,,True,True,True
AIT-2025-08-005,2025-08-07,2025-08-07,LRCX,Lam Research,True,True,2021-01-04,2026-04-30,True,,True,True,True
AIT-2025-08-005,2025-08-07,2025-08-07,MRVL,Marvell Technology,True,True,2021-01-04,2026-04-30,True,,True,True,True
AIT-2025-08-005,2025-08-07,2025-08-07,META,Meta Platforms,True,False,2021-01-04,2026-04-30,True,,True,True,True
AIT-2025-08-005,2025-08-07,2025-08-07,MCHP,Microchip Technology,True,True,2021-01-04,2026-04-30,True,,True,True,True
AIT-2025-08-005,2025-08-07,2025-08-07,MU,Micron Technology,True,True,2021-01-04,2026-04-30,True,,True,True,True
AIT-2025-08-005,2025-08-07,2025-08-07,MSFT,Microsoft,True,False,2021-01-04,2026-04-30,True,,True,True,True
AIT-2025-08-005,2025-08-07,2025-08-07,MPWR,Monolithic Power Systems,True,True,2021-01-04,2026-04-30,True,,True,True,True
AIT-2025-08-005,2025-08-07,2025-08-07,NVDA,Nvidia,True,True,2021-01-04,2026-04-30,True,,True,True,True
AIT-2025-08-005,2025-08-07,2025-08-07,NXPI,NXP Semiconductors,True,True,2021-01-04,2026-04-30,True,,True,True,True
AIT-2025-08-005,2025-08-07,2025-08-07,PLTR,Palantir Technologies,True,False,2021-01-04,2026-04-30,True,,True,True,True
AIT-2025-08-005,2025-08-07,2025-08-07,PANW,Palo Alto Networks,True,False,2021-01-04,2026-04-30,True,,True,True,True
AIT-2025-08-005,2025-08-07,2025-08-07,PDD,PDD Holdings,True,False,2021-01-04,2026-04-30,True,,True,True,True
AIT-2025-08-005,2025-08-07,2025-08-07,QCOM,Qualcomm,True,True,2021-01-04,2026-04-30,True,,True,True,True
AIT-2025-08-005,2025-08-07,2025-08-07,ROP,Roper Technologies,True,False,2021-01-04,2026-04-30,True,,True,True,True
AIT-2025-08-005,2025-08-07,2025-08-07,SNDK,Sandisk,True,False,2025-02-13,2026-04-30,False,2024-10-16;2024-10-17,False,True,False
AIT-2025-08-005,2025-08-07,2025-08-07,STX,Seagate Technology,True,False,2021-01-04,2026-04-30,True,,True,True,True
AIT-2025-08-005,2025-08-07,2025-08-07,SHOP,Shopify,True,False,2021-01-04,2026-04-30,True,,True,True,True
AIT-2025-08-005,2025-08-07,2025-08-07,MSTR,MicroStrategy,True,False,2021-01-04,2026-04-30,True,,True,True,True
AIT-2025-08-005,2025-08-07,2025-08-07,SNPS,Synopsys,True,False,2021-01-04,2026-04-30,True,,True,True,True
AIT-2025-08-005,2025-08-07,2025-08-07,TXN,Texas Instruments,True,True,2021-01-04,2026-04-30,True,,True,True,True
AIT-2025-08-005,2025-08-07,2025-08-07,TRI,Thomson Reuters,True,False,2021-01-04,2026-04-30,True,,True,True,True
AIT-2025-08-005,2025-08-07,2025-08-07,WDC,Western Digital,True,False,2021-01-04,2026-04-30,True,,True,True,True
AIT-2025-08-005,2025-08-07,2025-08-07,WDAY,"Workday, Inc.",True,False,2021-01-04,2026-04-30,True,,True,True,True
AIT-2025-08-005,2025-08-07,2025-08-07,ZS,"Zscaler, Inc.",True,False,2021-01-04,2026-04-30,True,,True,True,True
AIT-2025-08-006,2025-08-21,2025-08-21,ADBE,Adobe Inc.,True,False,2021-01-04,2026-04-30,True,,True,True,True
AIT-2025-08-006,2025-08-21,2025-08-21,AMD,Advanced Micro Devices,True,True,2021-01-04,2026-04-30,True,,True,True,True
AIT-2025-08-006,2025-08-21,2025-08-21,GOOGL,Alphabet Inc. (Class A),True,False,2021-01-04,2026-04-30,True,,True,True,True
AIT-2025-08-006,2025-08-21,2025-08-21,GOOG,Alphabet Inc. (Class C),True,False,2021-01-04,2026-04-30,True,,True,True,True
AIT-2025-08-006,2025-08-21,2025-08-21,ADI,Analog Devices,True,True,2021-01-04,2026-04-30,True,,True,True,True
AIT-2025-08-006,2025-08-21,2025-08-21,AAPL,Apple Inc.,True,False,2021-01-04,2026-04-30,True,,True,True,True
AIT-2025-08-006,2025-08-21,2025-08-21,AMAT,Applied Materials,True,True,2021-01-04,2026-04-30,True,,True,True,True
AIT-2025-08-006,2025-08-21,2025-08-21,APP,AppLovin,True,False,2021-04-15,2026-04-30,True,,True,True,True
AIT-2025-08-006,2025-08-21,2025-08-21,ARM,Arm Holdings,True,False,2023-09-14,2026-04-30,True,,True,True,True
AIT-2025-08-006,2025-08-21,2025-08-21,ASML,ASML Holding,True,True,2021-01-04,2026-04-30,True,,True,True,True
AIT-2025-08-006,2025-08-21,2025-08-21,ADSK,Autodesk,True,False,2021-01-04,2026-04-30,True,,True,True,True
AIT-2025-08-006,2025-08-21,2025-08-21,AVGO,Broadcom,True,True,2021-01-04,2026-04-30,True,,True,True,True
AIT-2025-08-006,2025-08-21,2025-08-21,CDNS,Cadence Design Systems,True,False,2021-01-04,2026-04-30,True,,True,True,True
AIT-2025-08-006,2025-08-21,2025-08-21,CTSH,Cognizant Technology Solutions Corporation,True,False,2021-01-04,2026-04-30,True,,True,True,True
AIT-2025-08-006,2025-08-21,2025-08-21,CRWD,CrowdStrike,True,False,2021-01-04,2026-04-30,True,,True,True,True
AIT-2025-08-006,2025-08-21,2025-08-21,DDOG,Datadog,True,False,2021-01-04,2026-04-30,True,,True,True,True
AIT-2025-08-006,2025-08-21,2025-08-21,DASH,DoorDash,True,False,2021-01-04,2026-04-30,True,,True,True,True
AIT-2025-08-006,2025-08-21,2025-08-21,FTNT,Fortinet,True,False,2021-01-04,2026-04-30,True,,True,True,True
AIT-2025-08-006,2025-08-21,2025-08-21,INTC,Intel,True,True,2021-01-04,2026-04-30,True,,True,True,True
AIT-2025-08-006,2025-08-21,2025-08-21,INTU,Intuit,True,False,2021-01-04,2026-04-30,True,,True,True,True
AIT-2025-08-006,2025-08-21,2025-08-21,KLAC,KLA Corporation,True,True,2021-01-04,2026-04-30,True,,True,True,True
AIT-2025-08-006,2025-08-21,2025-08-21,LRCX,Lam Research,True,True,2021-01-04,2026-04-30,True,,True,True,True
AIT-2025-08-006,2025-08-21,2025-08-21,MRVL,Marvell Technology,True,True,2021-01-04,2026-04-30,True,,True,True,True
AIT-2025-08-006,2025-08-21,2025-08-21,META,Meta Platforms,True,False,2021-01-04,2026-04-30,True,,True,True,True
AIT-2025-08-006,2025-08-21,2025-08-21,MCHP,Microchip Technology,True,True,2021-01-04,2026-04-30,True,,True,True,True
AIT-2025-08-006,2025-08-21,2025-08-21,MU,Micron Technology,True,True,2021-01-04,2026-04-30,True,,True,True,True
AIT-2025-08-006,2025-08-21,2025-08-21,MSFT,Microsoft,True,False,2021-01-04,2026-04-30,True,,True,True,True
AIT-2025-08-006,2025-08-21,2025-08-21,MPWR,Monolithic Power Systems,True,True,2021-01-04,2026-04-30,True,,True,True,True
AIT-2025-08-006,2025-08-21,2025-08-21,NVDA,Nvidia,True,True,2021-01-04,2026-04-30,True,,True,True,True
AIT-2025-08-006,2025-08-21,2025-08-21,NXPI,NXP Semiconductors,True,True,2021-01-04,2026-04-30,True,,True,True,True
AIT-2025-08-006,2025-08-21,2025-08-21,PLTR,Palantir Technologies,True,False,2021-01-04,2026-04-30,True,,True,True,True
AIT-2025-08-006,2025-08-21,2025-08-21,PANW,Palo Alto Networks,True,False,2021-01-04,2026-04-30,True,,True,True,True
AIT-2025-08-006,2025-08-21,2025-08-21,PDD,PDD Holdings,True,False,2021-01-04,2026-04-30,True,,True,True,True
AIT-2025-08-006,2025-08-21,2025-08-21,QCOM,Qualcomm,True,True,2021-01-04,2026-04-30,True,,True,True,True
AIT-2025-08-006,2025-08-21,2025-08-21,ROP,Roper Technologies,True,False,2021-01-04,2026-04-30,True,,True,True,True
AIT-2025-08-006,2025-08-21,2025-08-21,SNDK,Sandisk,True,False,2025-02-13,2026-04-30,False,2024-10-30;2024-10-31,False,True,False
AIT-2025-08-006,2025-08-21,2025-08-21,STX,Seagate Technology,True,False,2021-01-04,2026-04-30,True,,True,True,True
AIT-2025-08-006,2025-08-21,2025-08-21,SHOP,Shopify,True,False,2021-01-04,2026-04-30,True,,True,True,True
AIT-2025-08-006,2025-08-21,2025-08-21,MSTR,MicroStrategy,True,False,2021-01-04,2026-04-30,True,,True,True,True
AIT-2025-08-006,2025-08-21,2025-08-21,SNPS,Synopsys,True,False,2021-01-04,2026-04-30,True,,True,True,True
AIT-2025-08-006,2025-08-21,2025-08-21,TXN,Texas Instruments,True,True,2021-01-04,2026-04-30,True,,True,True,True
AIT-2025-08-006,2025-08-21,2025-08-21,TRI,Thomson Reuters,True,False,2021-01-04,2026-04-30,True,,True,True,True
AIT-2025-08-006,2025-08-21,2025-08-21,WDC,Western Digital,True,False,2021-01-04,2026-04-30,True,,True,True,True
AIT-2025-08-006,2025-08-21,2025-08-21,WDAY,"Workday, Inc.",True,False,2021-01-04,2026-04-30,True,,True,True,True
AIT-2025-08-006,2025-08-21,2025-08-21,ZS,"Zscaler, Inc.",True,False,2021-01-04,2026-04-30,True,,True,True,True
AIT-2025-08-007,2025-08-26,2025-08-26,ADBE,Adobe Inc.,True,False,2021-01-04,2026-04-30,True,,True,True,True
AIT-2025-08-007,2025-08-26,2025-08-26,AMD,Advanced Micro Devices,True,True,2021-01-04,2026-04-30,True,,True,True,True
AIT-2025-08-007,2025-08-26,2025-08-26,GOOGL,Alphabet Inc. (Class A),True,False,2021-01-04,2026-04-30,True,,True,True,True
AIT-2025-08-007,2025-08-26,2025-08-26,GOOG,Alphabet Inc. (Class C),True,False,2021-01-04,2026-04-30,True,,True,True,True
AIT-2025-08-007,2025-08-26,2025-08-26,ADI,Analog Devices,True,True,2021-01-04,2026-04-30,True,,True,True,True
AIT-2025-08-007,2025-08-26,2025-08-26,AAPL,Apple Inc.,True,False,2021-01-04,2026-04-30,True,,True,True,True
AIT-2025-08-007,2025-08-26,2025-08-26,AMAT,Applied Materials,True,True,2021-01-04,2026-04-30,True,,True,True,True
AIT-2025-08-007,2025-08-26,2025-08-26,APP,AppLovin,True,False,2021-04-15,2026-04-30,True,,True,True,True
AIT-2025-08-007,2025-08-26,2025-08-26,ARM,Arm Holdings,True,False,2023-09-14,2026-04-30,True,,True,True,True
AIT-2025-08-007,2025-08-26,2025-08-26,ASML,ASML Holding,True,True,2021-01-04,2026-04-30,True,,True,True,True
AIT-2025-08-007,2025-08-26,2025-08-26,ADSK,Autodesk,True,False,2021-01-04,2026-04-30,True,,True,True,True
AIT-2025-08-007,2025-08-26,2025-08-26,AVGO,Broadcom,True,True,2021-01-04,2026-04-30,True,,True,True,True
AIT-2025-08-007,2025-08-26,2025-08-26,CDNS,Cadence Design Systems,True,False,2021-01-04,2026-04-30,True,,True,True,True
AIT-2025-08-007,2025-08-26,2025-08-26,CTSH,Cognizant Technology Solutions Corporation,True,False,2021-01-04,2026-04-30,True,,True,True,True
AIT-2025-08-007,2025-08-26,2025-08-26,CRWD,CrowdStrike,True,False,2021-01-04,2026-04-30,True,,True,True,True
AIT-2025-08-007,2025-08-26,2025-08-26,DDOG,Datadog,True,False,2021-01-04,2026-04-30,True,,True,True,True
AIT-2025-08-007,2025-08-26,2025-08-26,DASH,DoorDash,True,False,2021-01-04,2026-04-30,True,,True,True,True
AIT-2025-08-007,2025-08-26,2025-08-26,FTNT,Fortinet,True,False,2021-01-04,2026-04-30,True,,True,True,True
AIT-2025-08-007,2025-08-26,2025-08-26,INTC,Intel,True,True,2021-01-04,2026-04-30,True,,True,True,True
AIT-2025-08-007,2025-08-26,2025-08-26,INTU,Intuit,True,False,2021-01-04,2026-04-30,True,,True,True,True
AIT-2025-08-007,2025-08-26,2025-08-26,KLAC,KLA Corporation,True,True,2021-01-04,2026-04-30,True,,True,True,True
AIT-2025-08-007,2025-08-26,2025-08-26,LRCX,Lam Research,True,True,2021-01-04,2026-04-30,True,,True,True,True
AIT-2025-08-007,2025-08-26,2025-08-26,MRVL,Marvell Technology,True,True,2021-01-04,2026-04-30,True,,True,True,True
AIT-2025-08-007,2025-08-26,2025-08-26,META,Meta Platforms,True,False,2021-01-04,2026-04-30,True,,True,True,True
AIT-2025-08-007,2025-08-26,2025-08-26,MCHP,Microchip Technology,True,True,2021-01-04,2026-04-30,True,,True,True,True
AIT-2025-08-007,2025-08-26,2025-08-26,MU,Micron Technology,True,True,2021-01-04,2026-04-30,True,,True,True,True
AIT-2025-08-007,2025-08-26,2025-08-26,MSFT,Microsoft,True,False,2021-01-04,2026-04-30,True,,True,True,True
AIT-2025-08-007,2025-08-26,2025-08-26,MPWR,Monolithic Power Systems,True,True,2021-01-04,2026-04-30,True,,True,True,True
AIT-2025-08-007,2025-08-26,2025-08-26,NVDA,Nvidia,True,True,2021-01-04,2026-04-30,True,,True,True,True
AIT-2025-08-007,2025-08-26,2025-08-26,NXPI,NXP Semiconductors,True,True,2021-01-04,2026-04-30,True,,True,True,True
AIT-2025-08-007,2025-08-26,2025-08-26,PLTR,Palantir Technologies,True,False,2021-01-04,2026-04-30,True,,True,True,True
AIT-2025-08-007,2025-08-26,2025-08-26,PANW,Palo Alto Networks,True,False,2021-01-04,2026-04-30,True,,True,True,True
AIT-2025-08-007,2025-08-26,2025-08-26,PDD,PDD Holdings,True,False,2021-01-04,2026-04-30,True,,True,True,True
AIT-2025-08-007,2025-08-26,2025-08-26,QCOM,Qualcomm,True,True,2021-01-04,2026-04-30,True,,True,True,True
AIT-2025-08-007,2025-08-26,2025-08-26,ROP,Roper Technologies,True,False,2021-01-04,2026-04-30,True,,True,True,True
AIT-2025-08-007,2025-08-26,2025-08-26,SNDK,Sandisk,True,False,2025-02-13,2026-04-30,False,2024-11-04;2024-11-05,False,True,False
AIT-2025-08-007,2025-08-26,2025-08-26,STX,Seagate Technology,True,False,2021-01-04,2026-04-30,True,,True,True,True
AIT-2025-08-007,2025-08-26,2025-08-26,SHOP,Shopify,True,False,2021-01-04,2026-04-30,True,,True,True,True
AIT-2025-08-007,2025-08-26,2025-08-26,MSTR,MicroStrategy,True,False,2021-01-04,2026-04-30,True,,True,True,True
AIT-2025-08-007,2025-08-26,2025-08-26,SNPS,Synopsys,True,False,2021-01-04,2026-04-30,True,,True,True,True
AIT-2025-08-007,2025-08-26,2025-08-26,TXN,Texas Instruments,True,True,2021-01-04,2026-04-30,True,,True,True,True
AIT-2025-08-007,2025-08-26,2025-08-26,TRI,Thomson Reuters,True,False,2021-01-04,2026-04-30,True,,True,True,True
AIT-2025-08-007,2025-08-26,2025-08-26,WDC,Western Digital,True,False,2021-01-04,2026-04-30,True,,True,True,True
AIT-2025-08-007,2025-08-26,2025-08-26,WDAY,"Workday, Inc.",True,False,2021-01-04,2026-04-30,True,,True,True,True
AIT-2025-08-007,2025-08-26,2025-08-26,ZS,"Zscaler, Inc.",True,False,2021-01-04,2026-04-30,True,,True,True,True
AIT-2025-09-001,2025-09-24,2025-09-24,ADBE,Adobe Inc.,True,False,2021-01-04,2026-04-30,True,,True,True,True
AIT-2025-09-001,2025-09-24,2025-09-24,AMD,Advanced Micro Devices,True,True,2021-01-04,2026-04-30,True,,True,True,True
AIT-2025-09-001,2025-09-24,2025-09-24,GOOGL,Alphabet Inc. (Class A),True,False,2021-01-04,2026-04-30,True,,True,True,True
AIT-2025-09-001,2025-09-24,2025-09-24,GOOG,Alphabet Inc. (Class C),True,False,2021-01-04,2026-04-30,True,,True,True,True
AIT-2025-09-001,2025-09-24,2025-09-24,ADI,Analog Devices,True,True,2021-01-04,2026-04-30,True,,True,True,True
AIT-2025-09-001,2025-09-24,2025-09-24,AAPL,Apple Inc.,True,False,2021-01-04,2026-04-30,True,,True,True,True
AIT-2025-09-001,2025-09-24,2025-09-24,AMAT,Applied Materials,True,True,2021-01-04,2026-04-30,True,,True,True,True
AIT-2025-09-001,2025-09-24,2025-09-24,APP,AppLovin,True,False,2021-04-15,2026-04-30,True,,True,True,True
AIT-2025-09-001,2025-09-24,2025-09-24,ARM,Arm Holdings,True,False,2023-09-14,2026-04-30,True,,True,True,True
AIT-2025-09-001,2025-09-24,2025-09-24,ASML,ASML Holding,True,True,2021-01-04,2026-04-30,True,,True,True,True
AIT-2025-09-001,2025-09-24,2025-09-24,ADSK,Autodesk,True,False,2021-01-04,2026-04-30,True,,True,True,True
AIT-2025-09-001,2025-09-24,2025-09-24,AVGO,Broadcom,True,True,2021-01-04,2026-04-30,True,,True,True,True
AIT-2025-09-001,2025-09-24,2025-09-24,CDNS,Cadence Design Systems,True,False,2021-01-04,2026-04-30,True,,True,True,True
AIT-2025-09-001,2025-09-24,2025-09-24,CTSH,Cognizant Technology Solutions Corporation,True,False,2021-01-04,2026-04-30,True,,True,True,True
AIT-2025-09-001,2025-09-24,2025-09-24,CRWD,CrowdStrike,True,False,2021-01-04,2026-04-30,True,,True,True,True
AIT-2025-09-001,2025-09-24,2025-09-24,DDOG,Datadog,True,False,2021-01-04,2026-04-30,True,,True,True,True
AIT-2025-09-001,2025-09-24,2025-09-24,DASH,DoorDash,True,False,2021-01-04,2026-04-30,True,,True,True,True
AIT-2025-09-001,2025-09-24,2025-09-24,FTNT,Fortinet,True,False,2021-01-04,2026-04-30,True,,True,True,True
AIT-2025-09-001,2025-09-24,2025-09-24,INTC,Intel,True,True,2021-01-04,2026-04-30,True,,True,True,True
AIT-2025-09-001,2025-09-24,2025-09-24,INTU,Intuit,True,False,2021-01-04,2026-04-30,True,,True,True,True
AIT-2025-09-001,2025-09-24,2025-09-24,KLAC,KLA Corporation,True,True,2021-01-04,2026-04-30,True,,True,True,True
AIT-2025-09-001,2025-09-24,2025-09-24,LRCX,Lam Research,True,True,2021-01-04,2026-04-30,True,,True,True,True
AIT-2025-09-001,2025-09-24,2025-09-24,MRVL,Marvell Technology,True,True,2021-01-04,2026-04-30,True,,True,True,True
AIT-2025-09-001,2025-09-24,2025-09-24,META,Meta Platforms,True,False,2021-01-04,2026-04-30,True,,True,True,True
AIT-2025-09-001,2025-09-24,2025-09-24,MCHP,Microchip Technology,True,True,2021-01-04,2026-04-30,True,,True,True,True
AIT-2025-09-001,2025-09-24,2025-09-24,MU,Micron Technology,True,True,2021-01-04,2026-04-30,True,,True,True,True
AIT-2025-09-001,2025-09-24,2025-09-24,MSFT,Microsoft,True,False,2021-01-04,2026-04-30,True,,True,True,True
AIT-2025-09-001,2025-09-24,2025-09-24,MPWR,Monolithic Power Systems,True,True,2021-01-04,2026-04-30,True,,True,True,True
AIT-2025-09-001,2025-09-24,2025-09-24,NVDA,Nvidia,True,True,2021-01-04,2026-04-30,True,,True,True,True
AIT-2025-09-001,2025-09-24,2025-09-24,NXPI,NXP Semiconductors,True,True,2021-01-04,2026-04-30,True,,True,True,True
AIT-2025-09-001,2025-09-24,2025-09-24,PLTR,Palantir Technologies,True,False,2021-01-04,2026-04-30,True,,True,True,True
AIT-2025-09-001,2025-09-24,2025-09-24,PANW,Palo Alto Networks,True,False,2021-01-04,2026-04-30,True,,True,True,True
AIT-2025-09-001,2025-09-24,2025-09-24,PDD,PDD Holdings,True,False,2021-01-04,2026-04-30,True,,True,True,True
AIT-2025-09-001,2025-09-24,2025-09-24,QCOM,Qualcomm,True,True,2021-01-04,2026-04-30,True,,True,True,True
AIT-2025-09-001,2025-09-24,2025-09-24,ROP,Roper Technologies,True,False,2021-01-04,2026-04-30,True,,True,True,True
AIT-2025-09-001,2025-09-24,2025-09-24,SNDK,Sandisk,True,False,2025-02-13,2026-04-30,False,2024-12-03;2024-12-04,False,True,False
AIT-2025-09-001,2025-09-24,2025-09-24,STX,Seagate Technology,True,False,2021-01-04,2026-04-30,True,,True,True,True
AIT-2025-09-001,2025-09-24,2025-09-24,SHOP,Shopify,True,False,2021-01-04,2026-04-30,True,,True,True,True
AIT-2025-09-001,2025-09-24,2025-09-24,MSTR,MicroStrategy,True,False,2021-01-04,2026-04-30,True,,True,True,True
AIT-2025-09-001,2025-09-24,2025-09-24,SNPS,Synopsys,True,False,2021-01-04,2026-04-30,True,,True,True,True
AIT-2025-09-001,2025-09-24,2025-09-24,TXN,Texas Instruments,True,True,2021-01-04,2026-04-30,True,,True,True,True
AIT-2025-09-001,2025-09-24,2025-09-24,TRI,Thomson Reuters,True,False,2021-01-04,2026-04-30,True,,True,True,True
AIT-2025-09-001,2025-09-24,2025-09-24,WDC,Western Digital,True,False,2021-01-04,2026-04-30,True,,True,True,True
AIT-2025-09-001,2025-09-24,2025-09-24,WDAY,"Workday, Inc.",True,False,2021-01-04,2026-04-30,True,,True,True,True
AIT-2025-09-001,2025-09-24,2025-09-24,ZS,"Zscaler, Inc.",True,False,2021-01-04,2026-04-30,True,,True,True,True
AIT-2025-09-004,2025-09-23,2025-09-23,ADBE,Adobe Inc.,True,False,2021-01-04,2026-04-30,True,,True,True,True
AIT-2025-09-004,2025-09-23,2025-09-23,AMD,Advanced Micro Devices,True,True,2021-01-04,2026-04-30,True,,True,True,True
AIT-2025-09-004,2025-09-23,2025-09-23,GOOGL,Alphabet Inc. (Class A),True,False,2021-01-04,2026-04-30,True,,True,True,True
AIT-2025-09-004,2025-09-23,2025-09-23,GOOG,Alphabet Inc. (Class C),True,False,2021-01-04,2026-04-30,True,,True,True,True
AIT-2025-09-004,2025-09-23,2025-09-23,ADI,Analog Devices,True,True,2021-01-04,2026-04-30,True,,True,True,True
AIT-2025-09-004,2025-09-23,2025-09-23,AAPL,Apple Inc.,True,False,2021-01-04,2026-04-30,True,,True,True,True
AIT-2025-09-004,2025-09-23,2025-09-23,AMAT,Applied Materials,True,True,2021-01-04,2026-04-30,True,,True,True,True
AIT-2025-09-004,2025-09-23,2025-09-23,APP,AppLovin,True,False,2021-04-15,2026-04-30,True,,True,True,True
AIT-2025-09-004,2025-09-23,2025-09-23,ARM,Arm Holdings,True,False,2023-09-14,2026-04-30,True,,True,True,True
AIT-2025-09-004,2025-09-23,2025-09-23,ASML,ASML Holding,True,True,2021-01-04,2026-04-30,True,,True,True,True
AIT-2025-09-004,2025-09-23,2025-09-23,ADSK,Autodesk,True,False,2021-01-04,2026-04-30,True,,True,True,True
AIT-2025-09-004,2025-09-23,2025-09-23,AVGO,Broadcom,True,True,2021-01-04,2026-04-30,True,,True,True,True
AIT-2025-09-004,2025-09-23,2025-09-23,CDNS,Cadence Design Systems,True,False,2021-01-04,2026-04-30,True,,True,True,True
AIT-2025-09-004,2025-09-23,2025-09-23,CTSH,Cognizant Technology Solutions Corporation,True,False,2021-01-04,2026-04-30,True,,True,True,True
AIT-2025-09-004,2025-09-23,2025-09-23,CRWD,CrowdStrike,True,False,2021-01-04,2026-04-30,True,,True,True,True
AIT-2025-09-004,2025-09-23,2025-09-23,DDOG,Datadog,True,False,2021-01-04,2026-04-30,True,,True,True,True
AIT-2025-09-004,2025-09-23,2025-09-23,DASH,DoorDash,True,False,2021-01-04,2026-04-30,True,,True,True,True
AIT-2025-09-004,2025-09-23,2025-09-23,FTNT,Fortinet,True,False,2021-01-04,2026-04-30,True,,True,True,True
AIT-2025-09-004,2025-09-23,2025-09-23,INTC,Intel,True,True,2021-01-04,2026-04-30,True,,True,True,True
AIT-2025-09-004,2025-09-23,2025-09-23,INTU,Intuit,True,False,2021-01-04,2026-04-30,True,,True,True,True
AIT-2025-09-004,2025-09-23,2025-09-23,KLAC,KLA Corporation,True,True,2021-01-04,2026-04-30,True,,True,True,True
AIT-2025-09-004,2025-09-23,2025-09-23,LRCX,Lam Research,True,True,2021-01-04,2026-04-30,True,,True,True,True
AIT-2025-09-004,2025-09-23,2025-09-23,MRVL,Marvell Technology,True,True,2021-01-04,2026-04-30,True,,True,True,True
AIT-2025-09-004,2025-09-23,2025-09-23,META,Meta Platforms,True,False,2021-01-04,2026-04-30,True,,True,True,True
AIT-2025-09-004,2025-09-23,2025-09-23,MCHP,Microchip Technology,True,True,2021-01-04,2026-04-30,True,,True,True,True
AIT-2025-09-004,2025-09-23,2025-09-23,MU,Micron Technology,True,True,2021-01-04,2026-04-30,True,,True,True,True
AIT-2025-09-004,2025-09-23,2025-09-23,MSFT,Microsoft,True,False,2021-01-04,2026-04-30,True,,True,True,True
AIT-2025-09-004,2025-09-23,2025-09-23,MPWR,Monolithic Power Systems,True,True,2021-01-04,2026-04-30,True,,True,True,True
AIT-2025-09-004,2025-09-23,2025-09-23,NVDA,Nvidia,True,True,2021-01-04,2026-04-30,True,,True,True,True
AIT-2025-09-004,2025-09-23,2025-09-23,NXPI,NXP Semiconductors,True,True,2021-01-04,2026-04-30,True,,True,True,True
AIT-2025-09-004,2025-09-23,2025-09-23,PLTR,Palantir Technologies,True,False,2021-01-04,2026-04-30,True,,True,True,True
AIT-2025-09-004,2025-09-23,2025-09-23,PANW,Palo Alto Networks,True,False,2021-01-04,2026-04-30,True,,True,True,True
AIT-2025-09-004,2025-09-23,2025-09-23,PDD,PDD Holdings,True,False,2021-01-04,2026-04-30,True,,True,True,True
AIT-2025-09-004,2025-09-23,2025-09-23,QCOM,Qualcomm,True,True,2021-01-04,2026-04-30,True,,True,True,True
AIT-2025-09-004,2025-09-23,2025-09-23,ROP,Roper Technologies,True,False,2021-01-04,2026-04-30,True,,True,True,True
AIT-2025-09-004,2025-09-23,2025-09-23,SNDK,Sandisk,True,False,2025-02-13,2026-04-30,False,2024-12-02;2024-12-03,False,True,False
AIT-2025-09-004,2025-09-23,2025-09-23,STX,Seagate Technology,True,False,2021-01-04,2026-04-30,True,,True,True,True
AIT-2025-09-004,2025-09-23,2025-09-23,SHOP,Shopify,True,False,2021-01-04,2026-04-30,True,,True,True,True
AIT-2025-09-004,2025-09-23,2025-09-23,MSTR,MicroStrategy,True,False,2021-01-04,2026-04-30,True,,True,True,True
AIT-2025-09-004,2025-09-23,2025-09-23,SNPS,Synopsys,True,False,2021-01-04,2026-04-30,True,,True,True,True
AIT-2025-09-004,2025-09-23,2025-09-23,TXN,Texas Instruments,True,True,2021-01-04,2026-04-30,True,,True,True,True
AIT-2025-09-004,2025-09-23,2025-09-23,TRI,Thomson Reuters,True,False,2021-01-04,2026-04-30,True,,True,True,True
AIT-2025-09-004,2025-09-23,2025-09-23,WDC,Western Digital,True,False,2021-01-04,2026-04-30,True,,True,True,True
AIT-2025-09-004,2025-09-23,2025-09-23,WDAY,"Workday, Inc.",True,False,2021-01-04,2026-04-30,True,,True,True,True
AIT-2025-09-004,2025-09-23,2025-09-23,ZS,"Zscaler, Inc.",True,False,2021-01-04,2026-04-30,True,,True,True,True
AIT-2025-09-005,2025-09-24,2025-09-24,ADBE,Adobe Inc.,True,False,2021-01-04,2026-04-30,True,,True,True,True
AIT-2025-09-005,2025-09-24,2025-09-24,AMD,Advanced Micro Devices,True,True,2021-01-04,2026-04-30,True,,True,True,True
AIT-2025-09-005,2025-09-24,2025-09-24,GOOGL,Alphabet Inc. (Class A),True,False,2021-01-04,2026-04-30,True,,True,True,True
AIT-2025-09-005,2025-09-24,2025-09-24,GOOG,Alphabet Inc. (Class C),True,False,2021-01-04,2026-04-30,True,,True,True,True
AIT-2025-09-005,2025-09-24,2025-09-24,ADI,Analog Devices,True,True,2021-01-04,2026-04-30,True,,True,True,True
AIT-2025-09-005,2025-09-24,2025-09-24,AAPL,Apple Inc.,True,False,2021-01-04,2026-04-30,True,,True,True,True
AIT-2025-09-005,2025-09-24,2025-09-24,AMAT,Applied Materials,True,True,2021-01-04,2026-04-30,True,,True,True,True
AIT-2025-09-005,2025-09-24,2025-09-24,APP,AppLovin,True,False,2021-04-15,2026-04-30,True,,True,True,True
AIT-2025-09-005,2025-09-24,2025-09-24,ARM,Arm Holdings,True,False,2023-09-14,2026-04-30,True,,True,True,True
AIT-2025-09-005,2025-09-24,2025-09-24,ASML,ASML Holding,True,True,2021-01-04,2026-04-30,True,,True,True,True
AIT-2025-09-005,2025-09-24,2025-09-24,ADSK,Autodesk,True,False,2021-01-04,2026-04-30,True,,True,True,True
AIT-2025-09-005,2025-09-24,2025-09-24,AVGO,Broadcom,True,True,2021-01-04,2026-04-30,True,,True,True,True
AIT-2025-09-005,2025-09-24,2025-09-24,CDNS,Cadence Design Systems,True,False,2021-01-04,2026-04-30,True,,True,True,True
AIT-2025-09-005,2025-09-24,2025-09-24,CTSH,Cognizant Technology Solutions Corporation,True,False,2021-01-04,2026-04-30,True,,True,True,True
AIT-2025-09-005,2025-09-24,2025-09-24,CRWD,CrowdStrike,True,False,2021-01-04,2026-04-30,True,,True,True,True
AIT-2025-09-005,2025-09-24,2025-09-24,DDOG,Datadog,True,False,2021-01-04,2026-04-30,True,,True,True,True
AIT-2025-09-005,2025-09-24,2025-09-24,DASH,DoorDash,True,False,2021-01-04,2026-04-30,True,,True,True,True
AIT-2025-09-005,2025-09-24,2025-09-24,FTNT,Fortinet,True,False,2021-01-04,2026-04-30,True,,True,True,True
AIT-2025-09-005,2025-09-24,2025-09-24,INTC,Intel,True,True,2021-01-04,2026-04-30,True,,True,True,True
AIT-2025-09-005,2025-09-24,2025-09-24,INTU,Intuit,True,False,2021-01-04,2026-04-30,True,,True,True,True
AIT-2025-09-005,2025-09-24,2025-09-24,KLAC,KLA Corporation,True,True,2021-01-04,2026-04-30,True,,True,True,True
AIT-2025-09-005,2025-09-24,2025-09-24,LRCX,Lam Research,True,True,2021-01-04,2026-04-30,True,,True,True,True
AIT-2025-09-005,2025-09-24,2025-09-24,MRVL,Marvell Technology,True,True,2021-01-04,2026-04-30,True,,True,True,True
AIT-2025-09-005,2025-09-24,2025-09-24,META,Meta Platforms,True,False,2021-01-04,2026-04-30,True,,True,True,True
AIT-2025-09-005,2025-09-24,2025-09-24,MCHP,Microchip Technology,True,True,2021-01-04,2026-04-30,True,,True,True,True
AIT-2025-09-005,2025-09-24,2025-09-24,MU,Micron Technology,True,True,2021-01-04,2026-04-30,True,,True,True,True
AIT-2025-09-005,2025-09-24,2025-09-24,MSFT,Microsoft,True,False,2021-01-04,2026-04-30,True,,True,True,True
AIT-2025-09-005,2025-09-24,2025-09-24,MPWR,Monolithic Power Systems,True,True,2021-01-04,2026-04-30,True,,True,True,True
AIT-2025-09-005,2025-09-24,2025-09-24,NVDA,Nvidia,True,True,2021-01-04,2026-04-30,True,,True,True,True
AIT-2025-09-005,2025-09-24,2025-09-24,NXPI,NXP Semiconductors,True,True,2021-01-04,2026-04-30,True,,True,True,True
AIT-2025-09-005,2025-09-24,2025-09-24,PLTR,Palantir Technologies,True,False,2021-01-04,2026-04-30,True,,True,True,True
AIT-2025-09-005,2025-09-24,2025-09-24,PANW,Palo Alto Networks,True,False,2021-01-04,2026-04-30,True,,True,True,True
AIT-2025-09-005,2025-09-24,2025-09-24,PDD,PDD Holdings,True,False,2021-01-04,2026-04-30,True,,True,True,True
AIT-2025-09-005,2025-09-24,2025-09-24,QCOM,Qualcomm,True,True,2021-01-04,2026-04-30,True,,True,True,True
AIT-2025-09-005,2025-09-24,2025-09-24,ROP,Roper Technologies,True,False,2021-01-04,2026-04-30,True,,True,True,True
AIT-2025-09-005,2025-09-24,2025-09-24,SNDK,Sandisk,True,False,2025-02-13,2026-04-30,False,2024-12-03;2024-12-04,False,True,False
AIT-2025-09-005,2025-09-24,2025-09-24,STX,Seagate Technology,True,False,2021-01-04,2026-04-30,True,,True,True,True
AIT-2025-09-005,2025-09-24,2025-09-24,SHOP,Shopify,True,False,2021-01-04,2026-04-30,True,,True,True,True
AIT-2025-09-005,2025-09-24,2025-09-24,MSTR,MicroStrategy,True,False,2021-01-04,2026-04-30,True,,True,True,True
AIT-2025-09-005,2025-09-24,2025-09-24,SNPS,Synopsys,True,False,2021-01-04,2026-04-30,True,,True,True,True
AIT-2025-09-005,2025-09-24,2025-09-24,TXN,Texas Instruments,True,True,2021-01-04,2026-04-30,True,,True,True,True
AIT-2025-09-005,2025-09-24,2025-09-24,TRI,Thomson Reuters,True,False,2021-01-04,2026-04-30,True,,True,True,True
AIT-2025-09-005,2025-09-24,2025-09-24,WDC,Western Digital,True,False,2021-01-04,2026-04-30,True,,True,True,True
AIT-2025-09-005,2025-09-24,2025-09-24,WDAY,"Workday, Inc.",True,False,2021-01-04,2026-04-30,True,,True,True,True
AIT-2025-09-005,2025-09-24,2025-09-24,ZS,"Zscaler, Inc.",True,False,2021-01-04,2026-04-30,True,,True,True,True
AIT-2025-09-007,2025-09-29,2025-09-29,ADBE,Adobe Inc.,True,False,2021-01-04,2026-04-30,True,,True,True,True
AIT-2025-09-007,2025-09-29,2025-09-29,AMD,Advanced Micro Devices,True,True,2021-01-04,2026-04-30,True,,True,True,True
AIT-2025-09-007,2025-09-29,2025-09-29,GOOGL,Alphabet Inc. (Class A),True,False,2021-01-04,2026-04-30,True,,True,True,True
AIT-2025-09-007,2025-09-29,2025-09-29,GOOG,Alphabet Inc. (Class C),True,False,2021-01-04,2026-04-30,True,,True,True,True
AIT-2025-09-007,2025-09-29,2025-09-29,ADI,Analog Devices,True,True,2021-01-04,2026-04-30,True,,True,True,True
AIT-2025-09-007,2025-09-29,2025-09-29,AAPL,Apple Inc.,True,False,2021-01-04,2026-04-30,True,,True,True,True
AIT-2025-09-007,2025-09-29,2025-09-29,AMAT,Applied Materials,True,True,2021-01-04,2026-04-30,True,,True,True,True
AIT-2025-09-007,2025-09-29,2025-09-29,APP,AppLovin,True,False,2021-04-15,2026-04-30,True,,True,True,True
AIT-2025-09-007,2025-09-29,2025-09-29,ARM,Arm Holdings,True,False,2023-09-14,2026-04-30,True,,True,True,True
AIT-2025-09-007,2025-09-29,2025-09-29,ASML,ASML Holding,True,True,2021-01-04,2026-04-30,True,,True,True,True
AIT-2025-09-007,2025-09-29,2025-09-29,ADSK,Autodesk,True,False,2021-01-04,2026-04-30,True,,True,True,True
AIT-2025-09-007,2025-09-29,2025-09-29,AVGO,Broadcom,True,True,2021-01-04,2026-04-30,True,,True,True,True
AIT-2025-09-007,2025-09-29,2025-09-29,CDNS,Cadence Design Systems,True,False,2021-01-04,2026-04-30,True,,True,True,True
AIT-2025-09-007,2025-09-29,2025-09-29,CTSH,Cognizant Technology Solutions Corporation,True,False,2021-01-04,2026-04-30,True,,True,True,True
AIT-2025-09-007,2025-09-29,2025-09-29,CRWD,CrowdStrike,True,False,2021-01-04,2026-04-30,True,,True,True,True
AIT-2025-09-007,2025-09-29,2025-09-29,DDOG,Datadog,True,False,2021-01-04,2026-04-30,True,,True,True,True
AIT-2025-09-007,2025-09-29,2025-09-29,DASH,DoorDash,True,False,2021-01-04,2026-04-30,True,,True,True,True
AIT-2025-09-007,2025-09-29,2025-09-29,FTNT,Fortinet,True,False,2021-01-04,2026-04-30,True,,True,True,True
AIT-2025-09-007,2025-09-29,2025-09-29,INTC,Intel,True,True,2021-01-04,2026-04-30,True,,True,True,True
AIT-2025-09-007,2025-09-29,2025-09-29,INTU,Intuit,True,False,2021-01-04,2026-04-30,True,,True,True,True
AIT-2025-09-007,2025-09-29,2025-09-29,KLAC,KLA Corporation,True,True,2021-01-04,2026-04-30,True,,True,True,True
AIT-2025-09-007,2025-09-29,2025-09-29,LRCX,Lam Research,True,True,2021-01-04,2026-04-30,True,,True,True,True
AIT-2025-09-007,2025-09-29,2025-09-29,MRVL,Marvell Technology,True,True,2021-01-04,2026-04-30,True,,True,True,True
AIT-2025-09-007,2025-09-29,2025-09-29,META,Meta Platforms,True,False,2021-01-04,2026-04-30,True,,True,True,True
AIT-2025-09-007,2025-09-29,2025-09-29,MCHP,Microchip Technology,True,True,2021-01-04,2026-04-30,True,,True,True,True
AIT-2025-09-007,2025-09-29,2025-09-29,MU,Micron Technology,True,True,2021-01-04,2026-04-30,True,,True,True,True
AIT-2025-09-007,2025-09-29,2025-09-29,MSFT,Microsoft,True,False,2021-01-04,2026-04-30,True,,True,True,True
AIT-2025-09-007,2025-09-29,2025-09-29,MPWR,Monolithic Power Systems,True,True,2021-01-04,2026-04-30,True,,True,True,True
AIT-2025-09-007,2025-09-29,2025-09-29,NVDA,Nvidia,True,True,2021-01-04,2026-04-30,True,,True,True,True
AIT-2025-09-007,2025-09-29,2025-09-29,NXPI,NXP Semiconductors,True,True,2021-01-04,2026-04-30,True,,True,True,True
AIT-2025-09-007,2025-09-29,2025-09-29,PLTR,Palantir Technologies,True,False,2021-01-04,2026-04-30,True,,True,True,True
AIT-2025-09-007,2025-09-29,2025-09-29,PANW,Palo Alto Networks,True,False,2021-01-04,2026-04-30,True,,True,True,True
AIT-2025-09-007,2025-09-29,2025-09-29,PDD,PDD Holdings,True,False,2021-01-04,2026-04-30,True,,True,True,True
AIT-2025-09-007,2025-09-29,2025-09-29,QCOM,Qualcomm,True,True,2021-01-04,2026-04-30,True,,True,True,True
AIT-2025-09-007,2025-09-29,2025-09-29,ROP,Roper Technologies,True,False,2021-01-04,2026-04-30,True,,True,True,True
AIT-2025-09-007,2025-09-29,2025-09-29,SNDK,Sandisk,True,False,2025-02-13,2026-04-30,False,2024-12-06;2024-12-09,False,True,False
AIT-2025-09-007,2025-09-29,2025-09-29,STX,Seagate Technology,True,False,2021-01-04,2026-04-30,True,,True,True,True
AIT-2025-09-007,2025-09-29,2025-09-29,SHOP,Shopify,True,False,2021-01-04,2026-04-30,True,,True,True,True
AIT-2025-09-007,2025-09-29,2025-09-29,MSTR,MicroStrategy,True,False,2021-01-04,2026-04-30,True,,True,True,True
AIT-2025-09-007,2025-09-29,2025-09-29,SNPS,Synopsys,True,False,2021-01-04,2026-04-30,True,,True,True,True
AIT-2025-09-007,2025-09-29,2025-09-29,TXN,Texas Instruments,True,True,2021-01-04,2026-04-30,True,,True,True,True
AIT-2025-09-007,2025-09-29,2025-09-29,TRI,Thomson Reuters,True,False,2021-01-04,2026-04-30,True,,True,True,True
AIT-2025-09-007,2025-09-29,2025-09-29,WDC,Western Digital,True,False,2021-01-04,2026-04-30,True,,True,True,True
AIT-2025-09-007,2025-09-29,2025-09-29,WDAY,"Workday, Inc.",True,False,2021-01-04,2026-04-30,True,,True,True,True
AIT-2025-09-007,2025-09-29,2025-09-29,ZS,"Zscaler, Inc.",True,False,2021-01-04,2026-04-30,True,,True,True,True
AIT-2025-09-008,2025-09-30,2025-09-30,ADBE,Adobe Inc.,True,False,2021-01-04,2026-04-30,True,,True,True,True
AIT-2025-09-008,2025-09-30,2025-09-30,AMD,Advanced Micro Devices,True,True,2021-01-04,2026-04-30,True,,True,True,True
AIT-2025-09-008,2025-09-30,2025-09-30,GOOGL,Alphabet Inc. (Class A),True,False,2021-01-04,2026-04-30,True,,True,True,True
AIT-2025-09-008,2025-09-30,2025-09-30,GOOG,Alphabet Inc. (Class C),True,False,2021-01-04,2026-04-30,True,,True,True,True
AIT-2025-09-008,2025-09-30,2025-09-30,ADI,Analog Devices,True,True,2021-01-04,2026-04-30,True,,True,True,True
AIT-2025-09-008,2025-09-30,2025-09-30,AAPL,Apple Inc.,True,False,2021-01-04,2026-04-30,True,,True,True,True
AIT-2025-09-008,2025-09-30,2025-09-30,AMAT,Applied Materials,True,True,2021-01-04,2026-04-30,True,,True,True,True
AIT-2025-09-008,2025-09-30,2025-09-30,APP,AppLovin,True,False,2021-04-15,2026-04-30,True,,True,True,True
AIT-2025-09-008,2025-09-30,2025-09-30,ARM,Arm Holdings,True,False,2023-09-14,2026-04-30,True,,True,True,True
AIT-2025-09-008,2025-09-30,2025-09-30,ASML,ASML Holding,True,True,2021-01-04,2026-04-30,True,,True,True,True
AIT-2025-09-008,2025-09-30,2025-09-30,ADSK,Autodesk,True,False,2021-01-04,2026-04-30,True,,True,True,True
AIT-2025-09-008,2025-09-30,2025-09-30,AVGO,Broadcom,True,True,2021-01-04,2026-04-30,True,,True,True,True
AIT-2025-09-008,2025-09-30,2025-09-30,CDNS,Cadence Design Systems,True,False,2021-01-04,2026-04-30,True,,True,True,True
AIT-2025-09-008,2025-09-30,2025-09-30,CTSH,Cognizant Technology Solutions Corporation,True,False,2021-01-04,2026-04-30,True,,True,True,True
AIT-2025-09-008,2025-09-30,2025-09-30,CRWD,CrowdStrike,True,False,2021-01-04,2026-04-30,True,,True,True,True
AIT-2025-09-008,2025-09-30,2025-09-30,DDOG,Datadog,True,False,2021-01-04,2026-04-30,True,,True,True,True
AIT-2025-09-008,2025-09-30,2025-09-30,DASH,DoorDash,True,False,2021-01-04,2026-04-30,True,,True,True,True
AIT-2025-09-008,2025-09-30,2025-09-30,FTNT,Fortinet,True,False,2021-01-04,2026-04-30,True,,True,True,True
AIT-2025-09-008,2025-09-30,2025-09-30,INTC,Intel,True,True,2021-01-04,2026-04-30,True,,True,True,True
AIT-2025-09-008,2025-09-30,2025-09-30,INTU,Intuit,True,False,2021-01-04,2026-04-30,True,,True,True,True
AIT-2025-09-008,2025-09-30,2025-09-30,KLAC,KLA Corporation,True,True,2021-01-04,2026-04-30,True,,True,True,True
AIT-2025-09-008,2025-09-30,2025-09-30,LRCX,Lam Research,True,True,2021-01-04,2026-04-30,True,,True,True,True
AIT-2025-09-008,2025-09-30,2025-09-30,MRVL,Marvell Technology,True,True,2021-01-04,2026-04-30,True,,True,True,True
AIT-2025-09-008,2025-09-30,2025-09-30,META,Meta Platforms,True,False,2021-01-04,2026-04-30,True,,True,True,True
AIT-2025-09-008,2025-09-30,2025-09-30,MCHP,Microchip Technology,True,True,2021-01-04,2026-04-30,True,,True,True,True
AIT-2025-09-008,2025-09-30,2025-09-30,MU,Micron Technology,True,True,2021-01-04,2026-04-30,True,,True,True,True
AIT-2025-09-008,2025-09-30,2025-09-30,MSFT,Microsoft,True,False,2021-01-04,2026-04-30,True,,True,True,True
AIT-2025-09-008,2025-09-30,2025-09-30,MPWR,Monolithic Power Systems,True,True,2021-01-04,2026-04-30,True,,True,True,True
AIT-2025-09-008,2025-09-30,2025-09-30,NVDA,Nvidia,True,True,2021-01-04,2026-04-30,True,,True,True,True
AIT-2025-09-008,2025-09-30,2025-09-30,NXPI,NXP Semiconductors,True,True,2021-01-04,2026-04-30,True,,True,True,True
AIT-2025-09-008,2025-09-30,2025-09-30,PLTR,Palantir Technologies,True,False,2021-01-04,2026-04-30,True,,True,True,True
AIT-2025-09-008,2025-09-30,2025-09-30,PANW,Palo Alto Networks,True,False,2021-01-04,2026-04-30,True,,True,True,True
AIT-2025-09-008,2025-09-30,2025-09-30,PDD,PDD Holdings,True,False,2021-01-04,2026-04-30,True,,True,True,True
AIT-2025-09-008,2025-09-30,2025-09-30,QCOM,Qualcomm,True,True,2021-01-04,2026-04-30,True,,True,True,True
AIT-2025-09-008,2025-09-30,2025-09-30,ROP,Roper Technologies,True,False,2021-01-04,2026-04-30,True,,True,True,True
AIT-2025-09-008,2025-09-30,2025-09-30,SNDK,Sandisk,True,False,2025-02-13,2026-04-30,False,2024-12-09;2024-12-10,False,True,False
AIT-2025-09-008,2025-09-30,2025-09-30,STX,Seagate Technology,True,False,2021-01-04,2026-04-30,True,,True,True,True
AIT-2025-09-008,2025-09-30,2025-09-30,SHOP,Shopify,True,False,2021-01-04,2026-04-30,True,,True,True,True
AIT-2025-09-008,2025-09-30,2025-09-30,MSTR,MicroStrategy,True,False,2021-01-04,2026-04-30,True,,True,True,True
AIT-2025-09-008,2025-09-30,2025-09-30,SNPS,Synopsys,True,False,2021-01-04,2026-04-30,True,,True,True,True
AIT-2025-09-008,2025-09-30,2025-09-30,TXN,Texas Instruments,True,True,2021-01-04,2026-04-30,True,,True,True,True
AIT-2025-09-008,2025-09-30,2025-09-30,TRI,Thomson Reuters,True,False,2021-01-04,2026-04-30,True,,True,True,True
AIT-2025-09-008,2025-09-30,2025-09-30,WDC,Western Digital,True,False,2021-01-04,2026-04-30,True,,True,True,True
AIT-2025-09-008,2025-09-30,2025-09-30,WDAY,"Workday, Inc.",True,False,2021-01-04,2026-04-30,True,,True,True,True
AIT-2025-09-008,2025-09-30,2025-09-30,ZS,"Zscaler, Inc.",True,False,2021-01-04,2026-04-30,True,,True,True,True
AIT-2025-09-009,2025-09-29,2025-09-29,ADBE,Adobe Inc.,True,False,2021-01-04,2026-04-30,True,,True,True,True
AIT-2025-09-009,2025-09-29,2025-09-29,AMD,Advanced Micro Devices,True,True,2021-01-04,2026-04-30,True,,True,True,True
AIT-2025-09-009,2025-09-29,2025-09-29,GOOGL,Alphabet Inc. (Class A),True,False,2021-01-04,2026-04-30,True,,True,True,True
AIT-2025-09-009,2025-09-29,2025-09-29,GOOG,Alphabet Inc. (Class C),True,False,2021-01-04,2026-04-30,True,,True,True,True
AIT-2025-09-009,2025-09-29,2025-09-29,ADI,Analog Devices,True,True,2021-01-04,2026-04-30,True,,True,True,True
AIT-2025-09-009,2025-09-29,2025-09-29,AAPL,Apple Inc.,True,False,2021-01-04,2026-04-30,True,,True,True,True
AIT-2025-09-009,2025-09-29,2025-09-29,AMAT,Applied Materials,True,True,2021-01-04,2026-04-30,True,,True,True,True
AIT-2025-09-009,2025-09-29,2025-09-29,APP,AppLovin,True,False,2021-04-15,2026-04-30,True,,True,True,True
AIT-2025-09-009,2025-09-29,2025-09-29,ARM,Arm Holdings,True,False,2023-09-14,2026-04-30,True,,True,True,True
AIT-2025-09-009,2025-09-29,2025-09-29,ASML,ASML Holding,True,True,2021-01-04,2026-04-30,True,,True,True,True
AIT-2025-09-009,2025-09-29,2025-09-29,ADSK,Autodesk,True,False,2021-01-04,2026-04-30,True,,True,True,True
AIT-2025-09-009,2025-09-29,2025-09-29,AVGO,Broadcom,True,True,2021-01-04,2026-04-30,True,,True,True,True
AIT-2025-09-009,2025-09-29,2025-09-29,CDNS,Cadence Design Systems,True,False,2021-01-04,2026-04-30,True,,True,True,True
AIT-2025-09-009,2025-09-29,2025-09-29,CTSH,Cognizant Technology Solutions Corporation,True,False,2021-01-04,2026-04-30,True,,True,True,True
AIT-2025-09-009,2025-09-29,2025-09-29,CRWD,CrowdStrike,True,False,2021-01-04,2026-04-30,True,,True,True,True
AIT-2025-09-009,2025-09-29,2025-09-29,DDOG,Datadog,True,False,2021-01-04,2026-04-30,True,,True,True,True
AIT-2025-09-009,2025-09-29,2025-09-29,DASH,DoorDash,True,False,2021-01-04,2026-04-30,True,,True,True,True
AIT-2025-09-009,2025-09-29,2025-09-29,FTNT,Fortinet,True,False,2021-01-04,2026-04-30,True,,True,True,True
AIT-2025-09-009,2025-09-29,2025-09-29,INTC,Intel,True,True,2021-01-04,2026-04-30,True,,True,True,True
AIT-2025-09-009,2025-09-29,2025-09-29,INTU,Intuit,True,False,2021-01-04,2026-04-30,True,,True,True,True
AIT-2025-09-009,2025-09-29,2025-09-29,KLAC,KLA Corporation,True,True,2021-01-04,2026-04-30,True,,True,True,True
AIT-2025-09-009,2025-09-29,2025-09-29,LRCX,Lam Research,True,True,2021-01-04,2026-04-30,True,,True,True,True
AIT-2025-09-009,2025-09-29,2025-09-29,MRVL,Marvell Technology,True,True,2021-01-04,2026-04-30,True,,True,True,True
AIT-2025-09-009,2025-09-29,2025-09-29,META,Meta Platforms,True,False,2021-01-04,2026-04-30,True,,True,True,True
AIT-2025-09-009,2025-09-29,2025-09-29,MCHP,Microchip Technology,True,True,2021-01-04,2026-04-30,True,,True,True,True
AIT-2025-09-009,2025-09-29,2025-09-29,MU,Micron Technology,True,True,2021-01-04,2026-04-30,True,,True,True,True
AIT-2025-09-009,2025-09-29,2025-09-29,MSFT,Microsoft,True,False,2021-01-04,2026-04-30,True,,True,True,True
AIT-2025-09-009,2025-09-29,2025-09-29,MPWR,Monolithic Power Systems,True,True,2021-01-04,2026-04-30,True,,True,True,True
AIT-2025-09-009,2025-09-29,2025-09-29,NVDA,Nvidia,True,True,2021-01-04,2026-04-30,True,,True,True,True
AIT-2025-09-009,2025-09-29,2025-09-29,NXPI,NXP Semiconductors,True,True,2021-01-04,2026-04-30,True,,True,True,True
AIT-2025-09-009,2025-09-29,2025-09-29,PLTR,Palantir Technologies,True,False,2021-01-04,2026-04-30,True,,True,True,True
AIT-2025-09-009,2025-09-29,2025-09-29,PANW,Palo Alto Networks,True,False,2021-01-04,2026-04-30,True,,True,True,True
AIT-2025-09-009,2025-09-29,2025-09-29,PDD,PDD Holdings,True,False,2021-01-04,2026-04-30,True,,True,True,True
AIT-2025-09-009,2025-09-29,2025-09-29,QCOM,Qualcomm,True,True,2021-01-04,2026-04-30,True,,True,True,True
AIT-2025-09-009,2025-09-29,2025-09-29,ROP,Roper Technologies,True,False,2021-01-04,2026-04-30,True,,True,True,True
AIT-2025-09-009,2025-09-29,2025-09-29,SNDK,Sandisk,True,False,2025-02-13,2026-04-30,False,2024-12-06;2024-12-09,False,True,False
AIT-2025-09-009,2025-09-29,2025-09-29,STX,Seagate Technology,True,False,2021-01-04,2026-04-30,True,,True,True,True
AIT-2025-09-009,2025-09-29,2025-09-29,SHOP,Shopify,True,False,2021-01-04,2026-04-30,True,,True,True,True
AIT-2025-09-009,2025-09-29,2025-09-29,MSTR,MicroStrategy,True,False,2021-01-04,2026-04-30,True,,True,True,True
AIT-2025-09-009,2025-09-29,2025-09-29,SNPS,Synopsys,True,False,2021-01-04,2026-04-30,True,,True,True,True
AIT-2025-09-009,2025-09-29,2025-09-29,TXN,Texas Instruments,True,True,2021-01-04,2026-04-30,True,,True,True,True
AIT-2025-09-009,2025-09-29,2025-09-29,TRI,Thomson Reuters,True,False,2021-01-04,2026-04-30,True,,True,True,True
AIT-2025-09-009,2025-09-29,2025-09-29,WDC,Western Digital,True,False,2021-01-04,2026-04-30,True,,True,True,True
AIT-2025-09-009,2025-09-29,2025-09-29,WDAY,"Workday, Inc.",True,False,2021-01-04,2026-04-30,True,,True,True,True
AIT-2025-09-009,2025-09-29,2025-09-29,ZS,"Zscaler, Inc.",True,False,2021-01-04,2026-04-30,True,,True,True,True
AIT-2025-10-003,2025-10-15,2025-10-15,ADBE,Adobe Inc.,True,False,2021-01-04,2026-04-30,True,,True,True,True
AIT-2025-10-003,2025-10-15,2025-10-15,AMD,Advanced Micro Devices,True,True,2021-01-04,2026-04-30,True,,True,True,True
AIT-2025-10-003,2025-10-15,2025-10-15,GOOGL,Alphabet Inc. (Class A),True,False,2021-01-04,2026-04-30,True,,True,True,True
AIT-2025-10-003,2025-10-15,2025-10-15,GOOG,Alphabet Inc. (Class C),True,False,2021-01-04,2026-04-30,True,,True,True,True
AIT-2025-10-003,2025-10-15,2025-10-15,ADI,Analog Devices,True,True,2021-01-04,2026-04-30,True,,True,True,True
AIT-2025-10-003,2025-10-15,2025-10-15,AAPL,Apple Inc.,True,False,2021-01-04,2026-04-30,True,,True,True,True
AIT-2025-10-003,2025-10-15,2025-10-15,AMAT,Applied Materials,True,True,2021-01-04,2026-04-30,True,,True,True,True
AIT-2025-10-003,2025-10-15,2025-10-15,APP,AppLovin,True,False,2021-04-15,2026-04-30,True,,True,True,True
AIT-2025-10-003,2025-10-15,2025-10-15,ARM,Arm Holdings,True,False,2023-09-14,2026-04-30,True,,True,True,True
AIT-2025-10-003,2025-10-15,2025-10-15,ASML,ASML Holding,True,True,2021-01-04,2026-04-30,True,,True,True,True
AIT-2025-10-003,2025-10-15,2025-10-15,ADSK,Autodesk,True,False,2021-01-04,2026-04-30,True,,True,True,True
AIT-2025-10-003,2025-10-15,2025-10-15,AVGO,Broadcom,True,True,2021-01-04,2026-04-30,True,,True,True,True
AIT-2025-10-003,2025-10-15,2025-10-15,CDNS,Cadence Design Systems,True,False,2021-01-04,2026-04-30,True,,True,True,True
AIT-2025-10-003,2025-10-15,2025-10-15,CTSH,Cognizant Technology Solutions Corporation,True,False,2021-01-04,2026-04-30,True,,True,True,True
AIT-2025-10-003,2025-10-15,2025-10-15,CRWD,CrowdStrike,True,False,2021-01-04,2026-04-30,True,,True,True,True
AIT-2025-10-003,2025-10-15,2025-10-15,DDOG,Datadog,True,False,2021-01-04,2026-04-30,True,,True,True,True
AIT-2025-10-003,2025-10-15,2025-10-15,DASH,DoorDash,True,False,2021-01-04,2026-04-30,True,,True,True,True
AIT-2025-10-003,2025-10-15,2025-10-15,FTNT,Fortinet,True,False,2021-01-04,2026-04-30,True,,True,True,True
AIT-2025-10-003,2025-10-15,2025-10-15,INTC,Intel,True,True,2021-01-04,2026-04-30,True,,True,True,True
AIT-2025-10-003,2025-10-15,2025-10-15,INTU,Intuit,True,False,2021-01-04,2026-04-30,True,,True,True,True
AIT-2025-10-003,2025-10-15,2025-10-15,KLAC,KLA Corporation,True,True,2021-01-04,2026-04-30,True,,True,True,True
AIT-2025-10-003,2025-10-15,2025-10-15,LRCX,Lam Research,True,True,2021-01-04,2026-04-30,True,,True,True,True
AIT-2025-10-003,2025-10-15,2025-10-15,MRVL,Marvell Technology,True,True,2021-01-04,2026-04-30,True,,True,True,True
AIT-2025-10-003,2025-10-15,2025-10-15,META,Meta Platforms,True,False,2021-01-04,2026-04-30,True,,True,True,True
AIT-2025-10-003,2025-10-15,2025-10-15,MCHP,Microchip Technology,True,True,2021-01-04,2026-04-30,True,,True,True,True
AIT-2025-10-003,2025-10-15,2025-10-15,MU,Micron Technology,True,True,2021-01-04,2026-04-30,True,,True,True,True
AIT-2025-10-003,2025-10-15,2025-10-15,MSFT,Microsoft,True,False,2021-01-04,2026-04-30,True,,True,True,True
AIT-2025-10-003,2025-10-15,2025-10-15,MPWR,Monolithic Power Systems,True,True,2021-01-04,2026-04-30,True,,True,True,True
AIT-2025-10-003,2025-10-15,2025-10-15,NVDA,Nvidia,True,True,2021-01-04,2026-04-30,True,,True,True,True
AIT-2025-10-003,2025-10-15,2025-10-15,NXPI,NXP Semiconductors,True,True,2021-01-04,2026-04-30,True,,True,True,True
AIT-2025-10-003,2025-10-15,2025-10-15,PLTR,Palantir Technologies,True,False,2021-01-04,2026-04-30,True,,True,True,True
AIT-2025-10-003,2025-10-15,2025-10-15,PANW,Palo Alto Networks,True,False,2021-01-04,2026-04-30,True,,True,True,True
AIT-2025-10-003,2025-10-15,2025-10-15,PDD,PDD Holdings,True,False,2021-01-04,2026-04-30,True,,True,True,True
AIT-2025-10-003,2025-10-15,2025-10-15,QCOM,Qualcomm,True,True,2021-01-04,2026-04-30,True,,True,True,True
AIT-2025-10-003,2025-10-15,2025-10-15,ROP,Roper Technologies,True,False,2021-01-04,2026-04-30,True,,True,True,True
AIT-2025-10-003,2025-10-15,2025-10-15,SNDK,Sandisk,True,False,2025-02-13,2026-04-30,False,2024-12-24;2024-12-26,False,True,False
AIT-2025-10-003,2025-10-15,2025-10-15,STX,Seagate Technology,True,False,2021-01-04,2026-04-30,True,,True,True,True
AIT-2025-10-003,2025-10-15,2025-10-15,SHOP,Shopify,True,False,2021-01-04,2026-04-30,True,,True,True,True
AIT-2025-10-003,2025-10-15,2025-10-15,MSTR,MicroStrategy,True,False,2021-01-04,2026-04-30,True,,True,True,True
AIT-2025-10-003,2025-10-15,2025-10-15,SNPS,Synopsys,True,False,2021-01-04,2026-04-30,True,,True,True,True
AIT-2025-10-003,2025-10-15,2025-10-15,TXN,Texas Instruments,True,True,2021-01-04,2026-04-30,True,,True,True,True
AIT-2025-10-003,2025-10-15,2025-10-15,TRI,Thomson Reuters,True,False,2021-01-04,2026-04-30,True,,True,True,True
AIT-2025-10-003,2025-10-15,2025-10-15,WDC,Western Digital,True,False,2021-01-04,2026-04-30,True,,True,True,True
AIT-2025-10-003,2025-10-15,2025-10-15,WDAY,"Workday, Inc.",True,False,2021-01-04,2026-04-30,True,,True,True,True
AIT-2025-10-003,2025-10-15,2025-10-15,ZS,"Zscaler, Inc.",True,False,2021-01-04,2026-04-30,True,,True,True,True
AIT-2025-11-001,2025-11-06,2025-11-06,ADBE,Adobe Inc.,True,False,2021-01-04,2026-04-30,True,,True,True,True
AIT-2025-11-001,2025-11-06,2025-11-06,AMD,Advanced Micro Devices,True,True,2021-01-04,2026-04-30,True,,True,True,True
AIT-2025-11-001,2025-11-06,2025-11-06,GOOGL,Alphabet Inc. (Class A),True,False,2021-01-04,2026-04-30,True,,True,True,True
AIT-2025-11-001,2025-11-06,2025-11-06,GOOG,Alphabet Inc. (Class C),True,False,2021-01-04,2026-04-30,True,,True,True,True
AIT-2025-11-001,2025-11-06,2025-11-06,ADI,Analog Devices,True,True,2021-01-04,2026-04-30,True,,True,True,True
AIT-2025-11-001,2025-11-06,2025-11-06,AAPL,Apple Inc.,True,False,2021-01-04,2026-04-30,True,,True,True,True
AIT-2025-11-001,2025-11-06,2025-11-06,AMAT,Applied Materials,True,True,2021-01-04,2026-04-30,True,,True,True,True
AIT-2025-11-001,2025-11-06,2025-11-06,APP,AppLovin,True,False,2021-04-15,2026-04-30,True,,True,True,True
AIT-2025-11-001,2025-11-06,2025-11-06,ARM,Arm Holdings,True,False,2023-09-14,2026-04-30,True,,True,True,True
AIT-2025-11-001,2025-11-06,2025-11-06,ASML,ASML Holding,True,True,2021-01-04,2026-04-30,True,,True,True,True
AIT-2025-11-001,2025-11-06,2025-11-06,ADSK,Autodesk,True,False,2021-01-04,2026-04-30,True,,True,True,True
AIT-2025-11-001,2025-11-06,2025-11-06,AVGO,Broadcom,True,True,2021-01-04,2026-04-30,True,,True,True,True
AIT-2025-11-001,2025-11-06,2025-11-06,CDNS,Cadence Design Systems,True,False,2021-01-04,2026-04-30,True,,True,True,True
AIT-2025-11-001,2025-11-06,2025-11-06,CTSH,Cognizant Technology Solutions Corporation,True,False,2021-01-04,2026-04-30,True,,True,True,True
AIT-2025-11-001,2025-11-06,2025-11-06,CRWD,CrowdStrike,True,False,2021-01-04,2026-04-30,True,,True,True,True
AIT-2025-11-001,2025-11-06,2025-11-06,DDOG,Datadog,True,False,2021-01-04,2026-04-30,True,,True,True,True
AIT-2025-11-001,2025-11-06,2025-11-06,DASH,DoorDash,True,False,2021-01-04,2026-04-30,True,,True,True,True
AIT-2025-11-001,2025-11-06,2025-11-06,FTNT,Fortinet,True,False,2021-01-04,2026-04-30,True,,True,True,True
AIT-2025-11-001,2025-11-06,2025-11-06,INTC,Intel,True,True,2021-01-04,2026-04-30,True,,True,True,True
AIT-2025-11-001,2025-11-06,2025-11-06,INTU,Intuit,True,False,2021-01-04,2026-04-30,True,,True,True,True
AIT-2025-11-001,2025-11-06,2025-11-06,KLAC,KLA Corporation,True,True,2021-01-04,2026-04-30,True,,True,True,True
AIT-2025-11-001,2025-11-06,2025-11-06,LRCX,Lam Research,True,True,2021-01-04,2026-04-30,True,,True,True,True
AIT-2025-11-001,2025-11-06,2025-11-06,MRVL,Marvell Technology,True,True,2021-01-04,2026-04-30,True,,True,True,True
AIT-2025-11-001,2025-11-06,2025-11-06,META,Meta Platforms,True,False,2021-01-04,2026-04-30,True,,True,True,True
AIT-2025-11-001,2025-11-06,2025-11-06,MCHP,Microchip Technology,True,True,2021-01-04,2026-04-30,True,,True,True,True
AIT-2025-11-001,2025-11-06,2025-11-06,MU,Micron Technology,True,True,2021-01-04,2026-04-30,True,,True,True,True
AIT-2025-11-001,2025-11-06,2025-11-06,MSFT,Microsoft,True,False,2021-01-04,2026-04-30,True,,True,True,True
AIT-2025-11-001,2025-11-06,2025-11-06,MPWR,Monolithic Power Systems,True,True,2021-01-04,2026-04-30,True,,True,True,True
AIT-2025-11-001,2025-11-06,2025-11-06,NVDA,Nvidia,True,True,2021-01-04,2026-04-30,True,,True,True,True
AIT-2025-11-001,2025-11-06,2025-11-06,NXPI,NXP Semiconductors,True,True,2021-01-04,2026-04-30,True,,True,True,True
AIT-2025-11-001,2025-11-06,2025-11-06,PLTR,Palantir Technologies,True,False,2021-01-04,2026-04-30,True,,True,True,True
AIT-2025-11-001,2025-11-06,2025-11-06,PANW,Palo Alto Networks,True,False,2021-01-04,2026-04-30,True,,True,True,True
AIT-2025-11-001,2025-11-06,2025-11-06,PDD,PDD Holdings,True,False,2021-01-04,2026-04-30,True,,True,True,True
AIT-2025-11-001,2025-11-06,2025-11-06,QCOM,Qualcomm,True,True,2021-01-04,2026-04-30,True,,True,True,True
AIT-2025-11-001,2025-11-06,2025-11-06,ROP,Roper Technologies,True,False,2021-01-04,2026-04-30,True,,True,True,True
AIT-2025-11-001,2025-11-06,2025-11-06,SNDK,Sandisk,True,False,2025-02-13,2026-04-30,False,2025-01-21;2025-01-22,False,True,False
AIT-2025-11-001,2025-11-06,2025-11-06,STX,Seagate Technology,True,False,2021-01-04,2026-04-30,True,,True,True,True
AIT-2025-11-001,2025-11-06,2025-11-06,SHOP,Shopify,True,False,2021-01-04,2026-04-30,True,,True,True,True
AIT-2025-11-001,2025-11-06,2025-11-06,MSTR,MicroStrategy,True,False,2021-01-04,2026-04-30,True,,True,True,True
AIT-2025-11-001,2025-11-06,2025-11-06,SNPS,Synopsys,True,False,2021-01-04,2026-04-30,True,,True,True,True
AIT-2025-11-001,2025-11-06,2025-11-06,TXN,Texas Instruments,True,True,2021-01-04,2026-04-30,True,,True,True,True
AIT-2025-11-001,2025-11-06,2025-11-06,TRI,Thomson Reuters,True,False,2021-01-04,2026-04-30,True,,True,True,True
AIT-2025-11-001,2025-11-06,2025-11-06,WDC,Western Digital,True,False,2021-01-04,2026-04-30,True,,True,True,True
AIT-2025-11-001,2025-11-06,2025-11-06,WDAY,"Workday, Inc.",True,False,2021-01-04,2026-04-30,True,,True,True,True
AIT-2025-11-001,2025-11-06,2025-11-06,ZS,"Zscaler, Inc.",True,False,2021-01-04,2026-04-30,True,,True,True,True
AIT-2025-11-002,2025-11-12,2025-11-12,ADBE,Adobe Inc.,True,False,2021-01-04,2026-04-30,True,,True,True,True
AIT-2025-11-002,2025-11-12,2025-11-12,AMD,Advanced Micro Devices,True,True,2021-01-04,2026-04-30,True,,True,True,True
AIT-2025-11-002,2025-11-12,2025-11-12,GOOGL,Alphabet Inc. (Class A),True,False,2021-01-04,2026-04-30,True,,True,True,True
AIT-2025-11-002,2025-11-12,2025-11-12,GOOG,Alphabet Inc. (Class C),True,False,2021-01-04,2026-04-30,True,,True,True,True
AIT-2025-11-002,2025-11-12,2025-11-12,ADI,Analog Devices,True,True,2021-01-04,2026-04-30,True,,True,True,True
AIT-2025-11-002,2025-11-12,2025-11-12,AAPL,Apple Inc.,True,False,2021-01-04,2026-04-30,True,,True,True,True
AIT-2025-11-002,2025-11-12,2025-11-12,AMAT,Applied Materials,True,True,2021-01-04,2026-04-30,True,,True,True,True
AIT-2025-11-002,2025-11-12,2025-11-12,APP,AppLovin,True,False,2021-04-15,2026-04-30,True,,True,True,True
AIT-2025-11-002,2025-11-12,2025-11-12,ARM,Arm Holdings,True,False,2023-09-14,2026-04-30,True,,True,True,True
AIT-2025-11-002,2025-11-12,2025-11-12,ASML,ASML Holding,True,True,2021-01-04,2026-04-30,True,,True,True,True
AIT-2025-11-002,2025-11-12,2025-11-12,ADSK,Autodesk,True,False,2021-01-04,2026-04-30,True,,True,True,True
AIT-2025-11-002,2025-11-12,2025-11-12,AVGO,Broadcom,True,True,2021-01-04,2026-04-30,True,,True,True,True
AIT-2025-11-002,2025-11-12,2025-11-12,CDNS,Cadence Design Systems,True,False,2021-01-04,2026-04-30,True,,True,True,True
AIT-2025-11-002,2025-11-12,2025-11-12,CTSH,Cognizant Technology Solutions Corporation,True,False,2021-01-04,2026-04-30,True,,True,True,True
AIT-2025-11-002,2025-11-12,2025-11-12,CRWD,CrowdStrike,True,False,2021-01-04,2026-04-30,True,,True,True,True
AIT-2025-11-002,2025-11-12,2025-11-12,DDOG,Datadog,True,False,2021-01-04,2026-04-30,True,,True,True,True
AIT-2025-11-002,2025-11-12,2025-11-12,DASH,DoorDash,True,False,2021-01-04,2026-04-30,True,,True,True,True
AIT-2025-11-002,2025-11-12,2025-11-12,FTNT,Fortinet,True,False,2021-01-04,2026-04-30,True,,True,True,True
AIT-2025-11-002,2025-11-12,2025-11-12,INTC,Intel,True,True,2021-01-04,2026-04-30,True,,True,True,True
AIT-2025-11-002,2025-11-12,2025-11-12,INTU,Intuit,True,False,2021-01-04,2026-04-30,True,,True,True,True
AIT-2025-11-002,2025-11-12,2025-11-12,KLAC,KLA Corporation,True,True,2021-01-04,2026-04-30,True,,True,True,True
AIT-2025-11-002,2025-11-12,2025-11-12,LRCX,Lam Research,True,True,2021-01-04,2026-04-30,True,,True,True,True
AIT-2025-11-002,2025-11-12,2025-11-12,MRVL,Marvell Technology,True,True,2021-01-04,2026-04-30,True,,True,True,True
AIT-2025-11-002,2025-11-12,2025-11-12,META,Meta Platforms,True,False,2021-01-04,2026-04-30,True,,True,True,True
AIT-2025-11-002,2025-11-12,2025-11-12,MCHP,Microchip Technology,True,True,2021-01-04,2026-04-30,True,,True,True,True
AIT-2025-11-002,2025-11-12,2025-11-12,MU,Micron Technology,True,True,2021-01-04,2026-04-30,True,,True,True,True
AIT-2025-11-002,2025-11-12,2025-11-12,MSFT,Microsoft,True,False,2021-01-04,2026-04-30,True,,True,True,True
AIT-2025-11-002,2025-11-12,2025-11-12,MPWR,Monolithic Power Systems,True,True,2021-01-04,2026-04-30,True,,True,True,True
AIT-2025-11-002,2025-11-12,2025-11-12,NVDA,Nvidia,True,True,2021-01-04,2026-04-30,True,,True,True,True
AIT-2025-11-002,2025-11-12,2025-11-12,NXPI,NXP Semiconductors,True,True,2021-01-04,2026-04-30,True,,True,True,True
AIT-2025-11-002,2025-11-12,2025-11-12,PLTR,Palantir Technologies,True,False,2021-01-04,2026-04-30,True,,True,True,True
AIT-2025-11-002,2025-11-12,2025-11-12,PANW,Palo Alto Networks,True,False,2021-01-04,2026-04-30,True,,True,True,True
AIT-2025-11-002,2025-11-12,2025-11-12,PDD,PDD Holdings,True,False,2021-01-04,2026-04-30,True,,True,True,True
AIT-2025-11-002,2025-11-12,2025-11-12,QCOM,Qualcomm,True,True,2021-01-04,2026-04-30,True,,True,True,True
AIT-2025-11-002,2025-11-12,2025-11-12,ROP,Roper Technologies,True,False,2021-01-04,2026-04-30,True,,True,True,True
AIT-2025-11-002,2025-11-12,2025-11-12,SNDK,Sandisk,True,False,2025-02-13,2026-04-30,False,2025-01-27;2025-01-28,False,True,False
AIT-2025-11-002,2025-11-12,2025-11-12,STX,Seagate Technology,True,False,2021-01-04,2026-04-30,True,,True,True,True
AIT-2025-11-002,2025-11-12,2025-11-12,SHOP,Shopify,True,False,2021-01-04,2026-04-30,True,,True,True,True
AIT-2025-11-002,2025-11-12,2025-11-12,MSTR,MicroStrategy,True,False,2021-01-04,2026-04-30,True,,True,True,True
AIT-2025-11-002,2025-11-12,2025-11-12,SNPS,Synopsys,True,False,2021-01-04,2026-04-30,True,,True,True,True
AIT-2025-11-002,2025-11-12,2025-11-12,TXN,Texas Instruments,True,True,2021-01-04,2026-04-30,True,,True,True,True
AIT-2025-11-002,2025-11-12,2025-11-12,TRI,Thomson Reuters,True,False,2021-01-04,2026-04-30,True,,True,True,True
AIT-2025-11-002,2025-11-12,2025-11-12,WDC,Western Digital,True,False,2021-01-04,2026-04-30,True,,True,True,True
AIT-2025-11-002,2025-11-12,2025-11-12,WDAY,"Workday, Inc.",True,False,2021-01-04,2026-04-30,True,,True,True,True
AIT-2025-11-002,2025-11-12,2025-11-12,ZS,"Zscaler, Inc.",True,False,2021-01-04,2026-04-30,True,,True,True,True
AIT-2025-11-003,2025-11-17,2025-11-17,ADBE,Adobe Inc.,True,False,2021-01-04,2026-04-30,True,,True,True,True
AIT-2025-11-003,2025-11-17,2025-11-17,AMD,Advanced Micro Devices,True,True,2021-01-04,2026-04-30,True,,True,True,True
AIT-2025-11-003,2025-11-17,2025-11-17,GOOGL,Alphabet Inc. (Class A),True,False,2021-01-04,2026-04-30,True,,True,True,True
AIT-2025-11-003,2025-11-17,2025-11-17,GOOG,Alphabet Inc. (Class C),True,False,2021-01-04,2026-04-30,True,,True,True,True
AIT-2025-11-003,2025-11-17,2025-11-17,ADI,Analog Devices,True,True,2021-01-04,2026-04-30,True,,True,True,True
AIT-2025-11-003,2025-11-17,2025-11-17,AAPL,Apple Inc.,True,False,2021-01-04,2026-04-30,True,,True,True,True
AIT-2025-11-003,2025-11-17,2025-11-17,AMAT,Applied Materials,True,True,2021-01-04,2026-04-30,True,,True,True,True
AIT-2025-11-003,2025-11-17,2025-11-17,APP,AppLovin,True,False,2021-04-15,2026-04-30,True,,True,True,True
AIT-2025-11-003,2025-11-17,2025-11-17,ARM,Arm Holdings,True,False,2023-09-14,2026-04-30,True,,True,True,True
AIT-2025-11-003,2025-11-17,2025-11-17,ASML,ASML Holding,True,True,2021-01-04,2026-04-30,True,,True,True,True
AIT-2025-11-003,2025-11-17,2025-11-17,ADSK,Autodesk,True,False,2021-01-04,2026-04-30,True,,True,True,True
AIT-2025-11-003,2025-11-17,2025-11-17,AVGO,Broadcom,True,True,2021-01-04,2026-04-30,True,,True,True,True
AIT-2025-11-003,2025-11-17,2025-11-17,CDNS,Cadence Design Systems,True,False,2021-01-04,2026-04-30,True,,True,True,True
AIT-2025-11-003,2025-11-17,2025-11-17,CTSH,Cognizant Technology Solutions Corporation,True,False,2021-01-04,2026-04-30,True,,True,True,True
AIT-2025-11-003,2025-11-17,2025-11-17,CRWD,CrowdStrike,True,False,2021-01-04,2026-04-30,True,,True,True,True
AIT-2025-11-003,2025-11-17,2025-11-17,DDOG,Datadog,True,False,2021-01-04,2026-04-30,True,,True,True,True
AIT-2025-11-003,2025-11-17,2025-11-17,DASH,DoorDash,True,False,2021-01-04,2026-04-30,True,,True,True,True
AIT-2025-11-003,2025-11-17,2025-11-17,FTNT,Fortinet,True,False,2021-01-04,2026-04-30,True,,True,True,True
AIT-2025-11-003,2025-11-17,2025-11-17,INTC,Intel,True,True,2021-01-04,2026-04-30,True,,True,True,True
AIT-2025-11-003,2025-11-17,2025-11-17,INTU,Intuit,True,False,2021-01-04,2026-04-30,True,,True,True,True
AIT-2025-11-003,2025-11-17,2025-11-17,KLAC,KLA Corporation,True,True,2021-01-04,2026-04-30,True,,True,True,True
AIT-2025-11-003,2025-11-17,2025-11-17,LRCX,Lam Research,True,True,2021-01-04,2026-04-30,True,,True,True,True
AIT-2025-11-003,2025-11-17,2025-11-17,MRVL,Marvell Technology,True,True,2021-01-04,2026-04-30,True,,True,True,True
AIT-2025-11-003,2025-11-17,2025-11-17,META,Meta Platforms,True,False,2021-01-04,2026-04-30,True,,True,True,True
AIT-2025-11-003,2025-11-17,2025-11-17,MCHP,Microchip Technology,True,True,2021-01-04,2026-04-30,True,,True,True,True
AIT-2025-11-003,2025-11-17,2025-11-17,MU,Micron Technology,True,True,2021-01-04,2026-04-30,True,,True,True,True
AIT-2025-11-003,2025-11-17,2025-11-17,MSFT,Microsoft,True,False,2021-01-04,2026-04-30,True,,True,True,True
AIT-2025-11-003,2025-11-17,2025-11-17,MPWR,Monolithic Power Systems,True,True,2021-01-04,2026-04-30,True,,True,True,True
AIT-2025-11-003,2025-11-17,2025-11-17,NVDA,Nvidia,True,True,2021-01-04,2026-04-30,True,,True,True,True
AIT-2025-11-003,2025-11-17,2025-11-17,NXPI,NXP Semiconductors,True,True,2021-01-04,2026-04-30,True,,True,True,True
AIT-2025-11-003,2025-11-17,2025-11-17,PLTR,Palantir Technologies,True,False,2021-01-04,2026-04-30,True,,True,True,True
AIT-2025-11-003,2025-11-17,2025-11-17,PANW,Palo Alto Networks,True,False,2021-01-04,2026-04-30,True,,True,True,True
AIT-2025-11-003,2025-11-17,2025-11-17,PDD,PDD Holdings,True,False,2021-01-04,2026-04-30,True,,True,True,True
AIT-2025-11-003,2025-11-17,2025-11-17,QCOM,Qualcomm,True,True,2021-01-04,2026-04-30,True,,True,True,True
AIT-2025-11-003,2025-11-17,2025-11-17,ROP,Roper Technologies,True,False,2021-01-04,2026-04-30,True,,True,True,True
AIT-2025-11-003,2025-11-17,2025-11-17,SNDK,Sandisk,True,False,2025-02-13,2026-04-30,False,2025-01-30;2025-01-31,False,True,False
AIT-2025-11-003,2025-11-17,2025-11-17,STX,Seagate Technology,True,False,2021-01-04,2026-04-30,True,,True,True,True
AIT-2025-11-003,2025-11-17,2025-11-17,SHOP,Shopify,True,False,2021-01-04,2026-04-30,True,,True,True,True
AIT-2025-11-003,2025-11-17,2025-11-17,MSTR,MicroStrategy,True,False,2021-01-04,2026-04-30,True,,True,True,True
AIT-2025-11-003,2025-11-17,2025-11-17,SNPS,Synopsys,True,False,2021-01-04,2026-04-30,True,,True,True,True
AIT-2025-11-003,2025-11-17,2025-11-17,TXN,Texas Instruments,True,True,2021-01-04,2026-04-30,True,,True,True,True
AIT-2025-11-003,2025-11-17,2025-11-17,TRI,Thomson Reuters,True,False,2021-01-04,2026-04-30,True,,True,True,True
AIT-2025-11-003,2025-11-17,2025-11-17,WDC,Western Digital,True,False,2021-01-04,2026-04-30,True,,True,True,True
AIT-2025-11-003,2025-11-17,2025-11-17,WDAY,"Workday, Inc.",True,False,2021-01-04,2026-04-30,True,,True,True,True
AIT-2025-11-003,2025-11-17,2025-11-17,ZS,"Zscaler, Inc.",True,False,2021-01-04,2026-04-30,True,,True,True,True
AIT-2025-11-004,2025-11-18,2025-11-18,ADBE,Adobe Inc.,True,False,2021-01-04,2026-04-30,True,,True,True,True
AIT-2025-11-004,2025-11-18,2025-11-18,AMD,Advanced Micro Devices,True,True,2021-01-04,2026-04-30,True,,True,True,True
AIT-2025-11-004,2025-11-18,2025-11-18,GOOGL,Alphabet Inc. (Class A),True,False,2021-01-04,2026-04-30,True,,True,True,True
AIT-2025-11-004,2025-11-18,2025-11-18,GOOG,Alphabet Inc. (Class C),True,False,2021-01-04,2026-04-30,True,,True,True,True
AIT-2025-11-004,2025-11-18,2025-11-18,ADI,Analog Devices,True,True,2021-01-04,2026-04-30,True,,True,True,True
AIT-2025-11-004,2025-11-18,2025-11-18,AAPL,Apple Inc.,True,False,2021-01-04,2026-04-30,True,,True,True,True
AIT-2025-11-004,2025-11-18,2025-11-18,AMAT,Applied Materials,True,True,2021-01-04,2026-04-30,True,,True,True,True
AIT-2025-11-004,2025-11-18,2025-11-18,APP,AppLovin,True,False,2021-04-15,2026-04-30,True,,True,True,True
AIT-2025-11-004,2025-11-18,2025-11-18,ARM,Arm Holdings,True,False,2023-09-14,2026-04-30,True,,True,True,True
AIT-2025-11-004,2025-11-18,2025-11-18,ASML,ASML Holding,True,True,2021-01-04,2026-04-30,True,,True,True,True
AIT-2025-11-004,2025-11-18,2025-11-18,ADSK,Autodesk,True,False,2021-01-04,2026-04-30,True,,True,True,True
AIT-2025-11-004,2025-11-18,2025-11-18,AVGO,Broadcom,True,True,2021-01-04,2026-04-30,True,,True,True,True
AIT-2025-11-004,2025-11-18,2025-11-18,CDNS,Cadence Design Systems,True,False,2021-01-04,2026-04-30,True,,True,True,True
AIT-2025-11-004,2025-11-18,2025-11-18,CTSH,Cognizant Technology Solutions Corporation,True,False,2021-01-04,2026-04-30,True,,True,True,True
AIT-2025-11-004,2025-11-18,2025-11-18,CRWD,CrowdStrike,True,False,2021-01-04,2026-04-30,True,,True,True,True
AIT-2025-11-004,2025-11-18,2025-11-18,DDOG,Datadog,True,False,2021-01-04,2026-04-30,True,,True,True,True
AIT-2025-11-004,2025-11-18,2025-11-18,DASH,DoorDash,True,False,2021-01-04,2026-04-30,True,,True,True,True
AIT-2025-11-004,2025-11-18,2025-11-18,FTNT,Fortinet,True,False,2021-01-04,2026-04-30,True,,True,True,True
AIT-2025-11-004,2025-11-18,2025-11-18,INTC,Intel,True,True,2021-01-04,2026-04-30,True,,True,True,True
AIT-2025-11-004,2025-11-18,2025-11-18,INTU,Intuit,True,False,2021-01-04,2026-04-30,True,,True,True,True
AIT-2025-11-004,2025-11-18,2025-11-18,KLAC,KLA Corporation,True,True,2021-01-04,2026-04-30,True,,True,True,True
AIT-2025-11-004,2025-11-18,2025-11-18,LRCX,Lam Research,True,True,2021-01-04,2026-04-30,True,,True,True,True
AIT-2025-11-004,2025-11-18,2025-11-18,MRVL,Marvell Technology,True,True,2021-01-04,2026-04-30,True,,True,True,True
AIT-2025-11-004,2025-11-18,2025-11-18,META,Meta Platforms,True,False,2021-01-04,2026-04-30,True,,True,True,True
AIT-2025-11-004,2025-11-18,2025-11-18,MCHP,Microchip Technology,True,True,2021-01-04,2026-04-30,True,,True,True,True
AIT-2025-11-004,2025-11-18,2025-11-18,MU,Micron Technology,True,True,2021-01-04,2026-04-30,True,,True,True,True
AIT-2025-11-004,2025-11-18,2025-11-18,MSFT,Microsoft,True,False,2021-01-04,2026-04-30,True,,True,True,True
AIT-2025-11-004,2025-11-18,2025-11-18,MPWR,Monolithic Power Systems,True,True,2021-01-04,2026-04-30,True,,True,True,True
AIT-2025-11-004,2025-11-18,2025-11-18,NVDA,Nvidia,True,True,2021-01-04,2026-04-30,True,,True,True,True
AIT-2025-11-004,2025-11-18,2025-11-18,NXPI,NXP Semiconductors,True,True,2021-01-04,2026-04-30,True,,True,True,True
AIT-2025-11-004,2025-11-18,2025-11-18,PLTR,Palantir Technologies,True,False,2021-01-04,2026-04-30,True,,True,True,True
AIT-2025-11-004,2025-11-18,2025-11-18,PANW,Palo Alto Networks,True,False,2021-01-04,2026-04-30,True,,True,True,True
AIT-2025-11-004,2025-11-18,2025-11-18,PDD,PDD Holdings,True,False,2021-01-04,2026-04-30,True,,True,True,True
AIT-2025-11-004,2025-11-18,2025-11-18,QCOM,Qualcomm,True,True,2021-01-04,2026-04-30,True,,True,True,True
AIT-2025-11-004,2025-11-18,2025-11-18,ROP,Roper Technologies,True,False,2021-01-04,2026-04-30,True,,True,True,True
AIT-2025-11-004,2025-11-18,2025-11-18,SNDK,Sandisk,True,False,2025-02-13,2026-04-30,False,2025-01-31;2025-02-03,False,True,False
AIT-2025-11-004,2025-11-18,2025-11-18,STX,Seagate Technology,True,False,2021-01-04,2026-04-30,True,,True,True,True
AIT-2025-11-004,2025-11-18,2025-11-18,SHOP,Shopify,True,False,2021-01-04,2026-04-30,True,,True,True,True
AIT-2025-11-004,2025-11-18,2025-11-18,MSTR,MicroStrategy,True,False,2021-01-04,2026-04-30,True,,True,True,True
AIT-2025-11-004,2025-11-18,2025-11-18,SNPS,Synopsys,True,False,2021-01-04,2026-04-30,True,,True,True,True
AIT-2025-11-004,2025-11-18,2025-11-18,TXN,Texas Instruments,True,True,2021-01-04,2026-04-30,True,,True,True,True
AIT-2025-11-004,2025-11-18,2025-11-18,TRI,Thomson Reuters,True,False,2021-01-04,2026-04-30,True,,True,True,True
AIT-2025-11-004,2025-11-18,2025-11-18,WDC,Western Digital,True,False,2021-01-04,2026-04-30,True,,True,True,True
AIT-2025-11-004,2025-11-18,2025-11-18,WDAY,"Workday, Inc.",True,False,2021-01-04,2026-04-30,True,,True,True,True
AIT-2025-11-004,2025-11-18,2025-11-18,ZS,"Zscaler, Inc.",True,False,2021-01-04,2026-04-30,True,,True,True,True
AIT-2025-11-006,2025-11-20,2025-11-20,ADBE,Adobe Inc.,True,False,2021-01-04,2026-04-30,True,,True,True,True
AIT-2025-11-006,2025-11-20,2025-11-20,AMD,Advanced Micro Devices,True,True,2021-01-04,2026-04-30,True,,True,True,True
AIT-2025-11-006,2025-11-20,2025-11-20,GOOGL,Alphabet Inc. (Class A),True,False,2021-01-04,2026-04-30,True,,True,True,True
AIT-2025-11-006,2025-11-20,2025-11-20,GOOG,Alphabet Inc. (Class C),True,False,2021-01-04,2026-04-30,True,,True,True,True
AIT-2025-11-006,2025-11-20,2025-11-20,ADI,Analog Devices,True,True,2021-01-04,2026-04-30,True,,True,True,True
AIT-2025-11-006,2025-11-20,2025-11-20,AAPL,Apple Inc.,True,False,2021-01-04,2026-04-30,True,,True,True,True
AIT-2025-11-006,2025-11-20,2025-11-20,AMAT,Applied Materials,True,True,2021-01-04,2026-04-30,True,,True,True,True
AIT-2025-11-006,2025-11-20,2025-11-20,APP,AppLovin,True,False,2021-04-15,2026-04-30,True,,True,True,True
AIT-2025-11-006,2025-11-20,2025-11-20,ARM,Arm Holdings,True,False,2023-09-14,2026-04-30,True,,True,True,True
AIT-2025-11-006,2025-11-20,2025-11-20,ASML,ASML Holding,True,True,2021-01-04,2026-04-30,True,,True,True,True
AIT-2025-11-006,2025-11-20,2025-11-20,ADSK,Autodesk,True,False,2021-01-04,2026-04-30,True,,True,True,True
AIT-2025-11-006,2025-11-20,2025-11-20,AVGO,Broadcom,True,True,2021-01-04,2026-04-30,True,,True,True,True
AIT-2025-11-006,2025-11-20,2025-11-20,CDNS,Cadence Design Systems,True,False,2021-01-04,2026-04-30,True,,True,True,True
AIT-2025-11-006,2025-11-20,2025-11-20,CTSH,Cognizant Technology Solutions Corporation,True,False,2021-01-04,2026-04-30,True,,True,True,True
AIT-2025-11-006,2025-11-20,2025-11-20,CRWD,CrowdStrike,True,False,2021-01-04,2026-04-30,True,,True,True,True
AIT-2025-11-006,2025-11-20,2025-11-20,DDOG,Datadog,True,False,2021-01-04,2026-04-30,True,,True,True,True
AIT-2025-11-006,2025-11-20,2025-11-20,DASH,DoorDash,True,False,2021-01-04,2026-04-30,True,,True,True,True
AIT-2025-11-006,2025-11-20,2025-11-20,FTNT,Fortinet,True,False,2021-01-04,2026-04-30,True,,True,True,True
AIT-2025-11-006,2025-11-20,2025-11-20,INTC,Intel,True,True,2021-01-04,2026-04-30,True,,True,True,True
AIT-2025-11-006,2025-11-20,2025-11-20,INTU,Intuit,True,False,2021-01-04,2026-04-30,True,,True,True,True
AIT-2025-11-006,2025-11-20,2025-11-20,KLAC,KLA Corporation,True,True,2021-01-04,2026-04-30,True,,True,True,True
AIT-2025-11-006,2025-11-20,2025-11-20,LRCX,Lam Research,True,True,2021-01-04,2026-04-30,True,,True,True,True
AIT-2025-11-006,2025-11-20,2025-11-20,MRVL,Marvell Technology,True,True,2021-01-04,2026-04-30,True,,True,True,True
AIT-2025-11-006,2025-11-20,2025-11-20,META,Meta Platforms,True,False,2021-01-04,2026-04-30,True,,True,True,True
AIT-2025-11-006,2025-11-20,2025-11-20,MCHP,Microchip Technology,True,True,2021-01-04,2026-04-30,True,,True,True,True
AIT-2025-11-006,2025-11-20,2025-11-20,MU,Micron Technology,True,True,2021-01-04,2026-04-30,True,,True,True,True
AIT-2025-11-006,2025-11-20,2025-11-20,MSFT,Microsoft,True,False,2021-01-04,2026-04-30,True,,True,True,True
AIT-2025-11-006,2025-11-20,2025-11-20,MPWR,Monolithic Power Systems,True,True,2021-01-04,2026-04-30,True,,True,True,True
AIT-2025-11-006,2025-11-20,2025-11-20,NVDA,Nvidia,True,True,2021-01-04,2026-04-30,True,,True,True,True
AIT-2025-11-006,2025-11-20,2025-11-20,NXPI,NXP Semiconductors,True,True,2021-01-04,2026-04-30,True,,True,True,True
AIT-2025-11-006,2025-11-20,2025-11-20,PLTR,Palantir Technologies,True,False,2021-01-04,2026-04-30,True,,True,True,True
AIT-2025-11-006,2025-11-20,2025-11-20,PANW,Palo Alto Networks,True,False,2021-01-04,2026-04-30,True,,True,True,True
AIT-2025-11-006,2025-11-20,2025-11-20,PDD,PDD Holdings,True,False,2021-01-04,2026-04-30,True,,True,True,True
AIT-2025-11-006,2025-11-20,2025-11-20,QCOM,Qualcomm,True,True,2021-01-04,2026-04-30,True,,True,True,True
AIT-2025-11-006,2025-11-20,2025-11-20,ROP,Roper Technologies,True,False,2021-01-04,2026-04-30,True,,True,True,True
AIT-2025-11-006,2025-11-20,2025-11-20,SNDK,Sandisk,True,False,2025-02-13,2026-04-30,False,2025-02-04;2025-02-05,False,True,False
AIT-2025-11-006,2025-11-20,2025-11-20,STX,Seagate Technology,True,False,2021-01-04,2026-04-30,True,,True,True,True
AIT-2025-11-006,2025-11-20,2025-11-20,SHOP,Shopify,True,False,2021-01-04,2026-04-30,True,,True,True,True
AIT-2025-11-006,2025-11-20,2025-11-20,MSTR,MicroStrategy,True,False,2021-01-04,2026-04-30,True,,True,True,True
AIT-2025-11-006,2025-11-20,2025-11-20,SNPS,Synopsys,True,False,2021-01-04,2026-04-30,True,,True,True,True
AIT-2025-11-006,2025-11-20,2025-11-20,TXN,Texas Instruments,True,True,2021-01-04,2026-04-30,True,,True,True,True
AIT-2025-11-006,2025-11-20,2025-11-20,TRI,Thomson Reuters,True,False,2021-01-04,2026-04-30,True,,True,True,True
AIT-2025-11-006,2025-11-20,2025-11-20,WDC,Western Digital,True,False,2021-01-04,2026-04-30,True,,True,True,True
AIT-2025-11-006,2025-11-20,2025-11-20,WDAY,"Workday, Inc.",True,False,2021-01-04,2026-04-30,True,,True,True,True
AIT-2025-11-006,2025-11-20,2025-11-20,ZS,"Zscaler, Inc.",True,False,2021-01-04,2026-04-30,True,,True,True,True
AIT-2025-11-007,2025-11-24,2025-11-24,ADBE,Adobe Inc.,True,False,2021-01-04,2026-04-30,True,,True,True,True
AIT-2025-11-007,2025-11-24,2025-11-24,AMD,Advanced Micro Devices,True,True,2021-01-04,2026-04-30,True,,True,True,True
AIT-2025-11-007,2025-11-24,2025-11-24,GOOGL,Alphabet Inc. (Class A),True,False,2021-01-04,2026-04-30,True,,True,True,True
AIT-2025-11-007,2025-11-24,2025-11-24,GOOG,Alphabet Inc. (Class C),True,False,2021-01-04,2026-04-30,True,,True,True,True
AIT-2025-11-007,2025-11-24,2025-11-24,ADI,Analog Devices,True,True,2021-01-04,2026-04-30,True,,True,True,True
AIT-2025-11-007,2025-11-24,2025-11-24,AAPL,Apple Inc.,True,False,2021-01-04,2026-04-30,True,,True,True,True
AIT-2025-11-007,2025-11-24,2025-11-24,AMAT,Applied Materials,True,True,2021-01-04,2026-04-30,True,,True,True,True
AIT-2025-11-007,2025-11-24,2025-11-24,APP,AppLovin,True,False,2021-04-15,2026-04-30,True,,True,True,True
AIT-2025-11-007,2025-11-24,2025-11-24,ARM,Arm Holdings,True,False,2023-09-14,2026-04-30,True,,True,True,True
AIT-2025-11-007,2025-11-24,2025-11-24,ASML,ASML Holding,True,True,2021-01-04,2026-04-30,True,,True,True,True
AIT-2025-11-007,2025-11-24,2025-11-24,ADSK,Autodesk,True,False,2021-01-04,2026-04-30,True,,True,True,True
AIT-2025-11-007,2025-11-24,2025-11-24,AVGO,Broadcom,True,True,2021-01-04,2026-04-30,True,,True,True,True
AIT-2025-11-007,2025-11-24,2025-11-24,CDNS,Cadence Design Systems,True,False,2021-01-04,2026-04-30,True,,True,True,True
AIT-2025-11-007,2025-11-24,2025-11-24,CTSH,Cognizant Technology Solutions Corporation,True,False,2021-01-04,2026-04-30,True,,True,True,True
AIT-2025-11-007,2025-11-24,2025-11-24,CRWD,CrowdStrike,True,False,2021-01-04,2026-04-30,True,,True,True,True
AIT-2025-11-007,2025-11-24,2025-11-24,DDOG,Datadog,True,False,2021-01-04,2026-04-30,True,,True,True,True
AIT-2025-11-007,2025-11-24,2025-11-24,DASH,DoorDash,True,False,2021-01-04,2026-04-30,True,,True,True,True
AIT-2025-11-007,2025-11-24,2025-11-24,FTNT,Fortinet,True,False,2021-01-04,2026-04-30,True,,True,True,True
AIT-2025-11-007,2025-11-24,2025-11-24,INTC,Intel,True,True,2021-01-04,2026-04-30,True,,True,True,True
AIT-2025-11-007,2025-11-24,2025-11-24,INTU,Intuit,True,False,2021-01-04,2026-04-30,True,,True,True,True
AIT-2025-11-007,2025-11-24,2025-11-24,KLAC,KLA Corporation,True,True,2021-01-04,2026-04-30,True,,True,True,True
AIT-2025-11-007,2025-11-24,2025-11-24,LRCX,Lam Research,True,True,2021-01-04,2026-04-30,True,,True,True,True
AIT-2025-11-007,2025-11-24,2025-11-24,MRVL,Marvell Technology,True,True,2021-01-04,2026-04-30,True,,True,True,True
AIT-2025-11-007,2025-11-24,2025-11-24,META,Meta Platforms,True,False,2021-01-04,2026-04-30,True,,True,True,True
AIT-2025-11-007,2025-11-24,2025-11-24,MCHP,Microchip Technology,True,True,2021-01-04,2026-04-30,True,,True,True,True
AIT-2025-11-007,2025-11-24,2025-11-24,MU,Micron Technology,True,True,2021-01-04,2026-04-30,True,,True,True,True
AIT-2025-11-007,2025-11-24,2025-11-24,MSFT,Microsoft,True,False,2021-01-04,2026-04-30,True,,True,True,True
AIT-2025-11-007,2025-11-24,2025-11-24,MPWR,Monolithic Power Systems,True,True,2021-01-04,2026-04-30,True,,True,True,True
AIT-2025-11-007,2025-11-24,2025-11-24,NVDA,Nvidia,True,True,2021-01-04,2026-04-30,True,,True,True,True
AIT-2025-11-007,2025-11-24,2025-11-24,NXPI,NXP Semiconductors,True,True,2021-01-04,2026-04-30,True,,True,True,True
AIT-2025-11-007,2025-11-24,2025-11-24,PLTR,Palantir Technologies,True,False,2021-01-04,2026-04-30,True,,True,True,True
AIT-2025-11-007,2025-11-24,2025-11-24,PANW,Palo Alto Networks,True,False,2021-01-04,2026-04-30,True,,True,True,True
AIT-2025-11-007,2025-11-24,2025-11-24,PDD,PDD Holdings,True,False,2021-01-04,2026-04-30,True,,True,True,True
AIT-2025-11-007,2025-11-24,2025-11-24,QCOM,Qualcomm,True,True,2021-01-04,2026-04-30,True,,True,True,True
AIT-2025-11-007,2025-11-24,2025-11-24,ROP,Roper Technologies,True,False,2021-01-04,2026-04-30,True,,True,True,True
AIT-2025-11-007,2025-11-24,2025-11-24,SNDK,Sandisk,True,False,2025-02-13,2026-04-30,False,2025-02-06;2025-02-07,False,True,False
AIT-2025-11-007,2025-11-24,2025-11-24,STX,Seagate Technology,True,False,2021-01-04,2026-04-30,True,,True,True,True
AIT-2025-11-007,2025-11-24,2025-11-24,SHOP,Shopify,True,False,2021-01-04,2026-04-30,True,,True,True,True
AIT-2025-11-007,2025-11-24,2025-11-24,MSTR,MicroStrategy,True,False,2021-01-04,2026-04-30,True,,True,True,True
AIT-2025-11-007,2025-11-24,2025-11-24,SNPS,Synopsys,True,False,2021-01-04,2026-04-30,True,,True,True,True
AIT-2025-11-007,2025-11-24,2025-11-24,TXN,Texas Instruments,True,True,2021-01-04,2026-04-30,True,,True,True,True
AIT-2025-11-007,2025-11-24,2025-11-24,TRI,Thomson Reuters,True,False,2021-01-04,2026-04-30,True,,True,True,True
AIT-2025-11-007,2025-11-24,2025-11-24,WDC,Western Digital,True,False,2021-01-04,2026-04-30,True,,True,True,True
AIT-2025-11-007,2025-11-24,2025-11-24,WDAY,"Workday, Inc.",True,False,2021-01-04,2026-04-30,True,,True,True,True
AIT-2025-11-007,2025-11-24,2025-11-24,ZS,"Zscaler, Inc.",True,False,2021-01-04,2026-04-30,True,,True,True,True
AIT-2025-11-008,2025-11-25,2025-11-25,ADBE,Adobe Inc.,True,False,2021-01-04,2026-04-30,True,,True,True,True
AIT-2025-11-008,2025-11-25,2025-11-25,AMD,Advanced Micro Devices,True,True,2021-01-04,2026-04-30,True,,True,True,True
AIT-2025-11-008,2025-11-25,2025-11-25,GOOGL,Alphabet Inc. (Class A),True,False,2021-01-04,2026-04-30,True,,True,True,True
AIT-2025-11-008,2025-11-25,2025-11-25,GOOG,Alphabet Inc. (Class C),True,False,2021-01-04,2026-04-30,True,,True,True,True
AIT-2025-11-008,2025-11-25,2025-11-25,ADI,Analog Devices,True,True,2021-01-04,2026-04-30,True,,True,True,True
AIT-2025-11-008,2025-11-25,2025-11-25,AAPL,Apple Inc.,True,False,2021-01-04,2026-04-30,True,,True,True,True
AIT-2025-11-008,2025-11-25,2025-11-25,AMAT,Applied Materials,True,True,2021-01-04,2026-04-30,True,,True,True,True
AIT-2025-11-008,2025-11-25,2025-11-25,APP,AppLovin,True,False,2021-04-15,2026-04-30,True,,True,True,True
AIT-2025-11-008,2025-11-25,2025-11-25,ARM,Arm Holdings,True,False,2023-09-14,2026-04-30,True,,True,True,True
AIT-2025-11-008,2025-11-25,2025-11-25,ASML,ASML Holding,True,True,2021-01-04,2026-04-30,True,,True,True,True
AIT-2025-11-008,2025-11-25,2025-11-25,ADSK,Autodesk,True,False,2021-01-04,2026-04-30,True,,True,True,True
AIT-2025-11-008,2025-11-25,2025-11-25,AVGO,Broadcom,True,True,2021-01-04,2026-04-30,True,,True,True,True
AIT-2025-11-008,2025-11-25,2025-11-25,CDNS,Cadence Design Systems,True,False,2021-01-04,2026-04-30,True,,True,True,True
AIT-2025-11-008,2025-11-25,2025-11-25,CTSH,Cognizant Technology Solutions Corporation,True,False,2021-01-04,2026-04-30,True,,True,True,True
AIT-2025-11-008,2025-11-25,2025-11-25,CRWD,CrowdStrike,True,False,2021-01-04,2026-04-30,True,,True,True,True
AIT-2025-11-008,2025-11-25,2025-11-25,DDOG,Datadog,True,False,2021-01-04,2026-04-30,True,,True,True,True
AIT-2025-11-008,2025-11-25,2025-11-25,DASH,DoorDash,True,False,2021-01-04,2026-04-30,True,,True,True,True
AIT-2025-11-008,2025-11-25,2025-11-25,FTNT,Fortinet,True,False,2021-01-04,2026-04-30,True,,True,True,True
AIT-2025-11-008,2025-11-25,2025-11-25,INTC,Intel,True,True,2021-01-04,2026-04-30,True,,True,True,True
AIT-2025-11-008,2025-11-25,2025-11-25,INTU,Intuit,True,False,2021-01-04,2026-04-30,True,,True,True,True
AIT-2025-11-008,2025-11-25,2025-11-25,KLAC,KLA Corporation,True,True,2021-01-04,2026-04-30,True,,True,True,True
AIT-2025-11-008,2025-11-25,2025-11-25,LRCX,Lam Research,True,True,2021-01-04,2026-04-30,True,,True,True,True
AIT-2025-11-008,2025-11-25,2025-11-25,MRVL,Marvell Technology,True,True,2021-01-04,2026-04-30,True,,True,True,True
AIT-2025-11-008,2025-11-25,2025-11-25,META,Meta Platforms,True,False,2021-01-04,2026-04-30,True,,True,True,True
AIT-2025-11-008,2025-11-25,2025-11-25,MCHP,Microchip Technology,True,True,2021-01-04,2026-04-30,True,,True,True,True
AIT-2025-11-008,2025-11-25,2025-11-25,MU,Micron Technology,True,True,2021-01-04,2026-04-30,True,,True,True,True
AIT-2025-11-008,2025-11-25,2025-11-25,MSFT,Microsoft,True,False,2021-01-04,2026-04-30,True,,True,True,True
AIT-2025-11-008,2025-11-25,2025-11-25,MPWR,Monolithic Power Systems,True,True,2021-01-04,2026-04-30,True,,True,True,True
AIT-2025-11-008,2025-11-25,2025-11-25,NVDA,Nvidia,True,True,2021-01-04,2026-04-30,True,,True,True,True
AIT-2025-11-008,2025-11-25,2025-11-25,NXPI,NXP Semiconductors,True,True,2021-01-04,2026-04-30,True,,True,True,True
AIT-2025-11-008,2025-11-25,2025-11-25,PLTR,Palantir Technologies,True,False,2021-01-04,2026-04-30,True,,True,True,True
AIT-2025-11-008,2025-11-25,2025-11-25,PANW,Palo Alto Networks,True,False,2021-01-04,2026-04-30,True,,True,True,True
AIT-2025-11-008,2025-11-25,2025-11-25,PDD,PDD Holdings,True,False,2021-01-04,2026-04-30,True,,True,True,True
AIT-2025-11-008,2025-11-25,2025-11-25,QCOM,Qualcomm,True,True,2021-01-04,2026-04-30,True,,True,True,True
AIT-2025-11-008,2025-11-25,2025-11-25,ROP,Roper Technologies,True,False,2021-01-04,2026-04-30,True,,True,True,True
AIT-2025-11-008,2025-11-25,2025-11-25,SNDK,Sandisk,True,False,2025-02-13,2026-04-30,False,2025-02-07;2025-02-10,False,True,False
AIT-2025-11-008,2025-11-25,2025-11-25,STX,Seagate Technology,True,False,2021-01-04,2026-04-30,True,,True,True,True
AIT-2025-11-008,2025-11-25,2025-11-25,SHOP,Shopify,True,False,2021-01-04,2026-04-30,True,,True,True,True
AIT-2025-11-008,2025-11-25,2025-11-25,MSTR,MicroStrategy,True,False,2021-01-04,2026-04-30,True,,True,True,True
AIT-2025-11-008,2025-11-25,2025-11-25,SNPS,Synopsys,True,False,2021-01-04,2026-04-30,True,,True,True,True
AIT-2025-11-008,2025-11-25,2025-11-25,TXN,Texas Instruments,True,True,2021-01-04,2026-04-30,True,,True,True,True
AIT-2025-11-008,2025-11-25,2025-11-25,TRI,Thomson Reuters,True,False,2021-01-04,2026-04-30,True,,True,True,True
AIT-2025-11-008,2025-11-25,2025-11-25,WDC,Western Digital,True,False,2021-01-04,2026-04-30,True,,True,True,True
AIT-2025-11-008,2025-11-25,2025-11-25,WDAY,"Workday, Inc.",True,False,2021-01-04,2026-04-30,True,,True,True,True
AIT-2025-11-008,2025-11-25,2025-11-25,ZS,"Zscaler, Inc.",True,False,2021-01-04,2026-04-30,True,,True,True,True
AIT-2025-12-001,2025-12-02,2025-12-02,ADBE,Adobe Inc.,True,False,2021-01-04,2026-04-30,True,,True,True,True
AIT-2025-12-001,2025-12-02,2025-12-02,AMD,Advanced Micro Devices,True,True,2021-01-04,2026-04-30,True,,True,True,True
AIT-2025-12-001,2025-12-02,2025-12-02,GOOGL,Alphabet Inc. (Class A),True,False,2021-01-04,2026-04-30,True,,True,True,True
AIT-2025-12-001,2025-12-02,2025-12-02,GOOG,Alphabet Inc. (Class C),True,False,2021-01-04,2026-04-30,True,,True,True,True
AIT-2025-12-001,2025-12-02,2025-12-02,ADI,Analog Devices,True,True,2021-01-04,2026-04-30,True,,True,True,True
AIT-2025-12-001,2025-12-02,2025-12-02,AAPL,Apple Inc.,True,False,2021-01-04,2026-04-30,True,,True,True,True
AIT-2025-12-001,2025-12-02,2025-12-02,AMAT,Applied Materials,True,True,2021-01-04,2026-04-30,True,,True,True,True
AIT-2025-12-001,2025-12-02,2025-12-02,APP,AppLovin,True,False,2021-04-15,2026-04-30,True,,True,True,True
AIT-2025-12-001,2025-12-02,2025-12-02,ARM,Arm Holdings,True,False,2023-09-14,2026-04-30,True,,True,True,True
AIT-2025-12-001,2025-12-02,2025-12-02,ASML,ASML Holding,True,True,2021-01-04,2026-04-30,True,,True,True,True
AIT-2025-12-001,2025-12-02,2025-12-02,ADSK,Autodesk,True,False,2021-01-04,2026-04-30,True,,True,True,True
AIT-2025-12-001,2025-12-02,2025-12-02,AVGO,Broadcom,True,True,2021-01-04,2026-04-30,True,,True,True,True
AIT-2025-12-001,2025-12-02,2025-12-02,CDNS,Cadence Design Systems,True,False,2021-01-04,2026-04-30,True,,True,True,True
AIT-2025-12-001,2025-12-02,2025-12-02,CTSH,Cognizant Technology Solutions Corporation,True,False,2021-01-04,2026-04-30,True,,True,True,True
AIT-2025-12-001,2025-12-02,2025-12-02,CRWD,CrowdStrike,True,False,2021-01-04,2026-04-30,True,,True,True,True
AIT-2025-12-001,2025-12-02,2025-12-02,DDOG,Datadog,True,False,2021-01-04,2026-04-30,True,,True,True,True
AIT-2025-12-001,2025-12-02,2025-12-02,DASH,DoorDash,True,False,2021-01-04,2026-04-30,True,,True,True,True
AIT-2025-12-001,2025-12-02,2025-12-02,FTNT,Fortinet,True,False,2021-01-04,2026-04-30,True,,True,True,True
AIT-2025-12-001,2025-12-02,2025-12-02,INTC,Intel,True,True,2021-01-04,2026-04-30,True,,True,True,True
AIT-2025-12-001,2025-12-02,2025-12-02,INTU,Intuit,True,False,2021-01-04,2026-04-30,True,,True,True,True
AIT-2025-12-001,2025-12-02,2025-12-02,KLAC,KLA Corporation,True,True,2021-01-04,2026-04-30,True,,True,True,True
AIT-2025-12-001,2025-12-02,2025-12-02,LRCX,Lam Research,True,True,2021-01-04,2026-04-30,True,,True,True,True
AIT-2025-12-001,2025-12-02,2025-12-02,MRVL,Marvell Technology,True,True,2021-01-04,2026-04-30,True,,True,True,True
AIT-2025-12-001,2025-12-02,2025-12-02,META,Meta Platforms,True,False,2021-01-04,2026-04-30,True,,True,True,True
AIT-2025-12-001,2025-12-02,2025-12-02,MCHP,Microchip Technology,True,True,2021-01-04,2026-04-30,True,,True,True,True
AIT-2025-12-001,2025-12-02,2025-12-02,MU,Micron Technology,True,True,2021-01-04,2026-04-30,True,,True,True,True
AIT-2025-12-001,2025-12-02,2025-12-02,MSFT,Microsoft,True,False,2021-01-04,2026-04-30,True,,True,True,True
AIT-2025-12-001,2025-12-02,2025-12-02,MPWR,Monolithic Power Systems,True,True,2021-01-04,2026-04-30,True,,True,True,True
AIT-2025-12-001,2025-12-02,2025-12-02,NVDA,Nvidia,True,True,2021-01-04,2026-04-30,True,,True,True,True
AIT-2025-12-001,2025-12-02,2025-12-02,NXPI,NXP Semiconductors,True,True,2021-01-04,2026-04-30,True,,True,True,True
AIT-2025-12-001,2025-12-02,2025-12-02,PLTR,Palantir Technologies,True,False,2021-01-04,2026-04-30,True,,True,True,True
AIT-2025-12-001,2025-12-02,2025-12-02,PANW,Palo Alto Networks,True,False,2021-01-04,2026-04-30,True,,True,True,True
AIT-2025-12-001,2025-12-02,2025-12-02,PDD,PDD Holdings,True,False,2021-01-04,2026-04-30,True,,True,True,True
AIT-2025-12-001,2025-12-02,2025-12-02,QCOM,Qualcomm,True,True,2021-01-04,2026-04-30,True,,True,True,True
AIT-2025-12-001,2025-12-02,2025-12-02,ROP,Roper Technologies,True,False,2021-01-04,2026-04-30,True,,True,True,True
AIT-2025-12-001,2025-12-02,2025-12-02,SNDK,Sandisk,True,False,2025-02-13,2026-04-30,True,,True,True,True
AIT-2025-12-001,2025-12-02,2025-12-02,STX,Seagate Technology,True,False,2021-01-04,2026-04-30,True,,True,True,True
AIT-2025-12-001,2025-12-02,2025-12-02,SHOP,Shopify,True,False,2021-01-04,2026-04-30,True,,True,True,True
AIT-2025-12-001,2025-12-02,2025-12-02,MSTR,MicroStrategy,True,False,2021-01-04,2026-04-30,True,,True,True,True
AIT-2025-12-001,2025-12-02,2025-12-02,SNPS,Synopsys,True,False,2021-01-04,2026-04-30,True,,True,True,True
AIT-2025-12-001,2025-12-02,2025-12-02,TXN,Texas Instruments,True,True,2021-01-04,2026-04-30,True,,True,True,True
AIT-2025-12-001,2025-12-02,2025-12-02,TRI,Thomson Reuters,True,False,2021-01-04,2026-04-30,True,,True,True,True
AIT-2025-12-001,2025-12-02,2025-12-02,WDC,Western Digital,True,False,2021-01-04,2026-04-30,True,,True,True,True
AIT-2025-12-001,2025-12-02,2025-12-02,WDAY,"Workday, Inc.",True,False,2021-01-04,2026-04-30,True,,True,True,True
AIT-2025-12-001,2025-12-02,2025-12-02,ZS,"Zscaler, Inc.",True,False,2021-01-04,2026-04-30,True,,True,True,True
AIT-2025-12-002,2025-12-11,2025-12-11,ADBE,Adobe Inc.,True,False,2021-01-04,2026-04-30,True,,True,True,True
AIT-2025-12-002,2025-12-11,2025-12-11,AMD,Advanced Micro Devices,True,True,2021-01-04,2026-04-30,True,,True,True,True
AIT-2025-12-002,2025-12-11,2025-12-11,GOOGL,Alphabet Inc. (Class A),True,False,2021-01-04,2026-04-30,True,,True,True,True
AIT-2025-12-002,2025-12-11,2025-12-11,GOOG,Alphabet Inc. (Class C),True,False,2021-01-04,2026-04-30,True,,True,True,True
AIT-2025-12-002,2025-12-11,2025-12-11,ADI,Analog Devices,True,True,2021-01-04,2026-04-30,True,,True,True,True
AIT-2025-12-002,2025-12-11,2025-12-11,AAPL,Apple Inc.,True,False,2021-01-04,2026-04-30,True,,True,True,True
AIT-2025-12-002,2025-12-11,2025-12-11,AMAT,Applied Materials,True,True,2021-01-04,2026-04-30,True,,True,True,True
AIT-2025-12-002,2025-12-11,2025-12-11,APP,AppLovin,True,False,2021-04-15,2026-04-30,True,,True,True,True
AIT-2025-12-002,2025-12-11,2025-12-11,ARM,Arm Holdings,True,False,2023-09-14,2026-04-30,True,,True,True,True
AIT-2025-12-002,2025-12-11,2025-12-11,ASML,ASML Holding,True,True,2021-01-04,2026-04-30,True,,True,True,True
AIT-2025-12-002,2025-12-11,2025-12-11,ADSK,Autodesk,True,False,2021-01-04,2026-04-30,True,,True,True,True
AIT-2025-12-002,2025-12-11,2025-12-11,AVGO,Broadcom,True,True,2021-01-04,2026-04-30,True,,True,True,True
AIT-2025-12-002,2025-12-11,2025-12-11,CDNS,Cadence Design Systems,True,False,2021-01-04,2026-04-30,True,,True,True,True
AIT-2025-12-002,2025-12-11,2025-12-11,CTSH,Cognizant Technology Solutions Corporation,True,False,2021-01-04,2026-04-30,True,,True,True,True
AIT-2025-12-002,2025-12-11,2025-12-11,CRWD,CrowdStrike,True,False,2021-01-04,2026-04-30,True,,True,True,True
AIT-2025-12-002,2025-12-11,2025-12-11,DDOG,Datadog,True,False,2021-01-04,2026-04-30,True,,True,True,True
AIT-2025-12-002,2025-12-11,2025-12-11,DASH,DoorDash,True,False,2021-01-04,2026-04-30,True,,True,True,True
AIT-2025-12-002,2025-12-11,2025-12-11,FTNT,Fortinet,True,False,2021-01-04,2026-04-30,True,,True,True,True
AIT-2025-12-002,2025-12-11,2025-12-11,INTC,Intel,True,True,2021-01-04,2026-04-30,True,,True,True,True
AIT-2025-12-002,2025-12-11,2025-12-11,INTU,Intuit,True,False,2021-01-04,2026-04-30,True,,True,True,True
AIT-2025-12-002,2025-12-11,2025-12-11,KLAC,KLA Corporation,True,True,2021-01-04,2026-04-30,True,,True,True,True
AIT-2025-12-002,2025-12-11,2025-12-11,LRCX,Lam Research,True,True,2021-01-04,2026-04-30,True,,True,True,True
AIT-2025-12-002,2025-12-11,2025-12-11,MRVL,Marvell Technology,True,True,2021-01-04,2026-04-30,True,,True,True,True
AIT-2025-12-002,2025-12-11,2025-12-11,META,Meta Platforms,True,False,2021-01-04,2026-04-30,True,,True,True,True
AIT-2025-12-002,2025-12-11,2025-12-11,MCHP,Microchip Technology,True,True,2021-01-04,2026-04-30,True,,True,True,True
AIT-2025-12-002,2025-12-11,2025-12-11,MU,Micron Technology,True,True,2021-01-04,2026-04-30,True,,True,True,True
AIT-2025-12-002,2025-12-11,2025-12-11,MSFT,Microsoft,True,False,2021-01-04,2026-04-30,True,,True,True,True
AIT-2025-12-002,2025-12-11,2025-12-11,MPWR,Monolithic Power Systems,True,True,2021-01-04,2026-04-30,True,,True,True,True
AIT-2025-12-002,2025-12-11,2025-12-11,NVDA,Nvidia,True,True,2021-01-04,2026-04-30,True,,True,True,True
AIT-2025-12-002,2025-12-11,2025-12-11,NXPI,NXP Semiconductors,True,True,2021-01-04,2026-04-30,True,,True,True,True
AIT-2025-12-002,2025-12-11,2025-12-11,PLTR,Palantir Technologies,True,False,2021-01-04,2026-04-30,True,,True,True,True
AIT-2025-12-002,2025-12-11,2025-12-11,PANW,Palo Alto Networks,True,False,2021-01-04,2026-04-30,True,,True,True,True
AIT-2025-12-002,2025-12-11,2025-12-11,PDD,PDD Holdings,True,False,2021-01-04,2026-04-30,True,,True,True,True
AIT-2025-12-002,2025-12-11,2025-12-11,QCOM,Qualcomm,True,True,2021-01-04,2026-04-30,True,,True,True,True
AIT-2025-12-002,2025-12-11,2025-12-11,ROP,Roper Technologies,True,False,2021-01-04,2026-04-30,True,,True,True,True
AIT-2025-12-002,2025-12-11,2025-12-11,SNDK,Sandisk,True,False,2025-02-13,2026-04-30,True,,True,True,True
AIT-2025-12-002,2025-12-11,2025-12-11,STX,Seagate Technology,True,False,2021-01-04,2026-04-30,True,,True,True,True
AIT-2025-12-002,2025-12-11,2025-12-11,SHOP,Shopify,True,False,2021-01-04,2026-04-30,True,,True,True,True
AIT-2025-12-002,2025-12-11,2025-12-11,MSTR,MicroStrategy,True,False,2021-01-04,2026-04-30,True,,True,True,True
AIT-2025-12-002,2025-12-11,2025-12-11,SNPS,Synopsys,True,False,2021-01-04,2026-04-30,True,,True,True,True
AIT-2025-12-002,2025-12-11,2025-12-11,TXN,Texas Instruments,True,True,2021-01-04,2026-04-30,True,,True,True,True
AIT-2025-12-002,2025-12-11,2025-12-11,TRI,Thomson Reuters,True,False,2021-01-04,2026-04-30,True,,True,True,True
AIT-2025-12-002,2025-12-11,2025-12-11,WDC,Western Digital,True,False,2021-01-04,2026-04-30,True,,True,True,True
AIT-2025-12-002,2025-12-11,2025-12-11,WDAY,"Workday, Inc.",True,False,2021-01-04,2026-04-30,True,,True,True,True
AIT-2025-12-002,2025-12-11,2025-12-11,ZS,"Zscaler, Inc.",True,False,2021-01-04,2026-04-30,True,,True,True,True
AIT-2025-12-003,2025-12-17,2025-12-17,ADBE,Adobe Inc.,True,False,2021-01-04,2026-04-30,True,,True,True,True
AIT-2025-12-003,2025-12-17,2025-12-17,AMD,Advanced Micro Devices,True,True,2021-01-04,2026-04-30,True,,True,True,True
AIT-2025-12-003,2025-12-17,2025-12-17,GOOGL,Alphabet Inc. (Class A),True,False,2021-01-04,2026-04-30,True,,True,True,True
AIT-2025-12-003,2025-12-17,2025-12-17,GOOG,Alphabet Inc. (Class C),True,False,2021-01-04,2026-04-30,True,,True,True,True
AIT-2025-12-003,2025-12-17,2025-12-17,ADI,Analog Devices,True,True,2021-01-04,2026-04-30,True,,True,True,True
AIT-2025-12-003,2025-12-17,2025-12-17,AAPL,Apple Inc.,True,False,2021-01-04,2026-04-30,True,,True,True,True
AIT-2025-12-003,2025-12-17,2025-12-17,AMAT,Applied Materials,True,True,2021-01-04,2026-04-30,True,,True,True,True
AIT-2025-12-003,2025-12-17,2025-12-17,APP,AppLovin,True,False,2021-04-15,2026-04-30,True,,True,True,True
AIT-2025-12-003,2025-12-17,2025-12-17,ARM,Arm Holdings,True,False,2023-09-14,2026-04-30,True,,True,True,True
AIT-2025-12-003,2025-12-17,2025-12-17,ASML,ASML Holding,True,True,2021-01-04,2026-04-30,True,,True,True,True
AIT-2025-12-003,2025-12-17,2025-12-17,ADSK,Autodesk,True,False,2021-01-04,2026-04-30,True,,True,True,True
AIT-2025-12-003,2025-12-17,2025-12-17,AVGO,Broadcom,True,True,2021-01-04,2026-04-30,True,,True,True,True
AIT-2025-12-003,2025-12-17,2025-12-17,CDNS,Cadence Design Systems,True,False,2021-01-04,2026-04-30,True,,True,True,True
AIT-2025-12-003,2025-12-17,2025-12-17,CTSH,Cognizant Technology Solutions Corporation,True,False,2021-01-04,2026-04-30,True,,True,True,True
AIT-2025-12-003,2025-12-17,2025-12-17,CRWD,CrowdStrike,True,False,2021-01-04,2026-04-30,True,,True,True,True
AIT-2025-12-003,2025-12-17,2025-12-17,DDOG,Datadog,True,False,2021-01-04,2026-04-30,True,,True,True,True
AIT-2025-12-003,2025-12-17,2025-12-17,DASH,DoorDash,True,False,2021-01-04,2026-04-30,True,,True,True,True
AIT-2025-12-003,2025-12-17,2025-12-17,FTNT,Fortinet,True,False,2021-01-04,2026-04-30,True,,True,True,True
AIT-2025-12-003,2025-12-17,2025-12-17,INTC,Intel,True,True,2021-01-04,2026-04-30,True,,True,True,True
AIT-2025-12-003,2025-12-17,2025-12-17,INTU,Intuit,True,False,2021-01-04,2026-04-30,True,,True,True,True
AIT-2025-12-003,2025-12-17,2025-12-17,KLAC,KLA Corporation,True,True,2021-01-04,2026-04-30,True,,True,True,True
AIT-2025-12-003,2025-12-17,2025-12-17,LRCX,Lam Research,True,True,2021-01-04,2026-04-30,True,,True,True,True
AIT-2025-12-003,2025-12-17,2025-12-17,MRVL,Marvell Technology,True,True,2021-01-04,2026-04-30,True,,True,True,True
AIT-2025-12-003,2025-12-17,2025-12-17,META,Meta Platforms,True,False,2021-01-04,2026-04-30,True,,True,True,True
AIT-2025-12-003,2025-12-17,2025-12-17,MCHP,Microchip Technology,True,True,2021-01-04,2026-04-30,True,,True,True,True
AIT-2025-12-003,2025-12-17,2025-12-17,MU,Micron Technology,True,True,2021-01-04,2026-04-30,True,,True,True,True
AIT-2025-12-003,2025-12-17,2025-12-17,MSFT,Microsoft,True,False,2021-01-04,2026-04-30,True,,True,True,True
AIT-2025-12-003,2025-12-17,2025-12-17,MPWR,Monolithic Power Systems,True,True,2021-01-04,2026-04-30,True,,True,True,True
AIT-2025-12-003,2025-12-17,2025-12-17,NVDA,Nvidia,True,True,2021-01-04,2026-04-30,True,,True,True,True
AIT-2025-12-003,2025-12-17,2025-12-17,NXPI,NXP Semiconductors,True,True,2021-01-04,2026-04-30,True,,True,True,True
AIT-2025-12-003,2025-12-17,2025-12-17,PLTR,Palantir Technologies,True,False,2021-01-04,2026-04-30,True,,True,True,True
AIT-2025-12-003,2025-12-17,2025-12-17,PANW,Palo Alto Networks,True,False,2021-01-04,2026-04-30,True,,True,True,True
AIT-2025-12-003,2025-12-17,2025-12-17,PDD,PDD Holdings,True,False,2021-01-04,2026-04-30,True,,True,True,True
AIT-2025-12-003,2025-12-17,2025-12-17,QCOM,Qualcomm,True,True,2021-01-04,2026-04-30,True,,True,True,True
AIT-2025-12-003,2025-12-17,2025-12-17,ROP,Roper Technologies,True,False,2021-01-04,2026-04-30,True,,True,True,True
AIT-2025-12-003,2025-12-17,2025-12-17,SNDK,Sandisk,True,False,2025-02-13,2026-04-30,True,,True,True,True
AIT-2025-12-003,2025-12-17,2025-12-17,STX,Seagate Technology,True,False,2021-01-04,2026-04-30,True,,True,True,True
AIT-2025-12-003,2025-12-17,2025-12-17,SHOP,Shopify,True,False,2021-01-04,2026-04-30,True,,True,True,True
AIT-2025-12-003,2025-12-17,2025-12-17,MSTR,MicroStrategy,True,False,2021-01-04,2026-04-30,True,,True,True,True
AIT-2025-12-003,2025-12-17,2025-12-17,SNPS,Synopsys,True,False,2021-01-04,2026-04-30,True,,True,True,True
AIT-2025-12-003,2025-12-17,2025-12-17,TXN,Texas Instruments,True,True,2021-01-04,2026-04-30,True,,True,True,True
AIT-2025-12-003,2025-12-17,2025-12-17,TRI,Thomson Reuters,True,False,2021-01-04,2026-04-30,True,,True,True,True
AIT-2025-12-003,2025-12-17,2025-12-17,WDC,Western Digital,True,False,2021-01-04,2026-04-30,True,,True,True,True
AIT-2025-12-003,2025-12-17,2025-12-17,WDAY,"Workday, Inc.",True,False,2021-01-04,2026-04-30,True,,True,True,True
AIT-2025-12-003,2025-12-17,2025-12-17,ZS,"Zscaler, Inc.",True,False,2021-01-04,2026-04-30,True,,True,True,True
AIT-2025-12-004,2025-12-02,2025-12-02,ADBE,Adobe Inc.,True,False,2021-01-04,2026-04-30,True,,True,True,True
AIT-2025-12-004,2025-12-02,2025-12-02,AMD,Advanced Micro Devices,True,True,2021-01-04,2026-04-30,True,,True,True,True
AIT-2025-12-004,2025-12-02,2025-12-02,GOOGL,Alphabet Inc. (Class A),True,False,2021-01-04,2026-04-30,True,,True,True,True
AIT-2025-12-004,2025-12-02,2025-12-02,GOOG,Alphabet Inc. (Class C),True,False,2021-01-04,2026-04-30,True,,True,True,True
AIT-2025-12-004,2025-12-02,2025-12-02,ADI,Analog Devices,True,True,2021-01-04,2026-04-30,True,,True,True,True
AIT-2025-12-004,2025-12-02,2025-12-02,AAPL,Apple Inc.,True,False,2021-01-04,2026-04-30,True,,True,True,True
AIT-2025-12-004,2025-12-02,2025-12-02,AMAT,Applied Materials,True,True,2021-01-04,2026-04-30,True,,True,True,True
AIT-2025-12-004,2025-12-02,2025-12-02,APP,AppLovin,True,False,2021-04-15,2026-04-30,True,,True,True,True
AIT-2025-12-004,2025-12-02,2025-12-02,ARM,Arm Holdings,True,False,2023-09-14,2026-04-30,True,,True,True,True
AIT-2025-12-004,2025-12-02,2025-12-02,ASML,ASML Holding,True,True,2021-01-04,2026-04-30,True,,True,True,True
AIT-2025-12-004,2025-12-02,2025-12-02,ADSK,Autodesk,True,False,2021-01-04,2026-04-30,True,,True,True,True
AIT-2025-12-004,2025-12-02,2025-12-02,AVGO,Broadcom,True,True,2021-01-04,2026-04-30,True,,True,True,True
AIT-2025-12-004,2025-12-02,2025-12-02,CDNS,Cadence Design Systems,True,False,2021-01-04,2026-04-30,True,,True,True,True
AIT-2025-12-004,2025-12-02,2025-12-02,CTSH,Cognizant Technology Solutions Corporation,True,False,2021-01-04,2026-04-30,True,,True,True,True
AIT-2025-12-004,2025-12-02,2025-12-02,CRWD,CrowdStrike,True,False,2021-01-04,2026-04-30,True,,True,True,True
AIT-2025-12-004,2025-12-02,2025-12-02,DDOG,Datadog,True,False,2021-01-04,2026-04-30,True,,True,True,True
AIT-2025-12-004,2025-12-02,2025-12-02,DASH,DoorDash,True,False,2021-01-04,2026-04-30,True,,True,True,True
AIT-2025-12-004,2025-12-02,2025-12-02,FTNT,Fortinet,True,False,2021-01-04,2026-04-30,True,,True,True,True
AIT-2025-12-004,2025-12-02,2025-12-02,INTC,Intel,True,True,2021-01-04,2026-04-30,True,,True,True,True
AIT-2025-12-004,2025-12-02,2025-12-02,INTU,Intuit,True,False,2021-01-04,2026-04-30,True,,True,True,True
AIT-2025-12-004,2025-12-02,2025-12-02,KLAC,KLA Corporation,True,True,2021-01-04,2026-04-30,True,,True,True,True
AIT-2025-12-004,2025-12-02,2025-12-02,LRCX,Lam Research,True,True,2021-01-04,2026-04-30,True,,True,True,True
AIT-2025-12-004,2025-12-02,2025-12-02,MRVL,Marvell Technology,True,True,2021-01-04,2026-04-30,True,,True,True,True
AIT-2025-12-004,2025-12-02,2025-12-02,META,Meta Platforms,True,False,2021-01-04,2026-04-30,True,,True,True,True
AIT-2025-12-004,2025-12-02,2025-12-02,MCHP,Microchip Technology,True,True,2021-01-04,2026-04-30,True,,True,True,True
AIT-2025-12-004,2025-12-02,2025-12-02,MU,Micron Technology,True,True,2021-01-04,2026-04-30,True,,True,True,True
AIT-2025-12-004,2025-12-02,2025-12-02,MSFT,Microsoft,True,False,2021-01-04,2026-04-30,True,,True,True,True
AIT-2025-12-004,2025-12-02,2025-12-02,MPWR,Monolithic Power Systems,True,True,2021-01-04,2026-04-30,True,,True,True,True
AIT-2025-12-004,2025-12-02,2025-12-02,NVDA,Nvidia,True,True,2021-01-04,2026-04-30,True,,True,True,True
AIT-2025-12-004,2025-12-02,2025-12-02,NXPI,NXP Semiconductors,True,True,2021-01-04,2026-04-30,True,,True,True,True
AIT-2025-12-004,2025-12-02,2025-12-02,PLTR,Palantir Technologies,True,False,2021-01-04,2026-04-30,True,,True,True,True
AIT-2025-12-004,2025-12-02,2025-12-02,PANW,Palo Alto Networks,True,False,2021-01-04,2026-04-30,True,,True,True,True
AIT-2025-12-004,2025-12-02,2025-12-02,PDD,PDD Holdings,True,False,2021-01-04,2026-04-30,True,,True,True,True
AIT-2025-12-004,2025-12-02,2025-12-02,QCOM,Qualcomm,True,True,2021-01-04,2026-04-30,True,,True,True,True
AIT-2025-12-004,2025-12-02,2025-12-02,ROP,Roper Technologies,True,False,2021-01-04,2026-04-30,True,,True,True,True
AIT-2025-12-004,2025-12-02,2025-12-02,SNDK,Sandisk,True,False,2025-02-13,2026-04-30,True,,True,True,True
AIT-2025-12-004,2025-12-02,2025-12-02,STX,Seagate Technology,True,False,2021-01-04,2026-04-30,True,,True,True,True
AIT-2025-12-004,2025-12-02,2025-12-02,SHOP,Shopify,True,False,2021-01-04,2026-04-30,True,,True,True,True
AIT-2025-12-004,2025-12-02,2025-12-02,MSTR,MicroStrategy,True,False,2021-01-04,2026-04-30,True,,True,True,True
AIT-2025-12-004,2025-12-02,2025-12-02,SNPS,Synopsys,True,False,2021-01-04,2026-04-30,True,,True,True,True
AIT-2025-12-004,2025-12-02,2025-12-02,TXN,Texas Instruments,True,True,2021-01-04,2026-04-30,True,,True,True,True
AIT-2025-12-004,2025-12-02,2025-12-02,TRI,Thomson Reuters,True,False,2021-01-04,2026-04-30,True,,True,True,True
AIT-2025-12-004,2025-12-02,2025-12-02,WDC,Western Digital,True,False,2021-01-04,2026-04-30,True,,True,True,True
AIT-2025-12-004,2025-12-02,2025-12-02,WDAY,"Workday, Inc.",True,False,2021-01-04,2026-04-30,True,,True,True,True
AIT-2025-12-004,2025-12-02,2025-12-02,ZS,"Zscaler, Inc.",True,False,2021-01-04,2026-04-30,True,,True,True,True
AIT-2025-12-005,2025-12-01,2025-12-01,ADBE,Adobe Inc.,True,False,2021-01-04,2026-04-30,True,,True,True,True
AIT-2025-12-005,2025-12-01,2025-12-01,AMD,Advanced Micro Devices,True,True,2021-01-04,2026-04-30,True,,True,True,True
AIT-2025-12-005,2025-12-01,2025-12-01,GOOGL,Alphabet Inc. (Class A),True,False,2021-01-04,2026-04-30,True,,True,True,True
AIT-2025-12-005,2025-12-01,2025-12-01,GOOG,Alphabet Inc. (Class C),True,False,2021-01-04,2026-04-30,True,,True,True,True
AIT-2025-12-005,2025-12-01,2025-12-01,ADI,Analog Devices,True,True,2021-01-04,2026-04-30,True,,True,True,True
AIT-2025-12-005,2025-12-01,2025-12-01,AAPL,Apple Inc.,True,False,2021-01-04,2026-04-30,True,,True,True,True
AIT-2025-12-005,2025-12-01,2025-12-01,AMAT,Applied Materials,True,True,2021-01-04,2026-04-30,True,,True,True,True
AIT-2025-12-005,2025-12-01,2025-12-01,APP,AppLovin,True,False,2021-04-15,2026-04-30,True,,True,True,True
AIT-2025-12-005,2025-12-01,2025-12-01,ARM,Arm Holdings,True,False,2023-09-14,2026-04-30,True,,True,True,True
AIT-2025-12-005,2025-12-01,2025-12-01,ASML,ASML Holding,True,True,2021-01-04,2026-04-30,True,,True,True,True
AIT-2025-12-005,2025-12-01,2025-12-01,ADSK,Autodesk,True,False,2021-01-04,2026-04-30,True,,True,True,True
AIT-2025-12-005,2025-12-01,2025-12-01,AVGO,Broadcom,True,True,2021-01-04,2026-04-30,True,,True,True,True
AIT-2025-12-005,2025-12-01,2025-12-01,CDNS,Cadence Design Systems,True,False,2021-01-04,2026-04-30,True,,True,True,True
AIT-2025-12-005,2025-12-01,2025-12-01,CTSH,Cognizant Technology Solutions Corporation,True,False,2021-01-04,2026-04-30,True,,True,True,True
AIT-2025-12-005,2025-12-01,2025-12-01,CRWD,CrowdStrike,True,False,2021-01-04,2026-04-30,True,,True,True,True
AIT-2025-12-005,2025-12-01,2025-12-01,DDOG,Datadog,True,False,2021-01-04,2026-04-30,True,,True,True,True
AIT-2025-12-005,2025-12-01,2025-12-01,DASH,DoorDash,True,False,2021-01-04,2026-04-30,True,,True,True,True
AIT-2025-12-005,2025-12-01,2025-12-01,FTNT,Fortinet,True,False,2021-01-04,2026-04-30,True,,True,True,True
AIT-2025-12-005,2025-12-01,2025-12-01,INTC,Intel,True,True,2021-01-04,2026-04-30,True,,True,True,True
AIT-2025-12-005,2025-12-01,2025-12-01,INTU,Intuit,True,False,2021-01-04,2026-04-30,True,,True,True,True
AIT-2025-12-005,2025-12-01,2025-12-01,KLAC,KLA Corporation,True,True,2021-01-04,2026-04-30,True,,True,True,True
AIT-2025-12-005,2025-12-01,2025-12-01,LRCX,Lam Research,True,True,2021-01-04,2026-04-30,True,,True,True,True
AIT-2025-12-005,2025-12-01,2025-12-01,MRVL,Marvell Technology,True,True,2021-01-04,2026-04-30,True,,True,True,True
AIT-2025-12-005,2025-12-01,2025-12-01,META,Meta Platforms,True,False,2021-01-04,2026-04-30,True,,True,True,True
AIT-2025-12-005,2025-12-01,2025-12-01,MCHP,Microchip Technology,True,True,2021-01-04,2026-04-30,True,,True,True,True
AIT-2025-12-005,2025-12-01,2025-12-01,MU,Micron Technology,True,True,2021-01-04,2026-04-30,True,,True,True,True
AIT-2025-12-005,2025-12-01,2025-12-01,MSFT,Microsoft,True,False,2021-01-04,2026-04-30,True,,True,True,True
AIT-2025-12-005,2025-12-01,2025-12-01,MPWR,Monolithic Power Systems,True,True,2021-01-04,2026-04-30,True,,True,True,True
AIT-2025-12-005,2025-12-01,2025-12-01,NVDA,Nvidia,True,True,2021-01-04,2026-04-30,True,,True,True,True
AIT-2025-12-005,2025-12-01,2025-12-01,NXPI,NXP Semiconductors,True,True,2021-01-04,2026-04-30,True,,True,True,True
AIT-2025-12-005,2025-12-01,2025-12-01,PLTR,Palantir Technologies,True,False,2021-01-04,2026-04-30,True,,True,True,True
AIT-2025-12-005,2025-12-01,2025-12-01,PANW,Palo Alto Networks,True,False,2021-01-04,2026-04-30,True,,True,True,True
AIT-2025-12-005,2025-12-01,2025-12-01,PDD,PDD Holdings,True,False,2021-01-04,2026-04-30,True,,True,True,True
AIT-2025-12-005,2025-12-01,2025-12-01,QCOM,Qualcomm,True,True,2021-01-04,2026-04-30,True,,True,True,True
AIT-2025-12-005,2025-12-01,2025-12-01,ROP,Roper Technologies,True,False,2021-01-04,2026-04-30,True,,True,True,True
AIT-2025-12-005,2025-12-01,2025-12-01,SNDK,Sandisk,True,False,2025-02-13,2026-04-30,False,2025-02-12,False,True,False
AIT-2025-12-005,2025-12-01,2025-12-01,STX,Seagate Technology,True,False,2021-01-04,2026-04-30,True,,True,True,True
AIT-2025-12-005,2025-12-01,2025-12-01,SHOP,Shopify,True,False,2021-01-04,2026-04-30,True,,True,True,True
AIT-2025-12-005,2025-12-01,2025-12-01,MSTR,MicroStrategy,True,False,2021-01-04,2026-04-30,True,,True,True,True
AIT-2025-12-005,2025-12-01,2025-12-01,SNPS,Synopsys,True,False,2021-01-04,2026-04-30,True,,True,True,True
AIT-2025-12-005,2025-12-01,2025-12-01,TXN,Texas Instruments,True,True,2021-01-04,2026-04-30,True,,True,True,True
AIT-2025-12-005,2025-12-01,2025-12-01,TRI,Thomson Reuters,True,False,2021-01-04,2026-04-30,True,,True,True,True
AIT-2025-12-005,2025-12-01,2025-12-01,WDC,Western Digital,True,False,2021-01-04,2026-04-30,True,,True,True,True
AIT-2025-12-005,2025-12-01,2025-12-01,WDAY,"Workday, Inc.",True,False,2021-01-04,2026-04-30,True,,True,True,True
AIT-2025-12-005,2025-12-01,2025-12-01,ZS,"Zscaler, Inc.",True,False,2021-01-04,2026-04-30,True,,True,True,True
AIT-2025-12-006,2025-12-17,2025-12-17,ADBE,Adobe Inc.,True,False,2021-01-04,2026-04-30,True,,True,True,True
AIT-2025-12-006,2025-12-17,2025-12-17,AMD,Advanced Micro Devices,True,True,2021-01-04,2026-04-30,True,,True,True,True
AIT-2025-12-006,2025-12-17,2025-12-17,GOOGL,Alphabet Inc. (Class A),True,False,2021-01-04,2026-04-30,True,,True,True,True
AIT-2025-12-006,2025-12-17,2025-12-17,GOOG,Alphabet Inc. (Class C),True,False,2021-01-04,2026-04-30,True,,True,True,True
AIT-2025-12-006,2025-12-17,2025-12-17,ADI,Analog Devices,True,True,2021-01-04,2026-04-30,True,,True,True,True
AIT-2025-12-006,2025-12-17,2025-12-17,AAPL,Apple Inc.,True,False,2021-01-04,2026-04-30,True,,True,True,True
AIT-2025-12-006,2025-12-17,2025-12-17,AMAT,Applied Materials,True,True,2021-01-04,2026-04-30,True,,True,True,True
AIT-2025-12-006,2025-12-17,2025-12-17,APP,AppLovin,True,False,2021-04-15,2026-04-30,True,,True,True,True
AIT-2025-12-006,2025-12-17,2025-12-17,ARM,Arm Holdings,True,False,2023-09-14,2026-04-30,True,,True,True,True
AIT-2025-12-006,2025-12-17,2025-12-17,ASML,ASML Holding,True,True,2021-01-04,2026-04-30,True,,True,True,True
AIT-2025-12-006,2025-12-17,2025-12-17,ADSK,Autodesk,True,False,2021-01-04,2026-04-30,True,,True,True,True
AIT-2025-12-006,2025-12-17,2025-12-17,AVGO,Broadcom,True,True,2021-01-04,2026-04-30,True,,True,True,True
AIT-2025-12-006,2025-12-17,2025-12-17,CDNS,Cadence Design Systems,True,False,2021-01-04,2026-04-30,True,,True,True,True
AIT-2025-12-006,2025-12-17,2025-12-17,CTSH,Cognizant Technology Solutions Corporation,True,False,2021-01-04,2026-04-30,True,,True,True,True
AIT-2025-12-006,2025-12-17,2025-12-17,CRWD,CrowdStrike,True,False,2021-01-04,2026-04-30,True,,True,True,True
AIT-2025-12-006,2025-12-17,2025-12-17,DDOG,Datadog,True,False,2021-01-04,2026-04-30,True,,True,True,True
AIT-2025-12-006,2025-12-17,2025-12-17,DASH,DoorDash,True,False,2021-01-04,2026-04-30,True,,True,True,True
AIT-2025-12-006,2025-12-17,2025-12-17,FTNT,Fortinet,True,False,2021-01-04,2026-04-30,True,,True,True,True
AIT-2025-12-006,2025-12-17,2025-12-17,INTC,Intel,True,True,2021-01-04,2026-04-30,True,,True,True,True
AIT-2025-12-006,2025-12-17,2025-12-17,INTU,Intuit,True,False,2021-01-04,2026-04-30,True,,True,True,True
AIT-2025-12-006,2025-12-17,2025-12-17,KLAC,KLA Corporation,True,True,2021-01-04,2026-04-30,True,,True,True,True
AIT-2025-12-006,2025-12-17,2025-12-17,LRCX,Lam Research,True,True,2021-01-04,2026-04-30,True,,True,True,True
AIT-2025-12-006,2025-12-17,2025-12-17,MRVL,Marvell Technology,True,True,2021-01-04,2026-04-30,True,,True,True,True
AIT-2025-12-006,2025-12-17,2025-12-17,META,Meta Platforms,True,False,2021-01-04,2026-04-30,True,,True,True,True
AIT-2025-12-006,2025-12-17,2025-12-17,MCHP,Microchip Technology,True,True,2021-01-04,2026-04-30,True,,True,True,True
AIT-2025-12-006,2025-12-17,2025-12-17,MU,Micron Technology,True,True,2021-01-04,2026-04-30,True,,True,True,True
AIT-2025-12-006,2025-12-17,2025-12-17,MSFT,Microsoft,True,False,2021-01-04,2026-04-30,True,,True,True,True
AIT-2025-12-006,2025-12-17,2025-12-17,MPWR,Monolithic Power Systems,True,True,2021-01-04,2026-04-30,True,,True,True,True
AIT-2025-12-006,2025-12-17,2025-12-17,NVDA,Nvidia,True,True,2021-01-04,2026-04-30,True,,True,True,True
AIT-2025-12-006,2025-12-17,2025-12-17,NXPI,NXP Semiconductors,True,True,2021-01-04,2026-04-30,True,,True,True,True
AIT-2025-12-006,2025-12-17,2025-12-17,PLTR,Palantir Technologies,True,False,2021-01-04,2026-04-30,True,,True,True,True
AIT-2025-12-006,2025-12-17,2025-12-17,PANW,Palo Alto Networks,True,False,2021-01-04,2026-04-30,True,,True,True,True
AIT-2025-12-006,2025-12-17,2025-12-17,PDD,PDD Holdings,True,False,2021-01-04,2026-04-30,True,,True,True,True
AIT-2025-12-006,2025-12-17,2025-12-17,QCOM,Qualcomm,True,True,2021-01-04,2026-04-30,True,,True,True,True
AIT-2025-12-006,2025-12-17,2025-12-17,ROP,Roper Technologies,True,False,2021-01-04,2026-04-30,True,,True,True,True
AIT-2025-12-006,2025-12-17,2025-12-17,SNDK,Sandisk,True,False,2025-02-13,2026-04-30,True,,True,True,True
AIT-2025-12-006,2025-12-17,2025-12-17,STX,Seagate Technology,True,False,2021-01-04,2026-04-30,True,,True,True,True
AIT-2025-12-006,2025-12-17,2025-12-17,SHOP,Shopify,True,False,2021-01-04,2026-04-30,True,,True,True,True
AIT-2025-12-006,2025-12-17,2025-12-17,MSTR,MicroStrategy,True,False,2021-01-04,2026-04-30,True,,True,True,True
AIT-2025-12-006,2025-12-17,2025-12-17,SNPS,Synopsys,True,False,2021-01-04,2026-04-30,True,,True,True,True
AIT-2025-12-006,2025-12-17,2025-12-17,TXN,Texas Instruments,True,True,2021-01-04,2026-04-30,True,,True,True,True
AIT-2025-12-006,2025-12-17,2025-12-17,TRI,Thomson Reuters,True,False,2021-01-04,2026-04-30,True,,True,True,True
AIT-2025-12-006,2025-12-17,2025-12-17,WDC,Western Digital,True,False,2021-01-04,2026-04-30,True,,True,True,True
AIT-2025-12-006,2025-12-17,2025-12-17,WDAY,"Workday, Inc.",True,False,2021-01-04,2026-04-30,True,,True,True,True
AIT-2025-12-006,2025-12-17,2025-12-17,ZS,"Zscaler, Inc.",True,False,2021-01-04,2026-04-30,True,,True,True,True
AIT-2025-12-007,2025-12-22,2025-12-22,ADBE,Adobe Inc.,True,False,2021-01-04,2026-04-30,True,,True,True,True
AIT-2025-12-007,2025-12-22,2025-12-22,AMD,Advanced Micro Devices,True,True,2021-01-04,2026-04-30,True,,True,True,True
AIT-2025-12-007,2025-12-22,2025-12-22,GOOGL,Alphabet Inc. (Class A),True,False,2021-01-04,2026-04-30,True,,True,True,True
AIT-2025-12-007,2025-12-22,2025-12-22,GOOG,Alphabet Inc. (Class C),True,False,2021-01-04,2026-04-30,True,,True,True,True
AIT-2025-12-007,2025-12-22,2025-12-22,ADI,Analog Devices,True,True,2021-01-04,2026-04-30,True,,True,True,True
AIT-2025-12-007,2025-12-22,2025-12-22,AAPL,Apple Inc.,True,False,2021-01-04,2026-04-30,True,,True,True,True
AIT-2025-12-007,2025-12-22,2025-12-22,AMAT,Applied Materials,True,True,2021-01-04,2026-04-30,True,,True,True,True
AIT-2025-12-007,2025-12-22,2025-12-22,APP,AppLovin,True,False,2021-04-15,2026-04-30,True,,True,True,True
AIT-2025-12-007,2025-12-22,2025-12-22,ARM,Arm Holdings,True,False,2023-09-14,2026-04-30,True,,True,True,True
AIT-2025-12-007,2025-12-22,2025-12-22,ASML,ASML Holding,True,True,2021-01-04,2026-04-30,True,,True,True,True
AIT-2025-12-007,2025-12-22,2025-12-22,ADSK,Autodesk,True,False,2021-01-04,2026-04-30,True,,True,True,True
AIT-2025-12-007,2025-12-22,2025-12-22,AVGO,Broadcom,True,True,2021-01-04,2026-04-30,True,,True,True,True
AIT-2025-12-007,2025-12-22,2025-12-22,CDNS,Cadence Design Systems,True,False,2021-01-04,2026-04-30,True,,True,True,True
AIT-2025-12-007,2025-12-22,2025-12-22,CTSH,Cognizant Technology Solutions Corporation,True,False,2021-01-04,2026-04-30,True,,True,True,True
AIT-2025-12-007,2025-12-22,2025-12-22,CRWD,CrowdStrike,True,False,2021-01-04,2026-04-30,True,,True,True,True
AIT-2025-12-007,2025-12-22,2025-12-22,DDOG,Datadog,True,False,2021-01-04,2026-04-30,True,,True,True,True
AIT-2025-12-007,2025-12-22,2025-12-22,DASH,DoorDash,True,False,2021-01-04,2026-04-30,True,,True,True,True
AIT-2025-12-007,2025-12-22,2025-12-22,FTNT,Fortinet,True,False,2021-01-04,2026-04-30,True,,True,True,True
AIT-2025-12-007,2025-12-22,2025-12-22,INTC,Intel,True,True,2021-01-04,2026-04-30,True,,True,True,True
AIT-2025-12-007,2025-12-22,2025-12-22,INTU,Intuit,True,False,2021-01-04,2026-04-30,True,,True,True,True
AIT-2025-12-007,2025-12-22,2025-12-22,KLAC,KLA Corporation,True,True,2021-01-04,2026-04-30,True,,True,True,True
AIT-2025-12-007,2025-12-22,2025-12-22,LRCX,Lam Research,True,True,2021-01-04,2026-04-30,True,,True,True,True
AIT-2025-12-007,2025-12-22,2025-12-22,MRVL,Marvell Technology,True,True,2021-01-04,2026-04-30,True,,True,True,True
AIT-2025-12-007,2025-12-22,2025-12-22,META,Meta Platforms,True,False,2021-01-04,2026-04-30,True,,True,True,True
AIT-2025-12-007,2025-12-22,2025-12-22,MCHP,Microchip Technology,True,True,2021-01-04,2026-04-30,True,,True,True,True
AIT-2025-12-007,2025-12-22,2025-12-22,MU,Micron Technology,True,True,2021-01-04,2026-04-30,True,,True,True,True
AIT-2025-12-007,2025-12-22,2025-12-22,MSFT,Microsoft,True,False,2021-01-04,2026-04-30,True,,True,True,True
AIT-2025-12-007,2025-12-22,2025-12-22,MPWR,Monolithic Power Systems,True,True,2021-01-04,2026-04-30,True,,True,True,True
AIT-2025-12-007,2025-12-22,2025-12-22,NVDA,Nvidia,True,True,2021-01-04,2026-04-30,True,,True,True,True
AIT-2025-12-007,2025-12-22,2025-12-22,NXPI,NXP Semiconductors,True,True,2021-01-04,2026-04-30,True,,True,True,True
AIT-2025-12-007,2025-12-22,2025-12-22,PLTR,Palantir Technologies,True,False,2021-01-04,2026-04-30,True,,True,True,True
AIT-2025-12-007,2025-12-22,2025-12-22,PANW,Palo Alto Networks,True,False,2021-01-04,2026-04-30,True,,True,True,True
AIT-2025-12-007,2025-12-22,2025-12-22,PDD,PDD Holdings,True,False,2021-01-04,2026-04-30,True,,True,True,True
AIT-2025-12-007,2025-12-22,2025-12-22,QCOM,Qualcomm,True,True,2021-01-04,2026-04-30,True,,True,True,True
AIT-2025-12-007,2025-12-22,2025-12-22,ROP,Roper Technologies,True,False,2021-01-04,2026-04-30,True,,True,True,True
AIT-2025-12-007,2025-12-22,2025-12-22,SNDK,Sandisk,True,False,2025-02-13,2026-04-30,True,,True,True,True
AIT-2025-12-007,2025-12-22,2025-12-22,STX,Seagate Technology,True,False,2021-01-04,2026-04-30,True,,True,True,True
AIT-2025-12-007,2025-12-22,2025-12-22,SHOP,Shopify,True,False,2021-01-04,2026-04-30,True,,True,True,True
AIT-2025-12-007,2025-12-22,2025-12-22,MSTR,MicroStrategy,True,False,2021-01-04,2026-04-30,True,,True,True,True
AIT-2025-12-007,2025-12-22,2025-12-22,SNPS,Synopsys,True,False,2021-01-04,2026-04-30,True,,True,True,True
AIT-2025-12-007,2025-12-22,2025-12-22,TXN,Texas Instruments,True,True,2021-01-04,2026-04-30,True,,True,True,True
AIT-2025-12-007,2025-12-22,2025-12-22,TRI,Thomson Reuters,True,False,2021-01-04,2026-04-30,True,,True,True,True
AIT-2025-12-007,2025-12-22,2025-12-22,WDC,Western Digital,True,False,2021-01-04,2026-04-30,True,,True,True,True
AIT-2025-12-007,2025-12-22,2025-12-22,WDAY,"Workday, Inc.",True,False,2021-01-04,2026-04-30,True,,True,True,True
AIT-2025-12-007,2025-12-22,2025-12-22,ZS,"Zscaler, Inc.",True,False,2021-01-04,2026-04-30,True,,True,True,True
AIT-2025-12-009,2025-12-20,2025-12-22,ADBE,Adobe Inc.,True,False,2021-01-04,2026-04-30,True,,True,True,True
AIT-2025-12-009,2025-12-20,2025-12-22,AMD,Advanced Micro Devices,True,True,2021-01-04,2026-04-30,True,,True,True,True
AIT-2025-12-009,2025-12-20,2025-12-22,GOOGL,Alphabet Inc. (Class A),True,False,2021-01-04,2026-04-30,True,,True,True,True
AIT-2025-12-009,2025-12-20,2025-12-22,GOOG,Alphabet Inc. (Class C),True,False,2021-01-04,2026-04-30,True,,True,True,True
AIT-2025-12-009,2025-12-20,2025-12-22,ADI,Analog Devices,True,True,2021-01-04,2026-04-30,True,,True,True,True
AIT-2025-12-009,2025-12-20,2025-12-22,AAPL,Apple Inc.,True,False,2021-01-04,2026-04-30,True,,True,True,True
AIT-2025-12-009,2025-12-20,2025-12-22,AMAT,Applied Materials,True,True,2021-01-04,2026-04-30,True,,True,True,True
AIT-2025-12-009,2025-12-20,2025-12-22,APP,AppLovin,True,False,2021-04-15,2026-04-30,True,,True,True,True
AIT-2025-12-009,2025-12-20,2025-12-22,ARM,Arm Holdings,True,False,2023-09-14,2026-04-30,True,,True,True,True
AIT-2025-12-009,2025-12-20,2025-12-22,ASML,ASML Holding,True,True,2021-01-04,2026-04-30,True,,True,True,True
AIT-2025-12-009,2025-12-20,2025-12-22,ADSK,Autodesk,True,False,2021-01-04,2026-04-30,True,,True,True,True
AIT-2025-12-009,2025-12-20,2025-12-22,AVGO,Broadcom,True,True,2021-01-04,2026-04-30,True,,True,True,True
AIT-2025-12-009,2025-12-20,2025-12-22,CDNS,Cadence Design Systems,True,False,2021-01-04,2026-04-30,True,,True,True,True
AIT-2025-12-009,2025-12-20,2025-12-22,CTSH,Cognizant Technology Solutions Corporation,True,False,2021-01-04,2026-04-30,True,,True,True,True
AIT-2025-12-009,2025-12-20,2025-12-22,CRWD,CrowdStrike,True,False,2021-01-04,2026-04-30,True,,True,True,True
AIT-2025-12-009,2025-12-20,2025-12-22,DDOG,Datadog,True,False,2021-01-04,2026-04-30,True,,True,True,True
AIT-2025-12-009,2025-12-20,2025-12-22,DASH,DoorDash,True,False,2021-01-04,2026-04-30,True,,True,True,True
AIT-2025-12-009,2025-12-20,2025-12-22,FTNT,Fortinet,True,False,2021-01-04,2026-04-30,True,,True,True,True
AIT-2025-12-009,2025-12-20,2025-12-22,INTC,Intel,True,True,2021-01-04,2026-04-30,True,,True,True,True
AIT-2025-12-009,2025-12-20,2025-12-22,INTU,Intuit,True,False,2021-01-04,2026-04-30,True,,True,True,True
AIT-2025-12-009,2025-12-20,2025-12-22,KLAC,KLA Corporation,True,True,2021-01-04,2026-04-30,True,,True,True,True
AIT-2025-12-009,2025-12-20,2025-12-22,LRCX,Lam Research,True,True,2021-01-04,2026-04-30,True,,True,True,True
AIT-2025-12-009,2025-12-20,2025-12-22,MRVL,Marvell Technology,True,True,2021-01-04,2026-04-30,True,,True,True,True
AIT-2025-12-009,2025-12-20,2025-12-22,META,Meta Platforms,True,False,2021-01-04,2026-04-30,True,,True,True,True
AIT-2025-12-009,2025-12-20,2025-12-22,MCHP,Microchip Technology,True,True,2021-01-04,2026-04-30,True,,True,True,True
AIT-2025-12-009,2025-12-20,2025-12-22,MU,Micron Technology,True,True,2021-01-04,2026-04-30,True,,True,True,True
AIT-2025-12-009,2025-12-20,2025-12-22,MSFT,Microsoft,True,False,2021-01-04,2026-04-30,True,,True,True,True
AIT-2025-12-009,2025-12-20,2025-12-22,MPWR,Monolithic Power Systems,True,True,2021-01-04,2026-04-30,True,,True,True,True
AIT-2025-12-009,2025-12-20,2025-12-22,NVDA,Nvidia,True,True,2021-01-04,2026-04-30,True,,True,True,True
AIT-2025-12-009,2025-12-20,2025-12-22,NXPI,NXP Semiconductors,True,True,2021-01-04,2026-04-30,True,,True,True,True
AIT-2025-12-009,2025-12-20,2025-12-22,PLTR,Palantir Technologies,True,False,2021-01-04,2026-04-30,True,,True,True,True
AIT-2025-12-009,2025-12-20,2025-12-22,PANW,Palo Alto Networks,True,False,2021-01-04,2026-04-30,True,,True,True,True
AIT-2025-12-009,2025-12-20,2025-12-22,PDD,PDD Holdings,True,False,2021-01-04,2026-04-30,True,,True,True,True
AIT-2025-12-009,2025-12-20,2025-12-22,QCOM,Qualcomm,True,True,2021-01-04,2026-04-30,True,,True,True,True
AIT-2025-12-009,2025-12-20,2025-12-22,ROP,Roper Technologies,True,False,2021-01-04,2026-04-30,True,,True,True,True
AIT-2025-12-009,2025-12-20,2025-12-22,SNDK,Sandisk,True,False,2025-02-13,2026-04-30,True,,True,True,True
AIT-2025-12-009,2025-12-20,2025-12-22,STX,Seagate Technology,True,False,2021-01-04,2026-04-30,True,,True,True,True
AIT-2025-12-009,2025-12-20,2025-12-22,SHOP,Shopify,True,False,2021-01-04,2026-04-30,True,,True,True,True
AIT-2025-12-009,2025-12-20,2025-12-22,MSTR,MicroStrategy,True,False,2021-01-04,2026-04-30,True,,True,True,True
AIT-2025-12-009,2025-12-20,2025-12-22,SNPS,Synopsys,True,False,2021-01-04,2026-04-30,True,,True,True,True
AIT-2025-12-009,2025-12-20,2025-12-22,TXN,Texas Instruments,True,True,2021-01-04,2026-04-30,True,,True,True,True
AIT-2025-12-009,2025-12-20,2025-12-22,TRI,Thomson Reuters,True,False,2021-01-04,2026-04-30,True,,True,True,True
AIT-2025-12-009,2025-12-20,2025-12-22,WDC,Western Digital,True,False,2021-01-04,2026-04-30,True,,True,True,True
AIT-2025-12-009,2025-12-20,2025-12-22,WDAY,"Workday, Inc.",True,False,2021-01-04,2026-04-30,True,,True,True,True
AIT-2025-12-009,2025-12-20,2025-12-22,ZS,"Zscaler, Inc.",True,False,2021-01-04,2026-04-30,True,,True,True,True
AIT-2026-01-003,2026-01-27,2026-01-27,ADBE,Adobe Inc.,True,False,2021-01-04,2026-04-30,True,,True,True,True
AIT-2026-01-003,2026-01-27,2026-01-27,AMD,Advanced Micro Devices,True,True,2021-01-04,2026-04-30,True,,True,True,True
AIT-2026-01-003,2026-01-27,2026-01-27,GOOGL,Alphabet Inc. (Class A),True,False,2021-01-04,2026-04-30,True,,True,True,True
AIT-2026-01-003,2026-01-27,2026-01-27,GOOG,Alphabet Inc. (Class C),True,False,2021-01-04,2026-04-30,True,,True,True,True
AIT-2026-01-003,2026-01-27,2026-01-27,ADI,Analog Devices,True,True,2021-01-04,2026-04-30,True,,True,True,True
AIT-2026-01-003,2026-01-27,2026-01-27,AAPL,Apple Inc.,True,False,2021-01-04,2026-04-30,True,,True,True,True
AIT-2026-01-003,2026-01-27,2026-01-27,AMAT,Applied Materials,True,True,2021-01-04,2026-04-30,True,,True,True,True
AIT-2026-01-003,2026-01-27,2026-01-27,APP,AppLovin,True,False,2021-04-15,2026-04-30,True,,True,True,True
AIT-2026-01-003,2026-01-27,2026-01-27,ARM,Arm Holdings,True,False,2023-09-14,2026-04-30,True,,True,True,True
AIT-2026-01-003,2026-01-27,2026-01-27,ASML,ASML Holding,True,True,2021-01-04,2026-04-30,True,,True,True,True
AIT-2026-01-003,2026-01-27,2026-01-27,ADSK,Autodesk,True,False,2021-01-04,2026-04-30,True,,True,True,True
AIT-2026-01-003,2026-01-27,2026-01-27,AVGO,Broadcom,True,True,2021-01-04,2026-04-30,True,,True,True,True
AIT-2026-01-003,2026-01-27,2026-01-27,CDNS,Cadence Design Systems,True,False,2021-01-04,2026-04-30,True,,True,True,True
AIT-2026-01-003,2026-01-27,2026-01-27,CTSH,Cognizant Technology Solutions Corporation,True,False,2021-01-04,2026-04-30,True,,True,True,True
AIT-2026-01-003,2026-01-27,2026-01-27,CRWD,CrowdStrike,True,False,2021-01-04,2026-04-30,True,,True,True,True
AIT-2026-01-003,2026-01-27,2026-01-27,DDOG,Datadog,True,False,2021-01-04,2026-04-30,True,,True,True,True
AIT-2026-01-003,2026-01-27,2026-01-27,DASH,DoorDash,True,False,2021-01-04,2026-04-30,True,,True,True,True
AIT-2026-01-003,2026-01-27,2026-01-27,FTNT,Fortinet,True,False,2021-01-04,2026-04-30,True,,True,True,True
AIT-2026-01-003,2026-01-27,2026-01-27,INTC,Intel,True,True,2021-01-04,2026-04-30,True,,True,True,True
AIT-2026-01-003,2026-01-27,2026-01-27,INTU,Intuit,True,False,2021-01-04,2026-04-30,True,,True,True,True
AIT-2026-01-003,2026-01-27,2026-01-27,KLAC,KLA Corporation,True,True,2021-01-04,2026-04-30,True,,True,True,True
AIT-2026-01-003,2026-01-27,2026-01-27,LRCX,Lam Research,True,True,2021-01-04,2026-04-30,True,,True,True,True
AIT-2026-01-003,2026-01-27,2026-01-27,MRVL,Marvell Technology,True,True,2021-01-04,2026-04-30,True,,True,True,True
AIT-2026-01-003,2026-01-27,2026-01-27,META,Meta Platforms,True,False,2021-01-04,2026-04-30,True,,True,True,True
AIT-2026-01-003,2026-01-27,2026-01-27,MCHP,Microchip Technology,True,True,2021-01-04,2026-04-30,True,,True,True,True
AIT-2026-01-003,2026-01-27,2026-01-27,MU,Micron Technology,True,True,2021-01-04,2026-04-30,True,,True,True,True
AIT-2026-01-003,2026-01-27,2026-01-27,MSFT,Microsoft,True,False,2021-01-04,2026-04-30,True,,True,True,True
AIT-2026-01-003,2026-01-27,2026-01-27,MPWR,Monolithic Power Systems,True,True,2021-01-04,2026-04-30,True,,True,True,True
AIT-2026-01-003,2026-01-27,2026-01-27,NVDA,Nvidia,True,True,2021-01-04,2026-04-30,True,,True,True,True
AIT-2026-01-003,2026-01-27,2026-01-27,NXPI,NXP Semiconductors,True,True,2021-01-04,2026-04-30,True,,True,True,True
AIT-2026-01-003,2026-01-27,2026-01-27,PLTR,Palantir Technologies,True,False,2021-01-04,2026-04-30,True,,True,True,True
AIT-2026-01-003,2026-01-27,2026-01-27,PANW,Palo Alto Networks,True,False,2021-01-04,2026-04-30,True,,True,True,True
AIT-2026-01-003,2026-01-27,2026-01-27,PDD,PDD Holdings,True,False,2021-01-04,2026-04-30,True,,True,True,True
AIT-2026-01-003,2026-01-27,2026-01-27,QCOM,Qualcomm,True,True,2021-01-04,2026-04-30,True,,True,True,True
AIT-2026-01-003,2026-01-27,2026-01-27,ROP,Roper Technologies,True,False,2021-01-04,2026-04-30,True,,True,True,True
AIT-2026-01-003,2026-01-27,2026-01-27,SNDK,Sandisk,True,False,2025-02-13,2026-04-30,True,,True,True,True
AIT-2026-01-003,2026-01-27,2026-01-27,STX,Seagate Technology,True,False,2021-01-04,2026-04-30,True,,True,True,True
AIT-2026-01-003,2026-01-27,2026-01-27,SHOP,Shopify,True,False,2021-01-04,2026-04-30,True,,True,True,True
AIT-2026-01-003,2026-01-27,2026-01-27,MSTR,MicroStrategy,True,False,2021-01-04,2026-04-30,True,,True,True,True
AIT-2026-01-003,2026-01-27,2026-01-27,SNPS,Synopsys,True,False,2021-01-04,2026-04-30,True,,True,True,True
AIT-2026-01-003,2026-01-27,2026-01-27,TXN,Texas Instruments,True,True,2021-01-04,2026-04-30,True,,True,True,True
AIT-2026-01-003,2026-01-27,2026-01-27,TRI,Thomson Reuters,True,False,2021-01-04,2026-04-30,True,,True,True,True
AIT-2026-01-003,2026-01-27,2026-01-27,WDC,Western Digital,True,False,2021-01-04,2026-04-30,True,,True,True,True
AIT-2026-01-003,2026-01-27,2026-01-27,WDAY,"Workday, Inc.",True,False,2021-01-04,2026-04-30,True,,True,True,True
AIT-2026-01-003,2026-01-27,2026-01-27,ZS,"Zscaler, Inc.",True,False,2021-01-04,2026-04-30,True,,True,True,True
AIT-2026-01-004,2026-01-28,2026-01-28,ADBE,Adobe Inc.,True,False,2021-01-04,2026-04-30,True,,True,True,True
AIT-2026-01-004,2026-01-28,2026-01-28,AMD,Advanced Micro Devices,True,True,2021-01-04,2026-04-30,True,,True,True,True
AIT-2026-01-004,2026-01-28,2026-01-28,GOOGL,Alphabet Inc. (Class A),True,False,2021-01-04,2026-04-30,True,,True,True,True
AIT-2026-01-004,2026-01-28,2026-01-28,GOOG,Alphabet Inc. (Class C),True,False,2021-01-04,2026-04-30,True,,True,True,True
AIT-2026-01-004,2026-01-28,2026-01-28,ADI,Analog Devices,True,True,2021-01-04,2026-04-30,True,,True,True,True
AIT-2026-01-004,2026-01-28,2026-01-28,AAPL,Apple Inc.,True,False,2021-01-04,2026-04-30,True,,True,True,True
AIT-2026-01-004,2026-01-28,2026-01-28,AMAT,Applied Materials,True,True,2021-01-04,2026-04-30,True,,True,True,True
AIT-2026-01-004,2026-01-28,2026-01-28,APP,AppLovin,True,False,2021-04-15,2026-04-30,True,,True,True,True
AIT-2026-01-004,2026-01-28,2026-01-28,ARM,Arm Holdings,True,False,2023-09-14,2026-04-30,True,,True,True,True
AIT-2026-01-004,2026-01-28,2026-01-28,ASML,ASML Holding,True,True,2021-01-04,2026-04-30,True,,True,True,True
AIT-2026-01-004,2026-01-28,2026-01-28,ADSK,Autodesk,True,False,2021-01-04,2026-04-30,True,,True,True,True
AIT-2026-01-004,2026-01-28,2026-01-28,AVGO,Broadcom,True,True,2021-01-04,2026-04-30,True,,True,True,True
AIT-2026-01-004,2026-01-28,2026-01-28,CDNS,Cadence Design Systems,True,False,2021-01-04,2026-04-30,True,,True,True,True
AIT-2026-01-004,2026-01-28,2026-01-28,CTSH,Cognizant Technology Solutions Corporation,True,False,2021-01-04,2026-04-30,True,,True,True,True
AIT-2026-01-004,2026-01-28,2026-01-28,CRWD,CrowdStrike,True,False,2021-01-04,2026-04-30,True,,True,True,True
AIT-2026-01-004,2026-01-28,2026-01-28,DDOG,Datadog,True,False,2021-01-04,2026-04-30,True,,True,True,True
AIT-2026-01-004,2026-01-28,2026-01-28,DASH,DoorDash,True,False,2021-01-04,2026-04-30,True,,True,True,True
AIT-2026-01-004,2026-01-28,2026-01-28,FTNT,Fortinet,True,False,2021-01-04,2026-04-30,True,,True,True,True
AIT-2026-01-004,2026-01-28,2026-01-28,INTC,Intel,True,True,2021-01-04,2026-04-30,True,,True,True,True
AIT-2026-01-004,2026-01-28,2026-01-28,INTU,Intuit,True,False,2021-01-04,2026-04-30,True,,True,True,True
AIT-2026-01-004,2026-01-28,2026-01-28,KLAC,KLA Corporation,True,True,2021-01-04,2026-04-30,True,,True,True,True
AIT-2026-01-004,2026-01-28,2026-01-28,LRCX,Lam Research,True,True,2021-01-04,2026-04-30,True,,True,True,True
AIT-2026-01-004,2026-01-28,2026-01-28,MRVL,Marvell Technology,True,True,2021-01-04,2026-04-30,True,,True,True,True
AIT-2026-01-004,2026-01-28,2026-01-28,META,Meta Platforms,True,False,2021-01-04,2026-04-30,True,,True,True,True
AIT-2026-01-004,2026-01-28,2026-01-28,MCHP,Microchip Technology,True,True,2021-01-04,2026-04-30,True,,True,True,True
AIT-2026-01-004,2026-01-28,2026-01-28,MU,Micron Technology,True,True,2021-01-04,2026-04-30,True,,True,True,True
AIT-2026-01-004,2026-01-28,2026-01-28,MSFT,Microsoft,True,False,2021-01-04,2026-04-30,True,,True,True,True
AIT-2026-01-004,2026-01-28,2026-01-28,MPWR,Monolithic Power Systems,True,True,2021-01-04,2026-04-30,True,,True,True,True
AIT-2026-01-004,2026-01-28,2026-01-28,NVDA,Nvidia,True,True,2021-01-04,2026-04-30,True,,True,True,True
AIT-2026-01-004,2026-01-28,2026-01-28,NXPI,NXP Semiconductors,True,True,2021-01-04,2026-04-30,True,,True,True,True
AIT-2026-01-004,2026-01-28,2026-01-28,PLTR,Palantir Technologies,True,False,2021-01-04,2026-04-30,True,,True,True,True
AIT-2026-01-004,2026-01-28,2026-01-28,PANW,Palo Alto Networks,True,False,2021-01-04,2026-04-30,True,,True,True,True
AIT-2026-01-004,2026-01-28,2026-01-28,PDD,PDD Holdings,True,False,2021-01-04,2026-04-30,True,,True,True,True
AIT-2026-01-004,2026-01-28,2026-01-28,QCOM,Qualcomm,True,True,2021-01-04,2026-04-30,True,,True,True,True
AIT-2026-01-004,2026-01-28,2026-01-28,ROP,Roper Technologies,True,False,2021-01-04,2026-04-30,True,,True,True,True
AIT-2026-01-004,2026-01-28,2026-01-28,SNDK,Sandisk,True,False,2025-02-13,2026-04-30,True,,True,True,True
AIT-2026-01-004,2026-01-28,2026-01-28,STX,Seagate Technology,True,False,2021-01-04,2026-04-30,True,,True,True,True
AIT-2026-01-004,2026-01-28,2026-01-28,SHOP,Shopify,True,False,2021-01-04,2026-04-30,True,,True,True,True
AIT-2026-01-004,2026-01-28,2026-01-28,MSTR,MicroStrategy,True,False,2021-01-04,2026-04-30,True,,True,True,True
AIT-2026-01-004,2026-01-28,2026-01-28,SNPS,Synopsys,True,False,2021-01-04,2026-04-30,True,,True,True,True
AIT-2026-01-004,2026-01-28,2026-01-28,TXN,Texas Instruments,True,True,2021-01-04,2026-04-30,True,,True,True,True
AIT-2026-01-004,2026-01-28,2026-01-28,TRI,Thomson Reuters,True,False,2021-01-04,2026-04-30,True,,True,True,True
AIT-2026-01-004,2026-01-28,2026-01-28,WDC,Western Digital,True,False,2021-01-04,2026-04-30,True,,True,True,True
AIT-2026-01-004,2026-01-28,2026-01-28,WDAY,"Workday, Inc.",True,False,2021-01-04,2026-04-30,True,,True,True,True
AIT-2026-01-004,2026-01-28,2026-01-28,ZS,"Zscaler, Inc.",True,False,2021-01-04,2026-04-30,True,,True,True,True
AIT-2026-02-001,2026-02-05,2026-02-05,ADBE,Adobe Inc.,True,False,2021-01-04,2026-04-30,True,,True,True,True
AIT-2026-02-001,2026-02-05,2026-02-05,AMD,Advanced Micro Devices,True,True,2021-01-04,2026-04-30,True,,True,True,True
AIT-2026-02-001,2026-02-05,2026-02-05,GOOGL,Alphabet Inc. (Class A),True,False,2021-01-04,2026-04-30,True,,True,True,True
AIT-2026-02-001,2026-02-05,2026-02-05,GOOG,Alphabet Inc. (Class C),True,False,2021-01-04,2026-04-30,True,,True,True,True
AIT-2026-02-001,2026-02-05,2026-02-05,ADI,Analog Devices,True,True,2021-01-04,2026-04-30,True,,True,True,True
AIT-2026-02-001,2026-02-05,2026-02-05,AAPL,Apple Inc.,True,False,2021-01-04,2026-04-30,True,,True,True,True
AIT-2026-02-001,2026-02-05,2026-02-05,AMAT,Applied Materials,True,True,2021-01-04,2026-04-30,True,,True,True,True
AIT-2026-02-001,2026-02-05,2026-02-05,APP,AppLovin,True,False,2021-04-15,2026-04-30,True,,True,True,True
AIT-2026-02-001,2026-02-05,2026-02-05,ARM,Arm Holdings,True,False,2023-09-14,2026-04-30,True,,True,True,True
AIT-2026-02-001,2026-02-05,2026-02-05,ASML,ASML Holding,True,True,2021-01-04,2026-04-30,True,,True,True,True
AIT-2026-02-001,2026-02-05,2026-02-05,ADSK,Autodesk,True,False,2021-01-04,2026-04-30,True,,True,True,True
AIT-2026-02-001,2026-02-05,2026-02-05,AVGO,Broadcom,True,True,2021-01-04,2026-04-30,True,,True,True,True
AIT-2026-02-001,2026-02-05,2026-02-05,CDNS,Cadence Design Systems,True,False,2021-01-04,2026-04-30,True,,True,True,True
AIT-2026-02-001,2026-02-05,2026-02-05,CTSH,Cognizant Technology Solutions Corporation,True,False,2021-01-04,2026-04-30,True,,True,True,True
AIT-2026-02-001,2026-02-05,2026-02-05,CRWD,CrowdStrike,True,False,2021-01-04,2026-04-30,True,,True,True,True
AIT-2026-02-001,2026-02-05,2026-02-05,DDOG,Datadog,True,False,2021-01-04,2026-04-30,True,,True,True,True
AIT-2026-02-001,2026-02-05,2026-02-05,DASH,DoorDash,True,False,2021-01-04,2026-04-30,True,,True,True,True
AIT-2026-02-001,2026-02-05,2026-02-05,FTNT,Fortinet,True,False,2021-01-04,2026-04-30,True,,True,True,True
AIT-2026-02-001,2026-02-05,2026-02-05,INTC,Intel,True,True,2021-01-04,2026-04-30,True,,True,True,True
AIT-2026-02-001,2026-02-05,2026-02-05,INTU,Intuit,True,False,2021-01-04,2026-04-30,True,,True,True,True
AIT-2026-02-001,2026-02-05,2026-02-05,KLAC,KLA Corporation,True,True,2021-01-04,2026-04-30,True,,True,True,True
AIT-2026-02-001,2026-02-05,2026-02-05,LRCX,Lam Research,True,True,2021-01-04,2026-04-30,True,,True,True,True
AIT-2026-02-001,2026-02-05,2026-02-05,MRVL,Marvell Technology,True,True,2021-01-04,2026-04-30,True,,True,True,True
AIT-2026-02-001,2026-02-05,2026-02-05,META,Meta Platforms,True,False,2021-01-04,2026-04-30,True,,True,True,True
AIT-2026-02-001,2026-02-05,2026-02-05,MCHP,Microchip Technology,True,True,2021-01-04,2026-04-30,True,,True,True,True
AIT-2026-02-001,2026-02-05,2026-02-05,MU,Micron Technology,True,True,2021-01-04,2026-04-30,True,,True,True,True
AIT-2026-02-001,2026-02-05,2026-02-05,MSFT,Microsoft,True,False,2021-01-04,2026-04-30,True,,True,True,True
AIT-2026-02-001,2026-02-05,2026-02-05,MPWR,Monolithic Power Systems,True,True,2021-01-04,2026-04-30,True,,True,True,True
AIT-2026-02-001,2026-02-05,2026-02-05,NVDA,Nvidia,True,True,2021-01-04,2026-04-30,True,,True,True,True
AIT-2026-02-001,2026-02-05,2026-02-05,NXPI,NXP Semiconductors,True,True,2021-01-04,2026-04-30,True,,True,True,True
AIT-2026-02-001,2026-02-05,2026-02-05,PLTR,Palantir Technologies,True,False,2021-01-04,2026-04-30,True,,True,True,True
AIT-2026-02-001,2026-02-05,2026-02-05,PANW,Palo Alto Networks,True,False,2021-01-04,2026-04-30,True,,True,True,True
AIT-2026-02-001,2026-02-05,2026-02-05,PDD,PDD Holdings,True,False,2021-01-04,2026-04-30,True,,True,True,True
AIT-2026-02-001,2026-02-05,2026-02-05,QCOM,Qualcomm,True,True,2021-01-04,2026-04-30,True,,True,True,True
AIT-2026-02-001,2026-02-05,2026-02-05,ROP,Roper Technologies,True,False,2021-01-04,2026-04-30,True,,True,True,True
AIT-2026-02-001,2026-02-05,2026-02-05,SNDK,Sandisk,True,False,2025-02-13,2026-04-30,True,,True,True,True
AIT-2026-02-001,2026-02-05,2026-02-05,STX,Seagate Technology,True,False,2021-01-04,2026-04-30,True,,True,True,True
AIT-2026-02-001,2026-02-05,2026-02-05,SHOP,Shopify,True,False,2021-01-04,2026-04-30,True,,True,True,True
AIT-2026-02-001,2026-02-05,2026-02-05,MSTR,MicroStrategy,True,False,2021-01-04,2026-04-30,True,,True,True,True
AIT-2026-02-001,2026-02-05,2026-02-05,SNPS,Synopsys,True,False,2021-01-04,2026-04-30,True,,True,True,True
AIT-2026-02-001,2026-02-05,2026-02-05,TXN,Texas Instruments,True,True,2021-01-04,2026-04-30,True,,True,True,True
AIT-2026-02-001,2026-02-05,2026-02-05,TRI,Thomson Reuters,True,False,2021-01-04,2026-04-30,True,,True,True,True
AIT-2026-02-001,2026-02-05,2026-02-05,WDC,Western Digital,True,False,2021-01-04,2026-04-30,True,,True,True,True
AIT-2026-02-001,2026-02-05,2026-02-05,WDAY,"Workday, Inc.",True,False,2021-01-04,2026-04-30,True,,True,True,True
AIT-2026-02-001,2026-02-05,2026-02-05,ZS,"Zscaler, Inc.",True,False,2021-01-04,2026-04-30,True,,True,True,True
AIT-2026-02-002,2026-02-05,2026-02-05,ADBE,Adobe Inc.,True,False,2021-01-04,2026-04-30,True,,True,True,True
AIT-2026-02-002,2026-02-05,2026-02-05,AMD,Advanced Micro Devices,True,True,2021-01-04,2026-04-30,True,,True,True,True
AIT-2026-02-002,2026-02-05,2026-02-05,GOOGL,Alphabet Inc. (Class A),True,False,2021-01-04,2026-04-30,True,,True,True,True
AIT-2026-02-002,2026-02-05,2026-02-05,GOOG,Alphabet Inc. (Class C),True,False,2021-01-04,2026-04-30,True,,True,True,True
AIT-2026-02-002,2026-02-05,2026-02-05,ADI,Analog Devices,True,True,2021-01-04,2026-04-30,True,,True,True,True
AIT-2026-02-002,2026-02-05,2026-02-05,AAPL,Apple Inc.,True,False,2021-01-04,2026-04-30,True,,True,True,True
AIT-2026-02-002,2026-02-05,2026-02-05,AMAT,Applied Materials,True,True,2021-01-04,2026-04-30,True,,True,True,True
AIT-2026-02-002,2026-02-05,2026-02-05,APP,AppLovin,True,False,2021-04-15,2026-04-30,True,,True,True,True
AIT-2026-02-002,2026-02-05,2026-02-05,ARM,Arm Holdings,True,False,2023-09-14,2026-04-30,True,,True,True,True
AIT-2026-02-002,2026-02-05,2026-02-05,ASML,ASML Holding,True,True,2021-01-04,2026-04-30,True,,True,True,True
AIT-2026-02-002,2026-02-05,2026-02-05,ADSK,Autodesk,True,False,2021-01-04,2026-04-30,True,,True,True,True
AIT-2026-02-002,2026-02-05,2026-02-05,AVGO,Broadcom,True,True,2021-01-04,2026-04-30,True,,True,True,True
AIT-2026-02-002,2026-02-05,2026-02-05,CDNS,Cadence Design Systems,True,False,2021-01-04,2026-04-30,True,,True,True,True
AIT-2026-02-002,2026-02-05,2026-02-05,CTSH,Cognizant Technology Solutions Corporation,True,False,2021-01-04,2026-04-30,True,,True,True,True
AIT-2026-02-002,2026-02-05,2026-02-05,CRWD,CrowdStrike,True,False,2021-01-04,2026-04-30,True,,True,True,True
AIT-2026-02-002,2026-02-05,2026-02-05,DDOG,Datadog,True,False,2021-01-04,2026-04-30,True,,True,True,True
AIT-2026-02-002,2026-02-05,2026-02-05,DASH,DoorDash,True,False,2021-01-04,2026-04-30,True,,True,True,True
AIT-2026-02-002,2026-02-05,2026-02-05,FTNT,Fortinet,True,False,2021-01-04,2026-04-30,True,,True,True,True
AIT-2026-02-002,2026-02-05,2026-02-05,INTC,Intel,True,True,2021-01-04,2026-04-30,True,,True,True,True
AIT-2026-02-002,2026-02-05,2026-02-05,INTU,Intuit,True,False,2021-01-04,2026-04-30,True,,True,True,True
AIT-2026-02-002,2026-02-05,2026-02-05,KLAC,KLA Corporation,True,True,2021-01-04,2026-04-30,True,,True,True,True
AIT-2026-02-002,2026-02-05,2026-02-05,LRCX,Lam Research,True,True,2021-01-04,2026-04-30,True,,True,True,True
AIT-2026-02-002,2026-02-05,2026-02-05,MRVL,Marvell Technology,True,True,2021-01-04,2026-04-30,True,,True,True,True
AIT-2026-02-002,2026-02-05,2026-02-05,META,Meta Platforms,True,False,2021-01-04,2026-04-30,True,,True,True,True
AIT-2026-02-002,2026-02-05,2026-02-05,MCHP,Microchip Technology,True,True,2021-01-04,2026-04-30,True,,True,True,True
AIT-2026-02-002,2026-02-05,2026-02-05,MU,Micron Technology,True,True,2021-01-04,2026-04-30,True,,True,True,True
AIT-2026-02-002,2026-02-05,2026-02-05,MSFT,Microsoft,True,False,2021-01-04,2026-04-30,True,,True,True,True
AIT-2026-02-002,2026-02-05,2026-02-05,MPWR,Monolithic Power Systems,True,True,2021-01-04,2026-04-30,True,,True,True,True
AIT-2026-02-002,2026-02-05,2026-02-05,NVDA,Nvidia,True,True,2021-01-04,2026-04-30,True,,True,True,True
AIT-2026-02-002,2026-02-05,2026-02-05,NXPI,NXP Semiconductors,True,True,2021-01-04,2026-04-30,True,,True,True,True
AIT-2026-02-002,2026-02-05,2026-02-05,PLTR,Palantir Technologies,True,False,2021-01-04,2026-04-30,True,,True,True,True
AIT-2026-02-002,2026-02-05,2026-02-05,PANW,Palo Alto Networks,True,False,2021-01-04,2026-04-30,True,,True,True,True
AIT-2026-02-002,2026-02-05,2026-02-05,PDD,PDD Holdings,True,False,2021-01-04,2026-04-30,True,,True,True,True
AIT-2026-02-002,2026-02-05,2026-02-05,QCOM,Qualcomm,True,True,2021-01-04,2026-04-30,True,,True,True,True
AIT-2026-02-002,2026-02-05,2026-02-05,ROP,Roper Technologies,True,False,2021-01-04,2026-04-30,True,,True,True,True
AIT-2026-02-002,2026-02-05,2026-02-05,SNDK,Sandisk,True,False,2025-02-13,2026-04-30,True,,True,True,True
AIT-2026-02-002,2026-02-05,2026-02-05,STX,Seagate Technology,True,False,2021-01-04,2026-04-30,True,,True,True,True
AIT-2026-02-002,2026-02-05,2026-02-05,SHOP,Shopify,True,False,2021-01-04,2026-04-30,True,,True,True,True
AIT-2026-02-002,2026-02-05,2026-02-05,MSTR,MicroStrategy,True,False,2021-01-04,2026-04-30,True,,True,True,True
AIT-2026-02-002,2026-02-05,2026-02-05,SNPS,Synopsys,True,False,2021-01-04,2026-04-30,True,,True,True,True
AIT-2026-02-002,2026-02-05,2026-02-05,TXN,Texas Instruments,True,True,2021-01-04,2026-04-30,True,,True,True,True
AIT-2026-02-002,2026-02-05,2026-02-05,TRI,Thomson Reuters,True,False,2021-01-04,2026-04-30,True,,True,True,True
AIT-2026-02-002,2026-02-05,2026-02-05,WDC,Western Digital,True,False,2021-01-04,2026-04-30,True,,True,True,True
AIT-2026-02-002,2026-02-05,2026-02-05,WDAY,"Workday, Inc.",True,False,2021-01-04,2026-04-30,True,,True,True,True
AIT-2026-02-002,2026-02-05,2026-02-05,ZS,"Zscaler, Inc.",True,False,2021-01-04,2026-04-30,True,,True,True,True
AIT-2026-02-005,2026-02-11,2026-02-11,ADBE,Adobe Inc.,True,False,2021-01-04,2026-04-30,True,,True,True,True
AIT-2026-02-005,2026-02-11,2026-02-11,AMD,Advanced Micro Devices,True,True,2021-01-04,2026-04-30,True,,True,True,True
AIT-2026-02-005,2026-02-11,2026-02-11,GOOGL,Alphabet Inc. (Class A),True,False,2021-01-04,2026-04-30,True,,True,True,True
AIT-2026-02-005,2026-02-11,2026-02-11,GOOG,Alphabet Inc. (Class C),True,False,2021-01-04,2026-04-30,True,,True,True,True
AIT-2026-02-005,2026-02-11,2026-02-11,ADI,Analog Devices,True,True,2021-01-04,2026-04-30,True,,True,True,True
AIT-2026-02-005,2026-02-11,2026-02-11,AAPL,Apple Inc.,True,False,2021-01-04,2026-04-30,True,,True,True,True
AIT-2026-02-005,2026-02-11,2026-02-11,AMAT,Applied Materials,True,True,2021-01-04,2026-04-30,True,,True,True,True
AIT-2026-02-005,2026-02-11,2026-02-11,APP,AppLovin,True,False,2021-04-15,2026-04-30,True,,True,True,True
AIT-2026-02-005,2026-02-11,2026-02-11,ARM,Arm Holdings,True,False,2023-09-14,2026-04-30,True,,True,True,True
AIT-2026-02-005,2026-02-11,2026-02-11,ASML,ASML Holding,True,True,2021-01-04,2026-04-30,True,,True,True,True
AIT-2026-02-005,2026-02-11,2026-02-11,ADSK,Autodesk,True,False,2021-01-04,2026-04-30,True,,True,True,True
AIT-2026-02-005,2026-02-11,2026-02-11,AVGO,Broadcom,True,True,2021-01-04,2026-04-30,True,,True,True,True
AIT-2026-02-005,2026-02-11,2026-02-11,CDNS,Cadence Design Systems,True,False,2021-01-04,2026-04-30,True,,True,True,True
AIT-2026-02-005,2026-02-11,2026-02-11,CTSH,Cognizant Technology Solutions Corporation,True,False,2021-01-04,2026-04-30,True,,True,True,True
AIT-2026-02-005,2026-02-11,2026-02-11,CRWD,CrowdStrike,True,False,2021-01-04,2026-04-30,True,,True,True,True
AIT-2026-02-005,2026-02-11,2026-02-11,DDOG,Datadog,True,False,2021-01-04,2026-04-30,True,,True,True,True
AIT-2026-02-005,2026-02-11,2026-02-11,DASH,DoorDash,True,False,2021-01-04,2026-04-30,True,,True,True,True
AIT-2026-02-005,2026-02-11,2026-02-11,FTNT,Fortinet,True,False,2021-01-04,2026-04-30,True,,True,True,True
AIT-2026-02-005,2026-02-11,2026-02-11,INTC,Intel,True,True,2021-01-04,2026-04-30,True,,True,True,True
AIT-2026-02-005,2026-02-11,2026-02-11,INTU,Intuit,True,False,2021-01-04,2026-04-30,True,,True,True,True
AIT-2026-02-005,2026-02-11,2026-02-11,KLAC,KLA Corporation,True,True,2021-01-04,2026-04-30,True,,True,True,True
AIT-2026-02-005,2026-02-11,2026-02-11,LRCX,Lam Research,True,True,2021-01-04,2026-04-30,True,,True,True,True
AIT-2026-02-005,2026-02-11,2026-02-11,MRVL,Marvell Technology,True,True,2021-01-04,2026-04-30,True,,True,True,True
AIT-2026-02-005,2026-02-11,2026-02-11,META,Meta Platforms,True,False,2021-01-04,2026-04-30,True,,True,True,True
AIT-2026-02-005,2026-02-11,2026-02-11,MCHP,Microchip Technology,True,True,2021-01-04,2026-04-30,True,,True,True,True
AIT-2026-02-005,2026-02-11,2026-02-11,MU,Micron Technology,True,True,2021-01-04,2026-04-30,True,,True,True,True
AIT-2026-02-005,2026-02-11,2026-02-11,MSFT,Microsoft,True,False,2021-01-04,2026-04-30,True,,True,True,True
AIT-2026-02-005,2026-02-11,2026-02-11,MPWR,Monolithic Power Systems,True,True,2021-01-04,2026-04-30,True,,True,True,True
AIT-2026-02-005,2026-02-11,2026-02-11,NVDA,Nvidia,True,True,2021-01-04,2026-04-30,True,,True,True,True
AIT-2026-02-005,2026-02-11,2026-02-11,NXPI,NXP Semiconductors,True,True,2021-01-04,2026-04-30,True,,True,True,True
AIT-2026-02-005,2026-02-11,2026-02-11,PLTR,Palantir Technologies,True,False,2021-01-04,2026-04-30,True,,True,True,True
AIT-2026-02-005,2026-02-11,2026-02-11,PANW,Palo Alto Networks,True,False,2021-01-04,2026-04-30,True,,True,True,True
AIT-2026-02-005,2026-02-11,2026-02-11,PDD,PDD Holdings,True,False,2021-01-04,2026-04-30,True,,True,True,True
AIT-2026-02-005,2026-02-11,2026-02-11,QCOM,Qualcomm,True,True,2021-01-04,2026-04-30,True,,True,True,True
AIT-2026-02-005,2026-02-11,2026-02-11,ROP,Roper Technologies,True,False,2021-01-04,2026-04-30,True,,True,True,True
AIT-2026-02-005,2026-02-11,2026-02-11,SNDK,Sandisk,True,False,2025-02-13,2026-04-30,True,,True,True,True
AIT-2026-02-005,2026-02-11,2026-02-11,STX,Seagate Technology,True,False,2021-01-04,2026-04-30,True,,True,True,True
AIT-2026-02-005,2026-02-11,2026-02-11,SHOP,Shopify,True,False,2021-01-04,2026-04-30,True,,True,True,True
AIT-2026-02-005,2026-02-11,2026-02-11,MSTR,MicroStrategy,True,False,2021-01-04,2026-04-30,True,,True,True,True
AIT-2026-02-005,2026-02-11,2026-02-11,SNPS,Synopsys,True,False,2021-01-04,2026-04-30,True,,True,True,True
AIT-2026-02-005,2026-02-11,2026-02-11,TXN,Texas Instruments,True,True,2021-01-04,2026-04-30,True,,True,True,True
AIT-2026-02-005,2026-02-11,2026-02-11,TRI,Thomson Reuters,True,False,2021-01-04,2026-04-30,True,,True,True,True
AIT-2026-02-005,2026-02-11,2026-02-11,WDC,Western Digital,True,False,2021-01-04,2026-04-30,True,,True,True,True
AIT-2026-02-005,2026-02-11,2026-02-11,WDAY,"Workday, Inc.",True,False,2021-01-04,2026-04-30,True,,True,True,True
AIT-2026-02-005,2026-02-11,2026-02-11,ZS,"Zscaler, Inc.",True,False,2021-01-04,2026-04-30,True,,True,True,True
AIT-2026-02-006,2026-03-10,2026-03-10,ADBE,Adobe Inc.,True,False,2021-01-04,2026-04-30,True,,True,True,True
AIT-2026-02-006,2026-03-10,2026-03-10,AMD,Advanced Micro Devices,True,True,2021-01-04,2026-04-30,True,,True,True,True
AIT-2026-02-006,2026-03-10,2026-03-10,GOOGL,Alphabet Inc. (Class A),True,False,2021-01-04,2026-04-30,True,,True,True,True
AIT-2026-02-006,2026-03-10,2026-03-10,GOOG,Alphabet Inc. (Class C),True,False,2021-01-04,2026-04-30,True,,True,True,True
AIT-2026-02-006,2026-03-10,2026-03-10,ADI,Analog Devices,True,True,2021-01-04,2026-04-30,True,,True,True,True
AIT-2026-02-006,2026-03-10,2026-03-10,AAPL,Apple Inc.,True,False,2021-01-04,2026-04-30,True,,True,True,True
AIT-2026-02-006,2026-03-10,2026-03-10,AMAT,Applied Materials,True,True,2021-01-04,2026-04-30,True,,True,True,True
AIT-2026-02-006,2026-03-10,2026-03-10,APP,AppLovin,True,False,2021-04-15,2026-04-30,True,,True,True,True
AIT-2026-02-006,2026-03-10,2026-03-10,ARM,Arm Holdings,True,False,2023-09-14,2026-04-30,True,,True,True,True
AIT-2026-02-006,2026-03-10,2026-03-10,ASML,ASML Holding,True,True,2021-01-04,2026-04-30,True,,True,True,True
AIT-2026-02-006,2026-03-10,2026-03-10,ADSK,Autodesk,True,False,2021-01-04,2026-04-30,True,,True,True,True
AIT-2026-02-006,2026-03-10,2026-03-10,AVGO,Broadcom,True,True,2021-01-04,2026-04-30,True,,True,True,True
AIT-2026-02-006,2026-03-10,2026-03-10,CDNS,Cadence Design Systems,True,False,2021-01-04,2026-04-30,True,,True,True,True
AIT-2026-02-006,2026-03-10,2026-03-10,CTSH,Cognizant Technology Solutions Corporation,True,False,2021-01-04,2026-04-30,True,,True,True,True
AIT-2026-02-006,2026-03-10,2026-03-10,CRWD,CrowdStrike,True,False,2021-01-04,2026-04-30,True,,True,True,True
AIT-2026-02-006,2026-03-10,2026-03-10,DDOG,Datadog,True,False,2021-01-04,2026-04-30,True,,True,True,True
AIT-2026-02-006,2026-03-10,2026-03-10,DASH,DoorDash,True,False,2021-01-04,2026-04-30,True,,True,True,True
AIT-2026-02-006,2026-03-10,2026-03-10,FTNT,Fortinet,True,False,2021-01-04,2026-04-30,True,,True,True,True
AIT-2026-02-006,2026-03-10,2026-03-10,INTC,Intel,True,True,2021-01-04,2026-04-30,True,,True,True,True
AIT-2026-02-006,2026-03-10,2026-03-10,INTU,Intuit,True,False,2021-01-04,2026-04-30,True,,True,True,True
AIT-2026-02-006,2026-03-10,2026-03-10,KLAC,KLA Corporation,True,True,2021-01-04,2026-04-30,True,,True,True,True
AIT-2026-02-006,2026-03-10,2026-03-10,LRCX,Lam Research,True,True,2021-01-04,2026-04-30,True,,True,True,True
AIT-2026-02-006,2026-03-10,2026-03-10,MRVL,Marvell Technology,True,True,2021-01-04,2026-04-30,True,,True,True,True
AIT-2026-02-006,2026-03-10,2026-03-10,META,Meta Platforms,True,False,2021-01-04,2026-04-30,True,,True,True,True
AIT-2026-02-006,2026-03-10,2026-03-10,MCHP,Microchip Technology,True,True,2021-01-04,2026-04-30,True,,True,True,True
AIT-2026-02-006,2026-03-10,2026-03-10,MU,Micron Technology,True,True,2021-01-04,2026-04-30,True,,True,True,True
AIT-2026-02-006,2026-03-10,2026-03-10,MSFT,Microsoft,True,False,2021-01-04,2026-04-30,True,,True,True,True
AIT-2026-02-006,2026-03-10,2026-03-10,MPWR,Monolithic Power Systems,True,True,2021-01-04,2026-04-30,True,,True,True,True
AIT-2026-02-006,2026-03-10,2026-03-10,NVDA,Nvidia,True,True,2021-01-04,2026-04-30,True,,True,True,True
AIT-2026-02-006,2026-03-10,2026-03-10,NXPI,NXP Semiconductors,True,True,2021-01-04,2026-04-30,True,,True,True,True
AIT-2026-02-006,2026-03-10,2026-03-10,PLTR,Palantir Technologies,True,False,2021-01-04,2026-04-30,True,,True,True,True
AIT-2026-02-006,2026-03-10,2026-03-10,PANW,Palo Alto Networks,True,False,2021-01-04,2026-04-30,True,,True,True,True
AIT-2026-02-006,2026-03-10,2026-03-10,PDD,PDD Holdings,True,False,2021-01-04,2026-04-30,True,,True,True,True
AIT-2026-02-006,2026-03-10,2026-03-10,QCOM,Qualcomm,True,True,2021-01-04,2026-04-30,True,,True,True,True
AIT-2026-02-006,2026-03-10,2026-03-10,ROP,Roper Technologies,True,False,2021-01-04,2026-04-30,True,,True,True,True
AIT-2026-02-006,2026-03-10,2026-03-10,SNDK,Sandisk,True,False,2025-02-13,2026-04-30,True,,True,True,True
AIT-2026-02-006,2026-03-10,2026-03-10,STX,Seagate Technology,True,False,2021-01-04,2026-04-30,True,,True,True,True
AIT-2026-02-006,2026-03-10,2026-03-10,SHOP,Shopify,True,False,2021-01-04,2026-04-30,True,,True,True,True
AIT-2026-02-006,2026-03-10,2026-03-10,MSTR,MicroStrategy,True,False,2021-01-04,2026-04-30,True,,True,True,True
AIT-2026-02-006,2026-03-10,2026-03-10,SNPS,Synopsys,True,False,2021-01-04,2026-04-30,True,,True,True,True
AIT-2026-02-006,2026-03-10,2026-03-10,TXN,Texas Instruments,True,True,2021-01-04,2026-04-30,True,,True,True,True
AIT-2026-02-006,2026-03-10,2026-03-10,TRI,Thomson Reuters,True,False,2021-01-04,2026-04-30,True,,True,True,True
AIT-2026-02-006,2026-03-10,2026-03-10,WDC,Western Digital,True,False,2021-01-04,2026-04-30,True,,True,True,True
AIT-2026-02-006,2026-03-10,2026-03-10,WDAY,"Workday, Inc.",True,False,2021-01-04,2026-04-30,True,,True,True,True
AIT-2026-02-006,2026-03-10,2026-03-10,ZS,"Zscaler, Inc.",True,False,2021-01-04,2026-04-30,True,,True,True,True
AIT-2026-02-008,2026-02-26,2026-02-26,ADBE,Adobe Inc.,True,False,2021-01-04,2026-04-30,True,,True,True,True
AIT-2026-02-008,2026-02-26,2026-02-26,AMD,Advanced Micro Devices,True,True,2021-01-04,2026-04-30,True,,True,True,True
AIT-2026-02-008,2026-02-26,2026-02-26,GOOGL,Alphabet Inc. (Class A),True,False,2021-01-04,2026-04-30,True,,True,True,True
AIT-2026-02-008,2026-02-26,2026-02-26,GOOG,Alphabet Inc. (Class C),True,False,2021-01-04,2026-04-30,True,,True,True,True
AIT-2026-02-008,2026-02-26,2026-02-26,ADI,Analog Devices,True,True,2021-01-04,2026-04-30,True,,True,True,True
AIT-2026-02-008,2026-02-26,2026-02-26,AAPL,Apple Inc.,True,False,2021-01-04,2026-04-30,True,,True,True,True
AIT-2026-02-008,2026-02-26,2026-02-26,AMAT,Applied Materials,True,True,2021-01-04,2026-04-30,True,,True,True,True
AIT-2026-02-008,2026-02-26,2026-02-26,APP,AppLovin,True,False,2021-04-15,2026-04-30,True,,True,True,True
AIT-2026-02-008,2026-02-26,2026-02-26,ARM,Arm Holdings,True,False,2023-09-14,2026-04-30,True,,True,True,True
AIT-2026-02-008,2026-02-26,2026-02-26,ASML,ASML Holding,True,True,2021-01-04,2026-04-30,True,,True,True,True
AIT-2026-02-008,2026-02-26,2026-02-26,ADSK,Autodesk,True,False,2021-01-04,2026-04-30,True,,True,True,True
AIT-2026-02-008,2026-02-26,2026-02-26,AVGO,Broadcom,True,True,2021-01-04,2026-04-30,True,,True,True,True
AIT-2026-02-008,2026-02-26,2026-02-26,CDNS,Cadence Design Systems,True,False,2021-01-04,2026-04-30,True,,True,True,True
AIT-2026-02-008,2026-02-26,2026-02-26,CTSH,Cognizant Technology Solutions Corporation,True,False,2021-01-04,2026-04-30,True,,True,True,True
AIT-2026-02-008,2026-02-26,2026-02-26,CRWD,CrowdStrike,True,False,2021-01-04,2026-04-30,True,,True,True,True
AIT-2026-02-008,2026-02-26,2026-02-26,DDOG,Datadog,True,False,2021-01-04,2026-04-30,True,,True,True,True
AIT-2026-02-008,2026-02-26,2026-02-26,DASH,DoorDash,True,False,2021-01-04,2026-04-30,True,,True,True,True
AIT-2026-02-008,2026-02-26,2026-02-26,FTNT,Fortinet,True,False,2021-01-04,2026-04-30,True,,True,True,True
AIT-2026-02-008,2026-02-26,2026-02-26,INTC,Intel,True,True,2021-01-04,2026-04-30,True,,True,True,True
AIT-2026-02-008,2026-02-26,2026-02-26,INTU,Intuit,True,False,2021-01-04,2026-04-30,True,,True,True,True
AIT-2026-02-008,2026-02-26,2026-02-26,KLAC,KLA Corporation,True,True,2021-01-04,2026-04-30,True,,True,True,True
AIT-2026-02-008,2026-02-26,2026-02-26,LRCX,Lam Research,True,True,2021-01-04,2026-04-30,True,,True,True,True
AIT-2026-02-008,2026-02-26,2026-02-26,MRVL,Marvell Technology,True,True,2021-01-04,2026-04-30,True,,True,True,True
AIT-2026-02-008,2026-02-26,2026-02-26,META,Meta Platforms,True,False,2021-01-04,2026-04-30,True,,True,True,True
AIT-2026-02-008,2026-02-26,2026-02-26,MCHP,Microchip Technology,True,True,2021-01-04,2026-04-30,True,,True,True,True
AIT-2026-02-008,2026-02-26,2026-02-26,MU,Micron Technology,True,True,2021-01-04,2026-04-30,True,,True,True,True
AIT-2026-02-008,2026-02-26,2026-02-26,MSFT,Microsoft,True,False,2021-01-04,2026-04-30,True,,True,True,True
AIT-2026-02-008,2026-02-26,2026-02-26,MPWR,Monolithic Power Systems,True,True,2021-01-04,2026-04-30,True,,True,True,True
AIT-2026-02-008,2026-02-26,2026-02-26,NVDA,Nvidia,True,True,2021-01-04,2026-04-30,True,,True,True,True
AIT-2026-02-008,2026-02-26,2026-02-26,NXPI,NXP Semiconductors,True,True,2021-01-04,2026-04-30,True,,True,True,True
AIT-2026-02-008,2026-02-26,2026-02-26,PLTR,Palantir Technologies,True,False,2021-01-04,2026-04-30,True,,True,True,True
AIT-2026-02-008,2026-02-26,2026-02-26,PANW,Palo Alto Networks,True,False,2021-01-04,2026-04-30,True,,True,True,True
AIT-2026-02-008,2026-02-26,2026-02-26,PDD,PDD Holdings,True,False,2021-01-04,2026-04-30,True,,True,True,True
AIT-2026-02-008,2026-02-26,2026-02-26,QCOM,Qualcomm,True,True,2021-01-04,2026-04-30,True,,True,True,True
AIT-2026-02-008,2026-02-26,2026-02-26,ROP,Roper Technologies,True,False,2021-01-04,2026-04-30,True,,True,True,True
AIT-2026-02-008,2026-02-26,2026-02-26,SNDK,Sandisk,True,False,2025-02-13,2026-04-30,True,,True,True,True
AIT-2026-02-008,2026-02-26,2026-02-26,STX,Seagate Technology,True,False,2021-01-04,2026-04-30,True,,True,True,True
AIT-2026-02-008,2026-02-26,2026-02-26,SHOP,Shopify,True,False,2021-01-04,2026-04-30,True,,True,True,True
AIT-2026-02-008,2026-02-26,2026-02-26,MSTR,MicroStrategy,True,False,2021-01-04,2026-04-30,True,,True,True,True
AIT-2026-02-008,2026-02-26,2026-02-26,SNPS,Synopsys,True,False,2021-01-04,2026-04-30,True,,True,True,True
AIT-2026-02-008,2026-02-26,2026-02-26,TXN,Texas Instruments,True,True,2021-01-04,2026-04-30,True,,True,True,True
AIT-2026-02-008,2026-02-26,2026-02-26,TRI,Thomson Reuters,True,False,2021-01-04,2026-04-30,True,,True,True,True
AIT-2026-02-008,2026-02-26,2026-02-26,WDC,Western Digital,True,False,2021-01-04,2026-04-30,True,,True,True,True
AIT-2026-02-008,2026-02-26,2026-02-26,WDAY,"Workday, Inc.",True,False,2021-01-04,2026-04-30,True,,True,True,True
AIT-2026-02-008,2026-02-26,2026-02-26,ZS,"Zscaler, Inc.",True,False,2021-01-04,2026-04-30,True,,True,True,True
AIT-2026-03-002,2026-03-05,2026-03-05,ADBE,Adobe Inc.,True,False,2021-01-04,2026-04-30,True,,True,True,True
AIT-2026-03-002,2026-03-05,2026-03-05,AMD,Advanced Micro Devices,True,True,2021-01-04,2026-04-30,True,,True,True,True
AIT-2026-03-002,2026-03-05,2026-03-05,GOOGL,Alphabet Inc. (Class A),True,False,2021-01-04,2026-04-30,True,,True,True,True
AIT-2026-03-002,2026-03-05,2026-03-05,GOOG,Alphabet Inc. (Class C),True,False,2021-01-04,2026-04-30,True,,True,True,True
AIT-2026-03-002,2026-03-05,2026-03-05,ADI,Analog Devices,True,True,2021-01-04,2026-04-30,True,,True,True,True
AIT-2026-03-002,2026-03-05,2026-03-05,AAPL,Apple Inc.,True,False,2021-01-04,2026-04-30,True,,True,True,True
AIT-2026-03-002,2026-03-05,2026-03-05,AMAT,Applied Materials,True,True,2021-01-04,2026-04-30,True,,True,True,True
AIT-2026-03-002,2026-03-05,2026-03-05,APP,AppLovin,True,False,2021-04-15,2026-04-30,True,,True,True,True
AIT-2026-03-002,2026-03-05,2026-03-05,ARM,Arm Holdings,True,False,2023-09-14,2026-04-30,True,,True,True,True
AIT-2026-03-002,2026-03-05,2026-03-05,ASML,ASML Holding,True,True,2021-01-04,2026-04-30,True,,True,True,True
AIT-2026-03-002,2026-03-05,2026-03-05,ADSK,Autodesk,True,False,2021-01-04,2026-04-30,True,,True,True,True
AIT-2026-03-002,2026-03-05,2026-03-05,AVGO,Broadcom,True,True,2021-01-04,2026-04-30,True,,True,True,True
AIT-2026-03-002,2026-03-05,2026-03-05,CDNS,Cadence Design Systems,True,False,2021-01-04,2026-04-30,True,,True,True,True
AIT-2026-03-002,2026-03-05,2026-03-05,CTSH,Cognizant Technology Solutions Corporation,True,False,2021-01-04,2026-04-30,True,,True,True,True
AIT-2026-03-002,2026-03-05,2026-03-05,CRWD,CrowdStrike,True,False,2021-01-04,2026-04-30,True,,True,True,True
AIT-2026-03-002,2026-03-05,2026-03-05,DDOG,Datadog,True,False,2021-01-04,2026-04-30,True,,True,True,True
AIT-2026-03-002,2026-03-05,2026-03-05,DASH,DoorDash,True,False,2021-01-04,2026-04-30,True,,True,True,True
AIT-2026-03-002,2026-03-05,2026-03-05,FTNT,Fortinet,True,False,2021-01-04,2026-04-30,True,,True,True,True
AIT-2026-03-002,2026-03-05,2026-03-05,INTC,Intel,True,True,2021-01-04,2026-04-30,True,,True,True,True
AIT-2026-03-002,2026-03-05,2026-03-05,INTU,Intuit,True,False,2021-01-04,2026-04-30,True,,True,True,True
AIT-2026-03-002,2026-03-05,2026-03-05,KLAC,KLA Corporation,True,True,2021-01-04,2026-04-30,True,,True,True,True
AIT-2026-03-002,2026-03-05,2026-03-05,LRCX,Lam Research,True,True,2021-01-04,2026-04-30,True,,True,True,True
AIT-2026-03-002,2026-03-05,2026-03-05,MRVL,Marvell Technology,True,True,2021-01-04,2026-04-30,True,,True,True,True
AIT-2026-03-002,2026-03-05,2026-03-05,META,Meta Platforms,True,False,2021-01-04,2026-04-30,True,,True,True,True
AIT-2026-03-002,2026-03-05,2026-03-05,MCHP,Microchip Technology,True,True,2021-01-04,2026-04-30,True,,True,True,True
AIT-2026-03-002,2026-03-05,2026-03-05,MU,Micron Technology,True,True,2021-01-04,2026-04-30,True,,True,True,True
AIT-2026-03-002,2026-03-05,2026-03-05,MSFT,Microsoft,True,False,2021-01-04,2026-04-30,True,,True,True,True
AIT-2026-03-002,2026-03-05,2026-03-05,MPWR,Monolithic Power Systems,True,True,2021-01-04,2026-04-30,True,,True,True,True
AIT-2026-03-002,2026-03-05,2026-03-05,NVDA,Nvidia,True,True,2021-01-04,2026-04-30,True,,True,True,True
AIT-2026-03-002,2026-03-05,2026-03-05,NXPI,NXP Semiconductors,True,True,2021-01-04,2026-04-30,True,,True,True,True
AIT-2026-03-002,2026-03-05,2026-03-05,PLTR,Palantir Technologies,True,False,2021-01-04,2026-04-30,True,,True,True,True
AIT-2026-03-002,2026-03-05,2026-03-05,PANW,Palo Alto Networks,True,False,2021-01-04,2026-04-30,True,,True,True,True
AIT-2026-03-002,2026-03-05,2026-03-05,PDD,PDD Holdings,True,False,2021-01-04,2026-04-30,True,,True,True,True
AIT-2026-03-002,2026-03-05,2026-03-05,QCOM,Qualcomm,True,True,2021-01-04,2026-04-30,True,,True,True,True
AIT-2026-03-002,2026-03-05,2026-03-05,ROP,Roper Technologies,True,False,2021-01-04,2026-04-30,True,,True,True,True
AIT-2026-03-002,2026-03-05,2026-03-05,SNDK,Sandisk,True,False,2025-02-13,2026-04-30,True,,True,True,True
AIT-2026-03-002,2026-03-05,2026-03-05,STX,Seagate Technology,True,False,2021-01-04,2026-04-30,True,,True,True,True
AIT-2026-03-002,2026-03-05,2026-03-05,SHOP,Shopify,True,False,2021-01-04,2026-04-30,True,,True,True,True
AIT-2026-03-002,2026-03-05,2026-03-05,MSTR,MicroStrategy,True,False,2021-01-04,2026-04-30,True,,True,True,True
AIT-2026-03-002,2026-03-05,2026-03-05,SNPS,Synopsys,True,False,2021-01-04,2026-04-30,True,,True,True,True
AIT-2026-03-002,2026-03-05,2026-03-05,TXN,Texas Instruments,True,True,2021-01-04,2026-04-30,True,,True,True,True
AIT-2026-03-002,2026-03-05,2026-03-05,TRI,Thomson Reuters,True,False,2021-01-04,2026-04-30,True,,True,True,True
AIT-2026-03-002,2026-03-05,2026-03-05,WDC,Western Digital,True,False,2021-01-04,2026-04-30,True,,True,True,True
AIT-2026-03-002,2026-03-05,2026-03-05,WDAY,"Workday, Inc.",True,False,2021-01-04,2026-04-30,True,,True,True,True
AIT-2026-03-002,2026-03-05,2026-03-05,ZS,"Zscaler, Inc.",True,False,2021-01-04,2026-04-30,True,,True,True,True
AIT-2026-03-003,2026-03-16,2026-03-16,ADBE,Adobe Inc.,True,False,2021-01-04,2026-04-30,True,,True,True,True
AIT-2026-03-003,2026-03-16,2026-03-16,AMD,Advanced Micro Devices,True,True,2021-01-04,2026-04-30,True,,True,True,True
AIT-2026-03-003,2026-03-16,2026-03-16,GOOGL,Alphabet Inc. (Class A),True,False,2021-01-04,2026-04-30,True,,True,True,True
AIT-2026-03-003,2026-03-16,2026-03-16,GOOG,Alphabet Inc. (Class C),True,False,2021-01-04,2026-04-30,True,,True,True,True
AIT-2026-03-003,2026-03-16,2026-03-16,ADI,Analog Devices,True,True,2021-01-04,2026-04-30,True,,True,True,True
AIT-2026-03-003,2026-03-16,2026-03-16,AAPL,Apple Inc.,True,False,2021-01-04,2026-04-30,True,,True,True,True
AIT-2026-03-003,2026-03-16,2026-03-16,AMAT,Applied Materials,True,True,2021-01-04,2026-04-30,True,,True,True,True
AIT-2026-03-003,2026-03-16,2026-03-16,APP,AppLovin,True,False,2021-04-15,2026-04-30,True,,True,True,True
AIT-2026-03-003,2026-03-16,2026-03-16,ARM,Arm Holdings,True,False,2023-09-14,2026-04-30,True,,True,True,True
AIT-2026-03-003,2026-03-16,2026-03-16,ASML,ASML Holding,True,True,2021-01-04,2026-04-30,True,,True,True,True
AIT-2026-03-003,2026-03-16,2026-03-16,ADSK,Autodesk,True,False,2021-01-04,2026-04-30,True,,True,True,True
AIT-2026-03-003,2026-03-16,2026-03-16,AVGO,Broadcom,True,True,2021-01-04,2026-04-30,True,,True,True,True
AIT-2026-03-003,2026-03-16,2026-03-16,CDNS,Cadence Design Systems,True,False,2021-01-04,2026-04-30,True,,True,True,True
AIT-2026-03-003,2026-03-16,2026-03-16,CTSH,Cognizant Technology Solutions Corporation,True,False,2021-01-04,2026-04-30,True,,True,True,True
AIT-2026-03-003,2026-03-16,2026-03-16,CRWD,CrowdStrike,True,False,2021-01-04,2026-04-30,True,,True,True,True
AIT-2026-03-003,2026-03-16,2026-03-16,DDOG,Datadog,True,False,2021-01-04,2026-04-30,True,,True,True,True
AIT-2026-03-003,2026-03-16,2026-03-16,DASH,DoorDash,True,False,2021-01-04,2026-04-30,True,,True,True,True
AIT-2026-03-003,2026-03-16,2026-03-16,FTNT,Fortinet,True,False,2021-01-04,2026-04-30,True,,True,True,True
AIT-2026-03-003,2026-03-16,2026-03-16,INTC,Intel,True,True,2021-01-04,2026-04-30,True,,True,True,True
AIT-2026-03-003,2026-03-16,2026-03-16,INTU,Intuit,True,False,2021-01-04,2026-04-30,True,,True,True,True
AIT-2026-03-003,2026-03-16,2026-03-16,KLAC,KLA Corporation,True,True,2021-01-04,2026-04-30,True,,True,True,True
AIT-2026-03-003,2026-03-16,2026-03-16,LRCX,Lam Research,True,True,2021-01-04,2026-04-30,True,,True,True,True
AIT-2026-03-003,2026-03-16,2026-03-16,MRVL,Marvell Technology,True,True,2021-01-04,2026-04-30,True,,True,True,True
AIT-2026-03-003,2026-03-16,2026-03-16,META,Meta Platforms,True,False,2021-01-04,2026-04-30,True,,True,True,True
AIT-2026-03-003,2026-03-16,2026-03-16,MCHP,Microchip Technology,True,True,2021-01-04,2026-04-30,True,,True,True,True
AIT-2026-03-003,2026-03-16,2026-03-16,MU,Micron Technology,True,True,2021-01-04,2026-04-30,True,,True,True,True
AIT-2026-03-003,2026-03-16,2026-03-16,MSFT,Microsoft,True,False,2021-01-04,2026-04-30,True,,True,True,True
AIT-2026-03-003,2026-03-16,2026-03-16,MPWR,Monolithic Power Systems,True,True,2021-01-04,2026-04-30,True,,True,True,True
AIT-2026-03-003,2026-03-16,2026-03-16,NVDA,Nvidia,True,True,2021-01-04,2026-04-30,True,,True,True,True
AIT-2026-03-003,2026-03-16,2026-03-16,NXPI,NXP Semiconductors,True,True,2021-01-04,2026-04-30,True,,True,True,True
AIT-2026-03-003,2026-03-16,2026-03-16,PLTR,Palantir Technologies,True,False,2021-01-04,2026-04-30,True,,True,True,True
AIT-2026-03-003,2026-03-16,2026-03-16,PANW,Palo Alto Networks,True,False,2021-01-04,2026-04-30,True,,True,True,True
AIT-2026-03-003,2026-03-16,2026-03-16,PDD,PDD Holdings,True,False,2021-01-04,2026-04-30,True,,True,True,True
AIT-2026-03-003,2026-03-16,2026-03-16,QCOM,Qualcomm,True,True,2021-01-04,2026-04-30,True,,True,True,True
AIT-2026-03-003,2026-03-16,2026-03-16,ROP,Roper Technologies,True,False,2021-01-04,2026-04-30,True,,True,True,True
AIT-2026-03-003,2026-03-16,2026-03-16,SNDK,Sandisk,True,False,2025-02-13,2026-04-30,True,,True,True,True
AIT-2026-03-003,2026-03-16,2026-03-16,STX,Seagate Technology,True,False,2021-01-04,2026-04-30,True,,True,True,True
AIT-2026-03-003,2026-03-16,2026-03-16,SHOP,Shopify,True,False,2021-01-04,2026-04-30,True,,True,True,True
AIT-2026-03-003,2026-03-16,2026-03-16,MSTR,MicroStrategy,True,False,2021-01-04,2026-04-30,True,,True,True,True
AIT-2026-03-003,2026-03-16,2026-03-16,SNPS,Synopsys,True,False,2021-01-04,2026-04-30,True,,True,True,True
AIT-2026-03-003,2026-03-16,2026-03-16,TXN,Texas Instruments,True,True,2021-01-04,2026-04-30,True,,True,True,True
AIT-2026-03-003,2026-03-16,2026-03-16,TRI,Thomson Reuters,True,False,2021-01-04,2026-04-30,True,,True,True,True
AIT-2026-03-003,2026-03-16,2026-03-16,WDC,Western Digital,True,False,2021-01-04,2026-04-30,True,,True,True,True
AIT-2026-03-003,2026-03-16,2026-03-16,WDAY,"Workday, Inc.",True,False,2021-01-04,2026-04-30,True,,True,True,True
AIT-2026-03-003,2026-03-16,2026-03-16,ZS,"Zscaler, Inc.",True,False,2021-01-04,2026-04-30,True,,True,True,True
AIT-2026-03-004,2026-03-26,2026-03-26,ADBE,Adobe Inc.,True,False,2021-01-04,2026-04-30,True,,True,True,True
AIT-2026-03-004,2026-03-26,2026-03-26,AMD,Advanced Micro Devices,True,True,2021-01-04,2026-04-30,True,,True,True,True
AIT-2026-03-004,2026-03-26,2026-03-26,GOOGL,Alphabet Inc. (Class A),True,False,2021-01-04,2026-04-30,True,,True,True,True
AIT-2026-03-004,2026-03-26,2026-03-26,GOOG,Alphabet Inc. (Class C),True,False,2021-01-04,2026-04-30,True,,True,True,True
AIT-2026-03-004,2026-03-26,2026-03-26,ADI,Analog Devices,True,True,2021-01-04,2026-04-30,True,,True,True,True
AIT-2026-03-004,2026-03-26,2026-03-26,AAPL,Apple Inc.,True,False,2021-01-04,2026-04-30,True,,True,True,True
AIT-2026-03-004,2026-03-26,2026-03-26,AMAT,Applied Materials,True,True,2021-01-04,2026-04-30,True,,True,True,True
AIT-2026-03-004,2026-03-26,2026-03-26,APP,AppLovin,True,False,2021-04-15,2026-04-30,True,,True,True,True
AIT-2026-03-004,2026-03-26,2026-03-26,ARM,Arm Holdings,True,False,2023-09-14,2026-04-30,True,,True,True,True
AIT-2026-03-004,2026-03-26,2026-03-26,ASML,ASML Holding,True,True,2021-01-04,2026-04-30,True,,True,True,True
AIT-2026-03-004,2026-03-26,2026-03-26,ADSK,Autodesk,True,False,2021-01-04,2026-04-30,True,,True,True,True
AIT-2026-03-004,2026-03-26,2026-03-26,AVGO,Broadcom,True,True,2021-01-04,2026-04-30,True,,True,True,True
AIT-2026-03-004,2026-03-26,2026-03-26,CDNS,Cadence Design Systems,True,False,2021-01-04,2026-04-30,True,,True,True,True
AIT-2026-03-004,2026-03-26,2026-03-26,CTSH,Cognizant Technology Solutions Corporation,True,False,2021-01-04,2026-04-30,True,,True,True,True
AIT-2026-03-004,2026-03-26,2026-03-26,CRWD,CrowdStrike,True,False,2021-01-04,2026-04-30,True,,True,True,True
AIT-2026-03-004,2026-03-26,2026-03-26,DDOG,Datadog,True,False,2021-01-04,2026-04-30,True,,True,True,True
AIT-2026-03-004,2026-03-26,2026-03-26,DASH,DoorDash,True,False,2021-01-04,2026-04-30,True,,True,True,True
AIT-2026-03-004,2026-03-26,2026-03-26,FTNT,Fortinet,True,False,2021-01-04,2026-04-30,True,,True,True,True
AIT-2026-03-004,2026-03-26,2026-03-26,INTC,Intel,True,True,2021-01-04,2026-04-30,True,,True,True,True
AIT-2026-03-004,2026-03-26,2026-03-26,INTU,Intuit,True,False,2021-01-04,2026-04-30,True,,True,True,True
AIT-2026-03-004,2026-03-26,2026-03-26,KLAC,KLA Corporation,True,True,2021-01-04,2026-04-30,True,,True,True,True
AIT-2026-03-004,2026-03-26,2026-03-26,LRCX,Lam Research,True,True,2021-01-04,2026-04-30,True,,True,True,True
AIT-2026-03-004,2026-03-26,2026-03-26,MRVL,Marvell Technology,True,True,2021-01-04,2026-04-30,True,,True,True,True
AIT-2026-03-004,2026-03-26,2026-03-26,META,Meta Platforms,True,False,2021-01-04,2026-04-30,True,,True,True,True
AIT-2026-03-004,2026-03-26,2026-03-26,MCHP,Microchip Technology,True,True,2021-01-04,2026-04-30,True,,True,True,True
AIT-2026-03-004,2026-03-26,2026-03-26,MU,Micron Technology,True,True,2021-01-04,2026-04-30,True,,True,True,True
AIT-2026-03-004,2026-03-26,2026-03-26,MSFT,Microsoft,True,False,2021-01-04,2026-04-30,True,,True,True,True
AIT-2026-03-004,2026-03-26,2026-03-26,MPWR,Monolithic Power Systems,True,True,2021-01-04,2026-04-30,True,,True,True,True
AIT-2026-03-004,2026-03-26,2026-03-26,NVDA,Nvidia,True,True,2021-01-04,2026-04-30,True,,True,True,True
AIT-2026-03-004,2026-03-26,2026-03-26,NXPI,NXP Semiconductors,True,True,2021-01-04,2026-04-30,True,,True,True,True
AIT-2026-03-004,2026-03-26,2026-03-26,PLTR,Palantir Technologies,True,False,2021-01-04,2026-04-30,True,,True,True,True
AIT-2026-03-004,2026-03-26,2026-03-26,PANW,Palo Alto Networks,True,False,2021-01-04,2026-04-30,True,,True,True,True
AIT-2026-03-004,2026-03-26,2026-03-26,PDD,PDD Holdings,True,False,2021-01-04,2026-04-30,True,,True,True,True
AIT-2026-03-004,2026-03-26,2026-03-26,QCOM,Qualcomm,True,True,2021-01-04,2026-04-30,True,,True,True,True
AIT-2026-03-004,2026-03-26,2026-03-26,ROP,Roper Technologies,True,False,2021-01-04,2026-04-30,True,,True,True,True
AIT-2026-03-004,2026-03-26,2026-03-26,SNDK,Sandisk,True,False,2025-02-13,2026-04-30,True,,True,True,True
AIT-2026-03-004,2026-03-26,2026-03-26,STX,Seagate Technology,True,False,2021-01-04,2026-04-30,True,,True,True,True
AIT-2026-03-004,2026-03-26,2026-03-26,SHOP,Shopify,True,False,2021-01-04,2026-04-30,True,,True,True,True
AIT-2026-03-004,2026-03-26,2026-03-26,MSTR,MicroStrategy,True,False,2021-01-04,2026-04-30,True,,True,True,True
AIT-2026-03-004,2026-03-26,2026-03-26,SNPS,Synopsys,True,False,2021-01-04,2026-04-30,True,,True,True,True
AIT-2026-03-004,2026-03-26,2026-03-26,TXN,Texas Instruments,True,True,2021-01-04,2026-04-30,True,,True,True,True
AIT-2026-03-004,2026-03-26,2026-03-26,TRI,Thomson Reuters,True,False,2021-01-04,2026-04-30,True,,True,True,True
AIT-2026-03-004,2026-03-26,2026-03-26,WDC,Western Digital,True,False,2021-01-04,2026-04-30,True,,True,True,True
AIT-2026-03-004,2026-03-26,2026-03-26,WDAY,"Workday, Inc.",True,False,2021-01-04,2026-04-30,True,,True,True,True
AIT-2026-03-004,2026-03-26,2026-03-26,ZS,"Zscaler, Inc.",True,False,2021-01-04,2026-04-30,True,,True,True,True
