"industry","n","n_events","coef","se","p_value","stars","r2"
"软件",1271,47,0.001727,0.001003,0.09171,"*",0.1256
"半导体和半导体设备",122,47,0.00165,0.001323,0.2186,"",0.1148
"技术硬件、存储和外围设备",94,47,0.000352,0.000749,0.6408,"",0.408
"IT服务",325,47,0.000438,0.00082,0.5956,"",0.154
"互联网服务和基础设施",188,47,0.001225,0.000505,0.01921,"**",0.1893
"互联网零售",137,47,0.000172,0.000942,0.8557,"",0.14
"其他/非IT",281,47,-0.000834,0.000722,0.254,"",0.1165
