window,n,mean,median,sd,t,p,positive_share
car_1,5030,0.0019503026898011926,0.000441165,0.05914928661427894,2.3384952989198733,0.019400545438872867,0.5077534791252485
car_2,5036,0.0006041927083876093,-0.000293182,0.06552958144710086,0.6543060657427554,0.5129445231857603,0.494241461477363
car_3,5045,2.216653815658832e-06,-0.001088369,0.07193831528543337,0.002188609072340942,0.9982538305549239,0.48662041625371655
car_5,5049,-0.000736332003123391,-0.003104576,0.09171634795670809,-0.5704657941046637,0.5683872060674082,0.47256882551000196
car_10,5053,-0.0011454321445675828,0.000926173,0.14435158073663845,-0.564056322722716,0.5727408401035606,0.5046507025529389
car_15,5053,-0.00010385502428260253,0.004315355,0.1773470178586088,-0.04162730265937596,0.9667974527038053,0.5147437166039976
car_20,5053,-0.0001391008202058182,0.004447836,0.20533401933992484,-0.048155226678797715,0.961594436191043,0.5151395210765881
