term,estimate,std.error,statistic,p.value,conf.low,conf.high,df,outcome,y_var,n,n_events,variable,variable_label,regime
upstream_hardware,0.02273765678387611,0.015839338204400918,1.4355181062778564,0.16739856297698133,-0.010414459083843534,0.055889772651595754,19,car_20,car_20,1619,20,upstream_hardware,Upstream hardware,pre_deepseek
upstream_hardware,0.02177319293874981,0.010033166066874238,2.1701218532240536,0.03615040321071866,0.0014791990360623515,0.042067186841437273,39,car_20,car_20,3137,40,upstream_hardware,Upstream hardware,post_deepseek
upstream_any,0.022703011728434065,0.013996522706072791,1.6220465757958378,0.12127000042334901,-0.006592046973448375,0.051998070430316505,19,car_20,car_20,1619,20,upstream_any,Any upstream,pre_deepseek
upstream_any,0.021913791416890843,0.009430289131050007,2.323766653637148,0.025440886319012077,0.0028392312181946405,0.040988351615587046,39,car_20,car_20,3137,40,upstream_any,Any upstream,post_deepseek
downstream_any,-0.03347807279769326,0.01305226240813465,-2.5649248958424633,0.01894898064113586,-0.060796771982368415,-0.006159373613018111,19,car_20,car_20,1619,20,downstream_any,Any downstream,pre_deepseek
downstream_any,-0.01959911631127857,0.010022213696182638,-1.955567592690992,0.05770787449251254,-0.03987095695321525,6.727243306581115e-4,39,car_20,car_20,3137,40,downstream_any,Any downstream,post_deepseek
downstream_deployer,-0.031421429430374334,0.010070731317005702,-3.1200742469730356,0.005637010120962804,-0.052499712322350345,-0.010343146538398323,19,car_20,car_20,1619,20,downstream_deployer,Downstream deployer,pre_deepseek
downstream_deployer,-0.011054419915214506,0.004780505862636672,-2.31239543112232,0.02612289623718485,-0.020723905716752204,-0.0013849341136768084,39,car_20,car_20,3137,40,downstream_deployer,Downstream deployer,post_deepseek
