"ind_group","n","events","mean_car20","sd_car20"
"软件",1330,47,-0.0128029703165414,0.245003967378126
"其他/非IT",752,47,-0.00598152734175532,0.121046634551116
"半导体和半导体设备",606,47,0.020196412189769,0.132993324480241
"技术硬件、存储和外围设备",348,47,0.014366510408046,0.150374043050976
"IT服务",325,47,-0.00406331970461538,0.119166703748723
"互联网服务和基础设施",235,47,-0.00134542128297873,0.124410531507941
"互联网零售",184,47,-0.0106481404565217,0.125996107885969
